1S/H3N.H2O/h1H3;1H2,1S/C4H12N2/c5-3-1-2-4-6/h1-6H2,1S/C5H14N2/c6-4-2-1-3-5-7/h1-7H2,1S/C4H6O2/c5-4-2-1-3-6-4/h1-3H2,"1S/C6H10O2/c1-2-5-3-4-6(7)8-5/h5H,2-4H2,1H3","1S/C8H14O2/c1-2-3-4-7-5-6-8(9)10-7/h7H,2-6H2,1H3","1S/C10H18O2/c1-2-3-4-5-6-9-7-8-10(11)12-9/h9H,2-8H2,1H3","1S/C10H18O2/c1-2-3-4-6-9-7-5-8-10(11)12-9/h9H,2-8H2,1H3","1S/CH2O2/c2-1-3/h1H,(H,2,3)","1S/C2H4O2/c1-2(3)4/h1H3,(H,3,4)","1S/C3H6O2/c1-2-3(4)5/h2H2,1H3,(H,4,5)","1S/C4H8O2/c1-2-3-4(5)6/h2-3H2,1H3,(H,5,6)","1S/C5H10O2/c1-2-3-4-5(6)7/h2-4H2,1H3,(H,6,7)","1S/C6H12O2/c1-2-3-4-5-6(7)8/h2-5H2,1H3,(H,7,8)","1S/C7H14O2/c1-2-3-4-5-6-7(8)9/h2-6H2,1H3,(H,8,9)","1S/C8H16O2/c1-2-3-4-5-6-7-8(9)10/h2-7H2,1H3,(H,9,10)","1S/C9H18O2/c1-2-3-4-5-6-7-8-9(10)11/h2-8H2,1H3,(H,10,11)","1S/C18H32O2/c1-2-3-4-5-6-7-8-9-10-11-12-13-14-15-16-17-18(19)20/h6-7,9-10H,2-5,8,11-17H2,1H3,(H,19,20)/b7-6-,10-9-","1S/C4H8O2/c1-3(2)4(5)6/h3H,1-2H3,(H,5,6)","1S/C5H10O2/c1-4(2)3-5(6)7/h4H,3H2,1-2H3,(H,6,7)","1S/C3H4O3/c1-2(4)3(5)6/h1H3,(H,5,6)","1S/C8H16O2/c1-3-5-6-7(4-2)8(9)10/h7H,3-6H2,1-2H3,(H,9,10)","1S/C3H6O3/c1-2(4)3(5)6/h2,4H,1H3,(H,5,6)","1S/C4H10OS/c1-6-4-2-3-5/h5H,2-4H2,1H3",1S/C2H6S/c1-3-2/h1-2H3,"1S/C10H16/c1-8(2)10-6-4-9(3)5-7-10/h4H,5-7H2,1-3H3","1S/C10H16/c1-7-4-5-8-6-9(7)10(8,2)3/h4,8-9H,5-6H2,1-3H3","1S/C10H16/c1-7-4-5-8-6-9(7)10(8,2)3/h8-9H,1,4-6H2,2-3H3","1S/C10H16/c1-7-4-5-8-9(6-7)10(8,2)3/h4,8-9H,5-6H2,1-3H3/t8-,9+/m1/s1","1S/C10H16/c1-8(2)10-6-4-9(3)5-7-10/h4,10H,1,5-7H2,2-3H3","1S/C15H24/c1-13-7-5-8-14(2)10-12-15(3,4)11-6-9-13/h6-7,10-11H,5,8-9,12H2,1-4H3/b11-6+,13-7+,14-10+","1S/C10H16/c1-5-10(4)8-6-7-9(2)3/h5,7H,1,4,6,8H2,2-3H3","1S/C15H24/c1-11-6-5-7-12(2)13-10-15(3,4)14(13)9-8-11/h6,13-14H,2,5,7-10H2,1,3-4H3/b11-6+/t13-,14-/m1/s1","1S/C10H14/c1-8(2)10-6-4-9(3)5-7-10/h4-8H,1-3H3","1S/C12H20O2/c1-10(2)6-5-7-11(3)8-9-14-12(4)13/h6,8H,5,7,9H2,1-4H3/b11-8+","1S/C10H18O/c1-8-4-6-9(7-5-8)10(2,3)11/h4,9,11H,5-7H2,1-3H3","1S/C10H18O/c1-9(2)5-4-6-10(3)7-8-11/h5,7,11H,4,6,8H2,1-3H3/b10-7+","1S/C10H18O/c1-9(2)5-4-6-10(3)7-8-11/h5,7,11H,4,6,8H2,1-3H3/b10-7-","1S/C10H18O/c1-5-10(4,11)8-6-7-9(2)3/h5,7,11H,1,6,8H2,2-4H3","1S/C10H20O/c1-9(2)5-4-6-10(3)7-8-11/h5,10-11H,4,6-8H2,1-3H3","1S/C10H18O2/c1-5-10(4)7-6-8(12-10)9(2,3)11/h5,8,11H,1,6-7H2,2-4H3/t8-,10+/m0/s1","1S/C2H4O/c1-2-3/h2H,1H3","1S/C3H6O/c1-2-3-4/h3H,2H2,1H3","1S/C4H8O/c1-2-3-4-5/h4H,2-3H2,1H3","1S/C5H10O/c1-2-3-4-5-6/h5H,2-4H2,1H3","1S/C6H12O/c1-2-3-4-5-6-7/h6H,2-5H2,1H3","1S/C6H10O/c1-2-3-4-5-6-7/h4-6H,2-3H2,1H3/b5-4+",1S/C5H4O2/c6-4-5-2-1-3-7-5/h1-4H,"1S/C3H4O/c1-2-3-4/h2-3H,1H2",1S/C3H6O/c1-3(2)4/h1-2H3,"1S/C4H8O/c1-3-4(2)5/h3H2,1-2H3","1S/C5H10O/c1-3-4-5(2)6/h3-4H2,1-2H3","1S/C7H14O/c1-3-4-5-6-7(2)8/h3-6H2,1-2H3","1S/C8H14O/c1-7(2)5-4-6-8(3)9/h5H,4,6H2,1-3H3",1S/C4H6O2/c1-3(5)4(2)6/h1-2H3,"1S/C8H10O/c9-7-6-8-4-2-1-3-5-8/h1-5,9H,6-7H2","1S/C7H8O/c8-6-7-4-2-1-3-5-7/h1-5,8H,6H2","1S/C8H8O3/c1-11-8(10)6-4-2-3-5-7(6)9/h2-5,9H,1H3","1S/C8H8O2/c1-10-8(9)7-5-3-2-4-6-7/h2-6H,1H3","1S/C9H10O2/c1-2-11-9(10)8-6-4-3-5-7-8/h3-7H,2H2,1H3","1S/C10H12O2/c1-9(11)12-8-7-10-5-3-2-4-6-10/h2-6H,7-8H2,1H3",1S/C7H6O/c8-6-7-4-2-1-3-5-7/h1-6H,"1S/C8H8O/c9-7-6-8-4-2-1-3-5-8/h1-5,7H,6H2","1S/C8H8O/c1-7(9)8-5-3-2-4-6-8/h2-6H,1H3","1S/C11H12O2/c1-2-13-11(12)9-8-10-6-4-3-5-7-10/h3-9H,2H2,1H3/b9-8+","1S/C7H8O/c1-6-4-2-3-5-7(6)8/h2-5,8H,1H3","1S/C9H12O2/c1-3-7-4-5-8(10)9(6-7)11-2/h4-6,10H,3H2,1-2H3","1S/C10H12O2/c1-3-4-8-5-6-9(11)10(7-8)12-2/h3,5-7,11H,1,4H2,2H3","1S/CH4O/c1-2/h2H,1H3","1S/C2H6O/c1-2-3/h3H,2H2,1H3","1S/C3H8O/c1-2-3-4/h4H,2-3H2,1H3","1S/C4H10O/c1-2-3-4-5/h5H,2-4H2,1H3","1S/C5H12O/c1-2-3-4-5-6/h6H,2-5H2,1H3","1S/C6H14O/c1-2-3-4-5-6-7/h7H,2-6H2,1H3","1S/C8H18O/c1-2-3-4-5-6-7-8-9/h9H,2-8H2,1H3","1S/C5H12O/c1-3-4-5(2)6/h5-6H,3-4H2,1-2H3","1S/C5H12O/c1-5(2)3-4-6/h5-6H,3-4H2,1-2H3","1S/C5H10O/c1-5(2)3-4-6/h3,6H,4H2,1-2H3","1S/C5H10O/c1-3-5(6)4-2/h3,5-6H,1,4H2,2H3","1S/C8H16O/c1-3-5-6-7-8(9)4-2/h4,8-9H,2-3,5-7H2,1H3","1S/C6H12O/c1-2-3-4-5-6-7/h4-5,7H,2-3,6H2,1H3/b5-4+","1S/C6H12O/c1-2-3-4-5-6-7/h4-5,7H,2-3,6H2,1H3/b5-4-","1S/C6H12O/c1-2-3-4-5-6-7/h3-4,7H,2,5-6H2,1H3/b4-3+","1S/C6H12O/c1-2-3-4-5-6-7/h3-4,7H,2,5-6H2,1H3/b4-3-","1S/C3H8O3/c4-1-3(6)2-5/h3-6H,1-2H2","1S/C4H10O2/c1-3(5)4(2)6/h3-6H,1-2H3",1S/C3H6O2/c1-3(4)5-2/h1-2H3,"1S/C4H8O2/c1-3-6-4(2)5/h3H2,1-2H3","1S/C5H10O2/c1-3-4-7-5(2)6/h3-4H2,1-2H3","1S/C6H12O2/c1-3-4-5-8-6(2)7/h3-5H2,1-2H3","1S/C7H14O2/c1-3-4-5-6-9-7(2)8/h3-6H2,1-2H3","1S/C8H16O2/c1-3-4-5-6-7-10-8(2)9/h3-7H2,1-2H3","1S/C6H12O2/c1-5(2)4-8-6(3)7/h5H,4H2,1-3H3","1S/C7H14O2/c1-6(2)4-5-9-7(3)8/h6H,4-5H2,1-3H3","1S/C8H14O2/c1-3-4-5-6-7-10-8(2)9/h5-6H,3-4,7H2,1-2H3/b6-5+","1S/C5H10O2/c1-3-4-5(6)7-2/h3-4H2,1-2H3","1S/C6H12O2/c1-3-5-6(7)8-4-2/h3-5H2,1-2H3","1S/C10H20O2/c1-3-5-6-7-9-12-10(11)8-4-2/h3-9H2,1-2H3","1S/C6H12O3/c1-3-9-6(8)4-5(2)7/h5,7H,3-4H2,1-2H3","1S/C5H10O2/c1-3-5(6)7-4-2/h3-4H2,1-2H3","1S/C3H6O2/c1-2-5-3-4/h3H,2H2,1H3","1S/C7H14O2/c1-3-4-5-6-7(8)9-2/h3-6H2,1-2H3","1S/C8H16O2/c1-3-5-6-7-8(9)10-4-2/h3-7H2,1-2H3","1S/C12H24O2/c1-3-5-7-9-11-14-12(13)10-8-6-4-2/h3-11H2,1-2H3","1S/C9H18O2/c1-3-4-5-6-7-8-9(10)11-2/h3-8H2,1-2H3","1S/C10H20O2/c1-3-5-6-7-8-9-10(11)12-4-2/h3-9H2,1-2H3","1S/C12H24O2/c1-3-5-6-7-8-9-10-11-12(13)14-4-2/h3-11H2,1-2H3","1S/C6H10O2/c1-3-5-6(7)8-4-2/h3,5H,4H2,1-2H3/b5-3+","1S/C5H10O3/c1-3-8-5(7)4(2)6/h4,6H,3H2,1-2H3","1S/C8H14O4/c1-3-11-7(9)5-6-8(10)12-4-2/h3-6H2,1-2H3"
0.0,1.968335883857928,1.9868319648604285,1.9047329823587758,1.9435568390459415,1.9549659084185411,1.9548680945883312,1.9503140236030263,1.66023973592529,1.8911362134771807,1.9312992012042942,1.9244647557277808,1.9360609979487302,1.9416185168579023,1.9415726716804733,1.9419968312891578,1.9463786713304685,1.9750771709417867,1.9980985634304942,2.0052031419238343,2.0013440539035074,2.0216245658119565,1.9829930407674177,1.92741707325289,1.775524771032296,2.0034599179216452,2.004746830338438,2.0042381165214853,1.9240128967686296,2.0117586321203835,1.9967241655779329,2.013526485996693,2.0119712824158085,1.9811334212230514,2.01593819881885,1.9533712697731873,1.9648596906944538,1.9648425943096104,1.9684521431013233,1.9773997655160083,1.8849049897298862,1.6330951685613448,1.721679986313575,1.807015016020074,1.8518651172151857,1.8692437938347084,1.8532792679992585,1.7635818093478561,1.68818978552073,1.776390355848858,1.8522760182056204,1.8725749035766242,1.902893731058137,1.9718461367227196,1.9377822412381207,1.8883009291086614,1.8825548310103897,2.006688374147824,1.9915290658884668,1.9896272623638116,1.9512761976394406,1.8974579386171706,1.898346742147818,1.9424879781664155,1.9628217911194916,1.9634853104524175,1.9424224572250142,1.9373715156811366,1.311499054626942,1.637033665576161,1.679643120631185,1.7842113180078516,1.8353082639807763,1.8602647276927518,1.8897804822232322,1.8267576020414082,1.8867414360778227,1.8666257725347604,1.8274778429357605,1.8687320867710164,1.8557671224667767,1.8557670349951092,1.855767676506926,1.8557660890716543,1.8573208522184583,1.909035003029651,1.9167510464824897,1.9135738765100294,1.9235870278052956,1.927991414534671,1.9312280575964451,1.9338514109342322,2.0091121937462892,2.0048595860961935,1.9327536801166965,1.9404918979480916,1.9427893633109576,1.9513488440409905,1.9772377503696288,1.9404917940899997,1.8291774923558335,1.943946999870914,1.945252745150518,1.9610963118627074,1.9498418338780161,1.9513516098397978,1.9610950339465512,1.9337303532636456,1.9977760581469308,1.972715949886715
1.968335883857928,0.0,0.42324909868443367,1.4901875349918248,1.6273035372111793,1.6562157404969757,1.6929054664859928,1.6820386354351142,1.5015862779905311,1.324890193826322,1.2286518478996356,1.162152283500641,1.1842287463852024,1.2365819989829452,1.2859719792954434,1.3231404033079526,1.3695577184133938,1.6386230496668783,1.2939094524082857,1.2657685243631083,1.3479134838816422,1.4334622929516645,1.3673255070330719,0.6950067965753675,1.4318524648778206,1.5741636093837599,1.7850987982241628,1.7874963425451236,1.7411597403993968,1.5799552589595232,1.709942858442775,1.3709368824890498,1.8204987634139602,1.5921838792222318,1.5768739822138842,1.673578330313939,1.3770939389332155,1.3771070888904686,1.5730607711412288,1.3737709156323776,1.812635445380396,1.379962699735687,1.064456342297437,0.8102817539695024,0.583249220073276,0.6611516557609383,0.7165968583114447,1.5592232236479906,1.1258904843406279,1.1466457396345733,1.0352524798706346,0.957597497235802,1.0974073072544877,1.2863571608564592,1.166075841750393,1.3739488712824932,1.3430372169460774,1.6684853642766908,1.5618330246516883,1.588868694383418,1.5913685437839904,1.3764713333157814,1.3986008174847382,1.5018842612673076,1.6382545939773239,1.5207459602036961,1.6630115115078323,1.6797204071612524,1.7616743356461189,1.344459114273323,1.0362629995679007,0.8216923626553759,0.6494183761958521,0.7173627233299007,0.9921800982714482,1.0100498440978947,0.8767368389276127,0.9537347201162824,1.092950019810317,1.2579465765757496,0.7657824318609882,0.7657814982488149,0.7657815944174551,0.7657813315601569,1.0232972274068133,1.1976319402897988,1.2648598409778973,1.1969016999255413,1.1899807385989831,1.2437669200471755,1.2920834543838084,1.3285051880395482,1.3173068179286478,1.3548999325995295,1.323596310846995,1.2518513904268698,1.2965348622003106,1.4532288678185163,1.4339918730005128,1.2518513397727704,0.998277532871705,1.3361894740920062,1.3654753297617896,1.5241045016644197,1.4069672522277283,1.4532317121182237,1.5241058411976263,1.3225263670194212,1.4537965452728825,1.4951708004788715
1.9868319648604285,0.42324909868443367,0.0,1.4224430612888808,1.5631032385418957,1.5843930833880968,1.6214206992029683,1.6103677435812604,1.5719165490064173,1.3323125356773033,1.2003091034500333,1.1041807319925452,1.0929549197786592,1.1248133029286342,1.1611742932638631,1.1914088801407499,1.2364313499013624,1.5267500668659069,1.2646166314063392,1.1916501995842288,1.332001274766119,1.3431095512535218,1.344349215471511,0.7656010763677015,1.5700380618531402,1.4825866817684754,1.7572678815955018,1.7598936138728443,1.6919965247342483,1.490930405419831,1.6242279602623553,1.2225119164188956,1.7806620673139155,1.5087895243848488,1.4730483335734268,1.6140099648048418,1.230159846999782,1.2301809266402053,1.4884471651882847,1.2304289465095777,1.7737836755359884,1.4800978581353181,1.183286963509097,0.9322414114159643,0.6560311467606732,0.5217078041585218,0.5262045772209004,1.4852029586949493,1.2038657129981676,1.2287971070594126,1.0787964116345365,0.9497996238618986,0.9797175902841778,1.1567702533551112,1.1759640760598042,1.2476570313657842,1.2251304858449525,1.6082516308777608,1.4814304312894717,1.5080307308392837,1.5006260765100334,1.2741403483482234,1.284788942257602,1.4244429620331562,1.5474413475054816,1.4595121220388216,1.5949049403316928,1.6073087502782346,1.8031975531963857,1.4323432525828965,1.1394197834808957,0.9108600954141542,0.677573927702776,0.5799057721666865,0.7503771305191723,0.976432808135909,0.8405669588504832,0.8686255986477401,1.03258562453974,1.102613549447766,0.5941141529530913,0.5941118381989358,0.5941129843359104,0.5941130453237181,0.9991111178776433,1.1860120216645882,1.235431264253756,1.13926977898586,1.0950633460973922,1.130436871358128,1.165576986725334,1.1944394905664608,1.2225553104594842,1.2437343198488675,1.1746844287113587,1.1661268704450511,1.1945296513518326,1.3329529385080943,1.3389564892223875,1.166126861344871,1.0552240971876925,1.2220031215952176,1.2440777501566467,1.4095933859246284,1.2834370328395632,1.3329556484784786,1.4095950585618522,1.20700010761307,1.3902183121088851,1.3947795704475128
1.9047329823587758,1.4901875349918248,1.4224430612888808,0.0,0.6888115130119955,0.8003791630567201,0.8890739478091249,1.0471865171307917,1.5564256031043606,0.8753374874975282,0.6768730092746685,0.6150139362164051,0.5860785698243767,0.5716747775630179,0.594220746657375,0.6358253475134964,0.691398834576142,1.1000256418210868,0.7560267063804168,0.6840547060981443,0.7611749386993459,0.8553310592783697,0.7316782514043072,1.3533809000067933,1.8399470889689742,1.423036493552922,1.6791115771231746,1.6636760120689815,1.5815941327184415,1.4349241291154626,1.4884800111637233,1.1745982728627136,1.6453335712692585,1.3983498161132064,1.0972244217138907,1.4773842043636063,1.0868408155772125,1.0868301129750617,1.293224592976849,1.0887889291568467,1.4701105649913115,1.5921552550200273,1.4381407124255319,1.3324130972687516,1.2543848130747264,1.181561920912419,1.1912841720441518,1.0196385523728397,1.4663215389279471,1.1839749371096684,1.0557645792059198,0.9799353241400458,0.8990618205757794,1.0230153219391858,1.028876666113564,1.1788566360529456,1.176096339313357,1.3472576766999123,1.1399304983123757,1.1603256585909918,1.0976820647649206,1.17761574925835,1.1720872917397023,1.2399306856133356,1.1673438488582346,1.3483949515119216,1.4462691360791649,1.4566550149717614,1.7796274537882892,1.5929706522989004,1.4274198518805394,1.319132323247441,1.2431219541459082,1.1748336044872598,1.1249450250856552,0.9393135979727935,0.974284251628101,0.9996943731313782,0.9788561189252886,0.9068117486128691,1.1928805138882619,1.1928790108696063,1.1928815452648862,1.1928803469760096,0.9618127289533815,1.0074540193578658,0.6941377384664159,0.6245733355432697,0.5972982382169737,0.5895951015651871,0.616430505925957,0.655642511050515,0.7188047743530567,0.7341936911683755,0.6920231980432832,0.5200952401813655,0.5174193913545208,0.7060618891192546,0.6322290532022198,0.5200954159034228,1.239068177054562,0.5548576423707161,0.6039623551440584,0.8232853032173737,0.6611004863033776,0.7060603962176456,0.8232902350173303,0.6104775520664589,0.6996310274426776,0.8118189270988868
1.9435568390459415,1.6273035372111793,1.5631032385418957,0.6888115130119955,0.0,0.21976225517539624,0.38843166467121426,0.632806155152914,1.7308537218313425,1.2538586774491705,1.091257394624515,1.0092485232558246,0.948139372718586,0.8879757251162498,0.8355322022603091,0.8102090631300045,0.7935990899287826,1.0484798490266705,0.8256514885611008,0.8157002969329299,0.8095657523391105,0.6446109235800581,0.7540233622095075,1.5202091138272138,1.9127626257562667,1.1551699378577225,1.464101615269549,1.4500459805547228,1.3214185024892713,1.165793977495487,1.2557942458280675,1.0228200008319224,1.4507191651881355,1.1317869145377812,0.8379397496514772,1.181230313591652,0.9165852975951698,0.9165471737743344,0.9930036142022008,0.9143924482745015,1.1867758313463572,1.7609991929712836,1.6511059798517755,1.5676784577695715,1.4857799178352666,1.4169678809648216,1.4165269595303367,1.0398119308263958,1.6690071948820635,1.4263512806735914,1.3032202865859905,1.2213224828421771,1.0965602293710104,0.953666675482524,1.03916344868894,1.0717492002116982,1.0944729858627231,1.0667671407719217,0.8570864309973739,0.8682184935769134,0.8210325466075394,1.0997529844711211,1.068577845648257,1.0090439204080204,0.8921652521220147,1.1287993957716056,1.1816141055642204,1.1946684904448324,1.8698471599275122,1.7498100019903466,1.6321643409077196,1.5467938844190898,1.460415730201354,1.3916688253828033,1.2872452971763604,1.1599440393366363,1.2040625899503556,1.1895424827997028,1.129979217771329,0.9542928308434707,1.393777681254724,1.3937760390052645,1.3937786132394294,1.3937770147651334,1.136275576053645,0.975946035226067,1.1106329199244303,1.0281494692517317,0.9581630187118491,0.8956765671896764,0.8446363198664365,0.8195862355951087,0.7716111697426677,0.7131986508757647,0.8410302742240792,0.8725329533302069,0.8073006439026355,0.7062319823458375,0.5085091043972791,0.872532873779347,1.5080919601194154,0.7559059666665136,0.7342143183068052,0.764273686241156,0.7165437471780002,0.7062352104875075,0.7642724461556446,0.8707302394517368,0.5533150746595414,0.5771238698463408
1.9549659084185411,1.6562157404969757,1.5843930833880968,0.8003791630567201,0.21976225517539624,0.0,0.1899366056789109,0.5031905995384749,1.7531848817073679,1.3154288140425798,1.163151609923392,1.084000269704416,1.0110991832303742,0.9401875391198425,0.8713281331109948,0.8263956482954405,0.781240992256156,0.9436640441787812,0.9032754281533275,0.8748593610923174,0.9048084595696254,0.6248299323971123,0.8617692397983036,1.5549846101037885,1.925924731331725,1.0788894632093518,1.3900142623663236,1.3732834725708045,1.2396843357013974,1.0890427340230817,1.1463604073292861,0.9933723371880334,1.3636580959559361,1.0628282581576791,0.7023617898672625,1.0926525883317553,0.8665151852374138,0.8664664704458149,0.9102047901923264,0.8651910485418024,1.1001273733547594,1.7853079795931917,1.6842174015051736,1.6059509939769738,1.5254945818836252,1.4492532834591887,1.443310604875379,1.0959644515169087,1.6929311950415673,1.4868113158190035,1.3752763780335975,1.2944079774436499,1.1503242529942734,0.9615593888764101,1.116008964395817,1.055508069107256,1.094214957569991,0.977579309066866,0.7905428487896512,0.7841771680177582,0.7250349893122324,1.1010173972064314,1.0539216827698565,0.9815019065311,0.7778247887954589,1.1099672308887876,1.1011991750194332,1.106447695309686,1.8839897292142096,1.7727611577134812,1.6652804354634232,1.5852939323930086,1.5006847990663055,1.4250153989396142,1.2980971740064642,1.239464775559902,1.2740260612876004,1.2445819318850555,1.2016364883112636,0.9877998378798618,1.421961580696865,1.4219599374786054,1.4219625065536847,1.4219608712649459,1.2170714776339586,1.0565756105359163,1.183701678015743,1.1054208255774258,1.0217118196805581,0.9489090948833327,0.88119442839892,0.836642179372499,0.8180786634044631,0.7362173525691835,0.8500479142861901,0.9420200578926403,0.8660107032611339,0.6690436856076035,0.5643846811632018,0.9420199888832835,1.5466840232933794,0.7963236032832229,0.7531931605273602,0.6872664712563483,0.7056253438395936,0.6690477209970884,0.6872632348985925,0.9257781897326305,0.6386781370435363,0.4978529532162531
1.9548680945883312,1.6929054664859928,1.6214206992029683,0.8890739478091249,0.38843166467121426,0.1899366056789109,0.0,0.42029410243635973,1.7535555814018073,1.3513335781892593,1.217923607011566,1.149650386174716,1.076535709221241,1.0063865073329268,0.9352888920037145,0.8831503366826667,0.8220203657088858,0.8744983364895171,0.9785061553386829,0.9497940138751143,0.9933448535009777,0.6885434356227987,0.9503723665990365,1.5873120412789292,1.9280222837351242,1.071496099346086,1.3445877016689718,1.3229418017593693,1.199175644804358,1.0805590921717978,1.0834320841604426,1.0464717172896933,1.3010890373218669,1.0541310796046086,0.6402514662422163,1.0508234827558025,0.902104509822275,0.9020495244076627,0.8960970554719327,0.8997562443363674,1.038306177376637,1.7955027093907294,1.70848778864252,1.6386860134884573,1.565949451485941,1.4908266067427662,1.4831795927210742,1.1732820090447182,1.7122684413625597,1.534775848532476,1.4405766078701563,1.3676032389619943,1.2257482851022348,1.0386909692976813,1.2021148878659706,1.0852497152916427,1.1311436190808593,0.9205692924090265,0.786573815688854,0.760784618725556,0.6886828416345371,1.1406699851723752,1.0870383138589976,1.0115408776839465,0.7168387319283719,1.1266440862033351,1.0578488345069075,1.0549202867929928,1.878013139126398,1.7788021108204024,1.6862927998609483,1.6149325333541877,1.5384147454580852,1.4637969239654944,1.32967110515438,1.3111064737765767,1.3408831739786864,1.3091727701493054,1.2736311346135605,1.0574401325969243,1.4593580861613633,1.4593565608845667,1.4593590240756709,1.4593573678357799,1.2899172169540953,1.1379380466031752,1.2352711744163525,1.1683758657343601,1.0851002462654056,1.012425037916288,0.942070007667638,0.8905617527857795,0.8921695317894627,0.8117145219256774,0.9021501305311375,1.0105959120105388,0.935248793037871,0.692344371422543,0.6723007594442612,1.0105958294233914,1.5717599416636743,0.8632479842482879,0.8128683462011179,0.6647757519677676,0.7494810393949374,0.6923487430479282,0.664770761397273,0.9885558969610385,0.7353265628749229,0.5146125586814063
1.9503140236030263,1.6820386354351142,1.6103677435812604,1.0471865171307917,0.632806155152914,0.5031905995384749,0.42029410243635973,0.0,1.7421974606403683,1.3957384105451445,1.2809513141928774,1.213773880184715,1.1382780168545554,1.0611131580133633,0.9845315393248169,0.9295003179850304,0.8718188930990832,0.932578319872038,1.0316053498285864,1.0106254343848056,1.072433727670414,0.7109127511415477,1.013971029554021,1.5745009046649956,1.881924756338079,0.9460072018625266,1.2917331545470585,1.270091807921237,1.1348511366592484,0.9604549386095248,1.0542428949532,1.0618073953453426,1.294714961401117,0.8521069080524287,0.6280558210120887,0.9542687530171229,0.9119821755028311,0.9119177189474318,0.8855981233278813,0.9039868809151089,1.0923351462614348,1.7917751482586062,1.7226754060162854,1.6520745858727337,1.5772883059081269,1.5041436184774462,1.5078011536157525,1.230887033290318,1.7364914442501356,1.5714456313157394,1.480684872043865,1.408864338500654,1.2583271132177518,1.088636633002521,1.239501091565812,0.9282752008646078,0.979907669993028,0.6214229731583863,0.5320911297227494,0.4843188009771456,0.4077141668199314,1.0008510414968521,0.9438635202217925,0.8418612934564155,0.44368337186671025,0.8970524296781845,0.7975353810631125,0.8060080813185865,1.85823333459451,1.7724349735456388,1.704088258235876,1.6289707532521107,1.5482205122070434,1.4729918908826207,1.310037192228666,1.3548245501367024,1.3716638710658424,1.378886966658457,1.3284575269256935,1.086709755885743,1.476337953727385,1.4763364591001316,1.4763388289179549,1.4763371868645314,1.3191743934882918,1.1689756739306192,1.2768665831253552,1.2109486730514045,1.1283510940457766,1.0440220344983784,0.9654142599811062,0.910769276683427,0.9019290720792258,0.8284215292236297,0.9307038843442657,1.0727258170459282,0.9865109970515592,0.7312848828397304,0.7396552098951211,1.0727255760320968,1.5854097832278518,0.9068523469672737,0.8525836291588587,0.6787112814464268,0.7902210132690427,0.7312906909921613,0.6787040161009317,1.007663873814192,0.7693452428326673,0.5350837783868033
1.66023973592529,1.5015862779905311,1.5719165490064173,1.5564256031043606,1.7308537218313425,1.7531848817073679,1.7535555814018073,1.7421974606403683,0.0,1.1506721292266278,1.3330453467434473,1.4011856784430923,1.4517826648120673,1.5016120268119113,1.5445409174027311,1.5711859180829324,1.592653979532135,1.6846821680985125,1.5452600390209918,1.5656932887660509,1.5885410800101545,1.701449215976035,1.575293985959435,1.3326063626477567,1.0733184393309552,1.8894938549370415,1.9079736419431823,1.8889301886888292,1.9080113236075134,1.8958827304661066,1.8839896872365263,1.841469722192035,1.8891155887743545,1.8539906139456535,1.7535129821114288,1.8683466403654831,1.7691036297056177,1.7690895691603366,1.835633504404771,1.7664471612013015,1.8605243356821288,0.7453751671877821,1.0023431861999952,1.1306404187212264,1.2865600407972462,1.3892142663700275,1.4311697194814108,1.7565030444480088,1.0877266320645997,1.2799739322839618,1.4355844541062743,1.4931210655451819,1.5889387042701517,1.7643096183616223,1.6325822393073126,1.698540929036501,1.678605455479135,1.7682695559232693,1.7454795022601848,1.7487138887555882,1.7198361262254764,1.6901181566756973,1.7065369703320132,1.7800864603319508,1.7464846256604918,1.7757321094258989,1.8096486497829818,1.816100094555141,1.0985874314353017,0.7131243463842827,0.9585905802953161,1.106123456605253,1.278104381362754,1.3768802255047898,1.503945247699945,1.4744404271342595,1.4572006924083925,1.5396768810218202,1.5568472625622705,1.6601993256176055,1.4259663975457653,1.4259671931826148,1.425967060762129,1.4259660541872634,1.49572580439055,1.6145429993902076,1.3020389178931684,1.3788226656749856,1.437631072570143,1.4881158715426686,1.5352689861261022,1.5652936037216245,1.6062175640235166,1.6503519715494401,1.5872055931938596,1.470114173766614,1.5137342962980354,1.6149608216626805,1.669993342325857,1.4701140121584482,0.9584404466206728,1.5551894245598061,1.5812774214935414,1.6301315285989946,1.6033335235466941,1.6149627480652167,1.6301321817695706,1.529946670351905,1.649821100472193,1.671496492665728
1.8911362134771807,1.324890193826322,1.3323125356773033,0.8753374874975282,1.2538586774491705,1.3154288140425798,1.3513335781892593,1.3957384105451445,1.1506721292266278,0.0,0.40474454351312833,0.6072727920824368,0.7182785059480065,0.8156879085855189,0.9142398954842158,0.9837052223849031,1.0465716336828474,1.3497992956387563,0.9159835118450839,0.920786248542172,0.95519575453856,1.2024886472883254,0.9839064733947238,1.1521343557274863,1.5690965124028906,1.6513074006352708,1.795432061075293,1.7755465093766873,1.7663381832255147,1.6600355943499157,1.7040366000589144,1.4847968552742719,1.7733249571479208,1.6114737112126594,1.401621875064207,1.6904782594235381,1.4164776117312219,1.416467950097024,1.581022063002928,1.4112979925197353,1.7015758242755827,1.2112197024763087,1.0494260618645435,0.9507135197300527,0.978004419846129,1.027206568851841,1.1027022926954915,1.3772130087178625,1.1541766904938493,0.8773653610128791,0.9070831657714714,0.9501835140221759,1.0521977226224941,1.332884482264227,1.1536679976272004,1.3914673921761251,1.3677460942116686,1.5205710293951884,1.3900103417089715,1.4092602672445647,1.3773456556305748,1.353279546100917,1.3753936997919243,1.463851334586846,1.4328339885650598,1.5205272975482256,1.6264286134313726,1.6418152754415274,1.6307275485532808,1.2959379016891124,1.1334272931852793,1.0278824604790964,1.0474252962241213,1.077352642203585,1.1775986491878652,1.0347797680655015,0.9774239232342464,1.12907710430414,1.1721564887424247,1.262829682810734,1.1486174716939903,1.148617006408269,1.1486183217287902,1.1486176930066325,1.0594179550578469,1.2097316258501778,0.36549493961428553,0.5813775463414259,0.7189179363746651,0.8227464835174932,0.9251375204364635,0.9956138136821376,1.011610310927668,1.0951014606998384,1.0505526717487326,0.7446100036169078,0.8391224546063318,1.1020614008933527,1.123750297551807,0.7446099194525373,0.7830532468590805,0.9343146728533245,0.999767960838288,1.1705891291866404,1.0600858006868428,1.1020612222387167,1.170593117330373,0.9328150784402511,1.1000861336344614,1.2045084464852134
1.9312992012042942,1.2286518478996356,1.2003091034500333,0.6768730092746685,1.091257394624515,1.163151609923392,1.217923607011566,1.2809513141928774,1.3330453467434473,0.40474454351312833,0.0,0.24141208950123189,0.38241800905598705,0.521422465837575,0.6556290070042005,0.7481275024425661,0.8334252887489405,1.2447677617805877,0.6638508877957779,0.623860078973924,0.723837029703469,0.9904938353839187,0.7585446196927675,1.065676748882713,1.6409681771747393,1.5219125532791666,1.7264323729866802,1.7095365424864186,1.6801112717125053,1.5309175986513444,1.5988341842756897,1.2925199125405433,1.70676215805397,1.4950382384250391,1.2510522775596609,1.5855730664913736,1.2273304867822548,1.2273267932354897,1.4385766417036774,1.2197696969494716,1.6226900650042566,1.3593205610909977,1.1456911427320122,0.9832547092886444,0.913880702854478,0.9039320557783462,0.9719583213961989,1.2657473084075168,1.2242474023582448,0.9149453191771555,0.8078186313529947,0.7725038375714376,0.8414602083714522,1.1244497716102042,0.9655232869201554,1.256725553247961,1.2348042935214294,1.4293206579959918,1.259779015369461,1.2860168216883174,1.256922941950651,1.2289533931898562,1.2464836877788081,1.33780171259713,1.3228914165666341,1.408716434255601,1.5369397138216034,1.5536480734306075,1.7108745154911227,1.389138414658732,1.1804859293109031,1.0204714640618726,0.9586189064056087,0.9408174476041902,1.0175465162387518,0.8458867225742253,0.7644251753257277,0.9197017415589874,0.9833820842033935,1.060149772222551,1.0065862434981314,1.0065851327071902,1.0065871274099742,1.0065865199322113,0.8654079407214824,1.015530763498196,0.20245391376431993,0.2867893552888609,0.4143104959418084,0.5545916782860176,0.6838979001179527,0.7719966625170739,0.750180621161428,0.8486962597825017,0.8269683569211267,0.4288451530106378,0.5617396830812224,0.9126574402971126,0.8921457125958011,0.42884523016260745,0.8520273524837912,0.6860215222472128,0.7702771456695595,1.0161035657620054,0.8503541260148507,0.9126569766804559,1.016108618752792,0.7005229045656949,0.882951201123074,1.0222166152312087
1.9244647557277808,1.162152283500641,1.1041807319925452,0.6150139362164051,1.0092485232558246,1.084000269704416,1.149650386174716,1.213773880184715,1.4011856784430923,0.6072727920824368,0.24141208950123189,0.0,0.18956477855520756,0.36203999475878007,0.5146787471638928,0.6190297891732356,0.720003643822177,1.1947008724402641,0.5728060396853671,0.4773806578744696,0.6586000559117555,0.8784630918515078,0.6637576814035488,1.0011258350490708,1.6591125234361241,1.4294521293756013,1.6831617491230453,1.6694459557029022,1.6192092394253412,1.4392942970414944,1.5269652159509104,1.155959549838366,1.6678203266919032,1.411075394733258,1.1645269602209818,1.5109703448682765,1.0915018010368946,1.0915042476013457,1.3387771394594254,1.0827963874877216,1.5724993107241483,1.4205591483975666,1.1962198529901868,1.0121331985007356,0.8895866891258934,0.8330583596298716,0.8893132754857733,1.191831581867861,1.2610394042044526,0.9695732748383754,0.7962147072289658,0.6953795747098355,0.7203474905609535,0.991237226188442,0.8771278930243075,1.149893338252798,1.127436596877208,1.372255773309319,1.18130615866187,1.211905775334758,1.1822329004734013,1.1381292186930303,1.152651778817326,1.2529583107831073,1.254657467654237,1.3235901236944496,1.4685171764563332,1.4855812033074356,1.721106397899443,1.4130083057632987,1.1900469845154995,1.0065838974031731,0.8943694234290692,0.8380238409663572,0.8873186845558693,0.7083033912378753,0.6181711728211489,0.7736428629170695,0.8379415798392553,0.8948845022288855,0.8968458569098312,0.8968443081799172,0.8968467598613249,0.8968461186485714,0.7234847090586062,0.886279135188093,0.3343836546473548,0.18660119808263712,0.23761986374359972,0.4008768608538354,0.5429623488763285,0.6406158819535037,0.6016678555476673,0.7028937783873349,0.6839055210331534,0.2603052114328876,0.412653943194075,0.8116350143266986,0.7553536427282151,0.2603054072143821,0.8952429820354998,0.5490035686992856,0.6423131752406198,0.9378805386335635,0.7355216225143751,0.8116347792085238,0.9378858569251428,0.5484480719862856,0.7675889154611224,0.9239346906216829
1.9360609979487302,1.1842287463852024,1.0929549197786592,0.5860785698243767,0.948139372718586,1.0110991832303742,1.076535709221241,1.1382780168545554,1.4517826648120673,0.7182785059480065,0.38241800905598705,0.18956477855520756,0.0,0.18729167712027273,0.34849682729611436,0.4583085620627023,0.5673821143735993,1.0983247694935512,0.566770625145108,0.3944588732582846,0.6691220634526011,0.7729880047917939,0.6720168959250437,1.0403365327308158,1.6924008847871403,1.357306742767463,1.6440190704572049,1.630175453776641,1.5713848251834424,1.368399475940756,1.4606537836516678,1.0622543428427875,1.6253752495884353,1.3395671499898012,1.0646986962622282,1.4561278739860173,0.989248411996946,0.9892511957261171,1.2722271260319677,0.9809856631678723,1.5347320227046561,1.469918620154195,1.2563758788199313,1.0770178424382228,0.9389712889282573,0.8383747459820867,0.8812128908877382,1.155181166525509,1.304183218447995,1.0499765626253126,0.8689562845606503,0.7443579623962139,0.6695135698268456,0.903552651031327,0.8892526638661992,1.0644814488423968,1.0500966447712228,1.305904300225285,1.0969273963267412,1.1274218016169197,1.091139960902004,1.064005861207333,1.0693998600263857,1.1828396090833158,1.1655786937185248,1.2660697468823336,1.4053204329914386,1.4208405539981275,1.7476219554242953,1.461030481727956,1.2509983744930495,1.0709125743815358,0.9418110869942675,0.8454325206206529,0.8148813550776163,0.7549896209972942,0.6688383099045497,0.783624195760368,0.8514600247688126,0.8117815849723236,0.8914119902509661,0.8914100723139927,0.8914129021767202,0.8914121956771757,0.7640598778103888,0.8942153424286722,0.44533542452289193,0.2689679273307838,0.12684983927285512,0.24940921013745238,0.3856100086078914,0.4837360617556424,0.4827112903111413,0.5679903712006343,0.5263324668679829,0.14534492918292108,0.2638326540143987,0.6736594621377043,0.6463719406941661,0.1453453613275429,0.9738066322194309,0.39548533041840456,0.48959191389607104,0.8143524360426388,0.5883823737687752,0.6736587955380499,0.8143584786330913,0.4314304468851669,0.7008829386079974,0.8098020099262311
1.9416185168579023,1.2365819989829452,1.1248133029286342,0.5716747775630179,0.8879757251162498,0.9401875391198425,1.0063865073329268,1.0611131580133633,1.5016120268119113,0.8156879085855189,0.521422465837575,0.36203999475878007,0.18729167712027273,0.0,0.16835773659567577,0.2880030553053704,0.41440403037593754,1.0181663933536163,0.6091311891346703,0.40053350527673803,0.7006069702629513,0.6835161237167175,0.7131853782762203,1.1209566421629993,1.7293544602651485,1.2940530594533448,1.6138365519259878,1.599966003526765,1.530947643070732,1.3072804742122923,1.4130644947040372,0.9909549806161118,1.596350413278194,1.2680023643411862,0.9849197167733482,1.4145648253338672,0.9152238763963275,0.9152232326129647,1.229907836628785,0.9106255641400276,1.508085841166711,1.5125528888643387,1.3139262884309912,1.1472232968371794,1.0079737190131526,0.8826645810627733,0.9169742477352736,1.0964421827531836,1.3508419387182227,1.1083118703862298,0.926364902880413,0.7955361594360043,0.6270162128828765,0.8295294751486774,0.9071430875485755,0.9753780278332522,0.9694467558238763,1.2412622961218795,1.006297008691844,1.0379449768228783,0.9932931706595888,0.975122481924311,0.9726108826194901,1.1017357544561905,1.0711634786383348,1.2077401569022477,1.3445625049628793,1.3596634576108346,1.7771450528901023,1.519644837980858,1.327071061739075,1.1591829311436679,1.027517241655406,0.9104143792200937,0.8010922811989616,0.8352374287966294,0.7645326509332763,0.851647934466542,0.9066696579545729,0.7668133126103215,0.9457720846908031,0.9457698975301185,0.9457729487846644,0.945772149668592,0.8396797393366772,0.9344678459440692,0.5550258848000645,0.3939901563205828,0.2012145050423335,0.1368125400731601,0.2216329521975793,0.31779222627380294,0.4071034758891842,0.45264439356969666,0.37489772921568476,0.20115975225875546,0.15699131718365122,0.5383820752039332,0.5517342790377814,0.20115997992007703,1.0715107587649906,0.24093356015927275,0.3311961393393218,0.6967354632616589,0.44023687150416313,0.5383806857415451,0.6967421840306588,0.36218767331642776,0.659338686920512,0.7044664456860151
1.9415726716804733,1.2859719792954434,1.1611742932638631,0.594220746657375,0.8355322022603091,0.8713281331109948,0.9352888920037145,0.9845315393248169,1.5445409174027311,0.9142398954842158,0.6556290070042005,0.5146787471638928,0.34849682729611436,0.16835773659567577,0.0,0.12580724556377534,0.26806046373290215,0.9343529063473855,0.6695826315545661,0.4553678223432423,0.7488239107957868,0.6085046513269327,0.7660762440047638,1.1912583749928682,1.7589689515818725,1.2262977816265184,1.5748418923688883,1.5609936895612373,1.4817394407364322,1.2413525963813399,1.3549368836756304,0.9204272432478426,1.556754354759087,1.1955162219478217,0.8998034299437759,1.3646598135521677,0.8397987930490877,0.8397935369168354,1.1792457764850983,0.8394980925079252,1.470071400293152,1.5506863036742797,1.3664851132331588,1.2134988567495342,1.0772400757815324,0.9382119525724549,0.9608090662477092,1.050579633683501,1.3922074973503566,1.1686012659160816,0.9933396011877811,0.8626432495065331,0.6298315917126897,0.7660989824079865,0.9357173371153349,0.8983566734742525,0.9053055997737768,1.177203816255623,0.921531491614188,0.9519952083875307,0.8975667725316193,0.9041012104305473,0.8887503182485574,1.0275249283669523,0.976005128096703,1.1568890704690051,1.2817329520889795,1.295200346489773,1.7983900305481157,1.5660149743803056,1.3878868055350035,1.2329463427580187,1.1027712375803804,0.9747049551416246,0.8084622881639434,0.9114340467957801,0.8559211791816478,0.9119765904730174,0.9583783542490409,0.7381089323753506,0.9986362547198687,0.9986339315901066,0.9986370869140465,0.9986361664214819,0.9130456191326137,0.9731222587031738,0.6782776585990259,0.5351745241426069,0.3494493936981891,0.20667430412809762,0.1315152849993026,0.1747150582788749,0.3932887615807197,0.3737459227238276,0.24614751561941128,0.33609238386250134,0.2055433233138604,0.41059247104743923,0.48494856360173155,0.336092493355973,1.1560848420370344,0.1503030948279621,0.19527871364979363,0.5834166072286973,0.3023195397689732,0.41059053124404193,0.5834236729034329,0.3737026230391203,0.6458567031433095,0.6040068285333333
1.9419968312891578,1.3231404033079526,1.1914088801407499,0.6358253475134964,0.8102090631300045,0.8263956482954405,0.8831503366826667,0.9295003179850304,1.5711859180829324,0.9837052223849031,0.7481275024425661,0.6190297891732356,0.4583085620627023,0.2880030553053704,0.12580724556377534,0.0,0.150575651204247,0.8551225051016025,0.7244360067439332,0.5150624249732388,0.7985461690430737,0.5674795598349425,0.8164014106683691,1.238274058461784,1.7774885679310866,1.1756843820248224,1.5395817430904897,1.52526605109946,1.4404860368195902,1.1916751300338446,1.3009042373948403,0.8747076805321128,1.517436865211688,1.1453343669500258,0.8248191999643523,1.322784740512632,0.7846465911601834,0.7846365770605793,1.1367560194787782,0.7874727931174602,1.4346031743873386,1.5768139670652574,1.4036106557720354,1.2611858889367498,1.1295737269291168,0.9845151725705553,0.9969768297465649,1.04080100564267,1.4199988460019253,1.2192272297679114,1.0550298568726297,0.928478709097538,0.6710815076452215,0.7379251243220798,0.9739878233699576,0.8591127165286543,0.8797116452889744,1.1296581394036187,0.8672116339995914,0.8931650663519223,0.8293004262859776,0.8762850984420822,0.8468736099356264,0.9870700636009935,0.9038030901250563,1.1314734779846054,1.2350864436333278,1.245622232432772,1.8103633610741983,1.5934505646577082,1.4256079796843957,1.280682425721023,1.1541135214391853,1.0210838470831463,0.8229473309052605,0.9735193316535732,0.9268803122865258,0.9579004804049102,1.002909846309157,0.7363731661261106,1.0362462942137043,1.0362439492610214,1.0362471193441631,1.036246104254368,0.974097806544951,1.0099828096120291,0.7691914973497271,0.6394999128997544,0.45981531178553303,0.31264527970769534,0.183073218200752,0.12208780790685991,0.42616986631926285,0.3557361584815898,0.1839498318344379,0.4399933298640361,0.2999920599449939,0.3133739333935912,0.46886911494127154,0.4399934176973287,1.2099270159879865,0.18291840882623767,0.1398314337223696,0.490380338720431,0.20551689790256797,0.3133716612391379,0.4903875336788007,0.42826205706859777,0.6603956946961063,0.5309138631843507
1.9463786713304685,1.3695577184133938,1.2364313499013624,0.691398834576142,0.7935990899287826,0.781240992256156,0.8220203657088858,0.8718188930990832,1.592653979532135,1.0465716336828474,0.8334252887489405,0.720003643822177,0.5673821143735993,0.41440403037593754,0.26806046373290215,0.150575651204247,0.0,0.7391446363648804,0.7790598286551196,0.5806690767726502,0.8510226953983492,0.5383705275451116,0.8699293494631255,1.288472406464581,1.7942979532802954,1.1302352693901152,1.4929214845622576,1.4767084343024641,1.3929163756061949,1.1459931893793989,1.2307833806921105,0.8506510304292729,1.459846437282495,1.1062036877257133,0.724550966611262,1.2746605074101973,0.7420888212035924,0.742071040678847,1.089039894162999,0.7465434644423986,1.3853061620694613,1.6017820246974825,1.4419010316680703,1.3124259038604182,1.190307802614346,1.04609760599253,1.0479455542021123,1.0678698159295281,1.4477782043110463,1.2766549621194243,1.13069631881482,1.0139095264555154,0.7578246153219138,0.7439434550456913,1.0288687057950068,0.8604466957754988,0.8974141538452336,1.079154648848083,0.8259264050237556,0.8413291691744642,0.7667882933230322,0.8933769146096546,0.8473598071106778,0.9731322812862923,0.8296167175434856,1.1275687850893479,1.191218541418482,1.1964432843961874,1.820717860397377,1.6168160565025416,1.4610941396195152,1.3287537467909174,1.2105248013044496,1.077906229383882,0.863515115069721,1.049635028436941,1.0099167945770806,1.0140973811807337,1.0627111436984438,0.7736651299243589,1.0843103210306946,1.0843080591537464,1.0843111618326688,1.084310038917699,1.049384027390628,1.0580934566488822,0.8582801610279185,0.7462936901106446,0.5756757650104678,0.44067851551091747,0.31101066913163317,0.21087752909995858,0.4915309991777377,0.38766066334709026,0.2292465411974673,0.5454450567436848,0.41355579382314117,0.21091124087371063,0.49038605618377656,0.5454451516367823,1.2600391974532352,0.2879724988891117,0.19560924940903496,0.37218081194722064,0.1434736422163254,0.21090875207828053,0.3721881111106573,0.5230357291066361,0.6924310843450301,0.4523468450772382
1.9750771709417867,1.6386230496668783,1.5267500668659069,1.1000256418210868,1.0484798490266705,0.9436640441787812,0.8744983364895171,0.932578319872038,1.6846821680985125,1.3497992956387563,1.2447677617805877,1.1947008724402641,1.0983247694935512,1.0181663933536163,0.9343529063473855,0.8551225051016025,0.7391446363648804,0.0,1.2014007933325175,1.0899138936856465,1.256558144595174,0.9391989351672887,1.2674691211466398,1.5586382275420012,1.8913818787547578,1.1930566673327268,1.3726575753011725,1.3411846746763878,1.3007407352254177,1.2021768274906148,1.0154340023364326,1.1187567493806736,1.2358370865098494,1.2080964741483726,0.6429960529097605,1.223106759622571,0.9648373093296416,0.9647952410820225,1.1082990519127622,0.9749004530626401,1.235831072024067,1.7184111714168364,1.625182433358437,1.5591024692495423,1.491805030307275,1.3763369096431068,1.3473772592536846,1.3548443284282305,1.5868754069491395,1.5560483042058557,1.4958850262230148,1.4274246209898798,1.2464147119555475,1.1227379172046719,1.4063984607852926,1.1667897324573289,1.2333598026721633,1.1011281306782514,1.031729505951303,0.9894019062348963,0.8864986632308034,1.2359288218789954,1.1621706170971926,1.2182146981798725,0.8450321058514227,1.353166639045611,1.2028143464272474,1.170155557380102,1.8632008176104788,1.7213300111773824,1.6248032462856294,1.557411652815301,1.4927680011652906,1.3866724559167465,1.1949181885812241,1.4260788811244902,1.4123221164018323,1.3504126649187445,1.405626376093609,1.1607821184702074,1.3691902315942215,1.3691887353352328,1.3691911208541616,1.3691896770934988,1.433464791768255,1.4012812857298764,1.2713732584508213,1.2246409908311169,1.1127128251689302,1.0381848272726661,0.9575756064223201,0.8798155528818028,1.056928187874065,0.9725196254585446,0.8628194605041254,1.0828651164232534,1.010892710397632,0.6820184636662896,0.9978619913482022,1.0828651936928626,1.4929805622467545,0.9336534132482666,0.861861899775277,0.5469252234167099,0.763945275580936,0.6820202591483931,0.546921551989942,1.0688301144000338,1.125184379250041,0.7439521980405274
1.9980985634304942,1.2939094524082857,1.2646166314063392,0.7560267063804168,0.8256514885611008,0.9032754281533275,0.9785061553386829,1.0316053498285864,1.5452600390209918,0.9159835118450839,0.6638508877957779,0.5728060396853671,0.566770625145108,0.6091311891346703,0.6695826315545661,0.7244360067439332,0.7790598286551196,1.2014007933325175,0.0,0.2834042078012506,0.259409412254683,0.6142821559258973,0.26379691276649225,1.1541744404463647,1.7042060947120463,1.2766796698957492,1.53920344068147,1.5241879638540166,1.482513178111621,1.281995314609694,1.4155058445716495,1.069922234983976,1.5485583671003456,1.2606584662602025,1.0101541679660544,1.3419715977632665,1.001783554493815,1.0017709704596267,1.1685821043006608,0.9770993261527674,1.4342855840492832,1.5682218842734414,1.4008594129897998,1.2573847005145413,1.1480540067517464,1.1199076901573009,1.1636090774058676,1.2595982811797215,1.4629513855567406,1.1596217092380636,0.9933102247852394,0.9012037630068898,0.8981719493372241,0.9329976283654433,0.7095691084900888,1.113616260395033,1.0986205392212345,1.1795417364749519,0.9895628344089911,1.0271716640338255,1.0411422728591673,1.104477913995274,1.1134762317816373,1.1076111732782865,1.1247684572758703,1.1595022881657675,1.3222106052839555,1.3502810522781237,1.8133095136445825,1.5540209081507488,1.3907682863745163,1.2460491674904919,1.1331630727131126,1.095650048844701,1.094287979988975,0.8876602172555331,0.8265822451341358,0.9373262431281415,0.9477091083225814,0.9700433319435983,1.1349708551894262,1.1349692298918348,1.1349717008182842,1.1349704665477105,0.8274835825199047,0.6988194187746527,0.7323222208666504,0.6400527218892949,0.6098256641289197,0.6453851469939963,0.6987244534135388,0.749799860374412,0.4461400988031966,0.5695354773664736,0.8026901698190898,0.5192739907415056,0.5681710063265857,0.8032761759806486,0.5915675048648867,0.5192737977631336,1.1761485628752912,0.634229726287772,0.6924569360473297,0.9107144918604203,0.7498076670393004,0.803278863673757,0.9107169856064947,0.7262625648566812,0.4604126717838102,0.7595441891391953
2.0052031419238343,1.2657685243631083,1.1916501995842288,0.6840547060981443,0.8157002969329299,0.8748593610923174,0.9497940138751143,1.0106254343848056,1.5656932887660509,0.920786248542172,0.623860078973924,0.4773806578744696,0.3944588732582846,0.40053350527673803,0.4553678223432423,0.5150624249732388,0.5806690767726502,1.0899138936856465,0.2834042078012506,0.0,0.4422238459332885,0.5219882519390633,0.4504876477057226,1.1366600734584156,1.740461739694882,1.23868787368764,1.549492659775011,1.5350813612938072,1.4787241800897013,1.2466744957916938,1.3719287101687239,0.9627546524411956,1.5437186106986882,1.2303440765885738,0.9228057652580977,1.3369562977113625,0.8846266129955921,0.8846204262972702,1.1368825705465924,0.8623408298578251,1.444297512309812,1.583777027811751,1.3994851165764215,1.2406248384889837,1.1068664238933064,1.0302862783666802,1.0644242199199643,1.2115871640810207,1.4454540934914921,1.1812065217854193,0.996584190703924,0.8714359956602101,0.7858293684948668,0.8232493409388457,0.7792932662522473,1.0349708370692847,1.029562472996996,1.1758638692558936,0.9550147179398946,0.9908783704556803,0.9843007500824534,1.0426319392786003,1.0397286949684892,1.0802691455653155,1.0677984787721848,1.1594933695779974,1.3074466268203226,1.3292487515664246,1.828965955608708,1.5675077109404292,1.388213264689363,1.228126886962801,1.0943980926556802,1.0134393629600094,0.9586090333554509,0.8626500979727371,0.7877032904971725,0.869367489362357,0.9122172400494213,0.8471002865214907,1.0455358140287718,1.0455338196434372,1.0455366828667234,1.0455355575723067,0.8225032180969355,0.7696264727671739,0.6973665346300499,0.5589637153469261,0.4501271601873255,0.4575099337050181,0.5006637768901517,0.5513640690967783,0.2685343904198129,0.38483929911327047,0.5988224192202526,0.3533641554446688,0.3746434332889746,0.6362193005619866,0.4736130052322681,0.3533641314972486,1.1590755708622198,0.43533794437455803,0.49669219150169147,0.7715954347636912,0.5646158398426637,0.6362211619592986,0.7715995326026354,0.5660833200986717,0.4654565762794934,0.6496289034485129
2.0013440539035074,1.3479134838816422,1.332001274766119,0.7611749386993459,0.8095657523391105,0.9048084595696254,0.9933448535009777,1.072433727670414,1.5885410800101545,0.95519575453856,0.723837029703469,0.6586000559117555,0.6691220634526011,0.7006069702629513,0.7488239107957868,0.7985461690430737,0.8510226953983492,1.256558144595174,0.259409412254683,0.4422238459332885,0.0,0.6654409577541672,0.3599718571415813,1.2604056788705584,1.7419147043741716,1.3066840548531702,1.5435251390736844,1.5298972209415829,1.4900633885370385,1.3114789934926734,1.457356819403301,1.1025643912865417,1.5620778507634039,1.2890287497500528,1.079274520156929,1.3747749363333976,1.0661554880213613,1.0661404851040577,1.2203538208398788,1.0497258108246867,1.4391872273323671,1.579098169762033,1.4096525604568892,1.2810585123470541,1.1850715228481903,1.1714537983370215,1.2138068965210647,1.2069525303021575,1.4707580972058032,1.1100600464145294,0.938465399317473,0.8670730896723172,0.8840540500482911,0.9175878383798259,0.5982899215379262,1.1694725924968732,1.1562885115200352,1.229027460493409,1.029224116939871,1.0694685035922553,1.0905923600210414,1.130062343169299,1.1418041859137704,1.1109414850528596,1.170695422882737,1.2070370632200231,1.368026348265931,1.3975298947385213,1.8556616554932897,1.6129662099132487,1.4456580196496225,1.317690661560805,1.217570667328994,1.1916296514649447,1.2023969290055398,0.9501892943351444,0.9064445422936237,0.9943473844882122,1.0099662114598824,1.0473294835632858,1.2264991112034815,1.2264973830499761,1.2264998652644958,1.2264986235996567,0.9037205329953205,0.7531271974670595,0.802594793767645,0.7347592576008528,0.7220642873827922,0.7503462005354614,0.7928514923902436,0.8374394453079196,0.5898182160024096,0.670006095895454,0.8932572843925434,0.6382299832691024,0.6764266985811354,0.88398413134199,0.6580997911774211,0.6382299082111789,1.2543199153953637,0.7279073462775758,0.7781023642051497,0.9893968278016377,0.8316487107377378,0.8839865244268854,0.9893989654286128,0.8497861018585624,0.55858724068373,0.828157976949423
2.0216245658119565,1.4334622929516645,1.3431095512535218,0.8553310592783697,0.6446109235800581,0.6248299323971123,0.6885434356227987,0.7109127511415477,1.701449215976035,1.2024886472883254,0.9904938353839187,0.8784630918515078,0.7729880047917939,0.6835161237167175,0.6085046513269327,0.5674795598349425,0.5383705275451116,0.9391989351672887,0.6142821559258973,0.5219882519390633,0.6654409577541672,0.0,0.6971774050313987,1.3631205105773159,1.8273495527400967,0.9547525855234678,1.3633005271024154,1.3490454942151298,1.2619524586465787,0.9642582619692788,1.1530530956641136,0.7644264747874265,1.373541719316261,0.9400809745297865,0.6042708315616226,1.1021119352950202,0.6773786897561221,0.6773388088796529,0.9126711773630211,0.6571835172921544,1.2721246403749231,1.7049584168254028,1.5625376961825688,1.4421136842648872,1.3235419688446757,1.2311011679188606,1.243640425840748,1.1585300946480503,1.5847474586410155,1.3630803285832342,1.2050878048821534,1.0925229418774325,0.9060346471779432,0.6877181565440796,0.876669851681335,0.8731098423811307,0.9083774656860811,0.8923752088040031,0.6088317137255307,0.6423457717994835,0.6597965630332848,0.8970870371883004,0.855232595363203,0.8085781138790621,0.7462645859703101,0.9601264660520005,1.0567260206716758,1.080139424069882,1.9046611165170904,1.7131119599634828,1.5751261546401316,1.4523288820949898,1.3305646195304632,1.236561684611128,1.0884310252564804,1.11505596048525,1.0809244651605345,1.0931711345242558,1.1080217280559213,0.8861995778759515,1.2455226690485348,1.245520515421663,1.2455234393851407,1.2455220182620632,1.0732029817520852,0.9119332549695083,1.0315618700052565,0.9231389372246354,0.7981798784911591,0.7130531994256416,0.6394063669305716,0.5983455866098876,0.4319867228374995,0.32142837277266895,0.6310463768069031,0.7252460549649414,0.6374677271233833,0.5089010054929065,0.36888914657940464,0.7252459554953713,1.4077797950483861,0.5613013096171545,0.5201099488318626,0.5968406746452497,0.4926923446819958,0.5089062927058149,0.5968401552786836,0.7635337125604736,0.47076531970458524,0.3126733396442003
1.9829930407674177,1.3673255070330719,1.344349215471511,0.7316782514043072,0.7540233622095075,0.8617692397983036,0.9503723665990365,1.013971029554021,1.575293985959435,0.9839064733947238,0.7585446196927675,0.6637576814035488,0.6720168959250437,0.7131853782762203,0.7660762440047638,0.8164014106683691,0.8699293494631255,1.2674691211466398,0.26379691276649225,0.4504876477057226,0.3599718571415813,0.6971774050313987,0.0,1.1983343743036297,1.7393474915336478,1.3026758157958216,1.5750418279935081,1.562282201213013,1.4969468255110563,1.3086390554951282,1.442743195352856,1.111093689136472,1.5874854920325074,1.2847899829245018,1.0609203220841839,1.343887558098513,1.031840412882417,1.0318276125670978,1.1584459175956705,1.0072156641954013,1.422152790387966,1.617433151997005,1.4659045410596143,1.3350071630646518,1.233376142408687,1.2094083235409578,1.2446933741229695,1.2469183404751933,1.528927685217948,1.220378151819275,1.0586353908722597,0.9674130074489167,0.981695867327487,1.0006427192057736,0.7582884172439595,1.1375379682854443,1.1163254908744775,1.2083289074522132,1.025380939346767,1.0625899567330792,1.069076447783564,1.1432951782297858,1.1549930506389345,1.1365511267296502,1.1572197163049018,1.1580865930263888,1.3333976569454513,1.362264336232642,1.800876463008349,1.5699305687913079,1.417417098229157,1.2841161890491821,1.1767474025763178,1.1472109492964357,1.1510354104699978,0.8523291657484812,0.8421945823472053,0.9510760825372822,0.8963457608632593,0.9498123041914501,1.1819337038855473,1.1819322792722093,1.1819346291231914,1.1819332375722222,0.7796490813965217,0.6003528538732648,0.800315427485166,0.7005740127298467,0.6926200209096239,0.7250833197955601,0.7747288962346967,0.8246114186858218,0.5424967017598671,0.6518409468700982,0.8676639474382417,0.5992555304106331,0.6433005823588094,0.8666918791464301,0.5912924159000359,0.5992552644943762,1.2331080464342208,0.7054544399380598,0.7630922268759642,0.9719192279783135,0.8198416703776868,0.8666948937648834,0.971921063476386,0.7448163987381834,0.395273339397538,0.8067827039975516
1.92741707325289,0.6950067965753675,0.7656010763677015,1.3533809000067933,1.5202091138272138,1.5549846101037885,1.5873120412789292,1.5745009046649956,1.3326063626477567,1.1521343557274863,1.065676748882713,1.0011258350490708,1.0403365327308158,1.1209566421629993,1.1912583749928682,1.238274058461784,1.288472406464581,1.5586382275420012,1.1541744404463647,1.1366600734584156,1.2604056788705584,1.3631205105773159,1.1983343743036297,0.0,1.3846228928380035,1.5782210866123172,1.7934686379045757,1.7888747679350632,1.740247132037923,1.5844599034216202,1.6674256795183733,1.3947699387387247,1.8032748740436384,1.5865243128133375,1.4918758847801195,1.6286303686118297,1.3348548509631992,1.33486609115428,1.4977055310749163,1.320344049641551,1.7520164662077562,1.3803689960202172,1.1485631575061204,0.925519277629882,0.7750703946926345,0.8160925048535694,0.8653806084804267,1.5808130070802096,1.232377588134225,1.230080083619798,1.139578677730963,1.0583610152123204,1.1819950833044062,1.3527936096059674,1.2241442853105169,1.3475543785326958,1.3099316927860698,1.5961417732601377,1.505714685693536,1.5281894537498228,1.5168533369505242,1.3915080481112025,1.4118435545413375,1.513104956776801,1.5698681362439895,1.4697970245604506,1.6090028873319129,1.623725959443966,1.5861095990400285,1.1064199362045664,0.8289327444707323,0.5356926421176414,0.3493866827135025,0.5075603363561008,0.8665055959925017,0.8180186995288508,0.6987171650775852,0.8618159757853957,0.9186453595730645,1.145173236207342,0.6056055493851261,0.6056071412222149,0.6056057605359205,0.6056052433132328,0.8098435731185122,1.0525563532828592,1.0782103490272799,1.0081170331967142,1.02590200237858,1.1056719754740256,1.1768346139818704,1.2259675509303074,1.1885324877167145,1.2565038659018914,1.2208005869999647,1.085054123982075,1.1527219316573325,1.3459631255885272,1.320518523546592,1.085053969534622,0.7136555157888764,1.2145652983556225,1.2567618587020946,1.4146586177026317,1.3035740355639633,1.345965945742213,1.4146602928128449,1.1369377450338893,1.30432398781422,1.39648628531786
1.775524771032296,1.4318524648778206,1.5700380618531402,1.8399470889689742,1.9127626257562667,1.925924731331725,1.9280222837351242,1.881924756338079,1.0733184393309552,1.5690965124028906,1.6409681771747393,1.6591125234361241,1.6924008847871403,1.7293544602651485,1.7589689515818725,1.7774885679310866,1.7942979532802954,1.8913818787547578,1.7042060947120463,1.740461739694882,1.7419147043741716,1.8273495527400967,1.7393474915336478,1.3846228928380035,0.0,1.8849013957451461,1.8647213219077206,1.8554473978789012,1.8879538230951307,1.8882150787795373,1.9270674049263117,1.8980916309985878,1.905808385086078,1.8566163731953587,1.8758865099099251,1.8644587469978935,1.8501838442680052,1.8501693541261677,1.8809609727158574,1.845544953533877,1.9245015280898243,1.0414635218250063,1.2121849625917782,1.2993486836485115,1.4016318431310746,1.5240200365038914,1.5663736019102017,1.9121918496857193,1.2972958853422303,1.4783645535285246,1.5858516410628998,1.626812478771336,1.7276943192989256,1.8440427819367098,1.6836567329749237,1.7576066788555074,1.7345698513280623,1.8159017108829167,1.82634187183672,1.8333491814413179,1.833666075746708,1.748492644532295,1.7692471487163581,1.8102863279210741,1.858015726860014,1.772625231451342,1.8164358417351698,1.8300036658168188,1.3568337894832512,1.0325824289271743,1.2041786165804385,1.3049936065291776,1.4074693516768866,1.517156756133684,1.6429767020408457,1.628378130754382,1.5966583522167905,1.6716956112469232,1.688916781165489,1.7974661282530384,1.5579077833651993,1.5579082424737951,1.5579081055973028,1.55790688082477,1.6238693205492138,1.6812195788317161,1.6333076619397222,1.6549258473072224,1.684093298275833,1.719456916742474,1.7512005349190953,1.7723818552332544,1.770543187338891,1.806225897904076,1.7880260451543828,1.7138135101697032,1.7441030449984507,1.8186979704382897,1.8385257194772782,1.7138133184058821,1.3178921473992322,1.7710530080303433,1.7882844852267084,1.8357435949695304,1.8054184383250091,1.8187011495461032,1.835742998754225,1.7630429827671104,1.8129808363557223,1.8310453568438074
2.0034599179216452,1.5741636093837599,1.4825866817684754,1.423036493552922,1.1551699378577225,1.0788894632093518,1.071496099346086,0.9460072018625266,1.8894938549370415,1.6513074006352708,1.5219125532791666,1.4294521293756013,1.357306742767463,1.2940530594533448,1.2262977816265184,1.1756843820248224,1.1302352693901152,1.1930566673327268,1.2766796698957492,1.23868787368764,1.3066840548531702,0.9547525855234678,1.3026758157958216,1.5782210866123172,1.8849013957451461,0.0,1.0183595620704557,1.0426168172674766,0.7395277205318559,0.050910201354552015,0.7896281696954207,0.7484306832249624,1.1524374292328499,0.3835593116209587,0.834143344871885,0.5753182698086043,0.7269202586116709,0.726858764855039,0.6592251267443037,0.7336401552805235,1.1054678179733626,1.8671815685695812,1.7658707128682454,1.682401374923791,1.5754016310897223,1.4858865450277052,1.4690547880611224,1.3340765537218533,1.7597213737458353,1.6568763891072227,1.5427752269822552,1.44714996594314,1.283845901269028,0.9410013337484973,1.240434954472826,0.8494461929489183,0.9343181115592362,0.8069528668162632,0.7783718608339866,0.767969526310188,0.8197631021221438,0.9688374678205799,0.8809793066479961,0.7081324674002569,0.8146395188248914,0.8062244946116518,0.629764275095025,0.6313693091029573,1.9688772831336738,1.8555088649093616,1.7568688269009403,1.6750663397732808,1.5636420219082354,1.4754597483109584,1.3007894107235638,1.4306604805698573,1.4276995137747546,1.380134810527774,1.3727758837030162,1.1260138582948105,1.4568033614811116,1.4568014083071323,1.4568038827725773,1.4568021054718077,1.3949313072280027,1.2210001633988519,1.5428720730116792,1.4536313538792702,1.3606241579579421,1.2945511718653797,1.2250474422177058,1.173788691800365,1.164149601654465,1.0773141680943796,1.1564949547275751,1.3419239463824357,1.278438881106094,1.1014660152599294,1.0897265375191825,1.341923815394256,1.696531374748658,1.2109408917748905,1.161415214937028,1.0988322756411288,1.118126470556509,1.1014724374044687,1.098826843341852,1.3011885620584598,1.1643223311801565,0.9559697773138369
2.004746830338438,1.7850987982241628,1.7572678815955018,1.6791115771231746,1.464101615269549,1.3900142623663236,1.3445877016689718,1.2917331545470585,1.9079736419431823,1.795432061075293,1.7264323729866802,1.6831617491230453,1.6440190704572049,1.6138365519259878,1.5748418923688883,1.5395817430904897,1.4929214845622576,1.3726575753011725,1.53920344068147,1.549492659775011,1.5435251390736844,1.3633005271024154,1.5750418279935081,1.7934686379045757,1.8647213219077206,1.0183595620704557,0.0,0.11642954935916328,0.5341861253520537,0.9960433287182262,0.8723532654292722,1.3605877689518289,0.5127146967337781,1.1153195799589104,1.1910637523959036,0.7917594087620937,1.317027427477691,1.316978544663755,1.0991675991294172,1.3183359644377886,0.8843543849446351,1.8737636801844326,1.832320022411431,1.8090556430046445,1.7641777702517616,1.729353689937516,1.7128945083912521,1.6550900072106873,1.8050563033690195,1.7751573073400437,1.7424311723300163,1.7045287746726066,1.6287080511735614,1.408471053249818,1.5123167756788787,1.4448869694023798,1.495347585065448,1.1208166698040216,1.2713600870984012,1.2376712581221025,1.276132272721435,1.480246583111341,1.4281305171261187,1.283336446270696,1.2332227322400902,1.3632418570717875,1.0764484767823497,1.05270349566963,1.986128718560421,1.9027040411174234,1.8513820232302387,1.828796288127777,1.7779481067388236,1.740858896888381,1.6637456439744474,1.724684241753265,1.7210317533761024,1.66204848331098,1.6879331260045036,1.5886309161094707,1.725669849247712,1.7256685898099116,1.7256704070122035,1.7256686383918052,1.7044095523633782,1.54674534068209,1.758579436895963,1.7186000672102617,1.6610902609078282,1.6294631137602011,1.590450050492424,1.555848008364551,1.5455293319337375,1.4983120382598267,1.5557748421150943,1.6381123324815259,1.607926376663752,1.4688485220610599,1.5010825041348914,1.638112257759039,1.8342723488488661,1.569681196742636,1.5362025119248937,1.4327349773308253,1.4954710989694435,1.4688537731180717,1.4327298718044152,1.6633423033520063,1.5250701618008742,1.3496038376668908
2.0042381165214853,1.7874963425451236,1.7598936138728443,1.6636760120689815,1.4500459805547228,1.3732834725708045,1.3229418017593693,1.270091807921237,1.8889301886888292,1.7755465093766873,1.7095365424864186,1.6694459557029022,1.630175453776641,1.599966003526765,1.5609936895612373,1.52526605109946,1.4767084343024641,1.3411846746763878,1.5241879638540166,1.5350813612938072,1.5298972209415829,1.3490454942151298,1.562282201213013,1.7888747679350632,1.8554473978789012,1.0426168172674766,0.11642954935916328,0.0,0.591155340199564,1.0216874123464383,0.8705490442333642,1.3722778458394884,0.45808506021425516,1.12749499745675,1.167955251712134,0.8144671564702859,1.3213270243029196,1.3212772519017109,1.1086364809167588,1.3215515664763828,0.8761466892643409,1.8599112081250417,1.8226673785708793,1.8011581100584035,1.7593859091214967,1.725453007639082,1.7104436456938392,1.6580241168401424,1.795721303283014,1.7671885024518696,1.7382609114765344,1.702571142167869,1.626709596321729,1.4144044035522767,1.5139917358978001,1.4475296445766561,1.497931565205689,1.0973767469712816,1.2582681079999745,1.2217019943662748,1.2585969392168745,1.481307485306227,1.429367677933815,1.288257011142419,1.2125876429897309,1.3676837907017219,1.0755940054843314,1.050859716045431,1.9754299704908942,1.8908210343087004,1.8434154725073812,1.8218112198967555,1.7738316968762426,1.7372849679602191,1.6598520467702438,1.723743659326476,1.7185591537746097,1.6627317445761856,1.6898804042384856,1.5903637965214579,1.7235161506187116,1.7235149208784557,1.7235167280023405,1.7235149744977454,1.7036504576278113,1.548736829548233,1.7416136671144513,1.7047779976654296,1.6475952401509328,1.6159834064059162,1.5770474266096144,1.542075169104943,1.5321810468954502,1.4860284560904036,1.5437137764298416,1.6233191171682317,1.5931408892477823,1.4499633364453492,1.4895281092529173,1.6233190415636487,1.8210206531127189,1.5549838544323729,1.521167513526164,1.4090488958849394,1.4788346352319575,1.4499685475695294,1.4090437009727308,1.6508563240728844,1.5114517810818477,1.330407215702658
1.9240128967686296,1.7411597403993968,1.6919965247342483,1.5815941327184415,1.3214185024892713,1.2396843357013974,1.199175644804358,1.1348511366592484,1.9080113236075134,1.7663381832255147,1.6801112717125053,1.6192092394253412,1.5713848251834424,1.530947643070732,1.4817394407364322,1.4404860368195902,1.3929163756061949,1.3007407352254177,1.482513178111621,1.4787241800897013,1.4900633885370385,1.2619524586465787,1.4969468255110563,1.740247132037923,1.8879538230951307,0.7395277205318559,0.5341861253520537,0.591155340199564,0.0,0.71844674656512,0.6745645780562155,1.1683009539116878,0.7420908977010461,0.88366433611069,1.0704320243862016,0.47213887625004425,1.1236169228839163,1.1235640412842642,0.8485676015921033,1.1317809103857497,0.7399336014644369,1.884292132468108,1.8267106133131905,1.7887262493046292,1.7254381115411657,1.6706974418278486,1.6466768814124302,1.494249455399653,1.801877199450461,1.7489030143744138,1.6904699202640319,1.633772033268425,1.5331331505240156,1.2691102825530316,1.4417053532002633,1.2667659326672476,1.3270294987848605,1.0199754185893852,1.1353567778988947,1.1020303493857528,1.1273455316314929,1.333891539254558,1.2701161026764498,1.1127008377675818,1.085706968852898,1.1907214121259269,0.8692346044026695,0.8322631316388588,1.94080842905054,1.8821286481880084,1.8182783393771451,1.7845471661535608,1.7171905942495156,1.6637227238607828,1.557139275381473,1.6193176610718374,1.6327961147722105,1.562029943084786,1.5628720658663304,1.4180273544365594,1.6416848621993396,1.641683453481875,1.6416854413626456,1.6416835868440258,1.5982164117222317,1.4316646920055098,1.705651844332669,1.6481593669147245,1.582030231269516,1.5393405911061395,1.4898454467137119,1.4489045103180362,1.4521385276795535,1.3899009529828539,1.438772339994763,1.559150500159156,1.5179758208140781,1.3591706902383327,1.3732352184734724,1.5591504158197678,1.8050790475156804,1.4695074124588878,1.4300481182040838,1.3295567395868875,1.3867145374524832,1.359176285106517,1.3295511749626119,1.5531810225544114,1.415784002183548,1.2313549110363309
2.0117586321203835,1.5799552589595232,1.490930405419831,1.4349241291154626,1.165793977495487,1.0890427340230817,1.0805590921717978,0.9604549386095248,1.8958827304661066,1.6600355943499157,1.5309175986513444,1.4392942970414944,1.368399475940756,1.3072804742122923,1.2413525963813399,1.1916751300338446,1.1459931893793989,1.2021768274906148,1.281995314609694,1.2466744957916938,1.3114789934926734,0.9642582619692788,1.3086390554951282,1.5844599034216202,1.8882150787795373,0.050910201354552015,0.9960433287182262,1.0216874123464383,0.71844674656512,0.0,0.7744833045793577,0.7610132689537487,1.1344231138501868,0.4183123316920098,0.8386012371211627,0.5510367907638563,0.739519702457782,0.7394586316748655,0.6474210059578167,0.7444348082511968,1.0925910531269247,1.873426334848298,1.7723630956702616,1.6896718816651948,1.583628109900316,1.4962236879085642,1.4788889776414316,1.3535613670477904,1.7656341816537304,1.664682698471946,1.5519794413204948,1.4574049071757536,1.2990965609482625,0.9534303631423723,1.2454403031111212,0.8837612517756825,0.9658629686389975,0.8173331823416953,0.8003459128123649,0.7888190731164414,0.8432628460114034,0.9992437953759327,0.9139317139421704,0.73779975130142,0.8366564199025782,0.8312786904501108,0.6472118416893458,0.6475271536563073,1.9755029857817237,1.8606725020843295,1.762224257189487,1.6816099674367313,1.5711631164065303,1.4848985137365984,1.3158472332363191,1.4402564663474424,1.4368350646258388,1.386545856033819,1.3815704253264354,1.1435537598357048,1.4657646830326323,1.4657627497808945,1.4657652055823835,1.4657634186509032,1.4042625154564472,1.2252362601205096,1.553570001865113,1.465290112674824,1.3732061924356491,1.3093658188925046,1.2417365968085117,1.1914629140929087,1.1767622372487414,1.0916831332205679,1.1744596660761435,1.3534912723639625,1.292144629403659,1.1176534945673304,1.1040278401734993,1.3534911463865282,1.7036778677778748,1.2264204202087483,1.1778340344082598,1.1142129041104665,1.1345700984548657,1.1176599251731285,1.1142074755070153,1.3174919367608344,1.175046009298755,0.9690923503509368
1.9967241655779329,1.709942858442775,1.6242279602623553,1.4884800111637233,1.2557942458280675,1.1463604073292861,1.0834320841604426,1.0542428949532,1.8839896872365263,1.7040366000589144,1.5988341842756897,1.5269652159509104,1.4606537836516678,1.4130644947040372,1.3549368836756304,1.3009042373948403,1.2307833806921105,1.0154340023364326,1.4155058445716495,1.3719287101687239,1.457356819403301,1.1530530956641136,1.442743195352856,1.6674256795183733,1.9270674049263117,0.7896281696954207,0.8723532654292722,0.8705490442333642,0.6745645780562155,0.7744833045793577,0.0,1.049889951508417,0.7526816047121417,0.9798066773923211,0.7799001120077058,0.573439979036889,0.9205889540583344,0.9205338744175917,0.6489111609520357,0.9243536928494831,0.7866138790362663,1.8961969172712143,1.8184057725556841,1.7611757558356156,1.6838063660622895,1.5980040510474005,1.5589571233290525,1.5283580318746053,1.7823862379939557,1.7660627845095962,1.6965402658494644,1.6210792026459673,1.4931300768001452,1.2138746065589798,1.4808074677154355,1.236298075475142,1.3102127064686948,1.026185332789823,1.114752285044777,1.0673889592213464,1.0476601861644537,1.3539130013511014,1.2745864710527628,1.2003422705943685,0.9911807828985081,1.2655338000751584,0.9427354351885859,0.8756802147886106,1.9364447456199978,1.8432482966926529,1.7665506940321463,1.7189832774261984,1.6422053329738822,1.5604825500022599,1.411861666440208,1.5611019870453333,1.5679707814396926,1.4690343150734748,1.4922444097598178,1.290959169632374,1.5261730846747124,1.5261716804355736,1.526173797317641,1.5261719047736688,1.5461597045816227,1.4080416517322365,1.6300716243509736,1.561972641859055,1.4737837226808037,1.4243330434139883,1.364992428626839,1.3105253334325369,1.3431611818568698,1.267510640580053,1.2825841540976817,1.4469658290864291,1.3995421500892586,1.1838436543744126,1.264758227600806,1.4469657984293913,1.7312117671077305,1.3423562489168048,1.2911402119509219,1.1284283229564103,1.2280901469260028,1.1838494409243465,1.1284220996193306,1.4275584353750017,1.3350796098908204,1.0691961573866184
2.013526485996693,1.3709368824890498,1.2225119164188956,1.1745982728627136,1.0228200008319224,0.9933723371880334,1.0464717172896933,1.0618073953453426,1.841469722192035,1.4847968552742719,1.2925199125405433,1.155959549838366,1.0622543428427875,0.9909549806161118,0.9204272432478426,0.8747076805321128,0.8506510304292729,1.1187567493806736,1.069922234983976,0.9627546524411956,1.1025643912865417,0.7644264747874265,1.111093689136472,1.3947699387387247,1.8980916309985878,0.7484306832249624,1.3605877689518289,1.3722778458394884,1.1683009539116878,0.7610132689537487,1.049889951508417,0.0,1.3911842480413426,0.8907150731664872,0.8382270792921805,1.0306755930754894,0.3077133713241722,0.30773382542413985,0.7771024535372456,0.3509881951443286,1.2937218344298647,1.8047713407632564,1.6347766535509085,1.5069882161563464,1.3519268199728145,1.2101963999581593,1.1700674549953203,1.131905104123157,1.6239284383370536,1.4871310215948177,1.3089878924952212,1.1571182753510976,0.932313683101947,0.4369244340441674,1.0097140128533741,0.8267018040210155,0.8897132867355073,1.1468632469118079,0.9346851370259807,0.9584502167705106,0.9556384636532174,0.9378116920695292,0.8634408193839973,0.8743752654306187,1.0000887712689925,1.044559696645411,1.1080775817572839,1.1121182790953097,1.962106084244727,1.785610656139204,1.6153459603732963,1.4931049903363625,1.3389107983966972,1.2067330828844143,1.0131734393986753,1.1372103577558486,1.1276447687677142,1.0154199826166095,1.0567774939643864,0.731258411390951,1.1709549463906066,1.1709521640187872,1.1709554187881617,1.1709537505553467,1.1190988048200372,0.9952795470767879,1.3355941779527338,1.2048328246093016,1.08014962623823,1.0119923604561194,0.9406816801107115,0.89215448541268,0.9082390523662566,0.7965277990247189,0.8416196444684486,1.065449231447523,1.001654508719467,0.8894935442746424,0.8313754143033989,1.0654492729589988,1.530170323830243,0.9341942197736125,0.8893255706953216,0.9638281789580669,0.8674355016447759,0.8894986691539583,0.963826658685583,1.0350309779673592,0.98650315939409,0.8222847912314164
2.0119712824158085,1.8204987634139602,1.7806620673139155,1.6453335712692585,1.4507191651881355,1.3636580959559361,1.3010890373218669,1.294714961401117,1.8891155887743545,1.7733249571479208,1.70676215805397,1.6678203266919032,1.6253752495884353,1.596350413278194,1.556754354759087,1.517436865211688,1.459846437282495,1.2358370865098494,1.5485583671003456,1.5437186106986882,1.5620778507634039,1.373541719316261,1.5874854920325074,1.8032748740436384,1.905808385086078,1.1524374292328499,0.5127146967337781,0.45808506021425516,0.7420908977010461,1.1344231138501868,0.7526816047121417,1.3911842480413426,0.0,1.2617031876958018,1.1259166457553413,0.9018791101564232,1.315950796684203,1.3159033354628349,1.1012767434292277,1.3179283384512115,0.7715722070069615,1.8770041482079396,1.8351478562383865,1.8156205947939095,1.7764483816926377,1.7319755318370482,1.7050152085323755,1.6854617687797075,1.7920107346870482,1.7966880251110224,1.7723184342961154,1.7334800664731846,1.6534351020936144,1.4423986157047657,1.5803395668276405,1.5142302926374027,1.5681219049079036,1.2100115564810885,1.3423282285030775,1.30035119503543,1.3072063573508574,1.5643275911670713,1.506899869433509,1.4074471270780466,1.2540932526363013,1.4928359599832604,1.204611726854639,1.1632910722718917,1.9702142729956127,1.8845555531230305,1.833278196758619,1.8186959499906858,1.7770951874693561,1.733646247135285,1.6539055312457183,1.7342679250157733,1.7332467151375162,1.6527165058949025,1.6928125997882144,1.5877076196641546,1.7118175760115468,1.7118164403481004,1.7118182260933792,1.711816444001234,1.7233140992252194,1.5872676027576655,1.7442580493048045,1.7084340751413045,1.6465799226633149,1.6167412224905127,1.5771756258522347,1.538398229899942,1.5508235330200484,1.5006511814588024,1.5326731762181458,1.6196529662523995,1.5913907384925194,1.4303619397706016,1.5003464648224107,1.6196529426665445,1.8149223702373238,1.5530058467194894,1.5162122216143994,1.377498279591167,1.4666325954426445,1.4303668656100041,1.3774930955090343,1.6491219799659538,1.5355818392395557,1.3266502991960125
1.9811334212230514,1.5921838792222318,1.5087895243848488,1.3983498161132064,1.1317869145377812,1.0628282581576791,1.0541310796046086,0.8521069080524287,1.8539906139456535,1.6114737112126594,1.4950382384250391,1.411075394733258,1.3395671499898012,1.2680023643411862,1.1955162219478217,1.1453343669500258,1.1062036877257133,1.2080964741483726,1.2606584662602025,1.2303440765885738,1.2890287497500528,0.9400809745297865,1.2847899829245018,1.5865243128133375,1.8566163731953587,0.3835593116209587,1.1153195799589104,1.12749499745675,0.88366433611069,0.4183123316920098,0.9798066773923211,0.8907150731664872,1.2617031876958018,0.0,0.8877339638410308,0.7535157391665008,0.8579977220421474,0.857935367169408,0.8653819208895346,0.8634975337104954,1.2123600467065017,1.8346774120302143,1.7488730227899867,1.669461650273371,1.5701659920062137,1.4883050572175476,1.4887276026259182,1.2867884559086502,1.755960924239051,1.627426999707478,1.5185593675272908,1.432867212831747,1.2604134955399948,0.9985591869209473,1.2367753017269485,0.6964203771029563,0.78265150436542,0.6289469512092514,0.5834997041936774,0.5803779525297225,0.6566651891419011,0.7864997651868828,0.7003604473631794,0.4702513382267631,0.663708454970507,0.5710094178892702,0.4391422485525639,0.49041008773696126,1.946417075914235,1.846352690255654,1.763342771378764,1.6803029048856608,1.574665527496223,1.4920750131557874,1.3074564527016124,1.441001992319771,1.4349337677888467,1.4326311630271127,1.406586725645321,1.1544620356358786,1.4878228724671272,1.487820977855737,1.487823398178431,1.4878217365164053,1.4008617486672768,1.248121062504444,1.5004285149505205,1.4187301679584698,1.3319208767634168,1.2559482748853066,1.181600424997829,1.1313697276041035,1.1284911284833155,1.0479210504353687,1.1306048882216078,1.3171882664364616,1.243968480662704,1.0667950298236646,1.0614953929756346,1.317188054323682,1.6844819088343914,1.171546884074674,1.1222356776165094,1.0607405272155854,1.0831925869064074,1.0668012941770253,1.0607349008913358,1.2598923722175117,1.1247623766787493,0.9286874791650763
2.01593819881885,1.5768739822138842,1.4730483335734268,1.0972244217138907,0.8379397496514772,0.7023617898672625,0.6402514662422163,0.6280558210120887,1.7535129821114288,1.401621875064207,1.2510522775596609,1.1645269602209818,1.0646986962622282,0.9849197167733482,0.8998034299437759,0.8248191999643523,0.724550966611262,0.6429960529097605,1.0101541679660544,0.9228057652580977,1.079274520156929,0.6042708315616226,1.0609203220841839,1.4918758847801195,1.8758865099099251,0.834143344871885,1.1910637523959036,1.167955251712134,1.0704320243862016,0.8386012371211627,0.7799001120077058,0.8382270792921805,1.1259166457553413,0.8877339638410308,0.0,0.8805587139293704,0.6434795260017946,0.643411237806764,0.7030940748549664,0.628237787345055,1.0587027617151004,1.784383539673696,1.6795664759842976,1.5901757449294527,1.4943380855525377,1.39065881818787,1.3731763524748308,1.3265289779283618,1.6697269761597329,1.5690696268009956,1.4665810898133822,1.3739783516914463,1.1979442818396058,0.9332365737807545,1.2289493268525054,0.976307173787649,1.0505349723548565,0.7802089072298166,0.7046098719301923,0.6580645752529459,0.6099860024359282,1.082819360451451,1.0018465938001122,0.9588887314769302,0.5916049313452892,1.0631719438653189,0.9099494370266301,0.8884391838331057,1.8997806023897914,1.7521146237789402,1.650689489433668,1.5617795295162469,1.4641416668424074,1.3615181265722784,1.1705830937717512,1.3297657154077474,1.3170540412524976,1.2648020521839451,1.2867831037418356,1.0177135315372747,1.346727016947535,1.346725268239827,1.3467278714188766,1.3467262193546512,1.3051725790282225,1.1700616284124705,1.2826705437889208,1.1998023145048036,1.0796326431494148,0.999687626450557,0.9136016821002685,0.8384492270918004,0.8558617039312129,0.74961711029164,0.822874621755884,1.0281390561806738,0.9486021516642966,0.625111978344183,0.7619313551165945,1.028139011384559,1.5282284781453201,0.8631987503713925,0.7902016972937775,0.5480958579840284,0.6952642512993028,0.6251185486919016,0.5480884125544879,1.003729850026198,0.8652674886654517,0.44312441135062003
1.9533712697731873,1.673578330313939,1.6140099648048418,1.4773842043636063,1.181230313591652,1.0926525883317553,1.0508234827558025,0.9542687530171229,1.8683466403654831,1.6904782594235381,1.5855730664913736,1.5109703448682765,1.4561278739860173,1.4145648253338672,1.3646598135521677,1.322784740512632,1.2746605074101973,1.223106759622571,1.3419715977632665,1.3369562977113625,1.3747749363333976,1.1021119352950202,1.343887558098513,1.6286303686118297,1.8644587469978935,0.5753182698086043,0.7917594087620937,0.8144671564702859,0.47213887625004425,0.5510367907638563,0.573439979036889,1.0306755930754894,0.9018791101564232,0.7535157391665008,0.8805587139293704,0.0,0.9348694424661385,0.9348113736877824,0.5270758039765475,0.9280728018902251,0.7560282277061235,1.8790855729622449,1.8091188241544365,1.7494724472938055,1.6700272036149097,1.6063629837180071,1.5850536764396888,1.472772541213675,1.798089935090142,1.7259335041074806,1.6462788193529756,1.5721761891976995,1.467153697921056,1.1880026225071947,1.3647213082390501,1.1344160852558154,1.1945571079675223,0.8519599621345902,0.9802688397331171,0.9454294197687828,0.9739254216899218,1.2460132388619545,1.1810829459700345,1.022942272572804,0.947128434081328,1.0181842144073345,0.6959046976107812,0.6605729969763922,1.9019222414559376,1.8246882760818361,1.7580364293839128,1.7060236464643053,1.623043212139727,1.5598629871119454,1.4352343187003125,1.5002278561460218,1.515589972261846,1.451873502009552,1.4320725202453874,1.26280493270905,1.5382755863401139,1.5382741875816888,1.5382762565804526,1.5382743305840403,1.4658803029776233,1.2677372423040805,1.608452578011554,1.5368376206502599,1.462613744164377,1.4164270946604502,1.3646273112998402,1.3225982512391756,1.2953819993380553,1.233550960175275,1.3079260646051796,1.4331930842000595,1.3885430373568919,1.2223915294457137,1.2109905846195976,1.4331929606925984,1.7270640766804708,1.338180054539342,1.2979331102078033,1.1948850091391336,1.2525660517940471,1.2223978426616322,1.19487901204234,1.4095341279807823,1.2399110338952706,1.0656455235682678
1.9648596906944538,1.3770939389332155,1.230159846999782,1.0868408155772125,0.9165852975951698,0.8665151852374138,0.902104509822275,0.9119821755028311,1.7691036297056177,1.4164776117312219,1.2273304867822548,1.0915018010368946,0.989248411996946,0.9152238763963275,0.8397987930490877,0.7846465911601834,0.7420888212035924,0.9648373093296416,1.001783554493815,0.8846266129955921,1.0661554880213613,0.6773786897561221,1.031840412882417,1.3348548509631992,1.8501838442680052,0.7269202586116709,1.317027427477691,1.3213270243029196,1.1236169228839163,0.739519702457782,0.9205889540583344,0.3077133713241722,1.315950796684203,0.8579977220421474,0.6434795260017946,0.9348694424661385,0.0,8.732740475474875e-05,0.6196138541363272,0.07655014788407834,1.1967217811390725,1.7668088845821432,1.613601540739077,1.490532262943586,1.3464256375318433,1.2054797782957334,1.1658202238749595,1.1615772816614105,1.6036329486638135,1.4899313493835584,1.3318801673276588,1.1901105737887996,0.9842686775423045,0.6064357628476333,1.0664112287593817,0.7856997199448935,0.8539688648336954,1.0353483913909516,0.8492713709578623,0.8586714616615407,0.8305471538276589,0.9437362912711235,0.8651776641888983,0.8885415714530126,0.8714990208110448,0.9926006425152011,1.0089034854235237,1.0030767722143563,1.8795758236719848,1.7105905974736202,1.5570554532812357,1.4377849705785029,1.2908608481554489,1.1527769064657776,0.9299670978575866,1.0966315765338597,1.0948024738946958,0.9899498833889642,1.0091677696470467,0.6376624185508224,1.1160527497183355,1.1160503048537704,1.1160534344391209,1.1160516701465826,1.0744131262190688,0.9543701087189418,1.2635168444109222,1.1322294013996552,0.9998542091090045,0.9256050258134264,0.8472199293956554,0.7886856800228997,0.8128288878328546,0.6984049989972815,0.7266349669936375,0.9761668607543341,0.905731079672723,0.7420946313024772,0.7212652831117152,0.9761668711780833,1.463227656682733,0.8316589371496221,0.7780961914891485,0.7992217937702184,0.7385300243374994,0.7421004482764157,0.7992195647553172,0.9153724338114199,0.8750914361695971,0.6678485078371841
1.9648425943096104,1.3771070888904686,1.2301809266402053,1.0868301129750617,0.9165471737743344,0.8664664704458149,0.9020495244076627,0.9119177189474318,1.7690895691603366,1.416467950097024,1.2273267932354897,1.0915042476013457,0.9892511957261171,0.9152232326129647,0.8397935369168354,0.7846365770605793,0.742071040678847,0.9647952410820225,1.0017709704596267,0.8846204262972702,1.0661404851040577,0.6773388088796529,1.0318276125670978,1.33486609115428,1.8501693541261677,0.726858764855039,1.316978544663755,1.3212772519017109,1.1235640412842642,0.7394586316748655,0.9205338744175917,0.30773382542413985,1.3159033354628349,0.857935367169408,0.643411237806764,0.9348113736877824,8.732740475474875e-05,0.0,0.6195648424289101,0.07654277007571149,1.1966746265093515,1.7667965903164067,1.6135971657178467,1.4905336888310454,1.3464340319862602,1.2054947912733336,1.1658397880616707,1.1615642972391491,1.6036291384538266,1.4899260494371702,1.3318814404699413,1.1901189907565635,0.9842772086664578,0.6064419889573947,1.0664068660951198,0.7856715937386884,0.853946679890586,1.0352827562753757,0.8492084089330666,0.8586048892424819,0.8304812625474048,0.9437078006629575,0.8651445222422454,0.8884922397381994,0.8714298440173746,0.9925564124515467,1.0088409454780511,1.0030132155422362,1.8795614570464478,1.7105839530901297,1.5570577673504862,1.43779268571436,1.2908756936580588,1.1527984537573106,0.9299902796614355,1.0966514626762138,1.0948225882014666,0.9899820593635066,1.0091940241769455,0.6376973970153014,1.1160785341927237,1.1160760894269282,1.116079218926679,1.1160774546384222,1.074430724468744,0.9543767356258428,1.2635109031541891,1.132229282505486,0.9998561444035776,0.9256032055803229,0.8472137093980753,0.7886750820409713,0.8128162285666843,0.6983875648603917,0.7266306821255282,0.9761653219348002,0.9057253098539474,0.7420636522316658,0.721243006305395,0.9761653323378956,1.463228822026691,0.8316482282988311,0.77808073444058,0.799180007961301,0.7385069142054271,0.7420694695310931,0.799177778260836,0.9153706849093041,0.8750668789041836,0.6677978788018687
1.9684521431013233,1.5730607711412288,1.4884471651882847,1.293224592976849,0.9930036142022008,0.9102047901923264,0.8960970554719327,0.8855981233278813,1.835633504404771,1.581022063002928,1.4385766417036774,1.3387771394594254,1.2722271260319677,1.229907836628785,1.1792457764850983,1.1367560194787782,1.089039894162999,1.1082990519127622,1.1685821043006608,1.1368825705465924,1.2203538208398788,0.9126711773630211,1.1584459175956705,1.4977055310749163,1.8809609727158574,0.6592251267443037,1.0991675991294172,1.1086364809167588,0.8485676015921033,0.6474210059578167,0.6489111609520357,0.7771024535372456,1.1012767434292277,0.8653819208895346,0.7030940748549664,0.5270758039765475,0.6196138541363272,0.6195648424289101,0.0,0.6007664049706799,0.8629772567639229,1.8588658602086112,1.7533192264045303,1.6678517677729685,1.5649955448015904,1.478748530739967,1.4460065527908699,1.3723747687982675,1.7428288426346066,1.6528390009873533,1.5422229017175049,1.4412518409505557,1.3235545026828848,1.0000995844438647,1.242634978757896,1.0564177437219529,1.1140096785422824,0.9691522467646639,0.9565761330773738,0.9372578331939863,0.9353535823686505,1.1999403404234754,1.1335889180602123,1.0340709444040965,0.9416563070327668,1.0435087010348423,0.8969475281433767,0.8739294479902003,1.8846528133597151,1.768706445523993,1.6650029276187917,1.5894355164850396,1.4832407741406137,1.3977203958315167,1.2592777728029776,1.3075101619067104,1.3323260855049488,1.2318645164164443,1.2090227945325582,0.9998774471208454,1.3652017474493836,1.3652001675695518,1.3652025288836058,1.3652005204560878,1.2726854704382757,1.057195506058253,1.4709348841135645,1.3743447125968289,1.2831456707296174,1.2358835756439916,1.1820638887040458,1.1381672176201874,1.0981805095323187,1.0255995012291312,1.1054321352263496,1.244413086745819,1.1989735719963732,1.0358005400613848,0.9873143108027994,1.2444130195852074,1.6188222343345535,1.1473472843776489,1.1063829044100228,1.0335800076850163,1.061009772640409,1.0358070214192008,1.033574980393693,1.211478501206271,1.0386188387259054,0.8762718129964843
1.9773997655160083,1.3737709156323776,1.2304289465095777,1.0887889291568467,0.9143924482745015,0.8651910485418024,0.8997562443363674,0.9039868809151089,1.7664471612013015,1.4112979925197353,1.2197696969494716,1.0827963874877216,0.9809856631678723,0.9106255641400276,0.8394980925079252,0.7874727931174602,0.7465434644423986,0.9749004530626401,0.9770993261527674,0.8623408298578251,1.0497258108246867,0.6571835172921544,1.0072156641954013,1.320344049641551,1.845544953533877,0.7336401552805235,1.3183359644377886,1.3215515664763828,1.1317809103857497,0.7444348082511968,0.9243536928494831,0.3509881951443286,1.3179283384512115,0.8634975337104954,0.628237787345055,0.9280728018902251,0.07655014788407834,0.07654277007571149,0.6007664049706799,0.0,1.1988584123236652,1.7697830588997996,1.6175913744402493,1.4925359066560833,1.3480323483592895,1.2111080732003792,1.174973461521302,1.1943379646862773,1.6109712976448882,1.4955972730379168,1.3376949367291318,1.1961352326377974,1.0006641009968207,0.636316232608773,1.0624271309876159,0.7972179029094528,0.861207639738724,1.0219453512554182,0.8417789954386837,0.8515442703240057,0.8286578156235977,0.9572552307802649,0.8827483234973893,0.8980988062025812,0.872800409823118,0.9827704028932289,1.0044224164770388,1.0005110309190368,1.879893674073904,1.7059836465367442,1.5542765670833418,1.4326232310224745,1.2841852535672977,1.1480252096332133,0.9301960284350407,1.0903410250558256,1.0853129806160553,0.9871208298636875,1.0034592765046018,0.646733059190751,1.113542683252926,1.113540294740679,1.1135433927305172,1.1135416156840705,1.0625303681572122,0.9305605161815711,1.2564801099798877,1.124020097952797,0.9916712300805757,0.9201635785959187,0.8453775857358312,0.7899160166278689,0.7904278528440892,0.6815106845174131,0.7308289341791713,0.9650558536128433,0.8971658723800484,0.7410842788905704,0.7082080491403973,0.9650558479233565,1.456670256893177,0.8265611518363554,0.7758320224377881,0.7980468056985714,0.7376095069876748,0.741090326855865,0.798044542067089,0.9069020146847793,0.8501700977997242,0.6551245963521211
1.8849049897298862,1.812635445380396,1.7737836755359884,1.4701105649913115,1.1867758313463572,1.1001273733547594,1.038306177376637,1.0923351462614348,1.8605243356821288,1.7015758242755827,1.6226900650042566,1.5724993107241483,1.5347320227046561,1.508085841166711,1.470071400293152,1.4346031743873386,1.3853061620694613,1.235831072024067,1.4342855840492832,1.444297512309812,1.4391872273323671,1.2721246403749231,1.422152790387966,1.7520164662077562,1.9245015280898243,1.1054678179733626,0.8843543849446351,0.8761466892643409,0.7399336014644369,1.0925910531269247,0.7866138790362663,1.2937218344298647,0.7715722070069615,1.2123600467065017,1.0587027617151004,0.7560282277061235,1.1967217811390725,1.1966746265093515,0.8629772567639229,1.1988584123236652,0.0,1.8798611516876473,1.8307864029282386,1.8034254677536805,1.7569611956148536,1.711427843890158,1.6817871939678637,1.5131089171420848,1.802481275983683,1.7449630425849483,1.702445888809925,1.6543312029835073,1.5846362021303386,1.360827203732716,1.4772260501813101,1.433409241913142,1.4798833990033091,1.180512577630453,1.2654262192677619,1.2292720934517678,1.2171573108155995,1.5016407261449591,1.4490504585313244,1.333655737051627,1.1858624417672015,1.3926010375694797,1.149288854286682,1.113178900920706,1.8736825533558072,1.8352523777191574,1.7782433866755687,1.7632146566730176,1.716785494549087,1.6745260030337776,1.6017695548855706,1.5865385603952704,1.6220858952022592,1.5283132474082266,1.5198865662287375,1.420663200681218,1.6498439273686392,1.6498428537633043,1.649844711386921,1.6498427902845827,1.5735457003618072,1.4009841454890315,1.6546846400267874,1.6070821392271908,1.5514531373525604,1.5217082075793653,1.4833195030134723,1.4480635723569752,1.4459187667802613,1.3948621193963169,1.4375772425209554,1.512069854109385,1.4836079791944485,1.3326168909528484,1.3377930385658467,1.512069820331699,1.7719623627882628,1.446489655405505,1.4134928889497493,1.2959575597935202,1.3687284333636118,1.3326219387866316,1.2959523837199878,1.5227465198653989,1.361904002621686,1.206742421714511
1.6330951685613448,1.379962699735687,1.4800978581353181,1.5921552550200273,1.7609991929712836,1.7853079795931917,1.7955027093907294,1.7917751482586062,0.7453751671877821,1.2112197024763087,1.3593205610909977,1.4205591483975666,1.469918620154195,1.5125528888643387,1.5506863036742797,1.5768139670652574,1.6017820246974825,1.7184111714168364,1.5682218842734414,1.583777027811751,1.579098169762033,1.7049584168254028,1.617433151997005,1.3803689960202172,1.0414635218250063,1.8671815685695812,1.8737636801844326,1.8599112081250417,1.884292132468108,1.873426334848298,1.8961969172712143,1.8047713407632564,1.8770041482079396,1.8346774120302143,1.784383539673696,1.8790855729622449,1.7668088845821432,1.7667965903164067,1.8588658602086112,1.7697830588997996,1.8798611516876473,0.0,0.6006192172525915,0.8977121688201319,1.1297667110108185,1.278393607583181,1.3284035544813575,1.6753494616507822,0.7036154952964233,1.0258307177327237,1.2645250184774495,1.365776438138212,1.4885865063566404,1.6940363326967887,1.5428090974512432,1.6870493410407283,1.6683983915628005,1.7980364386989125,1.752316529993056,1.7612479863563397,1.743814503940516,1.6448490858671285,1.6654861222683173,1.7392403172046027,1.7695675107976938,1.7807422221900586,1.8289026562567117,1.8384964576911453,1.3727127406482091,1.0243840373396749,1.02343518732484,1.1429015371247888,1.286180954324013,1.384861897757133,1.5229051126352573,1.4870365092946671,1.4545743801220479,1.5228380789250893,1.5747905361534567,1.677780995399136,1.430228267595008,1.430228446638317,1.4302286100044639,1.4302277520328552,1.5176467784416325,1.6314363534280385,1.3526636004376948,1.418407840000011,1.4682490551367506,1.5135262179379818,1.5550846562492013,1.5830481307350868,1.6313827579480171,1.6641831604422783,1.6059650866604225,1.5074616336783484,1.5457115773705652,1.6475482402366,1.6940885095706033,1.5074615409394365,1.055883066769196,1.5805944563618046,1.6036785412839798,1.6734962616052669,1.6280745309066549,1.6475500994223964,1.673496999528888,1.5878021653093244,1.694341042401598,1.7007144609146165
1.721679986313575,1.064456342297437,1.183286963509097,1.4381407124255319,1.6511059798517755,1.6842174015051736,1.70848778864252,1.7226754060162854,1.0023431861999952,1.0494260618645435,1.1456911427320122,1.1962198529901868,1.2563758788199313,1.3139262884309912,1.3664851132331588,1.4036106557720354,1.4419010316680703,1.625182433358437,1.4008594129897998,1.3994851165764215,1.4096525604568892,1.5625376961825688,1.4659045410596143,1.1485631575061204,1.2121849625917782,1.7658707128682454,1.832320022411431,1.8226673785708793,1.8267106133131905,1.7723630956702616,1.8184057725556841,1.6347766535509085,1.8351478562383865,1.7488730227899867,1.6795664759842976,1.8091188241544365,1.613601540739077,1.6135971657178467,1.7533192264045303,1.6175913744402493,1.8307864029282386,0.6006192172525915,0.0,0.40823710721222384,0.7194031247426536,0.9298416762737269,0.9936685023542051,1.5323722539075229,0.3479159946827488,0.7196036736260755,0.9503272921425068,1.0609867279252971,1.2368228489829924,1.4987944145274783,1.335906222471548,1.5676552293302815,1.546388835998581,1.7466595513693426,1.6631056615282285,1.678997951026647,1.6634729712274694,1.5228521276246736,1.5450678790345778,1.636542144345143,1.6973655484854706,1.6985368123599658,1.7774030976215336,1.788411977202302,1.5148603844589241,1.075496785698579,0.8391276499238453,0.8720407213901358,1.0003829119250052,1.1140911068684547,1.3148302936200773,1.2541200091171674,1.195051898044077,1.264334699370218,1.361747277946022,1.4989774103343918,1.166394400433687,1.1663943841259659,1.1663945193107281,1.166394018958159,1.3013667853830282,1.4594305783448558,1.1636045837582494,1.2127649245149108,1.2643856019641533,1.32616349834672,1.3806969982577033,1.4178550896893256,1.4658438973656733,1.5024380346227595,1.4366430349614985,1.3169924604835224,1.3687979446988032,1.5133205931889564,1.5461706635841275,1.3169924478303812,0.8192173072704035,1.4143435291839614,1.4451437940078238,1.5606204488261162,1.4806078127744469,1.5133221437339681,1.5606220872874312,1.4227597559512377,1.5599016922432565,1.5800721554244563
1.807015016020074,0.8102817539695024,0.9322414114159643,1.3324130972687516,1.5676784577695715,1.6059509939769738,1.6386860134884573,1.6520745858727337,1.1306404187212264,0.9507135197300527,0.9832547092886444,1.0121331985007356,1.0770178424382228,1.1472232968371794,1.2134988567495342,1.2611858889367498,1.3124259038604182,1.5591024692495423,1.2573847005145413,1.2406248384889837,1.2810585123470541,1.4421136842648872,1.3350071630646518,0.925519277629882,1.2993486836485115,1.682401374923791,1.8090556430046445,1.8011581100584035,1.7887262493046292,1.6896718816651948,1.7611757558356156,1.5069882161563464,1.8156205947939095,1.669461650273371,1.5901757449294527,1.7494724472938055,1.490532262943586,1.4905336888310454,1.6678517677729685,1.4925359066560833,1.8034254677536805,0.8977121688201319,0.40823710721222384,0.0,0.3639552520360141,0.6431779073608372,0.7465270828160783,1.4637241232519387,0.5845336370681121,0.6814178923495228,0.7799874689813354,0.852337953265112,1.0564627372793791,1.3632071385023496,1.196035024436828,1.452480442814799,1.4256086108183368,1.6806839753285985,1.5735186483414947,1.5950443121638056,1.5813840181484156,1.4121021749256724,1.437992161195956,1.5467268490244614,1.623709329785755,1.6055847486130772,1.7142073116288272,1.7278026675942668,1.586871808458922,1.1232237619212873,0.7992831442738872,0.6867926561890306,0.7530714679657657,0.8725665318675175,1.1233642244915514,1.0658326981243718,0.9679686119636544,1.0729948888242533,1.1962032203002761,1.3501638780643195,0.9454737711133288,0.9454735482086497,0.9454737030827262,0.9454736055830526,1.1157535097049593,1.315604946579284,1.0099522488096846,1.0345668101223546,1.0854662991081325,1.1607950968604779,1.2281555010301908,1.2751772593091928,1.3132113033078088,1.3591037728958906,1.2920929939851078,1.1530209807832734,1.214988465638945,1.398937307597894,1.419327203941422,1.1530209805457168,0.6548855128883221,1.2706941310430262,1.3094343187676765,1.462383776438102,1.3554901384761326,1.398938769430724,1.4623860331391885,1.2691074118265704,1.436698152955285,1.475123590033644
1.8518651172151857,0.583249220073276,0.6560311467606732,1.2543848130747264,1.4857799178352666,1.5254945818836252,1.565949451485941,1.5772883059081269,1.2865600407972462,0.978004419846129,0.913880702854478,0.8895866891258934,0.9389712889282573,1.0079737190131526,1.0772400757815324,1.1295737269291168,1.190307802614346,1.491805030307275,1.1480540067517464,1.1068664238933064,1.1850715228481903,1.3235419688446757,1.233376142408687,0.7750703946926345,1.4016318431310746,1.5754016310897223,1.7641777702517616,1.7593859091214967,1.7254381115411657,1.583628109900316,1.6838063660622895,1.3519268199728145,1.7764483816926377,1.5701659920062137,1.4943380855525377,1.6700272036149097,1.3464256375318433,1.3464340319862602,1.5649955448015904,1.3480323483592895,1.7569611956148536,1.1297667110108185,0.7194031247426536,0.3639552520360141,0.0,0.35545844877578747,0.49954676903162054,1.3807713089055464,0.8162547711155287,0.7748376371452103,0.7009132953672552,0.68176988180544,0.874440216962521,1.2055056694983357,1.06894838606887,1.3212092139839966,1.291312163179834,1.6085246847041978,1.4783108054788856,1.504952472469955,1.4930768072375986,1.2900013282436757,1.3162209288300177,1.4417629486592574,1.5418661748387814,1.5023964970620998,1.6354815572488421,1.6505982908740742,1.6528056624098288,1.225242163939908,0.883808651347348,0.6645761890832068,0.583083773036643,0.6525359614260051,0.926161478988607,0.9001412922738057,0.7636819031863202,0.884431850591689,1.0357774108754607,1.185587365384718,0.7346726846272902,0.7346717026049085,0.734672307772717,0.7346725703208774,0.9503671136718425,1.179675894759916,0.9501566649623544,0.9211532864712227,0.9475021797853928,1.022532054966158,1.0918843327329024,1.14271909577745,1.1754069960971312,1.2211372647115784,1.1519490147173885,1.0269690358492247,1.0873784634409684,1.2909503560990132,1.2970403288928476,1.0269690546314942,0.7050594403347744,1.1435932164750087,1.184738307693863,1.3695840296904565,1.2379150697758627,1.290951923228363,1.3695866120437994,1.1359105498476945,1.3270400200616113,1.3713758532406188
1.8692437938347084,0.6611516557609383,0.5217078041585218,1.181561920912419,1.4169678809648216,1.4492532834591887,1.4908266067427662,1.5041436184774462,1.3892142663700275,1.027206568851841,0.9039320557783462,0.8330583596298716,0.8383747459820867,0.8826645810627733,0.9382119525724549,0.9845151725705553,1.04609760599253,1.3763369096431068,1.1199076901573009,1.0302862783666802,1.1714537983370215,1.2311011679188606,1.2094083235409578,0.8160925048535694,1.5240200365038914,1.4858865450277052,1.729353689937516,1.725453007639082,1.6706974418278486,1.4962236879085642,1.5980040510474005,1.2101963999581593,1.7319755318370482,1.4883050572175476,1.39065881818787,1.6063629837180071,1.2054797782957334,1.2054947912733336,1.478748530739967,1.2111080732003792,1.711427843890158,1.278393607583181,0.9298416762737269,0.6431779073608372,0.35545844877578747,0.0,0.2143861136766298,1.2986473558286247,0.9560231467836665,0.9357222495012588,0.7932971025887853,0.6879974170255583,0.7360987544634365,1.0720061384541373,1.0723189200900494,1.2013019159453666,1.1793936740812538,1.5488667949601425,1.3988831860341575,1.4251254378991847,1.4029830917583976,1.1904834696573277,1.2054335591736443,1.364537667256479,1.4518535668663912,1.4407937987865016,1.5676585079959426,1.5788690297669428,1.6957466709000755,1.3208288081995254,1.0034763110941267,0.7744078366930287,0.6094426884370703,0.5196652998460357,0.7005311024014422,0.8577966909544523,0.7213938702137642,0.7872843747157036,0.9643564504278477,1.0283508693005032,0.5746306967639603,0.5746284605366626,0.5746301545330037,0.5746307722228458,0.9168748472818447,1.1538148757064135,0.9402981682058914,0.8670869317857737,0.8434055600485616,0.8971263309004082,0.9528465047055893,0.996763524645268,1.078107980142641,1.1060474706342431,0.9900187795946083,0.9350584203798914,0.9766066290680342,1.1639134305602048,1.1969098110606908,0.9350585028573247,0.818127655806175,1.0197057711234772,1.053785981124054,1.2506569387663442,1.1061267398932897,1.1639147174218873,1.2506600015529883,1.0113047478994879,1.2610589504639387,1.2683260485579424
1.8532792679992585,0.7165968583114447,0.5262045772209004,1.1912841720441518,1.4165269595303367,1.443310604875379,1.4831795927210742,1.5078011536157525,1.4311697194814108,1.1027022926954915,0.9719583213961989,0.8893132754857733,0.8812128908877382,0.9169742477352736,0.9608090662477092,0.9969768297465649,1.0479455542021123,1.3473772592536846,1.1636090774058676,1.0644242199199643,1.2138068965210647,1.243640425840748,1.2446933741229695,0.8653806084804267,1.5663736019102017,1.4690547880611224,1.7128945083912521,1.7104436456938392,1.6466768814124302,1.4788889776414316,1.5589571233290525,1.1700674549953203,1.7050152085323755,1.4887276026259182,1.3731763524748308,1.5850536764396888,1.1658202238749595,1.1658397880616707,1.4460065527908699,1.174973461521302,1.6817871939678637,1.3284035544813575,0.9936685023542051,0.7465270828160783,0.49954676903162054,0.2143861136766298,0.0,1.2900367923218155,0.9759944276998609,1.0169446127600446,0.8815353919916546,0.7644522848740647,0.7752687693419987,1.050234303228395,1.114583232095081,1.2156881890052198,1.2035002521390195,1.5628694548468416,1.4181880951391794,1.4404672703149535,1.4128335011570818,1.225078968242294,1.2280940976995705,1.383684609944946,1.4563331088096183,1.4656619091583085,1.5696396719303214,1.5758562114234993,1.6965256647853435,1.33839438766129,1.0120417030593785,0.805609312775701,0.6417290653273262,0.5111036991655054,0.6722462416426779,0.8685542931984003,0.7611194673283832,0.7333578072112655,0.9399097827031513,0.990751984605513,0.5094077662804792,0.509405241874612,0.5094071384908305,0.5094076334965544,0.9404030720267609,1.167136248087811,1.0171268810861247,0.9340478628209622,0.8925645921198312,0.9368998389752734,0.9799816620484343,1.012803142145922,1.1127932070066169,1.125813834333453,0.9908638675239931,0.9740856399828347,1.0091202159603576,1.1650813510119216,1.20811828664373,0.9740857883904811,0.8861108428492488,1.0427040727151806,1.0683980924573666,1.2481414744159407,1.1119946240869498,1.1650827059718243,1.24814436846845,1.0369031530569428,1.2859846885984063,1.2703131811826534
1.7635818093478561,1.5592232236479906,1.4852029586949493,1.0196385523728397,1.0398119308263958,1.0959644515169087,1.1732820090447182,1.230887033290318,1.7565030444480088,1.3772130087178625,1.2657473084075168,1.191831581867861,1.155181166525509,1.0964421827531836,1.050579633683501,1.04080100564267,1.0678698159295281,1.3548443284282305,1.2595982811797215,1.2115871640810207,1.2069525303021575,1.1585300946480503,1.2469183404751933,1.5808130070802096,1.9121918496857193,1.3340765537218533,1.6550900072106873,1.6580241168401424,1.494249455399653,1.3535613670477904,1.5283580318746053,1.131905104123157,1.6854617687797075,1.2867884559086502,1.3265289779283618,1.472772541213675,1.1615772816614105,1.1615642972391491,1.3723747687982675,1.1943379646862773,1.5131089171420848,1.6753494616507822,1.5323722539075229,1.4637241232519387,1.3807713089055464,1.2986473558286247,1.2900367923218155,0.0,1.534265704294626,1.2578562100964392,1.1214718497055505,1.053838408998172,0.8851177358543465,0.9493824343282606,1.0927157169037371,1.067201536485861,1.0706035290596188,1.4277425029369648,1.2058544651847543,1.2354418698696212,1.1893041601567511,0.9972487649203841,0.9939448232320961,1.0747134275915848,1.242441373922325,1.2952924701542825,1.4137628859917095,1.4274511033605566,1.8696290214477544,1.7756501784200338,1.6182075274114016,1.5422262696376272,1.45681510248244,1.386045537252986,1.2941341385852203,1.1881206759549852,1.2460725319891686,1.226178439558298,1.1862146440800554,1.0279399181464859,1.3839748008291441,1.3839727382958604,1.3839753112941249,1.3839739787971415,1.2184830618212938,1.2382816505522922,1.2657304265080775,1.1913542748972403,1.1488467927133135,1.0950062220816372,1.055175159533685,1.045887236512102,1.1728721178533983,1.1169457807553804,1.0494214125607189,1.1530639009158483,1.1017576112045522,1.1072565462889656,1.0521002789154592,1.1530638956569874,1.5477970778443257,1.0622770945192885,1.0522684556890085,1.1875626270418917,1.0742030857387008,1.1072580017899498,1.1875631497102082,1.1248412202578717,1.174551199411649,1.1453296778445843
1.68818978552073,1.1258904843406279,1.2038657129981676,1.4663215389279471,1.6690071948820635,1.6929311950415673,1.7122684413625597,1.7364914442501356,1.0877266320645997,1.1541766904938493,1.2242474023582448,1.2610394042044526,1.304183218447995,1.3508419387182227,1.3922074973503566,1.4199988460019253,1.4477782043110463,1.5868754069491395,1.4629513855567406,1.4454540934914921,1.4707580972058032,1.5847474586410155,1.528927685217948,1.232377588134225,1.2972958853422303,1.7597213737458353,1.8050563033690195,1.795721303283014,1.801877199450461,1.7656341816537304,1.7823862379939557,1.6239284383370536,1.7920107346870482,1.755960924239051,1.6697269761597329,1.798089935090142,1.6036329486638135,1.6036291384538266,1.7428288426346066,1.6109712976448882,1.802481275983683,0.7036154952964233,0.3479159946827488,0.5845336370681121,0.8162547711155287,0.9560231467836665,0.9759944276998609,1.534265704294626,0.0,0.8628910669729755,1.0560833324306365,1.1386773561123738,1.2684062963924734,1.4956413162369169,1.3979283973809051,1.591051286277189,1.5801117497029407,1.7644380270774174,1.68716310298268,1.6982864215806783,1.6772417138540612,1.5575045012817768,1.5682122260249922,1.66062428024243,1.7031198725314052,1.7373178911761138,1.7858131372608421,1.7908699490909574,1.526976549505828,1.1286599669327142,0.8883491698582225,0.9522658579694147,1.068679982770312,1.1478856682951533,1.323406605855268,1.3154376820389877,1.2678026803314104,1.2792221819630962,1.3971480872894277,1.5086568874475794,1.1752713560701413,1.1752712746770757,1.175271468189414,1.1752708779193568,1.3709059719960233,1.5145399021609773,1.2539278423774536,1.2888336059653471,1.318073511855256,1.3692852926421908,1.412037454222245,1.439103765927479,1.510532797712524,1.5328060739529703,1.4492523603061453,1.3663336276166187,1.4094636608074138,1.520982494119313,1.5750591919748387,1.3663336766249297,0.9323158315265285,1.4448616909358412,1.4670735515581435,1.5608682483410161,1.4935503590432626,1.520984002564942,1.56086971549313,1.4638490367084527,1.605435249664293,1.5913656144194668
1.776390355848858,1.1466457396345733,1.2287971070594126,1.1839749371096684,1.4263512806735914,1.4868113158190035,1.534775848532476,1.5714456313157394,1.2799739322839618,0.8773653610128791,0.9149453191771555,0.9695732748383754,1.0499765626253126,1.1083118703862298,1.1686012659160816,1.2192272297679114,1.2766549621194243,1.5560483042058557,1.1596217092380636,1.1812065217854193,1.1100600464145294,1.3630803285832342,1.220378151819275,1.230080083619798,1.4783645535285246,1.6568763891072227,1.7751573073400437,1.7671885024518696,1.7489030143744138,1.664682698471946,1.7660627845095962,1.4871310215948177,1.7966880251110224,1.627426999707478,1.5690696268009956,1.7259335041074806,1.4899313493835584,1.4899260494371702,1.6528390009873533,1.4955972730379168,1.7449630425849483,1.0258307177327237,0.7196036736260755,0.6814178923495228,0.7748376371452103,0.9357222495012588,1.0169446127600446,1.2578562100964392,0.8628910669729755,0.0,0.4399746950306679,0.6799806651762108,0.9504173685161192,1.2843021759061124,0.9947226423833789,1.437167852308038,1.4091390001286508,1.6374982340954942,1.5025935644126396,1.5302204804462614,1.5231319622691204,1.350418115755038,1.385143921228877,1.456635763409819,1.5719514741210465,1.5617006363297312,1.6898362562768545,1.7095507606155442,1.6797740619014576,1.3691339525896382,1.1347766057196609,1.0682018148421186,1.0812043742682402,1.1509466603051979,1.3040280516251386,1.0832407453590704,1.0339596395345558,1.1386964684150516,1.213837596114376,1.3596317868897183,1.2058413263401981,1.2058402678492082,1.2058415714907535,1.205840924988294,1.1261296214009533,1.259514582221579,0.9469903582671247,0.9957535978851257,1.0690660344778513,1.1328420133714985,1.1948250312269189,1.243861968954726,1.2611171977959987,1.3029109516052308,1.2789482155898675,1.1085351847026321,1.1638050290677844,1.3573206503946518,1.3297602832002227,1.1085351943904629,1.0063311562407196,1.217019075135481,1.2591575007454703,1.4302136591599832,1.3106890213603164,1.357321804649778,1.4302158638884028,1.2534193011456916,1.3398550645782588,1.4136388591635463
1.8522760182056204,1.0352524798706346,1.0787964116345365,1.0557645792059198,1.3032202865859905,1.3752763780335975,1.4405766078701563,1.480684872043865,1.4355844541062743,0.9070831657714714,0.8078186313529947,0.7962147072289658,0.8689562845606503,0.926364902880413,0.9933396011877811,1.0550298568726297,1.13069631881482,1.4958850262230148,0.9933102247852394,0.996584190703924,0.938465399317473,1.2050878048821534,1.0586353908722597,1.139578677730963,1.5858516410628998,1.5427752269822552,1.7424311723300163,1.7382609114765344,1.6904699202640319,1.5519794413204948,1.6965402658494644,1.3089878924952212,1.7723184342961154,1.5185593675272908,1.4665810898133822,1.6462788193529756,1.3318801673276588,1.3318814404699413,1.5422229017175049,1.3376949367291318,1.702445888809925,1.2645250184774495,0.9503272921425068,0.7799874689813354,0.7009132953672552,0.7932971025887853,0.8815353919916546,1.1214718497055505,1.0560833324306365,0.4399746950306679,0.0,0.2907335047858379,0.6679721993017222,1.0733540411624267,0.7474714416899009,1.2910620002036313,1.2569352972718277,1.561923191178029,1.3870580677479467,1.424276714282699,1.4212707219786036,1.2010885920736776,1.240866575614691,1.3237802459908476,1.4820516724082688,1.4416685525621529,1.6110307362396996,1.6343272633756283,1.7609886082314752,1.4603539792816074,1.1988105972589551,1.0611276604145958,0.9870290404664029,1.0172095274811936,1.1567290653659257,0.8782192810613687,0.8082671629390177,0.9407547975297204,1.0228513193294444,1.1719055032350991,1.0731295034858221,1.0731277442143519,1.0731296690860688,1.0731290955233976,0.9186116480325108,1.0702158365495513,0.8549636262470816,0.836130353560393,0.8924103500480493,0.9564469605246736,1.023727802391099,1.082030551073617,1.0773926860433616,1.1215612358332399,1.1149941730600568,0.9374445070274264,0.9927074438160919,1.2283744821153157,1.1566212027711613,0.9374445440373811,1.0399960538400452,1.0501234548613037,1.1000882015025102,1.326417834663566,1.1661759970834495,1.2283756551493967,1.32642054231115,1.0886793507986638,1.1797427926959252,1.2849213493721758
1.8725749035766242,0.957597497235802,0.9497996238618986,0.9799353241400458,1.2213224828421771,1.2944079774436499,1.3676032389619943,1.408864338500654,1.4931210655451819,0.9501835140221759,0.7725038375714376,0.6953795747098355,0.7443579623962139,0.7955361594360043,0.8626432495065331,0.928478709097538,1.0139095264555154,1.4274246209898798,0.9012037630068898,0.8714359956602101,0.8670730896723172,1.0925229418774325,0.9674130074489167,1.0583610152123204,1.626812478771336,1.44714996594314,1.7045287746726066,1.702571142167869,1.633772033268425,1.4574049071757536,1.6210792026459673,1.1571182753510976,1.7334800664731846,1.432867212831747,1.3739783516914463,1.5721761891976995,1.1901105737887996,1.1901189907565635,1.4412518409505557,1.1961352326377974,1.6543312029835073,1.365776438138212,1.0609867279252971,0.852337953265112,0.68176988180544,0.6879974170255583,0.7644522848740647,1.053838408998172,1.1386773561123738,0.6799806651762108,0.2907335047858379,0.0,0.47859363175978464,0.9144091785887704,0.6519761903031992,1.175047882990789,1.139895973074143,1.5003699007167743,1.3045624983355688,1.3456184125171387,1.3409630013286904,1.1019804063662995,1.1383333750835671,1.2372083291829596,1.407452466187019,1.3556634932557468,1.5416082611851385,1.5647519373134706,1.7756821640592462,1.480161768486039,1.2082951462125053,1.0357711703380579,0.9036629144399353,0.8900114336862581,1.0097533440542013,0.724326416655536,0.6373315636107545,0.7701503981943483,0.8649735299540524,1.0014646902416555,0.9400061502039548,0.9400038463492097,0.9400062697188698,0.940005729866659,0.7653848958941548,0.9394321980649237,0.8264683709948595,0.7455579112199332,0.7684729831265403,0.8271898190392956,0.8934079338128975,0.9546062724200188,0.9452593698599916,0.9855142551183792,0.9776912780659719,0.8197197872137707,0.8699871182900714,1.1229987333317615,1.0302898121544226,0.8197198586567789,1.0441340942302508,0.9259379449358287,0.9779980755579494,1.2364544846148964,1.0514083334243325,1.1230000019340647,1.2364574915005824,0.958040029667163,1.072299428810065,1.1839841867176337
1.902893731058137,1.0974073072544877,0.9797175902841778,0.8990618205757794,1.0965602293710104,1.1503242529942734,1.2257482851022348,1.2583271132177518,1.5889387042701517,1.0521977226224941,0.8414602083714522,0.7203474905609535,0.6695135698268456,0.6270162128828765,0.6298315917126897,0.6710815076452215,0.7578246153219138,1.2464147119555475,0.8981719493372241,0.7858293684948668,0.8840540500482911,0.9060346471779432,0.981695867327487,1.1819950833044062,1.7276943192989256,1.283845901269028,1.6287080511735614,1.626709596321729,1.5331331505240156,1.2990965609482625,1.4931300768001452,0.932313683101947,1.6534351020936144,1.2604134955399948,1.1979442818396058,1.467153697921056,0.9842686775423045,0.9842772086664578,1.3235545026828848,1.0006641009968207,1.5846362021303386,1.4885865063566404,1.2368228489829924,1.0564627372793791,0.874440216962521,0.7360987544634365,0.7752687693419987,0.8851177358543465,1.2684062963924734,0.9504173685161192,0.6679721993017222,0.47859363175978464,0.0,0.645061250395943,0.7399384785206506,0.947044049729487,0.9302205332240225,1.3636396242348816,1.1168317987487275,1.1615390269504853,1.1451008243119205,0.8649807373223016,0.884067621749861,1.0400902529671812,1.2149263427013008,1.223099465680993,1.4041060116276103,1.425016242318561,1.8362603647975824,1.5911355726984189,1.3623070727936846,1.1992333457925015,1.047818956539556,0.9430750082215531,0.8793625549956509,0.8595391073689921,0.7886168799980916,0.8477317079336105,0.934203193187079,0.8361579782199756,0.9686812660641447,0.9686782366999145,0.9686814718923945,0.9686808142053094,0.8870221724642992,0.9991314849296782,0.8787334857186029,0.7584047014821746,0.684434278379297,0.6598934341134021,0.6670048523307452,0.7026425647330733,0.7888681056656022,0.774651519667726,0.7188104554757456,0.7362697492938585,0.7153516482037109,0.8966724454848625,0.8495345690384579,0.7362698535229875,1.188194722872857,0.718250903928661,0.7453292810141161,1.0263385243443508,0.8148537804668109,0.8966731864684584,1.0263420209174912,0.8054903109535669,0.9703339087768976,0.987241137624471
1.9718461367227196,1.2863571608564592,1.1567702533551112,1.0230153219391858,0.953666675482524,0.9615593888764101,1.0386909692976813,1.088636633002521,1.7643096183616223,1.332884482264227,1.1244497716102042,0.991237226188442,0.903552651031327,0.8295294751486774,0.7660989824079865,0.7379251243220798,0.7439434550456913,1.1227379172046719,0.9329976283654433,0.8232493409388457,0.9175878383798259,0.6877181565440796,1.0006427192057736,1.3527936096059674,1.8440427819367098,0.9410013337484973,1.408471053249818,1.4144044035522767,1.2691102825530316,0.9534303631423723,1.2138746065589798,0.4369244340441674,1.4423986157047657,0.9985591869209473,0.9332365737807545,1.1880026225071947,0.6064357628476333,0.6064419889573947,1.0000995844438647,0.636316232608773,1.360827203732716,1.6940363326967887,1.4987944145274783,1.3632071385023496,1.2055056694983357,1.0720061384541373,1.050234303228395,0.9493824343282606,1.4956413162369169,1.2843021759061124,1.0733540411624267,0.9144091785887704,0.645061250395943,0.0,0.7737403387501466,0.8662349435947967,0.9041547393455082,1.194400208729328,0.9375965996449249,0.9761814033947879,0.9805948454867852,0.8656671085054204,0.8190072890445848,0.8472977361650091,1.0376137898558804,1.0939253097452546,1.2122894655001404,1.2274517635796856,1.9356202474533015,1.7385444837367332,1.5476814683370106,1.4188380693137725,1.2700540149695123,1.1539061463021096,1.0153187488041118,1.0486707984644252,1.0206953590212389,0.9408652480262426,1.0154097110010971,0.7820641757780404,1.1367523624640659,1.1367493861763351,1.13675274326266,1.1367513789843962,1.0431905807411725,0.955941201267542,1.1799012392360226,1.0539845848296139,0.9365532498587285,0.8736141990694213,0.8138956734454424,0.7828443942842083,0.801263284938257,0.6998918328720417,0.7612478048597104,0.9241708889939226,0.8658616453719262,0.8330881098806951,0.7479171275948677,0.924171008800566,1.436217076424722,0.8088245694625775,0.7795368874682735,0.9385713666722573,0.7846588067026037,0.8330915458126672,0.9385718713742004,0.9537423777603036,0.9126155372246941,0.8049169575988738
1.9377822412381207,1.166075841750393,1.1759640760598042,1.028876666113564,1.03916344868894,1.116008964395817,1.2021148878659706,1.239501091565812,1.6325822393073126,1.1536679976272004,0.9655232869201554,0.8771278930243075,0.8892526638661992,0.9071430875485755,0.9357173371153349,0.9739878233699576,1.0288687057950068,1.4063984607852926,0.7095691084900888,0.7792932662522473,0.5982899215379262,0.876669851681335,0.7582884172439595,1.2241442853105169,1.6836567329749237,1.240434954472826,1.5123167756788787,1.5139917358978001,1.4417053532002633,1.2454403031111212,1.4808074677154355,1.0097140128533741,1.5803395668276405,1.2367753017269485,1.2289493268525054,1.3647213082390501,1.0664112287593817,1.0664068660951198,1.242634978757896,1.0624271309876159,1.4772260501813101,1.5428090974512432,1.335906222471548,1.196035024436828,1.06894838606887,1.0723189200900494,1.114583232095081,1.0927157169037371,1.3979283973809051,0.9947226423833789,0.7474714416899009,0.6519761903031992,0.7399384785206506,0.7737403387501466,0.0,1.1166298960621412,1.0923366259801797,1.3118543930542927,1.111438538540848,1.1617796466526746,1.1999635310051548,1.0426967951058668,1.0704130176100148,1.0317983200618357,1.2731936296531252,1.1615727034316183,1.373674513934556,1.4084376700515577,1.8596438168531113,1.6202905492395099,1.4220299887458783,1.2914498693172785,1.1666590459013086,1.1517755322526537,1.1931585056413254,0.8997124146159176,0.8545640434315684,0.9236775443877093,0.9524925513958269,1.0386670297859173,1.1797112370595677,1.1797090733022988,1.1797115996156253,1.1797103602815862,0.8590564830425207,0.7133714566963981,1.0291735814777299,0.9418743783698915,0.9263027451576924,0.9447618071621424,0.9710191061211384,1.0055507366820133,0.8530870922836287,0.8813819904355463,1.0357197524026613,0.9081573483551953,0.9283193008150766,1.0939239208839866,0.8951317368459528,0.9081573012155667,1.3003885126225245,0.953928348120451,0.986444991655069,1.196332235457499,1.036882440580138,1.0939270500258256,1.1963332686232224,1.0426666944137823,0.8823021958754327,1.0464647551948218
1.8883009291086614,1.3739488712824932,1.2476570313657842,1.1788566360529456,1.0717492002116982,1.055508069107256,1.0852497152916427,0.9282752008646078,1.698540929036501,1.3914673921761251,1.256725553247961,1.149893338252798,1.0644814488423968,0.9753780278332522,0.8983566734742525,0.8591127165286543,0.8604466957754988,1.1667897324573289,1.113616260395033,1.0349708370692847,1.1694725924968732,0.8731098423811307,1.1375379682854443,1.3475543785326958,1.7576066788555074,0.8494461929489183,1.4448869694023798,1.4475296445766561,1.2667659326672476,0.8837612517756825,1.236298075475142,0.8267018040210155,1.5142302926374027,0.6964203771029563,0.976307173787649,1.1344160852558154,0.7856997199448935,0.7856715937386884,1.0564177437219529,0.7972179029094528,1.433409241913142,1.6870493410407283,1.5676552293302815,1.452480442814799,1.3212092139839966,1.2013019159453666,1.2156881890052198,1.067201536485861,1.591051286277189,1.437167852308038,1.2910620002036313,1.175047882990789,0.947044049729487,0.8662349435947967,1.1166298960621412,0.0,0.15193550143739717,0.919074956032395,0.6691086611197996,0.7140617182665062,0.6898295333442871,0.3407036711738217,0.28503980398800444,0.5525379828467845,0.7717826424993584,0.5958076056466189,0.8500147692104955,0.8854615290510686,1.8175430559475905,1.6851522001900245,1.573819765701959,1.453200275205116,1.3180218635577188,1.2010516479769908,0.939703979319804,1.1667854846297567,1.1532746844036972,1.2072027056405867,1.1581316819334706,0.820862432278415,1.2099111822523378,1.2099089753505006,1.2099116616817838,1.2099102569636562,1.1311341060875315,1.1004461141475077,1.2356544575054973,1.1260102709100328,1.0272696942526203,0.9292858994799001,0.847342436196941,0.807447894226841,0.8839088564546577,0.8160147203788504,0.8015306762735667,1.0447706136807882,0.9546981283760885,0.8565016484776795,0.8623674863983827,1.0447703161272281,1.4555367199039035,0.8791030204950655,0.8405244301019619,0.9089036823594705,0.8373864084807706,0.8565064381617407,0.9089015826973832,0.9090815942499364,0.9640997268565735,0.8491266106898668
1.8825548310103897,1.3430372169460774,1.2251304858449525,1.176096339313357,1.0944729858627231,1.094214957569991,1.1311436190808593,0.979907669993028,1.678605455479135,1.3677460942116686,1.2348042935214294,1.127436596877208,1.0500966447712228,0.9694467558238763,0.9053055997737768,0.8797116452889744,0.8974141538452336,1.2333598026721633,1.0986205392212345,1.029562472996996,1.1562885115200352,0.9083774656860811,1.1163254908744775,1.3099316927860698,1.7345698513280623,0.9343181115592362,1.495347585065448,1.497931565205689,1.3270294987848605,0.9658629686389975,1.3102127064686948,0.8897132867355073,1.5681219049079036,0.78265150436542,1.0505349723548565,1.1945571079675223,0.8539688648336954,0.853946679890586,1.1140096785422824,0.861207639738724,1.4798833990033091,1.6683983915628005,1.546388835998581,1.4256086108183368,1.291312163179834,1.1793936740812538,1.2035002521390195,1.0706035290596188,1.5801117497029407,1.4091390001286508,1.2569352972718277,1.139895973074143,0.9302205332240225,0.9041547393455082,1.0923366259801797,0.15193550143739717,0.0,0.9757529779587627,0.7297251658982082,0.7822254940738361,0.7658869002191196,0.3281708572447044,0.34157981378571234,0.6033525522856854,0.8565014943339685,0.5928790912005548,0.9175889262150582,0.9591176406374904,1.8014297416068026,1.6631083299826506,1.5502215614522792,1.4233585839634812,1.2843263104876304,1.1734312351215213,0.9292477425380669,1.124744264316934,1.1105991613427657,1.190957379616106,1.1273963422440614,0.820206024616388,1.190453881686597,1.19045172153939,1.1904543395037217,1.190452980951477,1.0835251921555786,1.0684431922489313,1.2065706330907042,1.0947855965782292,1.006477744112069,0.9158784307466808,0.8476632660150825,0.823340520992582,0.8789818883079151,0.8314353513786676,0.8245017616038528,1.0300205858145206,0.9472422774127213,0.9000415585961916,0.8759324453752593,1.0300202445610704,1.4276867580578425,0.884270644590498,0.8590926791566835,0.963943720578837,0.8715362173495308,0.9000460642327048,0.9639422935242182,0.8917084946868761,0.9581236170543729,0.9003153730791565
2.006688374147824,1.6684853642766908,1.6082516308777608,1.3472576766999123,1.0667671407719217,0.977579309066866,0.9205692924090265,0.6214229731583863,1.7682695559232693,1.5205710293951884,1.4293206579959918,1.372255773309319,1.305904300225285,1.2412622961218795,1.177203816255623,1.1296581394036187,1.079154648848083,1.1011281306782514,1.1795417364749519,1.1758638692558936,1.229027460493409,0.8923752088040031,1.2083289074522132,1.5961417732601377,1.8159017108829167,0.8069528668162632,1.1208166698040216,1.0973767469712816,1.0199754185893852,0.8173331823416953,1.026185332789823,1.1468632469118079,1.2100115564810885,0.6289469512092514,0.7802089072298166,0.8519599621345902,1.0353483913909516,1.0352827562753757,0.9691522467646639,1.0219453512554182,1.180512577630453,1.7980364386989125,1.7466595513693426,1.6806839753285985,1.6085246847041978,1.5488667949601425,1.5628694548468416,1.4277425029369648,1.7644380270774174,1.6374982340954942,1.561923191178029,1.5003699007167743,1.3636396242348816,1.194400208729328,1.3118543930542927,0.919074956032395,0.9757529779587627,0.0,0.4757889552390782,0.4065063685677739,0.4997306539118828,0.9770896232236556,0.9215215915329704,0.7530739082613357,0.4784925584197396,0.7229645328859511,0.4586933933204905,0.5059487351946682,1.898935822366193,1.8002447125301424,1.7538279652574755,1.6811541346023544,1.6009110527512938,1.5360024652932152,1.3747028807818036,1.4914197488152872,1.4778907997056516,1.504850377930415,1.4787455612593992,1.275131847854536,1.544986432460154,1.544984967204445,1.5449871346602193,1.5449855267606663,1.44651937110285,1.2937444060300203,1.426371818721455,1.3720727229733918,1.2964996019704726,1.225536300085244,1.1595347930142126,1.1131663393264513,1.0773117336689626,1.0250504056052303,1.136128858443229,1.2658881165783078,1.196067430114538,0.9942588338743122,1.034122772447953,1.265887833097038,1.643633015180396,1.1309644856885548,1.0849421469095817,0.9390083637575634,1.034693845760595,0.9942651436826621,0.939001333062855,1.225868711352811,1.0369065550005776,0.8261087420610219
1.9915290658884668,1.5618330246516883,1.4814304312894717,1.1399304983123757,0.8570864309973739,0.7905428487896512,0.786573815688854,0.5320911297227494,1.7454795022601848,1.3900103417089715,1.259779015369461,1.18130615866187,1.0969273963267412,1.006297008691844,0.921531491614188,0.8672116339995914,0.8259264050237556,1.031729505951303,0.9895628344089911,0.9550147179398946,1.029224116939871,0.6088317137255307,1.025380939346767,1.505714685693536,1.82634187183672,0.7783718608339866,1.2713600870984012,1.2582681079999745,1.1353567778988947,0.8003459128123649,1.114752285044777,0.9346851370259807,1.3423282285030775,0.5834997041936774,0.7046098719301923,0.9802688397331171,0.8492713709578623,0.8492084089330666,0.9565761330773738,0.8417789954386837,1.2654262192677619,1.752316529993056,1.6631056615282285,1.5735186483414947,1.4783108054788856,1.3988831860341575,1.4181880951391794,1.2058544651847543,1.68716310298268,1.5025935644126396,1.3870580677479467,1.3045624983355688,1.1168317987487275,0.9375965996449249,1.111438538540848,0.6691086611197996,0.7297251658982082,0.4757889552390782,0.0,0.11077883370249521,0.2654559553175261,0.6925169914151389,0.6311183871812801,0.4753795188927016,0.37560950990378794,0.6121375915168128,0.6738869835952462,0.7253279634886908,1.9042005927737955,1.7768308844290817,1.6913559855376605,1.5938284841191745,1.491169122373734,1.4082073456379935,1.2219415768369102,1.3292633101792182,1.311363709126145,1.3519621605510532,1.3237241186967095,1.0681835212627377,1.4208488814697269,1.4208470085049612,1.4208495558984486,1.4208480623891275,1.2837721354883769,1.1413107716669615,1.2560708004041368,1.1789375534768327,1.0848083042585757,0.9885571598605597,0.90152848573415,0.8477691842747233,0.8122508102164814,0.7311181816382991,0.8808640967351083,1.0518434820913345,0.9565602351347801,0.7492463302524446,0.7463475983734386,1.0518431869321525,1.5547339971760148,0.8698556247786836,0.8156074167226018,0.7435346600022593,0.7718537077576602,0.7492524848221507,0.7435291743461692,0.9959704932545702,0.7958799026958632,0.5771026194612292
1.9896272623638116,1.588868694383418,1.5080307308392837,1.1603256585909918,0.8682184935769134,0.7841771680177582,0.760784618725556,0.4843188009771456,1.7487138887555882,1.4092602672445647,1.2860168216883174,1.211905775334758,1.1274218016169197,1.0379449768228783,0.9519952083875307,0.8931650663519223,0.8413291691744642,0.9894019062348963,1.0271716640338255,0.9908783704556803,1.0694685035922553,0.6423457717994835,1.0625899567330792,1.5281894537498228,1.8333491814413179,0.767969526310188,1.2376712581221025,1.2217019943662748,1.1020303493857528,0.7888190731164414,1.0673889592213464,0.9584502167705106,1.30035119503543,0.5803779525297225,0.6580645752529459,0.9454294197687828,0.8586714616615407,0.8586048892424819,0.9372578331939863,0.8515442703240057,1.2292720934517678,1.7612479863563397,1.678997951026647,1.5950443121638056,1.504952472469955,1.4251254378991847,1.4404672703149535,1.2354418698696212,1.6982864215806783,1.5302204804462614,1.424276714282699,1.3456184125171387,1.1615390269504853,0.9761814033947879,1.1617796466526746,0.7140617182665062,0.7822254940738361,0.4065063685677739,0.11077883370249521,0.0,0.20497184608434907,0.7546502591576195,0.6850403330293747,0.5386153754171935,0.2866489661468035,0.6600783683119175,0.6302071862287549,0.6729029250463201,1.9016220905064838,1.7816836429675995,1.7026510613130421,1.6108808154939915,1.513468541795884,1.4305569483122098,1.242090777235167,1.3620170113148398,1.3465427577834022,1.3775828753541328,1.3525615075344952,1.095657305496373,1.440448727389854,1.4404469247404088,1.4404494240484227,1.4404479046663734,1.3197192238341882,1.1796297750989926,1.2832375430899852,1.2109486566069245,1.1166107501161113,1.021708540108214,0.9335691096250637,0.8751614363291802,0.8562304371973178,0.772865071436295,0.9041621793053943,1.0823986958077725,0.9882944071165832,0.753359358299074,0.7836589170123767,1.0823984187615503,1.570294776980099,0.9004670786011681,0.8418982864151329,0.7250285984493533,0.7879776528071853,0.7533656325173982,0.7250221525774951,1.0260656821497,0.8355027566840691,0.5756713210438429
1.9512761976394406,1.5913685437839904,1.5006260765100334,1.0976820647649206,0.8210325466075394,0.7250349893122324,0.6886828416345371,0.4077141668199314,1.7198361262254764,1.3773456556305748,1.256922941950651,1.1822329004734013,1.091139960902004,0.9932931706595888,0.8975667725316193,0.8293004262859776,0.7667882933230322,0.8864986632308034,1.0411422728591673,0.9843007500824534,1.0905923600210414,0.6597965630332848,1.069076447783564,1.5168533369505242,1.833666075746708,0.8197631021221438,1.276132272721435,1.2585969392168745,1.1273455316314929,0.8432628460114034,1.0476601861644537,0.9556384636532174,1.3072063573508574,0.6566651891419011,0.6099860024359282,0.9739254216899218,0.8305471538276589,0.8304812625474048,0.9353535823686505,0.8286578156235977,1.2171573108155995,1.743814503940516,1.6634729712274694,1.5813840181484156,1.4930768072375986,1.4029830917583976,1.4128335011570818,1.1893041601567511,1.6772417138540612,1.5231319622691204,1.4212707219786036,1.3409630013286904,1.1451008243119205,0.9805948454867852,1.1999635310051548,0.6898295333442871,0.7658869002191196,0.4997306539118828,0.2654559553175261,0.20497184608434907,0.0,0.7594855315722499,0.680149830677481,0.6222985380152525,0.16051676406951482,0.7370311462137394,0.6707321839484685,0.6908024520678744,1.8635955877025483,1.7542699876978534,1.6766827014618757,1.586900261617141,1.4923579670229075,1.4012235507314086,1.1937240139026768,1.3391301092476593,1.3312163134964405,1.3548752233419084,1.3265050055285088,1.0401048695740203,1.4081165630331085,1.408114799842927,1.4081173133545597,1.4081157959283153,1.3045400846946957,1.1928481111516676,1.248151289960782,1.174945729395442,1.0748935229999803,0.9706325090314525,0.8717657466205206,0.8028111927917289,0.8418143953006755,0.7488817511726394,0.8257161461303871,1.04204193260774,0.9385886362429009,0.6563692799494157,0.7459062286297233,1.042041668000864,1.542756229445348,0.8404314624123106,0.7721248299714176,0.6073607396950589,0.70583585425635,0.656375306403132,0.6073535216513265,0.9588813882493822,0.8264790638178241,0.5149199593247864
1.8974579386171706,1.3764713333157814,1.2741403483482234,1.17761574925835,1.0997529844711211,1.1010173972064314,1.1406699851723752,1.0008510414968521,1.6901181566756973,1.353279546100917,1.2289533931898562,1.1381292186930303,1.064005861207333,0.975122481924311,0.9041012104305473,0.8762850984420822,0.8933769146096546,1.2359288218789954,1.104477913995274,1.0426319392786003,1.130062343169299,0.8970870371883004,1.1432951782297858,1.3915080481112025,1.748492644532295,0.9688374678205799,1.480246583111341,1.481307485306227,1.333891539254558,0.9992437953759327,1.3539130013511014,0.9378116920695292,1.5643275911670713,0.7864997651868828,1.082819360451451,1.2460132388619545,0.9437362912711235,0.9437078006629575,1.1999403404234754,0.9572552307802649,1.5016407261449591,1.6448490858671285,1.5228521276246736,1.4121021749256724,1.2900013282436757,1.1904834696573277,1.225078968242294,0.9972487649203841,1.5575045012817768,1.350418115755038,1.2010885920736776,1.1019804063662995,0.8649807373223016,0.8656671085054204,1.0426967951058668,0.3407036711738217,0.3281708572447044,0.9770896232236556,0.6925169914151389,0.7546502591576195,0.7594855315722499,0.0,0.15839108039494829,0.47888527579065454,0.8455166106765089,0.6669635431644815,0.9640873809066628,1.01052112518312,1.8505796541665092,1.7093363756024682,1.5934635381603717,1.4751227673486802,1.3506205788874948,1.2545849234595012,1.046445908713329,1.2025301082886202,1.1764745397316159,1.2577156880307603,1.224001554595936,0.9602777428460494,1.2767854501275053,1.2767831919529045,1.2767858393306442,1.2767846018217615,1.1706509597954868,1.1466104343740033,1.2053254146900512,1.1128767350095492,1.0310019201678562,0.9372132958327163,0.8653662671099898,0.839346367011194,0.9057658524281877,0.8507802222781853,0.863111659653623,1.0523649457202344,0.9662790565196023,0.9138391616004453,0.9041333906116614,1.0523646427001139,1.4612574970468155,0.8987469460288331,0.8709528663675717,0.9763473759820186,0.8828074319878613,0.9138430170521911,0.9763461434531723,0.9624699845680028,0.9949246202154214,0.912741600119095
1.898346742147818,1.3986008174847382,1.284788942257602,1.1720872917397023,1.068577845648257,1.0539216827698565,1.0870383138589976,0.9438635202217925,1.7065369703320132,1.3753936997919243,1.2464836877788081,1.152651778817326,1.0693998600263857,0.9726108826194901,0.8887503182485574,0.8468736099356264,0.8473598071106778,1.1621706170971926,1.1134762317816373,1.0397286949684892,1.1418041859137704,0.855232595363203,1.1549930506389345,1.4118435545413375,1.7692471487163581,0.8809793066479961,1.4281305171261187,1.429367677933815,1.2701161026764498,0.9139317139421704,1.2745864710527628,0.8634408193839973,1.506899869433509,0.7003604473631794,1.0018465938001122,1.1810829459700345,0.8651776641888983,0.8651445222422454,1.1335889180602123,0.8827483234973893,1.4490504585313244,1.6654861222683173,1.5450678790345778,1.437992161195956,1.3162209288300177,1.2054335591736443,1.2280940976995705,0.9939448232320961,1.5682122260249922,1.385143921228877,1.240866575614691,1.1383333750835671,0.884067621749861,0.8190072890445848,1.0704130176100148,0.28503980398800444,0.34157981378571234,0.9215215915329704,0.6311183871812801,0.6850403330293747,0.680149830677481,0.15839108039494829,0.0,0.43085196725863,0.7573530106030243,0.6657624943145928,0.8975740077770002,0.9374411256678505,1.8574028957637443,1.7218280898976355,1.606676482035817,1.4925716165571947,1.3687822006129042,1.2640478726025306,1.035372449281439,1.224218078165053,1.2012980417351342,1.2568315123861713,1.2319691327335454,0.9349966978978881,1.2777350750376484,1.277732776411756,1.2777354947357384,1.2777341985520687,1.1961814313670023,1.1601338334940972,1.2298666269921565,1.1353077773034435,1.0413200824864604,0.9402416321348497,0.8547051585619764,0.8130646714388755,0.9005578935318468,0.8253306492342233,0.8272475445656043,1.056954575344334,0.9636899930315513,0.8609452903219584,0.8790401894025098,1.0569543133309744,1.4801152549145151,0.8836768482652391,0.8424972349461127,0.9133011034237747,0.838941705565344,0.8609494380083814,0.9132992402995608,0.9621109756564866,0.9898829593883597,0.8533372313959056
1.9424879781664155,1.5018842612673076,1.4244429620331562,1.2399306856133356,1.0090439204080204,0.9815019065311,1.0115408776839465,0.8418612934564155,1.7800864603319508,1.463851334586846,1.33780171259713,1.2529583107831073,1.1828396090833158,1.1017357544561905,1.0275249283669523,0.9870700636009935,0.9731322812862923,1.2182146981798725,1.1076111732782865,1.0802691455653155,1.1109414850528596,0.8085781138790621,1.1365511267296502,1.513104956776801,1.8102863279210741,0.7081324674002569,1.283336446270696,1.288257011142419,1.1127008377675818,0.73779975130142,1.2003422705943685,0.8743752654306187,1.4074471270780466,0.4702513382267631,0.9588887314769302,1.022942272572804,0.8885415714530126,0.8884922397381994,1.0340709444040965,0.8980988062025812,1.333655737051627,1.7392403172046027,1.636542144345143,1.5467268490244614,1.4417629486592574,1.364537667256479,1.383684609944946,1.0747134275915848,1.66062428024243,1.456635763409819,1.3237802459908476,1.2372083291829596,1.0400902529671812,0.8472977361650091,1.0317983200618357,0.5525379828467845,0.6033525522856854,0.7530739082613357,0.4753795188927016,0.5386153754171935,0.6222985380152525,0.47888527579065454,0.43085196725863,0.0,0.6939494893657913,0.517442804871221,0.7427687529833488,0.8061181981136777,1.916804492988924,1.7967738357025396,1.69507429102433,1.5977900286961775,1.486292185527429,1.4073756580644567,1.2360664442207958,1.3159273177039421,1.3030915500254519,1.3406141122214073,1.3090311566031716,1.0682882850593869,1.417480352878159,1.4174782471499334,1.417480831633123,1.4174793534450454,1.2746828898829794,1.1427488722729746,1.3362907745232355,1.2527082772186229,1.1713266087700631,1.0870061318357254,1.012456625762391,0.9729356021192007,0.96267955417621,0.8869977652980519,0.9940989572697283,1.1601346021830052,1.0790583387437862,0.9568366199781194,0.9029798912901347,1.1601343519422058,1.588258957344317,1.005994221058294,0.9657447793569792,0.9907289321808781,0.9496548078539157,0.956841915078293,0.99072528075089,1.1106030037163914,0.9722789015704969,0.8468973097128442
1.9628217911194916,1.6382545939773239,1.5474413475054816,1.1673438488582346,0.8921652521220147,0.7778247887954589,0.7168387319283719,0.44368337186671025,1.7464846256604918,1.4328339885650598,1.3228914165666341,1.254657467654237,1.1655786937185248,1.0711634786383348,0.976005128096703,0.9038030901250563,0.8296167175434856,0.8450321058514227,1.1247684572758703,1.0677984787721848,1.170695422882737,0.7462645859703101,1.1572197163049018,1.5698681362439895,1.858015726860014,0.8146395188248914,1.2332227322400902,1.2125876429897309,1.085706968852898,0.8366564199025782,0.9911807828985081,1.0000887712689925,1.2540932526363013,0.663708454970507,0.5916049313452892,0.947128434081328,0.8714990208110448,0.8714298440173746,0.9416563070327668,0.872800409823118,1.1858624417672015,1.7695675107976938,1.6973655484854706,1.623709329785755,1.5418661748387814,1.4518535668663912,1.4563331088096183,1.242441373922325,1.7031198725314052,1.5719514741210465,1.4820516724082688,1.407452466187019,1.2149263427013008,1.0376137898558804,1.2731936296531252,0.7717826424993584,0.8565014943339685,0.4784925584197396,0.37560950990378794,0.2866489661468035,0.16051676406951482,0.8455166106765089,0.7573530106030243,0.6939494893657913,0.0,0.8188163345500933,0.6435867139058435,0.645610291749417,1.8830532162306348,1.7833778394770168,1.7125435862301193,1.631407295236549,1.5436926138902627,1.4535868719437304,1.2465553048965243,1.409321397628183,1.4021292864674222,1.4116705944043322,1.392596773490677,1.111301018062102,1.456281776313387,1.456280071971811,1.4562825225831177,1.4562809812454087,1.3797794894549664,1.2709326771692098,1.3179152711378923,1.2520938081413049,1.1534269194058475,1.0541045046285904,0.9568217056469833,0.8842333079102124,0.942829579478655,0.8486492226781069,0.9006262652411423,1.1222162062022343,1.0240165699813728,0.7204235009396199,0.8486569167168323,1.1222159807627576,1.5878208923941841,0.9277544438106444,0.8564177641236537,0.6414047330908693,0.7807827518808834,0.7204293907719127,0.64139641044691,1.0481928469666224,0.9327265841053254,0.5858943537891139
1.9634853104524175,1.5207459602036961,1.4595121220388216,1.3483949515119216,1.1287993957716056,1.1099672308887876,1.1266440862033351,0.8970524296781845,1.7757321094258989,1.5205272975482256,1.408716434255601,1.3235901236944496,1.2660697468823336,1.2077401569022477,1.1568890704690051,1.1314734779846054,1.1275687850893479,1.353166639045611,1.1595022881657675,1.1594933695779974,1.2070370632200231,0.9601264660520005,1.1580865930263888,1.4697970245604506,1.772625231451342,0.8062244946116518,1.3632418570717875,1.3676837907017219,1.1907214121259269,0.8312786904501108,1.2655338000751584,1.044559696645411,1.4928359599832604,0.5710094178892702,1.0631719438653189,1.0181842144073345,0.9926006425152011,0.9925564124515467,1.0435087010348423,0.9827704028932289,1.3926010375694797,1.7807422221900586,1.6985368123599658,1.6055847486130772,1.5023964970620998,1.4407937987865016,1.4656619091583085,1.2952924701542825,1.7373178911761138,1.5617006363297312,1.4416685525621529,1.3556634932557468,1.223099465680993,1.0939253097452546,1.1615727034316183,0.5958076056466189,0.5928790912005548,0.7229645328859511,0.6121375915168128,0.6600783683119175,0.7370311462137394,0.6669635431644815,0.6657624943145928,0.517442804871221,0.8188163345500933,0.0,0.6425388071919907,0.7341743682794996,1.8758533073378207,1.766724455166473,1.6935587279320745,1.5949349460196285,1.4822331291037867,1.4145917085359163,1.2511606583856996,1.3235319865556048,1.3173742760330307,1.3863144662929463,1.3130221399499526,1.1064061863010728,1.4310278099161644,1.4310261024109872,1.4310283575384484,1.4310267652065947,1.2599773705930906,1.1121658769674314,1.3920023769110803,1.3061869059085796,1.2397520790769592,1.1721320719808892,1.1186096053848131,1.0951112266322984,1.0338652005512754,1.0004495206637878,1.1111882267636015,1.2318419770627296,1.1669049201026689,1.0880541628762401,1.0094826550564366,1.2318416116413426,1.5954732768509294,1.114930280852606,1.0903864879585534,1.1141473879485742,1.0838064602242687,1.0880600771968871,1.1141435072503976,1.1528647552149636,1.0084655729885936,0.9761331999487571
1.9424224572250142,1.6630115115078323,1.5949049403316928,1.4462691360791649,1.1816141055642204,1.1011991750194332,1.0578488345069075,0.7975353810631125,1.8096486497829818,1.6264286134313726,1.5369397138216034,1.4685171764563332,1.4053204329914386,1.3445625049628793,1.2817329520889795,1.2350864436333278,1.191218541418482,1.2028143464272474,1.3222106052839555,1.3074466268203226,1.368026348265931,1.0567260206716758,1.3333976569454513,1.6090028873319129,1.8164358417351698,0.629764275095025,1.0764484767823497,1.0755940054843314,0.8692346044026695,0.6472118416893458,0.9427354351885859,1.1080775817572839,1.204611726854639,0.4391422485525639,0.9099494370266301,0.6959046976107812,1.0089034854235237,1.0088409454780511,0.8969475281433767,1.0044224164770388,1.149288854286682,1.8289026562567117,1.7774030976215336,1.7142073116288272,1.6354815572488421,1.5676585079959426,1.5696396719303214,1.4137628859917095,1.7858131372608421,1.6898362562768545,1.6110307362396996,1.5416082611851385,1.4041060116276103,1.2122894655001404,1.373674513934556,0.8500147692104955,0.9175889262150582,0.4586933933204905,0.6738869835952462,0.6302071862287549,0.6707321839484685,0.9640873809066628,0.8975740077770002,0.7427687529833488,0.6435867139058435,0.6425388071919907,0.0,0.12622896874203232,1.8734758512207295,1.8074628119779799,1.7624781180490292,1.6965336406897853,1.611086917437239,1.5407817723987653,1.3668371643290844,1.504282717044075,1.5053220846230726,1.5119401848188647,1.4723813282562466,1.2501296544645135,1.5392612743129857,1.5392598101436976,1.5392619103095062,1.5392601908573131,1.463161470936588,1.3204010054171564,1.5324681513117195,1.4663270458988207,1.3915321952913542,1.323904290721949,1.258633839281055,1.2124090897563413,1.211405871377496,1.1521500203947053,1.214743453328112,1.3745075712130685,1.3089127817341237,1.1245504664099386,1.1521388144796447,1.3745073162924852,1.690735222025574,1.2453873539300082,1.2002280792144424,1.0860930033461027,1.1563907329585996,1.1245567712596813,1.086086424028311,1.3089389545870462,1.180155094060279,0.9914733750185163
1.9373715156811366,1.6797204071612524,1.6073087502782346,1.4566550149717614,1.1946684904448324,1.106447695309686,1.0549202867929928,0.8060080813185865,1.816100094555141,1.6418152754415274,1.5536480734306075,1.4855812033074356,1.4208405539981275,1.3596634576108346,1.295200346489773,1.245622232432772,1.1964432843961874,1.170155557380102,1.3502810522781237,1.3292487515664246,1.3975298947385213,1.080139424069882,1.362264336232642,1.623725959443966,1.8300036658168188,0.6313693091029573,1.05270349566963,1.050859716045431,0.8322631316388588,0.6475271536563073,0.8756802147886106,1.1121182790953097,1.1632910722718917,0.49041008773696126,0.8884391838331057,0.6605729969763922,1.0030767722143563,1.0030132155422362,0.8739294479902003,1.0005110309190368,1.113178900920706,1.8384964576911453,1.788411977202302,1.7278026675942668,1.6505982908740742,1.5788690297669428,1.5758562114234993,1.4274511033605566,1.7908699490909574,1.7095507606155442,1.6343272633756283,1.5647519373134706,1.425016242318561,1.2274517635796856,1.4084376700515577,0.8854615290510686,0.9591176406374904,0.5059487351946682,0.7253279634886908,0.6729029250463201,0.6908024520678744,1.01052112518312,0.9374411256678505,0.8061181981136777,0.645610291749417,0.7341743682794996,0.12622896874203232,0.0,1.871091380594072,1.8110127920543035,1.7675209981753295,1.7053147651279847,1.622302015734359,1.549078631142965,1.3704170300044776,1.5214638834232184,1.5246074735145616,1.520483948399102,1.4851170449858238,1.2561828106545267,1.543726963680787,1.5437255294741046,1.5437276157081716,1.5437258748263178,1.4844310673524008,1.3485153807309886,1.5507904983428662,1.4851836122967894,1.4081604820210643,1.340437258456599,1.2735287914647149,1.2241176281609927,1.2371447041265022,1.174102064588411,1.2218987327201234,1.3910976093087222,1.3254456275836912,1.1273656338166493,1.172789434754438,1.3910973749820514,1.7005641285481288,1.2604576221962716,1.212545979610936,1.0803250666120274,1.163908046381199,1.1273719156059256,1.080318197039176,1.3238881273427456,1.2092654321960523,0.9996046943340788
1.311499054626942,1.7616743356461189,1.8031975531963857,1.7796274537882892,1.8698471599275122,1.8839897292142096,1.878013139126398,1.85823333459451,1.0985874314353017,1.6307275485532808,1.7108745154911227,1.721106397899443,1.7476219554242953,1.7771450528901023,1.7983900305481157,1.8103633610741983,1.820717860397377,1.8632008176104788,1.8133095136445825,1.828965955608708,1.8556616554932897,1.9046611165170904,1.800876463008349,1.5861095990400285,1.3568337894832512,1.9688772831336738,1.986128718560421,1.9754299704908942,1.94080842905054,1.9755029857817237,1.9364447456199978,1.962106084244727,1.9702142729956127,1.946417075914235,1.8997806023897914,1.9019222414559376,1.8795758236719848,1.8795614570464478,1.8846528133597151,1.879893674073904,1.8736825533558072,1.3727127406482091,1.5148603844589241,1.586871808458922,1.6528056624098288,1.6957466709000755,1.6965256647853435,1.8696290214477544,1.526976549505828,1.6797740619014576,1.7609886082314752,1.7756821640592462,1.8362603647975824,1.9356202474533015,1.8596438168531113,1.8175430559475905,1.8014297416068026,1.898935822366193,1.9042005927737955,1.9016220905064838,1.8635955877025483,1.8505796541665092,1.8574028957637443,1.916804492988924,1.8830532162306348,1.8758533073378207,1.8734758512207295,1.871091380594072,0.0,0.9522389299137345,1.2523112319172385,1.4209468866189745,1.5374688054862629,1.6033531322181882,1.6850011562610663,1.6381330034270642,1.6799193263349828,1.7046578647317172,1.6630673371780686,1.7570254699613523,1.6168255883975313,1.6168264942950772,1.6168263243098162,1.6168247991545253,1.6583196483097526,1.748233600921152,1.6833919641840789,1.6982763135692303,1.72731725010069,1.7544104748853595,1.7790332189259244,1.7942970298630723,1.8432691270372616,1.866152381073035,1.796587993690999,1.7492093269490259,1.7722749919396865,1.8203961492287037,1.85513769489848,1.7492091603300872,1.4444474737633948,1.793843606009696,1.8071354239558446,1.8278094465181585,1.818130773346081,1.820398916059499,1.8278087419996476,1.7483899411195931,1.8433567448186408,1.8532873867145658
1.637033665576161,1.344459114273323,1.4323432525828965,1.5929706522989004,1.7498100019903466,1.7727611577134812,1.7788021108204024,1.7724349735456388,0.7131243463842827,1.2959379016891124,1.389138414658732,1.4130083057632987,1.461030481727956,1.519644837980858,1.5660149743803056,1.5934505646577082,1.6168160565025416,1.7213300111773824,1.5540209081507488,1.5675077109404292,1.6129662099132487,1.7131119599634828,1.5699305687913079,1.1064199362045664,1.0325824289271743,1.8555088649093616,1.9027040411174234,1.8908210343087004,1.8821286481880084,1.8606725020843295,1.8432482966926529,1.785610656139204,1.8845555531230305,1.846352690255654,1.7521146237789402,1.8246882760818361,1.7105905974736202,1.7105839530901297,1.768706445523993,1.7059836465367442,1.8352523777191574,1.0243840373396749,1.075496785698579,1.1232237619212873,1.225242163939908,1.3208288081995254,1.33839438766129,1.7756501784200338,1.1286599669327142,1.3691339525896382,1.4603539792816074,1.480161768486039,1.5911355726984189,1.7385444837367332,1.6202905492395099,1.6851522001900245,1.6631083299826506,1.8002447125301424,1.7768308844290817,1.7816836429675995,1.7542699876978534,1.7093363756024682,1.7218280898976355,1.7967738357025396,1.7833778394770168,1.766724455166473,1.8074628119779799,1.8110127920543035,0.9522389299137345,0.0,0.5952027684651492,0.8499627888241558,1.0693176645076774,1.2072112754521707,1.4013988475409045,1.3476191540377547,1.344156686875416,1.3991870364405519,1.4113821795849983,1.5740837110170245,1.2431561215533289,1.2431577965799196,1.243156768042722,1.2431556073316385,1.373745335849232,1.5200177084592035,1.3755395484281994,1.4016610626748598,1.4475229896068948,1.5051487344153558,1.554319702581908,1.5844778246238589,1.611677706171663,1.6547785168677427,1.5891520045995693,1.4832174070126407,1.5332158357343004,1.6419667675822183,1.6729874952453092,1.4832172729674726,0.8771634548451837,1.5767368704167342,1.6032282325753988,1.6668091127842501,1.6267284745163313,1.6419692203221121,1.6668096197738325,1.526435493407561,1.6549755571174392,1.6904603595724343
1.679643120631185,1.0362629995679007,1.1394197834808957,1.4274198518805394,1.6321643409077196,1.6652804354634232,1.6862927998609483,1.704088258235876,0.9585905802953161,1.1334272931852793,1.1804859293109031,1.1900469845154995,1.2509983744930495,1.327071061739075,1.3878868055350035,1.4256079796843957,1.4610941396195152,1.6248032462856294,1.3907682863745163,1.388213264689363,1.4456580196496225,1.5751261546401316,1.417417098229157,0.8289327444707323,1.2041786165804385,1.7568688269009403,1.8513820232302387,1.8434154725073812,1.8182783393771451,1.762224257189487,1.7665506940321463,1.6153459603732963,1.833278196758619,1.763342771378764,1.650689489433668,1.7580364293839128,1.5570554532812357,1.5570577673504862,1.6650029276187917,1.5542765670833418,1.7782433866755687,1.02343518732484,0.8391276499238453,0.7992831442738872,0.883808651347348,1.0034763110941267,1.0120417030593785,1.6182075274114016,0.8883491698582225,1.1347766057196609,1.1988105972589551,1.2082951462125053,1.3623070727936846,1.5476814683370106,1.4220299887458783,1.573819765701959,1.5502215614522792,1.7538279652574755,1.6913559855376605,1.7026510613130421,1.6766827014618757,1.5934635381603717,1.606676482035817,1.69507429102433,1.7125435862301193,1.6935587279320745,1.7624781180490292,1.7675209981753295,1.2523112319172385,0.5952027684651492,0.0,0.400079188141646,0.6951624456327739,0.8862175742741276,1.1890885484664706,1.0742319449879976,1.0558697255129244,1.0940815796356147,1.1567038398743406,1.3840432990186242,0.9228141545815758,0.9228162111221877,0.9228146190535614,0.9228138096090841,1.128393136019234,1.3377232262669378,1.1909793180981905,1.1979555745045563,1.2471865378901452,1.3234966725907822,1.3858457355475322,1.4246889308265982,1.4535276794836167,1.4990753581199934,1.4232735118640287,1.2942645660340488,1.3599020646662117,1.5103280206396272,1.525758022221591,1.2942645262678285,0.5882541835658424,1.414568797858753,1.4486259908197596,1.5563508871371177,1.4825660257121314,1.5103301187817926,1.556352291661416,1.3629187140417998,1.5229236335470833,1.5723452658068173
1.7842113180078516,0.8216923626553759,0.9108600954141542,1.319132323247441,1.5467938844190898,1.5852939323930086,1.6149325333541877,1.6289707532521107,1.106123456605253,1.0278824604790964,1.0204714640618726,1.0065838974031731,1.0709125743815358,1.1591829311436679,1.2329463427580187,1.280682425721023,1.3287537467909174,1.557411652815301,1.2460491674904919,1.228126886962801,1.317690661560805,1.4523288820949898,1.2841161890491821,0.5356926421176414,1.3049936065291776,1.6750663397732808,1.828796288127777,1.8218112198967555,1.7845471661535608,1.6816099674367313,1.7189832774261984,1.4931049903363625,1.8186959499906858,1.6803029048856608,1.5617795295162469,1.7060236464643053,1.4377849705785029,1.43779268571436,1.5894355164850396,1.4326232310224745,1.7632146566730176,1.1429015371247888,0.8720407213901358,0.6867926561890306,0.6645761890832068,0.7744078366930287,0.805609312775701,1.5422262696376272,0.9522658579694147,1.0682018148421186,1.0611276604145958,1.0357711703380579,1.1992333457925015,1.4188380693137725,1.2914498693172785,1.453200275205116,1.4233585839634812,1.6811541346023544,1.5938284841191745,1.6108808154939915,1.586900261617141,1.4751227673486802,1.4925716165571947,1.5977900286961775,1.631407295236549,1.5949349460196285,1.6965336406897853,1.7053147651279847,1.4209468866189745,0.8499627888241558,0.400079188141646,0.0,0.3516309942537408,0.5972853627827158,0.9853220242806658,0.8736068812133198,0.8110608968728262,0.9042309032319528,0.9878652166964248,1.2329586925145317,0.6705259343004387,0.6705282318693275,0.6705262725423571,0.6705259960938964,0.9286876746051956,1.1959066627761963,1.0333270239768377,1.0144034660658303,1.0634882158453338,1.1531882904130042,1.2284957261639675,1.2773954700359151,1.2960065260337488,1.352199317726006,1.274837477148375,1.1255726074667842,1.201008392256542,1.391146786850263,1.3951127087451558,1.1255725617845738,0.4196582799182752,1.2660009419343083,1.308214618477168,1.4529533754604194,1.3528917055497147,1.3911487691410898,1.4529554147798787,1.199089019404443,1.3948104459658406,1.463568672574151
1.8353082639807763,0.6494183761958521,0.677573927702776,1.2431219541459082,1.460415730201354,1.5006847990663055,1.5384147454580852,1.5482205122070434,1.278104381362754,1.0474252962241213,0.9586189064056087,0.8943694234290692,0.9418110869942675,1.027517241655406,1.1027712375803804,1.1541135214391853,1.2105248013044496,1.4927680011652906,1.1331630727131126,1.0943980926556802,1.217570667328994,1.3305646195304632,1.1767474025763178,0.3493866827135025,1.4074693516768866,1.5636420219082354,1.7779481067388236,1.7738316968762426,1.7171905942495156,1.5711631164065303,1.6422053329738822,1.3389107983966972,1.7770951874693561,1.574665527496223,1.4641416668424074,1.623043212139727,1.2908608481554489,1.2908756936580588,1.4832407741406137,1.2841852535672977,1.716785494549087,1.286180954324013,1.0003829119250052,0.7530714679657657,0.583083773036643,0.6094426884370703,0.6417290653273262,1.45681510248244,1.068679982770312,1.0812043742682402,0.9870290404664029,0.9036629144399353,1.047818956539556,1.2700540149695123,1.1666590459013086,1.3180218635577188,1.2843263104876304,1.6009110527512938,1.491169122373734,1.513468541795884,1.4923579670229075,1.3506205788874948,1.3687822006129042,1.486292185527429,1.5436926138902627,1.4822331291037867,1.611086917437239,1.622302015734359,1.5374688054862629,1.0693176645076774,0.6951624456327739,0.3516309942537408,0.0,0.31468461390526636,0.7812436552226768,0.6906438058600447,0.584157544634712,0.7064491846724448,0.8090727169718626,1.0583457769663676,0.41849828454075755,0.41850015016391245,0.41849832284730754,0.4184984148314518,0.7401893967967947,1.0469104611824105,0.9786288560170547,0.908304577206418,0.9321028436453622,1.0196553363382408,1.0958648295764586,1.1480930775051839,1.1552529501186246,1.2124973294432624,1.1380367663376398,1.0031414719967757,1.0756154778002418,1.2833509367007059,1.2688153621553218,1.0031414265086402,0.593656380277441,1.140459996488235,1.1848753573620927,1.3598367439475607,1.2362082066243831,1.2833530953983472,1.3598390270730951,1.0640649887265896,1.2783828620093087,1.3566573285257675
1.8602647276927518,0.7173627233299007,0.5799057721666865,1.1748336044872598,1.3916688253828033,1.4250153989396142,1.4637969239654944,1.4729918908826207,1.3768802255047898,1.077352642203585,0.9408174476041902,0.8380238409663572,0.8454325206206529,0.9104143792200937,0.9747049551416246,1.0210838470831463,1.077906229383882,1.3866724559167465,1.095650048844701,1.0134393629600094,1.1916296514649447,1.236561684611128,1.1472109492964357,0.5075603363561008,1.517156756133684,1.4754597483109584,1.740858896888381,1.7372849679602191,1.6637227238607828,1.4848985137365984,1.5604825500022599,1.2067330828844143,1.733646247135285,1.4920750131557874,1.3615181265722784,1.5598629871119454,1.1527769064657776,1.1527984537573106,1.3977203958315167,1.1480252096332133,1.6745260030337776,1.384861897757133,1.1140911068684547,0.8725665318675175,0.6525359614260051,0.5196652998460357,0.5111036991655054,1.386045537252986,1.1478856682951533,1.1509466603051979,1.0172095274811936,0.8900114336862581,0.9430750082215531,1.1539061463021096,1.1517755322526537,1.2010516479769908,1.1734312351215213,1.5360024652932152,1.4082073456379935,1.4305569483122098,1.4012235507314086,1.2545849234595012,1.2640478726025306,1.4073756580644567,1.4535868719437304,1.4145917085359163,1.5407817723987653,1.549078631142965,1.6033531322181882,1.2072112754521707,0.8862175742741276,0.5972853627827158,0.31468461390526636,0.0,0.5285959748435769,0.6685120536412744,0.5557691857000556,0.6225885647009501,0.7499115908839618,0.8954096974909196,0.16879656335006019,0.1687969616034633,0.16879657063963033,0.16879754783671558,0.722108961285528,1.0247905433599975,0.9611143788610663,0.8531229969566351,0.8304442164596685,0.8990712337750291,0.9641250066902024,1.0109446694651167,1.0535352454837619,1.0971612816008578,0.9854727413970215,0.9113284980558196,0.9666630408437696,1.1612696436513856,1.167600643729808,0.9113284934648872,0.7424772659055001,1.0206522830540026,1.0595420171114922,1.245061899270394,1.1103084046979759,1.1612716602977833,1.245064568917355,0.9365856342598398,1.2068806790530526,1.2538032004319228
1.8897804822232322,0.9921800982714482,0.7503771305191723,1.1249450250856552,1.2872452971763604,1.2980971740064642,1.32967110515438,1.310037192228666,1.503945247699945,1.1775986491878652,1.0175465162387518,0.8873186845558693,0.8148813550776163,0.8010922811989616,0.8084622881639434,0.8229473309052605,0.863515115069721,1.1949181885812241,1.094287979988975,0.9586090333554509,1.2023969290055398,1.0884310252564804,1.1510354104699978,0.8665055959925017,1.6429767020408457,1.3007894107235638,1.6637456439744474,1.6598520467702438,1.557139275381473,1.3158472332363191,1.411861666440208,1.0131734393986753,1.6539055312457183,1.3074564527016124,1.1705830937717512,1.4352343187003125,0.9299670978575866,0.9299902796614355,1.2592777728029776,0.9301960284350407,1.6017695548855706,1.5229051126352573,1.3148302936200773,1.1233642244915514,0.926161478988607,0.7005311024014422,0.6722462416426779,1.2941341385852203,1.323406605855268,1.3040280516251386,1.1567290653659257,1.0097533440542013,0.8793625549956509,1.0153187488041118,1.1931585056413254,0.939703979319804,0.9292477425380669,1.3747028807818036,1.2219415768369102,1.242090777235167,1.1937240139026768,1.046445908713329,1.035372449281439,1.2360664442207958,1.2465553048965243,1.2511606583856996,1.3668371643290844,1.3704170300044776,1.6850011562610663,1.4013988475409045,1.1890885484664706,0.9853220242806658,0.7812436552226768,0.5285959748435769,0.0,0.8523769080563877,0.7795713640614715,0.8046228161319847,0.8699251694403023,0.6912344379295531,0.5169388492514925,0.5169364542231568,0.5169393201507635,0.5169387449292006,0.8735600206358598,1.0754467678286062,1.0165979164436403,0.8809003967143378,0.7780810644100068,0.766033192038652,0.7736315237665727,0.7888645218352807,0.920474364786341,0.9236801225360574,0.7352548444064936,0.85725601875176,0.8464190175197215,0.9449318287009034,1.01878698671892,0.8572559533103813,1.0276246082196927,0.8516235821672541,0.86268156151558,1.0268866185539063,0.8979034588633001,0.9449339654060603,1.0268892537485168,0.7683115068466432,1.109509316869481,1.0686056016738505
1.8267576020414082,1.0100498440978947,0.976432808135909,0.9393135979727935,1.1599440393366363,1.239464775559902,1.3111064737765767,1.3548245501367024,1.4744404271342595,1.0347797680655015,0.8458867225742253,0.7083033912378753,0.7549896209972942,0.8352374287966294,0.9114340467957801,0.9735193316535732,1.049635028436941,1.4260788811244902,0.8876602172555331,0.8626500979727371,0.9501892943351444,1.11505596048525,0.8523291657484812,0.8180186995288508,1.628378130754382,1.4306604805698573,1.724684241753265,1.723743659326476,1.6193176610718374,1.4402564663474424,1.5611019870453333,1.1372103577558486,1.7342679250157733,1.441001992319771,1.3297657154077474,1.5002278561460218,1.0966315765338597,1.0966514626762138,1.3075101619067104,1.0903410250558256,1.5865385603952704,1.4870365092946671,1.2541200091171674,1.0658326981243718,0.9001412922738057,0.8577966909544523,0.8685542931984003,1.1881206759549852,1.3154376820389877,1.0832407453590704,0.8782192810613687,0.724326416655536,0.8595391073689921,1.0486707984644252,0.8997124146159176,1.1667854846297567,1.124744264316934,1.4914197488152872,1.3292633101792182,1.3620170113148398,1.3391301092476593,1.2025301082886202,1.224218078165053,1.3159273177039421,1.409321397628183,1.3235319865556048,1.504282717044075,1.5214638834232184,1.6381330034270642,1.3476191540377547,1.0742319449879976,0.8736068812133198,0.6906438058600447,0.6685120536412744,0.8523769080563877,0.0,0.2634871050933592,0.4307021606523069,0.27267661928773396,0.7315173030695044,0.6988066443013582,0.6988055402395809,0.6988073958518951,0.6988062054205672,0.17800963456723182,0.6382040689445622,0.867703822101575,0.7206636778879536,0.7428898549368292,0.8226230824103435,0.9004209545109833,0.9635875417547874,0.9172523911414195,0.97692841482601,0.9514533394245847,0.7774997493553513,0.8490492287501892,1.1093961521380795,0.9716614401245955,0.7774997028000781,0.9718413074866382,0.9205365393144557,0.9784047116524799,1.2198478600614937,1.0485103928223027,1.109398354789088,1.2198503946298307,0.8186362712696593,0.9742565622420775,1.1603958508412675
1.8867414360778227,0.8767368389276127,0.8405669588504832,0.974284251628101,1.2040625899503556,1.2740260612876004,1.3408831739786864,1.3716638710658424,1.4572006924083925,0.9774239232342464,0.7644251753257277,0.6181711728211489,0.6688383099045497,0.7645326509332763,0.8559211791816478,0.9268803122865258,1.0099167945770806,1.4123221164018323,0.8265822451341358,0.7877032904971725,0.9064445422936237,1.0809244651605345,0.8421945823472053,0.6987171650775852,1.5966583522167905,1.4276995137747546,1.7210317533761024,1.7185591537746097,1.6327961147722105,1.4368350646258388,1.5679707814396926,1.1276447687677142,1.7332467151375162,1.4349337677888467,1.3170540412524976,1.515589972261846,1.0948024738946958,1.0948225882014666,1.3323260855049488,1.0853129806160553,1.6220858952022592,1.4545743801220479,1.195051898044077,0.9679686119636544,0.7636819031863202,0.7213938702137642,0.7611194673283832,1.2460725319891686,1.2678026803314104,1.0339596395345558,0.8082671629390177,0.6373315636107545,0.7886168799980916,1.0206953590212389,0.8545640434315684,1.1532746844036972,1.1105991613427657,1.4778907997056516,1.311363709126145,1.3465427577834022,1.3312163134964405,1.1764745397316159,1.2012980417351342,1.3030915500254519,1.4021292864674222,1.3173742760330307,1.5053220846230726,1.5246074735145616,1.6799193263349828,1.344156686875416,1.0558697255129244,0.8110608968728262,0.584157544634712,0.5557691857000556,0.7795713640614715,0.2634871050933592,0.0,0.44312878398575767,0.4625735842280586,0.7883995778312086,0.6187295110952878,0.6187279906032782,0.6187300533711539,0.618729325086476,0.28418262792290544,0.6843678878937809,0.7993708477256836,0.6459815036383078,0.6635148751885921,0.7599558449209945,0.8513624005501369,0.9224073612623954,0.8578390392718075,0.9323091014888847,0.9177034999964068,0.7166565033497395,0.8002656601712758,1.0875804790146808,0.9697833862852718,0.7166564557001927,0.8889475592853089,0.8816743890178582,0.9448638235106389,1.2012767881013418,1.020258921501837,1.0875825850561873,1.2012797179277983,0.7980713681144128,0.9724090686106582,1.146096082881153
1.8666257725347604,0.9537347201162824,0.8686255986477401,0.9996943731313782,1.1895424827997028,1.2445819318850555,1.3091727701493054,1.378886966658457,1.5396768810218202,1.12907710430414,0.9197017415589874,0.7736428629170695,0.783624195760368,0.851647934466542,0.9119765904730174,0.9579004804049102,1.0140973811807337,1.3504126649187445,0.9373262431281415,0.869367489362357,0.9943473844882122,1.0931711345242558,0.9510760825372822,0.8618159757853957,1.6716956112469232,1.380134810527774,1.66204848331098,1.6627317445761856,1.562029943084786,1.386545856033819,1.4690343150734748,1.0154199826166095,1.6527165058949025,1.4326311630271127,1.2648020521839451,1.451873502009552,0.9899498833889642,0.9899820593635066,1.2318645164164443,0.9871208298636875,1.5283132474082266,1.5228380789250893,1.264334699370218,1.0729948888242533,0.884431850591689,0.7872843747157036,0.7333578072112655,1.226178439558298,1.2792221819630962,1.1386964684150516,0.9407547975297204,0.7701503981943483,0.8477317079336105,0.9408652480262426,0.9236775443877093,1.2072027056405867,1.190957379616106,1.504850377930415,1.3519621605510532,1.3775828753541328,1.3548752233419084,1.2577156880307603,1.2568315123861713,1.3406141122214073,1.4116705944043322,1.3863144662929463,1.5119401848188647,1.520483948399102,1.7046578647317172,1.3991870364405519,1.0940815796356147,0.9042309032319528,0.7064491846724448,0.6225885647009501,0.8046228161319847,0.4307021606523069,0.44312878398575767,0.0,0.3825973754246566,0.7180020141088992,0.581737326319675,0.5817353995949693,0.5817379507286571,0.581736553428611,0.5144739254227388,0.7371844632873642,0.9886166895080941,0.8469159159698809,0.810228237623313,0.875990577029685,0.9310445093183166,0.9722503227353384,0.9548660786643893,0.9814878508464069,0.9381850281987061,0.8343347862258443,0.8957311292265979,1.0933866675527686,0.999765143289566,0.8343349822986115,1.0257600440497499,0.9476900543623763,0.9867745383867833,1.197762804562113,1.03785592536702,1.0933889695074261,1.197765274594235,0.9084070720611739,1.0475142730118918,1.1433564092345703
1.8274778429357605,1.092950019810317,1.03258562453974,0.9788561189252886,1.129979217771329,1.2016364883112636,1.2736311346135605,1.3284575269256935,1.5568472625622705,1.1721564887424247,0.9833820842033935,0.8379415798392553,0.8514600247688126,0.9066696579545729,0.9583783542490409,1.002909846309157,1.0627111436984438,1.405626376093609,0.9477091083225814,0.9122172400494213,1.0099662114598824,1.1080217280559213,0.8963457608632593,0.9186453595730645,1.688916781165489,1.3727758837030162,1.6879331260045036,1.6898804042384856,1.5628720658663304,1.3815704253264354,1.4922444097598178,1.0567774939643864,1.6928125997882144,1.406586725645321,1.2867831037418356,1.4320725202453874,1.0091677696470467,1.0091940241769455,1.2090227945325582,1.0034592765046018,1.5198865662287375,1.5747905361534567,1.361747277946022,1.1962032203002761,1.0357774108754607,0.9643564504278477,0.9399097827031513,1.1862146440800554,1.3971480872894277,1.213837596114376,1.0228513193294444,0.8649735299540524,0.934203193187079,1.0154097110010971,0.9524925513958269,1.1581316819334706,1.1273963422440614,1.4787455612593992,1.3237241186967095,1.3525615075344952,1.3265050055285088,1.224001554595936,1.2319691327335454,1.3090311566031716,1.392596773490677,1.3130221399499526,1.4723813282562466,1.4851170449858238,1.6630673371780686,1.4113821795849983,1.1567038398743406,0.9878652166964248,0.8090727169718626,0.7499115908839618,0.8699251694403023,0.27267661928773396,0.4625735842280586,0.3825973754246566,0.0,0.6289465716840161,0.7344766618098235,0.7344754186810099,0.7344775073373284,0.7344758141306823,0.3220125098663413,0.5964998799799217,1.013708362416299,0.8638148764699649,0.8467348905928427,0.8985834411695186,0.9495587929513126,0.993772381262275,0.9546487500057821,0.9891082016186107,0.9640521534563816,0.8617868993221373,0.9107324504180054,1.1100812313550041,0.9646765536467042,0.8617869026614837,1.1052881091529756,0.9597906587528746,1.0020423160808596,1.2150377626979034,1.057523824201137,1.1100839713217083,1.215039651687871,0.8693258659588577,0.9839948619798962,1.1433167309599583
1.8687320867710164,1.2579465765757496,1.102613549447766,0.9068117486128691,0.9542928308434707,0.9877998378798618,1.0574401325969243,1.086709755885743,1.6601993256176055,1.262829682810734,1.060149772222551,0.8948845022288855,0.8117815849723236,0.7668133126103215,0.7381089323753506,0.7363731661261106,0.7736651299243589,1.1607821184702074,0.9700433319435983,0.8471002865214907,1.0473294835632858,0.8861995778759515,0.9498123041914501,1.145173236207342,1.7974661282530384,1.1260138582948105,1.5886309161094707,1.5903637965214579,1.4180273544365594,1.1435537598357048,1.290959169632374,0.731258411390951,1.5877076196641546,1.1544620356358786,1.0177135315372747,1.26280493270905,0.6376624185508224,0.6376973970153014,0.9998774471208454,0.646733059190751,1.420663200681218,1.677780995399136,1.4989774103343918,1.3501638780643195,1.185587365384718,1.0283508693005032,0.990751984605513,1.0279399181464859,1.5086568874475794,1.3596317868897183,1.1719055032350991,1.0014646902416555,0.8361579782199756,0.7820641757780404,1.0386670297859173,0.820862432278415,0.820206024616388,1.275131847854536,1.0681835212627377,1.095657305496373,1.0401048695740203,0.9602777428460494,0.9349966978978881,1.0682882850593869,1.111301018062102,1.1064061863010728,1.2501296544645135,1.2561828106545267,1.7570254699613523,1.5740837110170245,1.3840432990186242,1.2329586925145317,1.0583457769663676,0.8954096974909196,0.6912344379295531,0.7315173030695044,0.7883995778312086,0.7180020141088992,0.6289465716840161,0.0,0.863042695425917,0.8630402622992371,0.8630435385919208,0.8630418942476594,0.7345442972312535,0.8101281822000123,1.0702872562271082,0.9003948333640011,0.787384168984505,0.7377067381729717,0.7057733886774225,0.7021146390959194,0.7781460857179081,0.7351471546789358,0.6279430006489514,0.7981234407769261,0.7536639952967059,0.8070423797870808,0.7162348520941588,0.7981234105367474,1.2824543582817327,0.7268218101543241,0.7257452013614878,0.9226081849784098,0.758475386053381,0.8070454865124607,0.9226097843557306,0.6554068383879484,0.8492068303148835,0.8657627067796776
1.8557671224667767,0.7657824318609882,0.5941141529530913,1.1928805138882619,1.393777681254724,1.421961580696865,1.4593580861613633,1.476337953727385,1.4259663975457653,1.1486174716939903,1.0065862434981314,0.8968458569098312,0.8914119902509661,0.9457720846908031,0.9986362547198687,1.0362462942137043,1.0843103210306946,1.3691902315942215,1.1349708551894262,1.0455358140287718,1.2264991112034815,1.2455226690485348,1.1819337038855473,0.6056055493851261,1.5579077833651993,1.4568033614811116,1.725669849247712,1.7235161506187116,1.6416848621993396,1.4657646830326323,1.5261730846747124,1.1709549463906066,1.7118175760115468,1.4878228724671272,1.346727016947535,1.5382755863401139,1.1160527497183355,1.1160785341927237,1.3652017474493836,1.113542683252926,1.6498439273686392,1.430228267595008,1.166394400433687,0.9454737711133288,0.7346726846272902,0.5746306967639603,0.5094077662804792,1.3839748008291441,1.1752713560701413,1.2058413263401981,1.0731295034858221,0.9400061502039548,0.9686812660641447,1.1367523624640659,1.1797112370595677,1.2099111822523378,1.190453881686597,1.544986432460154,1.4208488814697269,1.440448727389854,1.4081165630331085,1.2767854501275053,1.2777350750376484,1.417480352878159,1.456281776313387,1.4310278099161644,1.5392612743129857,1.543726963680787,1.6168255883975313,1.2431561215533289,0.9228141545815758,0.6705259343004387,0.41849828454075755,0.16879656335006019,0.5169388492514925,0.6988066443013582,0.6187295110952878,0.581737326319675,0.7344766618098235,0.863042695425917,0.0,4.5110388391068605e-06,1.774790090533638e-06,2.2761113323328794e-06,0.7612793800755534,1.038793965585245,1.035565857667974,0.9229481182775646,0.8835211344615287,0.9404115641703867,0.9926127820246559,1.0294383802235718,1.0848618457864039,1.1145326676438927,0.9927267412888185,0.9545111743286211,1.0013461056601283,1.1664713994389553,1.1790461084146047,0.9545112232110345,0.8352144148997486,1.0452778656010784,1.0763265408809433,1.2470164169776352,1.1194524310348875,1.1664735483320514,1.2470188620841451,0.970089475251126,1.23053749991005,1.2564326200336264
1.8557670349951092,0.7657814982488149,0.5941118381989358,1.1928790108696063,1.3937760390052645,1.4219599374786054,1.4593565608845667,1.4763364591001316,1.4259671931826148,1.148617006408269,1.0065851327071902,0.8968443081799172,0.8914100723139927,0.9457698975301185,0.9986339315901066,1.0362439492610214,1.0843080591537464,1.3691887353352328,1.1349692298918348,1.0455338196434372,1.2264973830499761,1.245520515421663,1.1819322792722093,0.6056071412222149,1.5579082424737951,1.4568014083071323,1.7256685898099116,1.7235149208784557,1.641683453481875,1.4657627497808945,1.5261716804355736,1.1709521640187872,1.7118164403481004,1.487820977855737,1.346725268239827,1.5382741875816888,1.1160503048537704,1.1160760894269282,1.3652001675695518,1.113540294740679,1.6498428537633043,1.430228446638317,1.1663943841259659,0.9454735482086497,0.7346717026049085,0.5746284605366626,0.509405241874612,1.3839727382958604,1.1752712746770757,1.2058402678492082,1.0731277442143519,0.9400038463492097,0.9686782366999145,1.1367493861763351,1.1797090733022988,1.2099089753505006,1.19045172153939,1.544984967204445,1.4208470085049612,1.4404469247404088,1.408114799842927,1.2767831919529045,1.277732776411756,1.4174782471499334,1.456280071971811,1.4310261024109872,1.5392598101436976,1.5437255294741046,1.6168264942950772,1.2431577965799196,0.9228162111221877,0.6705282318693275,0.41850015016391245,0.1687969616034633,0.5169364542231568,0.6988055402395809,0.6187279906032782,0.5817353995949693,0.7344754186810099,0.8630402622992371,4.5110388391068605e-06,0.0,4.350560369126871e-06,4.599257223340968e-06,0.7612782239182383,1.0387925035385257,1.035564901206719,0.9229467630374032,0.8835193093050141,0.9404094949195436,0.9926105591867012,1.029436112437269,1.0848597297847418,1.11453036636305,0.9927243726236962,0.9545094116190743,1.001344132956117,1.1664694183092832,1.1790440294583246,0.9545094605021867,0.8352158113113773,1.0452757472902996,1.076324372075925,1.2470146473303996,1.1194503152101711,1.1664715672017152,1.247017092441121,0.9700876837026001,1.2305357845265932,1.2564306978568367
1.855767676506926,0.7657815944174551,0.5941129843359104,1.1928815452648862,1.3937786132394294,1.4219625065536847,1.4593590240756709,1.4763388289179549,1.425967060762129,1.1486183217287902,1.0065871274099742,0.8968467598613249,0.8914129021767202,0.9457729487846644,0.9986370869140465,1.0362471193441631,1.0843111618326688,1.3691911208541616,1.1349717008182842,1.0455366828667234,1.2264998652644958,1.2455234393851407,1.1819346291231914,0.6056057605359205,1.5579081055973028,1.4568038827725773,1.7256704070122035,1.7235167280023405,1.6416854413626456,1.4657652055823835,1.526173797317641,1.1709554187881617,1.7118182260933792,1.487823398178431,1.3467278714188766,1.5382762565804526,1.1160534344391209,1.116079218926679,1.3652025288836058,1.1135433927305172,1.649844711386921,1.4302286100044639,1.1663945193107281,0.9454737030827262,0.734672307772717,0.5746301545330037,0.5094071384908305,1.3839753112941249,1.175271468189414,1.2058415714907535,1.0731296690860688,0.9400062697188698,0.9686814718923945,1.13675274326266,1.1797115996156253,1.2099116616817838,1.1904543395037217,1.5449871346602193,1.4208495558984486,1.4404494240484227,1.4081173133545597,1.2767858393306442,1.2777354947357384,1.417480831633123,1.4562825225831177,1.4310283575384484,1.5392619103095062,1.5437276157081716,1.6168263243098162,1.243156768042722,0.9228146190535614,0.6705262725423571,0.41849832284730754,0.16879657063963033,0.5169393201507635,0.6988073958518951,0.6187300533711539,0.5817379507286571,0.7344775073373284,0.8630435385919208,1.774790090533638e-06,4.350560369126871e-06,0.0,2.490265561392229e-06,0.7612801275459826,1.0387947097531762,1.035566761043982,0.9229490484507169,0.8835220709454596,0.9404124602163186,0.9926136451560035,1.0294392332196383,1.0848626980974896,1.114533486093465,0.9927276165532727,0.9545121666346945,1.0013470567530802,1.1664723232351375,1.1790470091505805,0.9545122155170741,0.8352150524160838,1.045278777215768,1.0763274340598747,1.2470173500961201,1.1194533308269228,1.1664744721290146,1.2470197952011985,0.9700905259918798,1.2305384373791675,1.2564335032426954
1.8557660890716543,0.7657813315601569,0.5941130453237181,1.1928803469760096,1.3937770147651334,1.4219608712649459,1.4593573678357799,1.4763371868645314,1.4259660541872634,1.1486176930066325,1.0065865199322113,0.8968461186485714,0.8914121956771757,0.945772149668592,0.9986361664214819,1.036246104254368,1.084310038917699,1.3691896770934988,1.1349704665477105,1.0455355575723067,1.2264986235996567,1.2455220182620632,1.1819332375722222,0.6056052433132328,1.55790688082477,1.4568021054718077,1.7256686383918052,1.7235149744977454,1.6416835868440258,1.4657634186509032,1.5261719047736688,1.1709537505553467,1.711816444001234,1.4878217365164053,1.3467262193546512,1.5382743305840403,1.1160516701465826,1.1160774546384222,1.3652005204560878,1.1135416156840705,1.6498427902845827,1.4302277520328552,1.166394018958159,0.9454736055830526,0.7346725703208774,0.5746307722228458,0.5094076334965544,1.3839739787971415,1.1752708779193568,1.205840924988294,1.0731290955233976,0.940005729866659,0.9686808142053094,1.1367513789843962,1.1797103602815862,1.2099102569636562,1.190452980951477,1.5449855267606663,1.4208480623891275,1.4404479046663734,1.4081157959283153,1.2767846018217615,1.2777341985520687,1.4174793534450454,1.4562809812454087,1.4310267652065947,1.5392601908573131,1.5437258748263178,1.6168247991545253,1.2431556073316385,0.9228138096090841,0.6705259960938964,0.4184984148314518,0.16879754783671558,0.5169387449292006,0.6988062054205672,0.618729325086476,0.581736553428611,0.7344758141306823,0.8630418942476594,2.2761113323328794e-06,4.599257223340968e-06,2.490265561392229e-06,0.0,0.7612788257847113,1.0387929891124572,1.035566165114613,0.9229484330635873,0.8835213879526665,0.9404116553738913,0.9926127116966522,1.0294382047781094,1.0848615251481586,1.1145322336365993,0.992726535949449,0.9545112851957538,1.0013460928904914,1.1664710383703158,1.179045601274852,0.9545113340779503,0.8352148612247475,1.0452777207151558,1.0763263082242074,1.2470159982142381,1.119452118214571,1.166473187269585,1.2470184433126594,0.9700895034639793,1.2305369905330408,1.2564320270946754
1.8573208522184583,1.0232972274068133,0.9991111178776433,0.9618127289533815,1.136275576053645,1.2170714776339586,1.2899172169540953,1.3191743934882918,1.49572580439055,1.0594179550578469,0.8654079407214824,0.7234847090586062,0.7640598778103888,0.8396797393366772,0.9130456191326137,0.974097806544951,1.049384027390628,1.433464791768255,0.8274835825199047,0.8225032180969355,0.9037205329953205,1.0732029817520852,0.7796490813965217,0.8098435731185122,1.6238693205492138,1.3949313072280027,1.7044095523633782,1.7036504576278113,1.5982164117222317,1.4042625154564472,1.5461597045816227,1.1190988048200372,1.7233140992252194,1.4008617486672768,1.3051725790282225,1.4658803029776233,1.0744131262190688,1.074430724468744,1.2726854704382757,1.0625303681572122,1.5735457003618072,1.5176467784416325,1.3013667853830282,1.1157535097049593,0.9503671136718425,0.9168748472818447,0.9404030720267609,1.2184830618212938,1.3709059719960233,1.1261296214009533,0.9186116480325108,0.7653848958941548,0.8870221724642992,1.0431905807411725,0.8590564830425207,1.1311341060875315,1.0835251921555786,1.44651937110285,1.2837721354883769,1.3197192238341882,1.3045400846946957,1.1706509597954868,1.1961814313670023,1.2746828898829794,1.3797794894549664,1.2599773705930906,1.463161470936588,1.4844310673524008,1.6583196483097526,1.373745335849232,1.128393136019234,0.9286876746051956,0.7401893967967947,0.722108961285528,0.8735600206358598,0.17800963456723182,0.28418262792290544,0.5144739254227388,0.3220125098663413,0.7345442972312535,0.7612793800755534,0.7612782239182383,0.7612801275459826,0.7612788257847113,0.0,0.5235306424212383,0.881916473351681,0.7296732327920693,0.7477298108280337,0.820911368541219,0.8960524923416897,0.9593430350218705,0.8679448655815184,0.9387590476753679,0.9527596780585599,0.7723366794979069,0.8395654006161012,1.099406483281223,0.9343961466608248,0.7723365331181327,1.0136631826382172,0.9099318845231523,0.9684812434719696,1.2098270532307516,1.038871346278694,1.0994091511427693,1.209829256075205,0.8071389867056102,0.9116947268590028,1.1313239639988237
1.909035003029651,1.1976319402897988,1.1860120216645882,1.0074540193578658,0.975946035226067,1.0565756105359163,1.1379380466031752,1.1689756739306192,1.6145429993902076,1.2097316258501778,1.015530763498196,0.886279135188093,0.8942153424286722,0.9344678459440692,0.9731222587031738,1.0099828096120291,1.0580934566488822,1.4012812857298764,0.6988194187746527,0.7696264727671739,0.7531271974670595,0.9119332549695083,0.6003528538732648,1.0525563532828592,1.6812195788317161,1.2210001633988519,1.54674534068209,1.548736829548233,1.4316646920055098,1.2252362601205096,1.4080416517322365,0.9952795470767879,1.5872676027576655,1.248121062504444,1.1700616284124705,1.2677372423040805,0.9543701087189418,0.9543767356258428,1.057195506058253,0.9305605161815711,1.4009841454890315,1.6314363534280385,1.4594305783448558,1.315604946579284,1.179675894759916,1.1538148757064135,1.167136248087811,1.2382816505522922,1.5145399021609773,1.259514582221579,1.0702158365495513,0.9394321980649237,0.9991314849296782,0.955941201267542,0.7133714566963981,1.1004461141475077,1.0684431922489313,1.2937444060300203,1.1413107716669615,1.1796297750989926,1.1928481111516676,1.1466104343740033,1.1601338334940972,1.1427488722729746,1.2709326771692098,1.1121658769674314,1.3204010054171564,1.3485153807309886,1.748233600921152,1.5200177084592035,1.3377232262669378,1.1959066627761963,1.0469104611824105,1.0247905433599975,1.0754467678286062,0.6382040689445622,0.6843678878937809,0.7371844632873642,0.5964998799799217,0.8101281822000123,1.038793965585245,1.0387925035385257,1.0387947097531762,1.0387929891124572,0.5235306424212383,0.0,1.0533019235534686,0.9222739931793273,0.9024882354077581,0.9344072059156123,0.9701182480028683,1.0068199404167024,0.8145204652043705,0.8680482172907589,1.0067425951004683,0.871136821199322,0.9060371323332467,1.075004999429401,0.8273725512756149,0.871136651265201,1.250367823106714,0.9446305558333588,0.9823537131289424,1.1727069105040164,1.0293055032209302,1.0750091512955138,1.1727074107824471,0.9224141234828235,0.7473405617218524,1.0155454405431328
1.9167510464824897,1.2648598409778973,1.235431264253756,0.6941377384664159,1.1106329199244303,1.183701678015743,1.2352711744163525,1.2768665831253552,1.3020389178931684,0.36549493961428553,0.20245391376431993,0.3343836546473548,0.44533542452289193,0.5550258848000645,0.6782776585990259,0.7691914973497271,0.8582801610279185,1.2713732584508213,0.7323222208666504,0.6973665346300499,0.802594793767645,1.0315618700052565,0.800315427485166,1.0782103490272799,1.6333076619397222,1.5428720730116792,1.758579436895963,1.7416136671144513,1.705651844332669,1.553570001865113,1.6300716243509736,1.3355941779527338,1.7442580493048045,1.5004285149505205,1.2826705437889208,1.608452578011554,1.2635168444109222,1.2635109031541891,1.4709348841135645,1.2564801099798877,1.6546846400267874,1.3526636004376948,1.1636045837582494,1.0099522488096846,0.9501566649623544,0.9402981682058914,1.0171268810861247,1.2657304265080775,1.2539278423774536,0.9469903582671247,0.8549636262470816,0.8264683709948595,0.8787334857186029,1.1799012392360226,1.0291735814777299,1.2356544575054973,1.2065706330907042,1.426371818721455,1.2560708004041368,1.2832375430899852,1.248151289960782,1.2053254146900512,1.2298666269921565,1.3362907745232355,1.3179152711378923,1.3920023769110803,1.5324681513117195,1.5507904983428662,1.6833919641840789,1.3755395484281994,1.1909793180981905,1.0333270239768377,0.9786288560170547,0.9611143788610663,1.0165979164436403,0.867703822101575,0.7993708477256836,0.9886166895080941,1.013708362416299,1.0702872562271082,1.035565857667974,1.035564901206719,1.035566761043982,1.035566165114613,0.881916473351681,1.0533019235534686,0.0,0.25082885869559796,0.42238952849340516,0.5467924459562915,0.6779744916694942,0.7715705287929366,0.773218017140777,0.8756243806069023,0.8334310467057432,0.4603563718768023,0.5709186758773157,0.9235711589337567,0.9125454376858106,0.46035618713440357,0.8498022306141716,0.6920628578429384,0.7786402011685946,1.0235437403152021,0.8628952739441084,0.9235706079549363,1.0235487262277274,0.6640130182596443,0.896093752093015,1.0439205842080732
1.9135738765100294,1.1969016999255413,1.13926977898586,0.6245733355432697,1.0281494692517317,1.1054208255774258,1.1683758657343601,1.2109486730514045,1.3788226656749856,0.5813775463414259,0.2867893552888609,0.18660119808263712,0.2689679273307838,0.3939901563205828,0.5351745241426069,0.6394999128997544,0.7462936901106446,1.2246409908311169,0.6400527218892949,0.5589637153469261,0.7347592576008528,0.9231389372246354,0.7005740127298467,1.0081170331967142,1.6549258473072224,1.4536313538792702,1.7186000672102617,1.7047779976654296,1.6481593669147245,1.465290112674824,1.561972641859055,1.2048328246093016,1.7084340751413045,1.4187301679584698,1.1998023145048036,1.5368376206502599,1.1322294013996552,1.132229282505486,1.3743447125968289,1.124020097952797,1.6070821392271908,1.418407840000011,1.2127649245149108,1.0345668101223546,0.9211532864712227,0.8670869317857737,0.9340478628209622,1.1913542748972403,1.2888336059653471,0.9957535978851257,0.836130353560393,0.7455579112199332,0.7584047014821746,1.0539845848296139,0.9418743783698915,1.1260102709100328,1.0947855965782292,1.3720727229733918,1.1789375534768327,1.2109486566069245,1.174945729395442,1.1128767350095492,1.1353077773034435,1.2527082772186229,1.2520938081413049,1.3061869059085796,1.4663270458988207,1.4851836122967894,1.6982763135692303,1.4016610626748598,1.1979555745045563,1.0144034660658303,0.908304577206418,0.8531229969566351,0.8809003967143378,0.7206636778879536,0.6459815036383078,0.8469159159698809,0.8638148764699649,0.9003948333640011,0.9229481182775646,0.9229467630374032,0.9229490484507169,0.9229484330635873,0.7296732327920693,0.9222739931793273,0.25082885869559796,0.0,0.21946930219355398,0.37419634739193003,0.5267709429831914,0.6347150651618586,0.621809967761081,0.7302266856493347,0.6864469435140279,0.2838456028996493,0.41063032562614427,0.8224622055320443,0.7740689090554286,0.2838453782898969,0.8895736214443754,0.5482889119312633,0.6471036687951787,0.9465321712053243,0.7471498015178203,0.8224618495433323,0.9465374716053779,0.48603210841604244,0.776184652817695,0.9473440644861929
1.9235870278052956,1.1899807385989831,1.0950633460973922,0.5972982382169737,0.9581630187118491,1.0217118196805581,1.0851002462654056,1.1283510940457766,1.437631072570143,0.7189179363746651,0.4143104959418084,0.23761986374359972,0.12684983927285512,0.2012145050423335,0.3494493936981891,0.45981531178553303,0.5756757650104678,1.1127128251689302,0.6098256641289197,0.4501271601873255,0.7220642873827922,0.7981798784911591,0.6926200209096239,1.02590200237858,1.684093298275833,1.3606241579579421,1.6610902609078282,1.6475952401509328,1.582030231269516,1.3732061924356491,1.4737837226808037,1.08014962623823,1.6465799226633149,1.3319208767634168,1.0796326431494148,1.462613744164377,0.9998542091090045,0.9998561444035776,1.2831456707296174,0.9916712300805757,1.5514531373525604,1.4682490551367506,1.2643856019641533,1.0854662991081325,0.9475021797853928,0.8434055600485616,0.8925645921198312,1.1488467927133135,1.318073511855256,1.0690660344778513,0.8924103500480493,0.7684729831265403,0.684434278379297,0.9365532498587285,0.9263027451576924,1.0272696942526203,1.006477744112069,1.2964996019704726,1.0848083042585757,1.1166107501161113,1.0748935229999803,1.0310019201678562,1.0413200824864604,1.1713266087700631,1.1534269194058475,1.2397520790769592,1.3915321952913542,1.4081604820210643,1.72731725010069,1.4475229896068948,1.2471865378901452,1.0634882158453338,0.9321028436453622,0.8304442164596685,0.7780810644100068,0.7428898549368292,0.6635148751885921,0.810228237623313,0.8467348905928427,0.787384168984505,0.8835211344615287,0.8835193093050141,0.8835220709454596,0.8835213879526665,0.7477298108280337,0.9024882354077581,0.42238952849340516,0.21946930219355398,0.0,0.18444957269643045,0.3449001362139636,0.45666634112401167,0.48221969837384754,0.5738103565595772,0.5030824703119182,0.14977881360286205,0.24048199413883953,0.669608292746347,0.6483819925323734,0.14977871111377897,0.9640431070465463,0.37642764551621727,0.4768715302473849,0.8105013133775097,0.5834802568648113,0.6696076235680831,0.810507337603201,0.3456877591392071,0.698534553614262,0.817666278926356
1.927991414534671,1.2437669200471755,1.130436871358128,0.5895951015651871,0.8956765671896764,0.9489090948833327,1.012425037916288,1.0440220344983784,1.4881158715426686,0.8227464835174932,0.5545916782860176,0.4008768608538354,0.24940921013745238,0.1368125400731601,0.20667430412809762,0.31264527970769534,0.44067851551091747,1.0381848272726661,0.6453851469939963,0.4575099337050181,0.7503462005354614,0.7130531994256416,0.7250833197955601,1.1056719754740256,1.719456916742474,1.2945511718653797,1.6294631137602011,1.6159834064059162,1.5393405911061395,1.3093658188925046,1.4243330434139883,1.0119923604561194,1.6167412224905127,1.2559482748853066,0.999687626450557,1.4164270946604502,0.9256050258134264,0.9256032055803229,1.2358835756439916,0.9201635785959187,1.5217082075793653,1.5135262179379818,1.32616349834672,1.1607950968604779,1.022532054966158,0.8971263309004082,0.9368998389752734,1.0950062220816372,1.3692852926421908,1.1328420133714985,0.9564469605246736,0.8271898190392956,0.6598934341134021,0.8736141990694213,0.9447618071621424,0.9292858994799001,0.9158784307466808,1.225536300085244,0.9885571598605597,1.021708540108214,0.9706325090314525,0.9372132958327163,0.9402416321348497,1.0870061318357254,1.0541045046285904,1.1721320719808892,1.323904290721949,1.340437258456599,1.7544104748853595,1.5051487344153558,1.3234966725907822,1.1531882904130042,1.0196553363382408,0.8990712337750291,0.766033192038652,0.8226230824103435,0.7599558449209945,0.875990577029685,0.8985834411695186,0.7377067381729717,0.9404115641703867,0.9404094949195436,0.9404124602163186,0.9404116553738913,0.820911368541219,0.9344072059156123,0.5467924459562915,0.37419634739193003,0.18444957269643045,0.0,0.16788448140107767,0.28998458531508803,0.40592264760451213,0.46235457938649577,0.35297049333147507,0.2204791056998987,0.1417667799079032,0.5380249193661767,0.5520353983220672,0.22047890991533836,1.0652053310589893,0.22482452329281521,0.32353461222777546,0.6944253321427063,0.4414559045171163,0.5380237539472396,0.6944318484212646,0.2529602020705462,0.6489609096397789,0.7127899392725189
1.9312280575964451,1.2920834543838084,1.165576986725334,0.616430505925957,0.8446363198664365,0.88119442839892,0.942070007667638,0.9654142599811062,1.5352689861261022,0.9251375204364635,0.6838979001179527,0.5429623488763285,0.3856100086078914,0.2216329521975793,0.1315152849993026,0.183073218200752,0.31101066913163317,0.9575756064223201,0.6987244534135388,0.5006637768901517,0.7928514923902436,0.6394063669305716,0.7747288962346967,1.1768346139818704,1.7512005349190953,1.2250474422177058,1.590450050492424,1.5770474266096144,1.4898454467137119,1.2417365968085117,1.364992428626839,0.9406816801107115,1.5771756258522347,1.181600424997829,0.9136016821002685,1.3646273112998402,0.8472199293956554,0.8472137093980753,1.1820638887040458,0.8453775857358312,1.4833195030134723,1.5550846562492013,1.3806969982577033,1.2281555010301908,1.0918843327329024,0.9528465047055893,0.9799816620484343,1.055175159533685,1.412037454222245,1.1948250312269189,1.023727802391099,0.8934079338128975,0.6670048523307452,0.8138956734454424,0.9710191061211384,0.847342436196941,0.8476632660150825,1.1595347930142126,0.90152848573415,0.9335691096250637,0.8717657466205206,0.8653662671099898,0.8547051585619764,1.012456625762391,0.9568217056469833,1.1186096053848131,1.258633839281055,1.2735287914647149,1.7790332189259244,1.554319702581908,1.3858457355475322,1.2284957261639675,1.0958648295764586,0.9641250066902024,0.7736315237665727,0.9004209545109833,0.8513624005501369,0.9310445093183166,0.9495587929513126,0.7057733886774225,0.9926127820246559,0.9926105591867012,0.9926136451560035,0.9926127116966522,0.8960524923416897,0.9701182480028683,0.6779744916694942,0.5267709429831914,0.3449001362139636,0.16788448140107767,0.0,0.1281456803284767,0.38898037944737063,0.3824693300173197,0.21409017104167102,0.34962983761069777,0.200320652773408,0.4113489584646533,0.4838371877857368,0.34962970646298824,1.1525105745184214,0.13238714315389652,0.18747342420806104,0.5813910155219055,0.3063166097244638,0.4113474563605557,0.5813977745067467,0.27667763229930864,0.6334730358889783,0.6123304697643113
1.9338514109342322,1.3285051880395482,1.1944394905664608,0.655642511050515,0.8195862355951087,0.836642179372499,0.8905617527857795,0.910769276683427,1.5652936037216245,0.9956138136821376,0.7719966625170739,0.6406158819535037,0.4837360617556424,0.31779222627380294,0.1747150582788749,0.12208780790685991,0.21087752909995858,0.8798155528818028,0.749799860374412,0.5513640690967783,0.8374394453079196,0.5983455866098876,0.8246114186858218,1.2259675509303074,1.7723818552332544,1.173788691800365,1.555848008364551,1.542075169104943,1.4489045103180362,1.1914629140929087,1.3105253334325369,0.89215448541268,1.538398229899942,1.1313697276041035,0.8384492270918004,1.3225982512391756,0.7886856800228997,0.7886750820409713,1.1381672176201874,0.7899160166278689,1.4480635723569752,1.5830481307350868,1.4178550896893256,1.2751772593091928,1.14271909577745,0.996763524645268,1.012803142145922,1.045887236512102,1.439103765927479,1.243861968954726,1.082030551073617,0.9546062724200188,0.7026425647330733,0.7828443942842083,1.0055507366820133,0.807447894226841,0.823340520992582,1.1131663393264513,0.8477691842747233,0.8751614363291802,0.8028111927917289,0.839346367011194,0.8130646714388755,0.9729356021192007,0.8842333079102124,1.0951112266322984,1.2124090897563413,1.2241176281609927,1.7942970298630723,1.5844778246238589,1.4246889308265982,1.2773954700359151,1.1480930775051839,1.0109446694651167,0.7888645218352807,0.9635875417547874,0.9224073612623954,0.9722503227353384,0.993772381262275,0.7021146390959194,1.0294383802235718,1.029436112437269,1.0294392332196383,1.0294382047781094,0.9593430350218705,1.0068199404167024,0.7715705287929366,0.6347150651618586,0.45666634112401167,0.28998458531508803,0.1281456803284767,0.0,0.4216228662002919,0.3618171047263142,0.12926832660421853,0.4492517714197229,0.29602820714732403,0.3120093804123117,0.46620203106792624,0.449251698148521,1.2081651692185982,0.1667579383743354,0.12388184183972897,0.48731579133201613,0.20714530806550505,0.31200765883151066,0.48732266249903233,0.3529592976305453,0.6495994157111606,0.539212464728059
2.0091121937462892,1.3173068179286478,1.2225553104594842,0.7188047743530567,0.7716111697426677,0.8180786634044631,0.8921695317894627,0.9019290720792258,1.6062175640235166,1.011610310927668,0.750180621161428,0.6016678555476673,0.4827112903111413,0.4071034758891842,0.3932887615807197,0.42616986631926285,0.4915309991777377,1.056928187874065,0.4461400988031966,0.2685343904198129,0.5898182160024096,0.4319867228374995,0.5424967017598671,1.1885324877167145,1.770543187338891,1.164149601654465,1.5455293319337375,1.5321810468954502,1.4521385276795535,1.1767622372487414,1.3431611818568698,0.9082390523662566,1.5508235330200484,1.1284911284833155,0.8558617039312129,1.2953819993380553,0.8128288878328546,0.8128162285666843,1.0981805095323187,0.7904278528440892,1.4459187667802613,1.6313827579480171,1.4658438973656733,1.3132113033078088,1.1754069960971312,1.078107980142641,1.1127932070066169,1.1728721178533983,1.510532797712524,1.2611171977959987,1.0773926860433616,0.9452593698599916,0.7888681056656022,0.801263284938257,0.8530870922836287,0.8839088564546577,0.8789818883079151,1.0773117336689626,0.8122508102164814,0.8562304371973178,0.8418143953006755,0.9057658524281877,0.9005578935318468,0.96267955417621,0.942829579478655,1.0338652005512754,1.211405871377496,1.2371447041265022,1.8432691270372616,1.611677706171663,1.4535276794836167,1.2960065260337488,1.1552529501186246,1.0535352454837619,0.920474364786341,0.9172523911414195,0.8578390392718075,0.9548660786643893,0.9546487500057821,0.7781460857179081,1.0848618457864039,1.0848597297847418,1.0848626980974896,1.0848615251481586,0.8679448655815184,0.8145204652043705,0.773218017140777,0.621809967761081,0.48221969837384754,0.40592264760451213,0.38898037944737063,0.4216228662002919,0.0,0.19386687422934823,0.480246050966808,0.41095219841280206,0.3316477694642398,0.5168452277583744,0.3375981284296393,0.4109518727227405,1.2333831081184274,0.32313924567164654,0.36595192748370214,0.6671965601231497,0.4382457255906741,0.5168478177611324,0.6672003666462624,0.46014464935375554,0.37689930423935236,0.5318576954609286
2.0048595860961935,1.3548999325995295,1.2437343198488675,0.7341936911683755,0.7131986508757647,0.7362173525691835,0.8117145219256774,0.8284215292236297,1.6503519715494401,1.0951014606998384,0.8486962597825017,0.7028937783873349,0.5679903712006343,0.45264439356969666,0.3737459227238276,0.3557361584815898,0.38766066334709026,0.9725196254585446,0.5695354773664736,0.38483929911327047,0.670006095895454,0.32142837277266895,0.6518409468700982,1.2565038659018914,1.806225897904076,1.0773141680943796,1.4983120382598267,1.4860284560904036,1.3899009529828539,1.0916831332205679,1.267510640580053,0.7965277990247189,1.5006511814588024,1.0479210504353687,0.74961711029164,1.233550960175275,0.6984049989972815,0.6983875648603917,1.0255995012291312,0.6815106845174131,1.3948621193963169,1.6641831604422783,1.5024380346227595,1.3591037728958906,1.2211372647115784,1.1060474706342431,1.125813834333453,1.1169457807553804,1.5328060739529703,1.3029109516052308,1.1215612358332399,0.9855142551183792,0.774651519667726,0.6998918328720417,0.8813819904355463,0.8160147203788504,0.8314353513786676,1.0250504056052303,0.7311181816382991,0.772865071436295,0.7488817511726394,0.8507802222781853,0.8253306492342233,0.8869977652980519,0.8486492226781069,1.0004495206637878,1.1521500203947053,1.174102064588411,1.866152381073035,1.6547785168677427,1.4990753581199934,1.352199317726006,1.2124973294432624,1.0971612816008578,0.9236801225360574,0.97692841482601,0.9323091014888847,0.9814878508464069,0.9891082016186107,0.7351471546789358,1.1145326676438927,1.11453036636305,1.114533486093465,1.1145322336365993,0.9387590476753679,0.8680482172907589,0.8756243806069023,0.7302266856493347,0.5738103565595772,0.46235457938649577,0.3824693300173197,0.3618171047263142,0.19386687422934823,0.0,0.402496721515367,0.5106345801468262,0.3937903802338656,0.4070581314172251,0.25596106285177456,0.5106344213342499,1.3016482105854066,0.3106206616482214,0.29363028783238043,0.5684817528133643,0.330564605700421,0.40706143164814024,0.5684850966621414,0.5072207588721094,0.42387923443962455,0.4076558645075878
1.9327536801166965,1.323596310846995,1.1746844287113587,0.6920231980432832,0.8410302742240792,0.8500479142861901,0.9021501305311375,0.9307038843442657,1.5872055931938596,1.0505526717487326,0.8269683569211267,0.6839055210331534,0.5263324668679829,0.37489772921568476,0.24614751561941128,0.1839498318344379,0.2292465411974673,0.8628194605041254,0.8026901698190898,0.5988224192202526,0.8932572843925434,0.6310463768069031,0.8676639474382417,1.2208005869999647,1.7880260451543828,1.1564949547275751,1.5557748421150943,1.5437137764298416,1.438772339994763,1.1744596660761435,1.2825841540976817,0.8416196444684486,1.5326731762181458,1.1306048882216078,0.822874621755884,1.3079260646051796,0.7266349669936375,0.7266306821255282,1.1054321352263496,0.7308289341791713,1.4375772425209554,1.6059650866604225,1.4366430349614985,1.2920929939851078,1.1519490147173885,0.9900187795946083,0.9908638675239931,1.0494214125607189,1.4492523603061453,1.2789482155898675,1.1149941730600568,0.9776912780659719,0.7188104554757456,0.7612478048597104,1.0357197524026613,0.8015306762735667,0.8245017616038528,1.136128858443229,0.8808640967351083,0.9041621793053943,0.8257161461303871,0.863111659653623,0.8272475445656043,0.9940989572697283,0.9006262652411423,1.1111882267636015,1.214743453328112,1.2218987327201234,1.796587993690999,1.5891520045995693,1.4232735118640287,1.274837477148375,1.1380367663376398,0.9854727413970215,0.7352548444064936,0.9514533394245847,0.9177034999964068,0.9381850281987061,0.9640521534563816,0.6279430006489514,0.9927267412888185,0.9927243726236962,0.9927276165532727,0.992726535949449,0.9527596780585599,1.0067425951004683,0.8334310467057432,0.6864469435140279,0.5030824703119182,0.35297049333147507,0.21409017104167102,0.12926832660421853,0.480246050966808,0.402496721515367,0.0,0.5017272343545776,0.3661793883361663,0.3301580306336903,0.4945628193562373,0.5017272452726738,1.2214957739370462,0.2537426207516724,0.20248401919449574,0.4991526021662967,0.2415323833631452,0.3301570277068063,0.4991590130461048,0.37469409276932525,0.6947845946339356,0.5580971965168025
1.9404918979480916,1.2518513904268698,1.1661268704450511,0.5200952401813655,0.8725329533302069,0.9420200578926403,1.0105959120105388,1.0727258170459282,1.470114173766614,0.7446100036169078,0.4288451530106378,0.2603052114328876,0.14534492918292108,0.20115975225875546,0.33609238386250134,0.4399933298640361,0.5454450567436848,1.0828651164232534,0.5192739907415056,0.3533641554446688,0.6382299832691024,0.7252460549649414,0.5992555304106331,1.085054123982075,1.7138135101697032,1.3419239463824357,1.6381123324815259,1.6233191171682317,1.559150500159156,1.3534912723639625,1.4469658290864291,1.065449231447523,1.6196529662523995,1.3171882664364616,1.0281390561806738,1.4331930842000595,0.9761668607543341,0.9761653219348002,1.244413086745819,0.9650558536128433,1.512069854109385,1.5074616336783484,1.3169924604835224,1.1530209807832734,1.0269690358492247,0.9350584203798914,0.9740856399828347,1.1530639009158483,1.3663336276166187,1.1085351847026321,0.9374445070274264,0.8197197872137707,0.7362697492938585,0.9241708889939226,0.9081573483551953,1.0447706136807882,1.0300205858145206,1.2658881165783078,1.0518434820913345,1.0823986958077725,1.04204193260774,1.0523649457202344,1.056954575344334,1.1601346021830052,1.1222162062022343,1.2318419770627296,1.3745075712130685,1.3910976093087222,1.7492093269490259,1.4832174070126407,1.2942645660340488,1.1255726074667842,1.0031414719967757,0.9113284980558196,0.85725601875176,0.7774997493553513,0.7166565033497395,0.8343347862258443,0.8617868993221373,0.7981234407769261,0.9545111743286211,0.9545094116190743,0.9545121666346945,0.9545112851957538,0.7723366794979069,0.871136821199322,0.4603563718768023,0.2838456028996493,0.14977881360286205,0.2204791056998987,0.34962983761069777,0.4492517714197229,0.41095219841280206,0.5106345801468262,0.5017272343545776,0.0,0.17539472540771314,0.6195429500782274,0.5635396164484759,8.152415294756861e-07,1.0285713409675015,0.32852935069284284,0.43349469259490586,0.7640687362008488,0.5366323962561745,0.6195423517239884,0.7640747798635158,0.3509306324302179,0.6015157627780868,0.7483728737172917
1.9427893633109576,1.2965348622003106,1.1945296513518326,0.5174193913545208,0.8073006439026355,0.8660107032611339,0.935248793037871,0.9865109970515592,1.5137342962980354,0.8391224546063318,0.5617396830812224,0.412653943194075,0.2638326540143987,0.15699131718365122,0.2055433233138604,0.2999920599449939,0.41355579382314117,1.010892710397632,0.5681710063265857,0.3746434332889746,0.6764266985811354,0.6374677271233833,0.6433005823588094,1.1527219316573325,1.7441030449984507,1.278438881106094,1.607926376663752,1.5931408892477823,1.5179758208140781,1.292144629403659,1.3995421500892586,1.001654508719467,1.5913907384925194,1.243968480662704,0.9486021516642966,1.3885430373568919,0.905731079672723,0.9057253098539474,1.1989735719963732,0.8971658723800484,1.4836079791944485,1.5457115773705652,1.3687979446988032,1.214988465638945,1.0873784634409684,0.9766066290680342,1.0091202159603576,1.1017576112045522,1.4094636608074138,1.1638050290677844,0.9927074438160919,0.8699871182900714,0.7153516482037109,0.8658616453719262,0.9283193008150766,0.9546981283760885,0.9472422774127213,1.196067430114538,0.9565602351347801,0.9882944071165832,0.9385886362429009,0.9662790565196023,0.9636899930315513,1.0790583387437862,1.0240165699813728,1.1669049201026689,1.3089127817341237,1.3254456275836912,1.7722749919396865,1.5332158357343004,1.3599020646662117,1.201008392256542,1.0756154778002418,0.9666630408437696,0.8464190175197215,0.8490492287501892,0.8002656601712758,0.8957311292265979,0.9107324504180054,0.7536639952967059,1.0013461056601283,1.001344132956117,1.0013470567530802,1.0013460928904914,0.8395654006161012,0.9060371323332467,0.5709186758773157,0.41063032562614427,0.24048199413883953,0.1417667799079032,0.200320652773408,0.29602820714732403,0.3316477694642398,0.3937903802338656,0.3661793883361663,0.17539472540771314,0.0,0.4845712728480936,0.4586788343720203,0.1753945552667397,1.1135113484606858,0.15993217988668204,0.2737517109612092,0.6470231757018096,0.3905704009095847,0.4845701752533879,0.6470297290410224,0.2719626156071261,0.5505607640718541,0.6386635640970663
1.9513488440409905,1.4532288678185163,1.3329529385080943,0.7060618891192546,0.7062319823458375,0.6690436856076035,0.692344371422543,0.7312848828397304,1.6149608216626805,1.1020614008933527,0.9126574402971126,0.8116350143266986,0.6736594621377043,0.5383820752039332,0.41059247104743923,0.3133739333935912,0.21091124087371063,0.6820184636662896,0.8032761759806486,0.6362193005619866,0.88398413134199,0.5089010054929065,0.8666918791464301,1.3459631255885272,1.8186979704382897,1.1014660152599294,1.4688485220610599,1.4499633364453492,1.3591706902383327,1.1176534945673304,1.1838436543744126,0.8894935442746424,1.4303619397706016,1.0667950298236646,0.625111978344183,1.2223915294457137,0.7420946313024772,0.7420636522316658,1.0358005400613848,0.7410842788905704,1.3326168909528484,1.6475482402366,1.5133205931889564,1.398937307597894,1.2909503560990132,1.1639134305602048,1.1650813510119216,1.1072565462889656,1.520982494119313,1.3573206503946518,1.2283744821153157,1.1229987333317615,0.8966724454848625,0.8330881098806951,1.0939239208839866,0.8565016484776795,0.9000415585961916,0.9942588338743122,0.7492463302524446,0.753359358299074,0.6563692799494157,0.9138391616004453,0.8609452903219584,0.9568366199781194,0.7204235009396199,1.0880541628762401,1.1245504664099386,1.1273656338166493,1.8203961492287037,1.6419667675822183,1.5103280206396272,1.391146786850263,1.2833509367007059,1.1612696436513856,0.9449318287009034,1.1093961521380795,1.0875804790146808,1.0933866675527686,1.1100812313550041,0.8070423797870808,1.1664713994389553,1.1664694183092832,1.1664723232351375,1.1664710383703158,1.099406483281223,1.075004999429401,0.9235711589337567,0.8224622055320443,0.669608292746347,0.5380249193661767,0.4113489584646533,0.3120093804123117,0.5168452277583744,0.4070581314172251,0.3301580306336903,0.6195429500782274,0.4845712728480936,0.0,0.4481197251457533,0.6195429100857448,1.3218870282553707,0.35356532834552074,0.2502138801579924,0.20621620615125819,0.12110575817249473,7.68923776170011e-06,0.2062231819811517,0.5514822091075054,0.6388502496449304,0.31918124868541126
1.9772377503696288,1.4339918730005128,1.3389564892223875,0.6322290532022198,0.5085091043972791,0.5643846811632018,0.6723007594442612,0.7396552098951211,1.669993342325857,1.123750297551807,0.8921457125958011,0.7553536427282151,0.6463719406941661,0.5517342790377814,0.48494856360173155,0.46886911494127154,0.49038605618377656,0.9978619913482022,0.5915675048648867,0.4736130052322681,0.6580997911774211,0.36888914657940464,0.5912924159000359,1.320518523546592,1.8385257194772782,1.0897265375191825,1.5010825041348914,1.4895281092529173,1.3732352184734724,1.1040278401734993,1.264758227600806,0.8313754143033989,1.5003464648224107,1.0614953929756346,0.7619313551165945,1.2109905846195976,0.7212652831117152,0.721243006305395,0.9873143108027994,0.7082080491403973,1.3377930385658467,1.6940885095706033,1.5461706635841275,1.419327203941422,1.2970403288928476,1.1969098110606908,1.20811828664373,1.0521002789154592,1.5750591919748387,1.3297602832002227,1.1566212027711613,1.0302898121544226,0.8495345690384579,0.7479171275948677,0.8951317368459528,0.8623674863983827,0.8759324453752593,1.034122772447953,0.7463475983734386,0.7836589170123767,0.7459062286297233,0.9041333906116614,0.8790401894025098,0.9029798912901347,0.8486569167168323,1.0094826550564366,1.1521388144796447,1.172789434754438,1.85513769489848,1.6729874952453092,1.525758022221591,1.3951127087451558,1.2688153621553218,1.167600643729808,1.01878698671892,0.9716614401245955,0.9697833862852718,0.999765143289566,0.9646765536467042,0.7162348520941588,1.1790461084146047,1.1790440294583246,1.1790470091505805,1.179045601274852,0.9343961466608248,0.8273725512756149,0.9125454376858106,0.7740689090554286,0.6483819925323734,0.5520353983220672,0.4838371877857368,0.46620203106792624,0.3375981284296393,0.25596106285177456,0.4945628193562373,0.5635396164484759,0.4586788343720203,0.4481197251457533,0.0,0.5635394645160043,1.3524899741265803,0.3863008578504242,0.3737547292274838,0.5974060034794155,0.39856649363028823,0.44812305586893797,0.5974081965928408,0.534710497759473,0.29759530114011384,0.3924612496242348
1.9404917940899997,1.2518513397727704,1.166126861344871,0.5200954159034228,0.872532873779347,0.9420199888832835,1.0105958294233914,1.0727255760320968,1.4701140121584482,0.7446099194525373,0.42884523016260745,0.2603054072143821,0.1453453613275429,0.20115997992007703,0.336092493355973,0.4399934176973287,0.5454451516367823,1.0828651936928626,0.5192737977631336,0.3533641314972486,0.6382299082111789,0.7252459554953713,0.5992552644943762,1.085053969534622,1.7138133184058821,1.341923815394256,1.638112257759039,1.6233190415636487,1.5591504158197678,1.3534911463865282,1.4469657984293913,1.0654492729589988,1.6196529426665445,1.317188054323682,1.028139011384559,1.4331929606925984,0.9761668711780833,0.9761653323378956,1.2444130195852074,0.9650558479233565,1.512069820331699,1.5074615409394365,1.3169924478303812,1.1530209805457168,1.0269690546314942,0.9350585028573247,0.9740857883904811,1.1530638956569874,1.3663336766249297,1.1085351943904629,0.9374445440373811,0.8197198586567789,0.7362698535229875,0.924171008800566,0.9081573012155667,1.0447703161272281,1.0300202445610704,1.265887833097038,1.0518431869321525,1.0823984187615503,1.042041668000864,1.0523646427001139,1.0569543133309744,1.1601343519422058,1.1222159807627576,1.2318416116413426,1.3745073162924852,1.3910973749820514,1.7492091603300872,1.4832172729674726,1.2942645262678285,1.1255725617845738,1.0031414265086402,0.9113284934648872,0.8572559533103813,0.7774997028000781,0.7166564557001927,0.8343349822986115,0.8617869026614837,0.7981234105367474,0.9545112232110345,0.9545094605021867,0.9545122155170741,0.9545113340779503,0.7723365331181327,0.871136651265201,0.46035618713440357,0.2838453782898969,0.14977871111377897,0.22047890991533836,0.34962970646298824,0.449251698148521,0.4109518727227405,0.5106344213342499,0.5017272452726738,8.152415294756861e-07,0.1753945552667397,0.6195429100857448,0.5635394645160043,0.0,1.0285712684219108,0.32852924433049474,0.4334946307223019,0.7640686717082507,0.5366323670960571,0.6195423117349024,0.7640747153681052,0.35093025328609223,0.6015154195098942,0.7483727635872102
1.8291774923558335,0.998277532871705,1.0552240971876925,1.239068177054562,1.5080919601194154,1.5466840232933794,1.5717599416636743,1.5854097832278518,0.9584404466206728,0.7830532468590805,0.8520273524837912,0.8952429820354998,0.9738066322194309,1.0715107587649906,1.1560848420370344,1.2099270159879865,1.2600391974532352,1.4929805622467545,1.1761485628752912,1.1590755708622198,1.2543199153953637,1.4077797950483861,1.2331080464342208,0.7136555157888764,1.3178921473992322,1.696531374748658,1.8342723488488661,1.8210206531127189,1.8050790475156804,1.7036778677778748,1.7312117671077305,1.530170323830243,1.8149223702373238,1.6844819088343914,1.5282284781453201,1.7270640766804708,1.463227656682733,1.463228822026691,1.6188222343345535,1.456670256893177,1.7719623627882628,1.055883066769196,0.8192173072704035,0.6548855128883221,0.7050594403347744,0.818127655806175,0.8861108428492488,1.5477970778443257,0.9323158315265285,1.0063311562407196,1.0399960538400452,1.0441340942302508,1.188194722872857,1.436217076424722,1.3003885126225245,1.4555367199039035,1.4276867580578425,1.643633015180396,1.5547339971760148,1.570294776980099,1.542756229445348,1.4612574970468155,1.4801152549145151,1.588258957344317,1.5878208923941841,1.5954732768509294,1.690735222025574,1.7005641285481288,1.4444474737633948,0.8771634548451837,0.5882541835658424,0.4196582799182752,0.593656380277441,0.7424772659055001,1.0276246082196927,0.9718413074866382,0.8889475592853089,1.0257600440497499,1.1052881091529756,1.2824543582817327,0.8352144148997486,0.8352158113113773,0.8352150524160838,0.8352148612247475,1.0136631826382172,1.250367823106714,0.8498022306141716,0.8895736214443754,0.9640431070465463,1.0652053310589893,1.1525105745184214,1.2081651692185982,1.2333831081184274,1.3016482105854066,1.2214957739370462,1.0285713409675015,1.1135113484606858,1.3218870282553707,1.3524899741265803,1.0285712684219108,0.0,1.1891831832982434,1.2375011451936968,1.3790844552857238,1.284697814022823,1.321888403233924,1.3790870916188096,1.1306508971134979,1.3440204595710705,1.4106266513875472
1.943946999870914,1.3361894740920062,1.2220031215952176,0.5548576423707161,0.7559059666665136,0.7963236032832229,0.8632479842482879,0.9068523469672737,1.5551894245598061,0.9343146728533245,0.6860215222472128,0.5490035686992856,0.39548533041840456,0.24093356015927275,0.1503030948279621,0.18291840882623767,0.2879724988891117,0.9336534132482666,0.634229726287772,0.43533794437455803,0.7279073462775758,0.5613013096171545,0.7054544399380598,1.2145652983556225,1.7710530080303433,1.2109408917748905,1.569681196742636,1.5549838544323729,1.4695074124588878,1.2264204202087483,1.3423562489168048,0.9341942197736125,1.5530058467194894,1.171546884074674,0.8631987503713925,1.338180054539342,0.8316589371496221,0.8316482282988311,1.1473472843776489,0.8265611518363554,1.446489655405505,1.5805944563618046,1.4143435291839614,1.2706941310430262,1.1435932164750087,1.0197057711234772,1.0427040727151806,1.0622770945192885,1.4448616909358412,1.217019075135481,1.0501234548613037,0.9259379449358287,0.718250903928661,0.8088245694625775,0.953928348120451,0.8791030204950655,0.884270644590498,1.1309644856885548,0.8698556247786836,0.9004670786011681,0.8404314624123106,0.8987469460288331,0.8836768482652391,1.005994221058294,0.9277544438106444,1.114930280852606,1.2453873539300082,1.2604576221962716,1.793843606009696,1.5767368704167342,1.414568797858753,1.2660009419343083,1.140459996488235,1.0206522830540026,0.8516235821672541,0.9205365393144557,0.8816743890178582,0.9476900543623763,0.9597906587528746,0.7268218101543241,1.0452778656010784,1.0452757472902996,1.045278777215768,1.0452777207151558,0.9099318845231523,0.9446305558333588,0.6920628578429384,0.5482889119312633,0.37642764551621727,0.22482452329281521,0.13238714315389652,0.1667579383743354,0.32313924567164654,0.3106206616482214,0.2537426207516724,0.32852935069284284,0.15993217988668204,0.35356532834552074,0.3863008578504242,0.32852924433049474,1.1891831832982434,0.0,0.11887004815886033,0.5339664094446132,0.24778570774581268,0.35356389742012273,0.5339732046246801,0.302703792793893,0.5415921943358714,0.5329867141234172
1.945252745150518,1.3654753297617896,1.2440777501566467,0.6039623551440584,0.7342143183068052,0.7531931605273602,0.8128683462011179,0.8525836291588587,1.5812774214935414,0.999767960838288,0.7702771456695595,0.6423131752406198,0.48959191389607104,0.3311961393393218,0.19527871364979363,0.1398314337223696,0.19560924940903496,0.861861899775277,0.6924569360473297,0.49669219150169147,0.7781023642051497,0.5201099488318626,0.7630922268759642,1.2567618587020946,1.7882844852267084,1.161415214937028,1.5362025119248937,1.521167513526164,1.4300481182040838,1.1778340344082598,1.2911402119509219,0.8893255706953216,1.5162122216143994,1.1222356776165094,0.7902016972937775,1.2979331102078033,0.7780961914891485,0.77808073444058,1.1063829044100228,0.7758320224377881,1.4134928889497493,1.6036785412839798,1.4451437940078238,1.3094343187676765,1.184738307693863,1.053785981124054,1.0683980924573666,1.0522684556890085,1.4670735515581435,1.2591575007454703,1.1000882015025102,0.9779980755579494,0.7453292810141161,0.7795368874682735,0.986444991655069,0.8405244301019619,0.8590926791566835,1.0849421469095817,0.8156074167226018,0.8418982864151329,0.7721248299714176,0.8709528663675717,0.8424972349461127,0.9657447793569792,0.8564177641236537,1.0903864879585534,1.2002280792144424,1.212545979610936,1.8071354239558446,1.6032282325753988,1.4486259908197596,1.308214618477168,1.1848753573620927,1.0595420171114922,0.86268156151558,0.9784047116524799,0.9448638235106389,0.9867745383867833,1.0020423160808596,0.7257452013614878,1.0763265408809433,1.076324372075925,1.0763274340598747,1.0763263082242074,0.9684812434719696,0.9823537131289424,0.7786402011685946,0.6471036687951787,0.4768715302473849,0.32353461222777546,0.18747342420806104,0.12388184183972897,0.36595192748370214,0.29363028783238043,0.20248401919449574,0.43349469259490586,0.2737517109612092,0.2502138801579924,0.3737547292274838,0.4334946307223019,1.2375011451936968,0.11887004815886033,0.0,0.44196192659585226,0.1357782858448658,0.2502122620346986,0.44196881205664723,0.3745180709482446,0.566204099609949,0.4567896283174561
1.9610963118627074,1.5241045016644197,1.4095933859246284,0.8232853032173737,0.764273686241156,0.6872664712563483,0.6647757519677676,0.6787112814464268,1.6301315285989946,1.1705891291866404,1.0161035657620054,0.9378805386335635,0.8143524360426388,0.6967354632616589,0.5834166072286973,0.490380338720431,0.37218081194722064,0.5469252234167099,0.9107144918604203,0.7715954347636912,0.9893968278016377,0.5968406746452497,0.9719192279783135,1.4146586177026317,1.8357435949695304,1.0988322756411288,1.4327349773308253,1.4090488958849394,1.3295567395868875,1.1142129041104665,1.1284283229564103,0.9638281789580669,1.377498279591167,1.0607405272155854,0.5480958579840284,1.1948850091391336,0.7992217937702184,0.799180007961301,1.0335800076850163,0.7980468056985714,1.2959575597935202,1.6734962616052669,1.5606204488261162,1.462383776438102,1.3695840296904565,1.2506569387663442,1.2481414744159407,1.1875626270418917,1.5608682483410161,1.4302136591599832,1.326417834663566,1.2364544846148964,1.0263385243443508,0.9385713666722573,1.196332235457499,0.9089036823594705,0.963943720578837,0.9390083637575634,0.7435346600022593,0.7250285984493533,0.6073607396950589,0.9763473759820186,0.9133011034237747,0.9907289321808781,0.6414047330908693,1.1141473879485742,1.0860930033461027,1.0803250666120274,1.8278094465181585,1.6668091127842501,1.5563508871371177,1.4529533754604194,1.3598367439475607,1.245061899270394,1.0268866185539063,1.2198478600614937,1.2012767881013418,1.197762804562113,1.2150377626979034,0.9226081849784098,1.2470164169776352,1.2470146473303996,1.2470173500961201,1.2470159982142381,1.2098270532307516,1.1727069105040164,1.0235437403152021,0.9465321712053243,0.8105013133775097,0.6944253321427063,0.5813910155219055,0.48731579133201613,0.6671965601231497,0.5684817528133643,0.4991526021662967,0.7640687362008488,0.6470231757018096,0.20621620615125819,0.5974060034794155,0.7640686717082507,1.3790844552857238,0.5339664094446132,0.44196192659585226,0.0,0.32140232689337483,0.2062183088015653,1.068334714854384e-05,0.7002715383889853,0.7503512533178976,0.34590186908715764
1.9498418338780161,1.4069672522277283,1.2834370328395632,0.6611004863033776,0.7165437471780002,0.7056253438395936,0.7494810393949374,0.7902210132690427,1.6033335235466941,1.0600858006868428,0.8503541260148507,0.7355216225143751,0.5883823737687752,0.44023687150416313,0.3023195397689732,0.20551689790256797,0.1434736422163254,0.763945275580936,0.7498076670393004,0.5646158398426637,0.8316487107377378,0.4926923446819958,0.8198416703776868,1.3035740355639633,1.8054184383250091,1.118126470556509,1.4954710989694435,1.4788346352319575,1.3867145374524832,1.1345700984548657,1.2280901469260028,0.8674355016447759,1.4666325954426445,1.0831925869064074,0.6952642512993028,1.2525660517940471,0.7385300243374994,0.7385069142054271,1.061009772640409,0.7376095069876748,1.3687284333636118,1.6280745309066549,1.4806078127744469,1.3554901384761326,1.2379150697758627,1.1061267398932897,1.1119946240869498,1.0742030857387008,1.4935503590432626,1.3106890213603164,1.1661759970834495,1.0514083334243325,0.8148537804668109,0.7846588067026037,1.036882440580138,0.8373864084807706,0.8715362173495308,1.034693845760595,0.7718537077576602,0.7879776528071853,0.70583585425635,0.8828074319878613,0.838941705565344,0.9496548078539157,0.7807827518808834,1.0838064602242687,1.1563907329585996,1.163908046381199,1.818130773346081,1.6267284745163313,1.4825660257121314,1.3528917055497147,1.2362082066243831,1.1103084046979759,0.8979034588633001,1.0485103928223027,1.020258921501837,1.03785592536702,1.057523824201137,0.758475386053381,1.1194524310348875,1.1194503152101711,1.1194533308269228,1.119452118214571,1.038871346278694,1.0293055032209302,0.8628952739441084,0.7471498015178203,0.5834802568648113,0.4414559045171163,0.3063166097244638,0.20714530806550505,0.4382457255906741,0.330564605700421,0.2415323833631452,0.5366323962561745,0.3905704009095847,0.12110575817249473,0.39856649363028823,0.5366323670960571,1.284697814022823,0.24778570774581268,0.1357782858448658,0.32140232689337483,0.0,0.12110406852263807,0.32140929999806955,0.47370688652375853,0.6026458702802008,0.37045024196928783
1.9513516098397978,1.4532317121182237,1.3329556484784786,0.7060603962176456,0.7062352104875075,0.6690477209970884,0.6923487430479282,0.7312906909921613,1.6149627480652167,1.1020612222387167,0.9126569766804559,0.8116347792085238,0.6736587955380499,0.5383806857415451,0.41059053124404193,0.3133716612391379,0.21090875207828053,0.6820202591483931,0.803278863673757,0.6362211619592986,0.8839865244268854,0.5089062927058149,0.8666948937648834,1.345965945742213,1.8187011495461032,1.1014724374044687,1.4688537731180717,1.4499685475695294,1.359176285106517,1.1176599251731285,1.1838494409243465,0.8894986691539583,1.4303668656100041,1.0668012941770253,0.6251185486919016,1.2223978426616322,0.7421004482764157,0.7420694695310931,1.0358070214192008,0.741090326855865,1.3326219387866316,1.6475500994223964,1.5133221437339681,1.398938769430724,1.290951923228363,1.1639147174218873,1.1650827059718243,1.1072580017899498,1.520984002564942,1.357321804649778,1.2283756551493967,1.1230000019340647,0.8966731864684584,0.8330915458126672,1.0939270500258256,0.8565064381617407,0.9000460642327048,0.9942651436826621,0.7492524848221507,0.7533656325173982,0.656375306403132,0.9138430170521911,0.8609494380083814,0.956841915078293,0.7204293907719127,1.0880600771968871,1.1245567712596813,1.1273719156059256,1.820398916059499,1.6419692203221121,1.5103301187817926,1.3911487691410898,1.2833530953983472,1.1612716602977833,0.9449339654060603,1.109398354789088,1.0875825850561873,1.0933889695074261,1.1100839713217083,0.8070454865124607,1.1664735483320514,1.1664715672017152,1.1664744721290146,1.166473187269585,1.0994091511427693,1.0750091512955138,0.9235706079549363,0.8224618495433323,0.6696076235680831,0.5380237539472396,0.4113474563605557,0.31200765883151066,0.5168478177611324,0.40706143164814024,0.3301570277068063,0.6195423517239884,0.4845701752533879,7.68923776170011e-06,0.44812305586893797,0.6195423117349024,1.321888403233924,0.35356389742012273,0.2502122620346986,0.2062183088015653,0.12110406852263807,0.0,0.20622528488636188,0.5514819529697614,0.638854061374369,0.319187710417487
1.9610950339465512,1.5241058411976263,1.4095950585618522,0.8232902350173303,0.7642724461556446,0.6872632348985925,0.664770761397273,0.6787040161009317,1.6301321817695706,1.170593117330373,1.016108618752792,0.9378858569251428,0.8143584786330913,0.6967421840306588,0.5834236729034329,0.4903875336788007,0.3721881111106573,0.546921551989942,0.9107169856064947,0.7715995326026354,0.9893989654286128,0.5968401552786836,0.971921063476386,1.4146602928128449,1.835742998754225,1.098826843341852,1.4327298718044152,1.4090437009727308,1.3295511749626119,1.1142074755070153,1.1284220996193306,0.963826658685583,1.3774930955090343,1.0607349008913358,0.5480884125544879,1.19487901204234,0.7992195647553172,0.799177778260836,1.033574980393693,0.798044542067089,1.2959523837199878,1.673496999528888,1.5606220872874312,1.4623860331391885,1.3695866120437994,1.2506600015529883,1.24814436846845,1.1875631497102082,1.56086971549313,1.4302158638884028,1.32642054231115,1.2364574915005824,1.0263420209174912,0.9385718713742004,1.1963332686232224,0.9089015826973832,0.9639422935242182,0.939001333062855,0.7435291743461692,0.7250221525774951,0.6073535216513265,0.9763461434531723,0.9132992402995608,0.99072528075089,0.64139641044691,1.1141435072503976,1.086086424028311,1.080318197039176,1.8278087419996476,1.6668096197738325,1.556352291661416,1.4529554147798787,1.3598390270730951,1.245064568917355,1.0268892537485168,1.2198503946298307,1.2012797179277983,1.197765274594235,1.215039651687871,0.9226097843557306,1.2470188620841451,1.247017092441121,1.2470197952011985,1.2470184433126594,1.209829256075205,1.1727074107824471,1.0235487262277274,0.9465374716053779,0.810507337603201,0.6944318484212646,0.5813977745067467,0.48732266249903233,0.6672003666462624,0.5684850966621414,0.4991590130461048,0.7640747798635158,0.6470297290410224,0.2062231819811517,0.5974081965928408,0.7640747153681052,1.3790870916188096,0.5339732046246801,0.44196881205664723,1.068334714854384e-05,0.32140929999806955,0.20622528488636188,0.0,0.7002772170055204,0.7503524243058746,0.34589892896773367
1.9337303532636456,1.3225263670194212,1.20700010761307,0.6104775520664589,0.8707302394517368,0.9257781897326305,0.9885558969610385,1.007663873814192,1.529946670351905,0.9328150784402511,0.7005229045656949,0.5484480719862856,0.4314304468851669,0.36218767331642776,0.3737026230391203,0.42826205706859777,0.5230357291066361,1.0688301144000338,0.7262625648566812,0.5660833200986717,0.8497861018585624,0.7635337125604736,0.7448163987381834,1.1369377450338893,1.7630429827671104,1.3011885620584598,1.6633423033520063,1.6508563240728844,1.5531810225544114,1.3174919367608344,1.4275584353750017,1.0350309779673592,1.6491219799659538,1.2598923722175117,1.003729850026198,1.4095341279807823,0.9153724338114199,0.9153706849093041,1.211478501206271,0.9069020146847793,1.5227465198653989,1.5878021653093244,1.4227597559512377,1.2691074118265704,1.1359105498476945,1.0113047478994879,1.0369031530569428,1.1248412202578717,1.4638490367084527,1.2534193011456916,1.0886793507986638,0.958040029667163,0.8054903109535669,0.9537423777603036,1.0426666944137823,0.9090815942499364,0.8917084946868761,1.225868711352811,0.9959704932545702,1.0260656821497,0.9588813882493822,0.9624699845680028,0.9621109756564866,1.1106030037163914,1.0481928469666224,1.1528647552149636,1.3089389545870462,1.3238881273427456,1.7483899411195931,1.526435493407561,1.3629187140417998,1.199089019404443,1.0640649887265896,0.9365856342598398,0.7683115068466432,0.8186362712696593,0.7980713681144128,0.9084070720611739,0.8693258659588577,0.6554068383879484,0.970089475251126,0.9700876837026001,0.9700905259918798,0.9700895034639793,0.8071389867056102,0.9224141234828235,0.6640130182596443,0.48603210841604244,0.3456877591392071,0.2529602020705462,0.27667763229930864,0.3529592976305453,0.46014464935375554,0.5072207588721094,0.37469409276932525,0.3509306324302179,0.2719626156071261,0.5514822091075054,0.534710497759473,0.35093025328609223,1.1306508971134979,0.302703792793893,0.3745180709482446,0.7002715383889853,0.47370688652375853,0.5514819529697614,0.7002772170055204,0.0,0.6215528475180524,0.7169579401158901
1.9977760581469308,1.4537965452728825,1.3902183121088851,0.6996310274426776,0.5533150746595414,0.6386781370435363,0.7353265628749229,0.7693452428326673,1.649821100472193,1.1000861336344614,0.882951201123074,0.7675889154611224,0.7008829386079974,0.659338686920512,0.6458567031433095,0.6603956946961063,0.6924310843450301,1.125184379250041,0.4604126717838102,0.4654565762794934,0.55858724068373,0.47076531970458524,0.395273339397538,1.30432398781422,1.8129808363557223,1.1643223311801565,1.5250701618008742,1.5114517810818477,1.415784002183548,1.175046009298755,1.3350796098908204,0.98650315939409,1.5355818392395557,1.1247623766787493,0.8652674886654517,1.2399110338952706,0.8750914361695971,0.8750668789041836,1.0386188387259054,0.8501700977997242,1.361904002621686,1.694341042401598,1.5599016922432565,1.436698152955285,1.3270400200616113,1.2610589504639387,1.2859846885984063,1.174551199411649,1.605435249664293,1.3398550645782588,1.1797427926959252,1.072299428810065,0.9703339087768976,0.9126155372246941,0.8823021958754327,0.9640997268565735,0.9581236170543729,1.0369065550005776,0.7958799026958632,0.8355027566840691,0.8264790638178241,0.9949246202154214,0.9898829593883597,0.9722789015704969,0.9327265841053254,1.0084655729885936,1.180155094060279,1.2092654321960523,1.8433567448186408,1.6549755571174392,1.5229236335470833,1.3948104459658406,1.2783828620093087,1.2068806790530526,1.109509316869481,0.9742565622420775,0.9724090686106582,1.0475142730118918,0.9839948619798962,0.8492068303148835,1.23053749991005,1.2305357845265932,1.2305384373791675,1.2305369905330408,0.9116947268590028,0.7473405617218524,0.896093752093015,0.776184652817695,0.698534553614262,0.6489609096397789,0.6334730358889783,0.6495994157111606,0.37689930423935236,0.42387923443962455,0.6947845946339356,0.6015157627780868,0.5505607640718541,0.6388502496449304,0.29759530114011384,0.6015154195098942,1.3440204595710705,0.5415921943358714,0.566204099609949,0.7503512533178976,0.6026458702802008,0.638854061374369,0.7503524243058746,0.6215528475180524,0.0,0.5374707650701044
1.972715949886715,1.4951708004788715,1.3947795704475128,0.8118189270988868,0.5771238698463408,0.4978529532162531,0.5146125586814063,0.5350837783868033,1.671496492665728,1.2045084464852134,1.0222166152312087,0.9239346906216829,0.8098020099262311,0.7044664456860151,0.6040068285333333,0.5309138631843507,0.4523468450772382,0.7439521980405274,0.7595441891391953,0.6496289034485129,0.828157976949423,0.3126733396442003,0.8067827039975516,1.39648628531786,1.8310453568438074,0.9559697773138369,1.3496038376668908,1.330407215702658,1.2313549110363309,0.9690923503509368,1.0691961573866184,0.8222847912314164,1.3266502991960125,0.9286874791650763,0.44312441135062003,1.0656455235682678,0.6678485078371841,0.6677978788018687,0.8762718129964843,0.6551245963521211,1.206742421714511,1.7007144609146165,1.5800721554244563,1.475123590033644,1.3713758532406188,1.2683260485579424,1.2703131811826534,1.1453296778445843,1.5913656144194668,1.4136388591635463,1.2849213493721758,1.1839841867176337,0.987241137624471,0.8049169575988738,1.0464647551948218,0.8491266106898668,0.9003153730791565,0.8261087420610219,0.5771026194612292,0.5756713210438429,0.5149199593247864,0.912741600119095,0.8533372313959056,0.8468973097128442,0.5858943537891139,0.9761331999487571,0.9914733750185163,0.9996046943340788,1.8532873867145658,1.6904603595724343,1.5723452658068173,1.463568672574151,1.3566573285257675,1.2538032004319228,1.0686056016738505,1.1603958508412675,1.146096082881153,1.1433564092345703,1.1433167309599583,0.8657627067796776,1.2564326200336264,1.2564306978568367,1.2564335032426954,1.2564320270946754,1.1313239639988237,1.0155454405431328,1.0439205842080732,0.9473440644861929,0.817666278926356,0.7127899392725189,0.6123304697643113,0.539212464728059,0.5318576954609286,0.4076558645075878,0.5580971965168025,0.7483728737172917,0.6386635640970663,0.31918124868541126,0.3924612496242348,0.7483727635872102,1.4106266513875472,0.5329867141234172,0.4567896283174561,0.34590186908715764,0.37045024196928783,0.319187710417487,0.34589892896773367,0.7169579401158901,0.5374707650701044,0.0
