,2h(-7),2h(-7),2h(-7),ma(-7),ma(-7),ma(-7),2h(-7)+ma(-7),2h(-7)+ma(-7),2h(-7)+ma(-7),1o3ol(-5),1o3ol(-5),1o3ol(-5),2h(-7)+1o3ol(-5),2h(-7)+1o3ol(-5),2h(-7)+1o3ol(-5),ea(-7),ea(-7),ea(-7),eb(-7),eb(-7),eb(-7),ea(-7)+eb(-7),ea(-7)+eb(-7),ea(-7)+eb(-7),ea(-5),ea(-5),ea(-5),eb(-5),eb(-5),eb(-5),ea(-5)+eb(-5),ea(-5)+eb(-5),ea(-5)+eb(-5),PFO,PFO,PFO
0,0.46205407,0.79729676,2.5530572,-0.19760305,0.04380709,-0.24131465,0.3005948,0.6472948,2.006817,-0.31812885,-0.17894751,-0.17287177,-0.12768245,0.07107416,-0.059944868,0.10683116,0.15794152,-0.11381644,0.077694416,0.03291717,-0.13027042,0.0276047,0.04057941,-0.4265377,0.027587771,-0.24915183,-0.31972542,0.11653617,0.09932116,0.4393047,-0.005784154,0.19753662,0.24934295,0.053627312,-0.12747642,0.28247964
1,-0.07077211,0.11843953,-0.25792077,0.5057426,-0.09967497,-0.15285124,-0.045220077,0.11657497,-0.32032764,0.019379586,0.10764462,0.06751169,-0.019641995,-0.08706407,-0.4585878,-0.55593383,0.055226266,-0.43297362,0.31783414,-0.035633564,-0.10979587,-0.46088687,-0.03982085,-0.14635682,-0.18553776,-0.371808,-0.27081823,-0.22438097,0.005741656,-0.7446214,0.09564316,-0.13110429,-0.6527623,-0.03382212,0.24661744,-0.10598397
2,-0.055735797,-0.07504302,-0.1666696,-0.048353493,-0.1602636,0.117753744,0.10462749,0.012137771,0.078344725,1.1183932,2.6478667,2.4940758,0.010261953,0.5574317,0.85088784,-0.08338386,0.041677058,-0.18007064,-0.02164948,0.019909665,-0.36237508,-0.06102389,0.21671581,0.3020094,-0.09480429,-0.17894605,-0.18237269,0.3040486,0.2676036,0.8165832,-0.115110636,0.1321963,0.22621979,0.05705583,-0.08289111,0.1377399
3,2.2857587,2.36946,2.1277363,-0.041737556,0.4942552,0.017506912,1.52112,1.418314,1.2269733,0.43483472,1.3661984,1.5820525,0.5304827,0.91581887,0.34329706,0.1703521,-0.160337,-0.0207268,0.19288278,-0.566706,-0.33514458,0.79779685,-0.11883354,0.0376935,0.31736696,1.4463143,1.2503662,-0.01869011,0.04420206,-0.29593897,-0.16102833,0.3832664,-0.022986084,-0.2952479,-0.45317495,-0.049212217
4,-0.11305565,-0.114099145,0.072427236,0.08455539,-0.13489926,-0.11325883,-0.26007128,-0.013185263,-0.49557942,-0.004334122,-0.16570342,0.037513494,-0.27734885,-0.20012276,-0.4185176,0.17235565,-0.059368134,1.4665788,-0.4070875,0.015715182,-0.2298502,0.14862335,-0.10797191,-0.48117208,0.38213557,1.697164,2.4349031,0.8126373,0.84001297,0.5217983,0.60675025,1.3545799,1.3377357,0.19492137,0.04657644,0.6646124
5,0.10811579,-0.47296092,-0.059826046,-0.20981917,0.3559278,0.56920296,0.3819623,-0.47962996,-0.18166232,-0.39362708,0.046681166,-0.35974115,-0.28828672,-0.19993722,-0.37567395,-0.20438403,0.15461913,-0.109169245,-0.22688761,0.06250864,-0.2504241,-0.22334057,0.22473393,-0.12016548,-0.27239543,0.05938284,-0.1912831,-0.01822266,-0.013427466,-0.43857712,0.22767389,0.16241837,-0.2561884,-0.07799286,-0.06571743,-0.30059254
6,0.4135244,0.13563463,-0.17716396,0.1051448,0.18457788,-0.78099364,-0.27461854,0.15656301,-0.52843094,-0.19253191,0.46721944,0.050526142,0.12183648,-0.14378276,0.17773208,-0.05834931,-0.067590415,-0.27488685,0.0051283836,-0.3410977,-0.020533442,-0.19879293,-0.020751804,-0.4372185,-0.23202306,-0.05181247,-0.17345,0.1179862,0.052408516,-0.2394402,-0.1549958,-0.03744155,-0.054753125,-0.04667133,-0.07670253,0.6094497
7,0.13598186,-0.091764286,-0.18838888,-0.034199715,-0.13719726,0.29266244,-0.12559515,-0.18298721,-0.48947042,-0.069713295,0.25559258,0.68299973,0.025587916,0.21810946,-0.6834022,-0.09941968,0.11781768,-0.83747095,-0.11025077,0.23473436,-0.13050747,0.83203924,0.42777634,-0.18984628,0.5962509,0.9494729,1.3217254,0.24782816,-0.12731962,0.12816226,0.116808,0.01641488,0.17806154,-0.09539169,2.9862573,1.4694299
8,-0.36081502,-0.24433744,-0.4007842,-0.09373623,-0.14507526,-0.15793927,-0.17099285,-0.25674897,-0.50516677,0.45116347,0.5011921,0.030041426,-0.04384435,-0.13828081,-0.1314888,0.18847162,0.18359041,0.2888953,-0.31047875,0.1593668,0.11910188,0.1691727,0.10245615,-0.38255075,1.1038898,0.3908081,-0.34849128,2.2905939,1.3666604,5.002452,1.0677397,1.3485609,3.6205058,0.038390636,-0.30227643,0.26222998
9,0.45245606,0.41749772,1.6799389,0.71746004,0.67981875,1.6511896,0.97229755,1.2750897,4.165882,0.25354695,1.1500323,3.4572718,0.34711438,2.598466,2.241977,0.06689209,0.27776745,-0.68011224,-0.18149817,-0.47134632,-0.24683595,0.09516609,-0.060056806,-0.08159548,-0.30644408,-0.2159279,-0.12733835,-0.062389016,0.19332522,-0.019044042,-0.10847777,-0.033977807,-0.1838479,-0.32300055,0.025457233,-0.10405725
10,-0.07877302,0.066637635,0.21780328,-0.07845342,0.1520288,0.016252205,0.23335926,0.17686662,0.38457978,-0.18001121,-0.087625384,-0.41487253,-0.29459098,-0.3110631,-0.29024714,-0.05666253,0.21687531,0.8488288,-0.17102045,0.19803986,0.16841596,0.6618065,0.18905945,-0.06802654,0.5250697,0.3928173,0.34166354,0.09516823,-0.008695066,-0.23488605,-0.05455044,0.03630227,0.06884559,0.20963705,-0.100062616,-0.33007336
11,-0.3394704,-0.11076081,-0.19546223,-0.22914973,-0.23813784,-0.29676318,-0.052877426,-0.16558778,-1.3029592,0.05965188,-0.0648478,-0.29895198,-0.24725485,-0.24208778,-0.39633307,-0.3137981,-0.16583654,-0.88560784,-0.028133154,-0.026936084,-0.5197538,0.021556437,-0.02989614,-0.3753996,-0.08466083,-0.07329717,0.21598637,-0.084630966,-0.00910008,0.17915452,0.0021922588,-0.012083709,0.09345646,-0.19971275,-0.5282092,-0.03581509
12,0.56153053,1.6526444,2.2323053,-0.33357012,-0.20844257,0.1558752,0.21553558,0.8654258,1.4212145,-0.061377883,0.006300375,0.6202154,0.35832146,0.68547463,1.5300764,-0.02593863,-0.30486345,-0.71753496,0.060734153,-0.30010286,-0.09956156,-0.101810634,0.15523988,-0.1016399,0.07729623,0.13337848,-0.055191696,-0.057911485,-0.07854448,-0.008150786,0.16083181,0.038856953,-0.45357403,-0.34046975,-0.20240134,-0.19730276
13,-0.006534785,-0.03466265,0.29640552,-0.7485605,-0.28712702,-0.6869565,0.221006,-0.34426838,-0.25812957,0.341573,1.346283,0.44652894,3.2522383,2.3076692,0.5934433,-0.3427609,-0.34875685,-0.005065888,-0.09013647,-0.4014008,-0.42026854,0.17866105,0.15908304,-0.029461265,-0.3243878,-0.48204383,-0.2685255,0.014417917,-0.24267499,0.07231325,-0.32240033,0.04232443,-0.25937724,-0.65111965,-0.7244351,-0.23770612
14,-0.24030179,-0.5522756,-0.07943806,-0.09511536,-0.36371404,-0.40070426,-0.07547229,0.15152878,-0.26230246,-0.11452155,0.10114831,-0.21128392,-0.27955374,-0.30933952,-0.52001834,0.53510505,0.30649358,0.2246956,-0.47867814,-0.04588093,0.0053820796,0.13997978,0.10801599,-0.13510203,0.84986025,0.36694813,1.0240271,0.5938839,0.31533226,1.0381094,0.84487015,1.7615242,3.2317963,-0.35464877,-0.5402936,-0.029943168
15,0.13470024,-0.011860013,-0.1928761,0.6301708,0.2734714,0.16212377,0.27077973,-0.28116953,-0.5504998,0.0020407885,0.20483127,0.2894508,0.41521412,0.13522962,0.1856102,0.047115862,-0.282444,-0.20590402,-0.41972008,0.060165644,-0.032344997,-0.07022243,0.7333701,0.3419555,-0.3431462,0.103748515,-0.07330185,0.25997117,0.072735794,-0.07688404,-0.1708003,-0.008010089,-0.56986666,0.17240383,1.0226831,3.08612
16,0.06841236,-0.24370728,-0.37659943,-0.15889734,0.18268806,-0.04726994,0.03999132,0.34442478,0.055260718,0.06754285,-0.047751486,0.18898255,-0.14991182,-0.26186085,-0.09846997,0.030283272,0.15195704,-0.05240576,0.02477473,-0.4137352,0.056197733,-0.14850807,-0.009214282,0.40889996,-0.21457595,-0.42944407,-0.00723505,-0.1323142,-0.0062002838,0.4890456,-0.26217413,-0.48169738,0.3484731,-0.121317565,-0.41280866,-0.82124215
17,-0.23481548,-0.32501227,-0.31368315,1.6214638,1.8784736,3.85749,1.2033522,0.84803885,0.93872243,0.0555501,0.20566475,-0.061149016,0.19698817,0.42851514,-0.21776336,0.084028125,0.16188475,-0.25074437,-0.07455778,0.023833632,0.75472045,-0.14266008,0.7064328,0.27811092,-0.2973079,0.14365286,0.4765849,-0.2641065,1.0356,-0.52414525,0.016051054,-0.084711194,-0.039328486,-0.08458371,-0.17478955,0.428412
18,0.28173283,-0.019249678,0.27038652,-0.055280924,0.006294489,0.23855507,-0.11057329,0.16811341,-0.6431323,-0.08630139,0.17070407,0.0069693923,0.202654,-0.10198425,0.42097452,-0.5655727,0.019239772,0.0019743443,0.073771656,-0.63853526,-0.0449937,0.019092917,0.063150585,0.0035064518,0.24134576,-0.12220609,-0.29670644,-0.3420852,-0.7155331,0.11918193,-0.026026785,-0.17442845,0.003813386,-0.46486923,-0.30833524,-0.054107726
19,-0.38415086,0.2317266,0.13939588,-0.36525327,-0.14147274,-0.24338567,-0.11308801,0.18657538,0.06314042,0.15515459,0.13775647,-0.2150639,0.19723324,-0.010215018,-0.17725107,-0.027511999,-0.102771886,0.5510186,-0.23587726,0.43817663,-0.33196062,0.22583178,0.13636975,0.090646744,0.17438704,0.037011504,-0.07483083,0.36310652,-0.11674489,-0.10087037,0.48439702,0.5437716,0.8174407,-0.53708196,0.1989615,0.23357147
20,0.16450399,0.15222307,-0.26915747,0.02305299,-0.374302,0.13242167,0.18195617,0.17592704,0.18688059,0.27575147,0.13604414,-0.17299879,0.15562199,0.021172523,-0.1705844,0.27532282,0.31271103,1.8962511,-0.1030235,0.17786674,-0.17615147,1.0342185,0.9305887,0.055345,2.4050465,3.6718209,3.553225,-0.015045822,0.037704945,0.47876212,0.57205284,0.71101105,1.3892664,-0.060116768,-0.37659174,0.15746856
21,0.058594227,0.023032814,0.1263429,0.024928927,0.24859656,0.015254881,-0.091881156,-0.07019687,-0.16923124,-0.12590092,0.10018301,-0.08430126,-0.5157667,0.07672955,-0.8447244,0.29372153,0.21110976,0.67649645,-0.2563842,0.0425615,0.03034684,0.7346678,-0.3470953,-0.025406897,2.263153,1.8823463,1.8466957,0.6982943,0.058214284,0.39670625,0.95227134,2.8965704,3.8667476,-0.0015957952,0.19546086,0.35495576
22,3.9821677,2.9643798,1.9201782,0.07305795,0.13627815,0.6655756,3.0704315,2.358301,1.9122353,0.9841628,0.70965785,0.46919698,2.620316,0.96013623,0.98346335,0.1963448,0.52831465,-0.0013800263,0.45639715,0.07786363,0.15175,0.8141413,0.8470258,0.6245611,1.9502242,-0.16675025,0.073518366,0.052134395,0.0071299076,-0.28147352,0.11175901,0.3983762,1.0871603,1.399385,1.7464204,0.061149
23,-0.29591736,0.24744263,0.103013664,0.029359937,0.09227937,0.018161774,0.13939074,-0.6274996,-0.595957,0.119466335,0.026682742,0.14272797,1.1323645,0.2467638,0.16253963,-0.3025351,-0.581025,-0.43725675,0.12713951,0.45197782,-0.45135415,-0.20134449,0.28878114,-0.18355578,-0.16632658,-0.4497056,0.65026665,0.14303887,-0.025392205,0.1266076,-0.21511865,-0.053234965,-0.83921325,-0.62325025,0.0033587217,0.09946841
24,0.20649278,0.06770241,-0.5035039,2.359106,3.6365306,3.5279052,1.3830755,2.2745845,0.8614194,-0.16422105,-0.023069203,0.010104358,0.023410738,-0.25338584,-0.2206099,-0.2127471,0.04350534,-0.12919182,0.2812953,-0.25688744,-0.4799343,-0.099606335,-0.23313728,-0.47938794,-0.09947002,-0.13670945,0.4158076,0.12854862,0.0052286386,0.29221764,-0.11887896,-0.018862665,-0.0979386,0.53540695,0.45951295,1.0165908
25,0.06430191,-0.14833665,-0.40932506,-0.0007636547,-0.09023246,-0.44658685,-0.21979553,-0.0058718324,-0.45660198,-0.16159293,0.12643377,-0.16814327,0.028812349,-0.17872676,-0.23560023,0.2309075,0.15177694,-0.3876429,0.02938658,-0.06753236,0.056187034,-0.26338774,-0.20894611,0.1641219,-0.06386,-0.20139709,-0.52531934,-0.0411824,-0.31340986,0.51275146,-0.245718,-0.24281883,0.13113368,0.086848855,0.12328016,0.17717361
26,-0.11244106,0.11708468,0.15215605,0.96762764,0.66248256,0.36274242,2.3348956,2.01814,1.2390599,-0.641449,-0.36153066,-0.11289653,-0.26637936,-0.62200344,-0.54353714,-0.5249957,0.003422618,-0.044948526,0.39331502,0.04902011,-0.012883544,-0.34497324,-0.19156706,-0.029230237,-0.07900211,-0.19585437,-0.010544062,0.31600022,0.014680296,-0.36838362,0.17996037,-0.32615334,0.14762014,-0.011072993,0.5483114,0.02360332
27,0.5099984,0.40440208,0.48147148,0.84498096,0.70696837,1.0621418,1.6639531,0.7491329,-0.30851924,1.6049774,0.46893412,0.1304046,4.138016,2.5375948,2.2961905,-0.45719078,-0.14760505,-0.11058688,0.17699626,0.57393247,-0.20283626,0.29376423,0.44265786,0.070674814,-0.037339658,0.2182531,-0.36725202,-0.37705994,-0.061034888,0.2756169,-0.97719336,-0.21071264,-0.65324664,0.48627737,0.4816556,-0.029318959
28,-0.20802635,-0.09222579,-0.24110967,-0.1599803,0.17413947,0.10058069,0.1755631,0.23543562,-0.3581301,-0.17449462,-0.2030153,-0.21533537,-0.016636848,-0.27355283,-0.34370804,0.46709466,-0.26874357,0.01952511,-0.36499774,-0.27161354,0.08808023,0.21349108,-0.2518835,-0.03307079,0.20620358,0.16905558,-0.37254894,-0.2303248,-0.18700904,-0.060524344,0.049630284,0.26863188,0.30038333,-0.21228218,-0.20642349,-0.20179844
29,-0.14901984,-0.2170515,-0.42952412,-0.04071945,-0.021800548,-0.19693565,-0.0068174005,-0.31547472,-0.13267228,0.12139952,-0.43278265,-0.6057287,-0.12636256,-0.16536099,0.24942935,0.13715303,-0.2372481,0.033596992,-0.09031129,-0.37889963,-0.044751823,0.06368643,-0.3054015,-0.067878485,-0.3797704,0.20583993,-0.9074407,0.27044266,0.23137479,0.5132953,-0.59207565,0.3043434,0.018129587,-0.144782,0.13363016,0.38166693
30,-0.0044014454,-0.0033884346,0.23170578,0.077188015,0.16763258,0.46494544,0.15470809,0.1815936,0.04236293,0.18378228,0.13629931,0.08393431,-0.12641644,-0.1196022,0.0077830553,0.021567643,-0.04155937,-0.40210843,-0.12395501,-0.16883744,-0.17563999,0.022013545,-0.14882076,0.16921529,-0.037366927,-0.1612904,-0.09772083,0.084125906,-0.048022985,0.16906321,-0.3478542,0.21191195,0.5191142,-0.05742383,-0.014012314,0.1643591
31,-0.25577244,-0.28353038,0.30881456,-0.31185216,0.4581515,0.5111926,-0.18129075,-0.10851258,-0.19922872,-0.29832077,-0.34563714,-0.24784808,-0.322061,0.18491843,-0.44147414,-0.053731382,0.4126746,-0.039777994,0.08522534,0.39461195,-0.15238592,-0.34006318,0.33596238,-0.0717873,-0.11132467,-0.060244203,-0.30987632,0.7150506,-0.004659325,0.28086352,-0.4654559,-0.15626743,-0.057519764,-0.26491985,0.001401037,-0.17265342
32,-0.23195213,-0.16247085,-1.194111,0.18976235,0.29304528,0.0651024,0.12191862,-0.5022476,-0.16348195,-0.13367945,-0.31961867,0.03737241,0.07757717,-0.25333804,-0.3428285,-0.38247424,-0.022077888,-0.49265882,-0.6797085,-0.60047525,-0.3951801,0.1987564,0.060046755,0.22337504,-0.24490201,0.41340238,0.025402129,-0.03285435,0.07941969,0.8998924,0.08130568,0.1667681,-0.29750025,-0.17125171,-0.4879616,0.04161662
33,-0.26452664,0.2524324,0.08599037,0.06913173,0.46911824,-0.20191991,-0.13040549,0.09596184,-0.31578535,0.03575343,0.2590489,-0.2174713,-0.3203532,-0.0066201985,-0.65318495,0.18637806,-0.13101348,-0.20176613,0.008935332,0.43804124,-0.024226248,-0.08627331,0.17592111,-0.32190514,-0.11690962,0.23383898,-0.42808717,-0.19768664,-0.12466517,0.148108,-0.04113722,-0.122463524,-0.23221254,0.12412393,0.2443109,0.14400208
34,0.33256018,0.33836514,0.7396672,-0.16922104,-0.08195987,-0.15865624,-0.14005685,0.1636765,-0.31485492,1.5390224,0.89769137,1.12196,1.0563717,0.4046224,0.27387446,0.43981862,0.63116014,-0.0019723475,-0.040917695,0.13237748,0.1457594,0.3898576,0.43116584,0.12615067,0.70616627,-0.19476418,0.33690512,-0.032764137,-0.43678916,0.32236207,-0.29968238,-0.14522743,-0.04050803,0.14854324,-0.09525132,0.70592576
35,0.2911941,0.43884987,0.05834107,0.026832044,-0.07091771,0.60142946,0.06647074,-0.33436328,-0.26308876,-0.29971346,0.17710479,-0.15458363,-0.33592808,-0.3115999,-0.74726963,0.35971248,-0.038165867,-0.13020498,-0.28761482,0.28166622,-0.28122306,0.03639257,-0.1283567,0.40672493,-0.2622106,-0.2524761,-0.059976578,0.06627798,0.28938586,0.28192067,-0.24028361,-0.57092166,2.5577548,-0.5607945,-0.24535736,-0.025069833
36,0.1792522,0.0894619,-0.82329094,-0.042205036,0.3143026,0.27369067,0.07712078,-0.6259024,0.35494572,-0.730978,0.26303434,0.11820173,0.18298686,-0.11234115,0.6629479,0.11398834,0.10658139,-0.82503283,-0.04925096,-0.18762761,0.61310697,-0.37241977,0.7219574,-0.42362782,-0.9526099,-0.1813842,-0.34505713,-0.052925333,0.6111579,0.6152006,-0.08663583,-0.20740625,-0.54359704,0.5009397,-0.18395832,0.09980321
37,0.26219594,0.18298642,-0.021143824,0.06791824,-0.5154637,0.34223354,-0.316992,-0.5395843,-0.41505048,0.035721064,0.11765942,-0.13004602,-0.38404936,-0.3179955,-0.3429519,0.7432384,-0.27666974,0.76103663,0.23921722,0.4851773,-0.09305851,1.678243,0.4083661,-0.13295528,2.8266907,1.2359916,0.76389956,1.791494,1.2691451,-0.18809745,0.57112134,1.1600137,1.9969662,-0.6979679,0.05701989,-0.25398347
38,0.039072126,-0.23663566,-1.3950735,-0.059750617,0.06144613,0.025325537,-0.25949365,0.027249426,-0.43780583,2.019727,3.4937499,3.2971265,1.2612268,3.4236639,1.6120181,-0.19359778,-0.027571902,-0.17166436,-0.037119538,0.0111671835,-0.057395548,0.049110025,-0.112107545,-0.029022336,-0.08102363,-0.13204256,-0.10036349,-0.30973953,-0.3552307,0.5140782,-0.15835588,0.036335826,0.111285806,-0.098742455,-0.13833132,-0.03401795
39,0.50962114,0.42909926,0.842276,0.64332,0.90579116,1.0447589,0.62108314,0.44140244,2.7906575,0.3535273,0.50765777,0.7353077,0.871754,1.1236937,0.7824947,-0.19114774,-0.09630409,0.105051756,0.20672596,0.13020605,-0.035521388,-0.035562962,-0.000618279,-0.024133712,-0.03262371,-0.14485309,-0.098120704,0.14485094,0.13960457,-0.42857182,-0.1661104,-0.0790537,0.040777087,0.8533075,1.4487371,1.6998854
40,0.109095216,0.062773705,0.15137506,0.095626175,0.17229587,0.08104767,0.20470607,0.31206205,-0.024214387,-0.07248676,0.0070055425,-0.23275632,0.090655625,-0.21612698,-0.056262016,0.044309437,-0.21154135,-0.24740863,0.06552732,-0.3150398,-0.30513835,0.12097001,0.21295059,-0.42221397,0.052034736,0.21576402,-0.034662664,-0.106978536,-0.07464349,-0.21818706,0.18612844,0.12521061,0.27208054,0.043375134,0.39963138,0.91340995
41,-0.5186052,-0.16390559,-0.7913717,0.021216005,-0.21906352,0.045285087,-0.21411532,0.1721159,-0.59077156,-0.289723,0.20394176,0.5706384,0.0756169,-0.120594196,-0.69837844,0.004126072,0.11193949,-0.89022446,0.2528258,0.34891653,0.3007811,-0.32652032,-0.077878594,-0.18296266,-0.5328312,-0.61738074,-0.34298694,0.2158302,-0.107908756,-0.69197404,-0.17908573,-0.14745378,0.82550067,-0.08723575,0.3560571,-0.1435588
42,0.34798026,-0.35740098,-0.068768755,0.2397604,0.19632652,-0.6155998,0.13109916,-0.13624957,-0.04918076,0.12630726,-0.32995397,0.56850076,1.4403394,0.010816604,0.09802699,-0.04325387,-0.100365266,0.21460696,-0.032626927,-0.08516711,0.026648045,0.21983114,0.17304394,-0.017284304,-0.40714985,-0.52482426,-0.31833375,0.082951665,0.13997468,-0.05026018,0.27814478,-0.13379496,-0.50395775,0.3175314,0.67261857,0.47301257
43,0.76684517,1.1604235,0.8910589,0.12517297,0.15767324,0.6547053,0.6920351,0.8450185,0.14463842,0.3924186,0.13275412,-0.26956028,0.22515774,-0.42075562,-0.29458955,1.4787245,1.0152458,0.4802487,-0.111919165,0.17780092,-0.079306945,1.2414714,0.8984318,0.43044317,2.0354204,1.1867924,1.0735103,0.3677739,0.2454988,0.2456135,0.33801103,1.6735065,1.103319,0.7194969,1.2493749,0.89433444
44,-0.07243714,0.28047004,0.43136948,-0.090590596,-0.06556338,-0.15843773,-0.02360797,-0.15267381,-1.4716632,0.060633183,-0.15200132,0.0015232563,0.2978444,-0.09282135,0.0058623254,0.28715885,-0.0428465,-1.0001886,-0.07205063,0.11114189,0.059503198,0.012873352,-0.011612654,-0.058793426,0.08385825,-0.33497405,-0.29698554,0.10372788,0.034894824,-0.30454648,-0.06902063,0.1288175,-0.50715804,0.14606279,0.060178988,0.36342368
45,-0.033854097,0.17469527,0.10772294,0.11556858,0.022032201,-0.61105263,0.14376065,-0.35315955,-0.15539986,0.089405596,-0.14685856,-0.31257486,0.24144268,-0.21580403,0.6241691,0.094406426,-0.068559885,-0.27359295,0.13979751,-0.16634934,-0.021488205,0.087524116,0.46987855,-0.23185244,-0.17756659,0.10245645,-0.1434997,-0.043905243,0.37749177,-0.49256575,0.3962239,-0.12745106,-0.41407192,0.19587481,-0.030090153,0.32044545
46,0.17541134,-0.20767659,-0.38096654,-0.13277948,0.12497726,0.5584824,0.07727325,-0.2874697,-0.06967518,-0.064925134,0.31563732,0.3223169,0.0851568,0.30623594,0.2847456,0.14928836,0.60103774,-0.23813072,0.11884284,-0.035892367,0.15613082,-0.08322966,-0.12098876,0.44738576,-0.014992654,-0.14407793,0.17708458,0.14823407,0.54209876,-0.5202114,-0.11293584,-0.16269319,0.41674095,0.25481877,0.051583543,0.082954675
47,0.12547266,-0.20496702,-0.17498991,-0.2144624,-0.09646642,0.38488173,-0.0930115,-0.055981517,-0.3898931,-0.02587843,0.8572428,-0.48141003,0.116381764,0.28905365,0.19120595,-0.12524348,0.3943607,0.089428544,-0.16574335,-0.06304538,0.04641801,0.172476,-0.025198221,0.05526769,0.19221938,0.2834861,0.12884185,0.36844093,-0.44185448,-0.06742957,-0.15590525,-0.09265697,0.36471346,-0.15421963,-0.6245281,0.19380347
48,0.56959265,0.6665225,0.18425879,-0.22023028,-0.04044366,0.40446585,-0.043149084,-0.020245194,-0.42945874,-0.11883706,0.32450137,-0.14798886,-0.36292243,-0.38649297,-0.4895798,0.28164095,-0.1869834,-0.021901608,-0.020942569,-0.009465754,-0.025896072,-0.08380297,0.10651189,0.123817086,-0.38152272,-0.60819995,0.0627504,0.15471458,0.1471805,-0.04683423,-0.10298121,-0.566339,-0.607264,-0.08399166,0.81463563,0.15648091
49,0.19321269,0.2519375,0.016374707,0.2350598,0.43917608,0.10133803,0.24819994,0.08102924,-0.13575745,0.1757766,0.24199575,-0.44006205,-0.26225692,0.63229,-0.25162002,-0.039397717,-0.078310795,0.0010621548,0.06332362,-0.2974997,-0.45950568,0.13677105,0.08866482,0.46201718,0.52377504,-0.039120466,0.60401696,-0.40518206,0.8092793,0.2129254,0.14313626,0.7557343,-0.48630401,-0.29277235,-0.26585615,-0.7153723
50,-0.11459327,0.40558422,-0.2823392,0.14909661,0.24396789,0.8712783,0.35094228,0.6708136,0.25483102,-0.27183646,-0.65563256,-0.38463354,-0.021971822,-0.3215033,0.0048954785,-0.5190271,-0.21511604,-0.20439503,0.16642165,-0.17405845,-0.07864195,0.0006686449,0.0015092194,0.1889256,2.4492877,1.1788878,-1.2584943,0.13391179,0.21338874,0.09828293,2.095173,1.4133558,0.85043937,-0.15483892,-0.6514843,0.16616362
51,0.08109298,-0.010774702,-0.17485178,0.17245924,-0.16415249,-0.06608242,0.01575327,-0.1489089,0.006853521,-0.051216155,0.18112704,-0.35850447,0.041286886,-0.35649016,-0.23874104,0.054803193,-0.15117937,-0.2502507,0.15233761,0.13890684,-0.17125472,0.24822,0.9772336,-0.40323842,0.0903123,0.27007782,0.09721249,0.21844639,0.14565556,-0.23808219,0.0061069727,0.22938661,-0.36938637,-0.07770574,0.022186413,-0.3346011
52,0.12981047,-0.10486379,0.051022172,-0.1266637,-0.37539744,-0.022910565,-0.40175366,-0.09194675,-0.74886453,1.1927053,0.48351598,0.8608954,0.65175796,1.2207702,0.76549816,-0.4488723,-0.3076728,5.7766695,-0.5512849,0.45385766,0.16355354,-0.4040634,-0.22837403,0.14647532,-0.05819586,-0.097699255,0.13927194,-0.2776316,-0.21148908,0.23172507,-0.3661489,-0.09792596,0.07398522,0.028571375,0.2031031,-0.19276029
53,0.11897808,-0.2988199,-0.8279922,0.114491105,-0.028641641,0.29474208,-0.1655516,0.083839774,-0.22417581,0.11044371,0.10237312,0.121394575,0.34410834,0.09366,0.7219032,-0.12352499,-0.049140558,-0.17082179,-0.056207955,0.011706781,-0.4351848,0.07959527,-0.08145344,-0.58429575,-0.012175679,0.023294777,-0.33986545,0.2482359,0.14378917,-0.05618298,-0.34528545,-0.009615421,0.17989388,-0.09747267,-0.18450022,0.19676244
54,0.8078701,0.40088263,0.26674128,-0.6251389,-0.42632213,-0.049857587,-0.199583,-0.40772802,-0.16143927,0.32574946,1.6015562,0.2064521,0.84558856,0.109378874,0.2912634,3.2691488,0.1945466,-0.28660974,0.92743975,0.4288543,0.64707005,0.36760285,0.8463855,0.18629967,2.6535254,-0.5706201,-0.3728,0.45511702,0.087189004,0.5006068,4.6475058,2.509315,-0.47915614,2.3421881,1.6774431,0.21434382
55,0.10737446,-0.04499215,-0.35589325,-0.5287347,0.12078163,-1.477428,-0.23886164,0.17052533,0.10135752,-0.60740143,-0.1165043,-0.29575002,-0.31871504,0.1490058,-0.5263724,-0.44727093,-0.16278043,-0.31502312,-0.2854624,0.023108006,-0.09441811,0.38905355,-0.2061858,0.15061858,-0.34447086,-0.2056895,-0.44489646,0.051008478,-0.2150538,-0.20969263,-0.46907544,0.08323909,-0.12646191,-0.19644159,0.061248243,0.16828346
56,0.00035092235,0.019572496,0.7606609,0.19091429,-0.17186028,-0.6633147,-0.45218933,0.086781085,-0.53207403,-0.47991505,-0.07847667,-0.23881695,0.062618494,-0.3484078,-0.08411233,0.04250872,0.39061522,-0.514979,0.28854632,1.1013061,0.11107659,0.48269427,-0.2569664,0.11630273,-0.051810563,-0.27438903,-0.40265602,0.069990754,-0.33426905,0.0030326247,-0.0036914349,-0.13487585,-0.48280066,-0.6697612,0.15005106,0.038102508
57,0.004917145,0.28344756,-0.14964241,-0.14910114,0.034571894,0.2116347,0.08966905,0.026008308,-0.24388754,-0.038482726,0.07001372,-0.12766594,0.06579363,-0.021061212,-0.30325735,0.10835254,0.128557,-0.37528527,0.021742463,0.65940166,-0.11519903,0.020439625,-0.1026625,-0.04381019,0.025234103,-0.06768325,-0.07884988,0.15924901,0.16020396,0.4588101,-0.04172969,-0.13963526,0.7548336,0.053768396,-0.31376922,-0.36041722
58,-0.17399418,0.1664205,-0.31856668,-0.046511173,-0.0327684,-0.52293825,0.027395457,0.11516276,0.0978238,-0.14983523,0.37209344,-0.28677243,0.20224172,-0.45728844,0.58427227,-0.31133035,-0.06967023,0.13739023,0.022852778,0.42569748,0.07659179,-0.05222726,-0.44850698,0.5194848,-0.4947451,-0.026235908,-0.24058968,-0.007268816,0.0030214936,0.17958182,0.016496062,-0.2024799,-0.43496978,-0.12913093,-0.18373168,-0.31474537
59,0.06413904,0.036790967,0.5255945,0.2415762,0.19379264,0.2802968,0.07803981,-0.047663018,0.7969724,0.0887962,-0.09484279,-0.901492,-0.06250787,-0.1615723,-0.45569694,-0.16821566,0.102751255,0.21244162,0.024042964,0.06968188,0.1015439,0.23255205,-0.2275196,-0.091655344,-0.08912963,-0.016817093,-0.23528133,0.103283346,0.1046229,0.15287673,-0.07124305,0.15152158,0.30325773,-0.10786235,-0.26223254,0.09142923
60,-0.076116085,0.101655096,0.06933457,0.10231823,0.17189568,0.6485782,0.026167154,0.09274387,-0.14633632,-0.01664722,0.03110087,0.5394123,0.026842654,0.26116434,-0.17194068,0.037232876,-0.2831048,-0.41093582,0.019117475,0.18011975,0.024534702,-0.14812207,-0.0893352,0.06298256,-0.15619636,-0.17761177,-0.44396216,0.110955834,0.24437289,-0.22121912,-0.31718934,-0.22267097,0.005401373,0.06757742,0.216156,1.3646075
61,-0.078836836,0.7722513,-0.13447644,-0.4756265,-0.12893897,0.5324691,-0.090262026,0.61349344,-0.57836354,-0.32268658,-0.22276905,-0.538154,0.019180536,-0.25071743,-0.63972,-0.6572743,-0.2902893,-0.3624968,0.4253295,0.6635545,-0.41788524,0.4400332,0.5113948,0.9438445,1.1273544,0.14260197,-0.15058458,0.17182085,0.4351149,-1.0481411,1.0892744,-0.067215264,1.0111654,-0.22267306,0.19521797,0.31420922
62,0.4655797,0.23196417,0.27278903,-0.04874313,0.23887068,0.28564334,0.72853804,0.49463043,0.059231386,0.16348085,-0.06444788,1.7929999,-0.80891806,0.38613987,1.6638588,0.15887237,0.23542617,-0.2789403,0.02696973,-0.029365033,0.027998596,-0.23855904,-0.39441147,0.06479755,0.37082475,0.50674003,-0.33890536,-0.005047202,-0.22203644,-0.16918401,0.12506524,0.40009868,-0.081281215,-0.11120722,0.47439608,0.5154458
63,-0.44980088,0.356663,-0.60588855,-0.29699254,0.28398728,0.24725127,0.19784915,-0.39372155,-0.42682365,-0.34483936,0.09386091,0.080191866,0.065772325,-0.75154245,-0.2421371,0.0078006983,0.22487006,-0.2257407,-0.054108024,-0.24309278,-0.033242382,0.29942364,0.033862963,0.18969923,1.0535383,-0.33457136,-0.30812737,1.0275143,-0.10965131,-0.20381428,-0.25211677,0.12134665,-0.34140152,0.13656509,0.029653668,-0.21627629
64,0.68663883,1.3189265,0.6535556,2.4829903,2.3580809,2.8991594,1.0724884,1.5641347,1.1584557,-0.3793253,-0.3951776,-0.09428048,-0.10856052,-2.2842102,-0.37253892,0.06485863,-0.12697327,-0.028952062,0.011209339,-0.50434726,-0.5872794,-0.0363255,-0.04534787,0.25915068,0.027792454,0.17448312,-0.012739852,0.3507442,0.28941,0.08187309,-0.3918788,-0.15892074,0.010110438,0.7296571,0.5568173,0.16963351
65,0.24252614,-0.2839334,0.092734665,0.47328758,1.4845316,1.6337311,3.010218,2.570489,1.0974684,1.0373697,-0.5580932,0.5256865,0.12013301,0.11338186,-0.3464042,-0.5011462,-0.02670902,-0.42462984,-0.11549096,0.076802164,0.0103601515,-0.36874643,0.37620318,-0.27295023,-0.48849308,-0.499353,-0.22299477,-0.7580851,0.08507216,-0.64883965,-0.19917375,-0.83668566,-0.4273853,0.26986325,-0.18836254,-0.24609424
66,0.9625111,1.4774595,3.2627118,0.09296024,0.08727121,0.015468031,1.8999662,1.0188144,3.4090776,-0.023629904,0.29571432,-0.17084312,0.79271865,0.81382805,0.45185068,0.0560122,0.23214477,-0.1460005,-0.05662954,0.16325375,0.22535363,-0.007961452,0.061353683,-0.02974087,0.18895367,0.27352428,0.44310483,-0.17821401,-0.07755542,-0.8195938,-0.071932405,0.10052371,-0.09457061,0.17914075,-0.13201901,0.36072683
67,-0.28742185,-0.37979645,-0.34741142,-0.12981507,0.05685258,0.5084624,0.5861698,0.10026556,-0.30574062,0.040781677,0.12067211,0.10380681,-0.16651005,-0.3742243,0.0033063293,-0.29535264,0.06398606,-0.27442405,-0.7553708,-0.6812633,0.18071932,0.32638928,1.8539102,-0.18758258,-0.15332213,-0.5016068,-0.059584823,0.28208327,0.16302991,-0.6165475,-0.13803607,-0.13948843,-0.5019691,-0.56711435,-0.40866315,-0.18549287
68,0.11874938,0.033187356,-0.8188673,0.0036062598,0.29236606,-0.09260726,0.1444298,-0.160317,0.7216287,0.346818,0.2978351,1.2669268,0.090529084,0.36081794,0.40514547,-0.39265263,-0.22620142,-0.18290626,-0.17042619,0.21242711,-0.2617493,0.09830904,0.18665618,-0.163552,0.38075912,-0.017176688,0.030226469,-0.23857145,-0.28668892,-0.3360369,-0.12601948,0.24074444,0.21222906,0.109999955,-0.08501786,-0.2688155
69,2.562492,3.5660183,0.8606434,3.3265562,1.0235991,0.35625717,4.622919,3.267027,2.831955,1.1125927,0.17589049,0.12311177,0.20032838,1.009045,0.21968102,-0.06483813,0.76772743,0.19075444,-0.028863132,-0.37859106,-0.3110114,0.3676923,0.15100634,-0.10704607,5.004286,0.44642895,0.097441256,0.28288525,0.2726066,0.23211566,-0.15032202,0.3151493,0.018704548,0.23755012,-0.6655245,0.31010008
70,0.0026254058,-0.3297925,-0.4706598,-0.33991292,0.6363809,0.16141692,-0.13859397,0.22011286,0.076551996,-0.09874302,0.60329634,-0.55084026,0.0998162,0.35745525,0.46236855,-0.5993588,0.04705163,-0.29611564,-0.123551786,0.17799863,-0.39177036,-0.36200336,0.21669486,0.8151085,-0.41586775,-0.33725464,0.026052848,-0.018490493,0.19028723,-0.39063585,-0.21156168,0.19929284,0.42095715,-0.31177008,-0.17689423,-0.29625612
71,-0.1184752,0.5143503,0.3227384,-0.34133983,0.3502208,0.18727487,-0.0026829243,-0.004202485,0.098854244,0.22015533,0.62515914,-0.37143874,0.36178276,0.29012507,0.5109264,0.081771076,0.41160738,0.32880569,-0.30784887,-0.46141303,-0.06106752,0.24160591,-0.033955008,0.07760686,0.2648521,0.5802356,-0.022196174,-0.09892368,0.116593525,0.15435767,-0.21482855,-0.46524388,-0.22532499,-0.0662207,-0.46134076,-0.21354508
72,0.18171632,0.7643428,-0.30639166,-0.010803908,0.77065384,-0.11886706,0.26518154,-0.4954894,0.22806498,0.3131697,-0.458425,0.28700697,6.1154366e-05,0.16786778,-0.53638804,0.2822597,0.2314125,0.2461316,-0.12518412,0.6674386,-0.21028422,0.032886073,0.048532188,-0.18520741,-0.039956808,-1.0813684,-0.023367375,-0.54397357,0.21826997,-0.28853464,-0.06236154,-0.27221054,-0.10771763,0.36373144,0.19817188,0.33281767
73,-0.11386567,0.66264015,0.26307076,-0.19912863,0.25320226,-0.09380244,-0.20313948,-0.11802024,0.06161821,-0.35151452,-0.41306657,-0.15148419,-0.48509026,0.011809289,-0.4629212,2.0904222,1.7961123,0.30501205,-0.039604902,0.48606715,0.32230207,0.45556623,0.3026308,-0.027304769,2.5172827,1.7079118,2.5118735,0.31889158,-0.3023547,0.2559305,0.68443173,1.5009264,1.7369194,-0.2348395,0.23275915,0.2858167
74,-0.17346907,0.27501434,0.11019701,0.12485731,-0.045717657,0.06557709,0.012065351,0.24620482,-0.028523266,-0.16404408,0.11909562,0.121529594,0.10512066,0.3403048,0.10258919,-0.09751415,0.13357842,0.96122324,-0.06316358,0.40028143,0.16043055,0.028476477,0.2461052,-0.21352077,-0.22427928,-0.07320139,-0.54525006,0.109737396,0.07684961,0.18954293,0.14479548,-0.06650263,-0.29290906,0.14901865,0.68271756,0.11705297
75,0.034751356,0.040403128,-0.042521715,0.44426957,2.1823032,1.6537559,0.3660952,0.32962227,0.50955,0.3539634,1.9627922,1.3537407,0.33786827,0.23103604,0.16535977,-0.25753775,0.0073929876,-0.17461067,0.075623155,0.05926889,-0.26424545,0.032341734,0.062126257,-0.34008086,0.04731667,-0.016786903,0.13905486,-0.11447087,-0.1866386,-0.13759181,-0.15297866,0.029890094,-0.55496126,-0.00066685677,0.2976728,-0.04430592
76,-0.018334687,-0.065923735,-0.12014669,0.19458276,-0.12626949,0.2802496,0.021355689,-0.43372765,-0.48961067,0.10289234,-0.13847041,-0.36453938,0.03479004,-0.05923131,-0.016894966,0.14572984,0.08730614,-0.3582195,-0.059621274,-0.2332317,0.17488253,0.042057037,0.09502122,0.461559,0.09286064,0.18258005,0.26322168,0.10109407,-0.13660824,0.2505439,0.042346418,-0.120217085,-0.8849695,-0.021063864,-0.22425795,-0.59724176
77,-0.39982808,-0.40110162,-0.059022963,-0.109324396,-0.0040422976,0.05546178,0.1344145,0.18570727,0.6794086,-0.089236856,0.40500158,-0.4733721,-0.084323645,-0.16952895,0.15917844,0.1387003,-0.09945999,0.023949325,-0.3728321,0.43791604,-0.028826043,0.2039007,0.31505483,-0.087230384,-0.12154188,-0.18414703,-0.45090532,1.7185318,0.8183261,1.6314349,0.6853158,0.27756715,0.92497295,0.42422628,0.29394382,0.8796477
78,-0.4196555,-0.09343915,-0.4049291,0.051616013,-0.07985866,-0.076750144,0.010819197,-0.076004446,0.0036934465,-0.27647066,0.11752778,-0.481782,0.21163437,-0.518765,-0.4669932,-0.102932386,0.33886784,0.6455093,-0.48374006,0.30926424,0.036287203,0.24215445,-0.11657956,-0.16043727,0.09480226,-0.3446362,0.525095,0.8322568,-0.12539151,0.73219293,0.5845302,0.50774074,0.648034,-0.45051324,-0.25131115,0.7587347
79,1.1041312,0.8686887,1.2631547,0.04097247,-0.3667871,-0.16412044,1.4783382,1.603147,2.4031787,-0.38684782,-0.09640068,-0.5451075,0.69020224,0.13162771,0.27733934,0.4522274,0.19121075,0.7996613,-0.101693034,0.0049175117,0.57168186,0.21238518,0.14375718,0.18827505,0.31855208,0.6168766,0.75514436,0.11843258,-0.46939433,-0.08525288,-0.12839055,-0.28274447,0.0494887,-0.06951058,0.047209248,-0.37316453
80,-0.20725602,-0.37901965,-0.30095077,-0.30601418,0.071909025,0.09555709,0.08937472,-0.28715926,-0.6223012,-0.07682037,0.23798795,0.47698224,-0.087454855,-0.22331707,0.13733095,-0.07379067,0.29980093,-0.28038156,-0.14425856,-0.22660989,-0.203321,0.14281064,-0.10692861,0.099065065,0.26026386,0.046072483,-0.19651642,-0.2630779,-0.018552385,-0.13019422,-0.079429924,0.42550528,0.509252,-0.31282735,0.0682936,0.039945304
81,1.5528399,4.259379,2.127055,-0.39128542,0.48194242,0.5374256,1.4306297,1.9716403,2.0995069,0.10012591,0.51649034,-0.08895075,0.7077994,0.5077134,0.034939602,-0.49539113,0.41949373,-0.26513144,0.38434467,0.32761365,0.10987048,-0.12513316,-0.64146334,-0.19457111,-0.08188087,0.027151823,0.16755861,0.038031667,0.2684816,0.09694907,-0.28881258,-0.3821112,-0.4587428,-0.12710199,0.7761242,0.531007
82,-0.08410162,-0.25164828,-0.71941054,-0.09097296,0.42519683,0.04815471,0.31730062,-0.6024207,0.13561428,-0.38282764,0.346595,-0.029830813,0.038055062,0.10731078,0.7897884,-0.08618826,0.3917989,0.7366032,0.30230588,-0.29138887,-0.13095856,0.20864165,0.18506485,0.45427397,-0.0942055,-0.34954074,-0.3729819,0.21798551,0.10476121,-0.033052087,-0.07365608,0.09424704,0.44134802,-0.0033061504,-0.110102415,-0.37382865
83,0.022117317,-0.42443785,-0.09033954,-0.080643594,-0.10891068,0.32327026,-0.068365395,-0.37836817,-0.54787487,-0.13383526,0.097592145,0.23956668,-0.0030280352,-0.28516874,0.22827077,-0.124622345,-0.017187491,-0.23870516,0.0014522076,0.0035841465,-0.1051186,0.029928148,0.0068663293,0.42558903,-0.038710237,-0.35210258,0.15771185,0.097215295,0.021230102,-0.44971433,0.03215921,-0.24948251,-0.10722911,0.054488957,-0.45246908,-0.42327094
84,0.30214763,-0.531251,-0.12376988,0.104619384,0.19980359,0.08647327,0.05383095,-0.76268053,0.33723983,-0.22266817,-0.9729432,-0.25004572,-0.007990636,-0.030409604,0.084306434,-0.15946753,0.19021834,0.6520656,-0.28754404,0.11054131,0.022213593,0.93508077,0.670751,0.06064202,1.1959405,1.2868509,1.052415,0.16596937,-0.19666414,0.10818368,0.41813576,0.78992057,0.63605475,-0.23195677,0.10102314,0.20770848
85,-0.09206947,0.124275416,0.023478687,-0.24337846,0.00758636,-0.25094193,-0.19073129,-1.5008849,-0.33518744,-0.05521679,-0.5006385,-0.32955894,-1.002022,-0.16947617,-0.063192606,0.4973216,0.14427722,0.31542605,-0.24337864,0.081555046,0.123845235,0.6949121,0.14126047,0.8986352,0.8079018,0.33480495,0.3560971,-0.11967695,-0.4883409,0.22810695,-0.2015903,0.22658241,-0.87862897,-0.54178935,0.2702124,-0.019719422
86,0.012828469,0.03560111,0.3384658,0.031273782,0.30564162,-0.17045826,0.04447204,0.27104747,0.03289473,0.09524149,-0.09993495,0.003308177,0.35377157,-0.27637774,-0.29960036,-0.058332443,0.089154184,0.5273726,0.21926147,0.527699,-0.05334069,0.1898253,0.10252786,0.03227842,0.23739529,-0.40071288,-0.38097006,0.09629762,-0.1605649,-0.4742638,0.07660848,-0.00997889,-0.26731214,0.26320183,0.123979986,-0.19073558
87,0.4250579,0.6066582,-0.14285246,0.24076545,-0.28056818,-0.41492543,0.53307146,-0.02224958,1.689029,0.03534639,-0.058734655,0.2704938,0.0019104481,-0.2596289,0.3601724,-0.011532664,0.53348637,0.21463466,0.231094,0.40318763,0.95344913,-0.12327725,0.26704258,-0.9491029,-0.07682586,-0.70447516,-0.23645866,0.020967007,-0.033070102,-0.16998601,0.018212438,0.0040204525,0.09840691,-0.08279371,0.0840497,-0.27488545
88,0.15537459,-0.38583633,-0.53159547,1.5043087,2.0834396,2.0467906,0.9792037,1.5803328,3.1214366,0.119182885,-0.35855505,-0.35786211,0.4959414,0.592566,0.60498136,-0.2631665,-0.31179804,-0.082739756,0.05071193,-0.45230192,0.051142454,0.13862678,-0.010254025,-0.86801153,-0.024923325,-0.01789029,0.427,-0.056574106,0.16390496,-0.22211468,-0.054109693,-0.003209114,0.38496414,0.15400589,0.18193893,0.43340296
89,0.21422642,0.06742394,0.03055948,0.12313932,-0.08084041,-0.412947,-0.1329751,0.14590997,0.3778329,-0.10169196,0.098379195,-0.87809694,0.058623254,-0.07977584,-0.36117083,0.025409818,0.067059875,-0.29565215,0.25704527,0.58027595,0.15039349,0.103018284,-0.0043323636,0.12671918,-0.07159269,-0.09011775,-0.51698786,-0.051534414,-0.0988884,1.836376,-0.16285655,0.009129345,0.5565114,-0.26162562,-0.2654377,-0.1418314
90,0.059155524,-0.041398257,0.055208206,-0.02868992,0.039248973,-0.25672483,0.075663745,0.2738544,-0.28584275,-0.27170968,0.098459005,0.13870156,-0.16549814,0.36988515,-0.06292094,-0.2174603,-0.08095711,-0.40569544,-0.07226592,0.087989286,-0.008064911,-0.1549108,0.31547725,-0.043622173,0.10999954,-0.18133135,-0.51067626,-0.054465592,0.31881833,-0.43689144,-0.1498425,0.05589348,-0.020247474,0.17860335,0.08941596,-0.11595726
91,0.04482758,-0.5039801,-0.40802908,-0.24048734,-0.023573473,-0.354189,0.068100736,0.024334393,-0.5468358,0.08835235,0.38795653,1.2660606,-0.25449914,0.25381568,-0.3219619,0.35354567,-0.13721493,-0.22831142,-0.039268836,-0.100696504,-0.5424833,0.012511015,-0.23139922,0.15281492,-0.34099126,-0.5642814,-0.3173459,-0.1682527,-0.11653407,-0.45548034,-0.13446933,-0.199711,-0.3752575,0.25697547,0.5413639,-0.42671484
92,0.04313159,-0.08782554,-0.09872118,-0.2725522,-0.014784813,0.014926732,0.09244797,-0.0068309307,-0.37770462,0.008060306,-0.13577938,-0.10234189,0.024938881,-0.03929013,-0.07657127,-0.20641285,-0.11731313,0.11933291,-0.07097533,0.027160395,0.14377981,-0.07032615,-0.0580101,0.18288305,-0.27824944,0.15623754,-0.22134958,0.070845604,-0.18533361,-0.3119282,-0.09898102,0.20930481,0.05004692,-0.1427321,0.04023087,0.61744857
93,0.50436777,-0.04350388,1.373165,-0.065543085,-0.0650754,-0.16628379,0.30520216,0.50159925,1.0430584,-0.32094744,-0.024544537,-0.39542437,0.52238065,0.26058507,0.1778657,0.2043047,0.04499829,0.2403816,0.011327386,0.4664049,0.47908524,0.32494217,0.048802197,-0.022046277,-0.18797004,-0.07841468,0.04664257,-0.12995525,0.0561018,-0.33466506,-0.1736167,0.18047601,0.0730007,-0.064911604,-0.50679785,0.08093166
94,0.7304463,2.6116364,0.7825955,-0.14136112,0.27663225,0.04719934,0.065059006,-0.10843414,0.10086313,-0.2064547,0.8827566,0.027937442,0.8389641,0.5652336,0.33776486,0.20458001,0.30775425,-0.20642763,0.0395447,0.18320942,0.02518797,0.063865244,0.062782235,0.31206524,-0.1649276,0.03905952,0.22730517,-0.028773487,0.025289088,-0.18143573,-0.22569609,0.052332923,-0.6806372,-0.21995234,-0.3199594,0.067474365
95,0.76095176,0.53272927,1.0556006,-0.059400856,-0.072354436,0.24887168,0.87405854,1.0925491,1.2152498,-0.22280806,-0.21569186,-0.50616693,0.14025235,-0.05140873,-0.24798131,0.07352741,-0.06241876,-0.11949569,-0.0055218935,0.39134318,0.13625199,0.083875656,0.09703781,0.04630238,-0.11608088,-0.13850036,-0.29801697,0.3910796,0.17602003,0.28010356,-0.24271166,0.2193757,0.21096915,-0.26928902,-0.17214221,0.17744917
96,-0.43041554,0.34812328,0.1784277,-0.4984494,-0.41378063,0.11369215,0.43251586,-0.40805838,0.17244303,1.0248709,1.7526503,1.6031075,0.17804675,0.096524,0.5522493,-0.18482824,0.09902406,-0.3139813,-0.0006006956,-0.43545866,-0.45093298,-0.12477055,0.67913735,0.5422821,-0.14401692,-0.19725317,-0.24763054,1.22783,0.5751763,1.0821414,-0.3131317,0.053532183,0.3447253,-0.08329028,0.030329019,-0.14834428
97,2.73692,2.0649905,1.4948175,0.05630085,0.37003392,-0.2596737,2.2697687,1.5867754,1.0285541,0.41000366,1.3935033,1.1219437,0.61972946,0.4926246,0.22094011,0.21864286,0.07486972,-0.2996489,0.20199233,-0.6345378,-0.13277996,1.206809,-0.38305914,0.08033411,0.5859991,1.4941194,0.5360706,-0.10522634,-0.049073577,-0.17887096,-0.15241218,0.3801397,-0.17154914,-0.22940934,-0.15942812,0.048006654
98,-0.20476696,-0.45601892,0.025199244,-0.20957285,0.026555806,0.10865358,-0.05742985,-1.0139163,0.6980741,0.5685617,0.7076187,0.32245156,0.24298054,0.30126533,0.2668802,-0.16930658,0.53540325,-0.36422485,0.120102346,0.42791745,0.29939252,-0.27901703,0.24206793,-0.10980213,-0.6122974,-0.21989033,-0.48050714,-0.4486124,-0.33441925,-0.22075962,-0.34385872,-0.7986691,-1.5848707,0.11361009,-0.06932522,0.024173826
99,0.18356639,0.40490893,0.65804315,-0.004020393,0.6898057,1.1130152,0.21851426,-0.10366082,0.43434703,0.12629074,0.44593602,0.11451593,0.27524602,0.23967603,0.60648036,-0.046522498,0.28329614,0.6990752,-0.048027635,0.15346159,0.11744821,0.09661645,0.34535396,0.64825,-0.4146145,0.049889326,0.19018495,0.11073285,-0.07629442,0.6151389,-0.14612848,-0.09320772,-0.41868007,-0.081333816,0.29841223,0.5817947
100,0.32747537,0.99120426,0.69783634,0.17790669,0.5474104,-0.23874728,0.55813956,0.63637173,1.6508708,-0.32434475,-0.081655085,-0.79487205,0.42693883,0.48313287,0.9078176,0.07152331,0.012296319,-0.43117017,0.29763386,0.06378745,0.10997149,-0.12378758,0.063838005,0.39416957,-0.061980247,0.042997718,-0.07676837,0.09154087,-0.09581089,0.38798344,0.15966195,-0.05560547,-0.16167857,-0.119849086,0.26426166,0.29378343
101,-0.16841888,1.128235,0.8231434,-0.092342824,0.0020885468,0.00093628094,0.024673253,0.00018674135,0.9175318,0.5514758,2.1136894,5.0180902,0.6406352,1.6079649,6.230524,0.030614883,-0.09936309,0.17614344,0.018357128,0.074448146,-0.004431933,0.066479295,0.27996686,-0.12644705,-0.109533995,0.16059181,-0.6218897,-0.10884482,0.105939,0.19570374,-0.086574376,0.015972108,0.04123073,0.050454915,0.37478524,0.4170166
102,0.10301435,0.12662132,-0.052181005,0.06141305,0.1964137,-0.09907502,0.21596211,0.2385447,-0.10982895,0.045892775,0.202351,-0.26910436,-0.057862163,0.03673333,-0.0089072585,0.035205543,-0.22097757,-0.19804335,0.025666595,-0.024892509,0.2877351,-0.039595068,-0.017589211,0.08533597,0.06869459,-0.31354198,-0.4902014,-0.2597405,-0.05498898,0.02123332,0.09064084,0.027204514,0.03360407,0.1553449,0.1307945,0.34033144
103,0.06900239,-0.35946557,0.5754868,0.21228856,0.5322269,-0.6931423,-0.10463512,0.29671007,-0.5583505,-0.022563398,-0.025347956,-0.12849176,0.09085113,-0.7399326,0.5642127,-0.34707585,0.14574629,-0.7383785,0.15700388,-0.51385534,-0.55485094,-0.019820094,-0.34230727,-0.35022575,-0.21771407,0.124104485,-0.28224388,0.20357569,0.17913094,-0.5741859,-0.42314154,0.5889676,-0.28596616,-0.44825208,-0.09428102,0.3945315
104,0.47387928,2.0594938,1.2966449,0.03243494,0.30093807,-0.114533216,0.023692727,-0.1828866,-0.39465606,1.7069981,1.5431416,1.0838692,1.2442882,0.7811205,1.1010866,1.1567669,2.4460511,1.4157491,0.30703998,0.45123893,0.38458925,1.2117194,2.2347825,1.1664828,0.36405373,0.27717447,1.1545726,-0.09779698,-0.5730064,0.39180154,0.02823937,0.4652854,0.47752464,2.2135735,2.8130033,1.2782168
105,-0.018919945,0.13550222,-0.55453753,0.072021544,0.23113573,0.08524209,-0.13997221,-0.22764194,-0.20874119,0.013365924,0.65646183,0.5625836,0.07846129,0.20167291,0.5560545,0.085645795,0.06176561,-0.1847198,-0.09049535,-0.19597681,-0.02956444,-0.015701056,0.06232977,-0.22652149,0.04444301,0.0140144825,-0.11574602,-0.2122015,0.026236236,0.004465282,-0.09034717,0.17920274,0.02733922,-0.01951605,-0.03332887,0.53027666
106,-0.22331583,0.32998368,-0.09322712,0.16320562,-0.21126784,-0.30625165,-0.28408295,-0.32816422,-0.44915742,-0.25559223,0.21392296,-0.31432086,-0.43543616,0.07005608,0.1069653,-0.40329564,-0.5926491,-0.17934626,0.14557359,0.12569582,0.2449894,0.022747755,0.030445412,0.24949932,-0.29648823,-0.033995077,-0.8261186,-0.13164991,-0.123556525,0.10623145,0.29686266,0.8256062,-0.016992316,-0.1398462,-0.25023293,-0.20403047
107,0.1410383,-0.65921354,-0.2351228,0.11529285,-0.19128394,-0.3572201,-0.19408119,-0.16565755,-0.042939782,0.03814757,-0.004575908,-0.16486567,0.12488592,0.17067963,-0.12946129,0.019222379,0.74093485,-0.010327399,0.028564453,-0.19580084,-0.13371265,-0.120310724,0.16171247,-0.22568041,-0.01105392,0.08927947,-0.05254507,-0.024396777,-0.14376841,0.17375118,0.11662978,0.087647855,-0.074575216,-0.109059334,0.011433855,0.20768917
108,-0.84154683,-0.7551526,-0.41715467,-0.35104412,-0.11824471,-0.113473356,-0.4858259,-0.32340172,-0.51483405,0.29190016,0.2062281,-0.045355417,0.61056423,-0.30846268,-0.01881373,0.034118533,0.12020275,0.027076252,-0.48709023,-0.1637464,-0.053827904,0.17971879,0.06890385,0.09742442,1.9549646,0.7828609,-0.27817065,4.6613836,2.7177417,3.2143626,2.382066,3.2257898,3.3106353,-0.02723074,-0.21428952,0.30157468
109,-0.03851062,1.5207226,1.9651427,0.11753559,0.18316272,-0.41624624,-0.09827399,-0.3423319,0.90273196,-0.10354757,-0.26710412,-0.20124352,0.011871815,0.27009344,0.22635704,0.056174815,0.4283171,-0.14503545,-0.06483477,-0.11634722,0.37741858,0.031227946,0.13596049,0.78650594,0.08754879,0.18850338,-0.6984203,0.017568171,-0.079258576,-0.14869034,0.00581789,-0.07839015,-1.3344342,0.028711319,0.3207417,-0.04091358
110,-0.08929229,0.109277725,0.5271945,0.015057564,0.12485516,-0.18972152,0.51810575,0.31672692,0.67719215,-0.3135277,-0.035695255,-0.18731517,-0.59277964,-0.80888987,-0.17490235,-0.1374309,0.38697278,1.042433,-0.0023820773,-0.020905495,0.15751277,1.0197293,0.87683964,-0.12983024,1.2761629,0.8942311,0.15717256,0.15034884,-0.36560562,-0.3589033,-0.014606848,0.25774035,0.22773823,0.25100482,0.30933604,-0.22985065
111,1.4416258,0.72760314,2.00154,2.2831616,1.6282662,1.8040767,3.157032,4.1626706,5.6080832,0.26267552,0.72470665,1.2005618,0.31744373,1.5371678,0.95152867,-0.5819929,0.21390048,-0.36049175,-0.16315764,-0.27740088,-0.16862273,-0.009603679,0.039652407,-0.050975353,-0.256616,-0.17615828,0.04107061,-0.16990602,0.17670327,-0.11837244,-0.028272808,-0.35438275,-0.047939777,-0.3466892,0.09194559,-0.20001769
112,-0.14319335,-0.19056764,0.16223729,-0.3466677,-0.12581447,-0.27459866,-0.06823343,-0.5047864,-1.3629303,0.20363337,0.34063026,-0.15629041,-0.12768054,-0.42214927,-0.16155979,-0.8500259,0.6279409,-1.2415277,-0.025427222,0.22068045,-0.34722006,-0.11894542,0.8111234,-0.37273887,-0.12302518,-0.07984781,0.37981355,0.09129959,0.005956769,-0.007399559,0.02775538,-0.02159071,0.35682115,-0.103640795,-0.26085615,0.08459131
113,0.80590355,1.7198006,2.3202686,-0.49490067,-0.23338878,0.49655968,0.1509549,0.94043225,0.7559273,-0.30485043,0.67485744,0.1438613,-0.1484794,1.1317766,1.1099284,0.6447748,0.13193801,-0.59119487,-0.12612924,0.18378773,0.11078873,0.11623585,-0.027526548,-0.23233926,0.8745754,-0.34638423,-0.45381021,0.06485462,-0.0016297605,0.13559085,-0.0308339,-0.10361628,0.12283534,-0.09331432,0.8675453,-0.16126227
114,-0.06752539,-0.28488538,-0.036303926,-0.21780623,-0.16587394,0.47101682,-0.26374263,-0.11780602,-0.2982647,-0.14744031,-0.28352985,0.15988217,0.15735918,-0.17091195,-0.2652305,-0.285883,-0.2434927,0.20479062,0.16888672,0.068601996,0.18814331,0.028422773,0.29232427,0.075092375,-0.24536157,0.20406812,0.038542807,0.06363696,0.50888216,-0.28847748,0.12549657,0.058903635,-0.21447325,-0.2951576,-0.8442607,0.08093512
115,-0.070063666,-0.6072668,0.039823294,-0.22794235,-0.19641888,-0.06730342,0.18816721,-0.32191217,-0.21056044,-0.18657756,-0.15859866,0.023600101,-0.111641705,-0.5350177,-0.16985136,0.039561868,0.44809842,0.04891157,0.0708535,-0.006778553,-0.2837025,0.17740978,-0.41353464,0.2854809,0.22532547,0.10480821,-0.21556626,-0.28361768,-0.13746905,-0.049459457,-0.1763995,-0.45513046,-0.8196232,-0.4550206,-0.6286138,0.02620387
116,0.08991569,0.400818,-0.1359461,0.045022547,0.261999,-0.17728643,0.05492425,0.43108034,-0.04028648,-0.21270114,-0.2685659,0.4229608,-0.032943845,0.40009236,0.48726356,-0.2868048,0.15645692,-0.031687677,-0.12644148,-0.92289233,-0.11472425,-0.16417778,-0.73723316,0.48878425,-0.3468147,-0.47026926,-0.36182824,0.101668894,-0.24773765,0.44037908,0.011947572,-0.5046252,0.5702278,-0.21238202,0.1468525,-0.66569895
117,0.8800998,0.27792078,0.28362358,-0.3629672,-0.29844233,-0.041979104,-0.60711527,-0.411229,-0.49972406,-0.26860902,-0.63312125,-0.068665236,-0.22617912,-0.47965008,-0.2439129,-0.29079413,-0.17465422,0.17880021,-0.26993078,-0.37223372,-0.1695231,-0.011789501,1.0418895,0.019192696,0.123656005,-0.2680367,0.065553404,-0.27368078,0.03580436,-0.31520736,-0.11679982,-0.7235338,0.8514173,-0.79704726,-0.052302644,-0.15180567
118,-0.2448518,-0.15668255,-0.17459592,0.1258328,0.04253327,0.34305862,0.1042051,-0.060187876,0.02645129,-0.07363123,0.01239416,-0.07899061,-0.2787338,0.14701054,0.01285775,0.9811094,0.5221776,1.4681461,-0.18218872,-0.16210929,-0.2616765,1.8636627,0.9925666,0.016272329,5.0395365,4.9004126,2.7383933,-0.093205385,-0.061847076,-0.10644111,0.9244553,1.0423143,1.0312049,-0.0632419,-0.08041844,0.21188459
119,4.071769,1.736718,0.83113223,-0.22474632,0.17258826,0.4020021,3.4056997,2.29269,0.95078313,1.130535,0.45592338,0.2183179,3.0066442,0.6836449,0.6607107,0.5085224,0.34371915,0.014388144,0.5822943,0.00986135,0.018160462,0.8659803,0.5341476,0.26858097,2.0764935,-0.009755492,0.08314428,0.15092131,-0.04495734,-0.14367932,0.25937086,0.53224415,0.49809897,1.5093358,0.9798038,0.04903561
120,0.023784041,0.09716648,0.1417976,0.16229284,0.11497328,0.14325312,-0.16273528,-0.21270727,-0.05713612,-0.20717701,0.10318828,0.02857238,-0.73074543,-0.29365128,-0.72782207,0.5650545,0.24113452,0.5088394,-0.28064963,0.10685903,-0.0075894,1.2495482,-0.34116143,0.09376041,3.8559737,1.8256384,1.397321,0.65140474,0.13382693,0.3379716,2.1738524,3.6035175,2.9777756,0.19112115,0.18557698,0.33238363
121,0.15643698,-0.0140654,-0.40924203,0.018703282,-0.05509743,-0.07816213,-0.059726357,-0.26559907,-0.83241963,-0.1555348,0.124937475,-0.11499646,0.13796091,0.22893369,0.18069363,0.045984924,-0.16665533,-0.02550739,0.039211273,-0.053050026,0.125597,-0.08829242,0.003020823,-0.015423387,-0.046741486,0.2027072,-0.12780166,0.086248815,0.33418196,0.122477055,-0.10354388,0.016994596,-0.068801284,0.253698,0.020415522,0.032571673
122,-0.08209169,0.16063666,-0.68924594,-0.1518175,0.057365835,-0.1509459,0.192711,-0.30015296,-0.19928417,0.28945252,0.7654895,1.6523963,0.16376561,0.20294917,0.8942139,0.021777868,-0.029257923,-0.34736556,-0.109142184,-0.34225112,0.20519948,0.23650849,0.065154046,-0.023153305,-0.1572007,-0.25929126,-0.77139246,-0.09482312,-0.08270617,0.10414347,-0.09357023,0.082239985,-0.37522924,-0.04735303,0.38757405,0.07430951
123,0.0139220655,0.057585835,0.1668517,0.7361859,0.5854013,0.20676029,1.9776322,1.5299534,0.73398834,-0.58964336,-0.30014563,-0.023109794,-0.19160339,-0.31198967,-0.1771971,-0.6391852,-0.15298566,-0.108885884,0.2800063,-0.050788403,0.017975807,-0.25072524,0.10698702,-0.06339431,-0.04311213,-0.18528987,-0.0033090115,0.3035188,-0.11332166,-0.15224111,0.15846962,-0.46980333,0.04401046,0.018036477,0.25636923,-0.108980924
124,-0.5771052,0.23526287,0.24193224,0.33764398,0.37133005,-0.31699497,0.17343128,-0.046445843,-0.63541204,0.17992985,-0.29615295,0.18261403,-0.075859785,-0.6465208,-0.15763354,0.47191006,0.2641031,-0.2379472,-0.35327184,0.3904485,0.08459347,0.23104143,-0.47826868,0.06678766,0.57221985,-0.063759774,-0.5226121,-0.15581861,-0.056883812,-0.18606189,0.48635674,0.09844199,-0.11528683,-0.32202727,0.050308466,0.014799148
125,-0.18391287,0.26819372,-0.12689877,0.03997639,0.009542063,-0.19680426,-0.15895447,-1.1108522,-0.43146336,-0.45195022,-0.9234637,-0.7373324,-0.2048105,-0.61801577,-0.35942367,0.42634898,-0.02505377,0.22072288,-0.30202025,-0.24178739,-0.23923267,0.21683937,-0.07299852,-0.019725084,-0.30528152,0.6775348,-0.6968266,0.07380589,1.0903541,0.8655854,-0.8446117,0.24988724,0.20208007,-0.32483658,0.40592462,0.34395468
126,0.63881737,0.6916625,0.19267797,1.0760385,0.8487938,1.0050476,1.6646588,0.7062083,-0.19438487,1.2004651,0.9214171,-0.113241404,4.2302656,2.4179876,1.1815012,0.0378657,-0.08604014,-0.19632429,0.18120396,0.121548876,0.15562436,0.00457865,0.37165898,-0.06383091,0.08904259,0.04805802,0.114482775,-0.12266579,-0.061612308,-0.00766474,-0.70296353,-0.25134927,-0.6254635,0.7525464,0.4001804,0.30244237
127,0.21887556,0.745133,0.6478468,-0.041792985,0.045942694,0.40886322,0.31082898,0.78363204,-0.2298435,0.033703923,-0.26549453,0.4015762,-0.37340996,0.06066221,0.29699802,0.6444021,-0.13713282,-0.22055149,-0.5001951,0.07761127,-0.4792893,0.02649796,0.67917526,-0.034174323,-0.20219918,-0.13974312,0.016432047,-0.4766299,-0.025987089,0.14336956,-0.07191342,0.5824253,0.24976805,-0.36687043,-0.051703647,0.09027505
128,0.03381875,-0.12636346,0.45057428,-0.2816132,0.09517169,0.25876284,-0.50411344,-0.3668813,0.05688691,0.61850655,0.07899049,0.06419039,0.027280819,-0.52789307,-0.17704345,0.068809,-0.0650591,0.115136564,-0.07653403,-0.2184681,-0.059329867,-0.29727808,0.2205317,-0.20340201,-0.4078904,-0.0918642,-0.25764233,0.030460298,0.2944217,0.031544864,-0.20775469,-0.29226744,0.22820243,0.4162439,0.082855634,-0.15722138
129,0.038056575,-0.076485425,-0.7682708,0.47515532,0.5119739,0.5805853,0.18729517,-0.27873594,0.17857727,-0.003012538,-0.14021723,-0.036483064,0.062397122,0.50828785,0.3403242,0.11295509,-0.43482846,-0.3040974,-1.1725967,1.058096,-0.5579357,-0.38567835,0.33298135,-0.0080645345,-0.13406688,0.11589761,0.24982697,-0.01752308,0.25372866,0.5750767,0.094937235,0.29071817,-0.6672123,0.18424186,-0.27414358,0.2841377
130,-0.058580786,-0.29435912,-0.07193869,-0.18487692,0.15023518,-0.15138532,0.16120166,-0.74726695,-0.31751585,-0.19408613,-0.11147308,0.32784978,0.05704862,0.26643044,-0.7633239,0.3492419,0.2762466,-0.59214187,-0.075157404,0.01276096,-0.04840067,0.21015997,0.34270138,-0.31733012,-0.48214298,-0.3733546,-0.5612829,0.33305728,0.013254344,-0.22562873,-0.13603455,0.54586077,-0.038184762,0.14800498,0.57682294,-0.08272287
131,-0.059387445,0.10540983,-0.31329364,0.049779058,0.56308156,0.25253534,0.046209812,-0.12367663,0.7387317,-0.29610115,-0.4164769,-0.41671252,-0.043724477,-0.12961066,0.21894825,0.011309862,-0.5672005,-0.29023904,0.14636236,0.32436645,-0.3189937,-0.20010763,0.21098256,-0.06935549,0.0922963,0.17623143,-0.36018762,-0.067412734,0.118676916,-0.1807183,0.15585142,-0.0735904,-0.8717861,0.17795163,-0.5014045,0.109793305
132,0.03157991,-0.2688901,-0.29239833,-0.2833994,-0.45764512,-0.1370053,0.20381719,-0.22572923,-0.4205878,0.15879041,0.22270474,-0.2865349,-0.22348188,-0.4153954,-0.38453257,1.0477126,0.84331405,0.40925664,-0.37488136,0.50980186,-0.00054836273,0.19733995,0.22859213,-0.03533387,3.4368207,2.6326656,2.9783797,0.04765159,-0.124755785,0.5627717,0.7852127,1.8707345,1.6665618,-0.026746929,0.28026646,0.03448309
133,0.40359184,0.94427395,1.2401791,0.23969072,0.3813293,0.4261673,0.084864795,0.53292125,1.1623892,-0.18099183,-0.0740701,-0.24830729,-0.33727163,0.116319254,0.3206084,-0.09147465,-0.41968542,-0.031435728,0.117026925,0.038110882,0.05150795,0.038152277,0.11170691,-0.15791053,-0.08436531,0.21813911,-0.028970718,0.08356567,0.024628118,-0.4388939,-0.45001155,0.07723498,0.3852917,0.08032012,-0.0025769472,0.61667925
134,0.04825601,-0.29456562,-0.076360196,0.37245843,0.3425105,1.2062352,0.24515611,0.8706561,0.9536613,-0.03195691,0.017067015,-0.1862489,-0.30874616,-0.080271274,-0.15695809,2.6240926,0.97491693,3.021504,0.033264548,0.08597091,-0.09989175,2.879411,1.8299809,0.36759818,4.77276,5.811418,5.8333044,0.8992119,0.285724,0.23337421,2.8988466,2.7675922,2.4197266,-0.16113359,0.28212243,-0.11785436
135,-0.56714594,-0.068272814,-0.6206714,-0.09514934,0.20475572,0.2672313,-0.00045895576,-0.25551432,0.1426701,-0.82654357,0.053755328,-0.0990447,0.048524916,-0.5349954,0.17080462,0.24686818,-0.112056136,-0.71267855,0.25342172,0.23786283,0.1515919,-0.28672427,0.59301937,-0.35087788,-1.0224651,-0.86256045,-0.3087246,-0.089600086,1.2438849,0.7753771,0.14785054,-0.24212223,-0.28907079,0.91898704,-0.52299947,-0.014934897
136,0.6312938,0.048552513,0.1525011,-0.06775108,-0.5559713,0.8434124,-0.38606256,-0.83246434,0.12087503,-0.4833611,0.31950182,-0.098834515,-0.6371192,-0.45787355,-0.44145608,0.41606367,-0.15312931,-0.2031487,-0.42425668,0.4734205,-0.19582933,0.084630966,0.26809752,0.21792787,-0.064379096,-0.4487601,0.09542346,0.14355014,0.39602196,0.20763218,-0.3194493,-0.60177124,2.5265477,-1.2767689,-0.29315996,-0.37663698
137,0.43192697,0.271019,1.1244122,-0.2290616,0.12118626,-0.43095902,0.5163015,0.5867867,-0.021380842,2.1464684,1.7430246,1.813489,1.4628147,1.4749948,1.5266633,0.48798633,0.5554606,0.5521152,-0.11314885,0.74458945,1.1669687,0.48095083,0.53206265,0.050151587,1.1568893,-0.09582576,0.5652193,-0.072018445,-0.042039752,0.23080939,-0.08484677,0.3762225,0.3616879,0.3459378,0.92065865,1.118158
138,-0.038288176,0.477791,0.20620428,-0.067025036,0.3783679,0.20753555,0.34087843,0.13121688,0.19954345,-0.17074245,-0.302904,-0.03732935,0.052815914,-0.4048427,-0.14855391,0.15687352,-0.22096704,-0.38178986,0.06020665,-0.2548483,-0.16890039,0.17886753,0.29916173,-0.65006566,0.08433455,0.4611673,-0.13091338,-0.3963666,-0.22000718,-0.5806174,0.24584967,0.3994146,0.4045204,0.17884773,0.9912261,0.9312459
139,-0.24963604,0.14623058,0.3473281,0.16380845,-0.49151248,0.350493,-0.22164588,-0.4251061,-0.058278203,-0.09885956,-0.63158137,-0.2712713,-0.7881243,-0.30043155,-0.3678043,0.9165015,-0.22423202,-0.009663135,-0.13528676,0.50667334,0.31316906,1.9300051,0.38531452,0.062692836,2.7549574,1.5653428,0.5830726,1.1851459,0.023517773,-0.18831772,0.2909987,1.3596132,1.733725,-0.17344457,0.09280467,-0.28234285
140,0.9418534,0.65422773,0.8794004,1.3129605,1.4267645,1.2228787,1.1220002,0.70122313,2.7467816,0.76115924,0.5832758,0.87875015,1.8112596,1.9441309,0.99572456,-0.23147699,0.03657067,-0.123693965,0.45174944,-0.19180244,-0.27455825,-0.040645383,0.21072733,-0.020640016,0.0053032637,-0.19860485,0.08136383,0.114216,-0.1537993,-0.2947539,-0.12264705,0.0078011155,-0.53844386,1.3815832,1.7391796,1.4692267
141,-0.7966431,-0.12512279,-0.19399303,-0.18711197,-0.36160654,-0.0076909065,-0.19112536,0.42446232,-0.611948,-0.13029408,-0.019979417,0.48203224,0.23896968,-0.14047828,-0.2833857,0.0696502,0.12425423,-0.6670183,0.30719364,0.35068995,0.07249743,-0.66034245,0.028150558,0.043265224,-0.90362465,-0.76222605,0.09563637,0.17152071,-0.120492175,-0.4586802,0.09240343,-0.24321109,0.428207,-0.04900536,0.087213054,-0.0121824
142,0.05448471,-0.30268192,-0.9011863,-0.013338655,0.10586068,0.20811014,-0.13067633,-0.20658253,-0.37300545,2.9462042,3.4596035,2.3067126,1.5085686,3.1844497,1.2964022,-0.17721772,0.09554273,-0.26056623,-0.11003011,-0.14424327,-0.3215107,-0.21311261,-0.24920502,-0.15414052,0.034058195,-0.25456256,-0.07934117,-0.4126176,-0.22498672,0.22252253,0.055758417,-0.026964277,0.10362071,-0.10494217,-0.098667204,0.048328042
143,0.247361,-0.07560491,0.025148928,0.5765305,0.13859954,-0.18619542,0.14276272,0.028041303,0.2531862,-0.35637948,-0.26269156,-0.16546126,1.9772851,0.31851315,-0.000484697,-0.22496136,0.4021001,0.09861107,-0.24839409,0.31459442,-0.031053022,0.059099928,0.12847282,-0.55987865,-0.025244862,-0.22065611,-0.37575608,0.35016257,-0.5766976,-0.2679457,-0.029314458,-0.10744518,-0.36125547,-0.02626668,0.28095987,0.31676966
144,-0.10685116,0.16672197,0.22147405,0.03639269,-0.01444301,-0.51147985,0.06246996,-0.0062124133,-1.2983451,0.21926224,-0.2423889,-0.2100575,0.39121306,-0.020478606,0.38247412,0.33379292,0.11716314,-0.47149694,-0.020508885,0.26075768,0.054644346,0.12073791,0.20841402,-0.12697494,0.106999695,-0.024136215,0.041899543,0.030325651,-0.37342405,0.20793414,-0.14038229,0.45652744,-0.47407037,0.016666234,0.015048951,0.09432244
145,-0.29235843,-0.25294107,-0.021746717,-0.17218518,-0.24637231,-0.35956764,-0.37250483,-0.07289529,-0.2936321,-0.25706717,-0.11473006,-0.3197918,-0.2023188,0.025657833,-0.5751574,0.44564915,-0.25839397,0.41775978,0.17111576,0.030193359,-0.4234313,-0.38353062,-0.02459678,0.37692523,0.07238251,-0.2934885,-0.179982,1.8720682,1.2067975,1.6644133,1.1895757,1.0478125,1.5950183,-0.2032184,-0.04968077,-0.381343
146,-0.6651684,1.0564944,0.56976956,-0.07783848,0.09612826,-0.3246721,-0.13004225,0.19223881,0.027510881,0.6666259,-0.34936577,0.08900444,-0.53097165,-0.05766496,0.6628861,0.14272362,-0.12808327,-0.40212443,0.10153466,0.045871913,0.17558134,0.14795747,0.32149336,-0.339579,-0.46328995,-0.10570857,-0.122317255,-0.07443473,0.5447861,-0.30174404,0.80518603,0.372067,-0.034482628,0.21239692,-0.40265006,0.06045854
147,-0.16149002,-0.36074805,-0.0847286,-0.3984429,-0.40624213,0.17629011,0.10235053,-0.33814275,0.045454323,0.0346936,0.838118,-0.48456725,0.06039393,0.2608726,0.15932326,-0.42409924,0.5055845,-0.108971,-0.18040395,-0.36109495,-0.09301633,0.13697931,0.3723938,0.037901018,-0.08136356,-0.04311067,0.23972899,0.3338113,-0.43269104,-0.14416435,-0.14355409,-0.19420433,0.86180145,-0.40483707,-0.30664062,-0.12058668
148,0.63881266,0.77913207,0.4729092,0.06167966,0.0084549785,0.3182131,0.7956073,0.74590254,0.004930496,0.45214,0.09158254,-0.10273129,0.3010199,-0.101151496,-0.17987877,1.3944227,0.96893954,0.2858966,0.15662599,0.031003952,0.030628085,1.1967432,0.7106954,0.27524,2.0930226,0.8823575,0.5132362,0.32348874,0.16451338,0.13156539,0.71390617,1.2536974,0.4996778,0.65998876,0.75673527,0.3651718
149,0.03291893,0.29464117,1.2353585,0.740626,0.6341871,0.39308512,0.8350014,1.2673355,3.5482612,-0.3508898,0.22252937,0.3864197,-0.056477338,-0.06439301,0.17257538,-0.26075563,0.26898518,-0.08966063,-0.14091943,0.5555917,-0.3646103,-0.29302976,-0.12779735,-0.10962695,-0.07027635,-0.42040515,0.9789231,0.41903138,-0.018127322,0.20028317,-0.25065333,-0.37051222,-0.009297062,-0.18803737,-0.24429876,0.059872847
150,0.05016832,0.11096823,-0.0021924078,-0.0881924,-0.6832308,0.32732165,-0.30822903,-0.22738118,0.14842324,0.23692739,0.44919977,0.054655492,0.06568959,0.27913558,-0.06819645,-0.08655234,0.4252975,-0.15515408,-0.31622854,-0.0717489,0.01080057,-0.33817458,0.037281506,0.18176618,-0.0020217896,-0.18126307,0.08855387,0.21670735,0.30384946,-0.46518627,0.36974603,0.1455049,0.39752513,0.2830925,-0.28767106,0.0504615
151,-0.06574166,-0.007053688,-0.24329829,0.58820283,0.43864015,1.9287719,1.0219905,1.0958654,1.4933683,-0.34210053,-0.027118593,-0.3477237,-0.6015618,-0.021592023,-0.14674567,-0.33509305,-0.08517525,-0.08785501,0.41370213,0.08883554,-0.017551975,-0.08308524,-0.25446212,0.008209109,5.5720167,1.3971225,-0.22136943,-0.08990127,-0.12279618,-0.18498932,4.919015,1.6824601,1.2989732,-0.067216665,-0.21983704,-0.113212064
152,0.4730973,0.4452992,0.06221187,-0.53795457,-0.04039377,0.35429245,-0.0715473,-0.27258992,-0.59090835,-0.23238055,0.3574189,-0.14213449,-0.44995487,-0.37283587,-0.39657745,0.23248345,-0.12680024,0.008072883,0.3584347,-0.123931944,0.04835692,-0.49299797,0.516051,0.014744818,-0.4491592,-0.55887693,-0.019020915,0.32819778,-0.12605566,-0.1571002,-0.03285551,-0.5671116,-0.29215232,-0.2681424,0.7121262,0.1691683
153,-0.23321915,0.72242236,-0.61367494,0.111640036,0.8310806,-0.20071775,0.18095315,0.36623886,-0.44299865,-0.15698242,-0.12858498,-0.17516984,0.3168013,-0.253943,-0.97000504,1.2396508,0.013357058,-0.0036536604,0.2270137,0.4206694,-0.7494962,0.45372984,0.30440363,-0.5969636,0.07061577,-0.20553994,0.5448984,-0.1501199,0.34804565,0.20805942,-0.35110748,-0.08256705,0.6767604,0.073040485,0.48851284,0.7914062
154,0.28308275,0.15098795,-0.22658077,0.11619276,0.387698,1.3106515,0.26064682,0.13877997,-0.108380914,-0.07995623,0.05912277,-0.3763925,-0.3445583,0.054558504,-0.6509455,0.2797481,-0.61589557,0.41618878,-0.0303092,-0.047869205,-0.36360443,-0.17215708,0.3845549,0.26466858,0.44888103,1.1302657,0.8602952,-0.060853183,0.27914968,0.28789738,0.15664989,0.43043846,0.46708524,-0.17893282,0.020950064,-0.5225557
155,0.16388142,-0.047381073,0.0629254,0.0968454,-0.21643606,-0.19482946,-0.39299753,0.11467807,-0.7191512,1.9219096,0.9099582,0.53339183,0.6945377,1.5461841,0.73748404,-0.6110144,-0.14182705,4.067659,-0.14596587,0.46047944,0.12854487,-0.5000782,-0.0745208,0.033743024,-0.5268992,-0.122116566,-0.043990076,-0.18638062,-0.0036633164,0.07416493,-0.09119421,0.03317082,0.08929056,0.17153937,0.0038043857,-0.07545674
156,0.08101192,-0.33204156,0.102194965,0.121549964,-0.51725626,-0.25144482,0.09360278,0.116110444,-0.22825658,-0.5889564,0.2034226,-0.32784933,1.4162047,1.1260737,0.12210674,-0.7213993,0.15567166,0.2347328,0.3731044,0.24309607,0.26376107,-0.041437216,0.2274596,-0.28280836,0.21833909,-0.28203723,0.058260404,0.012420356,0.025499873,0.543653,-1.2444855,-0.14965162,-0.13225481,-0.26429972,0.077632606,-0.47307488
157,0.9481704,0.23340389,0.24749249,-0.4155954,0.024115637,0.017606676,-0.07773793,-0.33195472,-0.12534821,0.62625206,0.8101203,0.33890587,0.9716987,0.39773092,0.13204542,3.092671,0.08327031,-0.0017297864,1.0357167,0.20271696,0.48884636,0.062208474,0.38892612,0.106328875,3.3520758,-0.43003264,-0.09073663,0.5143502,0.1629761,0.03794253,4.6432147,1.773063,-0.047233433,2.3157196,0.9305389,0.06008494
158,0.007075444,-0.12658755,-0.15844202,-0.34760675,-0.009050116,-0.8073064,-0.1629532,0.4378193,-0.16615033,-0.34924197,-0.40114486,-0.20338786,-0.6088156,-0.15812486,-0.3534428,-0.34953448,-0.34385225,-0.06557679,-0.24967039,-0.09427953,-0.051823378,0.6695202,-0.41031173,0.100455046,-0.50322986,-0.07047132,-0.130216,0.09270436,-0.08716529,-0.062750876,-0.5070487,-0.22555625,-0.08793354,-0.081613444,0.024834782,0.2186445
159,0.09414098,-0.49213606,0.3117959,-0.3893918,-0.6262782,-0.7594559,-0.29754356,0.16733904,-0.16562092,-0.7485015,-0.19084376,-0.07919979,-0.043263733,-0.3663484,-0.28287223,-0.44354796,0.5672273,-0.35867673,0.04576689,0.6487742,0.021230966,0.48393857,-0.080784544,0.06497985,-0.5850264,-0.008271918,-0.44121403,-0.51639694,-0.21550786,-0.20909643,0.22675067,0.15694451,-0.80518043,-0.9867739,-0.042025775,0.38168913
160,0.00796181,0.4349785,-0.03193238,-0.30236328,-0.27427068,0.10423112,0.15947676,0.084638536,-0.2878538,-0.31273058,-0.3745499,-0.1327227,0.048074126,0.015939593,-0.41790783,0.03577876,0.15879384,-0.28245035,-0.011931539,0.76558566,-0.14300624,-0.0038433373,-0.0028989315,0.055880144,0.020035625,0.008918092,-0.16289414,0.31454682,0.30951265,0.40230942,-0.105624676,-0.2984951,0.9080546,0.067086875,-0.49999666,-0.34602222
161,0.048391253,-0.54578364,-0.51461506,0.13996863,0.17222571,0.09846753,-0.1743488,-0.040713847,-0.17246401,0.5106616,0.05401826,0.05587846,0.7264644,0.023082823,0.7071115,-0.18100846,-0.5678576,-0.23899397,-0.11599666,0.15760633,-0.43864185,0.29676238,-0.29221106,-0.38428438,0.08567691,-0.1517806,-0.4364519,-0.16975439,0.055589437,-0.12558186,-0.89309055,-0.0007083416,0.40841472,-0.0024267733,-0.49021998,0.37025124
162,0.41265765,1.277379,1.2983055,-0.15985978,0.20052937,0.21103233,0.6499569,1.2183058,3.6658912,0.10312843,-0.0892192,-0.05885327,0.55482566,0.8330558,0.12636137,-0.27316755,-0.50897765,-0.35527736,0.17727149,0.4152456,-0.34844545,0.100097895,-0.17238104,0.16101831,0.15229201,0.11057472,0.3744523,0.16959888,-0.5199186,-0.028451204,0.02034092,0.4725605,-0.2931487,-0.38208473,-0.2977385,0.21788865
163,0.56351376,0.47454897,-0.06578997,-0.20147556,-0.2958115,-0.21013409,0.23737572,-0.054297872,-0.52893126,-0.29124266,1.1215851,0.07219809,0.4108261,0.7700415,0.46509257,-0.33377802,0.3371495,0.13188542,0.030812144,-0.15863556,0.16335166,-0.30832878,-0.34504986,0.072215796,-0.736287,-0.97478,-0.30413383,0.02791202,0.2822778,0.25660136,-0.2687623,0.31543344,-0.08696997,-0.042725384,0.43810806,-0.5244659
164,-0.018525988,0.25144565,1.0364718,0.3799997,0.3717041,-0.05777926,0.40776506,0.09189713,0.31375718,-0.20212598,-0.27864203,-0.88391846,-0.222723,-0.24901973,-0.6796591,-0.26125377,-0.021126091,0.021948092,0.35920858,0.24097759,0.1954503,-0.049288273,-0.42336184,-0.06817973,-0.07713151,-0.14126194,-0.1960051,-0.084294915,-0.023903787,-0.011439204,-0.0108344555,0.29734704,0.30514362,0.14953297,-0.56363845,0.46453428
165,-0.21702832,0.1441417,-0.122163,-0.059913635,0.31529203,0.6059869,0.24996954,0.110515326,-0.3642063,-0.19388634,-0.2885106,0.3493556,0.029619694,-0.19997253,0.34835094,-0.28736067,-0.32165658,-0.2191782,-0.088276744,-0.2481134,-0.34178686,-0.15304303,-0.33562955,-0.16105565,-0.49174792,-0.27826315,-0.20447779,0.42024052,-0.075129494,-0.53588736,-0.45505363,-0.15515,0.17271337,-0.04292959,0.19024146,1.3406656
166,-0.02967529,0.15945768,0.042882383,-0.29036197,-0.29161376,0.15961671,-0.30876493,0.4169196,-0.39048082,-0.050496876,-0.15293448,-0.12990975,0.19468129,-0.16180229,-0.45759228,-0.3612235,-0.2999194,-0.2412796,0.06619418,0.4874078,-0.15975487,0.55313766,0.6230202,0.50551534,0.96739465,0.15571499,0.009425402,0.2637313,0.32893354,-0.7481259,1.1326587,-0.16506624,0.7325143,-0.15696883,0.1334402,0.23430651
167,0.15792328,0.0030250251,-0.29100573,0.18527734,0.53344893,0.5168472,0.35427254,-0.1830163,0.3726315,0.48814845,0.62951505,1.073707,0.9046999,0.46440226,0.16703463,-0.014858961,-0.25589067,-0.45790887,-0.049534917,0.28885767,0.07731953,0.67866373,0.047960103,0.058014635,-0.02050507,0.010130644,-0.7424577,-0.38851523,0.3905197,-0.075247794,0.03543365,0.37616295,-0.11069542,-1.1775277,-0.12040979,0.19399154
168,-0.13546807,0.23386791,0.102657974,0.0044240654,0.40597486,0.06921843,0.48437846,-0.45384872,-0.20972288,0.17273921,0.01463002,1.0966516,-0.43587312,-0.40119,1.0566944,0.20328543,0.20863542,-0.054646313,-0.21046388,-0.61298764,-0.03414035,-0.40337184,-0.5730349,0.12917405,0.037430644,-0.2917568,-0.13049391,0.56039435,-0.21475925,-0.058092237,-0.006329626,0.14568153,0.13962805,0.34161732,-0.08108173,0.2548387
169,-0.52271986,0.28343374,-0.46585608,-0.48514292,0.114546284,-0.04021132,0.016081452,-0.60358346,-0.32105076,-0.52456546,-0.25064027,0.016922832,-0.06069696,-0.32775068,-0.1176281,0.27456886,0.42967796,-0.2876072,-0.072859764,0.0043406487,-0.18419048,-0.22433501,-0.05041723,0.25495285,1.14302,-0.6036083,-0.22300798,0.61800736,0.07913101,-0.11502957,-0.19122225,-0.25583363,-0.35288933,0.41136342,-0.04678762,-0.31952226
170,0.7209377,0.8491142,0.54974514,3.2789721,1.9542181,1.7620075,1.0875018,1.7692571,0.6142484,-0.6040359,-0.4639789,-0.10202038,-0.20330626,-2.5441701,-0.2182776,0.052674968,-0.052603424,-0.024740934,0.034101076,-0.18609527,-0.5443234,-0.49545598,0.047444075,-5.0216913e-05,-0.35732323,-0.051093936,-0.3031868,0.17021361,0.30848145,0.014194667,-0.3348265,-0.6108936,-0.050885677,0.6034788,0.33989778,0.11583638
171,2.2004805,2.1676893,0.15304998,-0.31416917,0.41751277,-0.48550183,1.0779064,1.3676815,2.3177297,0.1631313,-0.52165425,-0.57267725,1.2929568,1.3990315,0.41954944,0.71588117,-0.538142,0.26450074,-0.041007265,-0.59796697,-0.16604732,-0.04715237,0.08552942,-0.14037904,-0.19043806,0.0026541948,0.27258372,-0.00025200844,0.30328798,-0.112099856,-0.79165226,-0.30297098,-0.24882126,-0.17595343,-0.5846919,-0.2754994
172,0.101405144,-0.2441678,0.3512984,0.4752971,-0.056045115,0.340846,-0.1302048,-0.103476375,0.52430713,-0.0067762733,0.06410096,0.033890158,-0.09452146,-0.20724478,0.29408804,0.10463005,-0.30010712,0.5319401,-0.06603664,0.28969166,-0.051344097,-0.11476141,-0.080696166,0.89131117,-0.18381172,-0.08543669,-0.028432786,-0.12557623,0.14943075,0.4782127,-0.17313278,-0.21819234,0.06551623,0.112166464,-0.10497294,0.24895
173,1.8128147,1.950387,3.110062,-0.04337567,0.3788011,0.4090043,3.9172091,2.3949761,3.1309311,-0.076649606,0.0039466023,-0.21582544,2.2967806,1.2393786,0.4837597,0.0023849607,0.1795727,-0.30105442,-0.10649949,0.2616301,-0.012462579,0.064751506,0.031495094,-0.089771315,0.2687741,0.17122737,0.103769444,-0.12215066,0.09008935,-0.76649123,-0.36260977,-0.04492873,-0.023819923,0.41765657,-0.038858514,0.29041708
174,0.07795179,0.1140468,0.16704547,0.043526053,0.29006606,0.13125885,0.07632059,-0.3870083,-0.8625889,-0.43854383,0.1153695,-0.041828394,-0.0734992,0.15928453,-0.13664162,-0.037733793,0.14217699,-0.025975585,0.12440795,0.22169048,-0.121809244,0.24437243,0.12106562,-0.18668365,-0.20209253,0.11535537,0.011281848,0.037739724,0.034065425,-0.12526968,0.073297024,-0.28351343,0.26756454,0.49046323,0.25558865,0.63369286
175,0.05279249,1.1088324,0.35681117,-0.0010604858,-0.23063023,0.11500281,-0.07597381,0.13009146,0.16729534,0.15859818,-0.15504175,-0.6971877,-0.17389822,0.4102552,0.07474083,0.09587723,1.1761684,-0.28515023,-0.03698224,0.24210292,0.2098826,0.08741677,0.22714403,-0.08083105,-0.0048652887,-0.026238967,-0.09200696,-0.11715287,-0.3188833,-0.00026500225,-0.0053421855,0.19324043,-0.15642878,0.009754658,-0.4988407,0.13850677
176,-0.57944,0.2563002,-0.33169562,-0.08881691,0.3516696,0.15229541,0.7865126,-0.8826171,-0.36127943,-0.14866021,-0.051475227,0.0046232045,0.13703817,-0.003749034,-0.24156296,-0.3247895,-0.26439857,-0.3774798,-1.1430763,-0.4454086,0.26336926,0.3580409,1.8620327,-0.24153769,-0.4262017,-0.6530702,0.26007688,0.19844136,0.03460884,-0.33319962,0.4852662,0.19177124,-0.22784653,-0.5115488,-0.49638468,-0.30787927
177,0.30315968,0.97044176,0.26971912,0.09179652,-0.3805285,-0.3806032,-0.27898479,-0.053011596,-0.3450896,-0.32438895,-0.22382274,0.18390587,-0.35704833,-0.3023612,-1.2206386,0.28333786,0.4819403,0.35729706,-0.116176546,-0.15204167,0.17687517,0.11414766,-0.10008359,-0.7818407,-0.05878043,0.19869596,-0.33421406,0.2989297,-0.51450366,-0.07377902,-0.03385061,-1.2147717,0.16001701,-0.016838223,0.28525394,0.13954741
178,0.06956862,0.27450874,-1.293584,0.24057704,0.8083741,0.15885973,0.02038002,0.20516971,0.4755411,0.4847141,0.43584335,1.4403439,0.31839943,0.6368061,0.77564365,-0.38841552,-0.017719783,-0.1669207,-0.13385236,-0.40778276,-0.09921731,0.11587024,-0.13332409,-0.45085296,0.39641964,0.047445536,0.26138568,-0.49763176,0.08934705,-0.0048746467,-0.1396106,0.044621617,0.22739154,-0.00979048,0.07096636,-0.22364217
179,-0.14052111,-0.07320768,-0.32163215,0.028636098,0.30616587,0.014728785,-0.24978673,-0.19198704,-0.7364706,-0.11496872,-0.129523,0.6677541,-0.026507378,-0.15579039,-0.5501914,0.12986767,0.28251037,1.0118773,0.14031792,0.10711485,0.03618747,-0.12994087,-0.12935883,-0.31235874,-0.007197261,0.018484656,-0.23535326,0.22162646,-0.34417066,0.5285856,0.15776455,0.07259905,0.46062684,0.094183266,-0.26127088,-0.5312233
180,-0.009698749,0.08346072,-0.19394308,0.043787062,-0.052337408,0.2809971,0.03332615,0.208898,0.08805835,0.005059421,-0.10076219,0.17798108,-0.24051261,-0.09881362,-0.33504254,0.031214595,-0.07788518,0.41618145,0.2725333,1.0684826,-0.2516858,0.12332159,0.099637344,-0.36104548,-0.2110905,0.8142288,0.037718773,-0.008474529,-0.13207558,-0.08008331,0.06290889,0.539132,0.06550425,-0.018703282,0.2682685,-0.19012374
181,-0.08577812,-0.18304603,0.26999268,-0.21290052,0.053774178,-0.03701395,-0.714817,-0.6499655,-0.019499794,0.13328741,-0.35389453,-0.06942852,0.3056691,0.0047503114,0.040547326,0.46751636,0.15606835,0.29980767,-0.459407,-0.39051956,-0.4428211,0.090576656,0.34056866,-0.10834341,0.0065431073,0.11647276,0.18450907,0.15423532,-0.5286432,-0.27909076,-0.3642521,-0.46791795,0.6794716,0.22798009,-0.057888746,-0.10887796
182,2.4137843,2.7532742,0.5116363,3.710251,0.95678294,0.27994063,3.9814434,2.8252199,1.51072,0.8461205,0.19802617,0.074196875,0.4216504,0.70706475,0.15382396,0.011919744,-0.15321682,0.026357353,0.4105755,-0.080707535,-0.011105478,0.65771794,0.3029944,-0.15620649,5.142562,0.3829669,0.14531848,-0.06339122,0.037644014,0.19761008,0.059566468,0.2812322,0.1351572,0.37306973,0.08334431,0.08370215
183,-0.16912115,-0.09149037,-0.2676823,-0.74297607,0.863426,0.3164099,-0.21102884,-0.4262328,-0.0821321,-0.1908474,0.7225871,-0.3226843,-0.050326407,0.35562247,0.75836337,-0.59133077,0.010975063,0.23955788,-0.2542365,0.022403106,-0.6357362,-1.0438333,-0.10305452,0.34668392,-1.1513792,-0.46369797,0.011052519,-0.038163602,-0.012940541,-0.42734268,-0.6673399,0.58857703,-0.29803342,-0.16263115,-0.21766023,-0.61727655
184,-0.21203874,0.1724661,-0.25678873,-0.3097022,-0.2623119,-0.427077,0.14121532,-0.5646299,-0.4953025,0.08080021,0.5483667,0.30646014,0.055189908,-0.2631808,-0.3531112,0.09166843,-0.08390319,-0.14442725,0.14726418,-0.2172764,0.13171881,0.11591697,-0.1645624,0.59389335,0.0003207922,-0.02121538,-0.077182055,-0.3585542,-0.43014228,-0.55148894,-0.05541742,0.035831094,-0.5694287,0.5397892,-0.3363818,0.26908687
185,0.08480209,0.35599256,0.2960009,-0.16612184,0.015325755,-0.014930546,-0.1566762,-0.07597163,0.14831722,-0.19913635,-0.46112806,-0.105563045,-0.5466384,-0.047568798,-0.47632885,3.0126853,1.7652739,0.35195068,0.24967587,0.11979663,-0.0048026294,0.83322716,0.9923144,-0.16631556,4.0816073,1.6597701,2.2732654,-0.009970844,0.10437289,-0.18043053,1.0371375,1.6838055,1.0574687,-0.004254341,0.37832084,0.4081184
186,0.034554124,0.7493467,0.2496974,0.19644931,-0.09776047,0.35721627,-0.07557571,0.54498863,-0.20274018,-0.20515352,-0.16732424,0.06933001,-0.16141713,0.42989218,-0.2925883,0.19197285,0.48659077,0.9908468,-0.18378645,-0.0074880123,0.13172334,0.28499636,0.18361133,-0.4688933,-0.18310899,0.19439721,-0.43904448,-0.10536331,0.35043743,0.1888811,-0.10304755,-0.22720125,-0.24162464,0.2940369,0.9736203,0.19664985
187,-0.13538355,0.0066719055,0.034095764,0.6901742,2.4503684,1.2183287,0.7678378,0.7266259,0.19180179,0.3885721,1.4385674,1.0234882,0.17573652,0.0822144,0.055069342,-0.049675934,-0.19307478,-0.10842174,-0.08025104,0.1565353,-0.09107153,-0.0038560927,-0.05209139,-0.27767718,-0.0014099255,-0.17914201,0.1672702,0.03487581,-0.11214104,-0.19982386,-0.19386151,-0.06419155,-0.40443105,-0.13134634,0.18662041,-0.024410188
188,-0.11578429,-0.61368406,-0.3617657,0.7604375,1.0508865,0.8565966,0.39082813,0.19558877,-0.19251913,2.2674866,2.8905163,1.2816036,1.1033369,0.77145857,1.3342248,-0.03513223,0.12785816,-0.019364178,0.15725046,0.27842513,-0.39734203,-0.1889922,-0.25589275,-0.051065326,-0.086915046,-0.36025578,0.03432209,-0.4493994,-0.3745223,-0.021570563,-0.2920366,-0.7192285,-0.18259104,-0.4415806,-0.13759172,0.0059069395
189,-0.08766776,-0.11147368,-0.8578707,0.08539587,0.049518287,-0.341554,0.1384806,0.1540066,-0.38325244,0.64406705,1.1634208,1.0770309,0.34538114,1.0722898,1.2812392,0.02097249,0.27139845,-0.58302546,0.12971133,0.4116325,0.36446095,-0.17623138,0.014957964,-0.6485971,-0.08510065,-0.2513303,-0.46779704,0.04218054,-0.38497135,-0.15219899,0.03325188,-0.15500337,0.36371154,-0.25903374,-0.023358107,-0.16677028
190,0.1154446,0.36064473,0.6966912,0.15421265,0.9942715,1.6955144,0.27503067,0.013369486,0.9242985,0.17033148,0.29348445,0.4707471,-0.13673806,0.31454584,0.22361374,0.23404616,0.10440454,0.19826126,0.12172115,0.045816336,0.2696632,0.20082188,0.18708956,0.5129762,0.14451095,0.021241516,0.1460846,-0.008769631,-0.025071621,0.6637347,0.21128666,0.42340004,-0.34169483,0.34651315,1.0808287,0.83565766
191,-0.1345568,-0.08524509,-0.047710508,0.18039834,0.09466633,0.19606125,-0.011943519,-0.5528914,-0.29790723,0.16136163,-0.28567433,-0.27153856,-0.27166367,-0.08221942,0.07871106,0.04908085,0.070434034,-0.46636355,-0.10140091,-0.06317063,0.21959472,-0.21411031,0.046444684,0.582186,0.21489853,0.06488201,0.23961526,0.022189498,-0.20024294,0.31644833,0.19010597,-0.13310355,-1.3411272,-0.11951369,-0.23737973,-0.6227374
192,-0.30284652,0.075879335,-0.13385865,0.07398182,-0.10872123,0.043207116,-0.03655734,0.038204163,-0.7505884,-0.015300937,0.1801317,-0.06363286,-0.38908887,0.34188908,-0.14837691,-0.30078053,-0.6107197,0.25385237,-0.7576408,-0.24167417,0.30252886,0.092988655,0.046345174,-0.17720288,-0.18639904,-0.20315084,-0.006670654,0.6331819,-0.34819478,-0.7376712,-0.055932894,-0.07502732,-0.19626993,-0.59077954,-0.08769958,-0.12905943
193,0.057478935,-0.073924035,-0.19494182,0.16206193,-0.13251069,0.104236245,-0.22096181,-0.34908172,-0.21214655,-0.06253183,-0.315767,-0.19881812,-0.096642405,-0.27232546,-0.16141579,0.60528755,0.38473552,0.12220001,0.2479808,-0.317097,0.19897074,-0.07616186,-0.100982785,0.5083781,0.2958788,-0.2904839,0.47335914,0.56711227,0.4191058,0.20174621,0.20172921,-0.09987644,-0.46748146,0.0020624697,-0.0077586174,0.08469772
194,-0.043105923,-0.055852897,0.26113963,-0.74274886,0.08101836,-0.2813444,-0.0033601243,0.38584024,-0.17974076,0.06788626,0.06556294,0.4233591,0.014273018,-0.41843942,-0.20895416,-0.56968373,0.049162492,-0.5561377,-0.07627702,-0.5946804,0.0016257465,0.22217804,0.3085151,-0.1741641,1.1085806,0.67358476,0.20414828,0.16129549,0.8311703,-0.34537375,-0.27420476,-0.15185404,0.3292354,-0.116050616,0.017130941,-0.40734652
195,-0.64486456,-0.14483993,-0.14404127,-0.2507675,-0.15938371,0.19132918,-0.38377663,0.027460098,0.60891557,-0.14430502,-0.29458293,-0.2801717,-0.027569652,-0.4066857,0.6047761,-0.041176558,-0.1059798,-0.047382712,-0.20540941,0.36990175,0.05557704,0.2623913,0.27653897,0.0019022226,-0.30543613,0.00897032,-0.46825612,2.182415,1.0706408,1.3437521,1.3960885,0.03878808,0.3581528,0.7528234,0.16814011,0.81040573
196,1.9474499,0.8745056,1.1071517,-0.24355288,-0.011807978,-0.15301794,2.6349883,2.6112742,2.1116972,-0.58146924,-0.16978478,-0.33154953,0.8829379,-0.14199099,0.056456447,0.46434426,0.47175607,0.6179145,-0.02180767,0.25715476,0.37357652,0.41421503,0.22988325,0.094411194,0.8886312,0.4510823,0.78389794,-0.19023052,-0.6061598,-0.3696466,-0.16472805,-0.6883148,-0.26275033,-0.47996983,0.18588412,-0.49739775
197,0.0028329492,-0.31327185,-0.36502606,-0.12935346,-0.21732259,0.05604613,0.08142406,-0.2713029,0.08344793,0.18698145,0.15438393,-0.32468224,0.2097436,0.03504777,-0.18017456,0.050108284,-0.037223317,0.33705246,-0.7721062,0.1493457,0.07231009,0.4200548,0.11409254,0.06108576,0.4183171,-0.047981262,0.31551725,1.1915557,0.10522896,0.79866433,0.9759171,0.64645517,0.83687,-0.88124824,-0.16340917,0.6399958
198,1.0732338,0.62299305,0.8029513,0.5609026,0.91649425,2.2197323,1.3513987,2.374913,2.6614058,0.10362834,0.4823926,0.032263182,0.3894449,0.7648372,0.41767937,-0.01433602,0.41486734,-0.092383385,0.036431313,-0.0506811,-0.3945526,0.14603952,0.21238339,-0.10545558,0.10903585,-0.107043505,-0.1427095,-0.007982969,-0.38901824,-0.49199295,-0.09947419,-0.49224478,-0.9839122,0.22020873,0.09904595,0.10029149
199,-0.268661,0.06748867,-0.2562963,-0.27178037,0.2665052,-0.2617218,-0.39958853,-0.08348212,-0.4019525,-0.44648305,-0.49299404,-0.29143995,-0.39495558,-0.2809632,-0.5546962,-0.103671595,-0.29524377,-0.0052654147,-0.31337512,-0.18373606,-0.09123349,0.14197904,0.010525584,0.3692899,-0.36119586,-0.5185716,-0.3339277,0.5520481,0.53222585,0.7316715,0.42511716,0.35021913,0.16412395,0.3017104,0.015843302,0.058278024
200,2.2923136,3.4503157,1.4862683,-0.3459668,0.11877149,0.115050316,2.1127434,2.5549312,1.3894745,0.10130589,0.6538535,-0.08976009,1.3140696,0.10537732,0.13020149,-0.78627753,0.504625,-0.13394493,0.5297537,0.089291945,0.0734452,0.030336723,-0.39274293,-0.22474217,-0.12049708,-0.1703453,0.059363484,-0.18140715,-0.03839898,0.06213793,-0.4614673,-0.6292725,-0.49159056,-0.2371132,0.41883606,0.31385154
201,0.03486678,-0.6091995,0.17156571,0.6078396,0.27742803,1.614567,0.8529968,0.08633083,0.7199796,-0.41312447,-0.10107666,0.5422416,-0.09689246,0.14812073,0.06256289,0.16178639,0.022235632,-0.35186133,0.13226351,0.56559896,-0.34736645,0.037825704,-0.46316186,0.32170904,0.33055675,-0.40845257,0.42174348,0.15812218,0.7632963,0.56882656,0.33601248,1.3140275,1.1151015,0.39278954,0.17622474,0.088573664
202,0.14561468,-0.14740281,-0.9603281,-0.2649753,0.08162382,0.57895327,-0.038155884,-1.7576578,-0.21935081,-0.76692677,0.3480717,0.033763885,0.004925847,-0.25313807,0.48696226,-0.07165751,0.25845802,0.69251746,0.27750158,0.013388172,-0.3389467,0.4207521,-0.035509184,0.13446441,-0.29941702,-0.3990524,-0.62527543,0.09054142,-0.12044545,0.0026234984,0.010448992,-0.11889565,-0.1319552,-0.19316345,-1.0820643,-0.55528915
203,-0.10927421,0.15003622,0.109454036,0.0011072159,0.083146095,-0.09852312,-0.19558522,0.007652998,0.52767575,-0.12527257,0.11931878,-0.23257968,-0.09011194,-0.1329011,-0.29060936,0.23367274,-0.017752051,0.8752137,-0.09202492,-0.103778034,0.07312924,-0.07089418,1.0210325,-0.06997162,0.25827122,-0.29035032,0.19624364,0.5213673,0.0076927543,0.9226303,0.70461285,0.6880553,0.45875174,-0.14219785,0.246684,0.3733161
204,-0.33778775,-0.036131516,0.61067516,-0.06460363,-0.084225714,-0.1308515,-0.056994975,-0.46680263,-0.24609625,-0.13450617,-0.7210312,-0.60619754,0.0696497,0.15734757,-0.020269081,-0.014597416,-0.19830981,-0.049822092,0.09119403,-0.292337,0.13717854,-0.2515188,-0.2211417,-0.06878811,-0.12048465,-0.14480762,-0.24131572,-0.0657686,-0.1851108,0.03421259,0.03829193,-0.047389954,-0.04027784,-0.0608806,0.13969009,1.0904186
205,-0.09645271,0.17548607,-0.3672577,-0.049465537,0.62535745,0.80431646,0.22850555,0.3462575,-0.18743175,-0.24399418,0.17785789,0.10956949,0.2680269,-0.28684103,-0.9456475,0.017169893,0.28835016,-0.017427027,0.068948984,0.7349032,0.22877991,-0.112200916,0.18387046,-0.02885431,-0.022718906,0.21443167,0.90871805,-0.18006325,0.28841043,0.099707425,0.03951752,-0.039366335,0.4527043,0.090129256,-0.10549804,-0.1435613
206,-0.3808198,-0.45876744,-0.25532916,-0.12657093,-0.044406354,0.20490892,-0.4684644,-1.1718687,-0.6840551,-0.4125973,0.06326884,0.23230381,0.07907009,-0.47713274,-0.099469125,-0.03315437,-0.15697795,-0.022144675,-0.06074947,0.42845836,0.0045886636,-0.12563978,0.20179577,0.65685177,-0.07595432,-0.16346258,0.16330518,0.08230972,0.37203962,-0.48884434,-0.037985563,-0.009648709,-0.32319397,-0.26891744,0.019140184,-0.49590492
207,-0.42298368,0.4322488,0.044155,-0.14179859,-0.0918549,-0.24764931,-0.83864725,-1.1891651,-0.42523742,0.06048444,-0.629488,-0.21320355,-1.4460692,-0.28103036,0.2571364,0.44983745,0.4459526,-0.14036143,-0.28938192,0.018517107,-0.12246737,0.9278549,0.2725631,0.5046127,1.1937945,0.62899256,-0.093987554,-0.032959074,-0.4198869,0.024080694,0.039681256,-0.02333057,-0.60562664,-0.41580367,-0.010261372,-0.060376883
208,0.43514633,-0.1783783,-0.22394398,0.5072975,0.19626999,-0.4232516,0.08897053,-0.4520827,0.20011869,-0.13592677,-0.052152574,-0.12673926,0.14593372,-0.33212438,-0.14300743,-0.13378742,0.038174123,0.31762898,-0.27378577,0.12952852,-0.03257394,1.0671138,0.47967982,0.14606428,2.188572,1.1348474,0.9611099,0.23701242,-0.48076326,-0.04133004,0.27803856,0.30026436,0.60378253,-0.48989117,0.48556077,0.32050705
209,0.036352932,-0.24953367,0.28239268,-0.1982441,0.056226358,-0.066366136,-0.14315748,-0.14257711,-0.10854173,0.20097518,-0.5128915,0.03913015,0.08201879,0.18172824,-0.47171047,0.07046437,-0.094358176,-0.07000911,-0.29821777,-0.059514448,0.4449662,-0.050746024,-0.14575693,-0.15772903,-0.13399976,-0.2304425,-0.20386529,-0.029932112,-0.007534787,-0.15198284,-0.054607153,-0.09613794,-0.10903448,-0.100793004,-0.076857954,-0.37178922
210,0.23149383,0.6879997,0.74645996,0.22807366,0.99089694,0.82066923,-0.14112633,-0.5364321,0.74397874,0.08895582,0.23012988,0.3027331,0.28997082,0.58746684,0.55814075,0.46317622,0.10596734,0.16723508,-0.20290625,-0.15753126,-0.111436605,0.06409645,0.39329916,0.29454792,0.133733,0.28169262,-0.5709668,0.014962792,0.0046417117,0.2155528,0.0126514435,-0.08112264,-0.837672,0.15649045,0.5394635,0.32499504
211,0.064236104,-0.17387709,-0.7324469,0.17080277,-0.11936772,0.43108743,-0.0072382092,-0.2552045,-0.5369755,0.22211826,0.80883825,2.6972945,-0.009578466,0.27862275,0.16197968,-0.13088506,0.14510092,-0.7853145,-0.061213315,-0.09232634,0.2554455,-0.032695472,-0.035991192,-0.44146705,-0.10580701,0.057513,-0.20780832,0.16062088,0.010391235,0.019463986,0.214861,0.5206105,0.42566335,0.15813035,-0.87276214,-0.12651196
212,1.5727308,1.1792113,-0.08398007,0.5368985,0.07326451,-0.30665907,1.0823355,-0.13028634,1.524521,-0.1155529,-0.0988971,0.099500895,0.1746496,-0.5342164,0.3195141,-0.2588442,0.34042525,0.23297936,0.2396765,0.5815093,1.0558307,-0.23023283,0.2522578,-0.65207833,-0.055912733,-0.3940888,-0.43622565,0.14042348,-0.10754168,-0.27302718,0.11583686,-0.08393043,-0.13650495,-0.3198954,0.30201292,-0.3562116
213,0.38189635,-0.3347612,-0.32793787,2.811747,2.4965634,1.7239509,2.1121144,2.3932452,2.8165207,0.0101213455,-0.43329185,-0.3398465,1.2855928,0.85698956,0.5419773,-0.5671463,-0.37185746,-0.34188616,-0.14931512,-0.18697566,0.2426973,0.23602715,-0.13546106,-0.85947883,-0.05205977,-0.14509764,0.07821581,-0.24010648,0.1470887,-0.19298017,-0.05587578,-0.07919979,0.56152654,0.20184784,0.37084287,0.17383468
214,0.48255134,0.2558146,-0.008077025,0.06899524,0.10450739,-0.11591804,-0.19657919,0.20260596,0.48392898,-0.17515212,-0.060174942,-0.7789873,0.09483564,0.10774837,-0.38112223,-0.051407576,-0.17667449,-0.053646863,0.14251783,1.2271504,0.058355212,-0.08301723,-0.13202551,-0.09845734,-0.06433177,-0.1971049,-0.17460155,-0.10115385,0.3500871,1.6838379,-0.14512408,0.10935384,0.4629652,-0.3326365,-0.52488035,-0.064291
215,0.16262645,-0.05209902,0.15176824,-0.047041,0.22691405,-0.26427978,0.020443529,-0.1346877,-0.067956395,-0.24593437,-0.05672747,0.10821372,-0.0760355,0.34820268,-0.13362247,-0.044367105,-0.28352535,-0.3520046,0.28580213,0.2789625,0.0030615032,-0.4886433,0.041220903,-0.22619505,-0.40151453,-0.22024816,-0.5702333,0.09595004,0.55331933,-0.38197792,-0.110732794,-0.18444088,0.37433237,0.31956857,0.26830566,-0.14148808
216,0.055431485,-0.26453805,-0.32162178,-0.32846704,0.0712226,0.21354443,0.15122777,1.2554995,0.088215575,0.2780918,1.0027283,0.39844704,-0.17939848,0.8870024,0.36899474,-0.109940305,-0.49039614,-0.36284733,0.19570455,-0.17519362,0.03268084,-0.047108993,0.09580922,-0.19324076,0.10008773,-0.7360481,0.037108183,-0.33003902,0.2774549,0.2996297,0.07125319,-0.2704616,-0.12728651,-0.5231551,0.10953641,0.053213537
217,0.18535292,0.20700037,0.013039798,0.26094776,-0.178482,-0.17372978,-0.31875658,-0.10583172,-0.034167737,-0.2109031,-0.14031076,-0.12357557,-0.17438257,0.23136625,0.113847055,0.3264013,0.16506049,0.3747968,0.80884016,0.4578799,0.15027598,0.56397533,0.5399642,0.44492394,0.45719123,0.9923612,1.1202387,0.75214434,0.08178991,0.17718962,0.5779891,0.13539761,0.25315332,0.067813024,-0.5048473,-0.23967156
218,0.27431735,0.42160106,0.16668183,0.06037788,0.18585253,-0.26912332,-0.22203565,0.014695466,0.123244405,-0.1621283,0.22199845,-0.20476526,0.014666744,-0.40585303,-0.39866865,0.11557335,-0.5944276,0.52769667,0.5911766,0.10916644,-0.077760756,0.11538541,-0.0036806464,-0.40424454,0.8721956,0.9124677,0.2513858,-0.2821378,-0.801417,-0.16639578,0.38846847,0.53120726,0.8344213,-0.30552825,0.20209008,-0.2434803
219,-0.12183362,0.023021042,-0.34431764,-0.20368165,-0.6667048,0.37777734,0.19619894,0.2881436,0.16514212,-0.28563133,-0.33683753,-0.25009954,0.24027854,-0.32869673,-0.27607894,-0.22634175,0.17977515,-0.4989424,0.052152038,0.034183875,-0.091870785,-0.30777532,0.25556606,-0.2971947,0.14758939,-0.5059409,0.08032097,-0.19896388,0.20770842,0.26550984,0.038916588,-0.19395575,0.15548745,-0.009420186,0.040103227,0.3646142
220,0.1694849,0.06287521,-0.5476407,-0.3300082,-0.3315224,-0.057829797,-0.018196613,-0.3215499,0.115804404,-0.06701663,0.44601,1.613581,0.27682543,0.023278475,-0.15229172,-0.13001314,0.061059594,-0.5264955,0.33047497,0.2931742,-0.5355266,0.00804992,0.29405528,0.040484846,0.1413359,-0.4903183,-0.74784786,-0.24884816,0.065160066,-0.21505424,-0.058542132,-0.5118953,-0.30017328,0.5731839,0.08638936,-0.64448905
221,0.081039846,-0.15292935,-0.6857922,-0.0726586,-0.07149878,-0.010422092,-0.28814548,-0.14674473,0.0332368,0.13708574,0.63888806,-0.08976352,0.3729033,0.00031613559,-0.24975061,-0.31746,0.19749202,-0.31668985,0.089055,0.12873527,0.08389875,-0.015387952,0.072163016,0.14549446,0.29031837,-0.3107232,-0.6304066,-0.015674293,-0.195642,-0.03796339,0.18076116,0.10688037,0.7162451,0.100851655,-0.49448958,0.05673251
222,0.033313364,0.07524085,0.0072365105,-0.19793275,0.04691893,0.19603491,0.0455229,-0.3208289,-0.43306887,-0.33804527,0.056791246,0.00024732947,-0.14387953,-0.3922427,-0.22401392,-0.37357646,-0.07053452,-0.08071327,-0.022263765,-0.13098109,0.28883082,-0.08706033,0.16271901,0.06370269,-0.08227575,-0.007438749,-0.18156397,-0.08197731,-0.006636679,-0.2992885,-0.123538375,-0.046284616,-0.0075873733,-0.22064042,0.077165864,0.22526479
223,0.9595215,0.5282927,0.96018,0.2817592,0.054064035,-0.18645687,0.77500975,1.06234,0.92557675,-0.7872215,0.07488108,-0.26047912,0.8466633,0.41163176,0.0028679967,0.06086266,-0.19738555,0.2968092,0.07514876,0.32835287,0.39097735,0.13408178,-0.111354396,-0.30888295,-0.3619491,-0.41688132,-0.07820859,-0.06272948,0.12047708,-0.33519623,-0.3445214,-0.31055573,-0.05706811,-0.09126243,-0.38495582,-0.10943106
224,0.069529474,0.15947706,-0.053489685,0.03450662,-0.14978442,-0.46428633,-0.3123086,-0.26538008,-0.25432244,-0.110541776,-0.35525048,-0.5552372,-0.5832976,-0.2793785,-0.57257974,1.6926923,0.5688987,0.34609473,0.054153323,-0.00446406,0.062059283,0.93679035,0.3808428,0.7023634,1.9367722,2.057807,1.7367008,0.36136195,-0.09610358,0.067762226,1.0364285,2.1296473,0.81521654,-0.1954701,0.08442134,0.09375161
225,-0.048305154,-0.49828774,-0.4460745,-0.18573588,0.08431375,-0.08733779,-0.16473788,0.113769114,0.03663206,0.32506523,0.33993644,0.40713742,0.03232801,0.43144596,0.12765305,-0.10940784,-0.16111904,0.24309278,0.05263734,0.061605126,0.45175582,0.064590216,0.264347,-0.30404067,0.13423854,0.15363795,-0.15526032,0.021061122,-0.1350694,0.116721034,0.19256583,-0.29577962,-0.5481397,0.015379071,-0.011675186,-0.160995
226,-0.0041580796,-0.7930604,-0.78271884,0.03172636,0.26349497,0.4692657,0.14829564,0.08342433,-0.1279912,2.5453527,5.0120077,3.6722748,0.15065432,0.2956305,0.85705006,-0.035888433,0.112035215,-0.13687393,0.15067744,0.36329052,0.12828815,0.07538283,-0.10741472,-0.12811488,-0.050619006,0.14880352,-0.4159955,-0.34059572,-0.09122339,0.1075851,-0.18042725,0.066753864,0.05003521,0.31212085,0.51867557,0.04384442
227,1.1528155,2.4916217,0.9245454,-0.036301196,0.5160607,-0.015688986,0.019126385,0.07805136,0.17306107,-0.14899015,0.24583554,-0.038521826,1.1624476,0.43446195,0.6526616,0.26734245,0.30476773,-0.26645273,-0.023179054,-0.098383665,-0.0030011237,-0.037458897,-0.19306886,0.26035613,-0.07466948,0.0819062,0.22064257,0.046840847,0.1400266,0.09018299,-0.34801978,0.0380308,-0.79412526,0.039292663,-0.12144232,-0.07618308
228,0.6493999,0.5921606,0.86253464,-0.009350479,0.19011796,-0.0010972768,0.57003444,0.085021466,0.73477,-0.57517934,0.0051232576,-0.45211408,0.12742847,-0.5596912,-0.33643973,0.1797372,-0.041330107,-0.37736794,0.08645749,0.47103894,0.06332049,0.057251096,-0.48573008,-0.28742284,-0.09293556,-0.23331097,-0.41373333,0.5743727,0.67168224,0.50962603,-0.15168226,0.2860005,0.27376848,-0.23516417,-0.46067,-0.15074068
229,-0.18532097,0.033717807,-0.38181743,0.1994322,0.32652405,0.5677066,-0.15505534,0.16946664,-0.036488593,-0.032992065,0.06927171,-0.46852148,-0.10785949,0.032908037,-0.5529313,0.02478683,0.28973517,0.3166077,0.04989487,0.13392031,-0.27010554,0.17283261,-0.014020696,0.09934759,-0.123467445,0.19105189,-0.14340228,0.16370371,0.31314144,0.48130178,-0.17688513,0.07516831,-0.118961334,0.3642482,0.23975813,0.18937474
230,-0.48144364,0.2577827,0.35128158,-0.6887092,-0.4976313,0.034790292,0.13528077,-0.4162575,0.58200634,0.6761968,0.025246859,0.21797764,0.008090436,-0.038089618,0.080596685,-0.1316444,-0.027193904,-0.22368538,0.12316525,-0.50787985,-0.36982954,-0.28100905,0.44259346,0.5987159,-0.26455683,-0.39438498,-0.17018127,1.4316808,0.7680847,0.8550542,0.041939832,-0.114423394,0.44606975,0.0018280447,-0.117283404,-0.1455344
231,0.5768292,0.050171107,0.08558602,0.504377,1.2922777,3.0354083,2.8979282,0.8130076,1.1847681,0.9137645,-0.22220242,-0.1784536,3.8412018,4.475892,2.271844,0.15634763,-0.06066063,-0.10239625,0.16258985,0.18344092,-0.15627858,-0.14825398,-0.055731855,-0.39467892,-0.30038935,0.10099663,-0.17742097,-0.17754593,0.3336525,0.20729342,-0.2615323,0.08802554,-0.24648726,-0.032243073,-0.085696936,-0.058147565
232,-0.31273475,0.10006061,-0.15725541,-0.07475531,-0.7515379,-0.4324106,0.12481767,-0.012314856,-0.20427543,-0.20357269,-0.09384197,-0.28268802,-0.104597986,-0.07951841,-0.39145038,0.23999041,-0.08696152,-0.5245434,0.1361605,0.13011461,-0.21602559,-0.0066420436,0.022548616,-0.27791214,-0.14684606,-0.052292943,0.6083833,-0.009626716,-0.13505,0.0465281,0.036388934,-0.0776853,-0.05253859,0.15757293,-0.103358805,-0.4482541
233,-0.1471026,-0.29197437,-0.47558343,-0.10103586,-0.30182397,0.11193454,0.122094944,-0.26174197,0.120556355,1.1510503,1.1868179,1.8603004,1.0298722,0.9746938,0.59416384,-0.18990669,-0.19089468,-0.18219155,-0.17616618,-0.0660665,-0.061638355,-0.07485994,0.057833534,-0.03473115,-0.099018514,0.27055776,0.0066000223,0.30552435,0.9646105,0.92049396,-0.114534676,0.29774168,0.2626127,0.2208815,-0.073601365,0.14334023
234,0.5002278,0.98128104,0.99181527,0.07247549,1.1869613,1.6167306,0.58909667,0.106616735,0.5531768,0.5994098,0.5769987,0.18155761,0.6195759,0.6894859,0.7095202,0.051971883,0.23112547,0.77954346,-0.19813275,-0.100520104,0.20996416,0.1453489,0.76552755,0.63486695,-0.36402965,0.67685634,0.05248207,-0.05915314,0.07886493,0.37825406,-0.18259513,0.05717641,-1.0233237,0.29719132,0.69789875,0.39474812
235,-0.2503744,-0.30784142,0.060804665,-0.043222964,-0.13234574,0.032371193,-0.006339133,-1.4113357,0.3913262,0.6012798,0.18566489,-0.017068088,0.41026473,-0.02839744,-0.052372694,-0.04669559,0.56799096,-0.17984447,0.1708585,0.1495118,0.15565082,-0.16950184,0.08446801,0.004186839,-1.0400894,0.010281712,-0.085113585,-0.58311456,-0.1060622,-0.07150164,-0.28499973,-0.42181087,-1.1585362,0.71134484,-0.1442734,0.0868631
236,-0.002162397,0.06539111,-0.41678548,-0.04146266,0.04811406,0.08672118,0.06863469,-0.24392694,-0.28589344,-0.09880501,0.06590164,-0.21083426,-0.08899838,-0.2985577,-0.5219635,-0.053293407,0.20252056,0.21221805,0.034909606,0.010897487,0.3289503,0.10332149,0.0764623,-0.07978159,-0.29863885,-0.15781358,0.025101662,-0.09906089,-0.019832432,-0.26822442,-0.08057833,-0.15621585,-0.28284967,0.013465226,-0.0016644299,0.034835458
237,-0.09211302,1.6089554,0.854152,-0.05580008,0.05360572,-0.1865725,0.053527653,-0.033222407,0.7099373,1.1810687,3.2342565,4.940888,1.8289132,2.7687893,6.9302855,0.024819225,0.04988715,-0.049222372,0.051134706,0.053714357,0.021195963,-0.05756706,0.15711857,-0.0639663,-0.05219978,-0.04188502,-0.6554594,0.067197025,0.19245805,-0.075018,0.0023630857,-0.046012133,0.020326562,0.043580443,0.5787347,0.14630124
238,1.1129459,0.6237276,1.1267912,0.34762278,0.15255767,0.01914984,0.3178383,0.26183897,-0.06887519,0.034254953,0.089090526,-0.13804394,-0.84196806,0.08433193,-0.2204073,1.3207926,1.0518427,1.705219,-0.06613636,-0.27064657,0.25847793,0.9319339,0.42816588,0.32402176,1.9594183,1.1238554,0.851897,1.3322314,0.37430555,0.113390446,0.6288174,0.607606,0.7317579,0.7907194,0.48770863,0.8056101
239,0.67779326,1.8320165,1.293257,0.27588743,0.35615897,-0.25402552,0.5956419,1.5470455,2.3143733,-0.44577312,-0.1174652,-0.5617148,1.0198246,0.2006752,0.4638201,-0.16704911,0.056157947,-0.47658542,0.656384,-0.40302372,0.047436893,0.25100026,0.05428636,0.29556674,0.028652191,0.02947557,-0.15184519,0.39897695,-0.18391496,0.18229294,0.2822555,-0.07080424,0.064998865,-0.17135918,0.31536293,0.008983731
240,-0.22842409,-0.107325345,0.41437674,0.18624172,0.4718417,-0.3295389,-0.098502904,0.5111218,-0.3489449,-0.47082365,-0.35879207,-0.043307364,-0.41977066,-0.6465881,0.69306564,-0.53742594,-0.39478236,-0.98838514,0.090547085,-0.28379118,-0.7544347,0.22448105,-0.9422367,-0.048857063,-0.34200454,0.021754505,-0.18554108,0.115508325,0.43290234,-0.32788682,-0.065669954,-0.10604015,0.045055747,-0.6076512,-0.118658915,0.020856142
241,0.113636255,0.3844201,-0.21797168,-0.08176404,-0.20374145,0.13822436,-0.0036578774,0.34100837,-0.1842519,-0.11179674,0.11850408,0.058257163,0.1078192,-0.14427993,-0.03732665,0.117371164,-0.009884104,-0.09369135,-0.009617567,0.2007109,0.6320987,-0.08750516,0.04049164,0.08610666,0.0022643805,-0.3388581,0.07052721,0.015179604,-0.16186437,-0.1291225,0.20722502,-0.01202929,0.074227124,0.04941392,-0.0274418,-0.01300323
242,-0.09715909,0.35921943,-0.48789558,-0.17002729,0.3299326,0.023739755,0.07058263,0.12420654,-0.25017253,0.39237183,0.90436965,0.057608426,0.07031572,0.31298882,0.10425855,0.13199592,0.27370054,-0.16578338,-0.27343875,-0.06711921,-0.053058982,0.088445365,0.58325386,0.2679157,0.046596408,-0.1325246,-0.08494198,0.058874965,0.23174168,-0.029440105,-0.19138843,-0.017613715,-0.70952594,-0.09857032,0.49284762,0.08732155
243,-0.10535675,0.10109258,-0.3123207,0.09570348,0.20471573,0.14708245,-0.12687624,-0.40889364,-0.16642976,0.23175722,0.97840965,0.7857194,0.29876924,0.5992696,0.8848605,0.20218897,-0.21120828,-0.008531868,-0.026554465,-0.047935307,0.16369867,0.08661479,0.07567078,-0.27551603,0.009639502,-0.21524538,0.08785617,0.15517637,-0.09810948,-0.18004368,-0.16907352,0.20718992,0.20488006,0.27513957,-0.0882811,0.4371438
244,1.113584,1.9658555,1.5277517,0.74425244,1.0644855,0.56651914,0.9984194,0.84277385,0.987873,1.7583721,1.4315554,0.6768641,1.8567932,0.7934632,0.965903,1.5312189,2.8331447,1.6697366,0.58480287,0.35431555,0.22037351,1.7806079,2.7508485,0.90340894,0.65170395,0.6441654,1.2972714,-0.08092713,-0.5237801,0.20698565,0.073535025,0.61475474,0.91647947,2.7350585,2.6648731,0.75318736
245,0.11039019,-0.96766233,-0.0012431741,0.016985118,-0.22221673,-0.28185523,-0.14434671,0.21355692,-0.27388713,-0.2676332,-0.0014993548,0.27506414,0.08710706,0.06943405,0.009738326,0.4705345,1.1298921,0.13630648,0.13594466,0.1049473,-0.2514404,-0.1531269,-0.20651,-0.22792527,0.07309842,0.32488757,0.22382447,-0.037827343,0.06831594,0.24348006,0.43658543,0.28988576,0.40669706,-0.25456923,-0.08650005,0.16341817
246,0.49761102,0.13337871,0.86507756,0.018661201,0.045233727,0.06786418,0.26434204,0.29174083,1.9781153,0.17007682,0.16459888,-0.46530625,-0.2404359,-0.13693446,-0.19160628,-0.06369837,0.09190261,0.35262954,0.0812996,0.19301882,0.028450012,0.30201685,-0.013050288,-0.20598316,0.30134106,0.018805027,0.09570569,-0.02818948,0.37023184,0.3647884,0.30060118,-0.014396071,-0.26513064,0.074447215,0.12329793,0.43249255
247,-0.13444412,0.24257837,-0.30734935,-0.1184504,0.05842924,-0.336217,-0.18903872,-0.11416197,-0.41565454,-0.09563249,0.054172993,-0.37052345,-0.13289899,-0.7964448,0.12909567,0.21296632,-0.5527389,0.3153314,-0.3033822,-0.43271422,-0.2818813,0.58960915,0.30683607,-0.15397513,1.2144732,1.1024317,1.1271393,-0.11692202,-0.26388392,-0.058404744,0.3765541,0.74156845,0.9793819,-0.11866391,-0.3634722,-0.43823865
248,-0.41937634,-0.37271157,-0.020841181,0.88540095,0.51529837,0.02424848,0.3231766,0.18830645,0.053981416,-0.057323053,-0.27309632,-0.5900543,-0.5047379,-0.7419547,-0.25418648,0.35313487,0.15063114,0.14209749,-0.21069837,0.26736984,-0.37786967,0.81801164,-0.07854909,0.013108134,4.726527,6.1404123,3.2328672,1.0580066,0.030482944,1.0957986,1.945777,1.5141053,2.496448,-0.27322534,0.49163216,-0.34299403
249,0.06649411,0.06359139,-0.08270222,-0.108872294,-0.5353143,0.02671051,0.13019413,-0.10952741,-0.12960124,-0.43719795,0.10270487,-0.2297346,-0.041590452,-0.2181496,-0.30563545,0.10726854,-0.441032,-0.44901198,-0.02487871,0.18673816,-0.30017173,-0.17168343,-0.053100765,0.23004928,-0.014876872,-0.22279754,-0.4456307,-0.09731233,-0.114859045,0.56086606,0.27284142,-0.06711942,0.44582593,-0.05022359,-0.018008888,-0.29605907
250,-0.22515601,-0.04013823,-0.032360733,0.27830845,-0.033019938,0.020765722,-0.1425128,-0.36163014,-0.18791515,-0.24629962,0.023589611,-0.21429825,-0.31768173,-0.76085556,-0.26198488,-0.08504319,-0.18845534,0.093524694,-0.273103,-0.28113908,-0.15301767,0.44847262,-0.12754822,-0.2189821,0.5464153,0.36015287,0.15538475,-0.11218402,-0.012888193,-0.023685694,0.23143642,0.6592826,0.18568748,-0.25588244,0.12147176,0.058841586
251,0.12055516,2.2992437,1.9549657,0.11905646,0.078599304,-0.34060776,-0.4360749,-0.22746262,0.93602276,0.0927521,0.05221376,-0.21282454,-0.03462571,0.2951063,0.68779206,0.14383298,0.29941168,-0.13491383,0.051523447,-0.13559943,0.4552405,0.04950744,0.19549231,0.16487479,-0.12187493,0.18143561,-0.8038605,0.04469043,-0.07048526,-0.1437723,-0.016478479,-0.088905066,-1.2947767,0.33515626,0.577042,0.2143358
252,0.04512596,-0.13621625,-0.50845724,0.24315351,-0.013790131,0.015648205,-0.28687352,-0.33794123,-0.39606625,0.16212136,0.28185478,-0.3733304,0.0006439686,0.09439868,-0.41858196,0.06467861,0.32598493,0.11955196,-0.002198279,0.21640858,-0.07361323,0.19823104,0.25269,-0.3421837,0.45899788,0.6847188,0.50924295,-0.06983426,0.343352,0.20138371,0.38047305,0.5598348,1.2545183,0.23743004,0.9736875,0.6314392
253,0.4494629,-0.20604041,-0.1901344,-0.96244204,-0.31998277,-0.15654996,-0.26033235,-0.31980038,-0.09889713,-0.22432615,-0.12157108,0.46061307,-0.09496236,0.17926179,0.095689476,-0.19379687,0.08128202,0.28294885,-0.9114928,0.004702747,0.4067379,-0.1844864,-0.2257756,-0.061126485,0.03592533,-0.15571514,-0.24873677,1.7783445,1.1030933,0.66905767,3.1704233,0.4876991,0.5925173,-0.0206981,0.20097348,0.46861193
254,-0.10040055,0.02516514,0.36274266,0.30155984,-0.039209783,-0.1156258,0.36383104,0.2534005,0.7251248,-0.43394542,-0.23655874,-0.14453173,-0.8251549,-0.9499513,-0.1904536,0.082627654,0.09316826,0.69639003,0.20639282,0.011504024,0.124084055,0.96109927,0.6792997,0.012685329,2.0016332,0.77412367,0.29044092,0.108395636,-0.1371493,-0.022248477,0.35147566,0.4313745,0.02130109,0.25215864,0.38460952,-0.0090197325
255,1.1373752,0.496324,0.8895208,0.6850234,-0.014998771,-0.019403666,0.2795023,0.3492689,0.24620703,0.09939253,0.05635856,-0.26721764,-0.7722273,0.20205247,-0.37829113,1.2326328,0.7210427,0.20768845,-0.017525613,0.16459171,-0.0765968,0.7027257,-0.1834934,-0.5810436,6.7365055,1.6719614,1.4726962,-0.28309467,0.15047881,-0.1494856,0.37740186,0.48649582,0.58616036,-0.06883496,0.6417096,-0.1233163
256,2.1722538,0.9550493,1.732212,3.2873354,2.1613379,1.6836505,4.0391426,5.0481534,4.630734,-0.20787385,0.11509009,0.3687596,0.03344971,0.7058134,0.34486306,-0.32233584,0.10235971,0.50823635,0.08507007,-0.34917608,-0.179369,0.0055749603,0.026310802,0.14260554,-0.16973355,0.2143124,0.27792928,-0.13078284,-0.017478287,-0.5372824,-0.153687,-0.564275,-0.06122128,-0.0840584,-0.038038492,-0.26587182
257,-0.6159128,-0.24779624,0.15205443,-0.40356833,0.10261986,-0.33082733,-0.02794522,-0.66993517,-1.0675611,0.43391466,-0.06387237,-0.021077449,0.0584296,-0.23724663,-0.17061675,-1.1880307,0.51254594,-0.91605705,-0.03434354,-0.02834019,-0.26668394,-0.1594741,0.99903226,-0.23872799,-0.09926307,-0.16896343,0.23031396,0.15414336,-0.004416287,-0.2149308,0.041351914,-0.21451531,0.25997788,-0.13838911,0.11826095,0.029538125
258,0.14734864,-0.17763308,-0.39978707,0.22079998,0.20574564,-0.113477945,-0.14895004,-0.37237126,-0.33066836,0.40903938,0.96830297,0.7721669,0.21521997,0.14718361,-0.03602171,0.3863632,0.22326061,-0.28482437,0.28641045,0.37404895,-0.33929372,0.21212912,-0.019037783,0.19372955,2.2630043,0.711119,0.2546728,0.2338945,0.27061558,0.18948436,0.50092465,0.06742132,0.20602879,-0.079900265,0.5063872,-0.004200995
259,-0.2281746,-0.3839144,0.05641997,-0.22693121,-0.22683245,0.030327499,-0.06715822,-0.40414405,-0.088614464,-0.13905704,-0.26640004,-0.02424848,-0.18676853,-0.39111793,-0.1355238,0.12913907,0.36824718,0.046401262,0.026873112,-0.05466427,-0.13880807,0.17468771,-0.27681828,0.18391615,0.21602976,0.16969311,-0.09138882,-0.25229996,0.04705119,-0.1248523,-0.042093277,-0.3110689,-0.37700433,-0.45009542,-0.3406495,-0.03409159
260,0.23260799,0.38277304,-0.019506812,-0.76181614,-0.08004689,-0.401142,-0.5598168,0.00038067997,-0.14106134,-0.413453,-0.05467478,0.040935755,-4.4070184e-06,0.08864915,0.096218795,0.093025,0.33928186,0.2414631,0.2914384,0.32670236,0.33280712,-0.027027577,0.25064784,0.06839627,-0.24515283,0.36081797,-0.22593266,0.18778539,-0.09461808,-0.17612487,-0.004419878,0.10147464,-0.008268654,0.023760632,-0.44772327,0.13404745
261,-0.2651608,-0.028102875,-0.03156972,-0.1194388,-0.12669058,-0.14551899,-0.37975407,-0.057959616,-0.09164882,-0.14710903,-0.18615758,-0.27593416,-0.16177511,-0.43740234,-0.6756792,1.1998256,0.41639024,0.3677231,-0.16141748,0.05761838,-0.13207936,0.5915314,0.33383644,0.073173285,2.242951,1.2913405,0.933458,1.6649425,0.6229326,0.7788533,2.153086,3.1685789,3.0331104,-0.11364961,-0.025166035,-0.025676847
262,1.2369432,1.3535813,1.7963235,-0.2821281,0.13912302,0.46004003,1.6365582,2.1340892,3.0008821,0.13193478,-0.4118292,-1.129426,0.8454591,0.31409463,0.19216496,-0.26476052,-0.11594391,-0.06755227,0.20201048,-0.23386055,-0.0075188875,0.3487338,-0.086369514,0.16244341,-0.030029804,-0.19739828,0.029854774,-0.22486712,-0.15244776,-0.91018915,-0.017598689,-0.070634425,0.2058172,-0.079597086,-0.089530304,-0.2062596
263,0.007395804,0.10432075,-0.21988767,0.302866,-0.043727666,-0.16812994,0.021587223,0.97749484,-0.084162176,-0.3463595,-0.41756463,0.31598443,-0.23127574,-0.20160007,0.86434984,-0.31168485,0.49107715,-0.0043878555,-0.41641274,-0.6898218,-0.33815688,-0.09785771,-0.6518389,0.25590727,-0.58307755,-0.86761135,-0.018113434,-0.04553944,0.17855823,0.35229325,-0.053883076,-0.89016855,0.6191911,-0.3397608,-0.13256195,-0.61376494
264,0.18119773,-0.08243717,0.12156856,-0.08108604,-0.45480347,-0.28783947,-0.10363871,-0.137582,0.009030938,0.042710632,-0.35156065,0.3801127,0.27087343,0.54189074,-0.4562019,0.023700088,-0.35508505,0.13304353,0.07398713,0.24747369,0.19127202,-0.22176635,-0.072232544,-0.13535091,0.24713784,-0.173635,-0.4719962,-0.11682102,-0.08752078,0.43624568,0.10153991,0.015546799,-0.031853795,0.18832937,-0.6761559,0.35550684
265,0.53633666,0.09841062,0.00330472,-0.4300601,0.44859326,0.0004797578,-0.18013,0.023718834,-0.37827766,0.35126,-0.78642315,-0.24586475,0.15278557,-0.6459362,-0.41331226,-0.39651838,0.0032079816,0.08086544,-0.17506726,-0.7917603,0.08881581,-0.5123874,0.5934701,0.14775544,-0.0023844987,0.03743589,-0.051804453,0.033536077,0.07489121,-0.47436687,-0.33950475,-0.67131644,0.7554215,-0.17426586,0.039241225,-0.05918199
266,0.10602477,-0.10287604,0.053997457,0.101690814,0.30058455,0.4701472,-0.08309044,-0.014353842,-0.32660633,-0.031369567,0.023600757,0.03422314,-0.5048884,-0.23157284,-0.22013256,1.0064296,0.41238484,0.77596694,0.026399672,0.14028227,-0.043248743,1.4698114,0.72601545,0.008321345,5.3233333,4.5439954,1.8224628,0.072991446,-0.018232131,-0.077865124,1.0398589,1.3065863,0.6750181,0.10323708,0.030744568,0.02376026
267,4.22091,1.6145053,0.643592,-0.4161794,0.30895555,0.2652647,3.3928869,2.1589408,0.49522972,0.9551651,0.34874433,0.12054515,3.0381317,0.49226213,0.5578269,0.50790584,0.29687598,-0.040543318,0.49189094,0.10711187,-0.010064125,0.7890864,0.5799688,0.1579758,2.1212206,-0.03161913,-0.004149735,0.09961888,0.12975606,-0.032146037,0.5211979,0.46746558,0.26565826,1.3924202,0.7791441,0.11409122
268,0.21352369,0.14917043,0.26497295,0.23093714,0.1285437,0.27305967,0.26048237,0.107311465,0.16270664,0.019140825,0.29972795,0.2388277,-0.59505963,0.020682275,-0.54226255,0.8382656,0.079027295,0.33390856,0.005780278,-0.07156074,-0.124049485,1.4168547,-0.2253182,-0.13100818,3.8033593,2.092563,0.9694232,0.65841097,-0.08129378,0.2593007,2.3588953,3.7894053,2.369813,0.1989973,0.1407448,0.15861729
269,-0.15844077,0.01586333,-0.3935256,2.6027389,2.2755055,1.0692701,1.6305852,0.67177594,0.1982736,0.0023927987,1.056813,1.2089021,0.4719159,0.27989006,1.1292881,-0.4175312,0.29001197,0.109565794,0.45030165,-0.11701505,-0.14630026,-0.41819873,0.64666796,0.2216213,-0.056021422,-0.35692027,-0.24077773,-0.25656646,0.6110226,-0.81598544,0.27088717,0.053931296,-2.803336,-0.33737037,0.46906817,0.1861654
270,0.025925517,0.13164902,-0.5382076,-0.12214577,0.06434792,-0.34600163,-0.045329332,-0.30994928,-0.31638938,0.557259,1.2317595,2.0909884,0.2929955,0.6537057,0.94299054,-0.10944629,0.12790735,0.018826097,0.028657913,-0.009905696,-0.025007606,-0.043815017,0.34053838,0.1856913,-0.31197172,-0.21317853,-0.55973375,-0.021504045,-0.27046856,-0.0890467,-0.13858777,0.06432569,-0.6411114,-0.003423214,0.15685537,0.13946564
271,0.11724672,-0.20872474,-0.3843515,-0.039715916,-0.10655625,-0.5041565,0.0028358698,-0.16721404,-0.5476959,-0.40746897,0.41865614,0.04610987,0.11127126,-0.088094026,-0.13236976,-0.029530883,-0.084483616,-0.2766044,0.20249355,0.41068473,0.357548,-0.222485,-0.03106308,0.12353222,-0.40792918,-0.2673171,-0.11748576,-0.07179645,0.05241549,0.11539149,-0.29558253,-0.3148901,0.020902872,0.62850666,0.61126107,-0.11875278
272,0.4918282,0.35916364,0.18167658,1.1923931,1.6362895,0.9086768,1.0603509,1.1065168,-0.098261796,-0.2872722,0.35042953,-0.26035047,-0.59244704,-0.030462742,-0.24979243,-0.25229913,0.028725535,0.031230152,-0.01959753,-0.23354518,-0.32033223,-0.06290686,0.27394217,-0.11820115,0.13926554,0.15434831,0.046861142,-0.62206554,-0.16284363,-0.12352687,0.07556993,-0.36854413,-0.26603645,1.3404889,1.9690192,0.7020876
273,0.19562659,-0.14172432,-0.1858064,-0.31044298,-0.2703637,-0.40032673,0.33419108,-0.449687,-0.15198463,-0.14440283,-0.05442673,0.16375293,0.15038365,-0.04869485,0.10346675,-0.095377654,0.12936819,-0.30059248,-0.04247141,-0.6846318,-0.7209135,-0.23556823,-0.2851661,0.06330329,-0.23158467,0.10048413,0.7656996,0.24522191,0.13403282,0.23377573,-0.23812875,-0.31024724,0.2485286,-0.0212273,0.97564363,0.122079015
274,0.97754836,1.5013556,1.7865279,-0.06698215,0.051801264,0.25905478,1.3720013,1.0885216,2.049797,0.44602913,0.53009874,0.25623697,1.5667007,2.2527723,2.2341862,-0.22191738,-0.09558308,-0.33025885,-0.06512177,-0.0660917,0.16216308,-0.13329107,0.18052727,0.13268,-0.04457259,0.08185296,-0.22339082,-0.01647669,-0.07122171,0.20579803,-0.059886247,-0.07587892,0.6761573,0.20639259,0.41011316,0.8258946
275,0.06328499,0.2739879,0.13391286,0.7490104,0.36095664,0.14960039,2.0872676,1.6929132,0.32223254,-0.41046533,-0.093387514,-0.019472182,-0.083134234,-0.24689487,-0.07089341,-0.36600232,-0.22954896,-0.08473092,0.175933,-0.03713399,0.062265158,-0.10593593,-0.038375415,0.04646504,-0.009661496,-0.028289318,0.0065789223,0.14029294,0.013193041,-0.012913227,0.09871143,-0.41936755,0.029389024,-0.21092911,0.34116983,-0.16998857
276,-0.4110375,0.33490855,0.11838585,0.48348063,0.037761807,-0.20042907,-0.17213452,0.27604285,-0.0920265,0.15380056,-0.9120212,0.7567648,0.25945485,0.17176515,0.504503,0.8908445,-0.34190488,0.26736736,-0.19289768,-0.5121137,-0.26935714,0.5706627,-0.016667485,0.18489408,0.13791756,-0.103345275,-0.23120606,0.040976424,-0.3244664,-0.046842635,0.43296415,0.83329475,0.14371704,-0.34550738,0.3874882,0.009444088
277,-0.026861459,0.09584904,0.46286792,-0.019572727,0.43080765,0.1845091,0.16519631,-0.96932125,0.07073736,-0.57737714,-1.4608009,-0.841122,-0.28266338,-0.36094445,-0.45085716,0.58124244,0.1189608,0.37580168,0.037431777,-0.5697931,0.20654276,0.30013788,-0.12689614,-0.022474542,-0.21814412,0.99043417,0.009606287,0.48205107,0.7073132,0.43151015,-0.38679188,-0.18019515,0.016471714,0.05823812,0.23341566,0.14200196
278,-0.062216774,-0.1482464,0.48616466,-0.26666605,0.47175276,0.38691413,0.009261802,0.74054384,-0.20809904,0.18409395,-0.063038096,0.69960904,-0.8090321,0.21756005,0.0013465285,0.20859723,0.053593636,-0.16866773,-0.06718966,-0.3019399,-0.17460352,-0.27903152,0.01859042,-0.1131016,-0.42572588,-0.15407524,-0.23677087,-0.70304906,-0.23818567,-0.2442911,-0.043015767,0.1998232,-0.34900638,-0.19507813,-0.47749016,-0.26877087
279,-0.15652464,-0.50166327,0.22254461,-0.32319802,0.7718556,-0.5005988,0.24261746,-0.4953141,-0.25626957,0.26711947,-0.45718277,0.63306564,-0.24156974,-0.45360714,0.013202965,-0.07708621,-0.031783886,-0.15702191,0.41209412,0.25199047,-0.0060792565,0.12030321,0.27032307,0.08370757,-0.928543,-0.35581338,-0.7558369,-0.027307868,0.28244516,-0.43399847,0.304868,0.11597166,-0.3064047,0.09356147,0.2443461,-0.09375408
280,0.26567298,0.08468704,0.014118493,0.7934761,1.1981864,1.2718885,1.3779628,0.46939212,-0.3421805,1.053395,0.33071217,-0.14500725,3.5850725,1.2691518,0.61812246,-0.032951415,-0.112636164,-0.018799663,0.101996064,0.29850888,0.31419381,0.14952117,0.4248038,0.0041729584,0.06775269,0.08161099,0.7039827,-0.346015,-0.06870693,0.0022653341,-0.5826621,0.25011498,0.13985851,0.9033802,0.5515139,0.57429373
281,-0.22346169,-0.016230643,0.7242565,-0.031737685,0.41977882,-0.014504641,0.4465912,0.18415123,1.5683138,-0.27086785,0.17311902,-0.1611306,-0.16276872,-0.17850432,0.17059594,0.0568472,0.66944325,0.03888285,-0.165658,0.18189567,0.224863,-0.11167753,-0.30785322,0.40237293,-0.2573288,-0.12575969,-0.7550404,0.044729,-1.005561,-0.24154833,-0.07556075,-0.1315918,-0.29357034,0.17975909,-0.10771686,-0.06650293
282,0.8920312,1.5728995,1.7232137,0.14081287,0.6839088,0.5164611,0.30898404,1.4289967,1.2289153,-0.0891037,-0.570116,-0.14470169,-0.050331473,-0.64760435,0.36396566,-0.012298197,-0.583019,-0.19830298,-0.07671422,-0.6573334,-0.18344387,-0.101471946,0.7686982,-0.15183161,-0.22113138,-0.081941366,0.5176132,-0.91732377,0.27928203,-0.28948352,-0.12496126,-0.1814789,0.13185093,0.030151248,0.26924473,0.57814956
283,-0.076606154,-0.15085177,-0.093007535,-0.36022574,-0.08379464,0.14680958,0.105087996,-0.26401582,0.16287392,-0.27062887,0.03718391,0.08038503,-0.6720406,-0.6434531,-0.33033618,-0.064869165,-0.15280065,0.12107098,0.14353698,-0.018194497,-0.19262409,-0.42054278,0.16214363,0.113906026,-1.1440929,-0.4716233,-0.2914404,0.028138608,0.7057218,0.58807445,0.24102172,-0.41837144,0.1316362,0.6752041,-0.11875337,-0.008370757
284,0.5275759,0.35579634,0.20684713,-0.23634318,-0.64715385,0.47131893,-0.27799767,-0.24317974,-0.0007804036,-0.52504313,0.30469176,0.31921905,-0.64994,0.17989641,-0.26229256,0.41454065,-0.45214695,-0.23704156,-0.13516378,0.11511123,-0.06793317,0.12321252,0.056110382,0.461124,0.070931435,-0.26305312,-0.38516468,0.5594575,0.24719155,-0.038582265,-0.24594998,-0.94569373,2.6027198,-1.0459708,-0.21387303,-0.2724144
285,0.5882985,0.15537514,0.9419712,-0.2912454,-0.01295799,-0.28657296,0.83787924,0.32244962,-0.016159654,1.8994366,1.7603563,1.457039,2.095456,1.7692438,1.4246172,0.85490453,0.78072834,0.412408,-0.2524382,0.5387401,0.86772346,0.50536555,0.39116144,0.010753274,1.6334877,-0.0721477,0.61634016,0.20239756,-0.35211957,-0.006706357,0.33115458,0.53027177,0.37834084,0.8795688,0.9787217,0.74496543
286,0.03171593,-0.09621006,-0.0049134493,1.6044209,1.5957566,3.325146,2.005513,3.537179,2.7637289,-0.16507035,-0.21986122,0.05145842,-0.4394251,0.17023045,0.016867936,1.9111713,0.96804583,1.5035895,-0.14983372,0.13445765,-0.09736773,2.4419024,1.2199086,0.25641543,5.937806,4.397108,3.550858,0.43216735,0.13206524,-0.16217968,3.2321393,2.1571593,1.8214976,-0.4161347,0.24947101,-0.1077044
287,0.97054315,0.2912673,0.73491967,1.4794663,1.5945456,1.2809402,1.027427,0.9701339,2.2207797,1.1662383,0.55033785,0.85731506,2.2067204,2.1734235,1.2168734,-0.23192307,-0.04950565,0.17468965,0.26634708,0.37942034,0.08061132,0.0064846873,0.4147652,-0.03739065,-0.09647226,-0.23802337,0.27864796,0.27850902,-0.022700906,-0.39308804,-0.2514729,-0.17267323,-0.063322656,1.6700028,1.8831527,1.0082601
288,-0.102311045,-0.011782885,0.14904767,-0.079491496,-0.049122363,0.07717514,0.15235764,0.014214098,-0.48601615,0.09755838,-0.034039646,-0.31496397,0.11063409,-0.016965777,-1.0162848,0.79160595,-0.04487723,2.069581,-0.016014868,0.39285523,0.15345633,0.57086337,0.1439701,0.07253468,1.1820586,1.0182517,2.6323333,0.64158976,0.17319623,1.6086223,0.7220006,1.2033129,2.8005795,-0.053955853,0.12662789,0.23013785
289,0.17436677,0.64052844,0.07305686,0.07012217,0.00193578,0.10223317,-0.016916335,0.25694713,-0.04525739,-0.15086725,-0.381615,0.07856822,-0.5021048,-0.9058765,-0.25389633,0.05250126,-0.2556963,-0.11885077,0.13173759,-0.4666718,-0.06925005,-0.05271913,0.5015875,-0.2946478,0.079538345,0.029443428,-0.021075726,0.048160374,-0.17762381,-0.35573164,-0.01707685,-0.002384901,-0.014972925,-0.09214896,1.1942657,0.7538625
290,-0.5538879,-0.112559676,-0.28979266,-0.04779923,-0.24529803,0.003674388,-0.1691263,0.3664354,-0.15397899,-0.12239587,0.29670316,0.38028306,0.043226242,-0.15168522,-0.20892885,0.11479582,0.19549465,-0.23720795,0.48734695,0.4733146,-0.05644226,-0.63383627,-0.13323379,0.05310762,-0.77145433,-0.6420698,-0.1122489,0.22205973,0.022034734,-0.13088018,-0.13356274,-0.30719227,0.13002354,0.020308388,0.26622927,0.0031661987
291,-0.1355191,-0.5988468,-0.26571432,0.18420696,-0.5439609,0.10781327,0.022861168,-0.026894003,0.007104397,-0.31643468,-0.11180252,-0.103173435,1.8434556,-0.43148577,-0.06257534,0.06491455,-0.38330662,0.10493359,-0.18731773,-0.060488913,0.33210805,0.25787094,0.20736855,-0.10845247,0.31843534,-0.7019093,-0.34969553,0.4238025,0.18640368,0.34796518,0.0806116,-0.27286783,0.099810064,-0.36554587,0.23001063,-0.36418104
292,-0.32719678,-0.25639725,-0.3420129,-0.23476958,-0.31676304,-0.018405378,-0.006588936,-0.21694219,-0.23807514,0.9296263,0.23021185,0.18897457,0.72392493,0.31926864,-0.44036925,-0.44258845,-0.14423484,-0.23779456,-0.40272427,0.2249454,0.24588186,-0.054326355,-0.38123804,-0.05852897,0.19025207,0.25442502,-0.36570054,0.63615,-0.024201,-1.3458277,-0.26269653,-0.17455786,-0.05547276,-0.25037467,0.01625286,-0.12644744
293,-0.1099745,0.2695814,0.5223338,-0.09092045,0.33221838,-0.43346548,-0.028518021,-0.06312981,-1.3787631,0.10068965,-0.38308525,0.004932165,0.10444379,-0.041255116,0.22114283,0.28653842,-0.04087943,-0.57391655,-0.00072580576,0.33961332,0.04440832,0.08330941,0.4937215,-0.57255167,-0.10326648,0.08538234,-0.22638133,-0.07992303,-0.36533096,0.24758166,-0.2289592,0.5651591,-0.55727035,0.16627884,0.12375447,0.10835448
294,-0.13170312,-0.04646291,-0.66004604,-0.33030245,-0.3070977,-0.0037166774,-0.23111144,-0.27928466,-0.34712607,2.4245963,3.0121489,1.4229892,1.197759,2.868677,0.7898717,-0.10195974,-0.042658865,-0.15959656,0.1355024,-0.22602051,-0.14823112,0.1205288,-0.11404386,-0.058986425,0.24784039,-0.15013507,-0.26796108,-0.2439852,-0.023830727,0.2510302,-0.27464944,0.12658954,-0.031247795,-0.28780282,0.28537166,-0.09499079
295,-0.23392385,-0.7017895,-0.10164678,-0.22754169,-0.009571783,0.06414178,0.18844104,-0.3467045,-0.008533597,-0.29587972,1.0267017,-0.19058123,-0.15516841,0.5963511,0.22664264,-0.4914349,0.22108087,-0.080961704,0.08527389,-0.1723674,-0.04146087,-0.1349516,0.5982415,-0.16189137,-0.26298797,-0.2592901,0.12301254,0.6333045,-0.7036403,0.11990309,-0.07121754,0.32561237,0.85424894,-0.7145654,-0.08728844,-0.0058953166
296,0.5140734,0.52251136,0.32259303,0.02965492,-0.049174786,0.17704305,0.5799478,0.51009417,0.030394971,0.506253,0.047090292,-0.023460388,0.24515772,-0.31342715,0.013255298,1.2507794,0.75874037,0.17256165,0.2077372,0.091248214,0.04392129,1.1771765,0.6952696,0.15356594,2.1288166,0.6014803,0.40451235,0.32051605,0.097449735,0.096808255,0.7015126,0.9964881,0.36540148,0.5376526,0.5874969,0.19181877
297,0.20320106,-0.0002796948,-0.26840824,0.4947415,0.24440879,-0.177225,0.52870995,0.68571794,-0.3186331,0.22310704,-0.30806196,-0.06976575,0.107272446,-0.47929534,-0.72063994,1.1323256,-0.5625659,0.08856857,-0.26761,-0.19610772,-0.39470798,0.027516484,0.12469769,-0.28420472,0.43769634,-0.24742407,0.8653598,-0.1182611,0.27173758,0.23375833,-0.07830582,-0.30973363,0.42196462,0.10222988,0.17547885,0.4395671
298,-0.599209,-0.25260833,-0.22719106,-0.34789872,0.044761896,0.05394441,-0.22734712,0.056163073,-0.29464945,3.027639,0.73565507,0.5648582,2.338686,1.4309742,0.9498954,-0.21348576,-0.07210672,0.47280717,-0.1404254,-0.14181393,0.17652667,0.44770145,0.11373481,-0.072704166,2.7689795,0.03950022,-0.06380978,-0.33053863,0.32077086,0.47713363,-0.45632094,0.4761392,1.2764558,0.09592128,-0.30437857,-0.30587795
299,0.002311945,-0.3176954,0.12727433,-0.059548352,-0.3237172,-0.062060356,0.079689145,0.19213448,0.25074565,-0.27895948,-0.117272794,-0.10008836,0.85899687,0.984473,0.032946795,-0.35224378,0.26895964,0.31064373,0.03490299,-0.099682525,0.17307746,0.12853958,0.5473902,0.003831327,0.12832941,-0.025745355,0.21455196,0.10143695,-0.11315494,0.20206204,-0.84734404,-0.15628618,-0.09303421,-0.5326689,0.39279816,-0.27627042
300,0.59981334,0.14938861,-0.0060870647,-0.4685074,-0.007755488,-0.08364451,-0.10446842,-0.40165275,0.020892262,0.7842346,0.4424283,0.28288,0.64758,0.14915806,0.023421347,3.0418928,0.030021131,0.21673322,1.1369703,0.11432177,0.32072896,-0.33901495,0.014375985,0.13957375,2.4842093,-0.50665444,0.057079017,0.19905008,0.46011305,-0.0011979938,3.4069865,1.841525,-0.08694425,2.291761,0.49027175,0.26552284
301,-0.07925664,0.26080954,0.023647696,-0.19621167,-0.16121225,0.08094617,0.12881464,0.034157366,-0.011972547,-0.3076365,-0.35454994,-0.12479891,-0.09961569,0.15950288,-0.45309925,0.10502061,0.27924612,-0.22101574,-0.017795444,0.46502948,-0.13449164,0.13706043,-0.14148915,0.09442319,-0.020522594,-0.14532433,-0.12380573,0.24966502,0.054175258,0.15252604,0.08261144,-0.3797688,1.1940846,0.010189772,-0.45793998,-0.3111677
302,-0.1521864,-0.16560072,-0.4909156,0.13977432,0.1326474,-0.21707529,-0.2660796,-0.17628795,-0.39810288,0.6157914,-0.23392487,0.026997685,0.8066071,0.0020448565,0.46587607,-0.14503756,-0.5806483,-0.25653863,0.0746541,0.19739127,-0.3943596,0.4045952,-0.30303,-0.28847075,0.30664384,-0.21100074,-0.35785097,0.0218966,0.2125259,0.15678269,-0.48945832,0.21220988,0.1451937,0.37317675,-0.4098412,0.15042377
303,-0.14913207,0.25445318,0.7786139,0.3492622,0.55421937,0.07675983,0.32340991,-0.07746768,0.1078974,-0.42607254,-0.49671763,-0.7632932,-0.42779905,-0.34465307,-0.64719325,-0.38035476,-0.39398956,0.0369332,0.24837385,-0.061953485,0.07463932,-0.04164481,-0.720572,0.078053415,-0.25140423,-0.24388409,-0.09545481,-0.033011198,-0.21578169,-0.10100675,-0.15150547,0.43028498,0.33157265,0.1393308,-0.045901895,0.06413686
304,0.2816851,-0.31459516,0.2200175,-0.11974603,0.8186942,0.66847485,-0.13884538,0.11322117,-0.24509081,0.058535755,0.6492149,0.12237787,0.06665182,-0.20485619,-0.19067407,0.0072730184,-0.03364858,0.43639004,-0.010950029,0.011380762,0.22401506,-0.20637298,-0.08369176,0.14601123,-0.42887548,0.20885715,0.16791862,0.26719552,-0.16769205,0.03232056,-0.05598855,0.17479715,-0.45319062,0.058410823,0.2758763,0.592325
305,0.042715013,-0.14432895,-0.30935663,-0.23287803,0.40651214,0.41198102,0.3304442,-0.23819518,0.03721845,-0.16227141,0.17394054,0.43851805,0.053254724,-0.3533884,0.26472247,-0.45526475,-0.14348534,-0.509886,-0.16460335,0.19215178,-0.50321454,-0.08764419,-0.19796488,0.0050354227,-0.78616816,-0.0008124262,-0.6470477,0.5169503,0.6699441,-0.6140455,-0.37763464,-0.16399375,0.25210312,0.12083396,-0.0023623146,0.75152653
306,0.066174805,0.14860693,0.32407224,0.11907458,0.22365089,-0.32553768,0.114316106,-0.01332432,0.34356833,0.06135583,0.5031675,-0.11123687,0.031190693,-0.124197036,0.1456356,-0.04360056,-0.008298561,-0.26895452,-0.038131595,0.10330208,0.061478674,0.12746423,0.34502766,0.2532195,-0.39321125,-0.01584053,0.028774917,-0.020905733,-0.079996474,0.841671,0.022027731,-0.1820252,0.013943046,0.11468041,0.15461189,0.13572913
307,2.0396397,2.0184293,2.0394816,-0.072035074,0.6234186,0.31509078,3.8391082,2.2707164,2.5796573,-0.19273657,0.017078817,-0.121697634,2.687687,1.1857567,0.38129887,-0.22224736,-0.096010864,-0.16823876,-0.37410912,0.6616726,-0.07132051,0.14484662,0.050712824,-0.23174407,0.27860454,0.2825832,0.0020621717,-0.16913405,0.28985423,-0.895545,-0.20425352,-0.05209905,-0.2507796,0.12939544,0.09378679,0.2750246
308,-0.7395184,0.05348265,-0.3302011,-0.42842945,0.031666536,-0.019717634,0.043456018,-0.46906298,-0.19899333,-0.7884385,-0.6336622,-0.039646268,0.10627246,-0.6108533,-0.057878554,0.2926852,-0.25747323,-0.12581676,0.22819173,0.2276091,-0.19537789,0.0033583045,0.11637284,0.14946812,1.0777754,-0.25489604,0.11046052,0.42711008,-0.38152078,-0.052371085,-0.12209934,0.19900635,-0.06372368,0.10137606,-0.19148614,-0.28599918
309,0.6817249,0.7353072,0.40819147,3.3145468,1.6618376,1.1318674,1.0266495,1.6323318,0.2854793,-0.2030586,-0.48250595,0.076545775,-0.1946842,-1.587224,0.105068415,0.06381565,0.04640329,0.01747924,-0.11736049,-0.22232462,-0.51359266,-0.31164598,0.16089407,0.1304783,-0.88610315,-0.13049209,-0.13731271,0.33487323,0.37584445,-0.05276543,-0.24356675,-0.3746378,0.026784152,0.76614475,-0.059671372,0.12954652
310,2.0377197,2.0422816,0.43030822,-0.33792177,0.11990327,-0.22494376,1.6643174,1.1389909,2.1523156,0.20521331,-0.5555253,-0.37787908,1.931388,0.416344,0.38464582,0.40955323,-0.86389315,-0.033154607,-0.11002062,-0.44087544,-0.47543773,0.14976217,0.6287083,-0.034321934,-0.17286703,-0.14671469,0.049050093,-0.3349173,-0.19782156,-0.22260356,-0.8163408,-0.38583085,-0.18655175,0.10596609,-0.5068675,-0.5322731
311,-0.22167784,0.12850592,0.06956327,-0.0041726828,0.33832484,-0.16347182,-0.16107869,-0.5591158,-0.8914269,-0.57335323,-0.16902423,0.24994293,-0.21197903,0.107926846,-0.02764678,0.056310415,0.0044543147,-0.0376233,0.104629695,0.42260262,0.22974902,0.35671446,-0.06357837,-0.49384677,-0.17981637,0.25492963,-0.265895,0.085244715,0.15234989,0.023837283,-0.041201115,-0.19277167,0.68387246,1.0726552,0.28428674,0.2484299
312,-0.09054133,2.008119,0.5878321,-0.71311337,-0.79028,-0.03997767,-0.38677227,0.32239214,0.014587045,0.36925718,0.45300096,-0.6253719,-0.011056483,0.4681199,0.032785,-0.47595578,0.8923622,-0.015170604,-0.3860619,-0.035194546,0.40984634,0.22328824,0.4307577,-0.47929978,-0.22287452,0.063089915,0.52319485,-0.3377368,0.06889716,-0.057937503,-0.17224783,0.009944856,-0.32058024,-0.18975066,-0.1809876,0.16185075
313,-0.0013099015,0.8807037,0.13006794,-0.057601452,-0.17379686,-0.24751946,-0.15546,-0.035059035,-0.32527423,-0.23392309,-0.74487245,0.15286791,-0.66327643,-0.19299161,-0.73066014,0.6597005,0.14653814,0.36895883,-0.30370346,-0.060071282,0.112147,0.010160148,-0.22108436,-0.5414125,0.14472604,0.27073163,-0.38218474,0.07619071,0.046398506,-0.06327531,-0.20101312,-1.117445,0.07853532,-0.0042433552,-0.18880068,-0.15431917
314,-0.13556683,0.77888477,-0.8949741,0.70304465,0.61284155,0.26567757,0.39652985,0.12437871,0.45675254,0.99550587,1.6886939,2.767334,0.5379085,0.76578933,1.242933,-0.23963735,-0.6519475,-0.22942466,0.03905365,-0.03577015,-0.047616303,0.17509502,-0.12515539,-0.34633112,1.0231452,0.37620127,1.1904721,-0.59446084,-0.06634176,0.18354475,0.18559515,0.26301798,0.70557374,0.27189484,0.9789168,-0.48053172
315,0.08773309,-0.064088225,-0.022077098,0.09129143,0.3957742,0.0020083562,0.09000981,0.3792326,0.1478304,-0.1959821,-0.23872712,0.0579928,-0.2531531,-0.4862888,-0.112000436,0.022161424,-0.6681047,0.35433018,0.55155414,0.09986204,0.05510801,0.31370676,0.05387491,-0.06515056,-0.26561403,1.7933742,-0.2357342,-0.07169378,-0.36334345,-0.75072056,-0.0025049448,-0.020477116,-0.121908545,0.37354213,0.0022295117,0.14248496
316,-0.32061613,0.1565812,-0.002616316,-0.2012753,0.021581773,-0.2557195,-0.3252678,-0.3121161,-0.28754604,-0.247527,-0.27034548,0.21751958,-0.00052024424,-0.65007,-0.08421812,0.11166282,0.25229645,0.3383891,0.017705407,-0.10298169,0.015660765,0.3953169,0.06215534,-0.4909914,0.3074993,-0.31653777,-0.29762453,0.37597662,0.24569672,-0.4856232,-0.26598543,-0.21698615,0.30949804,-0.005292237,0.5295175,0.30104557
317,-0.18202642,-0.011794329,-0.59542954,-0.19561452,0.32536614,-0.025810003,-0.35602313,-0.24095911,-0.42344296,-0.01846075,-0.30747318,0.46834373,-0.0064799786,-0.06898129,-0.50991464,0.1105243,0.3959635,0.6404811,0.047493875,0.13234255,0.38677153,-0.033943057,-0.09171444,-0.19480582,-0.20803428,-0.19089094,0.35290313,0.14469266,0.034692705,-0.13085371,0.21442181,0.1059131,0.410321,-0.094080925,0.087094724,-0.5972719
318,2.2368174,1.5671973,0.33281195,3.2481794,0.39647382,0.13674033,3.3902037,2.9403424,0.69705725,0.9166209,0.2986135,0.047344446,0.18164611,0.15545984,0.09718287,0.3478505,-0.28013647,0.2419352,-0.1679806,0.05611831,-0.10462415,0.5012274,-0.01582703,-0.01347214,4.438714,0.22249699,0.20747766,-0.08175479,-0.3286497,0.11753452,0.14715113,-0.051224977,0.25764516,0.611172,0.17491058,0.16012019
319,0.023651771,-0.055341363,-0.31507343,-0.3503175,-0.34029377,-0.16508667,-0.043451414,-1.3105102,-0.24044195,0.47522098,0.31526852,0.10327977,-0.2672032,-0.1211898,0.031146325,0.015267849,-0.30755013,-0.29749203,0.22950116,-0.8414824,-0.33865342,-0.10355565,0.22757947,-0.041283667,-0.19045228,0.1781339,-0.056247413,-0.75928026,-0.2814445,-0.12133893,-0.056548,-0.41459244,-0.5965348,0.20109311,0.1819573,0.07053232
320,0.031031549,-0.001157172,-0.040157318,-0.29715514,-0.21808043,-0.23512137,-0.094842315,-0.33309793,-0.015807927,-0.42350483,0.3518361,-0.21531773,0.24447721,0.19259726,-0.07432316,0.04291272,-0.42465907,-0.38904774,-0.13444829,-0.20551011,-0.31671992,-0.073569,-0.3042598,-0.16722625,-0.060099304,0.033126436,-0.32883638,0.41180217,-0.0027938187,0.19839752,0.09001112,-0.14544383,-0.2607721,-0.035398006,0.20963454,-0.09450958
321,0.38783407,0.5373821,0.4830199,0.46430475,1.1476871,1.8308347,0.7038512,0.17391402,0.93998516,0.108275294,0.354053,0.8466543,0.16445827,0.36724895,-0.44030637,0.54674846,-0.3387987,0.19105753,0.30822256,0.2716388,0.3240537,0.17125398,0.49071968,0.46828982,-0.1828804,0.73496354,0.22036773,0.1196152,-0.10025287,0.46665445,0.34669405,0.6071313,-0.270746,0.17154187,1.6264493,0.81940603
322,0.30109072,0.52452064,0.25227267,-0.08487904,-0.08761689,-0.034595847,-0.43530595,-0.19995356,-0.10735136,0.08838071,-0.43642348,-0.128429,-0.77753764,0.22525267,-0.65109587,2.659602,1.6430889,0.25535637,0.25571468,-0.013921499,0.08902192,0.70803225,0.66312116,-0.26755163,3.7010765,1.2770329,1.175955,-0.16583928,-0.04589507,-0.066447854,0.7132415,1.7144982,0.35004815,0.020465827,0.20423064,0.014619708
323,-0.061410487,-0.03588581,-0.025986373,0.90396404,2.5449386,0.9497102,0.7299356,0.3542099,0.259291,0.44149482,1.9323072,0.6233555,-0.17001127,0.30128828,-0.05900395,-0.02577167,-0.00026130676,-0.12803239,0.015188217,0.04673478,-0.16422503,0.0368419,-0.25917542,-0.11352101,-0.018046528,-0.05570121,0.1512959,-0.12426882,0.035854965,-0.068704486,-0.24646023,-0.12734124,-0.5043402,0.012970775,0.19466269,0.051664412
324,-0.085191965,-0.19390178,-0.26389673,0.6724255,0.92296284,0.5473923,0.35948023,0.45616505,-0.18922037,3.0039065,2.6624599,1.0730177,1.4284453,0.6399848,1.065763,-0.13163453,0.20736194,-0.04069227,0.051204264,0.10864732,-0.40906695,-0.28601673,-0.29057556,0.01889342,-0.3209592,-0.24388668,-0.06801036,-0.56650686,-0.38167742,-0.05048877,-0.3865206,-0.4107901,-0.14262746,-0.45637694,-0.24263123,0.14056998
325,-0.1647684,-0.1999603,-0.84592474,0.07498151,-0.24199444,-0.305575,-0.1573134,0.066548586,-0.39871502,1.0293748,1.2386496,1.009001,0.7854294,1.5328985,1.4805385,-0.05393356,-0.057502255,-0.06826973,0.21213762,0.19680029,0.15051448,-0.10611212,0.013870478,-0.43338335,-0.030741155,-0.42914563,-0.4300531,-0.009709954,-0.39028174,-0.17991129,0.060355723,-0.009052515,-0.015617788,-0.24087071,0.22815397,-0.1639971
326,-0.47830492,-0.060549513,-0.10882007,0.3159964,-0.5029812,-0.43175194,-0.3010274,-0.5337782,-0.601771,-0.08977642,0.053110693,-0.53433585,-0.64639246,0.33484694,-0.016649216,-0.6590115,0.19406402,0.13878444,-0.47946954,-0.6661917,-0.19371036,0.25992566,-0.72234416,0.06762302,-0.21044078,-0.48579192,0.46953362,0.1942377,-0.58061206,0.167689,-0.8144641,-0.09174876,-0.1814301,-0.2594651,0.37945542,-0.00095454603
327,-0.086887494,0.5524098,0.24699862,-0.62993526,0.11413914,-0.01085709,0.08769892,0.84564084,-0.23148668,-0.01907134,0.045815974,-0.4775926,0.1403923,0.103055574,-0.31802922,-0.25760725,-0.09313595,1.0313787,-0.24259493,-0.13799503,-0.6377071,0.5512668,-0.09525004,-0.122396454,0.12928383,-0.6256925,0.9057041,-0.725682,-0.40551144,0.1200486,-0.69197375,-0.35405728,0.27513847,0.5925365,-0.117281854,0.6347944
328,-0.1662597,-0.24217613,-0.3385568,-0.47217464,0.47348198,-0.044209063,-0.0122149885,0.14116469,-0.3704747,0.44619825,0.1934078,0.5919832,0.1472084,-0.29979676,-0.25533032,0.12610373,0.14916682,-0.2887261,-0.29588407,0.019143328,0.13648361,0.07593,-0.09825176,-0.005495012,0.9368946,0.34664083,0.14177793,-0.19002396,0.60755074,-0.457902,-0.11531686,-0.35284784,0.30228007,-0.02212447,0.49346825,-0.08968091
329,-0.39069542,0.06428293,-0.11607763,0.48195902,0.27118918,0.1413092,-0.44545975,-0.7847252,-0.4790752,0.344571,-0.48962182,-0.15679038,-0.101527154,-0.23057929,-0.14106071,0.012511969,-0.21859092,-0.4282065,-0.18459707,-0.0895506,0.08444899,-0.114717424,0.183393,0.49218726,0.101303875,0.29342225,-0.042205334,0.31288278,0.07416302,0.38644928,0.06433943,0.09582605,-1.0043706,0.2720217,-0.4600634,-0.578401
330,1.7848983,0.7244984,0.7709442,-0.096963495,-0.18553177,-0.18782634,2.6129684,2.348733,1.173299,-0.48228803,-0.3219198,-0.06210774,1.1132808,-0.15626794,0.18810171,-0.09202218,0.38365918,0.25349998,-0.27469087,0.11076081,0.25321525,0.51351917,0.24859369,0.38693768,0.8900241,0.17979819,0.4207697,-0.33741266,-0.5171064,-0.17602691,-0.13985574,-0.1952984,-0.06728518,-0.47623292,-0.0026738048,-0.48756778
331,-0.3408735,-0.16993278,-0.011029482,0.08234206,-0.026278913,0.07728082,0.003134437,-2.7365983e-05,-0.003337562,-0.018011421,-0.05995336,-0.06694698,0.24872988,0.008301206,0.028834254,0.23001549,-0.33749086,0.17086595,-0.6408433,0.15457997,-0.20752954,0.33317468,-0.20777029,-0.056632042,0.44425362,-0.15050721,0.28372917,0.34861374,-0.2862367,0.41602638,0.6425588,0.40540844,0.620594,-0.4530826,0.2346197,0.3384776
332,1.1394274,1.2500973,2.5631888,0.18314064,0.50838757,-0.12238149,1.0783367,0.84825814,1.633981,0.7934772,0.7301668,0.65757537,1.5566552,0.53230333,0.24286464,-0.37685138,-0.28734607,0.03345245,0.029194713,0.4400146,-0.028656289,0.024215698,0.021211982,0.25245368,0.14028537,-0.32375306,-0.18411578,-0.21172845,0.06672609,-0.21844697,-0.291929,0.032481432,-0.22869048,0.17784083,-0.005169332,0.20247424
333,1.4869634,0.67786777,0.69229597,0.7381755,1.1589491,1.6083624,1.9942007,2.71168,2.036695,0.14436501,0.2185309,0.21310493,0.6232814,0.25156355,0.6786981,-0.13711259,-0.0012174249,0.16279614,0.04474336,-0.17167735,-0.2577983,0.1643933,0.30497038,-0.042343862,0.05289203,-0.1414375,-0.06970745,-0.08841261,0.10213292,-0.5115564,-0.09803772,-0.6745353,-0.9097923,0.32207552,-0.0001154989,0.1421907
334,-0.24188381,0.39932346,-0.15723766,-0.17009291,0.33635908,-0.16517082,0.40989363,-0.45300835,0.13297692,-0.114812195,0.52544606,1.1087494,-0.06873268,-0.030613303,0.65466726,-0.343924,0.38362354,-0.19360977,0.18549743,0.36345825,-0.34601825,0.21266538,0.21374175,-0.034569085,-0.26511264,-0.36283803,-0.109714866,-0.011519646,0.7571037,-0.89754856,-0.12849963,0.05915606,-0.39903778,-0.0018153787,-0.42613426,-0.0749985
335,1.8425852,2.654219,0.7006715,-0.29597872,0.25969768,0.057864487,1.9781424,2.129834,0.5998958,-0.16942474,0.3918949,-0.038823724,1.1361694,0.16177267,0.021699965,-0.73218244,0.12760141,-0.005431056,0.56087977,-0.275629,0.0053016543,0.036640257,-0.28102824,-0.034918785,-0.28391135,0.048386216,-0.13446516,-0.16776095,-0.080115676,0.0061552525,-0.38592207,-0.40853173,-0.31186348,-0.38924533,0.4335386,0.08847129
336,-0.0016041994,-0.72413564,-0.14179507,0.8415531,0.9074881,1.4237307,1.6133666,0.45748782,0.7287726,-0.8875512,-0.09611496,0.49042302,0.063942134,-0.026193395,-0.43339533,0.039769292,-0.045265555,-0.3282324,-0.26275706,-0.18188077,-0.014721911,-0.28129464,-0.22232145,-0.017997086,0.81414205,-0.20327717,0.3163073,0.16434345,0.5683723,0.64315367,0.5861263,1.1642425,1.1930375,0.38754275,0.07947385,0.2754488
337,-0.2817899,0.45880336,0.107822716,0.09992862,0.330728,-0.4025789,-0.032665905,-0.42147273,0.3381613,-0.44734645,-0.24761695,0.16269088,-0.6909305,-0.601459,-0.4190631,0.46866393,-0.17641962,0.7369877,0.008921549,-0.1342615,-0.15746105,-0.11265442,1.8962446,0.0024350137,0.39361,0.085184574,0.088442504,0.9311979,1.0467076,1.7606037,1.2637601,1.8966074,1.6275921,-0.12302759,0.52194685,0.60957754
338,-0.5176388,-0.50743574,0.56555843,-0.04865676,-0.47723055,-0.059565067,-0.24650383,-0.9454199,-0.61294127,-0.072556674,-0.5066229,-0.507299,-0.029897094,-0.12161669,-0.2127057,0.07907307,0.1484285,-0.47022676,0.037968934,-0.004901482,-0.10355002,-0.16239315,0.16946068,-0.0945099,-0.223288,-0.21449156,0.25304982,0.05288124,0.05730462,-0.40718532,-0.052375913,-0.41324174,-0.7286574,-0.20981981,-0.22663724,0.9090115
339,0.10160297,-0.6413286,0.066789985,-0.08449763,0.19730958,0.73721457,0.032290787,0.47136265,-0.44687372,-0.3406095,-0.3404827,0.6393913,-0.0747354,0.029425569,-0.30853665,-0.085196495,-0.17218237,0.3105415,0.098997,-0.102021776,0.47351763,-0.062332958,0.5126058,0.15916318,-0.20978296,0.5096439,1.1920718,0.033466697,0.8949661,-0.038193822,-0.057794213,-0.1321582,0.20760074,-0.22854376,-0.07343379,-0.11752201
340,0.32256526,0.12242632,-0.443255,-0.27717876,-0.6463393,0.13172477,-0.35430545,-1.4074627,-0.18255399,-0.36270672,1.5603327,0.7556901,-0.30394742,0.5793305,0.23157305,0.100971505,0.29698575,0.6529503,0.735741,-0.4046598,-0.4393537,0.010264814,0.1727201,0.59096897,-0.5643904,-0.612029,-0.82503283,0.22807766,0.23836815,-0.5915579,-0.42214096,-0.14976938,-0.32613444,-0.45161796,-0.5153818,-0.3359648
341,-0.087014735,0.06695172,0.035085917,0.06858593,-0.007956892,0.2252473,0.110322595,0.055107802,0.60419476,-0.067376494,-0.0495722,0.09043121,0.12678081,0.0421865,-0.44764772,0.119953156,-0.2318652,-0.8235527,-0.08341366,-0.09341358,0.065766096,0.012025058,-0.15386689,-0.3273352,0.0021279454,0.25714505,0.45946288,0.08106196,-0.04903981,0.2144512,0.05361229,-0.1265159,0.27995557,-0.07965171,0.05162528,0.32129025
342,0.19522253,-0.14618966,0.1195035,-0.5018296,0.00469926,-0.065583795,-0.1776787,-0.2960741,-0.07377343,-0.37883767,0.09393239,0.5691045,0.012390524,0.030948669,-0.39650744,-0.22779638,-0.14389154,0.57190025,-0.6539644,0.1416872,-0.162785,-0.17310512,-0.0076481146,-0.34169415,-0.20849764,-0.02656728,-0.0563363,0.4245331,0.38940746,0.51068467,0.1617571,0.16795088,0.059190333,-0.049396157,-0.19051492,-0.6321733
343,0.060585722,-0.39370495,0.34405646,-0.28585035,0.0934006,-0.11617395,-0.6580201,0.1343891,-0.6280318,-0.3983838,-0.52463466,-0.13828963,0.27101132,-0.0816564,-0.6501007,0.1879938,-0.19954331,0.061360598,-0.32519153,-0.029123597,0.47171804,-0.383407,-0.03662098,-0.6013017,-0.4521505,0.24404377,0.27044648,-0.14617652,-0.20066574,-0.16010764,0.01329124,0.3896271,0.11896247,0.2179699,-0.36559874,-0.60705864
344,-0.08676095,0.412418,-0.050346196,0.023510724,-0.020715356,-0.17806627,-0.5441505,-1.1268218,-0.14532286,0.024122395,-0.5985481,0.07159948,-1.1912283,0.23283061,0.45312715,0.6561781,0.8627088,-0.15378213,-0.06951523,0.09418911,-0.056663156,0.55326855,-0.3320024,0.26578462,1.3068917,0.19695297,0.11427456,0.16384459,-0.23934501,-0.17551261,-0.15113088,-0.011657417,-0.5121596,-0.544839,-0.17432372,-0.032393754
345,0.63166094,0.18464833,0.31911266,0.69431967,0.79260564,0.12526393,-0.06847356,0.21286508,0.42274472,-0.1892733,-0.61818963,-0.2989316,-0.6625465,-0.525056,-0.23936972,0.0450484,-0.08141309,0.43680084,-0.06518935,0.2565341,0.12033355,0.89999276,0.37626755,0.6578582,1.8620704,1.3223186,0.7712113,-0.061054766,-0.181783,-0.16182947,0.33891404,0.6517812,0.496766,-0.43628424,0.24219227,0.22031441
346,0.53033155,0.6315621,0.68395394,0.19633085,1.1627018,1.3677398,0.094899416,-0.30283996,1.0004342,-0.101882935,0.4158612,0.6258698,0.010979861,0.85288626,-0.11211343,0.3589666,0.12022066,0.016040146,-0.07885735,0.083728194,0.047684073,0.105674386,0.55317795,0.36562648,-0.34925067,0.5406241,-0.105915755,-0.14534748,0.3036548,-0.0012522191,0.23519823,-0.05165887,-0.5501423,0.36525393,0.53011537,0.3877774
347,-0.18170184,-0.41214883,-0.60743546,-0.18240711,0.10929346,-0.07331386,-0.17295069,0.13343996,-0.2516239,0.7309768,1.6092296,2.6060658,-0.18580475,0.32589737,0.43361408,-0.023547232,-0.41967332,-0.49386734,0.24405992,0.3211738,0.21269801,-0.038960636,0.34570968,-0.0124681955,-0.11599946,-0.34597728,-0.4699375,0.27401534,0.0864239,0.30521262,0.42514178,0.40660515,1.0453148,0.16589856,-0.13417876,0.12851647
348,0.023801565,0.18105042,0.069518656,-0.035489082,-0.33818853,-0.27130792,-0.00084394217,-0.008872628,-0.06320797,-0.15968949,-0.12514281,-0.42563343,-0.31977937,-0.3385199,-0.42983294,0.5067476,0.6180499,0.41374528,-0.054847673,0.5938822,-0.24657023,0.123399556,-0.43179378,-0.6290281,0.25292373,-0.20525494,0.1940369,0.88608956,0.6480332,0.5575204,0.15471965,0.80492544,0.7128146,0.06822771,0.103663325,-0.3980013
349,0.9276082,0.5384851,0.29685178,0.0047346354,-0.26643354,0.36189422,-0.2971589,0.37396637,0.31719974,-0.057367474,-0.1662147,-0.50573266,0.11471826,0.166924,-0.2550856,-0.2985639,-0.025963306,-0.039102882,0.4574964,1.7930851,0.08426833,-0.30023092,0.27496892,0.27132395,-0.3297757,-0.30080014,0.031098664,-0.25411233,0.46626252,1.4654136,-0.1428887,0.124032825,0.34237114,-0.7485864,-0.56140876,-0.3144614
350,2.057058,1.4977407,-0.061840132,0.6971731,0.07105367,-0.16524658,1.5019985,-0.18482146,1.2645296,-0.21305263,-0.11808029,-0.17071003,0.44836885,-0.31117392,0.14674576,-0.010520518,0.64057815,-0.012384087,0.049280364,0.68989015,1.0050011,-0.38409585,0.38502777,-0.3927452,-0.039839864,-1.0902578,-0.4819895,0.45759255,-0.33186156,-0.34948903,-0.052618623,0.15748101,-0.094415724,-0.34167746,-0.18867612,-0.33874357
351,0.2732042,-0.71913254,-0.42138162,3.6237803,2.496779,1.0775495,2.374901,2.881362,2.167478,-0.1426059,-0.6232516,-0.1121158,1.6100492,1.2311826,0.40219817,-0.82680714,-0.20353535,-0.19571,-0.17054051,-0.38192776,0.08024083,0.24138749,0.17589867,-0.3656677,0.013404489,-0.22244528,0.16267218,-0.22406763,0.22394699,-0.02090782,0.3580019,-0.34491664,0.4661737,0.3298408,0.36847,0.046946794
352,0.64243364,-0.40649188,0.03628148,-0.14254515,-0.22186118,-0.26749754,-0.46178392,-0.25783816,-0.8464651,-0.36153755,-0.56440187,-0.25735214,-0.051493883,-0.21830748,-0.52643335,-0.22989872,-0.2777352,0.28644753,0.15167855,0.11078481,-0.0794934,0.13733879,-0.49477673,-0.28955793,0.31191432,-1.0912616,0.09944296,-0.26787797,0.09290278,-0.45962876,0.6809028,0.5396017,0.26621145,-0.008394279,0.25891292,-0.50760937
353,0.8112427,0.035499156,-0.31493703,-0.047309056,-0.059223294,0.13977104,0.36883605,1.0969,0.3781528,0.90789896,0.78595674,0.43775696,-0.118608385,1.0406966,0.34892142,0.07706988,-0.074201226,-0.17317982,0.24451041,-0.008210182,0.12470287,-0.4690764,0.11123055,-0.3434744,0.18485254,-1.3338703,-0.18653783,-0.15092146,0.44737494,0.047208965,0.27087355,-0.14347824,-0.15933937,-0.4727827,0.06274168,0.040243685
354,0.30078083,0.2540822,0.26702094,0.21913612,0.037968695,-0.18922901,0.0019122362,0.331997,-0.037560523,-0.21240775,-0.020685732,-0.107281625,0.18093172,-0.2086592,-0.117099404,-0.036714673,-0.45175052,0.33247435,0.72842157,0.023884714,-0.18330467,0.32217097,-0.5819272,-0.21353133,1.1236107,0.974625,0.2445426,-0.52892554,-0.366301,-0.0025360584,0.5662887,0.23295227,0.81339014,-0.23136751,0.13693649,-0.24069494
355,-0.32867473,0.76829815,0.16563432,0.0075511336,-0.15355776,-0.035557687,0.49712926,-0.21901685,0.4534315,1.018689,2.6720858,1.1994915,1.4437058,0.6821885,0.9651972,0.059574097,-0.055758893,0.17645817,-0.19139865,0.9568516,-0.48842034,-0.19457364,0.65591335,0.11008866,0.057733953,-0.5733376,-0.031825796,0.020202696,-0.21926719,0.35181504,0.035740465,-0.28676534,0.20269263,0.18516254,-0.35630515,0.0041496754
356,0.25318414,-0.061873198,-0.718161,-0.04041965,-0.056136787,0.23148292,-0.16868281,0.11278224,0.22874205,0.10799563,0.42358935,0.34074682,0.25940698,0.4135003,0.083719134,-0.2647474,-0.13700116,-0.14658457,-0.33918715,0.07511575,-0.22913522,-0.064107835,0.14919761,-0.28993493,0.25574625,-0.35516587,-0.38172734,-0.047457278,-0.09034574,-0.18894303,0.4435618,0.26409024,1.0995867,-0.14312679,-0.5875055,0.051169097
357,0.5930172,0.29417878,0.4537668,0.17209244,0.041522264,-0.08518951,1.2375793,1.3925021,1.0834315,1.2831044,0.9029848,1.3785405,2.528614,3.6141295,3.2753801,-0.50065005,-0.1349162,-0.33190683,0.033256687,-0.05145225,0.30644184,0.021224022,0.3114199,-0.047610104,-0.010168076,-0.53728753,-0.46276468,-0.5343683,-0.8838441,-0.00041736662,-0.72643924,-0.3850671,0.098706365,-0.03249389,0.42282018,0.18028718
358,0.8623756,0.2935049,0.79434955,0.4872445,0.08996034,0.1433287,0.6998036,0.7657959,0.50416386,-0.72564995,-0.14813364,-0.088552475,0.9358198,0.39109334,0.012830615,0.07939184,-0.049704194,0.25426552,-0.031346202,0.12579897,0.3297521,0.3096193,0.048759643,-0.31742913,-0.30047554,-0.23416346,0.24046463,-0.32052904,0.016147256,-0.22737564,-0.2794928,-0.14713362,0.00073963404,-0.05651331,-0.35765404,-0.038597494
359,0.47163653,0.48987666,0.41842368,-0.0715301,-0.20935526,-1.300942,-0.44460052,-0.34446564,-0.20774148,0.16891356,-0.06784055,0.6460409,0.29772055,-0.13682511,-0.95641375,-0.08261101,0.11459994,-0.17577568,-0.19480407,-0.4307208,-0.6320915,-0.074852794,-0.014157027,-0.3896892,-0.9138987,-0.10175265,0.24958229,-0.07363069,0.3674085,0.44850495,-0.3523643,-0.16337773,-0.9690877,-0.34052902,0.017646253,0.9055847
360,0.4134979,-0.08025217,-0.42315704,-0.7899958,0.46127585,-0.33855623,-0.3892073,-0.5040415,-0.23746875,0.035106152,0.4052652,0.2181235,1.0193528,0.023334451,0.31254846,0.011391401,-0.030944556,0.1141997,-0.31681293,-0.08386457,-0.44261128,-0.28027934,-0.36545843,0.6405287,-0.79068136,-0.48258695,-0.21887945,-0.8347192,0.19407281,-0.16242605,-0.35292608,-0.29744768,-0.8698927,-0.4208475,-0.46871972,0.091715395
361,-0.045746982,-0.24757123,-0.09759973,-0.16132718,-0.05810842,-0.033307612,0.027169645,-0.07903615,-0.62589467,-0.07300922,-0.18479916,-0.15968576,0.18141085,-0.08512229,-0.43991572,0.08214432,-0.35720918,0.048261642,0.022144556,-0.35112327,-0.12924021,0.29542214,-0.21121567,0.24882069,0.7460348,1.4534267,2.268017,0.18161088,0.4254439,0.13514915,0.7679944,1.0140281,1.5437981,0.21840382,-0.40883595,-0.24496001
362,-0.20363575,-0.22448921,-0.54805064,-0.18832445,-0.20031473,-0.21113926,0.06289899,0.26988858,-0.6757729,-0.04039234,0.12051177,0.66123796,-0.048889518,0.02265516,-0.09944156,0.35077417,0.09130588,-0.15148711,-0.16342616,-0.11113095,0.6726557,0.109825075,-0.24365592,-0.3014366,0.36859345,-0.12005468,0.5879156,-0.07834372,-0.5848558,-0.27793485,0.15891886,-0.21777701,0.081365615,0.035283267,0.0312953,0.13773787
363,-0.23287494,0.00730747,-0.24679404,0.3492205,0.46130797,0.0042018294,0.3753691,-0.24493065,-0.19527364,0.35971016,0.3049347,-0.18536055,0.15752533,-0.58250475,-0.15207079,0.7039405,0.09129685,-0.32605702,0.05294323,-0.04907001,-0.45715338,-0.086788744,-0.15194246,-0.38304204,0.2351977,0.14998162,0.30107796,-0.09034519,0.063212335,0.119733214,0.015374064,-0.15548025,0.12890121,0.4542906,-0.2555506,0.2664563
364,-0.20226574,-0.27709746,-0.032379873,-0.2835663,0.102181084,-0.010644197,0.12975234,-0.45262283,-0.35757628,0.2121594,1.5367793,0.13551539,-0.09980422,-0.21222389,0.100311115,0.040681362,0.060082197,0.015471257,0.026629508,0.19442773,-0.21857667,-0.18580991,0.063344374,0.18341994,-0.09671092,-0.3508455,-0.4970666,0.057317734,-0.066882625,0.13628821,0.14454305,-0.3351646,0.12901461,-0.0089101195,-0.07111341,-0.074450016
365,-0.022148192,-0.3919495,-1.0427475,0.08690405,0.054860055,0.30318037,0.036586523,0.053936243,-0.057380863,0.1980635,0.9399462,2.6514788,0.58852386,0.57227445,1.0096362,-0.06864545,-0.18258321,-0.41553032,-0.05997315,0.10299397,-0.24954158,-0.102796555,-0.14651746,0.29028386,0.1546588,-0.15431058,-0.5051433,-0.21797915,-0.04383719,0.18723813,-0.04844016,0.04875487,-0.083281875,0.07987672,-0.022509933,-0.19307294
366,-0.10163677,-0.053655863,0.0019156337,-0.23694628,-0.10663432,-0.40098095,-0.27096203,0.055211544,-0.3001681,0.62069416,0.49124134,0.4714698,0.16616017,0.15360099,0.17558141,-0.16567117,-0.26474014,-0.051273257,0.2630092,-0.43216428,0.18699801,-0.26831663,-0.116965234,0.04976973,0.15054089,-0.18643221,-0.1875366,-0.114337504,-0.38770127,-0.25633088,-0.15795225,-0.31708115,-0.3374705,-0.17445731,-0.06108506,0.19546264
367,-0.3100633,0.043301374,0.48607045,-0.06099516,0.2116236,0.42088777,-0.06452221,-0.27150244,-0.18902479,0.12936312,0.30746406,0.4693781,0.15947807,-0.012709528,0.4618918,0.08481449,0.01319176,0.04519717,0.030751646,0.3234253,-0.21165857,-0.039733887,0.10861425,0.3702437,-0.022131234,-0.19225508,0.19204235,0.1293856,-0.1650449,0.1614455,-0.0035533905,-0.5504627,-0.29629207,0.10887021,0.0989227,-0.025028005
368,-0.016355185,0.13237697,-0.15696158,-0.22753133,-0.06619269,0.06804168,-0.048204303,0.037557602,-0.24197245,0.18699612,-0.23073089,-0.5034359,-0.11523771,-0.10334018,-0.1327995,-0.019601375,0.02216503,-0.16671711,0.027263582,-0.15961511,-0.69497514,-0.34509122,-0.11336257,-0.28402853,-0.05985582,0.66999215,-0.18632734,0.24159306,-0.115478694,0.44177473,-0.010388494,-0.22233692,0.00709939,-0.17681205,-0.41602537,0.068890065
369,0.32943597,1.265014,0.11819633,-0.022996724,0.007924259,0.09920865,0.33375502,0.45525622,0.30605882,-0.12052864,0.24744385,-0.24428938,-0.34530598,-0.1570893,-0.41458106,0.59063023,0.023521781,-0.07331723,-0.049871564,0.43967235,-0.26501697,0.5032891,0.14465982,-0.01690787,0.5141847,0.19364509,0.8391035,-0.29156202,-0.03337583,0.01792872,-0.11870086,-0.43568462,0.33456075,0.33160782,-0.6684361,0.11926454
370,0.13923275,0.12931335,-0.024886519,-0.11324084,-0.10088539,-0.14319545,-0.14714378,-0.19474462,0.045553505,-0.11376876,0.12887573,-0.5070618,-0.16728713,0.07064941,-0.1370433,2.3642244,0.5905739,2.4219916,-0.7889039,0.106392086,-0.055394016,2.0991528,1.1950428,0.7225479,3.3833005,5.904406,4.0171347,0.83314645,0.22692141,0.678891,2.4309964,2.5619931,2.756202,-0.088181496,-0.055867612,0.028199963
371,-0.24160141,-0.025928915,0.23822862,-0.038523555,0.10270701,-0.265023,0.05444336,0.0144485235,0.04434681,-0.35077524,-0.2464661,-0.29615235,-0.36779547,-0.12122859,-0.40061304,0.13072026,0.09960261,-0.21071613,0.11696279,0.22236547,-0.19994128,0.090783775,-0.35059327,-0.15687048,0.0966481,-0.067194894,-0.3180557,0.26260412,0.41325155,0.5109493,-0.09013569,0.21663994,0.5773063,-0.1485706,-0.1518408,-0.25339687
372,-0.06612751,0.15725273,-0.37035716,-0.36722204,0.17707065,0.047622286,0.06552023,0.14224815,0.5618757,-0.021469772,0.16296679,-0.4975356,-0.0051470697,-0.03147322,0.40792397,0.372481,0.23210168,0.45912063,-0.223602,-0.103331015,-0.20936231,0.07792348,0.03042972,0.26035935,0.15309075,0.1812495,0.09030843,0.057406038,-0.032704085,0.26170278,0.016276956,0.09486377,-0.720334,-0.11095056,-0.6507565,0.6240194
373,-0.2554997,0.12225276,0.087087825,1.5124979,0.47164756,0.87359405,0.25910342,0.61725366,-0.16689909,-0.24757701,-0.5192205,-0.12457754,-0.10072124,0.123603225,-0.17232694,0.263219,0.325925,0.21894552,0.03771043,-0.4363777,-0.0067199767,0.36511624,0.43555453,0.09872466,-0.09642446,0.82728803,-0.095217824,-0.051620565,-0.30419788,0.17155789,-0.33240294,-0.57795966,-0.8110698,1.0224283,1.2064518,0.012873307
374,0.21373916,-0.12149413,1.114986,-0.20658836,0.008350626,-0.58608633,-0.059449494,-0.100405574,0.39430344,0.103829354,0.71947885,0.51909804,0.121433794,0.35787174,0.37449342,-0.12896292,0.14735022,-0.31961632,-0.3250806,0.3993501,-0.050646752,0.0032762885,-0.116277575,-0.30524564,-0.18007651,-0.45908877,-0.4040861,-0.28874287,-0.12629002,-0.22024846,0.05881095,0.03298962,0.23001051,-0.18203425,-0.036924064,-0.08257401
375,-0.08776528,-0.5151038,-0.10801807,-0.6035681,-0.11506957,-0.21365058,-0.021414697,-0.06654974,-0.08685261,0.8039977,3.284371,-0.21690214,1.0948642,-0.13638115,-0.338832,-0.09773141,0.32033318,0.09381655,-0.36057702,-0.32422256,-0.24545425,-0.23326105,-0.058858663,-0.0827322,0.047586024,-0.0095274,-0.6580154,-0.005053431,0.18099195,-0.18339315,-0.407849,-0.3938114,0.010587454,-0.1401164,-0.31791508,-0.12436208
376,-0.22282445,0.8892676,1.4278569,-0.556546,-0.35315895,-0.117957115,0.5874056,0.22484303,1.6391296,0.27650225,-0.37614432,0.095338464,0.15560073,-0.15796797,0.11503899,-0.12907845,-0.08574706,-0.22777432,0.13527822,-0.39868453,-0.15738189,-0.39111173,0.2533626,0.24157345,-0.3860502,-0.37901106,-0.20383012,0.9725174,0.40687838,0.36157888,-0.14076051,0.04684411,0.14505339,0.046281837,-0.08751857,0.047760606
377,0.013626307,-0.047814995,-0.060013622,-0.15103388,-0.34690756,-0.65426004,0.12979925,0.07619143,-0.2843729,-0.15096658,-0.16038418,0.2180053,-0.08121705,-0.1655865,0.13128102,-0.0054574013,0.46418995,-0.37562832,-0.20480233,-0.2201522,0.8407278,-0.19854778,-0.12044019,-0.1175248,-0.502846,-0.6884159,-0.022753417,0.14110154,0.09649422,0.8546058,0.04152131,-0.057631224,-0.29805812,-0.14521809,-0.18994904,0.22221231
378,0.16897255,0.018259093,0.12598121,-0.009610355,-0.2609973,0.39758635,0.24308217,0.17840035,0.23406756,-0.19704118,0.2335916,-0.5512508,-0.1009264,-0.08324607,-0.039978355,-0.37843862,0.10503739,-0.070908695,0.16797835,-0.12558603,-0.20926392,-0.058315396,0.24624929,0.0010789633,-0.33020532,-0.25287443,-0.37071985,0.23476088,0.20696087,0.049969554,0.0004951954,-0.07288308,-1.0311503,-0.28778496,0.5615715,0.053104326
379,0.088455975,-0.49809563,-0.8870242,-0.37549928,-0.24274996,0.13411377,0.2793072,-0.30019367,-0.18988031,-0.023447081,0.26921082,-0.46841845,-0.1711446,-0.08639139,-0.23793864,0.46306607,0.012628883,-0.08960271,-0.27213734,-0.3142118,0.20472059,-0.2142253,0.018616855,0.4369293,0.08411658,-0.2213562,-0.6181718,0.4038419,-0.501009,0.044489622,-0.5862075,-0.46928328,-0.2783239,-0.015082419,0.13821794,-0.1090467
380,0.13028166,-0.20673609,-0.23134923,1.4466932,2.767826,3.8621297,2.1508548,1.2105774,1.2826405,0.49453723,-0.63275546,-0.039522827,1.7459406,1.7581123,0.75273013,-0.3172732,-0.105048954,-0.10852909,0.0094919205,-0.048078895,-0.5030014,-0.23904794,0.0023586527,-0.032666326,-0.42411554,-0.56119454,-0.30417818,-0.0063051283,-0.072960794,-0.09138143,-0.033138797,-0.25798607,-0.27387452,-0.04837376,-0.004048109,0.21746778
381,-0.4887597,-0.005502194,0.296691,-0.14932269,-0.42082947,-0.3290703,-0.14399531,0.27529347,0.04949242,-0.14124191,0.09875849,-0.48159954,-0.87440294,0.18795106,0.20176141,-0.18471971,0.20606434,-0.2528739,0.18836164,0.013244823,-0.057189703,-0.22615018,-0.48909438,-0.24712884,-0.1664697,-0.21703252,-0.1847893,-0.16499527,-0.21535516,-0.3869888,-0.15023303,-0.15362301,-0.4642703,-0.61253285,-0.38303795,0.07230091
382,-0.06496906,-0.24521057,-0.15373498,-0.12374383,-0.18130845,0.17403403,0.31401098,0.0798908,-0.07994443,-0.49135655,-0.03927541,-0.24629265,-0.658974,-0.5888964,-0.2173293,-0.14137653,0.35736662,0.011350125,0.34106475,0.296797,-0.16975817,0.29855433,0.21181168,-0.030021548,-0.20717698,0.53598523,0.15510625,0.017443642,-0.08980468,-0.17442006,0.17873746,0.1539402,-0.21576111,-0.56727827,0.26812804,-0.44997907
383,-0.4820892,-0.53789306,-0.39583305,-0.04928951,-0.3362736,0.055131555,0.11933544,-0.19403113,-0.10187197,1.3519137,0.96626216,1.2808492,1.3703638,0.63138473,0.35536394,-0.25452024,-0.3955804,-0.24950165,-0.05496043,-0.13247263,-0.14311397,-0.13645926,0.1369805,-0.043424785,-0.2930466,-0.25443622,-0.1239633,0.17106539,0.81200653,0.52268505,-0.60214204,-0.04868841,0.040465117,0.26897216,-0.1029408,0.041836858
384,-0.13261956,0.5785464,0.26596344,-0.09538111,0.074757814,-0.25915518,0.16362727,-0.2562933,-0.6213176,-0.19026135,-0.25225022,0.2932831,0.09614885,0.053674445,-0.59627044,-0.47230345,-0.5095436,0.7925286,-0.10251625,0.27118468,-0.046959437,-0.18527734,-0.03243482,0.031678885,-0.22114754,-0.33740434,-0.5822942,0.55364203,0.4206273,0.07436651,0.14671963,-0.12307489,-0.29650226,-0.6361088,-0.613271,0.17247105
385,-0.056662917,0.026673302,-0.2306295,0.020123482,0.055407465,-0.4611075,0.10059339,-0.03322208,-0.34945244,-0.08455813,0.020048141,-0.29874215,-0.059024453,-0.3118089,-0.0922029,0.37857032,0.36633024,0.18783832,-0.10231751,-0.19004056,0.07621002,0.111613035,-0.02649331,-0.37308198,0.10456234,0.14672537,0.06973505,0.16369414,-0.09252463,-0.18842542,0.17752767,0.36231786,0.51608175,0.16193432,-0.0674355,-0.30913448
386,-0.032942176,0.41800618,0.66922414,0.37314522,0.91143465,0.9745834,0.6594243,-0.046277642,0.46743667,0.34405795,0.03986287,-0.06997979,0.3048581,0.16150838,0.24122122,0.16592646,0.073923886,0.1892118,-0.45229357,-0.011768818,0.2507622,0.49096027,0.6403134,0.54665446,-0.50596476,0.46874416,-0.11989036,-0.27937105,0.025985599,0.48666614,-0.17699146,-0.21577446,-0.42784306,0.596943,0.726416,0.28587043
387,0.5712892,0.28206047,-0.04700762,1.052758,0.3453123,0.61837184,1.6862158,-0.05980444,0.83856726,0.19477922,-0.1741778,0.4949909,0.76738846,-0.079636276,-0.19878164,0.45421022,0.03077364,-0.049875855,0.3453911,0.17427409,-0.06157592,-0.0068758726,-0.408196,0.19970691,-0.31652904,-0.47946298,-0.307716,-0.06877207,0.4582088,-0.06004867,-0.1597017,-0.1909039,-0.3235494,0.56237775,0.7909827,0.7520765
388,3.4007335,2.990953,0.87458956,0.2581402,0.85682625,0.8562037,2.835022,1.3161123,0.93298197,4.1271567,2.7205307,2.144781,5.056069,5.5681357,3.2495754,0.023138642,0.013075322,-0.0015089214,0.09625244,0.21431637,0.18444833,-0.094465524,0.31332424,-0.047884047,-0.43587613,-0.18629673,0.08741814,-0.22546306,-0.10722417,0.11430812,-0.21291651,-0.23521349,-0.072731495,1.2770078,0.32370383,0.21023569
389,0.071845174,-0.10803856,-0.29424226,0.10135013,0.096542925,0.15427542,0.27357936,-0.51813203,-0.1368348,-0.088873655,0.15951426,-0.074658275,-0.17164564,-0.11523484,-0.26506725,0.03303069,0.3439421,0.33285677,0.15145457,-0.24789608,0.19345427,0.13015759,0.07989606,0.07936871,-1.1126705,-0.20680287,0.040140867,-0.15076774,-0.07445531,-0.46480897,-0.27180064,-0.17680839,-0.7166498,-0.046723187,-0.5271418,-0.10981345
390,0.03822142,2.014877,0.8443918,0.01944369,0.010740638,-0.08340433,0.04877402,0.19144021,0.5077897,2.678269,3.9593408,3.8313022,3.6047485,3.4882448,6.69121,-0.17936027,-0.012235291,-0.12404102,0.036622092,0.045575753,0.12890124,-0.097256854,0.16087428,-0.058092117,-0.03046748,-0.058695257,-0.59017867,-0.0062327683,0.11234215,-0.12198529,-0.053527176,0.022849292,-0.056319803,0.2956335,0.5783441,-0.014302611
391,1.07705,0.2942607,0.104860395,0.31895316,0.16984695,-0.049981833,0.43961865,0.52145284,-0.3611142,1.3135753,0.82397807,0.060641885,-0.006990671,0.44974995,-0.47227734,1.7140448,0.66662574,0.72232425,-0.10138497,-0.09445882,-0.19891596,1.4418328,0.65881115,0.6760524,1.5595825,0.74046546,0.6496642,0.9623903,0.6777391,0.22434494,0.9116589,0.9686891,1.5032648,1.5101259,1.7074952,2.2955098
392,-0.25591195,-0.35367286,-0.22626537,-0.33098096,-0.12714835,-0.11177379,-0.0769102,-1.2720304,0.022049308,0.25815612,-0.11787009,0.006868243,0.30312347,-0.054620147,-0.14962524,-0.20710316,0.6278626,-0.10948366,0.08429748,0.11107473,0.011847019,-0.4063754,-0.34442735,0.08971232,-1.3480701,-0.20635155,0.04606825,-0.40147305,0.011931419,0.021376073,-0.08934376,-0.7154219,-0.83717924,0.8842114,0.10461281,0.0277735
393,1.2587368,1.7411625,0.8288347,0.28474832,0.55205303,0.35797942,0.77970743,1.5986142,1.9298842,-0.46008945,-0.43719953,-0.35119554,1.0748351,0.20998013,0.07629152,-0.2605766,0.056302786,-0.22875965,0.5012356,-0.11509871,0.14490533,-0.1536076,0.074931204,0.3799906,-0.07290101,-0.2420857,-0.2289486,0.6367156,-0.20385772,0.2273916,0.27204493,-0.20182541,-0.535927,-0.18241182,0.3757957,0.20327517
394,0.33705527,-0.20908189,0.33924007,-0.16458398,0.37420142,-0.13267669,-0.051255226,0.23237637,-0.20276135,-0.113645434,0.27363133,-0.16876018,0.15874809,-0.00944829,0.49060446,0.14394256,-0.065070644,0.27412862,0.014268279,-1.7416627,-0.5314066,0.009427369,-0.0477736,0.28199548,-0.041508853,-0.04567337,-0.21263501,0.1988962,0.02905485,0.46072394,-0.13727647,-0.27102065,0.10036653,-0.037005067,0.19748104,0.11067572
395,-0.053025246,0.016316622,-0.19700485,-0.118842125,-0.13191131,-0.013657153,-0.39154726,-0.2338273,0.3881752,-0.14115655,-0.33115396,0.29303074,0.010213137,-0.0059654713,0.006518364,0.048585773,0.13199115,-0.20973623,-0.010756433,-0.014876284,0.03965491,-0.19212592,-0.11472458,-0.1138075,-1.3446286,-0.022058517,-0.44362706,-0.033278733,-0.13929021,0.123168886,-0.01070869,0.17885002,-0.2153852,0.26534542,-0.4122534,-0.19517183
396,-0.07356715,-0.1536558,-0.12076098,-0.31629804,-0.044953763,0.12818602,0.26469663,-0.5680418,-0.4517498,0.6783031,0.30619487,-0.18653509,0.08350127,0.47668737,-0.14886528,0.61625403,-0.11531553,-0.12145299,-0.08608358,0.12234233,-0.31749716,-0.30997807,-0.016032219,0.26155302,-0.33073246,-0.43154493,0.10979624,0.2788093,-0.3778047,0.07010019,-0.29479057,0.19557741,0.2077215,-0.4090742,-0.09823847,-0.12651438
397,0.223548,0.58850586,0.6177743,-0.031992912,0.24984697,-0.47251835,-0.2341215,-0.1979734,0.5063247,-0.07406908,0.5010686,-0.0041850097,-0.12045786,0.3147632,-0.20253682,0.8497561,0.26043287,0.60605305,-0.27679017,0.49351728,-0.16217402,0.6209259,-0.6746288,0.43461347,0.58737314,0.9446901,0.051778197,0.16499934,0.31865928,0.364318,0.21821153,1.0879083,1.3367625,0.2567153,0.6004065,0.78607386
398,0.70065546,1.0088044,-0.13407886,-0.28014576,0.02049771,0.14804596,0.07738435,0.3092823,-0.53272086,-0.63515747,-0.13740182,-0.18815637,-0.2542338,-0.6736687,-0.34214836,-0.08284855,-0.4166993,0.043795615,-0.06032157,0.13583136,1.0056331,-0.17894538,0.4551312,0.03380233,0.1261161,-0.701438,0.32875973,-0.13142526,0.6279742,-0.6308395,0.5139385,0.24550879,0.08482075,-0.1503793,0.23175693,-0.5417131
399,-0.33769104,0.09430957,-0.45283663,0.2836529,0.37165105,0.3516569,-0.0037930012,-0.8037582,0.17677954,0.61744976,1.4394102,0.72844136,0.84000057,0.5686212,0.66309035,0.4185635,0.088666975,0.1601614,-0.20889264,-0.16875108,-0.04138759,0.5220046,-0.2654013,-0.04167515,0.25952566,0.28237873,0.31801414,-0.06222987,-0.0017821789,-0.33547822,-0.317418,0.32770777,0.25705814,0.41095942,-0.1548896,0.37213218
400,-0.004725635,0.93308973,0.86252236,-0.40344626,0.23470303,-0.17565596,-0.15859908,0.08055806,0.93234754,0.014297284,1.222808,2.3074853,0.46586722,0.8334747,3.1407619,0.16870439,-0.44728005,-0.2926224,0.038131833,-0.33555275,-0.2409608,0.006415963,0.32706222,0.18993768,0.28269178,-0.09952572,-0.2971754,0.08539944,-0.18213414,0.07850164,0.096980006,-0.09983839,-0.22371098,0.04640095,0.32226145,0.02109591
401,-0.6133151,-0.6285663,1.0614634,-0.31407896,0.8077605,-0.1641398,-0.072128385,1.3711097,1.1255437,-0.73963934,-0.13071339,1.0933076,-0.31998712,-0.21435553,-0.0035568476,-0.14759079,-0.50231594,-0.38651872,0.23043798,-0.13150337,-0.068057135,-0.1735832,-1.1690468,-0.034190655,-0.63715225,-0.56924653,-0.43001488,0.81941336,0.19120598,-0.10173905,0.11316897,0.38495195,-0.02853632,-0.5916377,0.23030305,-0.20690224
402,0.037712947,-0.10799229,-0.23092973,0.09757303,0.45100158,0.020012794,0.12047064,-0.37868583,-0.308859,0.11665088,0.19815123,-0.05166936,-0.011006072,-0.5325494,-0.3646783,-0.4541055,0.3127983,-0.009263635,-0.042574883,-0.473642,-0.10259272,-0.24817419,-0.14930964,-0.2040523,-0.5552656,-0.21187371,-0.32779628,-0.17981482,0.16871834,-0.040783048,-0.29618764,-0.36243916,-0.87616336,0.24630752,0.46053824,0.022428036
403,0.03619826,-0.3633697,-0.18361962,-0.15867943,-0.0058706403,-0.049708813,0.07174945,-0.69881916,-0.6903558,0.1960882,0.39265087,-0.1027413,-0.26530796,-0.5492206,0.15134709,0.055838294,-0.2876134,0.53203386,0.08601701,0.5832167,-0.42495778,0.05341822,0.156988,0.29191244,0.03601837,0.048355587,-0.3825596,0.07021618,0.49576703,0.20902199,-0.037157714,-0.10399243,0.52617276,-0.3796351,-0.2152743,-0.19347811
404,0.15405689,0.07206431,0.83640754,0.24497235,0.06211759,-0.21003944,-0.011617839,-0.5064034,-0.25304195,-0.7348569,-0.8810462,-0.054902494,-0.5960533,-0.1233909,-0.3296872,0.31875548,0.5810854,-0.020714879,-0.33668867,-0.42966878,0.23945844,-0.31062296,0.111931354,0.021701634,-0.34974858,-0.24493262,0.24522507,0.2976888,0.26789433,0.26066607,-0.25796413,-0.70663387,-0.0924948,-0.035733253,-0.33768988,-0.27639553
405,0.43939745,-1.2324703,0.018988416,0.12651378,-0.22637126,-0.26728082,0.0970206,0.41370106,-0.10620114,-0.21472591,-0.22506964,0.119713545,0.013161778,-0.08308968,-0.34925756,0.11666843,0.5618849,0.037371993,-0.13575095,0.07579458,-0.07765984,-0.23758975,-0.25703764,-0.15931588,0.31533316,0.1307399,-0.08488211,-0.43464214,0.15689296,0.08733934,0.4642903,0.505723,0.2414099,-0.38540873,0.03715813,-0.030376464
406,1.1761166,0.9197754,1.2984712,0.17257768,0.25648338,-0.08330405,0.94361293,1.2060986,2.5966563,-0.24813133,-0.011501044,-0.4194811,0.40843993,-0.3347527,-0.50478584,0.51646435,0.15651363,0.15859115,0.26028866,0.3298309,0.16798013,0.48879763,-0.25089136,-0.65416026,0.5669569,0.1114378,-0.17011964,0.24849239,-0.03008306,0.035904944,0.45682815,0.058805455,-0.20756339,0.008768916,0.78133655,0.11179426
407,-0.1532619,0.19889444,-0.01532656,0.03950298,-0.11596888,-0.08823526,-0.45041874,-0.015230238,-0.23702452,-0.11447352,0.087721884,-0.084029615,-0.41906273,-0.5642819,-0.0051345676,0.21729809,-0.37237978,0.11228371,-0.58370435,-0.3363269,0.12838683,0.8391325,0.31885856,-0.09846453,2.2779546,0.68325555,0.74505544,0.13110274,-0.18632406,-0.07381779,0.34064686,0.7124555,0.6748366,-0.2939689,-0.2142697,-0.20155287
408,0.40826124,-0.14155889,-0.16784796,0.053383052,-0.52239037,0.23722279,0.62970614,-0.1318844,-0.05645132,-0.6782448,0.22847146,-0.4041981,0.28313673,-0.013763428,0.12923676,0.6770259,-0.89487857,-0.21746503,-0.23052134,0.123432904,-0.18183765,-0.11096066,-0.12568676,0.23276116,-0.5412711,0.048271537,-0.3793802,0.31308496,0.21414156,0.20873946,0.46948326,-0.027650297,0.821302,-0.78126913,-0.24358535,-0.8984894
409,-0.32004946,-0.3049839,-0.27802452,0.9935161,0.13823426,0.37407243,0.4552076,0.26586375,-0.30448022,-0.2114763,-0.04317367,-0.24123561,-0.4421156,-0.057882816,-0.13441032,0.2565473,0.05112166,0.6369216,-0.10218823,0.11999866,0.21071717,0.33249938,0.108273834,-0.20192641,5.9963713,6.0809317,4.842238,1.1269729,0.34196714,0.4119867,3.398054,2.4570956,2.0198255,-0.07343875,-0.20884767,-0.18589093
410,-0.37348118,-0.15594001,-0.070085764,0.44157135,-0.142501,-0.076244384,-0.38214004,-0.61035097,-0.17229843,-0.24199942,-0.14071774,-0.17611754,-0.61307496,-0.57358897,-0.22615764,0.01392445,-0.07273269,0.015814185,-0.2632767,-0.16935629,-0.13639677,0.51324654,-0.1949873,-0.056800574,0.71161306,0.31900847,0.068264246,0.06181367,-0.10307872,-0.10392153,0.42848265,0.3418042,0.15544564,-0.2544337,0.060253203,0.1518997
411,-0.8099524,-0.11581285,0.053803205,-0.1825015,-0.466276,-0.18217179,-0.51365864,-0.5079071,-0.2734806,0.044869244,-0.2880088,-0.42534012,-0.8272288,0.16901456,-0.08355349,0.124054484,-1.1213708,-0.31134665,0.5288673,0.31582862,-0.12953565,-0.47547057,0.02636534,0.48811993,-0.30667746,-0.18345729,-0.008316815,-0.15329628,-0.18161002,0.021015227,0.59207165,0.40246472,-0.42556715,0.18547282,-0.5466057,0.02631633
412,0.24838465,2.9712834,2.186674,-0.0023246184,-0.1773512,-0.6003742,-0.80342484,-0.1200068,0.7816087,-0.016976237,-0.53252256,-0.28325766,-0.1092003,0.2751494,0.5293957,0.06559199,0.66662407,-0.1412431,-0.04948557,-0.9137443,0.3900162,0.1308277,0.18454918,0.4861021,-0.46619236,0.15217817,-0.7775297,0.24272054,0.034986198,-0.14672977,-0.19715142,-0.5104436,-1.4187998,0.6112199,0.98786193,0.25022262
413,0.0045508742,-0.019265562,-0.4057331,0.07071012,-0.25400162,-0.63883257,-0.14143026,-0.10911542,0.46653122,0.04576838,0.05616927,0.12561262,0.019757986,-0.38023597,-0.22040355,-0.018261254,-0.055555552,-0.09957558,0.06292266,0.720155,0.038961157,0.099939704,-0.15940702,-0.3724466,0.08938044,-0.3021928,-0.23429513,0.30081934,0.085766494,0.24221021,0.32747668,0.24411076,0.09011041,-0.10369182,-0.4571033,0.1269207
414,0.14559281,0.14280273,0.21431357,0.09368056,-0.13448697,0.019251585,-0.039037228,-0.14525712,-0.748986,0.023574173,0.14736325,-0.1337139,-0.10691118,0.10920906,-0.21359614,0.08080524,0.15354005,0.05525732,-0.23186207,-0.13924071,-0.5102785,-0.01760751,-0.14109945,-0.15315115,-0.05961418,-0.080119014,0.017139494,0.067308694,-0.14998525,-0.059543252,-0.10351774,-0.16561234,0.39496598,-0.03249079,-0.1305216,0.22672188
415,-0.06795323,-0.029199556,-0.371373,0.043773532,0.26531586,0.43605274,-0.3224438,-0.15197134,-0.23889774,-0.32646233,0.48914427,-0.3287162,-0.27218652,0.16471712,-1.1670269,0.100931466,0.017397203,-0.024117723,0.0937196,0.70511603,0.00091633573,0.42299417,0.21674499,-0.6130637,0.94456303,1.3378516,0.9583473,0.36649218,0.82395226,0.12026203,0.66426796,1.4871879,2.4512842,0.54800355,1.7710353,0.7215844
416,-0.13537559,-0.9329671,-0.23966393,-0.32010454,-0.15176523,-0.08630109,-0.310334,-0.5079689,-0.3359362,2.5276718,1.7091788,0.95355785,2.2476099,0.76255953,0.8870348,0.31110966,0.08207242,0.36059874,-0.2408494,-0.08655906,-0.23787221,0.15196729,-0.060582876,0.07711452,0.24760258,-0.2735887,-0.04243274,0.33439052,0.47744828,0.49430367,-0.42654526,0.41873282,-0.1406436,0.0251714,-0.20575345,-0.0044670105
417,-0.12645558,0.20134157,0.28256297,0.29982576,0.00790441,-0.06769204,0.19821894,0.3977024,0.26899928,-0.46901208,-0.08395052,-0.17645723,-0.89382184,-0.49407977,-0.16345447,0.34347546,0.31366068,0.29626334,0.23261487,-0.303679,0.09993029,1.1236228,0.35928905,-0.23845863,1.7266474,0.71602786,0.20197988,0.17206842,-0.20541066,-0.060507655,0.009562552,0.4430243,0.02052319,0.16493404,0.0078115463,-0.044264063
418,0.2609063,-0.23542702,0.26948223,0.5971544,0.43045592,0.5025183,0.49261886,0.54851407,0.21351653,0.9927484,2.7333355,1.7520956,0.23121864,0.6443094,1.8072491,0.97058964,0.94687563,-0.033930182,-0.11868274,-0.020866036,0.1044637,0.20698985,1.184425,0.76360875,-0.7139486,0.26279053,-0.3013966,-0.10750861,-0.041298084,0.14823145,-0.29525024,-0.7934602,-1.2153695,0.0859316,0.69448614,0.42747492
419,-0.6403183,-0.049754262,-0.04045993,-0.39843762,0.08140595,-0.15873098,-0.17310879,-0.61857224,-0.55244124,0.7528186,0.021125406,0.13920414,-0.08099094,-0.1918126,-0.07197535,-1.3310599,0.3771947,-0.3572514,0.0180156,-0.04491824,-0.09550643,-0.20914829,0.49883837,-0.082778275,-0.18171857,-0.1464054,0.036300555,-0.033468664,0.04357803,-0.091077775,-0.029905729,-0.25572684,-0.05334741,-0.0017927196,0.022922099,-0.10162723
420,-0.28854495,-0.20888944,-0.023201823,-0.2773481,-0.082461774,-0.0031148791,-0.25540495,-0.2594837,-0.042033434,-0.012673378,-0.18210106,0.012344599,-0.23371947,-0.2846044,-0.057350755,0.1140852,0.13836941,0.0006597042,-0.097438455,-0.021247685,-0.10617155,0.18866384,-0.2734877,0.09088886,0.11173105,-0.01176393,-0.05312568,-0.3512761,-0.0016199499,-0.0535326,-0.28109503,-0.37327856,-0.24039936,-0.36013335,-0.04532641,-0.0020840168
421,-0.4153465,-0.07754612,-0.081757486,-0.10049769,-0.092139184,-0.08175284,-0.2811461,0.12748152,-0.046352923,-0.16985852,-0.24284607,-0.22510338,-0.16906059,-0.30617517,-0.4233372,1.0324682,0.34539282,0.2114929,-0.15036535,-0.004445255,-0.13701397,0.52165735,0.3894925,-0.04797002,2.1394744,1.2074299,0.6372975,1.4614583,0.5307892,0.5175469,2.377278,3.0208902,2.3789167,-0.09049511,-0.11185777,-9.1314316e-05
422,-0.10885379,-0.060183715,-0.15393725,0.684129,0.38438666,0.17840782,0.3194288,0.7540357,0.2261278,-0.22440434,-0.74687135,0.18571484,-0.17022306,-0.3354522,0.33930826,-0.12458312,0.12700212,0.06843144,-0.82636,-0.2971943,-0.3632909,0.2697996,-0.7135098,0.043907106,-0.70144355,-0.52412325,-0.25016207,-0.22161391,-0.023583293,0.06936598,0.085325465,-0.81531835,0.33825442,-0.10301882,-0.0033134967,-0.30031145
423,1.6260202,1.0634181,1.1414824,0.19198367,-0.39457712,0.28460652,1.6944386,3.5995393,1.8856229,0.004771769,-0.09911987,-0.83349687,0.9349201,0.19866785,0.08312106,0.15029664,-0.23964003,0.043685973,-0.05212179,0.03871146,0.0062678456,-0.051963404,-0.7359972,-0.13862059,-0.82706773,0.038182467,-0.2917209,-0.78555363,-0.34045103,-0.6584741,-0.17359269,-0.16582906,-0.044411212,-0.015344769,-0.046304673,0.2713483
424,0.06877178,-0.0057916045,0.3269575,0.18456316,-1.3301051,0.2063688,-0.058180064,-0.3865535,0.005603552,0.251082,0.2640727,0.4876421,0.4813673,1.6415198,0.25464034,0.41631252,-0.27207035,-0.11867303,0.018446922,0.031820655,0.31150755,-0.07016933,-0.17975485,-0.36864978,0.20011759,-0.87870175,-0.38396072,0.25836873,-0.32480875,-0.17448929,-0.17182332,0.07944715,-0.13081568,0.34873772,-0.631046,0.07776296
425,-0.11265895,-0.3505664,-0.80375755,-0.09994343,0.34522343,0.17677584,0.11395174,0.021393657,-0.12563227,1.7524312,4.3413844,3.3739889,1.0676837,2.4722552,4.0503383,-0.1954704,-0.16333896,-0.20219654,0.17312348,-0.19133854,-0.8350404,0.034946322,0.15010557,0.14731672,-0.7849168,-0.64735204,-0.74623424,-0.16959006,0.05253074,0.15197851,-0.28093216,-0.19989425,-0.818746,0.17294881,-0.13417917,0.0011621118
426,1.8433537,2.1013894,2.4640276,-0.12706515,-0.2860124,0.034919858,1.586161,1.9228776,1.2826809,0.56037456,0.854057,-0.043427587,2.8160462,1.17607,0.43933892,0.801132,-0.039968655,-1.0357542,0.32178062,0.23632178,-0.22682366,0.214082,0.28827775,0.2541402,-0.73495233,-0.31331182,-0.5983301,-0.29775083,0.24758339,0.16044997,-0.1853376,-0.6016369,-0.31896186,-0.09620345,0.3261715,-0.09557361
427,-0.010360479,0.018772095,0.2312237,0.23864883,0.1373361,0.6091177,0.0017807484,-0.17740482,0.58911383,-0.14245212,0.05337429,-0.31848156,0.060930967,-0.24760011,-0.25709558,-0.0026305914,0.08258051,-0.014017105,0.15585631,0.118663624,0.037877053,-0.029128373,-0.004849702,-0.23850264,0.081833184,0.14420885,0.24263576,-0.080026984,-0.084842995,-0.5163715,0.0055024624,0.15542406,-0.015004724,0.08365917,0.23514107,0.18011045
428,0.950616,0.5019316,0.41271627,0.030070722,-0.0841386,-0.25437474,-0.012518823,-0.26422662,0.0022919178,0.26748297,0.9274698,-0.13473898,0.42757714,0.30002868,0.10804423,0.09116036,0.14927316,0.05804813,0.0043474436,0.3904902,-0.13043296,-0.06187451,-0.0523026,0.5676893,0.18363786,0.03667611,-0.3314991,0.05169779,-0.071213126,-0.36400104,-0.093735635,-0.12521482,-0.035882473,0.6074004,0.75126576,0.3128175
429,-0.13902235,0.36927342,-0.4601897,-0.12687808,-0.255,-0.3649633,0.013346314,-0.15764827,-0.20221078,1.3742652,1.4983749,2.0116973,0.6242324,1.045871,0.75703156,-0.12509984,0.31127018,-0.051788986,0.06347394,-0.15260571,-0.0091866255,-0.025221705,0.27673617,0.060099125,-0.40229154,-0.33920515,-0.16221559,-0.0049834847,-0.16653407,0.5529698,0.18279669,0.3918636,-0.1948762,-0.2431789,0.4389389,-0.023372948
430,-0.030869842,-0.034882724,-0.24398994,-0.1731106,-0.2232606,-0.46624082,-0.15556407,-0.43524918,-0.44243187,-0.6131372,0.115134954,-0.10162938,0.033446193,0.15823147,-0.11663127,0.42272016,0.018149704,-0.2485938,-0.13135469,0.14221194,0.3675512,-0.39644575,0.22376972,-0.17100197,-0.94089633,-0.2502007,-0.13960503,0.38092655,-0.3313949,0.045762956,-0.31054187,-0.3420533,-0.2676219,1.4098707,0.60952663,-0.032107413
431,0.21625328,-0.29786605,-0.18276358,-0.75826937,-0.6778884,-0.35110345,0.32702297,-0.45001292,-0.013180256,-0.13467848,-0.31265044,0.12999511,-0.15809807,-0.08326197,-0.07930487,-0.46953022,-0.42196992,-0.14436066,-0.13188249,-0.64935195,-0.57579756,-0.3080628,-0.33680916,0.06343855,-0.593511,0.29524565,0.29542953,0.1276034,0.017074108,0.32996714,-0.53653276,-0.33814812,0.2418434,-0.23367667,0.9046216,0.14266264
432,-0.30597645,0.26063073,-0.36931318,0.98237514,0.5455182,0.27375495,0.23337284,0.13650048,-0.26314676,-0.11706364,1.3820889,1.6118343,0.26268256,0.0092131635,0.99407816,-0.851565,0.39742118,-0.41050935,0.2979198,0.5330317,-0.7419145,-0.3423533,0.11736609,-0.121521115,-0.32843187,-0.40709013,-0.14923012,-0.042903513,0.47164187,-0.6022513,-0.098446436,0.049529225,-2.5297039,-0.6096853,0.712857,0.057964623
433,0.6640624,0.82773817,0.7670168,0.19928965,0.43372524,0.6346381,-0.007902965,0.45133543,-0.3273399,0.13993114,0.9238473,0.30756563,-0.32040715,-0.10898185,-0.11755782,0.21992868,-0.03574735,0.5788188,0.36591065,-0.065713435,0.225289,-0.20144564,0.50444925,0.32420895,0.5327379,-0.040510774,0.5293387,-0.5774571,0.01327154,-0.08531171,-0.074073315,0.13292846,0.22648752,1.3883679,1.4774647,1.1492018
434,2.1196647,2.1503224,1.3861458,0.19685842,0.23878312,0.14136177,2.7315605,2.0568051,1.841741,0.8371724,0.909029,0.53066266,3.2287471,2.8709865,1.9326333,-0.4841001,-0.079116166,-0.2629506,0.06434888,0.0057337135,0.035672545,-0.013773441,0.70859206,0.09016785,-0.030079365,-0.25436434,-0.29936105,-0.1629153,0.0382604,-0.08159062,-0.2774778,-0.323303,0.22849852,0.38502318,0.48179072,0.46904534
435,-0.25660446,0.19327421,-0.15076406,0.1629985,-0.1852861,0.35629815,-0.04599054,-0.22768873,-0.34750652,0.78425,0.38126618,0.51223844,0.591756,0.018924981,0.44256556,-0.4141,-0.6683616,-0.28911406,0.44240755,-0.36215517,0.058754146,-0.14180158,0.7511996,-0.0707673,-0.3117581,0.5401366,-0.059900403,0.05166775,-0.0030325651,-0.1761349,-0.4248816,-0.39126214,-0.08051586,0.24164867,0.7976494,0.100220114
436,-0.17367393,-0.27075332,0.12739286,-0.29918328,0.09654993,-0.13638367,0.0184307,-0.16531122,0.7498408,-0.65777284,0.3037899,-0.4451674,-0.8660728,-0.3833574,-0.20802449,0.06033951,0.30002978,-0.33401033,-0.51652944,0.20989814,-0.5103954,-0.17407267,0.142362,-0.15325345,-1.2962093,-0.7905872,-0.53250235,-0.11127618,-0.04777056,-0.12090385,-0.48593923,-0.14473695,-1.0061374,0.37932715,0.07518971,0.09733625
437,-0.073162794,-0.23021339,-0.06820148,-0.033970386,-0.066144824,-0.061002165,-0.31952834,-0.18499014,-0.14913964,-0.039354756,0.18644132,0.040861905,-0.8360969,-0.07638882,-0.005552307,1.1437073,0.4646302,0.19476402,-0.44584954,0.40832776,0.27029777,0.46835396,0.22931361,-0.09868776,3.5743852,1.4135334,0.90597785,0.1262946,-0.37709242,-0.054513276,1.0769668,1.0044329,0.6833437,0.07704541,0.2902795,0.019676983
438,0.43014237,0.18620332,0.6548178,-0.024570907,0.08940402,0.036485136,0.5521658,0.62683964,0.017834425,1.6440277,1.3357034,0.7904318,1.7004565,1.2460101,0.9707695,0.5816603,0.4672575,0.26845753,-0.17651093,0.26516598,0.34375083,0.44088775,0.36041278,-0.051798627,1.6432366,-0.18888909,0.36668646,0.19315207,-0.08133243,-0.0847497,0.24858665,0.26824072,0.2868486,0.853467,0.58208597,0.44791317
439,0.318253,0.2718747,0.19720268,-0.3409292,-0.4311328,-0.17357156,-1.1464813,-0.58845335,-0.011925399,0.017336369,-0.20488831,-0.13845718,-0.87679577,-0.34252208,-0.11714497,0.91478574,0.3846602,-0.10845494,-0.14115214,0.31303138,0.2763242,0.09395578,0.40656406,0.12582812,0.4683314,0.5106818,0.33932546,0.66081494,0.4418087,0.10714936,0.5468385,0.6985613,0.35733068,0.09457327,0.16745779,0.15347016
440,0.027001321,-0.056123495,0.013746321,-0.026300669,0.26452368,0.16604796,-0.04107529,0.18156326,-0.16281864,-0.1333983,0.028847963,-0.015844002,-0.3114287,-0.26298913,-1.5073514,1.5116678,0.5939873,2.0567827,-0.2843469,0.30390972,-0.21895923,0.96237504,0.35339135,0.6147231,2.6819339,2.529503,3.5589828,1.3702143,0.87406707,1.4668493,1.9273258,3.4377413,3.757493,0.021392405,0.034053087,0.102929115
441,1.0848743,0.3900892,-0.1112434,1.5969409,0.86045295,0.7738372,1.3280987,0.456672,0.8432775,1.1973524,0.31014985,0.323793,1.8955901,1.1679343,0.34728935,-0.18413806,0.14778405,0.041664213,0.13345376,-0.19344467,0.43156078,-0.07630706,0.082686275,-0.23887801,-0.17233919,-0.10027075,0.30164278,0.22959691,-0.02668488,-0.34166104,-0.08612408,-0.46256033,-0.058358133,1.8798482,0.7748373,0.66534114
442,0.06665912,-0.03996253,0.31798446,2.5969734,2.5350182,1.9822147,2.4386876,5.1797557,1.7512531,-0.20137373,-0.094823554,0.27717835,0.1152181,0.15470466,0.019194245,1.543008,0.48709068,0.49197638,-0.20534548,0.14824834,-0.009215534,1.9483304,0.74314153,0.08231449,5.343787,2.2616186,1.6125417,0.38348454,0.33522055,-0.05666071,2.442117,1.3444154,0.48616534,0.084738284,-0.04553193,0.0100559
443,-0.2827035,-0.07285845,0.052361667,0.9924157,1.3206692,3.9500945,0.8958105,0.59366596,1.5512826,-0.2968031,0.11049569,-0.11110741,-0.039327085,0.059549987,-0.30596456,-0.34396812,0.113823175,-0.60651326,0.09343806,-0.03428565,-0.6853258,-0.1686818,0.06596553,-0.27173263,0.5851408,-0.37616676,-0.22762278,0.20799765,0.052547157,-0.07163113,0.0017836988,-0.16216263,0.0061368346,-0.07797414,-0.12563387,0.060014307
444,-0.7342675,-0.15104885,0.01849401,0.25425267,-0.186028,-0.03150451,-0.14095937,-0.2787615,-0.42139643,-0.26093662,-0.32696325,-0.22391096,-0.26701108,-0.13742805,0.07637519,0.14279692,-0.14857438,-0.0030181408,-0.1536465,0.08250183,-0.21729872,0.09813309,0.019491792,-0.6231496,-0.31901687,-0.06468585,-0.14727122,-0.3696069,0.03745982,0.34348145,0.43713516,0.23780966,0.18437243,-0.19932552,-0.10005933,-0.006531477
445,-0.26284158,0.18759215,0.5129773,-0.067572735,0.1466884,0.03858912,0.16722429,-0.6796522,-0.16941196,-0.14132291,-0.4445076,-0.3373112,-0.47327974,-0.14863412,-0.64616615,-0.14687425,-0.022969335,0.056786478,0.0005800724,0.23685853,0.3372588,-0.22522143,-0.9821973,-0.16078806,-0.5954,0.2755962,0.3004738,0.06314651,0.39167303,0.19896358,1.3108082,1.8396642,2.2863975,-0.11631536,0.11884624,-0.19324198
446,0.15815356,-0.22125164,0.116057515,0.4567343,-0.011278212,0.56508493,1.427474,1.3525287,0.4147396,0.5543741,0.9664203,0.7304905,0.323611,0.47597092,0.16646862,-0.43507788,0.027630895,-0.31191248,0.17264432,-0.37098646,-0.33769158,0.18720317,-0.1543243,0.033475816,0.05679691,0.31870374,-0.23635685,-0.04524672,0.2161029,-0.13561416,0.31696522,0.26819533,0.32742,-0.26812565,-0.1542058,-0.044686556
447,-0.07382724,-0.31745577,0.096793175,0.010924101,0.7705715,0.2494935,0.042112112,0.13979506,1.2888824,-0.25210404,0.509331,-0.3292436,0.009164887,-0.4558062,-0.09874153,-0.049744606,-0.36371326,0.06646216,-0.26920867,0.13997883,-0.4116128,-0.123271555,1.1724579,0.14803028,-1.118056,0.2674557,0.40935737,-0.2257917,0.22377396,0.5800841,-0.12809968,-0.08989143,0.35142547,0.28170547,0.48460242,0.06997067
448,1.5341488,1.0640657,0.75136685,0.62892,0.561849,0.4781988,3.627235,2.1808848,1.2408123,-0.3620376,-0.5461651,-0.61106324,1.9352846,0.92903805,-0.1349058,0.25332797,0.015662044,-0.6079994,-0.045002043,-0.0037392378,-0.0948392,0.21573848,0.28516227,-0.41157675,0.28490782,0.14010899,0.094747506,-0.16940138,0.032435536,-0.95296496,-0.38794348,-0.7838219,0.040086806,0.22583891,-0.09356928,-0.07151759
449,-0.17272852,0.9684312,0.050165474,0.01134038,-0.34428483,-0.178563,-0.070421636,0.08911298,-0.116025805,0.058358908,-0.57894003,0.14864421,-0.7754512,-0.30723578,-0.34749895,0.31400144,0.42244858,0.07162917,-0.2399404,0.07703459,0.1112123,-0.2943261,0.00041222572,-0.1542702,-0.0077057183,-0.20175064,-0.1618576,-0.08560765,-0.43830562,-0.13105267,-0.35899276,-1.0113447,-0.10955298,0.05148241,0.05155534,-0.021811247
450,0.18802431,1.3595326,-0.028547376,1.0576615,0.6471511,0.09489471,0.45653114,-0.67444277,-0.14239216,3.0589252,4.0197926,3.11731,0.45709664,1.4128053,1.2241349,0.08481684,-0.013924405,0.77278113,-0.2120687,0.027347475,0.28257638,0.38735017,-0.29269844,0.018655598,1.3153585,0.97204894,1.7276618,-0.19393867,-0.18639559,0.33854133,1.3236952,1.3294462,2.4893363,0.8006439,2.3422813,-0.24288005
451,-0.13073662,0.40719184,-0.4881686,0.022074819,0.26225457,0.034608305,0.07057986,0.9755228,-0.016292304,-0.7076056,-0.74180764,0.08568007,-0.6932103,-0.058040753,-0.19624656,0.10098195,-0.21326485,0.060560644,0.6294539,0.021193862,0.167305,0.5120517,-0.6272283,-0.21554828,-0.059149683,1.4409709,-0.46810088,0.09116282,0.1362989,-0.28961962,-0.02421391,-0.0039737225,-0.21153829,0.865208,-0.11215833,-0.10484946
452,-0.07288231,-0.45666754,0.25345513,0.10779615,-0.7090614,-0.497351,-0.5913962,-0.030312233,-0.5531708,-0.24755861,-0.16173336,-0.25585383,-0.102813125,0.30328304,-0.14984907,-0.057330996,-0.34265345,0.07872051,0.15275735,0.08716908,-0.27191746,-0.1358608,0.3253513,-0.1006275,-0.74862164,-0.817105,-1.0736448,0.4037953,0.3871773,0.97956276,0.1265626,0.44234416,-0.16884762,0.013811111,-0.17385298,-0.05894029
453,0.17471313,0.67078316,0.25700068,0.8420341,1.155361,0.93175226,1.0539551,0.2758953,0.6283126,0.22536996,0.2825123,0.3442089,0.44129586,0.21471512,-0.17153868,0.4084135,-0.1330153,0.11110985,0.17677921,-0.064033106,0.27806333,0.16269727,0.52737707,0.14608663,-0.3445077,0.36548215,0.1407359,-0.04512787,0.2558034,0.32268822,0.34434676,0.3855781,-0.41492772,0.25024784,0.85769594,0.30877155
454,0.4302431,-0.16879702,0.052304715,-0.21177226,0.10956985,-0.25537622,0.20193464,-0.13910314,-0.10162434,-0.34041592,0.31035343,-0.20684338,0.0917564,-0.028374791,0.061056793,-0.12397796,0.0029630512,-0.2083062,-0.100266576,0.042991817,0.06965339,-0.19226387,0.066747546,-0.39035952,0.26974046,-0.58140445,-0.14404023,0.1836099,-0.24256587,0.365187,-0.16704957,-0.19055903,0.022731453,0.024580508,0.006305814,-0.16447532
455,-0.11577782,-0.10177486,0.1371806,-0.4166237,-0.34709,-0.56066483,0.4651485,-0.60383964,0.46411982,-0.14311773,0.016991913,-0.22810632,-0.30282626,0.040005922,-0.009582281,0.18140103,0.20333225,-0.22149634,0.39990628,0.47096226,-0.27065665,-0.090552986,0.19228223,-0.19077983,-0.26574692,-0.65861094,-0.64409053,0.16749594,0.48951763,0.028970748,-0.11522162,-0.0789091,-0.9885428,-0.24289584,-0.05051905,-0.12081388
456,1.7735944,1.341865,2.6896994,0.44984812,0.76311624,-0.2054047,1.587769,1.3259516,1.4311547,-0.102167204,0.21468472,0.22972882,1.0252963,-0.11264093,0.34555346,-0.32160562,-0.1862894,0.0482208,-0.020200431,0.5229049,0.23633373,0.26146787,0.22135371,0.17536318,0.36918175,-0.35316896,-0.12526765,0.015599787,0.24409282,-0.33459294,-0.2692055,-0.21610874,-0.33477128,0.42597574,-0.27688062,0.1158213
457,1.1987444,0.9063233,-0.027320571,-0.34623846,-0.1371358,0.20798087,2.000013,1.3743644,-0.010736465,-0.015704364,0.059342086,-0.15989602,1.0588883,0.30520767,-0.008035541,-0.69800246,0.33468112,0.010342777,0.69309163,0.057453334,-0.04270357,-0.0011948198,-0.21390358,-0.13340008,-0.49501985,-0.21811485,-0.02731359,-0.08228159,0.090528406,0.080281645,-0.38941187,-0.5754433,0.006990969,-0.30903262,0.028631508,-0.053619623
458,-0.1767382,0.0163607,0.013366818,0.33939907,0.10283795,-0.06668317,-0.07198766,-0.37688115,-0.064054966,-0.10738017,0.0674178,-0.20415336,-0.7921752,-0.30845332,-0.26349235,1.2491789,-0.2616139,0.46880686,0.026868224,0.2042534,0.07813406,0.14118177,1.3909752,0.18490744,0.45766568,-0.14823702,-0.18432021,1.733046,1.1616421,1.1806173,2.114227,2.2880661,1.4712126,0.26996532,0.63138884,0.21268064
459,0.36203435,-0.26080772,-0.27508742,-0.43549892,-0.40461892,-0.6629132,-0.087083876,-0.25074345,0.08878744,-0.038405895,0.78201526,-0.13984227,0.24903053,0.16609229,-0.12303527,0.19812882,0.38755128,-0.15657395,0.87446153,-0.09830638,-0.073153235,-0.123804264,-0.124574125,0.35220402,-0.78235143,-0.5865654,-0.5097107,0.567973,0.06003476,-0.24377805,-0.56605494,-0.10147324,-0.18205197,-0.47530285,-0.49134916,-0.089276105
460,0.09315449,-0.17389077,-0.018734336,-0.046266854,0.071433246,-0.098053336,0.12873578,0.1633206,0.59012985,-0.19746995,0.095493436,-0.06493831,-0.17369747,-0.1587941,-0.70869565,-0.13572645,-0.04736799,-0.39396477,-0.0015643835,0.0702852,0.31810248,0.037332833,-0.36897072,-0.34649903,0.11819577,0.11420493,-0.32287544,0.091320455,-0.08036587,0.3154354,0.027133822,-0.07163956,0.5203963,0.015897632,-0.30785513,0.079784274
461,-0.065825164,-0.14796126,-0.25496972,-0.23248023,-0.25813657,-0.31703684,-0.54361993,-0.1893692,0.1952028,-0.26864314,-0.08498168,0.7619792,-0.16152954,-0.16141526,-0.67937857,-0.13719168,-0.05984756,0.40379822,-0.20254421,-0.15545261,0.0047363043,0.022620201,-0.3840268,-0.4937582,0.22464162,-0.19887903,0.20273441,1.0275251,0.5528705,0.5607984,0.73425746,0.8172629,0.9494494,-0.070902884,-0.14433277,-0.5308702
462,-0.37795353,-0.11423978,0.069143355,0.26683956,-0.5299665,0.092312336,-0.5520888,-0.2658819,-0.27329022,-0.4816286,-0.17839944,-0.20812559,0.4123387,-0.21540928,-0.08747697,-0.14632177,0.42843956,0.4361609,-0.19887924,0.1011205,0.32245052,-0.5795013,0.22343478,-0.31205156,-0.70229226,-0.16893472,-0.18768272,-0.9915851,-0.34165302,0.043895483,0.447398,-0.43182206,-0.29511803,-0.05250698,0.07937007,-0.26220718
463,1.0299256,0.4974979,0.13378489,0.45292115,-0.001995653,-0.1977362,-0.49091363,0.46503788,0.2617708,-0.6346146,0.19338982,0.13954006,-0.020988673,0.2500552,-0.16059041,-0.19425729,-0.08536184,-0.23917705,0.4673283,1.0717474,0.14434451,-0.30220413,-0.1670419,0.09407836,-0.42253673,-0.19222352,-0.2575684,-0.18955988,0.41644722,0.4876113,-0.08527267,-0.5781749,0.21350634,-0.56243014,-0.29738757,-0.1400426
464,0.32048342,-0.8804962,0.17630343,0.03346461,0.24237469,0.17261359,-0.1001966,-0.783131,0.15375763,-0.21762162,0.4487841,-0.060856476,0.055159807,0.0022277832,-0.32842657,-0.24236691,0.23429333,-0.24491763,0.13537574,-0.31764093,0.24522744,-0.19232798,-0.21596003,0.48755795,-0.09427762,0.13432583,-0.14476226,-0.17653283,-0.14632516,-0.48941213,-0.3183971,0.06752026,-0.5752697,-0.086856544,-0.39122942,-0.22460508
465,1.7772082,0.12225486,0.0023921728,0.13162152,-0.07171938,-0.14056326,1.300912,-0.019736096,0.32434386,0.19929695,-0.34976986,-0.1501369,0.17011666,-0.10414612,0.004345298,-0.41549942,0.5595013,0.46186,-0.016698867,0.7880123,0.1623702,-0.5824733,0.09370572,0.17414497,-0.564687,-0.19282347,-0.24696617,-0.30689365,-0.83644664,-0.50155926,0.08173156,-0.771138,-0.18933067,0.10112919,-0.59147483,-0.28338164
466,0.42824012,-0.43864173,0.023759246,-0.18839449,0.05797623,0.18882048,-0.05645746,0.7547569,0.2958175,1.0166851,0.38529876,0.29961032,0.15883613,0.6863291,0.3830189,-0.056513965,-0.11589882,-0.0029616356,0.37759316,-0.29534405,-0.0043352246,-0.23942423,0.48858696,-0.14022899,-0.2421431,-0.52187985,-0.17649807,-0.17323524,0.39668298,0.2167083,0.4324534,0.047581896,0.1744867,-0.38916433,-0.0752306,-0.05512339
467,0.014444739,0.15313728,-0.06520909,0.23689452,-0.0530162,-0.12798741,0.2914589,0.19150281,0.13163096,1.6785576,2.1702154,0.9567295,1.9882343,0.7457369,0.2602362,-0.11255077,0.3288982,-0.113431334,0.073659375,0.25792384,-0.17624873,-0.07111842,-0.062785715,-0.16527468,-0.1949715,-0.3180725,-0.15875891,-0.62126464,-0.3247122,0.5469327,0.046036303,-0.17632955,-0.20660535,0.37969276,-0.083214164,0.13426232
468,0.65624404,0.022843719,0.39188266,0.49842477,0.08067936,0.027488291,0.43671513,0.63193685,0.25211948,-0.49048316,-0.03777033,-0.03772223,0.72712797,0.23964474,-0.05890876,-0.027599216,-0.06383842,0.15513223,0.16115278,0.060622722,0.08915329,0.19577622,-0.010727957,-0.10196495,-0.25785047,-0.2503749,0.14119214,-0.17270893,-0.009077311,-0.07314235,-0.07031816,-0.1149188,0.046186388,-0.060985863,0.006987348,-0.12070805
469,0.5480413,0.33370095,0.45706964,0.22772302,0.17145532,0.09325075,1.5869853,1.4603989,0.71346164,1.5666335,0.6313523,0.88005865,3.2719731,3.0862024,1.9572132,-0.47592044,-0.3882929,-0.11705005,-0.154491,0.18500882,0.116241455,0.0035457686,0.23216781,-0.118790865,-0.2339578,-0.8071801,-0.33559448,-0.6751504,-0.50318015,-0.04828316,-0.63874984,-0.7314468,-0.008306205,-0.005301088,0.099666715,0.0053091645
470,0.03884235,-0.027706895,-0.04884988,-0.3553576,-0.24252903,-0.115813255,-0.12171584,-0.36189568,0.3636433,-0.0021486878,-0.062019438,0.19390458,0.168437,0.42859542,0.24232596,0.16401586,0.98725426,4.563951,-0.17894709,0.31874323,0.15104482,0.31534702,-0.122918785,1.0321072,0.60430366,0.18963757,-0.07733905,-0.07079813,0.024986517,0.020229481,-0.37246376,-0.05611497,0.37910014,-0.23578572,-0.05937989,0.4035684
471,0.81927764,0.3266099,-0.16091341,-0.46787578,0.30602708,-0.9969996,-0.17415324,-0.6053781,-0.22255018,-0.16694303,-0.38510656,0.764227,0.13954413,-0.12370695,-0.68546605,-0.1721177,-0.020180404,0.060949028,-0.17654252,-0.3242203,-0.1672194,-0.23176205,0.31697118,-0.30413577,-0.6825983,-0.1082523,-0.0038853884,0.1201483,-0.08215638,0.21738058,-0.6300887,-0.76740605,-1.2716458,-0.2257111,0.33442646,0.9128941
472,0.34538278,-0.29962122,-0.09922528,-0.89201057,0.69269496,-0.010928035,-0.32610685,-0.6584177,0.13964583,-0.21108294,0.39360476,-0.021261811,1.1786216,-0.061933503,0.14369518,-0.11180669,0.15565619,-0.09146941,-0.2848529,-0.54165757,-0.44696152,-0.25846374,-0.27916622,0.058302402,-1.0111263,-0.7097881,-0.31481606,-1.164425,0.3932948,-0.6788681,-0.3802771,0.0745455,-0.8315983,-0.35790116,0.07575208,0.29284072
473,-0.25322863,0.25089842,0.15028638,-0.006661266,-0.14614367,0.7519295,0.198174,-0.16491872,0.04265675,0.08965397,-0.10531238,0.18948162,-0.17294723,0.32371068,0.5113604,-0.36422807,-0.28387257,0.16131407,0.06964433,0.14574888,-0.024321884,-0.31925216,-0.084211245,-0.4300052,-0.022866905,-0.47839618,0.04510033,-0.5218148,-0.23063947,-0.19549279,-0.21322131,-0.13948496,-0.44004732,0.2999462,0.41815245,-0.6050985
474,-0.011968911,-0.093836784,0.43505442,0.2611823,0.32040906,0.25609422,-0.1323219,0.20263058,-0.4002254,-0.29045695,0.15636864,0.8114519,-0.15372229,-0.27646562,0.21955389,0.1824441,-0.35607606,-0.42212313,0.283669,0.51868606,0.17174926,-0.15308285,-0.043774366,-0.025767803,-0.01865685,0.30795714,0.44809526,0.13908456,0.0909203,-0.2917149,0.27725512,-0.2258953,-0.23976135,0.164087,-0.04826495,0.032989383
475,0.04725772,-0.12179327,-0.111860275,-0.007221997,-0.09422624,0.059102073,0.0051618814,-0.27597064,-0.22263598,-0.054832578,0.069764495,-0.10747373,0.14287457,-0.019693017,-0.5776248,0.03233999,-0.6313025,0.074827194,-0.109243095,-0.037438452,0.020222485,0.4494244,0.030479312,0.056886584,0.45109713,0.8562915,0.9788301,-0.035536982,0.8025586,0.14280277,0.32735392,0.74322724,0.15418172,0.3202213,-0.6624943,-0.018095136
476,0.020096421,0.5101804,0.5561395,0.02977854,0.04067427,0.7098594,-0.10526407,-0.1543579,0.41523492,-0.088295996,-0.14782012,-0.40749085,0.11146343,-0.103476,0.07496756,0.13073432,0.15599349,0.05581498,0.15790802,0.076182574,-0.45639277,-0.088716626,-0.08495873,-0.6391368,-0.13246226,-0.1763972,-0.17988327,0.43119445,0.088601574,0.83658993,0.035787165,0.4504242,0.92267823,0.7407159,1.0604261,1.7028457
477,0.18043129,0.21362405,0.30068094,0.30256492,0.5847279,0.26177004,1.1846085,0.0790351,0.34333014,-0.15616329,0.005454369,0.4033454,0.042779103,-0.10520258,-0.5362046,0.33225763,-0.060961008,-0.1770302,0.7450043,0.110973805,-0.34083864,0.30749115,0.04125133,0.2523057,0.41416973,-0.09543806,-0.4956086,-0.37099248,0.1957674,0.105403185,0.19097567,-0.9498612,-0.068534255,0.938422,0.079027414,-0.15649933
478,-0.10397428,-0.18756226,-0.43630028,0.013064146,0.10069066,-0.0059638023,0.12477368,-0.049251616,-0.26831996,0.39575416,0.49366555,0.42316982,-0.008346438,0.16311398,0.799078,-0.11426914,0.2008313,-0.34553304,0.20614094,-0.08223132,0.16754997,-0.05285734,0.051153183,0.33803666,-0.03824073,-0.06680453,-0.0828774,0.34882718,-0.055655062,0.38156044,-0.09351772,0.025972843,-0.31762648,-0.10272449,-0.061098993,0.3426814
479,-0.26814854,0.16348755,0.47703528,0.29832488,0.10691583,0.31336942,0.15356791,0.032411158,0.1531353,1.0134027,0.75720274,0.67417306,1.4337498,1.1609001,1.6775165,-0.0017858148,-0.08629583,0.10798049,0.45120472,0.13168353,0.17624778,-0.2915659,0.073530436,-0.19264224,-0.13125467,-0.57169276,-0.47485793,-0.35100335,0.04522127,0.22250926,-0.480925,-0.2512853,-0.09000927,-0.03706497,0.091989696,0.03037417
480,-0.05659783,-0.25742,0.46959633,0.055818886,-0.062367313,0.18215904,-0.038891196,-0.3724112,-0.09667027,0.021213591,-0.3479539,0.21136342,-0.15737969,-0.2019518,-0.5550036,-0.2831084,0.0032930318,0.42785984,-0.015619397,0.23718515,-0.0053418875,-0.004261017,0.19252655,0.04115337,-0.20658106,0.18050236,0.36989236,0.3632005,0.25853753,-0.1298837,0.12517178,-0.26623127,-0.014507234,0.15381372,0.07358277,0.51783425
481,0.1031615,0.085977435,0.19888702,0.21032143,0.08783376,-0.6188197,-0.1699692,-0.2814233,-0.44679558,0.15778509,-0.15726101,0.6278373,1.5744923,1.2749641,0.20351522,-0.29612437,-0.6879016,0.41939673,0.29731852,0.16798243,-0.042301744,-0.26749912,0.12330275,-0.45158324,0.25850827,-0.14318775,-0.21740603,-0.27288526,0.12934542,-0.29490522,-0.0611974,0.07260689,-0.024308056,-0.12133658,0.59039086,0.7150197
482,0.28885323,0.10376698,-0.14173234,-0.2639953,0.17342685,-0.12733465,0.11157584,-0.24065197,-0.27933747,0.17672545,-0.4369168,-0.3410704,-0.16439903,-0.20141166,-0.49670005,-0.28736052,0.0053192973,-0.3539244,-0.00021207333,-0.24452834,-0.06940919,-0.35634106,-0.22073972,-0.45061612,-0.19458485,0.676293,-0.24372351,0.2535987,0.026147664,0.554081,0.023524523,-0.15819418,-0.07584369,-0.28315467,0.12474048,0.010902822
483,0.13865912,0.086862326,-0.11936746,-0.3450986,0.06255317,-0.03321889,0.0060112476,-0.108300745,-0.2174021,-0.18797827,-0.006578088,-0.22030544,-0.10266861,0.055686057,-0.21861178,0.085032225,0.01697427,0.07847185,0.033005774,-0.20217031,-0.08145703,-0.21370918,-0.11720127,-0.1534527,-0.47153568,-0.22167838,-0.14047779,-0.04736519,-0.14311782,-0.103205785,0.0950639,-0.16584659,-0.10597864,-0.09697014,-0.027412243,-0.13807651
484,-0.18905315,-0.27875572,0.15870804,0.11097497,-0.14606279,-0.7737312,0.08851579,0.11222905,0.47674543,-0.33982557,0.389538,-0.31087768,-0.3712944,-0.10259229,0.07438719,0.2888118,0.67735296,0.2183814,-0.1748085,-0.38143355,0.25892174,0.2811327,0.53836554,0.38693237,0.4754538,0.5776507,0.7246846,0.7347484,0.3578179,1.5278676,0.5398559,0.612388,1.3881974,-0.13852829,-0.013202578,0.5854831
485,-0.14215225,-0.1291995,0.38407725,-0.25167298,-0.30897948,-0.4548741,-0.017372489,-0.07235682,-1.1854987,-0.11799359,-0.38921645,-0.45811313,-0.13089627,-0.1778843,-0.07861829,0.14566803,0.17437035,0.08970189,-0.20595914,0.15219408,0.733996,-0.09520638,-0.13080445,0.16725612,-0.35338002,-0.14497116,0.16179785,1.1482545,1.0165915,0.87965184,1.261399,0.8651033,1.2738689,-0.017379165,-0.107258126,-0.28347182
486,0.10878283,0.0232016,-0.04893583,0.100346506,0.10991734,0.10432482,0.004360676,-0.13432252,-0.48112047,-0.12408042,-0.19168231,-0.08415431,0.07627821,-0.07299465,-0.24178746,-0.036396444,-0.07741773,0.28575587,-0.039782703,0.10739133,0.65358865,0.10784733,0.04070571,-0.55114496,0.05238062,0.24993397,0.54673034,0.112235844,-0.031118035,-0.23939118,0.06198305,0.004431188,0.010189235,0.10950774,0.255699,1.6307689
487,0.10967207,0.16969761,-0.24100077,0.19863927,-0.13960284,0.40903962,0.075864136,0.0572899,0.35252038,0.08366245,-0.01255095,-0.1989789,-0.0076173544,0.11426434,-0.21749997,-0.0468086,0.15469232,-0.49500656,0.106544614,0.1480097,0.1798681,-0.062372804,0.06585103,-0.19752961,-0.04034871,-0.0373891,-0.60214615,-0.10970014,-0.18714699,0.20821232,-0.17223978,0.05805117,0.31933767,-0.007917166,-0.13282013,0.5191623
488,0.37074196,1.8243159,0.04050857,-0.071623474,0.28853804,0.26756397,0.56202626,0.42827117,0.3804613,-0.64293265,0.32697245,-0.4353871,-0.5758058,-0.4136129,0.26686224,0.6443043,0.061238945,0.19424331,0.23281834,0.022419572,-0.6362446,0.5832651,0.37111473,0.5700695,0.8862674,1.4757152,1.6277815,0.26574147,-0.087386556,0.5493887,0.23095644,0.7342629,1.3831292,0.6254371,0.14270249,0.0649277
489,0.13178763,0.33968472,0.11261782,-0.048503935,0.10490751,0.2739129,0.18748504,-0.09708783,-0.41754094,1.2485605,3.8353708,1.6153618,0.78670263,2.0176406,1.2237493,0.1066255,-0.060566638,0.12232487,0.18156475,0.3327524,-0.09540582,-0.29072195,0.20687288,-0.07820507,-0.3486289,-0.2876707,0.0020727515,0.3092454,-0.19295336,-0.47440273,-0.41261524,0.15600048,-0.45640853,0.37189186,0.241647,0.016222656
490,0.12230295,-0.037290365,-0.009848118,-0.25096387,-0.013111323,-0.054621875,-0.2805637,-0.1093148,-0.16807365,-0.13510212,-0.06973243,-1.3163277,-0.27392676,-0.23077255,-0.13430503,1.4758145,0.21176165,1.2586393,-0.7431015,0.27975446,-0.09168604,2.0572538,0.8739532,0.23015916,3.3681624,4.2145967,2.2570531,1.0831939,0.322434,0.6092613,2.7127547,2.876864,1.703799,-0.24534082,-0.024598122,0.0050260425
491,-0.28875142,-0.08573246,-0.40358713,-0.056467652,-0.40689826,0.1728419,-0.15603125,0.032571614,0.0034214333,0.05255261,-0.43056926,0.3667275,-0.120554686,-3.954768e-05,-0.3792416,0.027810544,0.19317129,0.109825745,-0.16534719,-0.08986899,-0.49160865,0.053753644,-0.43455118,0.085594945,0.027039409,-0.37095517,0.03910169,-0.29728663,2.3664634,0.28343478,-0.08556533,0.3248398,0.18155386,0.09689674,0.10536823,-0.14462402
492,0.021193445,0.0018529817,0.535861,-0.26898396,-0.31500402,-0.38588178,-0.013117015,-0.12693137,-0.34980553,-0.15296996,-0.058062434,0.10396576,0.44813678,0.21366185,0.3569218,0.034082234,0.28649536,0.056853622,-0.0035710335,0.07256383,-0.27479982,0.059327483,0.14650093,1.1700131,-0.12973386,-0.24136645,-0.1877991,-0.12356663,-0.08282113,0.5262281,-0.04540825,-0.07385269,-0.45721215,-0.023748696,-0.08376706,-0.13954198
493,0.30706885,-0.5035748,-0.43863174,-0.30589205,-0.09554875,-0.1747182,0.05874604,-0.25972342,-0.64496726,1.9605635,2.7940142,1.376169,-0.041877657,-0.051137388,-0.836398,-0.31072617,-0.019110352,-0.48483586,0.17015362,-0.005428374,0.19461465,0.10759437,-0.17864665,-0.17621192,0.0345484,0.028537035,0.045307636,-0.18504044,-0.4345699,-0.93964183,-0.027846634,0.24850921,0.38744175,-0.011286318,0.27419794,-0.57432413
494,0.06535137,-0.30114928,0.6588826,-0.05562073,0.09251577,-0.32617804,-0.05784422,0.045312405,0.0885265,-0.006246865,0.17300366,0.6590128,-0.24092609,0.011874437,-0.8731239,0.24903017,0.104525745,0.32188815,-0.04233715,-0.1891984,-0.21854582,0.07653582,0.18612677,-0.3655802,0.29255623,0.39640075,1.5075718,0.23360841,1.8932984,0.39786702,0.70491916,1.1436083,3.5186868,0.04654622,0.039872453,-0.03294298
495,-0.04800248,-0.1680606,0.24681172,0.09489703,0.35324186,0.52992684,0.070375085,-0.10213035,-0.01525861,0.24433768,0.8043047,-0.77922475,-0.16803658,-0.081505775,0.38932234,-0.14856565,-0.15745643,-0.19432771,0.00074756145,-0.21382566,-0.2507112,-0.06962812,-0.18599778,0.33712274,0.20809996,-0.13013726,-0.24133348,-0.5038449,-0.53962773,0.24483252,0.00042366982,0.01263386,0.88046896,-0.34526622,-0.3241066,-0.27020478
496,0.14578775,0.0331577,0.36675423,0.03101015,0.8134736,0.6679996,0.38797978,0.015194058,0.76015306,-0.005319923,0.2145629,-0.04011342,-0.022423357,0.26504284,0.16024679,-0.5248496,0.08982149,0.17473896,-0.09015328,-0.33340538,0.0050162673,0.6059068,0.1911939,0.24934377,0.12186152,0.57192665,0.16594249,-0.24897727,0.12459904,-0.27673757,-0.10530937,0.17001498,0.042716328,0.074539065,-0.29906732,0.10301283
497,-0.32568514,-0.303801,0.034367323,-0.13174045,-0.16026965,-0.19489014,-0.24448085,-0.09188479,-0.05826986,-0.20795488,-0.30830678,-0.1276102,-0.38643622,-0.2932615,-0.13509327,0.00257051,0.02238091,-0.04889214,-0.029987574,-0.018520027,-0.048463106,-0.048680067,-0.15626335,-0.089433074,0.043747544,-0.010505199,-0.11504555,0.11080152,0.14738867,0.14615917,0.0789057,0.10008007,-0.08866149,0.090525985,-0.114855915,-0.011115193
498,0.9506503,0.76433206,1.4554143,-0.36637247,0.09354806,0.78454727,0.9823444,0.47514462,-0.32891244,-0.022924662,-0.13069563,-0.02175573,1.343694,1.1553022,-0.016469955,0.3259005,-0.24894041,-0.15515572,-0.3682875,0.24680316,0.010675676,-0.06400132,0.2998255,-0.22039104,-0.12022221,-0.52182925,-0.31504777,0.39723215,0.4781601,0.081489354,-0.23811781,0.6817473,0.34089518,1.021088,1.1032314,1.2400498
499,1.7780504,0.25574523,0.5860635,0.12337291,0.15694249,0.07694286,2.355615,1.4677466,0.372198,1.0734212,0.18997896,0.16377527,3.2086399,1.4036995,0.54847306,-0.12013245,-0.084813476,-0.0974552,0.3242788,-0.048366725,0.14472741,0.22985199,0.082977265,-0.021202385,-0.09709001,-0.3274191,-0.22878838,-0.069316685,0.018781781,0.030373394,-0.13784468,-0.3585524,0.19451106,0.07744238,-0.08248752,0.07229769
500,-0.55604494,-0.31552064,-0.08711573,0.2863085,-0.06700051,0.17531858,0.095065214,-0.26100808,-0.39998168,-0.123616055,-0.054535296,0.0034877658,-0.7332486,-0.16630307,-0.33241808,0.58443713,0.9383387,-0.07274557,-0.501022,0.22126602,0.024121843,-0.12792033,0.4531902,-0.23627941,1.0145876,1.1856439,0.16390702,-0.53790855,0.42553097,-0.32349062,0.14769593,0.38249978,-0.03704892,-0.21637382,-0.16090332,-0.4086194
501,0.007846296,-0.20016228,-0.015561521,-0.20634294,-0.32325286,-0.3785646,-0.16188204,-0.20770791,-0.10636728,-0.042149603,-0.25210795,-0.33509487,-0.15732151,-0.32416236,-0.3501773,0.023826301,0.24549903,-0.3393169,-0.18987525,0.24264309,0.51095986,-0.075745344,0.28104854,0.57622313,-0.3578034,0.24445617,-0.30935705,-0.026035428,-0.24504805,0.4944719,0.13072395,-0.092500746,-0.436198,-0.11228359,-0.38393617,-0.09287959
502,0.7023505,0.010716647,-0.33232385,-0.27518812,0.25188494,0.05706489,0.010904849,-0.6801938,0.8506261,-0.07070923,-0.05581081,-0.7772187,-0.051667392,-0.12747356,0.28758824,0.9694093,0.78188014,0.5471011,-0.1424632,0.12719649,0.024425328,0.3030377,0.23852979,0.60066766,0.5325911,1.2953656,0.5637386,0.16492367,-0.21581188,0.9504719,0.19481182,0.37590587,0.07387203,-0.51573926,-0.6687677,-0.09832239
503,0.008556813,0.30987358,0.18231753,0.32045057,0.726915,1.4680318,0.08170571,0.19458407,0.8012742,0.36256158,-0.41230607,0.12800881,-0.4281759,-0.56165415,-0.0034310222,-0.14039823,0.111839384,-0.04164785,0.09072301,0.16652116,0.0128798485,0.40183347,-0.33216864,-0.016626544,0.0796054,-0.09556163,0.027254567,-0.2539737,0.13231349,0.012115911,-0.09609133,0.20687526,-0.06909503,0.6703748,-0.1342349,0.6865192
504,0.37558258,-0.085264385,-0.017885476,-0.09487641,0.16091369,0.14851758,0.40422094,0.084471285,-0.021712273,0.9848777,3.1878927,-0.1435938,1.9288576,-0.26583087,-0.7025216,0.0026060939,0.213133,0.03553918,0.06508834,0.13678636,0.14570358,0.42049587,-0.009718057,-0.011231549,0.08796176,0.035452217,-0.38109863,0.09217608,0.12070836,-0.41648,-0.45395547,-0.0908703,-0.023574613,0.36176366,-0.0863395,1.0050334
505,0.11234281,0.4025787,0.28641888,-0.1082546,0.16931212,-0.39526474,-0.33870795,-0.5686152,0.235647,-0.53043544,-0.83091736,0.3275664,0.021577358,-0.23051324,-0.014540337,0.008246884,-0.3383962,-0.18436201,0.3966059,-0.13763383,0.0018741488,-0.10675988,0.099921316,-0.0067002177,-2.7732959,0.42739132,0.015635826,-0.38303205,-0.032001853,-0.40076247,0.0023924708,-0.14680988,-1.9410882,0.19168007,-0.44623107,0.42802888
506,-0.3282109,-0.19333795,-0.43646038,1.4915826,0.60044354,0.19118267,-0.3509009,0.1954155,-0.8459216,-0.2517497,-0.7314148,-0.33835852,-0.4149222,-0.34173912,-0.36355132,0.17789018,0.24640876,-0.043942094,0.23204818,0.08750446,-0.15605062,0.31397533,0.41478086,0.22028208,0.08929068,0.4715413,-0.1796354,0.17388983,0.2877165,0.1170761,-0.103880085,-0.17148495,-0.06676772,0.5016427,0.4152283,0.38236284
507,0.043705583,-0.043396473,-0.35917673,0.005835891,-0.14268112,-0.26780993,-0.38490954,-0.2725134,-0.24551259,-0.14111006,-0.20791906,-0.40739924,-0.12652826,-0.35956684,-0.600567,0.14057344,-0.4684291,0.3177191,0.12106228,-0.0063746274,-0.16010252,0.032078505,0.48916927,0.390171,1.0554194,0.75977373,0.39571887,-0.08418751,0.0639689,0.496428,0.3289743,0.8236194,1.1446476,0.0986802,-0.034682214,0.08078647
508,0.16674727,-0.36913848,0.7292254,-0.4474591,-0.16886215,-0.2385754,-0.15814257,0.09161329,0.29026508,0.2957542,0.9488708,0.24366018,0.54678595,0.5517429,0.30540204,-0.23838998,-0.35195202,-0.50750494,-0.4795357,0.14199893,-0.10050058,0.025991857,-0.02103424,-0.21129546,-0.26221097,-0.61338866,0.080381155,-0.5817219,-0.09569767,0.22270459,0.06046951,-0.0006841421,0.445714,-0.18770537,-0.020984411,0.199184
509,0.2313785,-0.012800172,0.2472988,0.14894065,-0.07397041,-0.0019218326,0.044055074,0.11166175,0.028724313,0.48832574,-0.3276521,-0.123453006,-0.02461654,-0.68059283,-0.6205735,-0.16145101,-0.28883207,0.10789775,-0.15421242,-0.09932569,-0.18851252,0.2969596,-0.79999363,-0.16567504,1.5746324,3.203217,0.399216,0.24232613,0.068178564,-0.033031356,0.01600051,1.0560286,0.8115091,0.014724195,-0.079939276,-0.07692486
510,-0.6822859,0.20487392,-0.3037846,0.20934975,-0.26527932,-0.23232873,0.23229259,0.14874148,-0.40720817,0.32502538,0.33764517,-0.36667728,-0.8482131,-0.09618044,-0.2110573,0.011258423,0.108274914,0.13415328,0.056363776,0.24189427,-0.31126606,0.035365254,-0.21188311,0.45673543,0.33650726,0.46658662,-0.2351417,-0.07778284,-0.12958328,-0.024412483,-0.14331305,0.13357651,0.043818206,0.20246723,-0.5765685,0.39308006
511,-0.11530222,0.6206378,0.041110545,0.614794,0.2469978,-0.58927613,-0.20004892,0.41391963,-0.31681684,-0.35720268,-0.6336684,-0.18383855,-0.68263745,-0.80144083,-0.55440164,0.47564197,0.3564881,-0.24813353,-0.37607247,0.45783788,0.11791164,0.36226737,0.12879431,0.30605358,0.53455156,0.49867657,0.10253973,0.23320384,0.18773209,-0.027876794,0.60877526,0.2646423,-0.20850456,0.3283504,0.22708887,0.84208053
512,-0.019133896,0.015217595,0.08576664,-0.30406895,-0.9057516,-0.6127007,-0.29646534,-0.3582492,-0.016325057,-0.69160455,-0.8956467,0.024614066,0.04902053,-0.14636934,0.08278101,0.3974852,-0.25177002,-0.26011616,-0.25509602,-0.11985258,1.114259,-0.18670082,-0.22896653,-0.046269253,-1.0703456,-0.40828988,-0.48530662,0.040881947,0.17590493,0.5445397,0.17100161,0.40282696,-0.055959582,-0.7486528,-0.33948338,-0.24709326
513,-0.033537686,0.16118848,-0.17205817,-0.024239406,-0.590656,-0.3075624,0.18310523,-0.102181725,-0.30346182,0.012252748,0.13435581,-0.056940675,-0.4429259,-0.31111133,-0.32805634,-0.12207627,-0.06131482,0.5335064,0.2071138,0.41851175,-0.9537778,0.49855927,-0.09247106,-0.74899065,-0.6305034,0.037816823,-0.8922355,0.2312814,0.06871116,-0.65988874,-0.23132038,-0.3978819,-0.5735102,-0.20874554,-0.27796417,-0.25276753
514,0.3889944,-0.59212005,0.021100536,-0.41241843,-0.109020345,1.1590873,0.35405335,0.15483928,0.87406623,-0.8321469,-0.2547303,0.13244256,-0.5765203,-0.51586294,0.20170778,-0.18058279,0.05851233,0.0760923,-0.308814,0.15995044,-0.030866027,0.07318604,0.26678407,0.38729167,0.119681366,0.0079396665,0.016475707,-0.28662986,-0.2763702,-0.25379032,0.325899,-0.06235069,0.07654886,0.07220623,0.33448124,0.4508373
515,0.35935313,0.34579724,0.22451165,0.358815,0.46599603,0.16235757,0.010934532,-0.15288371,-0.35180548,0.054568887,-0.045906603,-0.16524695,-0.13202521,-0.3517324,0.27677277,0.260695,0.22745657,0.58707404,0.29838592,-0.2430994,0.18813829,0.37167475,0.45962936,-0.020694405,0.767432,-0.34591442,-0.11520239,0.017323136,-1.0239491,-0.47105604,-0.2756452,0.279281,-0.5289822,0.24615386,0.19603552,0.5694573
516,0.5234853,0.0089146495,0.14308494,0.8586806,-0.030531347,0.1893033,2.2715275,1.1831542,1.1061043,-0.1838798,-0.33672285,-0.03437227,-0.11462867,0.21082373,0.41117755,2.1221561,0.65579355,0.019462049,-0.121883035,0.11637053,0.026647357,1.4242458,-0.04624343,0.056701377,4.409025,2.9844599,2.8138773,0.06427282,-0.21520558,0.00841406,3.1679256,4.6045732,1.0270783,-0.1956836,-0.054697543,0.08972728
517,-0.10139254,-0.33837184,0.02405876,2.3259869,2.9197907,2.565001,1.601497,1.1470436,1.2779493,-0.044915393,-0.9232328,0.14387828,-0.3716973,-0.09348434,-0.18084276,-0.23091662,-0.095796764,0.06348598,0.13506174,0.011219978,-0.14564401,-0.5393742,0.04703476,0.0043616295,-0.30939555,-0.31238335,-0.32520276,-0.0024460554,-0.024888813,-0.07605857,0.1357088,0.2458821,-0.3663205,0.08608428,0.11156589,0.2957906
518,0.08330172,-0.09022315,-0.074581645,-0.023195207,0.088961184,-1.0544033,-0.05161369,0.1620217,-0.2584184,-0.031881213,0.1341521,0.07002652,0.15161967,-0.0329853,-0.3953835,-0.0029852986,0.15712094,0.05928816,0.08173126,0.21075419,-0.68769455,0.0759545,-0.17055437,-0.03821659,0.018720746,-0.053818725,-0.09169784,-0.1942188,-0.14690161,0.05823751,-0.06306839,0.012889296,-0.11325449,-0.10081005,-0.019917607,-0.2810747
519,0.8874434,0.019904315,0.31910723,-0.25258225,-0.5935744,-0.07358506,1.0310972,0.51947075,0.11286715,-0.68405205,-0.3333971,-0.531963,-0.17366219,-0.30534482,0.22900027,-1.0547743,0.3946027,0.12742108,0.7071282,0.023997903,-0.048516355,-0.34615093,1.0147874,-0.20665091,-0.62691313,-0.22948086,-0.5030978,0.17767268,0.05260074,0.0097337365,-0.24572074,-0.055302143,-0.9235153,-0.3054164,0.15112752,0.22461474
520,-1.1146064,-0.6148719,0.107669935,-0.44991446,-0.685616,0.20829321,-0.69378024,0.023887292,0.5483017,-0.06489265,-0.27966273,-0.3250378,-1.2041469,-0.0753365,0.35502076,-0.6796624,-0.10397363,-0.41288903,-0.079822175,0.28078097,-0.104734,-0.19455415,-0.13899502,-0.06950328,-0.19589975,-0.30491462,0.1911155,-0.15535742,-1.2525849,-0.48066697,-0.15969953,-0.3999853,-0.2630329,-0.8965369,-0.05595492,-0.17375988
521,0.25653064,-0.26006165,-0.39231914,0.0313361,0.64981616,1.1076623,-0.52329767,-0.03334707,-0.17099726,0.598046,1.2168285,0.93486893,-0.36504197,-0.64156777,0.4754489,-0.26822025,0.13249105,0.85255253,-0.07277003,0.118203215,-0.16045204,-0.07612537,0.500067,0.19121906,0.6711675,-0.08129895,-0.75058365,0.06441192,0.026997745,-0.14669645,-0.28557807,0.22942777,-0.0292629,0.2435121,0.21075067,-0.17778867
522,0.45614314,0.6249668,1.1225063,0.03227967,0.0007789135,-0.0352813,0.23772377,0.30336642,0.9955849,-0.11485028,-0.06319535,-0.4456824,0.3245809,0.5880936,-0.28146088,0.02759111,-0.028143287,-0.40723094,0.056525707,0.22221509,0.07310188,-0.039582312,0.0664587,-0.014048636,-0.0040798187,-0.20468533,-0.23962454,-0.029281378,-0.08666819,0.7665546,-0.12999403,0.037089527,0.15358078,0.1499967,0.55755794,0.7574295
523,0.1526822,-0.53711057,-0.21241611,-0.058295548,0.017855316,-0.100081295,0.1931117,0.14214174,-0.14664358,3.8330436,3.805799,2.9829023,2.5023296,2.6021194,1.5654571,0.010266691,-0.10985719,0.116098255,0.23388694,-0.1280081,-0.040558264,0.29048926,-0.08665186,0.1592437,0.37063247,-0.28553072,-0.2790147,-0.51700974,0.07234481,-0.08762926,-0.47569412,0.034949273,-0.058211744,0.06665146,-0.1361801,0.1014387
524,-0.4852656,-0.72199035,-0.45786896,0.0048606247,-0.20942646,-0.18069321,-0.34396964,-0.4774498,-0.4523633,1.4307061,0.81985885,0.6602715,1.1054089,0.2830148,0.005327165,-0.40974426,-0.27557084,-0.26245028,-0.08617884,0.047224343,-0.11277276,-0.36819297,0.1383006,0.039286673,-0.63311195,-0.489046,-0.38780552,-0.043516338,0.31484407,0.16458443,-0.81813097,-0.19860631,-0.046189785,0.30823925,-0.010046542,0.049695134
525,-0.29203612,-0.12115723,0.1293521,-0.053132474,-0.14716071,-0.20805657,-0.0017358065,0.4493053,0.32864547,-0.2451852,-0.04868713,0.15830706,0.086060435,0.005732484,-0.6417546,0.0874933,0.3484415,-0.4439898,-0.24079418,0.2601092,-0.53838694,-0.18063855,-0.2410588,-0.11179639,-0.019090474,0.33530375,0.02295208,0.1818713,-0.3023539,-0.15916908,0.47044605,-0.20973027,0.64118505,-0.06939697,0.18266046,1.0197566
526,-0.1016742,0.26116264,0.21989542,0.26683074,0.5035935,0.39858627,-0.016981542,-0.14903682,0.14413363,0.23187184,0.1381537,0.014371991,-0.16779947,-0.14887562,0.040313423,0.1314022,-0.04881069,0.13098657,-0.26086995,-0.22157925,0.16165382,0.04097271,0.5101708,0.17218512,-0.36852837,0.49261045,0.012705386,-0.18329278,-0.050191343,0.17060065,-0.20395726,-0.18105787,-0.12995996,0.24007875,0.3736257,0.15698963
527,0.71976405,0.2229222,0.13945794,1.0585525,0.20065331,-0.16709512,2.5184658,1.3391246,2.803548,1.2268507,0.9255955,0.67288816,2.016621,1.525229,0.8693358,0.46119305,-0.16527823,0.22847688,0.017436028,0.53443,0.12669665,-0.48850048,-0.28126475,0.029812455,-0.5000408,-0.55775154,-0.14884508,-0.36633795,-0.18885523,-0.14109021,-0.08096129,-0.33478677,-0.15447605,0.19442408,0.11851097,0.10616505
528,0.16944712,-0.097262464,-0.1722,0.0028118566,0.3908749,0.13647756,0.95173496,-0.010850906,0.31213123,-0.3450934,-0.34029052,0.28116858,-0.54281884,-0.13575774,-0.46261805,-0.0075086243,0.3604769,0.35473126,0.16804767,-0.30864733,0.4074673,-0.11467129,-0.08318168,0.041098446,-1.535347,0.024794757,0.15102401,-0.12583202,0.32822847,-0.31971955,-0.09388089,-0.19625118,-0.74304354,0.062480994,0.10940063,-0.11263212
529,0.65735674,-0.0029797256,-0.27740377,0.68958294,0.5858877,0.3680289,0.41400984,-0.025484778,-0.23216659,3.084365,1.1785426,0.12821591,1.1813719,0.3711713,-0.56824964,1.9117057,0.013874114,0.17757559,-0.13838919,-0.008353233,-0.077192724,2.2200255,1.5905095,0.9211114,1.7362192,0.54590523,0.65633297,1.4571756,0.922115,0.39635202,1.8432652,2.0044048,1.7934939,2.7255123,2.4117022,2.3844597
530,0.007948041,0.22922081,0.09879604,-0.047140777,-0.33120778,0.26719737,0.061632693,-0.08885464,-0.14926648,-0.01852864,-0.21008027,-0.19778693,0.36522156,-0.087028734,-0.039152235,-0.19000673,0.08387709,-0.31192222,0.28401387,-0.05248195,-0.37451053,-0.08332902,-0.028339908,-0.39183158,-0.26154363,0.03834182,-0.063666105,0.1901001,-0.17037421,-0.023547381,-0.03485465,-0.13848679,-0.81875545,-0.18398362,-0.1450313,0.18461183
531,0.056536242,-0.2881515,-0.45653254,-0.3652949,0.27653003,0.22400153,0.11973405,-0.2243796,-0.46590936,0.028230548,-0.17916292,-0.5243686,0.5522866,0.04022178,-0.26662207,-0.24494666,-0.3574999,-0.18713677,0.07076776,-1.78704,-0.6366211,-0.097112894,-0.22324093,0.16145462,-0.26668435,-0.21611992,-0.1696978,0.18777816,0.022977948,0.29734337,-0.04201889,-0.42595994,0.38551062,-0.23504847,0.4665332,0.3426289
532,0.04754299,0.04399839,-0.103258535,-0.15203896,-0.029514888,-0.18785483,-0.33377105,-0.77303684,-0.03441879,-0.51050496,-0.037913583,0.29435152,-0.33460653,-0.2918918,-0.01267793,-0.032204628,0.15230048,-0.20573267,-0.17728734,0.17694163,0.40522808,-0.25714186,0.0036343336,-0.1469653,-3.3243806,-0.5278636,-0.105796225,0.31599307,-0.1346447,-0.14408928,0.00804013,-0.5259233,-0.27160206,-0.536713,-0.2708152,0.111034244
533,0.6407629,1.8308164,3.7842524,-0.044768453,-0.1459463,-0.30192405,0.39716074,1.1383157,2.279512,-0.24578351,0.51734716,-0.3461397,0.4058259,1.2667726,0.6340977,0.08552861,0.51606137,-0.11905802,-0.23478946,-0.11629051,-0.23593883,0.6154558,0.07889891,0.0882712,-0.51982033,-0.2984729,-0.23030728,-0.433473,0.0571395,-0.4529586,-0.6183192,-0.15823454,-1.4192481,-0.20152983,0.31494218,0.22398001
534,-0.037540615,-0.073996186,-0.48333138,0.15541708,0.26170397,-0.18927142,-0.004862845,-0.75495577,-0.041109145,-0.118504465,-0.15120734,-0.16687822,-0.23022366,0.40732744,0.15193376,-0.37450916,-0.4231518,-0.14482397,-0.12748891,0.060490698,-0.6710255,0.21869719,-0.09870303,0.33390447,0.32913983,-0.07230407,-0.3176493,0.01627016,0.2932374,-0.16936433,0.42242745,1.1451311,-0.20037848,-0.5122497,-0.26790184,0.3545419
535,0.09184772,0.094079375,-0.28669196,0.17178524,0.52125525,1.0239213,0.6700499,0.6179363,0.18451482,-0.058796227,-0.099256426,-0.3519963,-0.07853849,-0.15674156,-0.17632115,-0.049409494,0.4965483,0.14594936,0.2785086,-0.08362851,-0.13155878,-0.01281929,0.09672871,0.44296217,0.33779597,0.060698867,0.049699903,-0.6889287,-0.1486955,-0.5399593,-0.28250915,-0.084922194,-0.28779006,-0.08547199,0.29185843,0.24570698
536,-0.20589915,0.05329612,-0.118584216,-0.031108499,0.06431776,-0.18801498,-0.4997707,-0.6254338,-0.013192177,-0.013945967,0.24711996,0.16669065,-0.28703344,-0.04923795,-0.26483902,1.293869,0.35925773,0.49986815,-0.31519186,-0.04285249,-0.020492792,0.5463585,-0.03959167,0.014652699,2.2044623,0.87527037,0.51958776,0.27365464,0.0009201765,-0.0033210516,1.1090618,1.3996502,0.9139054,0.38363034,0.004335046,0.16770703
537,-0.5837947,-0.009823233,3.2216039,-0.16177504,0.71741784,0.36259708,0.0684312,2.1029449,3.52284,-0.3837265,0.36274135,3.9795766,0.09308952,-0.053668693,0.24159569,-0.40463778,-0.34861347,0.058429778,0.0518032,-0.0055437237,-0.11806691,-0.13732104,0.18847908,0.113271244,0.77631485,0.72203195,0.37159416,-0.2236512,0.037368983,-0.63493854,0.28673434,-0.4405227,0.026229013,-0.1531073,0.2069062,0.05889903
538,-0.1170561,-0.16178524,-0.1319468,0.052009135,0.5144022,0.023742676,0.08781442,-0.034531593,-0.044355392,0.0017289519,-0.0027126074,-0.035782933,-0.17123577,-0.34216028,-0.30379975,-0.25632587,0.19332671,-0.072139144,-0.03438449,-0.39968497,-0.11707187,-0.32798398,-0.54221857,0.009678677,-0.28754228,-0.037057072,-0.16580391,-0.14862621,0.09842169,-0.06438422,-0.16556948,-0.30671155,-0.6664002,0.05167359,0.14462167,-0.028072834
539,-0.36835074,-0.29941598,0.2155224,1.2714177,1.2154065,2.8622346,0.072717845,-0.2120012,-0.090185136,-0.008635715,-0.17841469,0.106375396,-1.0559022,-0.076727495,-0.4406873,0.65623087,0.3182103,-0.19779596,-0.09555186,-0.047329873,-0.50935906,0.39444792,0.25323138,0.078246355,0.1894536,0.1399116,0.2109803,-0.33727998,-0.22359999,0.017435074,-0.34142125,-0.11362861,-0.27680427,0.013487859,0.27120745,-0.07995355
540,0.15975302,-0.29161882,0.37596324,1.6174794,-0.15957463,0.6997915,-0.4747798,-0.33030754,-0.44649923,-0.22005779,-0.32755366,-0.3043027,-0.85863054,0.017030597,-0.7941009,1.8869557,0.7924435,0.49087763,-0.45706785,0.08236015,0.42834783,2.0099607,3.081186,0.26457313,0.7197981,0.4461692,0.71192145,0.5378907,0.020423872,0.36152235,0.018584728,0.35937533,0.09319502,0.07496534,0.28176662,0.107490554
541,1.7093732,0.87627184,0.71229583,0.23960993,0.16149902,-0.44795808,2.02957,1.3223472,1.3829465,-0.07547954,-0.2740591,-0.117007315,1.0905111,-0.5197085,-0.1703883,0.67037725,0.054132164,0.27969462,0.685518,-0.115624845,0.06553459,0.66881335,-0.1493217,-0.5076657,0.48867694,-0.25996774,-0.47066557,0.25677305,-0.0005661398,0.006149426,0.6690171,-0.21461138,-0.063987434,0.23831403,0.22819057,0.067399025
542,-0.102993354,0.03998542,-0.065042436,0.01642847,-0.09086442,-0.01949662,-0.5345376,-0.042331576,-0.11774534,0.037416965,-0.09134692,0.032230794,-0.370821,-0.5224147,-0.012473464,0.3396737,-0.4184866,-0.044270277,-0.370057,-0.17063141,0.10068655,0.8688506,0.3662182,-0.12540302,2.2767723,0.625808,0.3496204,0.15086779,-0.2359429,-0.089380026,0.3258977,0.5100522,0.25263566,-0.18166465,-0.022632658,-0.1076206
543,-0.2067731,1.1212965,0.6309514,-0.43514642,-0.41341484,0.51632434,2.014413,1.8897864,1.0529597,-0.2635331,-0.7445699,1.0971866,3.0457954,-0.7429758,0.082532465,-0.55266196,-0.4391563,0.19137318,0.055362538,0.30499658,-0.08861625,-0.48913312,0.19012418,-0.107319176,-0.2989024,-0.93199134,-0.7478092,0.09960067,0.34393695,-0.03591734,-0.5011506,-0.023917995,-0.19632554,-0.13320227,0.23657674,0.20681989
544,-0.2619434,-0.3074146,-0.14914647,0.4497189,0.048317872,0.07717517,0.07162243,-0.013663888,-0.17251062,-0.16090654,0.030442327,-0.0636892,-0.5354754,-0.1086469,-0.123758465,0.051128134,-0.030005515,0.66996557,0.1364183,-0.028254122,0.04996583,0.26093075,-0.063728124,-0.11219275,6.5088634,6.0565577,4.818695,0.09238891,0.21496978,-0.028484434,3.9094357,1.8105228,1.1932462,0.042862833,0.062589526,0.0020383894
545,0.15525785,0.30117202,-0.10259032,-0.062238574,-0.3065418,-0.021512926,0.23260432,0.0099179745,-0.5506271,-0.31508404,0.3245421,-0.46826845,0.011356831,-0.29034203,-0.42616487,-0.005490184,0.41936946,0.14953205,-0.48639074,0.02752161,-0.43975648,-0.083963394,-0.23334813,-0.37463772,-0.4875805,0.20560628,0.58476007,0.025091916,-0.22635508,-0.33785385,-0.32944903,-0.11245203,0.6357703,-0.11464548,0.48606437,0.05084604
546,-0.40299374,-0.017779827,1.0164359,-0.31758216,-0.25189108,0.3215022,-0.40632784,0.7302697,0.8898592,-0.48353526,-0.1322644,1.846338,0.5581274,-0.49760276,0.17139353,0.12936085,-0.08964774,0.2912076,0.24071571,0.27899817,-0.2127045,0.225362,0.26578975,0.049992338,5.052542,-0.25570437,-0.54245186,-0.25312328,0.27520967,-0.6593403,0.07982221,-0.054823607,0.22956151,-0.41525063,0.29781207,-0.346364
547,-0.048188627,0.04237765,-0.47307116,0.046601653,-0.78271335,-0.694311,-0.14106703,-0.11772375,0.21743707,0.07263529,-0.07275313,0.23359877,-0.18055463,-0.37308902,-0.4214381,0.22157562,-0.29594624,-0.20942211,0.118240654,0.49582636,-0.06362277,0.15998203,-0.08877167,-0.26329517,-0.0024889112,-0.45371354,0.41103867,0.2811714,0.14593011,0.22906762,0.11055517,0.56309193,0.4641856,-0.34895462,0.03247471,-0.0068438053
548,-0.20616663,-0.17175291,-0.01359266,0.37924343,-0.0641986,-0.071834445,-0.5157321,-0.38332853,-0.0034837723,-0.14706033,-0.13595091,0.005287826,-0.7374618,-0.76342756,-0.03714806,0.18747061,0.028685331,0.06961399,-0.36642146,-0.06744385,-0.12877172,0.8220064,-0.21187139,-0.080375016,0.9356624,0.20154163,0.01802355,0.07969606,-0.17485619,-0.0188663,0.5036159,0.10998708,0.07937193,-0.22604913,0.06817061,0.042261183
549,0.34041327,0.44389975,0.15602851,0.10525203,0.25125945,0.013561636,0.09456688,0.112697124,-0.0436756,0.24040392,0.04217483,0.20920211,-0.0007649064,-0.16607875,-0.093676955,4.441869,5.1208606,2.3062806,0.07971996,-0.12480104,0.13882072,4.4154305,3.2994332,2.7054217,3.854565,4.687589,2.2486248,-0.30255875,-0.18610965,-0.059535533,0.66644895,0.15077983,0.12493316,0.6263983,0.5279865,0.025291681
550,0.12523305,2.8811367,1.5080109,0.030754328,0.08891834,-0.020337224,-0.79650635,0.3135506,0.46007064,0.09466995,-0.3623398,0.1263209,-0.14923833,0.16877681,0.46598577,-0.19885245,0.38246623,-0.16912502,-0.51848584,-0.5080756,0.6467628,0.4086485,0.48602504,0.5668963,-0.55869293,0.15340647,-0.23393466,-0.070355296,-0.33540165,-0.28674328,0.083591744,-0.26859176,-1.0853575,0.7836474,0.2509035,0.0822165
551,-0.2542947,-0.47805357,0.04296398,-0.20323864,-0.06237504,-0.1081453,-0.3646927,-0.09847509,-0.14175963,2.065767,1.2230287,0.31433192,2.284522,0.67424077,0.40241864,-0.028515518,0.03300497,0.14355636,-0.342992,-0.29969466,-0.049470246,0.16570216,0.12292141,0.048484266,-0.21367419,-0.36214232,-0.111839056,-0.3231779,-0.13196424,0.15102178,-0.98353654,-0.18029705,-0.18071246,-0.02152498,0.05801177,0.014620423
552,-0.17116806,-0.7787257,0.22222555,-0.0035283694,-0.1968901,-0.34603584,0.05426608,-0.301483,-0.015037179,1.7908224,3.4415195,0.6819747,0.64831233,0.61726403,0.076289475,-0.10487341,0.20854121,-0.0217883,0.027488649,0.24568267,-0.156919,-0.013811517,0.22363739,-0.13774413,0.6088158,-0.5160534,-0.13949215,-0.4654143,0.5186094,-0.029679775,-0.02706939,0.1599839,0.11813253,0.007036209,0.2743886,0.13194847
553,0.24850263,0.11484897,0.29688266,0.5054772,0.20779176,0.22971807,0.20001206,-0.13644105,-0.037792683,0.6236514,1.9922839,0.7580913,-0.25757742,0.2996975,1.1236254,1.1207898,0.6373239,0.12991369,0.07354276,-0.26420075,0.21573551,0.24320704,1.1214005,0.7391829,-0.99905944,-0.0053468943,-0.33976448,-0.45188326,-0.2651282,-0.0727447,-0.3949552,-0.75662774,-1.0945256,0.3928334,1.0105073,0.6504868
554,-0.30820748,-0.11896232,0.06702238,-0.29364055,-0.07403156,-0.046424985,-0.2982334,-0.18441659,0.015883446,0.19052267,0.011077628,0.07489115,-0.28693056,-0.09219375,0.04991889,0.20982003,-0.035415918,-0.020733297,0.15271115,-0.02053529,-0.011695445,-0.07113409,-0.11568819,0.25825173,0.02988267,0.05253464,0.027183473,-0.36823535,0.07969624,-0.034065127,0.089746475,-0.42725247,-0.022956789,-0.0818581,-0.07219887,0.084780335
555,0.5593617,-0.51768076,-0.5585119,-0.10370992,0.35720673,0.21832997,0.73467237,0.14848611,0.20851973,1.6865356,3.128284,1.5198274,0.03224814,1.6023315,2.42412,-0.29190272,-0.031830102,-0.108875155,0.029411852,-0.08760323,-0.3068167,-0.36179253,0.33587548,-0.17833292,-0.28058863,-0.94689626,-0.5995237,-0.034860373,-0.5876727,0.18799414,0.37663168,0.28134233,-0.79870385,-0.21695039,0.09096446,0.0038028955
556,-0.07611072,-0.12415835,-0.50022733,-0.03413105,-0.31808853,-0.7952383,-0.11414832,-0.1135366,-0.53612864,-0.101857126,-0.024352312,-0.47803968,-0.03353533,-0.06833431,0.28382808,0.30739695,-0.5354742,0.25344676,-0.16907382,-0.11040139,-0.14875549,0.45609677,-0.2783807,-0.6302289,-0.0125386715,-0.51449436,-0.010314584,0.3525015,0.06322092,-0.0073863864,-0.15052983,-0.21180189,0.32986623,-0.2484312,0.031869784,-0.19630653
557,-0.31426036,0.03999251,0.027461112,0.003503725,-0.00708887,-0.03704381,-0.5655904,0.11935204,0.118849695,-0.3749613,-0.3166052,-0.104652524,-0.36457396,-0.18457462,-0.36483145,0.8521362,0.19583666,0.23782855,-0.20159912,0.030894399,0.008642018,0.411736,0.05222988,-0.07473771,1.9930437,0.81465006,0.29234248,0.9281732,0.7105739,0.48505044,2.5224805,2.246305,1.7906983,0.019756079,0.06483942,0.025386155
558,-0.33654547,-0.19633538,0.24527967,0.008498341,-0.4653646,0.15274698,0.3231843,-0.0837366,-0.13491988,0.6245636,0.1838391,0.042184174,1.2213267,0.463894,-0.2563427,0.5626496,-0.1339184,-0.10186681,0.2877718,-0.26716027,0.22077617,0.31479788,-0.025404036,-0.29918617,0.57458615,0.2941516,0.016797468,-0.06787312,-0.109767854,-0.40974754,0.041008174,-0.46106055,-0.17927665,0.46510756,-0.43731222,0.10864532
559,-0.07619515,0.10045725,0.41804367,0.657107,0.60409117,0.6645138,-0.12010977,-0.4029767,0.794983,-0.090008736,-0.12510282,-0.31290233,-0.019983709,-0.24565145,-0.2779702,-0.1271699,0.23311734,0.017562866,0.47533685,0.1335398,-0.10703344,-0.03934169,0.104642004,-0.19684857,0.0192384,0.40944672,0.6501583,-0.20075086,-0.13981193,-0.54110706,-0.011411905,0.2074513,-0.21000625,-0.24915636,0.29043236,0.070406914
560,2.1427581,1.9226813,1.7674167,0.5397464,-0.27168554,0.0292176,2.0661154,2.1171691,0.77987397,-0.43633795,0.42721543,0.1799376,2.9902198,1.0053649,0.095309734,1.0203686,0.13614911,-0.57143414,0.13313037,0.18027142,0.11316076,0.19191296,0.08744407,0.34751606,-0.40163213,-0.07722335,-0.24210948,0.19087446,-0.35850927,-0.052865684,-0.6804139,-0.42267635,-0.46160603,-0.2996467,0.25185883,-0.050575614
561,0.25222662,-0.3505176,0.18735683,-0.12562221,0.23338446,-0.0036039352,0.2489124,-0.15859252,-0.86074924,-0.15775889,-0.16198666,-0.12160885,0.39867783,-0.047621757,0.07379824,-0.1833854,-0.23376937,-0.72194713,0.13731313,-0.32420805,0.5125891,0.21260005,-0.5236137,-0.19333616,-0.20823783,0.19872752,-0.5096214,-0.024006844,-0.35765293,-0.053238153,-0.1826883,0.080414355,0.22253314,0.06912631,0.18818158,0.007902086
562,2.1824002,0.9667907,-0.29454458,-0.058840156,0.5781048,-0.4294436,0.16805285,-0.1956585,-0.059049472,0.8438073,1.9152786,0.33228806,1.3818905,0.19540942,0.023344904,-0.08671248,-0.013274714,0.1509723,0.23968732,0.025130808,-0.29583764,0.2577088,0.25271863,0.15022027,0.38865596,0.10187462,-0.13435447,-0.00633958,0.06835857,-0.05475235,0.0025897622,-0.20836326,-0.40499628,1.4197836,0.9566457,0.10733091
563,-0.29698014,-0.21566865,-0.22393739,-0.76971275,-0.5019498,-0.18356937,0.19195777,-0.26110852,-0.048354387,-0.14668682,-0.6351176,0.07897127,-0.33517256,-0.16672462,-0.32706067,-0.34685445,-0.060257554,-0.12572002,-0.08243291,-0.56992674,-0.14296259,-0.19504386,-0.48563695,-0.023514628,-0.59120166,-0.019638985,0.21060646,0.5178908,0.2747649,0.43762696,-0.051077306,-0.101747274,0.8122028,-0.080054164,0.43555388,0.14670944
564,1.9809775,1.541261,0.6505856,0.12632585,-0.005338609,-0.03712535,2.4460866,1.9704692,0.7082868,0.9738467,0.8416261,1.1054618,2.992914,2.4398286,1.2791767,-0.5460104,-0.054194897,0.014068544,0.016178519,-0.18619664,0.119687736,-0.18050578,0.41852367,0.14870727,0.01167208,-0.2901647,-0.19448829,-0.17608702,-0.0034694076,-0.1540457,-0.24870443,-0.20483181,0.014666438,0.3536449,0.26904234,0.4167205
565,0.034493804,-0.26920673,-0.5639431,0.18438774,0.11321366,1.1410904,-0.10653806,-0.22005704,-0.016390085,0.20393479,0.29088357,-0.032661915,0.12272096,0.32695696,1.0563279,0.04572022,0.18660466,0.0976437,0.0759013,0.026643038,-0.79505825,-0.03358978,-0.14990911,0.40192276,0.0016860962,-0.06720356,-0.3398286,-0.18657365,0.22166926,0.08493191,0.08942053,-0.082095504,-0.15589404,0.12288457,0.124051295,0.34615847
566,0.83498657,0.959643,0.8190789,0.08279801,0.47645313,0.015461028,0.17859274,0.37694284,-0.10557398,-0.04711628,-0.27966937,0.17658472,-0.41018033,-0.30787122,-0.09403056,0.9457305,0.20677555,0.7299889,0.39125323,0.14585888,0.70021844,0.00898695,0.43273538,0.10164648,1.8509173,0.042787015,0.40770334,-0.2787326,0.17473143,-0.24127877,0.6346814,-0.19249278,0.13128501,1.3021264,0.31744486,0.88203025
567,0.25615025,0.19940099,0.4002756,-0.08947387,0.0870997,0.028806329,0.42033046,0.54596096,0.048778296,1.693134,0.3754805,0.29322904,1.7295767,0.7736089,0.36959153,0.66798556,0.13770404,0.20865935,-0.14392555,0.07186288,0.21239692,0.3800857,0.3334871,-0.005755186,1.4820988,0.0136963725,0.09518236,0.016218089,0.016946338,0.07171655,0.43392897,0.3010652,0.16309041,0.7373507,0.24912912,0.3169883
568,0.21130091,0.0040528476,0.043091953,-0.22927415,-0.33427227,0.1772278,-0.6304128,-0.40419364,0.13421649,0.21993998,0.077780604,-0.09615439,-0.8686528,-0.102243796,-0.11089134,0.6019481,0.33150387,0.16024297,0.2494635,-0.06436062,0.051567376,0.36696222,0.040192097,0.22618502,-0.19199598,0.7134156,0.44141656,-0.12154108,0.6951153,0.045810103,0.17158729,-0.42999715,0.19166219,0.0074714124,0.13261324,0.06617159
569,-0.14315665,-0.24476758,-0.0027782917,-0.1253593,0.1843868,0.06264192,0.009357333,0.15535688,-0.11886674,-0.15263873,0.47675627,0.20372975,0.004011631,-0.23700868,-0.27381608,0.19004184,-0.29003942,0.068556786,0.24723679,0.22922397,-0.065176606,0.21546155,-0.31412512,-0.063794255,-0.0043179393,-0.060676888,0.10878873,-0.1234507,0.07601334,0.59747225,-0.03303218,-0.047225296,0.13268745,0.03826779,0.34285945,-0.03397429
570,0.11233641,0.11455476,0.2921173,-0.16456166,0.366386,0.9076371,-0.16072844,0.30482954,0.23716807,-0.2542795,0.15211609,-0.0124467015,-0.49049574,-0.24992093,-0.7463858,1.6452378,0.70060056,1.3963548,-0.38356113,0.1618697,0.14978221,2.020025,0.6211755,0.32239264,3.951692,2.6994014,2.386468,1.6511468,1.043714,0.94132346,3.0255551,4.169839,2.559367,0.17956191,0.17910415,0.07028335
571,0.13386725,-0.027948648,-0.39738286,0.052331865,0.25169456,0.30983698,-0.025707304,0.0153135955,-0.018783092,-0.13249053,0.53904593,0.39784503,0.0029711127,0.50537086,0.044056892,-0.15116063,-0.41734073,-0.2802627,-0.09329924,0.063120455,-0.42715156,0.11400314,-0.17386132,-0.1330671,-0.5059342,-0.4371704,-0.10045853,-0.009318918,-0.029418468,-0.307406,-0.10080413,0.53355294,-0.37599587,-0.27176145,0.25694162,0.6608052
572,0.47237596,1.5592768,1.6456988,0.26665026,-0.577085,-0.70514226,-0.05491042,0.096722156,0.44609228,0.1455429,-0.22699124,-0.05795823,0.5982964,0.22766411,0.4005016,0.41884944,1.2709212,0.69036996,-0.10510555,-0.20391646,-0.0709015,0.2974639,0.30333212,0.21077359,0.29915094,-0.6408593,0.49818093,1.4885179,1.3734977,1.5226077,0.76743853,2.1242447,2.3580666,0.47033355,0.8680026,0.763934
573,-0.38245755,-0.12753049,-0.15408826,1.4199524,0.55798537,0.06080369,0.19090044,-0.013276428,-0.0605489,0.45291388,-0.37708873,-0.1554631,-0.23420787,-0.238953,-0.59126735,0.24431615,-0.4460261,0.04525578,-0.5171592,-0.13816598,-0.24761534,0.45581025,-0.03377533,0.20013332,1.5637479,1.5117038,0.71514577,0.22883932,0.22569965,-0.108166516,1.5523366,1.2305872,0.8877159,-0.17004117,0.07684034,-0.10318661
574,-0.0104138255,-0.111188985,-0.7567693,0.05008608,0.044457853,0.04525572,-0.07887697,-0.026591659,0.287606,0.318262,0.3959463,1.9921579,0.13546276,0.53198314,2.1797829,-0.14854813,-0.014977813,-0.25708473,-0.03459674,0.07813433,-0.20081466,0.13307077,0.04238423,-0.34724477,0.01692146,0.023683667,-0.34356678,-0.0705834,-0.18783736,-0.40587717,-0.029051542,0.102439046,-0.19947112,-0.093645215,-0.016949244,-0.01793313
575,-0.32661226,-0.35865957,-0.033771217,2.115195,2.3050618,2.2413247,1.8673269,1.2321365,1.0990884,-0.9982269,0.06545764,-0.10819036,-0.19094491,-0.2458207,-0.28899604,-0.8994925,0.2086258,-0.29916096,0.26777077,-0.32127392,-0.5299857,-0.3792423,0.025653422,-0.13144094,0.39042783,-0.4950102,-0.3233729,-0.14570975,0.39010054,-0.033611,-0.15077929,0.09103654,-0.39009315,-0.04236883,-0.2071818,0.1901451
576,0.06634417,0.19691378,0.15289241,-0.54308987,-0.4468348,0.11638036,0.10176277,0.027494073,-0.4077524,0.32841647,-0.20275033,0.3794819,-0.0767706,0.1718877,-0.12027365,0.20282802,0.024659246,-0.52959466,-0.29314446,0.6253853,-0.42643893,0.094693586,-0.45232856,-0.016489912,0.60941947,-0.14034623,0.008000433,0.24864176,-0.23536184,0.32264614,0.3069042,-0.2705481,0.08805832,0.15458262,-0.21487379,-0.12986718
577,0.08625525,0.06458232,0.030466437,2.1929033,2.8524997,1.6294355,2.139618,1.2886639,1.0194112,0.07830313,-0.6108538,-0.06367397,0.4225924,-0.0058238804,0.123351276,-0.3048905,-0.028225064,0.04444027,0.060591996,0.0084943175,-0.15883899,-0.30235934,0.060794234,0.17351514,-0.18113823,-0.009002328,0.22413564,-0.19450286,0.119533226,0.064768076,0.043649077,-0.14936554,-0.24675953,0.3923602,0.69728,0.16668451
578,0.3204678,-0.15827535,-0.15914088,0.32786807,0.4010877,1.7253665,5.0226116,4.061706,0.67225647,0.083440766,-0.11591345,0.12643671,0.77323204,-0.1906787,-0.3339027,-0.23528825,-0.2745078,0.07153869,-0.15441921,-0.17798685,0.099621534,-0.17172214,0.024296684,0.1031096,1.8376385,-0.27862644,-0.3252849,0.1976127,0.029064007,-0.099046946,0.04972601,-0.36852598,-0.46921045,-0.069278866,-0.021532267,0.04250866
579,0.13774604,0.025864333,-0.09653629,-0.06117904,0.5393895,0.4123494,0.7098107,0.18104362,0.07379407,0.24686778,-0.6849029,-0.1309739,0.16753489,-0.30170774,-0.1480721,-0.36050674,0.08127612,0.43849006,0.423392,0.8439485,-0.2576159,-0.10880774,-0.20036435,0.7041489,0.53030854,0.57539964,0.8943666,-0.02407378,-0.13384579,-0.339535,0.3385512,0.042150646,0.12733684,0.078454494,-0.10492768,-0.050128363
580,0.01049149,-0.014928877,0.05809182,0.5097114,0.035461575,0.21419573,1.376865,0.81167173,0.29116517,0.65284026,0.96072894,0.29027158,0.126107,0.54048896,0.049319506,-0.3559345,0.081942484,-0.17291999,0.31890717,-0.08270013,-0.106535554,-0.062075138,-0.12658733,-0.11177224,0.4683046,0.10447074,0.2053703,0.124660194,-0.18558928,-0.1719191,0.65738034,0.20181316,0.25810617,0.27987528,-0.17638683,-0.07927048
581,-0.21280038,0.4851123,0.49615675,0.5182438,0.93001336,0.6679327,0.7655781,1.020355,0.05959563,-0.37605304,-0.9020482,-0.49115807,-0.13110787,-0.055004627,-0.8553134,-0.0043680817,-0.1302679,-0.2309111,0.09703967,0.29013175,-0.2676635,-0.4724252,-0.23964722,-0.3405724,-0.21074855,-0.0021471828,-0.2035881,0.014976442,0.47214884,-0.6452216,-0.4713011,-1.6448125,-0.08927852,-0.710807,-0.48557752,-0.6118621
582,-0.28214782,0.0019336939,-0.68622404,-0.107643306,-0.52366054,0.31254727,-0.044998914,-0.29094645,-0.77058,0.75382173,0.8750597,1.230365,0.6135924,0.2971312,1.1909139,-0.040952623,0.03586255,-0.16465777,-0.23527688,0.41311383,-0.7509099,-0.117934525,0.11100721,0.25011235,-0.16761857,-0.32141882,-0.11962709,-0.4052683,-0.23074065,0.04746571,-0.30422044,-0.053097576,0.23818313,0.028672755,-0.1233187,0.5895125
583,-0.60435104,0.04435262,0.49231848,-0.428324,0.13004696,-0.26257634,-0.48549712,0.2542042,-0.1021173,0.23701426,-0.9243723,0.5256387,0.053579576,-0.23065528,0.23693651,0.8300805,-0.21279605,-0.097253084,-0.023594707,-0.3990198,-0.22313976,-0.0931077,-0.14348495,0.3514884,0.41884306,-0.20349005,-0.11292493,0.7447965,-0.19473921,-0.0974209,0.3068466,-0.3740481,0.019707441,-0.29129708,-0.5121467,-0.549274
584,-0.35707784,-0.19921577,0.15328717,-0.15526074,-0.6310617,-0.23880309,-0.14016196,0.52443326,-0.118724346,-0.8002392,-0.6466367,-0.3428387,-0.49957138,0.3139192,-0.06000191,-0.23956227,0.06875008,-0.043900818,-0.14754343,0.017391944,0.0540514,0.1487116,0.010719836,0.096874714,-0.7092692,-0.5143018,-0.48654243,0.46296102,0.62730354,0.4391824,0.1454808,0.11243969,0.006012559,-0.3250909,-0.513997,-0.05526057
585,0.23056556,1.5626817,0.06109351,0.33354235,0.09596871,-0.26403737,0.03865701,-0.44900846,-0.36257344,2.4418986,3.2665205,1.5745461,0.15395555,1.0401633,0.6046236,0.7402533,1.0589303,4.107587,-0.19695859,0.08507326,0.22386724,1.2559146,1.1999624,1.2323326,1.5889726,3.9452066,5.511053,-0.22036289,0.13279209,-0.01533252,0.47746265,1.4251301,1.7222061,0.7119055,1.7921869,0.022853106
586,0.26602024,-0.12574637,0.2137031,-0.28251195,-0.14412102,-0.18590152,0.07038224,-0.025052011,0.00083673,-0.33585274,-0.02945131,-0.13800527,0.102788866,0.09415841,0.04409647,-0.10367072,-0.19500262,-0.20014334,-0.24197042,-0.054285437,0.16989136,-0.16053581,-0.028925061,-0.0037651062,0.0473558,-0.41972482,0.03548646,-0.05969715,0.106156886,0.35434663,-0.15141618,-0.06798929,-0.16077942,0.053243697,0.013814032,-0.1735456
587,0.08529329,0.06228274,0.94210196,0.14138901,-0.08090345,0.026033282,0.2857415,0.17359875,-0.07003772,-0.009528875,0.19325127,0.009659439,-0.33104774,-0.029587805,0.053237975,0.60614896,0.14731619,-0.24749975,-0.13001138,-0.019652113,0.00775218,-0.051924407,-0.06915826,-0.27752316,-0.0017538071,-0.0213404,-0.054461002,0.3368683,0.48583046,-0.43065977,0.21725345,0.4751253,-0.32004052,-0.0727883,0.21834403,-0.2683916
588,1.3787539,0.9433667,1.2690749,0.50268084,0.74337304,-0.16800189,1.3190782,1.1985693,0.5166532,-0.5353372,-0.030038,0.09834874,0.6167395,0.034874976,-0.05258584,-0.38123345,-0.2399622,0.15758118,-0.17085803,0.079708695,0.015465856,0.29169267,0.045209527,-0.007077098,0.2808228,-0.36983794,-0.088868976,0.25332594,-0.038788736,-0.19563344,-0.1956414,-0.09547432,-0.2805829,0.3661776,-0.19328909,0.038038403
589,0.26591778,-0.47163215,-0.51828456,0.1867903,0.031446353,0.37162858,1.6684487,0.34402904,-0.3469528,0.4044683,0.4801183,-0.23955083,0.53545195,-0.17493898,-0.3033082,-0.16485012,-0.036101926,-0.1736243,0.42135614,-0.15372312,0.003420025,-0.18921113,-0.23991442,-0.00496231,-0.54597294,0.33345076,-0.18993443,0.09387342,0.20811787,-0.21052426,0.09075217,-0.27203155,0.30488026,0.09185737,0.014816314,-0.0640651
590,1.0872959,0.3373718,0.09533095,0.4726945,0.40276647,0.3330568,1.592789,2.0091064,0.22760725,0.45099062,-0.28472865,0.010269642,0.37766033,0.21510902,0.1663441,0.7903879,0.048999608,0.41829616,-0.12162995,-0.11838436,-0.007609844,0.2686519,0.27654302,-0.07845086,1.3707455,1.1032188,0.24318963,-0.21064788,0.21826252,-0.11311817,0.27851123,-0.48076427,-0.04373148,0.105053484,0.12228942,-0.032087088
591,0.06801374,0.07856804,-0.022386372,-0.10778871,-0.29891676,0.059442997,-0.3111255,-0.16622022,-0.12909898,-0.060186833,-0.1127252,-0.048770994,-0.32515845,-0.15610191,-0.44567946,2.3129146,-0.095399976,0.80473566,0.15275031,0.14600024,0.08291766,1.445923,0.49851906,0.2901172,2.012906,0.056983292,0.005754143,4.049313,2.2870328,2.3341925,5.3704796,4.4806066,3.3177826,1.4448444,0.09963754,0.30373263
592,-0.22515833,-0.33027843,-0.021045536,-0.09388167,-0.0059141517,0.120905995,-0.17584631,0.12047967,0.2871431,-0.16304988,-0.41093937,-0.2449833,-0.3572058,0.18998075,-0.2823257,-0.07346004,0.06421101,-0.16187134,0.21602556,0.1438987,0.22370628,-0.21966511,-0.66464096,-0.1448754,-0.3450187,0.013946325,0.47124308,0.1112535,4.465221,2.7425492,0.19234335,-0.16983396,-0.7607694,-0.34692878,0.149858,0.10119472
593,0.04959923,-0.1896863,-0.12180728,-0.52892274,0.5863656,-0.24006814,0.33490324,0.33415383,1.1312423,-0.4147154,-0.10507822,0.062273145,-0.47517002,-0.6935525,-0.7040818,-0.21880722,-0.4218417,-0.38812688,0.1912148,-0.32597563,0.24449377,-0.094619244,-0.5726616,-0.33708608,0.5948057,-0.06648427,-0.23541024,0.22056502,-0.14836836,0.40722373,-0.01833713,-0.06493747,0.65411794,-0.26681858,-0.2816714,0.06087613
594,0.03767979,0.5415908,0.37310365,0.085603714,0.48211375,0.2164731,-0.01311779,-0.004849404,-0.5023766,0.26758415,-0.45238128,0.069631785,0.18570262,-0.23544878,-0.42663953,-0.51423264,0.10192564,-0.3405763,0.1460005,0.8032819,0.3040183,-0.5328851,0.5505948,0.4938097,-0.67976683,-0.20338066,-1.0266343,-0.17033143,-0.04536712,-0.17868078,-0.40842807,-0.11144781,-0.47510362,0.37828365,-0.08005783,3.1931427
595,-0.25538298,-0.30173147,-0.24535394,-0.4610958,-0.3251618,-0.029878736,-0.7045281,0.109665036,0.03657186,-0.29229876,-0.22594112,0.41297486,-0.4382807,-0.26246315,-0.47601828,0.011314874,-0.267959,0.22979754,-0.16639113,0.038597822,0.063733935,0.1801371,-0.3605231,-0.26783916,0.8369361,-0.093880415,0.009905428,1.3828315,0.73688686,0.40764496,1.405437,1.1310759,0.90372527,-0.05198592,0.008650422,-0.35357842
596,0.01610136,-0.092819236,0.36092862,0.43876308,0.032624066,0.2707551,0.19416827,0.43401593,0.32708836,0.055843294,0.6506031,0.08459517,0.25482288,0.13194013,0.03814608,0.03293982,0.18683533,0.1747491,0.04066801,-0.04982303,0.4080912,-0.04503447,0.21185488,-0.024421513,0.16873276,-0.22721161,0.075742215,-0.22110516,0.32562423,0.5645609,-0.73937094,0.27133438,0.16731894,-0.3743416,-0.074866414,-0.3213329
597,-0.7202307,-0.09307939,-0.23724079,-0.17121765,-0.25913903,-0.2324884,-0.38487557,-0.08746606,-0.21203601,-0.24056056,-0.46645272,0.20738238,-0.2883111,-0.27281308,-0.095356286,0.05024679,-0.290533,-0.24843436,-0.50879824,0.3686123,0.109357715,-1.250283,-0.011052713,0.062497854,0.120305955,-0.5687769,-0.16192058,0.78268856,1.3009807,0.36620462,0.27871203,0.30403143,0.72662723,0.28082556,-0.06519747,0.3995543
598,-0.012354016,0.032904506,0.43798727,-0.09155697,0.24117778,0.55489695,0.17606866,0.042972893,0.059676826,-0.15873396,0.24826413,0.22994363,-0.12015128,0.09405151,0.11229205,0.096084654,-0.07696062,0.3397557,0.048281133,0.3157168,0.11598712,-0.10141796,-0.4567401,-0.18019366,-0.21991387,0.13802728,0.3854047,-0.37076098,-0.09612447,0.3786034,-0.07705879,-0.038042724,-0.029093426,0.17658383,0.25905567,0.014773369
599,1.1464001,1.2723708,1.46281,0.100732446,0.015293658,0.037201185,0.035361648,-0.2016229,-0.11663128,0.14074928,0.026316524,-0.0017796755,-0.47040722,-0.40534753,-0.7802466,0.7083021,1.4790568,3.9776447,0.07066318,0.24269895,-0.003038913,1.4758484,1.2364514,1.1074848,0.9083186,1.7224118,3.5200021,0.063904285,-0.04395327,0.03408934,0.06739813,0.6848534,0.9723723,-0.09558439,0.2115636,0.5803567
600,0.13700634,0.16627997,1.0045615,0.027933955,0.2064994,-0.4758931,-0.08797699,-0.2594564,0.33774582,-0.1141178,-1.4305875,-0.0090869665,-0.4875838,-0.3188856,-0.14540327,0.7750554,-0.25454438,0.13816023,-0.21590838,0.44912285,0.6139685,-0.03527999,-1.0360589,-0.13948327,-0.19261193,-0.03717129,-0.20467523,0.41113988,1.4041882,0.984908,-0.12468162,0.13379177,-0.0026442409,0.051640987,-0.0838633,0.07876235
601,0.59270287,0.09868586,-0.19164777,-0.34608418,-0.2671768,-0.32101458,0.0943284,0.22220734,0.08735299,0.034428358,-0.1821332,-0.26465356,0.22290343,-0.1537661,0.0017926097,-0.4453125,-0.15083571,0.23267817,-0.23040086,0.4180805,-0.19995892,-0.043976426,-0.2103306,-0.1938104,0.12051457,-0.021771908,0.30799374,-0.435349,-0.025021523,-0.22916675,-0.10877341,0.0071846247,-0.08547866,-0.14771926,-0.36138737,-0.33486056
602,0.5464722,0.20323294,0.20713854,-0.04055254,-0.06858325,0.24476826,1.3436304,1.3062682,0.23253131,1.6257957,0.8570759,0.24733743,3.5110686,2.5815542,1.2600466,-0.5025581,-0.5907793,-0.15026301,-0.18373919,0.10777959,-0.00044834614,-0.27041322,-0.0044734776,0.09631461,-0.08608197,-0.58284944,-0.29139352,-0.33487684,-0.43398276,0.09184539,-0.4045806,-0.32518375,0.10609609,-0.1526508,0.103149354,0.08037472
603,0.09127122,0.31578588,-0.36535737,0.16602147,0.15313305,0.016878277,0.24441302,-0.18540047,-0.20985906,-0.22810072,-0.8421716,0.07048792,0.017599791,-0.051627398,-0.32791466,0.108955055,0.39645886,0.21669091,-0.4926926,0.2673826,-0.3013022,0.14565542,0.016537607,0.49343786,0.0022546053,-0.002563864,-0.2838121,-0.09177059,-0.5896649,0.16460066,-0.35384673,-0.252194,-0.10589813,0.041267976,0.29394,0.20394325
604,0.1058085,0.1092539,0.16863716,0.0037266612,-0.094307244,-0.068692505,0.02335614,-0.039191663,0.3609879,0.20446426,0.53010213,0.38568175,0.23062563,0.3847917,0.5720041,-0.1423698,0.16880658,-0.6209841,-0.17366838,-0.13452423,0.07751542,0.114415824,-0.024185032,-0.024362028,-0.21517372,-0.13395512,-1.0014672,-0.09084967,-0.328632,0.34646368,-0.28492463,-0.06007433,-0.08432245,0.32361442,0.09126267,0.28552896
605,-0.2712954,0.14364746,-0.056104906,-0.19199078,-0.08619923,0.05909877,-0.36782622,0.16274416,0.22970703,0.14184642,0.18973203,0.3319635,0.11927189,0.051125184,0.22079237,1.6087636,2.3976421,5.7817903,-0.02596718,-0.07334858,-0.08968504,1.1396601,0.9420779,1.5112445,2.0504088,0.28257707,-0.073896915,-0.046236604,-0.21341431,-0.17198025,-0.40190202,-0.1327924,-0.11910177,0.13531329,0.1940746,-0.056506775
606,0.61669636,0.25157928,0.16147774,0.8295367,0.13245207,0.06826943,0.67889476,0.6525517,0.20138794,-0.26680613,-0.052852094,0.10412741,0.34713465,0.17678615,0.057467043,0.16815436,-0.040654898,0.047048688,0.18556356,0.05604461,0.012682617,0.034671307,-0.14987862,0.020777345,-0.15456317,-0.05057946,0.078517556,-0.018379867,0.0409109,0.05615753,0.044526517,-0.1521344,-0.053278625,-0.29013586,-0.08636004,-0.09486264
607,0.20413515,-0.12976074,0.33697647,-1.0289867,0.87131256,0.56879485,-0.29867613,-0.6822721,0.68323463,0.27918196,-0.5212655,-0.730037,1.2044613,-0.23551662,0.42736256,-0.32091624,-0.2562443,-0.10261637,-0.26427966,-0.37033758,0.06799412,-0.3407146,-0.29307598,-0.25033104,-1.2223183,-0.4938998,-0.36289883,-0.33758157,0.24923417,-0.48957193,-0.3312624,-0.21193945,-0.47156405,-0.28761342,0.15544248,-0.54460555
608,-0.10840309,0.10155678,-0.118153274,-0.1866368,-0.17091584,0.13923424,-0.18798077,-0.28993547,0.022690535,-0.01988846,0.32039672,-0.4302559,-0.14782941,-0.044844627,-0.7305203,0.47811413,0.12486386,0.44692555,0.012271285,0.23323153,0.19842601,0.38298246,0.13244832,-0.09505546,-0.023803711,-0.29301414,0.14252812,0.5636143,-0.26699793,0.08204648,-0.04017389,0.6525338,0.7836808,0.096188724,0.44475222,0.45245883
609,-0.28944635,0.31112716,0.30334938,0.33963937,0.4055128,0.6985226,0.21578026,0.17331031,0.035842955,-0.3158008,0.48068357,-0.059283853,-0.9803981,-0.79249096,0.4275661,0.12511227,0.0652579,0.37152752,-0.07777655,0.0196791,0.3133504,-0.24632752,-0.11859049,-0.593649,0.1791242,-0.50457627,0.053952843,-0.40612525,-0.41914243,-0.2615019,0.102921024,-0.36997205,-0.24175315,0.3352208,-0.19186121,0.030181825
610,-0.046917416,0.7892587,0.30283296,-0.1686613,0.04278338,-0.36359107,-0.5105578,0.030894399,-0.22694969,-0.2794192,0.054769874,0.48752582,-0.34246498,-0.7856067,-0.17090026,0.5390391,-0.24321143,-0.628287,0.3387273,0.7741776,0.37310836,-0.013306081,-0.3608247,0.041591734,-0.03863728,0.49158934,0.5075185,-0.17143385,0.26198006,-0.32200506,-0.07359147,0.11865054,0.08566123,0.2886771,-0.34517947,0.15726334
611,-0.1170198,-0.1436907,0.010213971,-0.041986734,0.004588604,-0.049864292,-0.014756143,-0.51083446,-0.24866188,-0.10943037,0.10419536,-0.054710746,0.35348928,0.10523397,-0.35751098,0.114595085,-0.61366206,0.045815825,-0.18972136,-0.036281586,-0.061334193,0.73171407,-0.06332564,0.02233255,0.09089124,0.54505676,0.5231443,0.031893015,0.8902026,0.08489668,-0.032154888,0.4121294,-0.07843399,0.43258035,-0.35175312,0.05313039
612,0.2326783,0.13123292,-0.16826522,0.22573131,0.32631767,0.19666708,1.3607416,0.14267421,0.136306,-0.41184253,-0.26211977,-0.14410764,-0.32359672,-0.1826882,-0.20078602,0.041746378,-0.02349627,-0.057060957,0.51108634,0.118756235,-0.08738166,0.582212,-0.023788407,-0.3595705,0.1335445,-0.2803976,-0.26771778,-0.048090458,0.2398622,-0.033326775,-0.049374416,-0.56025946,-0.068175375,0.9124605,-0.27212945,-0.1427685
613,0.35002434,0.2768039,1.2445074,0.12451452,0.19519551,0.5586804,0.4766326,0.18166849,1.3806787,-0.3675255,-0.32436734,-0.45202398,0.1198617,-0.20589079,0.37406358,-0.33008203,0.419976,-0.36334193,0.23564878,0.06720814,-0.4253049,0.18999368,-0.2803171,-0.25316897,-0.07726328,-0.20689142,-0.110448316,0.16563676,-0.05086647,-0.26823807,-0.400845,0.047758117,-0.9868332,0.15983981,0.4328096,0.155316
614,0.022751093,-0.59428924,-0.896148,-0.2920553,0.03898728,-0.1633755,0.2205233,-0.2688641,-0.2540768,0.96186674,0.99573445,0.8923074,0.24117166,0.85128057,0.6568573,-0.20469946,0.09054923,-0.5330538,0.37929696,0.0640275,0.15341938,0.030163884,0.60508907,0.3747859,-0.26668185,-0.40520266,0.11813021,0.1747478,0.45645815,0.36764348,-0.33689195,-0.24813056,0.10558367,-0.32696867,-0.059689287,0.40663922
615,0.2687309,-0.012815952,-0.20948458,-0.16110307,0.28359175,-0.13505791,0.088137925,-0.3082738,0.3400793,1.5027099,1.5686548,2.35719,1.8672726,3.354033,2.643034,0.2713522,0.10949826,-0.225402,-0.14239371,0.002527289,0.36787447,-0.05831778,0.10724604,-0.048004776,0.01798606,-0.41953194,0.7289574,-0.27074423,-0.0875524,-0.16015032,-0.081077814,0.14167857,0.4548741,0.90724003,-0.09878081,-0.40759087
616,0.20059545,0.052415878,0.27864045,0.66035897,0.5085945,0.22201943,0.6310816,0.083619595,0.1341101,1.0253514,0.60126376,0.6378268,3.762337,1.38505,1.9014492,0.05099435,-0.30255604,-0.039319497,0.26961184,0.19747661,-0.23008311,-0.10959309,-0.2053132,-0.3405598,-0.19956672,-0.62408406,-0.3404848,-0.10694149,0.20491374,0.18530881,-0.7023586,-0.23267889,-0.10581386,-0.043817043,0.17330194,0.2024034
617,-0.97274727,0.11003539,-0.16279767,0.06697363,-0.3439713,0.2748868,-0.2845151,-0.82650757,0.04727006,-0.04256913,0.4091534,-0.17976701,-0.32380414,-0.35672963,-0.005073428,-0.0062534213,0.15007985,0.2730217,0.15416868,0.41878307,-0.112323046,0.39553016,0.1782788,-0.5141236,0.0732497,-0.33286482,-0.1950376,0.22415915,0.11223304,0.17737883,0.1916185,0.0026849508,0.01915133,0.2044627,-0.039066136,-0.42184722
618,-0.3066054,0.024307549,-0.5695738,-0.23718643,0.1874156,-0.17504859,0.21006316,-0.5513439,-0.046348333,0.99456096,1.7736667,1.0426898,0.4396062,1.3417767,0.953372,0.061740994,-0.1895689,-0.056194365,0.18667209,-0.16152471,0.7075144,0.16511583,0.12531006,0.1250055,0.14218801,-0.20061189,-1.1596646,-0.16952905,-0.11393568,-0.55345327,-0.122606575,-0.04949057,0.37037838,0.115887254,-0.21438217,0.09858778
619,-0.09115979,-0.13136856,-0.31278276,-0.15186971,-0.08973321,-0.022926211,0.16742536,0.16656095,-0.5760548,0.05418229,-0.19420655,-0.4756632,-0.12376994,-0.089387625,-0.18924302,0.1512968,0.11053904,0.45445085,0.20705199,0.27975634,0.09083879,0.022309601,-0.25221244,-0.326817,-0.029597163,-0.30673918,0.04440379,0.21572262,-0.040004283,0.047484875,-0.22066432,-0.046057343,0.2793224,-0.14344072,-0.07409099,0.23635852
620,-0.14910108,-0.043747783,-0.111534834,0.07655567,0.03111896,0.17339414,0.048529208,-0.1117087,-0.1423136,-0.06621653,-0.10208225,-0.13327968,-0.11391944,-0.060333937,-0.07587826,0.17642319,0.06880683,-0.31249547,-1.1146069e-05,0.037925392,0.021355748,0.00587821,0.055326045,-0.024117947,-0.085336566,-0.037858665,0.041570783,0.103689015,0.06468013,0.2786808,-0.010784864,-0.1669637,0.027939975,-0.074336946,-0.05619937,0.11426902
621,-0.023506343,0.29041934,-0.047643468,-0.11161233,0.047092795,-0.24701959,-0.29256022,-0.38729814,0.011383057,-0.51171947,-0.353482,-0.038422495,-0.11322106,-0.12573455,-0.47971147,-0.09103143,0.03548622,1.1512406,0.23045151,0.15477103,0.12547961,0.02116406,0.011020362,-0.10098986,-0.13020705,0.2957145,-0.018151432,-0.36992803,-0.19794363,-0.6462177,-0.14612633,-0.3059088,-0.17415208,0.14062905,0.051659286,-0.37494266
622,0.07107067,0.033278853,-0.18576516,0.07864025,0.6841248,-0.06828919,0.14070755,-0.088255435,0.008492947,0.1190542,-0.15313028,-0.36897868,0.12048954,0.20368047,0.061091304,-0.3040506,-0.45765528,-0.44861543,0.74853766,0.62095016,1.0398573,0.5333005,0.16768175,0.38122383,-0.4227182,0.42459846,-0.17908242,0.7852381,0.036361516,0.1487238,-0.63560224,-0.2809977,1.5154283,0.5536958,1.1830678,0.07534605
623,-0.027865946,0.13925272,-0.059818804,0.24566029,-0.24194396,0.32709906,-0.28112683,-0.4481824,-1.0768673,0.49954605,0.07580787,-0.5088036,0.16066015,-0.6864113,-0.26531237,-0.38290417,-0.19102797,0.005176805,0.42834795,0.019679338,-0.9770683,-0.3751212,1.0367553,-0.9423679,0.15775624,-0.79808795,-0.43891427,0.34519127,-0.31029272,-0.39617154,-0.090921044,-0.4739628,0.7899498,0.37495506,-0.29297364,0.39937556
624,-0.087146565,-0.083577745,0.038756847,-0.2409038,-0.45255613,-0.40554845,-0.22055584,0.09491643,0.23846102,-0.082634926,0.41138592,-0.26468647,-0.01887703,-0.49655938,-0.2768748,-0.20121685,0.14542282,-0.6584815,0.3567236,0.11962739,0.13147424,0.18231744,0.41021818,-0.10809186,0.23058856,-0.234649,-0.7125837,-0.020696223,-0.04862936,-0.7408352,-0.27837014,-0.12068078,0.31321555,-0.146563,0.50322044,-0.8158531
625,-0.18720722,0.0023831725,-0.9385602,0.21100998,0.7941288,0.6085139,0.7318238,0.15813148,0.45793414,-0.36667496,-0.12674028,0.07180858,0.05497527,0.05522245,0.4452825,-0.09471151,-0.26077467,-0.3684175,-0.12197173,-0.09116645,-0.42650974,0.016912937,0.0025952458,0.23491931,0.22086173,-0.2724412,0.1503638,-0.10541272,0.026296854,-0.08701283,-0.13362192,0.024253428,0.6431402,0.21409148,-0.38116896,-0.2349655
626,0.07758719,-0.26152897,-0.49789444,0.09347308,0.8809882,0.5696515,0.5438451,0.29101747,0.16113296,-0.3831969,-0.5638541,-0.1405674,-0.08251637,-0.09742907,-0.11674556,0.14325291,0.3599282,0.30055004,0.06068504,0.13731349,-0.10563493,-0.07396877,0.07583969,0.23700935,0.03765273,0.05114907,-0.4176939,-0.07009232,0.23309681,0.22807106,-0.08392352,-0.31123823,-0.8596904,0.26487592,-0.3533581,-0.016741991
627,0.4749675,-0.58785045,0.46621603,-0.0871363,0.08114579,0.21727496,0.22515702,-0.3408264,0.025927901,-0.23982906,-0.38223654,-0.12549075,0.16101837,0.027835183,0.06340033,0.24884892,-0.43596932,-0.4395752,-0.1885789,-0.037133694,-0.10388291,-0.057986766,0.44200164,0.35071278,-0.55533075,-0.46878833,-0.43386352,0.39367732,0.24710245,0.10229206,-0.17889452,-0.18283504,-0.39234653,-0.09870517,-0.0073540807,-0.27283823
628,0.09655285,0.146182,-0.054965436,-0.269405,0.13390565,-0.19605182,0.16185552,-0.32471877,-0.19619763,0.13781881,-0.26889813,-0.33670598,-0.14951813,-0.31934348,-0.18076265,-0.4451059,-0.110369325,-0.120841265,-0.051505208,-0.198624,0.023672737,-0.232826,-0.28468406,-0.31142324,-0.35595,0.7172986,-0.23266584,0.05630225,0.15798253,0.38261384,-0.04848361,0.16644716,0.14065927,-0.31264606,-0.00866878,0.095553875
629,-0.08218992,-0.13911742,-0.00027480721,-0.3268176,-0.06836432,-0.22654334,0.001155138,-0.20677477,-0.282361,-0.20469427,-0.02686286,-0.3157166,-0.32145768,-0.07571936,0.049350455,-0.015773058,-0.02374971,-0.09615733,-0.031080246,0.024516284,-0.1101293,-0.195068,-0.07232398,-0.102745056,-0.26114112,0.17865181,0.04922864,0.007682562,-0.089870274,0.029040352,0.10678168,0.3216275,0.18471369,-0.021219075,-0.10214564,-0.2687579
630,0.36418444,0.0784553,-0.38885307,0.093458354,0.009089649,0.053934813,0.11788541,0.011298209,-0.04178512,0.20238408,0.4482093,-0.18587863,-0.11423105,0.013019443,-0.3592309,0.043431222,0.09889984,-0.3653255,-0.046341658,0.36831635,-0.19296956,0.035496533,0.3600741,0.088403344,-0.1977945,-0.37689772,0.10907179,0.22345048,0.11074543,-0.06974256,-0.027950704,-0.19042498,0.61707914,-0.040009916,0.30731067,0.7057244
631,0.43438828,0.23293668,-0.23726511,-0.046082318,-0.25842842,-0.23967849,-0.04278493,-0.48856682,-0.10529548,-0.08878046,0.04293622,-0.5006348,-0.078347206,-0.15491684,0.1477834,0.03789419,0.06888485,0.1017572,0.032564104,0.6913179,0.11091602,0.17623478,0.47455567,0.08104697,0.18171982,0.013852775,-0.17479867,0.17454094,0.23800924,0.15323007,-0.14953482,-0.1252718,-0.26288652,-0.19329435,-0.35742342,0.08516157
632,0.04485181,-0.30497944,-0.10361126,-0.023717165,0.3478187,-0.01177156,-0.09718317,-0.057431936,0.6244283,-0.49996457,0.6883746,0.24918364,-0.5352877,-0.027377486,0.115962505,0.53044677,0.70090425,0.37918645,-0.023206115,-0.64241576,0.055045918,0.36547548,0.33815753,0.05603504,0.74691236,0.97441685,0.5374936,1.4724874,0.76122206,1.5392203,0.79159,1.3646721,2.2148826,-0.5138731,-0.5402875,0.5750794
633,0.23914269,0.102426246,-0.93413234,-0.21789536,-0.15751037,-0.1742377,0.2213318,0.1600312,-0.06000638,-0.27483907,-0.38351652,0.0019433498,0.15147883,-0.17506579,-0.1302981,-0.0322957,0.15081984,-0.31477445,0.23397213,0.13761142,0.5959785,0.33207583,-0.3543049,-0.2519759,-0.14386219,-0.14050934,-0.42016143,0.0029074028,0.17571986,-0.8487466,0.12637049,-0.21034527,0.3466983,-0.041539818,0.45695865,0.10380143
634,0.38944703,1.2609454,1.3572167,0.30407315,0.39809012,-0.036214706,0.25036705,0.048363924,0.7499641,-0.17335123,-0.43681228,-0.33517486,0.29441845,0.03742917,0.8157165,-0.12247741,0.38515526,0.034154773,0.09625435,0.33705887,-0.033712417,0.0014275312,-0.043436944,-0.23629045,0.07690382,0.2941059,-0.105419666,-0.01766923,-0.0025299191,-0.12747097,-0.06264496,-0.1719917,-0.31682587,0.25836146,0.45112175,0.8817533
635,0.033161163,0.17989251,-0.0672878,0.14793152,0.20752592,0.093934976,0.09904194,-0.07988012,-0.25420606,0.008656979,0.13637602,-0.5799281,-0.07906473,-0.40291864,-0.5915758,0.1074574,-0.055310667,0.118362784,0.017223716,-0.05496595,0.11126369,-0.15382445,0.02537267,-0.042286992,0.048306108,0.33209527,0.18841696,0.123284936,-0.22985452,-0.045170903,0.008328676,0.101426125,0.2278763,-0.06485224,0.29133037,1.3103478
636,0.16625208,0.31388232,0.16321704,1.3182651,1.1094033,2.1744318,1.0287204,1.3582736,4.7398133,-0.19949609,-0.38417572,-0.38240114,-0.013017416,-0.12724748,-0.23925737,0.06773424,-0.099167675,-0.18949604,0.027523339,0.0063087046,-0.2112549,0.0088838935,0.06756419,-0.46336913,-0.05384916,0.026697367,1.3125308,0.04034838,-0.035582125,-0.2520126,-0.09126896,-0.2239505,0.25045484,0.118358135,0.56982076,1.2360029
637,0.118941605,-0.5625975,0.100716114,0.6870431,-0.025892034,0.0054397583,-0.2186808,-0.08312267,0.21001285,0.76390326,0.6794549,1.4400002,0.18563527,0.5823877,0.64833057,0.38910717,0.09829309,0.25017667,0.002246976,-0.55976385,0.4907558,-0.000318408,0.82065344,0.4294207,-0.25435644,-0.28337958,-0.41890812,-0.30481195,-0.40192837,0.23109409,-0.287642,-0.1255255,-1.0593207,0.47963768,0.015270054,-0.1810984
638,-0.5619181,-0.18353814,0.72000086,-0.24760246,-0.056501836,-0.40006515,-0.19133043,0.23291147,-0.6090375,-0.45568857,-0.4140702,-0.63443166,-0.21822679,0.16297676,-0.14734793,0.29753268,0.0023557544,-0.36876488,-0.6455796,-0.037819266,0.72710025,0.03324151,-0.1254394,-0.34351397,-0.64321554,-0.08490062,0.16274187,1.3905396,1.1514223,1.4001222,2.9859571,1.256374,1.8503989,0.19063538,0.015712935,-0.5427385
639,0.016101241,-0.25237858,-0.18797064,0.10000706,0.18803719,0.44116378,-0.0034117699,-0.1299355,-0.13200462,-0.04063058,0.57107174,0.037667155,-0.07561451,0.0043919683,0.26860833,-0.05283767,0.024103403,-0.46844435,0.0515455,0.13432992,-0.15046656,0.100831985,-0.009605348,-0.2383478,0.00095933676,-0.3989311,-0.6402107,-0.13709545,0.16268615,-0.200706,-0.21284306,0.11481565,0.34457672,0.063970745,0.03665185,0.30949745
640,0.103743434,0.09152414,-0.034793317,0.22590876,0.025924683,0.07097748,-0.12375939,-0.17220098,-0.29590344,-0.23640054,-0.31528923,-0.17191185,0.11767563,-0.18421283,-0.017066404,0.21625072,0.24886307,0.59890234,-0.044061065,0.31782103,0.6508932,0.09692627,-0.12253524,0.23073548,0.15013084,0.6670015,0.9065072,-0.11044495,0.20123926,0.09461802,0.014143467,0.26098734,0.37462085,0.082482874,0.49421495,1.7379001
641,0.044707477,-0.054019928,-0.060765624,0.16856933,0.5966891,2.3656054,0.24927181,0.3375529,0.5489242,-0.21769595,-0.22983474,-0.13101602,-0.10868424,-0.21023965,-0.2206126,-0.0063686073,-0.06428298,0.2510777,0.04668778,0.23601207,-0.6310916,-0.07056457,0.11439651,-0.07838329,0.018041909,-0.09444295,-0.031965494,-0.01651752,0.061229527,-0.21261251,-0.03217119,-0.13510478,-0.08640662,-0.07218182,-0.30056447,-0.12505913
642,-0.5009923,-0.43380043,0.16639963,0.55356824,0.66633725,0.47719908,-0.10101861,-1.3203423,-0.05787027,-0.4756269,-0.82253814,-0.47530922,-0.9030303,-0.8429179,-0.98483676,-0.23046243,0.2496903,-0.11237717,0.17832243,0.18134733,-0.13661867,-0.39385068,0.56956875,0.5329771,-0.631935,0.7983806,-0.0011941493,0.13136323,-0.22342856,0.384051,-0.32060724,0.7588563,-0.8855307,-0.079633564,1.0094249,0.78859824
643,0.060432315,-0.662008,-0.36492816,-0.17626655,-0.053803634,0.16725549,0.27353442,-0.2433261,-0.4007744,-0.19310671,-0.025942534,-0.40996444,-0.14989084,-0.200635,-0.5153422,-0.016677082,0.14112288,0.56987286,0.10453004,0.035386935,-0.11626047,-0.059534013,0.2799885,0.23751317,-0.15753502,0.021256238,-0.178244,-0.049276203,0.5342003,0.28444922,0.22629237,-0.38935593,0.11342323,0.3051657,-0.48804593,0.29942703
644,-0.14358479,-0.429321,-0.057664707,-0.15098816,0.20157376,0.122436084,-0.2530153,-0.9213527,-0.6559115,-0.39238325,-0.44136673,-0.20627072,-0.48890266,-0.61490405,-0.47181296,0.113206625,0.32703266,0.00634443,0.025764406,-0.014775865,-0.21755922,0.19517058,0.056158997,0.36424983,0.009009033,0.015735906,-0.062785774,0.3645721,-0.08760072,-0.43504936,0.056377232,-0.2698104,-0.3415768,0.15417534,0.29210442,0.06417623
645,0.24613902,-0.06295735,0.03386289,0.22459826,-0.27404875,-0.5296595,-0.2567972,-0.08009648,-0.11450046,-0.06721991,1.8636572,-0.4652026,0.37229455,0.006479308,0.13358992,0.24271888,-0.3239423,0.105223835,0.34812447,-0.25206745,0.35458487,1.3042126,0.18222791,0.44744563,0.15182239,2.2623115,1.3267573,0.6836967,0.8532763,0.70264137,1.1952887,2.6793163,2.0966692,0.31448823,-0.083681494,0.4629848
646,0.014474571,0.9686867,0.17449206,-0.26329985,-0.034502506,-0.32332152,0.06512998,-0.3598603,-0.03255838,-0.2976228,-0.334789,-0.4627191,-0.9873955,-0.4590172,-0.356996,0.99978703,-0.24552485,0.061447024,-0.00864014,-0.015743062,-0.23999643,0.38474634,-0.42393374,0.19096518,0.77923965,0.7926694,1.1726645,0.08815992,0.045778602,0.12774748,0.4177953,0.037794232,0.5328418,-0.098308444,-0.15059766,0.20656818
647,0.6356361,0.6067494,0.2776341,-0.13305259,0.40785617,0.00422439,0.54472536,0.49080884,0.74986446,0.6724849,3.9061816,1.0252447,2.8162298,2.3163412,1.5686835,0.09246841,-0.3352964,-0.31448066,-0.06772509,-0.007480502,0.050346613,-0.2696652,0.5659082,-0.09462708,0.17485803,-0.13006395,-0.3214967,0.1672466,-0.16223453,-0.1429362,-0.2310932,-0.42727628,-0.2945748,-0.1160828,-0.2073676,0.45806956
648,0.11207095,0.70731837,-0.044240743,0.10458392,0.40072775,-0.40139574,0.06533587,-0.0775885,-0.28612703,-0.18712258,-0.07669318,-0.73217016,-0.38866922,-0.7006501,-0.26397645,-0.016660154,0.26401967,0.07117537,-0.36413336,-0.4464566,-0.63289577,0.77071804,0.43772763,-0.15054834,0.72078156,-0.048280567,1.6457499,0.103144675,-0.36441547,0.59727883,0.16133487,1.0363394,1.1894317,0.18069965,-0.1808551,0.19098358
649,0.10360758,-0.23609293,0.12739533,-0.13570887,0.011942863,-0.045348525,-0.39470372,0.3153739,0.16180515,-0.22902423,-0.18996815,-1.4630044,-0.3021124,-0.19322252,-0.062134862,0.6716178,-0.07316589,0.43908107,-0.41478032,0.082173795,0.14945817,1.0461429,0.12724948,0.08867544,1.7316835,1.9793707,0.74322593,1.1933819,0.36804822,0.5494683,2.0917487,2.2809467,0.8473388,-0.13883677,0.054891765,-0.012012899
650,0.16734451,0.29358613,0.48287815,-0.8209335,-0.60798854,-0.395334,-0.0636968,-0.43856546,-0.34450406,-0.20890754,-0.5579611,-0.4017656,0.07852584,-0.06916189,0.2065022,0.1425382,0.16012551,-0.24797958,0.088832736,0.043234825,-0.25578433,0.13714641,0.68853414,0.96382344,-0.532565,0.06512135,-0.24556261,-0.1447565,-0.8359822,0.3987478,-0.33953094,-0.25912738,-0.5223424,0.14677131,0.41663682,0.11104357
651,-0.009909221,-0.23476636,-0.18871644,-0.10480854,-0.47241378,0.022329256,-0.4102792,-0.13543841,-0.24364701,-0.07154268,0.011864543,0.10038996,-0.1676473,-0.14416665,-0.17088422,0.05440706,0.21209037,0.045615315,-0.26723683,-0.123699754,-0.32107008,0.08804998,-0.16184035,-0.064272285,0.004206091,-0.021305263,-0.27135426,0.4088576,2.673089,0.1930631,0.046721905,0.20551077,0.16088851,0.07820976,0.08686927,0.075855136
652,0.019979656,-0.10818367,0.4141301,0.02256304,-0.023651242,-0.37569958,-0.06063038,-0.015653849,-0.09842783,-0.111617684,0.11431649,0.69689906,-0.35110325,0.015824348,-0.82714987,0.30674824,0.39248887,0.40079638,-0.0875428,-0.37652192,-0.04733701,0.06578916,0.12155819,-0.40027213,0.72624624,0.63200414,1.165968,0.31723553,2.854887,0.38297376,1.7800732,2.0300562,3.32903,-0.048938155,-0.16058734,-0.0010813475
653,0.46839297,-0.36210698,-0.011671096,-0.319783,-0.32378292,-0.23540318,0.5851923,-0.15064895,-0.10812676,-0.17584789,0.19464463,0.094693065,-0.19212365,-0.43270707,-0.45946783,-0.5160301,-0.06606388,-0.37373078,0.10308751,0.07201612,0.15323794,0.016022421,-0.30786103,-0.37404877,0.239012,0.18149555,-0.0027919412,0.27388,-0.5549287,-0.5404993,-0.042149276,-0.11228204,0.30112842,-0.5662206,0.027120262,-0.3672168
654,0.16218895,-0.41845876,-0.1285877,-0.40249914,-0.107468605,0.3789674,-0.059886932,-0.16861972,-0.1858234,-0.12387127,0.49612415,-0.9497884,0.17653161,-0.44998848,0.38521641,0.10837372,0.48347044,0.15379,0.14120567,0.10882839,-0.1099174,0.15064174,-0.43845448,-0.49156594,-0.17841214,0.028354108,-0.40844208,-0.20484024,0.2877926,0.3503974,-0.062674224,-0.19449957,-0.6249607,0.19640583,-0.008483529,-0.15790951
655,-0.2727503,-0.27177352,0.11438272,-0.08661161,-0.5402565,-0.2877289,-0.36774737,-0.4014179,-0.2981097,-0.13976468,-0.16737005,-0.38569325,-0.09877354,-0.5951307,-0.6349308,0.39970198,0.24402544,-0.19172168,0.18229634,-0.081937075,0.6420755,-0.25929698,-0.41285384,0.531938,-0.3948928,0.40392718,-0.14881092,0.31215185,0.11359477,0.4508541,0.20568456,-0.41151246,-0.47556496,-0.06592846,-0.48378956,-0.17594671
656,0.5411353,0.18690984,-0.15221435,-0.36972612,0.09569679,-0.22580063,-0.28456336,-0.3438215,0.5490647,-0.12965873,-0.34136668,-0.4550358,-0.6508479,-0.26103723,0.31935638,0.8919419,0.3268788,-0.010148466,-0.44279465,0.0822472,-0.21081448,0.35700637,0.35003287,0.20938346,0.7532294,1.0820179,0.69336045,-0.21419668,0.043732405,0.27796918,0.04571545,-0.017968006,-0.49027926,-0.31906772,-0.6043505,-0.013732597
657,0.1970127,0.35166273,-0.042214632,0.34841973,-0.019323513,-0.10398339,-0.08504963,-0.12099686,0.21198653,-0.31813815,-0.10675062,1.8586621,0.03048788,0.38822484,2.399963,-0.12372717,-0.033350825,0.18956816,0.080889694,-0.21356444,0.1520653,0.08445519,-0.16840717,-0.25840458,-1.1732361,0.0113588795,-0.30010706,-0.049505748,-0.22454774,-0.098243356,0.3986744,-0.6179706,-0.22207746,0.2946208,-0.12420712,0.15926524
658,-0.24897856,-0.024183154,0.031495214,0.11088979,-0.10945642,-0.10415876,-0.41589558,-0.17089725,-0.008648038,0.009275645,-0.10350466,-0.30950728,-0.21918106,-0.4454494,-0.26855093,0.026164271,-0.35716903,0.28731853,0.0379678,-0.27535573,0.08371027,0.35702232,0.36544925,0.5377822,1.6574645,1.0588176,0.3696132,0.17578876,0.09399688,0.04791464,0.971303,0.9632671,1.0084733,-0.051166058,-0.033399463,0.10525066
659,-0.060925364,-0.0039868504,0.51836526,-0.48889095,-0.017377079,-0.423831,-0.2570665,0.08080804,0.3638168,0.0772351,0.55985075,0.0025677383,0.6587068,0.4111369,0.17134984,-0.26014414,-0.11879641,-0.04624097,-0.6729665,-0.041701615,-0.2127037,0.24670461,0.11687517,-0.12415604,-0.22409493,-0.29411536,0.3432604,-0.5871514,-0.2641189,0.40034866,0.22840619,0.33088034,1.0124079,-0.18771869,0.22445011,0.23697814
660,-0.010413796,-0.13181518,0.11506477,0.27547204,-0.047214687,-0.33539888,0.09001213,-0.30828854,-0.8126348,-0.19637695,-0.14506853,-0.40760428,-0.20416051,-0.13431975,0.21039635,-0.30684772,0.12963015,0.004686117,0.19525881,0.54189396,-0.28945193,0.23197669,0.12764409,0.43236554,-0.05456856,-0.3329229,-0.0044687986,-0.04714076,-0.14797463,0.49423772,-0.42802632,0.4569581,-0.10332084,-0.47744212,0.329592,0.28143746
661,0.25895637,0.64250624,1.2856288,2.0484,2.4351554,1.1525946,1.1823802,0.8542695,2.3168354,-0.37311226,-0.24055886,0.096114844,-1.0476745,0.030248702,-0.0334059,-0.5166631,0.0150411725,-0.12966034,0.19503194,-0.07715597,0.3487854,-0.66892654,0.14123416,0.04979676,-0.5348244,-0.3188448,-0.24801964,-0.0018669367,-0.0677,0.0018001795,0.27160335,-0.3021232,-0.3988794,0.067028284,-0.006507583,0.061540782
662,-0.17851222,0.08515835,-0.28103387,-0.53346515,-0.27918744,-0.58150566,0.40023533,-0.021259561,-0.22616374,-0.09453976,0.123957336,0.39324236,-0.2626163,-0.20494731,-0.17015916,-0.35748342,0.020122647,0.555634,0.3105473,-0.12878096,-0.36831993,0.38237274,-0.31877112,-0.6507586,-0.49104595,-0.32803905,-0.9279449,0.048666835,-0.030935526,0.1918821,-0.19713873,-0.33755788,-0.4768456,-0.60394055,-0.10921307,-0.7497739
663,0.11538452,-0.14393146,0.3157354,-0.4307627,-0.549831,-0.47433487,-0.71561116,0.23570222,-0.16527063,-0.35841084,-0.64626396,0.053166017,-0.07745808,-0.04660514,-0.039673835,0.52264345,-0.27878422,-0.08521736,-0.5956701,0.20059562,0.8582053,0.09233016,0.14610296,-0.08598518,-0.50870574,-0.16145465,-0.21539964,0.10143268,0.13706197,0.21492484,1.2900455,0.8364358,0.010595273,-0.29197663,0.28449678,0.26346517
664,0.31596196,0.5392957,0.7243232,-0.04037845,0.73592603,0.054902382,0.20248249,0.38217396,0.016123526,0.11980748,0.28146902,-0.25784373,-0.020719469,-0.28415632,0.02567172,0.69909257,0.345424,-0.1736579,0.36108536,-0.31751406,-0.16196777,0.34765217,0.59653354,-0.09924877,1.0119104,-0.7124068,-0.23317504,-0.036678255,-0.15119834,0.03837949,-0.31927097,-0.21575457,0.10901294,0.3304782,0.2194143,1.3084972
665,1.6464937,0.43954226,0.21515867,1.5983691,0.5291425,0.016379446,4.133617,3.1942093,1.8923178,1.1924372,0.31777596,-0.30001462,2.8750176,2.1776736,0.80605114,1.8238735,0.57142466,-0.08112702,-0.16477412,0.22831097,-0.11866073,1.5446992,-0.08495681,-0.034559727,3.8212655,2.3093085,1.6143827,0.009569287,-0.1573607,-0.07397628,2.946711,4.1850176,0.8081196,-0.07321286,-0.028595328,-0.058042705
666,0.039756954,-0.24978061,-0.08323288,-0.002738595,0.087376505,-1.4323993,0.053426385,-0.2455896,0.074169025,-0.0017264932,0.24547912,0.022586375,0.08683759,-0.35008577,0.01223284,-0.2190573,0.22553544,0.22140266,-0.058156624,0.196867,-0.71465397,0.19116229,-0.2170858,-0.18449187,0.24531257,-0.05707182,-0.044523217,-0.38773364,-0.20303789,-0.09562445,0.00480856,-0.12896317,0.042892873,0.16273159,-0.32981652,0.02105546
667,0.5790867,0.27041915,0.5368422,-0.42287546,-0.14679131,-0.105018914,0.5306004,0.3980551,-0.11444807,-0.41834873,-0.26434836,0.018609613,0.1548599,-0.07667963,0.03995025,-0.62906003,0.40859407,-0.12283063,0.77020603,0.019614697,0.1825557,-0.44329572,0.46915424,-0.24120289,-0.29490206,-0.46369106,-0.56517065,0.09216903,-0.33112764,0.01241982,-0.52351826,-0.68456924,-0.51986426,-0.06253356,0.25366414,0.13936043
668,0.40982345,-0.77629983,-0.07758409,0.2853409,1.2251296,1.4600148,0.2996987,0.49497634,-0.16000497,0.23376697,1.3783789,1.0369197,-1.1968436,-0.9566715,0.57843053,0.039276022,0.21700108,0.32963413,-0.2379055,-0.18450916,0.20608766,-0.06415191,0.23597836,-0.3086015,0.35691613,0.24068576,-0.35479352,-0.401329,0.41334203,-0.0049198866,0.24700859,0.013229609,-0.04141903,-0.027321935,0.38114154,0.020913363
669,-0.09876251,0.3929618,0.012159228,-0.04818225,-0.16713214,0.0121077895,0.01858592,-0.07312396,-0.08524752,-0.14801091,-0.09444019,0.05427867,0.09227097,0.3266221,-0.36945847,0.6903746,1.1553353,-0.1723041,0.03303361,-0.30545917,0.24507439,-0.09424019,0.20838922,-0.23884258,0.18610066,0.33614516,-0.30737084,0.30368558,0.13902667,-0.11164147,-0.035217106,0.054158002,-0.56331354,0.023596704,0.2590125,0.081680894
670,-0.79212046,0.08384801,0.29002288,0.03505695,0.09341055,0.89156044,-0.06991565,0.2648503,0.42978567,-0.20974179,0.104179606,0.080760896,-0.8515281,-0.09303665,0.0542022,-0.3244176,-0.29455227,-0.1938141,0.16134825,0.03528309,-0.1679697,0.02410847,0.21672252,0.09389219,0.29005343,-0.118606746,-0.072347045,0.16658115,-0.41103825,-0.8365676,-0.2612708,-0.3906818,-0.3764735,0.009112477,0.60970336,0.16078177
671,-0.23134607,-0.3674103,-0.28419447,0.3756251,-0.2841146,-0.21478567,0.37017885,-0.49285245,0.017530382,-0.21826243,0.5152873,0.5656421,0.5361788,-0.0070664883,-0.061974525,-0.5054835,-0.28457525,-0.35097563,0.057415724,0.3783319,-0.35729334,-0.025406584,-0.37194514,0.22003418,-0.8748554,-0.4340156,-0.69754916,-0.20569193,0.14648479,-0.23055601,-0.5055462,-0.119170845,-0.18082958,-0.069378495,-0.27645695,0.23726264
672,1.0234133,1.1845264,1.0357238,-0.14115226,0.05831927,0.19247422,0.9521882,0.68271846,0.9443659,-0.13351786,-0.092346966,-0.7474792,0.5807992,0.7310181,-0.59324914,-0.26144788,-0.15126628,-0.627625,-0.04140234,0.23176144,-0.011321425,-0.01452589,0.31888354,-0.028676927,0.19389379,-0.24058756,-0.20410758,0.046289325,-0.296634,0.7873423,-0.09915194,-0.13455626,0.23117289,0.19656286,0.5520347,0.72523254
673,0.38255993,-0.349935,-0.19102445,-0.042430162,-0.48691517,-0.25930893,0.8804587,0.5044605,0.10478443,4.5893335,3.1657808,2.025932,2.9763737,2.363552,1.1610539,0.23077881,0.036432907,0.13430253,0.49596348,-0.07204199,-0.0076598525,0.29322046,0.22047874,0.01740104,1.7142428,-0.17291582,-0.041600972,-0.382703,-0.1473971,0.051366627,-0.41069353,-0.05494997,0.06486952,0.10350138,-0.033866286,0.015778452
674,0.10131943,-0.18543756,-0.0074043274,-0.1315391,0.004355669,-0.2716329,0.03982812,-0.06140393,0.1132313,-0.03720832,0.51638097,-0.18394849,-0.08725762,-0.38665265,-0.5067357,0.078508765,-0.20217165,0.7307742,0.10488498,0.2952678,0.08330095,0.3437109,0.116809785,0.28030777,1.0182011,0.51064223,1.1253842,0.460667,0.10400754,0.4577181,0.42410254,1.1532516,0.5215397,0.13865173,-0.0561133,0.26541162
675,-0.58388877,-0.14538729,-0.123586744,-0.3172325,0.23274675,-0.3390919,0.016418993,0.57610464,0.40978587,-0.6130402,0.39211476,0.17031336,-0.07307768,-0.4713004,-0.5356556,-0.021844536,-0.2463677,-0.5320316,-0.23573339,0.6703539,-0.09314278,-0.3193993,-0.52727234,-0.4508885,0.6165136,0.453793,-0.11024239,-0.37885022,-0.41566592,-0.2676978,0.9759841,0.030707944,1.1348748,-0.5020827,0.37444264,1.1160067
676,0.16036928,0.63375723,-0.24078277,-0.0932483,-0.10806829,-0.23709983,-0.28065398,0.013690591,-0.23578513,-0.16494794,-0.47218114,-0.110911794,-0.2109245,-0.29897958,-0.46989357,-0.08303231,-0.14693347,-0.568272,0.13704817,0.032013774,0.22162527,-0.40135166,0.06774938,0.09595582,-0.47995663,-0.32304725,-0.63957876,0.16817689,0.65240407,-0.2511677,0.3086295,-0.40072167,-0.9881929,-0.707481,0.106203675,-0.23112963
677,1.5301911,0.15151647,-0.23174769,1.233624,1.0066674,0.6138835,0.59066665,0.27432188,-0.031167984,3.2887638,0.85246027,-0.09521532,1.4148595,0.8989608,-0.4397424,1.8948908,0.29802358,0.013988137,-0.13166802,0.01007992,0.12319559,2.3507352,1.4427966,0.7068584,1.9949447,0.14200222,0.39743945,1.3487031,0.6281841,0.28338486,1.9568496,1.8269051,0.96681184,3.0721982,1.9472115,1.4469005
678,0.1646446,0.20949244,-0.063091576,0.029197097,0.15253602,-0.3913347,-0.17149538,-0.3916961,-0.20036867,0.14673236,-0.12554926,-0.24424484,0.40016627,0.18265213,0.13773713,-0.21596584,0.07552853,-0.08657837,-0.31369513,-0.040177584,0.04046899,-0.249452,0.1522983,0.07156223,-0.77196026,0.30633685,-0.506251,-0.057371467,-0.10601963,-0.00012153387,-0.6010689,0.07307989,-0.09303039,0.02150178,0.01909113,-0.29753846
679,-0.08312231,0.26383922,-0.48472297,-0.18864277,-0.2954942,0.092033386,-0.25135022,-0.42951557,-0.3286462,-0.40588605,0.15811819,-0.13558012,-0.43142802,0.022228062,-0.602144,0.1300022,0.53389156,0.4825492,0.18808419,0.5182465,0.71946466,0.040260315,-0.024010003,-0.5621925,0.1224969,-0.11195049,-0.07507396,0.022092104,0.12938835,-0.28430742,-0.14157009,-0.031487167,-0.15133667,0.09619051,-0.1889757,-0.35141796
680,-0.39584437,0.15967259,0.3029065,-0.15421247,-0.20723385,-0.544541,0.84380084,-0.04290831,0.5761039,0.2354393,-0.43991086,0.47306895,0.4039179,-0.16850787,0.36599642,-0.3367188,-0.29848337,-0.13547373,-0.21479216,0.12472254,-0.0008074045,-0.17386633,-0.29220927,-0.2991631,-1.1479317,-0.7342139,-0.6301552,-0.016860932,-0.3371464,-0.19312808,-0.49586588,-0.40770876,-0.44416165,0.61687756,-0.0050682575,-0.06333202
681,0.07358247,-0.003387034,0.07848477,-0.057286024,0.017246872,-0.36978227,0.03510481,0.03772503,-0.15626004,-0.117736846,-0.0517928,-0.4851315,-0.17470425,-0.25688636,-0.8120594,0.6932304,0.25092396,2.9379957,-0.11311908,0.17669165,-0.07807657,0.7869063,0.45307764,0.97577894,1.6780245,3.6556332,5.323366,0.12726381,0.04000859,1.047783,1.2454747,2.1928399,4.785357,-0.16562563,0.035037786,0.097053915
682,-0.18518893,-0.4123519,0.059104323,-0.10553397,0.27424657,0.14738232,-0.20292568,-0.9319245,-0.044377297,-0.12016978,-0.19319586,-0.029919088,-0.58713794,-0.29678002,-0.03583935,-0.47134033,-0.119305566,-0.088008046,-0.328076,-0.15193644,0.12443879,-0.7629558,0.107991524,-0.23139766,-3.7380133,-0.30054674,-0.05264747,-0.23639888,-0.37402958,-0.14753377,0.2854885,-0.39509955,-0.09875864,-0.5023148,-0.3651927,-0.1258505
683,0.50081277,-0.059617102,0.0029264688,0.5201882,0.7089226,0.23448265,0.7176887,0.3515209,0.41964942,-0.23840207,-0.38391334,-0.030327678,0.36541766,0.13002077,-0.03941518,-0.027234912,-0.15000665,-0.08153081,0.2279396,-0.1447111,0.09435427,-0.34874016,0.07624684,0.15331733,-0.5884055,-0.1092208,-0.14979035,0.037433326,-0.030345798,-0.14502656,0.24988286,-0.16690394,-0.6479639,-0.04429236,0.20374069,-0.04383838
684,2.3388803,2.703791,3.5929523,0.38774005,0.32091108,-0.49653816,1.930481,2.6701798,2.4748442,-0.16788334,0.16336846,-0.19683003,0.8136254,1.8065586,0.85789233,-0.159174,0.24522159,-0.20637974,0.25217015,-0.20832759,-0.14741677,0.2592955,-0.24392796,0.09873703,-0.17618173,-0.27369422,0.16813505,-0.07137197,-0.2535638,-0.22804305,-0.25160468,-0.18630636,-0.9379571,-0.15136203,0.16896492,-0.04284686
685,0.039598465,0.027476728,0.123072505,-0.039644957,0.050229013,0.24967074,0.12429768,-0.1019004,0.24593282,-0.025539458,-0.022389948,-0.54945296,0.049711466,-0.16436282,-0.044362843,0.10726464,0.18011612,0.44308794,-0.05702877,0.009041995,-0.24882002,0.20568806,0.15907118,0.22676146,0.138412,0.18847388,0.46417993,0.05767241,0.07247108,0.20308924,0.07583499,0.19086799,0.49760348,-0.06718254,-0.17912191,0.37112617
686,-0.22188073,0.49495116,0.094705865,0.21018004,-0.21468522,-0.16716763,-0.14400357,-0.5536833,0.10931012,-0.0933567,-0.41938516,-0.11696859,-0.29662722,-0.37066665,-0.011890724,-0.5207232,-0.18222922,-0.22460201,-0.57829773,0.71453935,-0.13697687,0.68846345,-0.59089494,0.4324445,0.8458395,-0.015067898,-0.2964107,-0.21730788,-0.5299366,-0.20871238,0.9324355,3.2815385,-0.22933975,-0.48391944,-0.4054919,-0.1524359
687,0.06203705,-0.03924781,-0.003600955,0.10384652,0.022196889,0.076131046,-0.7261063,-0.31268427,0.02655679,0.16214561,0.09968436,0.14565742,-0.56995237,-0.0773647,-0.18543307,1.254087,0.33385658,0.28916013,-0.7248864,0.030237466,0.045600474,0.51287645,-0.1892662,0.16687198,2.152842,0.9447837,0.21814996,0.21932682,0.056727737,0.07144612,1.6005082,1.4952054,0.44871613,0.26198766,0.028227687,-0.06217414
688,0.31629717,0.45206183,0.10763651,-0.0479908,-0.24096784,-0.021443605,-0.033240795,0.048408642,-0.007646799,0.023074865,-0.13848263,0.018783689,-0.38919258,-0.1920475,0.03846258,0.08124995,-0.19829828,0.0509845,-0.2408905,-0.082695544,0.21193159,-0.17809331,0.26698327,0.03893596,0.382676,-0.40189782,0.027272105,0.018989623,0.06743997,-0.11940527,0.085862994,-0.1432068,0.013679028,-0.020211399,0.109645605,-0.0011159182
689,-0.24907467,-0.09890354,-0.08223593,0.57465047,0.72745013,0.24193868,0.016823657,0.168535,-0.1525966,-0.020652771,-0.1328764,-0.10290277,-0.50298685,-0.260298,-0.048772812,-0.18354236,0.18229684,-0.12037408,0.10892287,-0.37981248,-0.06697142,-0.20768005,-0.42436016,0.02779007,-0.4946984,-0.24464697,-0.087056935,0.07546672,0.15374815,-0.05633402,-0.2513279,-0.5814514,-0.3602512,-0.13180238,0.049866498,-0.018282413
690,0.29944485,0.33779094,-0.010645866,2.2566812,-0.3252968,0.1904645,-0.31058276,-0.3576253,0.102995574,-0.21761093,-0.23312253,-0.06770104,-1.0340922,0.36158288,-0.48117274,1.5171746,0.02627492,0.21969007,-0.22861299,-0.30757654,0.4158688,2.5987523,2.3077316,0.30630982,0.89831185,0.38041705,0.56328326,0.16575769,0.0017806292,0.38769233,0.1025787,0.33828688,0.4402798,0.3563359,-0.029377043,0.019553244
691,1.2987761,0.62602824,0.37580305,-0.029514208,-0.51828504,-0.33284974,1.5443585,1.1612344,0.345347,0.24188346,-0.64576036,-0.001633048,0.6762886,-0.115825504,-0.73957705,0.59899974,0.29709244,0.15717793,0.38879025,-0.10566443,0.062158406,1.0361948,0.10831779,-0.1026209,0.052086294,-0.36668104,-0.47857934,-0.16476218,0.31994256,0.28091666,0.8141308,0.16005872,0.33419263,0.07157171,-0.09256405,0.0044304132
692,0.18909301,0.05823052,0.004173279,0.054145038,-0.049595118,-0.15949392,-0.28077424,0.19996172,-0.051413238,-0.5560229,-0.21759832,-0.18464309,-0.5841762,-0.13570696,-0.34991953,0.86620235,-0.067416236,0.020753264,-0.45110488,0.13281009,-0.01434195,0.6171317,-0.13140339,0.04619533,0.7411983,0.0719526,-0.12640929,0.44518238,0.119135365,0.27552176,0.99698997,0.91909564,0.88702095,0.080186434,0.35196522,-0.27732143
693,-0.2403556,0.49087024,0.004968241,0.06205535,-0.42678106,-0.4845079,0.1211195,0.03676462,-0.79852414,-0.42281353,-0.1728032,-0.13791719,-0.46668708,-0.15651405,-0.6564215,-0.0067873,0.13428637,0.22851227,-0.32832468,-0.20364308,-0.24593213,-0.12607855,-0.32621765,-0.23989058,-0.014774239,0.40112087,1.0529419,0.07968819,-0.27225012,-0.1816996,-0.29827374,-0.22457406,0.5358478,-0.03412342,0.019690514,-0.1426661
694,-0.07698284,0.03673756,-0.16298318,-0.18702573,-0.030711472,0.16394132,-0.4060166,-0.109648526,-0.12010461,0.121055484,-0.107494414,-0.09213507,-0.71668625,-0.29406852,0.016715467,0.16704294,-0.07176101,-0.02851957,-0.6417345,-0.14020626,0.02160412,0.47117588,0.10872486,-0.20140767,1.9576352,0.3587594,0.18987334,-0.11179027,-0.12115134,-0.033522844,0.09150994,0.4952939,0.10569751,-0.20491746,0.14673737,0.0060438514
695,-0.05656427,0.38342437,-0.24901903,0.11629677,-0.6771639,-0.4973492,-0.2963475,-0.009919375,-0.1595906,-0.17528117,0.076224566,-0.119846225,-0.40307522,-0.22954625,-0.2769451,0.49151134,-0.30956054,0.27233195,-0.076609015,-0.19112632,0.046490252,0.4554522,-0.12054499,-0.6443688,0.28232944,-0.14155054,0.6294558,0.27343208,-0.026031371,-0.01392591,0.12230009,0.48169184,1.1437899,-0.44394708,-0.31665492,-0.5689759
696,0.21564804,0.6029517,0.09479073,-0.057608336,-0.10100311,-0.0043955147,0.25137097,-0.3874156,-0.16572228,0.15116504,-0.19596773,-0.17047659,0.11590477,-0.16189668,-0.106474936,5.055181,4.2741876,1.0413313,0.32910794,0.02845946,-0.037750155,5.2634525,3.5011516,2.0470333,4.530981,3.6893706,1.5628247,-0.3139133,-0.15352772,-0.06075707,0.6758598,0.15295143,-0.13334797,0.36516097,0.1672769,-0.11685544
697,1.6677941,0.5367068,0.23974717,-0.98924077,0.1931369,0.3314572,0.9271999,1.193262,-0.14188136,-0.689411,-0.74334264,0.016507246,1.0053293,-0.49962282,-0.36369503,-0.188245,0.22346124,-0.24600618,0.44182086,-0.014484018,0.4344489,-0.21906306,0.14682868,0.06322926,4.4313316,-0.6210933,-0.35935685,-0.3403799,0.38874358,-0.018182687,-0.031065613,-0.42499363,-0.33911037,0.3143119,0.5498955,-0.33404088
698,-0.07031351,0.020558834,-0.30629823,-0.03453958,-0.07098687,-0.56587166,0.075237274,0.25845376,0.35849863,0.12929308,-0.036014974,-0.1896671,0.14367789,-0.31095865,-0.15193295,-0.13055116,0.16319658,-0.33688372,-0.2278741,-0.04087104,0.29011148,-0.31355155,-0.39339626,-0.36899915,-0.28317803,-0.3216182,-0.6211315,0.15890467,-0.3122329,0.322078,0.08357155,0.048699677,0.08013037,-0.07374132,-0.06610048,-0.39819968
699,2.2930849,-0.6238466,-0.3950891,-0.2195772,-0.2446562,0.2990464,0.291807,-0.28202558,-0.49235365,-0.34323278,2.4765608,-0.05042246,-0.7600887,-0.58295566,0.27836078,0.20950341,-0.13306892,0.13204078,-0.30554062,-0.049617775,-0.24984562,0.28179112,-0.21886453,0.15428838,1.0111752,0.15920255,0.71502614,0.33338594,-0.21293196,0.14871114,0.7246797,0.7105695,0.022191234,-0.04848486,0.005130917,-0.021038845
700,0.44406015,0.8557371,0.22743145,0.47577456,0.46434888,0.42993188,0.69843125,0.63248116,0.11209464,0.23206049,0.1520662,-0.4066615,-0.025351793,-0.1161744,-0.6344343,0.69447064,1.1205418,0.8879641,0.11483896,0.48040906,0.5528881,0.5834588,0.5923857,0.7255432,0.890922,1.2206416,2.4360852,-0.30329257,-0.19931033,-0.2058549,-0.028992653,0.6280925,0.73712796,0.15938383,0.43171918,0.18489495
701,1.5070108,0.91445345,0.47136307,0.66019005,0.67534184,-0.30577338,2.3041852,2.0415027,1.6330384,-0.33901823,-0.36645043,-0.53634036,-0.37522125,-0.4349822,-0.17914402,-0.09193366,-0.12815282,-0.32118508,0.18608564,0.11878346,-0.19089176,0.07958257,0.112733305,0.031989932,0.40126514,-0.20532739,0.36796176,0.48991954,0.18611343,0.76891035,1.0134373,0.54265803,1.4680169,0.079897285,-0.38879752,0.15883645
702,0.6696937,-0.36063325,-0.0866524,0.4776333,0.538058,0.12547633,1.1288949,-0.4983384,-0.053243905,0.3556919,0.54394996,-0.40546775,-0.07293545,-0.09704453,0.5479537,0.20537592,-0.13154821,-0.034918666,0.3500248,-0.11751744,0.09592064,-0.19229847,-0.102383226,0.07601571,-0.3990879,-1.1193167,-0.5486105,0.31004205,-0.05765249,0.07740855,1.5110718,0.5085375,-1.2757096,-0.16292533,0.10466475,-0.36617973
703,-0.10763872,0.1842672,-0.6504945,-0.048200488,-0.30801624,-0.61120325,-0.26968908,-0.124188185,-0.64548874,-0.3954785,0.12097275,0.013411254,0.26707426,0.108832955,0.26839855,0.15485887,-0.6892148,0.3837869,-0.7407039,0.107154906,-0.08589682,0.54569584,-0.102751434,-0.5746739,0.31670165,-0.4037565,-0.2494173,0.25210106,-0.2550543,-0.1767118,-0.15274173,-0.122516155,0.48426655,-0.23761708,0.28616002,-0.28264546
704,0.5219371,0.26055038,-0.0067913234,0.68604624,-0.30522054,-0.19170591,1.652522,0.86976933,-0.016590774,0.58998996,-0.08379492,0.22491135,6.969064,2.5842543,0.39540207,-0.28643322,-0.14744309,0.12445986,-0.04619541,0.16414295,0.0055720806,-0.55596614,-0.10746722,0.029126316,-1.1659253,-0.45748025,-0.45173293,-0.21095864,0.026996404,0.015373796,-0.43377447,-0.57841784,0.44216692,-0.056456253,-0.5759684,-0.16258839
705,-0.10324994,-0.017073214,0.0015530586,1.1546254,-0.034360588,0.46763963,0.40391642,-0.2937918,0.1537348,-0.27904534,-0.21533781,-0.07588327,-0.33083224,-0.33701614,-0.42081594,0.19324617,-0.24963301,0.34697515,-0.10755569,-0.16118073,-0.029437333,0.11492722,-0.16412725,-0.18966578,4.6642256,2.8201282,2.0728233,0.027731732,0.08187362,0.1577945,1.8799269,1.2455602,1.6155807,-0.08671713,-0.22176892,-0.04000604
706,-0.13589287,-0.02007623,-0.4200561,0.1395821,-0.5206205,-0.36913347,-0.2651497,0.2176255,-0.46515685,-0.51421535,-0.3738947,-0.76643705,-0.014099896,0.08599591,-0.21076891,-0.055400908,0.30252767,0.1568166,0.21365333,-0.481494,-0.089083195,-0.00046807528,0.025501639,-0.44664243,-0.14333433,-0.044512928,0.011631429,-0.25872836,0.343431,0.12864196,-0.1004473,0.1703496,0.21334477,-0.31959927,-0.7750906,-0.17388499
707,0.12892506,0.10259141,0.31861997,-0.23138213,0.10673825,-0.15920904,-0.07957822,0.13265568,-0.6754987,-0.45875403,0.20868504,-0.51326275,0.053942263,0.4684955,0.30176368,-0.41806486,-0.6280284,-0.39424664,-0.018213391,-0.41046485,0.22496054,0.53665245,-0.2617886,-0.08269131,-0.26126438,0.07934483,-0.5659556,0.52895874,-0.45100534,0.09805086,-0.25867683,0.060556993,-0.08275622,0.27533212,0.313042,-0.14403899
708,-0.08675927,-0.240372,-0.59270686,0.22475636,0.25177056,1.0739162,0.0086737275,-0.08574167,-0.19249609,0.4565404,0.81767696,0.037296295,0.32676148,0.68969965,1.2570183,0.19011611,-0.14780779,-0.10798802,0.14031182,-0.13997974,-0.63684225,0.052707195,0.013680384,0.16292048,-0.12876678,-0.014432132,0.29817903,0.13053209,-0.13219646,0.18954396,-0.14696163,0.16988724,0.005867064,0.20423186,-0.046746485,0.3602023
709,-0.53263193,-0.027823687,-0.06965953,-0.08863145,-0.4121095,-0.18611339,-0.21102642,-0.96158516,-0.055377305,0.16090581,-0.34555173,0.05662948,-0.37691516,0.09707087,-0.13395047,0.3498659,0.08937241,-0.08250362,0.07474443,0.017371744,0.54985464,-0.18891343,-0.6753578,-0.16559541,-0.9724569,-0.21967408,-0.12624884,3.6302357,2.466435,1.9505591,3.2674146,4.268908,2.971671,-0.1550839,0.13200206,0.020805359
710,1.6108966,1.5905805,0.50049835,0.281313,0.072954774,0.2061047,2.6094246,1.5571723,0.13189155,1.3826938,2.6677527,3.101748,2.5345938,1.9531956,2.2382078,-0.38429153,0.3600035,0.3953437,0.0640935,0.023360968,-0.019560099,-0.1596447,0.6745782,0.86586404,0.25874612,-0.1364111,-0.13409597,-0.24440315,-0.118949056,-0.07873297,-0.31617665,0.036110938,0.27537447,0.7488327,1.0823764,0.45915818
711,0.041393876,-0.009962082,0.27851483,-0.047775567,-0.2220295,0.09286593,0.20451987,0.15188587,-0.62574875,0.34220532,0.24958742,-0.4833119,-0.0868109,0.042073786,0.33460477,1.0892397,0.9707472,4.627184,-0.09342606,0.18265358,0.31630784,1.7357514,1.3336926,1.320344,2.2362287,4.06493,3.9722683,0.9599404,0.3080839,1.1744463,2.050346,3.2439837,4.7523885,-0.17883322,0.09126878,0.12553622
712,0.64709014,0.5100357,0.27485454,-0.0701091,0.20193061,-0.17443997,-0.029682457,0.28948277,-0.036352932,-0.092066675,-0.49188125,0.027920246,-0.39447093,-0.18953377,-0.09785175,0.8742144,0.12854525,0.21188182,0.22720653,-0.24333575,0.3290698,-0.087041736,0.20006946,-0.0755471,1.5680046,0.14745754,0.20418096,-0.16684741,-0.17298996,-0.08096331,0.59084123,0.1945299,0.13262415,0.9343965,0.08672422,0.35125658
713,0.2216512,-0.5019456,0.41175398,0.9018437,0.30708992,0.4757805,1.6078664,1.2289431,0.3934676,-0.28494182,-0.05282877,0.11866848,-0.18667006,-0.1863867,-0.18751904,-0.5702779,-0.17033458,-0.94784915,-0.05982852,-0.07568765,-0.7556175,-0.49218178,-0.18339026,-0.36925,-1.032294,-0.7643821,0.09974526,-0.23107827,-0.0045104623,-0.010358304,-0.2244395,-0.9021528,0.07941806,-0.30660677,-0.08253673,0.41020668
714,-0.5776471,0.3669564,0.21614671,-0.10054244,0.108253,0.22872877,0.14002416,0.36644012,-0.055897176,0.2550553,0.1054337,-0.31760043,0.11710805,-0.31142607,-0.23423642,-0.2691561,0.49818903,-0.07459879,-0.3006302,0.24332708,0.13658983,0.07173153,0.90434897,-0.048104465,0.19014765,-0.14513826,0.21738964,0.30116057,-0.32117784,0.09874487,-0.345357,0.037036985,-0.11715937,0.37929744,-0.52532554,-0.09331894
715,0.0096075535,-0.118584216,-0.062775075,0.3227204,0.20955005,-0.23842493,0.3520413,-0.14855736,0.6284592,0.1480881,0.22082543,0.15708417,-0.17426288,0.24282703,-0.40780762,-0.17876682,-0.14692385,-0.43185714,0.023460269,0.6401292,0.13151976,0.09749645,-0.079833575,0.14116079,-0.36008537,-0.2526614,0.10267222,-0.0628058,0.4363208,-0.17059472,-0.1919167,-0.26089975,-0.18760985,0.284561,-0.18523096,-0.11722176
716,-0.037476063,-0.16185302,-0.4082892,-0.14215499,0.36846784,-0.36044148,-0.19992167,0.08426881,-0.11357492,-0.0792442,0.3641806,0.044282086,-0.009428203,-0.10085504,0.40572292,-0.04835272,0.17574683,-0.3947193,0.071489275,0.059786737,-0.12438482,0.22724992,-0.122440994,0.37243754,0.17386556,0.050208542,-0.28438854,0.1734621,-0.27903408,0.31634718,-0.11452657,0.17575946,0.18691134,-0.18841249,0.22930014,0.20688841
717,0.7341713,0.6814975,0.10810757,0.34928998,1.2873998,1.4349116,0.5879307,0.48978513,0.49806976,-0.23464362,-0.02758047,0.066259384,-0.2849971,-0.13614085,-0.4294084,2.3408139,0.76389396,1.1094576,-0.20207989,0.1836971,0.016038477,2.2995818,0.6712481,0.3450965,4.143512,2.356692,1.2365779,1.5301522,0.9685664,0.2764333,3.2829878,3.6788216,1.591397,0.08744368,0.7407316,0.1036551
718,0.3726032,0.38779458,-0.36154503,-0.8724359,-0.020483226,0.41922894,-0.2646101,0.17616256,0.25210387,0.19989607,0.8794054,0.74018633,-0.007872447,0.39342165,0.3506506,-0.21642815,-0.11456044,-0.25729218,-0.0514037,-0.3221123,-0.20342392,0.24953449,-0.20551205,-0.10688645,-0.2102991,-1.5203534,-0.3356306,0.14711574,0.097971976,-0.7151988,-0.43612707,0.44283158,0.06619534,-0.32948107,0.08145398,0.3846839
719,2.5307157,4.1491723,1.9004669,1.4176875,2.2712536,2.2612336,3.3108435,2.5291526,4.1236672,0.81468296,1.8615711,0.34836686,1.2125436,0.80793476,1.113124,0.7695256,0.20245391,0.1259442,0.044797212,0.27611706,-0.06466025,0.19770652,0.068537176,0.33597064,2.8356726,-0.14483613,0.12420872,-0.16155002,-0.12731647,-0.107441396,1.1301974,1.3290501,0.16757154,0.64280736,1.8781879,0.104237616
720,0.44783276,0.3876291,0.26950282,-0.24512953,-0.42321417,-0.55648714,-0.37621066,-0.3769517,-0.314547,0.17577425,0.13215284,0.28506315,0.2427747,0.05875811,-0.071620405,3.0535913,0.2509425,-0.17677164,0.0031303465,0.27114576,0.23848863,2.4624596,0.20356837,0.41911513,6.547654,1.5180349,0.87128735,-0.25505242,0.24439521,0.86631167,2.4583097,1.6496655,-0.20661181,-0.01039505,-0.3231883,0.19622916
721,0.14932519,0.011313282,-0.53456783,0.1099543,-0.015341759,-0.17281413,0.19709682,0.03840953,0.44138503,0.5878235,0.8336998,2.158664,0.17339617,0.76925457,2.7516947,0.08321178,0.033657253,-0.3003298,-0.042044997,0.12504472,-0.13926777,0.17923021,-0.07471499,-0.24457398,-0.047850847,-0.02385372,-0.67606974,0.10852349,0.09806681,-0.33162063,0.13480806,-0.076791346,-0.020971477,-0.05512631,-0.01423822,-0.0744105
722,-0.42994732,-0.38414732,-0.16162634,0.10029495,-0.25977176,-0.10755676,0.27744484,0.015956908,-0.09165645,0.45634997,0.248055,-0.4482032,0.0493474,-0.12368357,-0.39239523,0.071516484,-0.78241795,0.1087836,-0.5185843,0.30056968,0.91182023,-0.3069093,-0.51891345,-0.3913677,0.3574612,0.16016504,0.13735628,1.1928071,0.3338265,-0.14046273,0.45564914,0.92828584,0.53240764,0.08690034,-0.09214611,-0.14487004
723,-0.5026477,-0.04866305,-0.009964347,2.5920153,1.9335179,1.2550184,1.8376341,0.87506247,0.52123165,-0.6010195,-0.14405596,0.06902748,-0.26501083,0.025960833,-0.24195074,-0.69088733,0.04685235,-0.19247651,0.18533203,-0.3658152,-0.27663094,-0.3506117,0.06316298,-0.08257878,0.36316967,-0.581578,-0.09983903,-0.16899553,-0.033680975,-0.12436086,-0.19170406,-0.22980493,-0.29455322,-0.059500635,-0.08369607,0.061372876
724,0.52987945,0.42283362,0.58974755,-0.79123163,-0.041837513,0.078609586,0.49930176,-0.17871302,0.50198275,0.10738626,0.18327314,0.394428,0.5382614,-0.08478254,0.28226984,0.7486743,-0.08751312,-0.03341788,0.1287983,0.14740834,0.010528505,0.021172702,0.52301145,0.056664586,0.7004787,0.83281374,0.65121007,0.13870573,-0.2460038,-0.13036662,0.40231413,0.09385136,0.28877062,0.31808388,0.22853217,-0.16879559
725,-0.052848812,0.039975315,-0.41004616,-0.14454402,-0.78640795,0.4564458,0.029265314,-0.29193464,-0.15187061,-0.44047874,-0.60219514,-0.34246778,-0.12017079,-0.6232314,0.046355054,0.10877995,0.3587873,1.1075753,0.11469926,0.13896725,-0.17221531,0.24370767,-0.2690827,0.63828605,0.83612823,0.45533672,0.48906142,0.27317992,-0.05250208,0.7543228,-0.21637625,0.3934285,0.77508,-0.2689044,0.1354339,-0.611194
726,-0.08343381,0.011449456,-0.030314445,1.3786297,1.4846876,1.1568741,1.8302307,2.1351192,1.850419,-0.1485998,-0.45851576,-0.1925528,-0.12171273,-0.2707878,0.04249096,-0.11874747,0.11218523,0.055784076,-0.069381595,0.085430324,0.06461871,-0.0027406514,0.3111123,-0.09454617,1.5088596,1.2191366,1.5037338,0.17534408,0.14484155,-0.30092758,2.7495399,0.6678753,0.88233304,0.269602,0.40010643,-0.09851301
727,0.013898686,-0.03660965,0.03701967,0.2621649,0.0035857558,0.000772804,-0.18197167,-0.09599558,0.026343495,-0.035100356,0.05130884,-0.13324052,-0.36761075,-0.06843752,-0.33206576,0.6931815,0.026881024,0.12804824,-0.39689827,0.023415476,0.07791817,0.83523774,-0.8402811,0.06926185,2.3147385,1.0346056,0.98073304,1.9465547,0.6214261,0.39587286,4.927525,4.856887,3.5930226,0.17497388,0.06441474,0.018122852
728,0.07686877,-0.11073309,-0.81353205,-0.1620645,-0.049408615,0.40736666,0.3007279,-0.36283857,-0.10945386,1.1973253,2.4082232,2.5825725,1.5405136,0.6896395,1.9244717,0.3015555,-0.0830397,-0.00044809282,0.49612713,0.33189777,-0.1892444,-0.44751823,0.45365134,0.09495485,0.010041058,-0.18507466,-0.58508503,-0.15204918,-0.26030755,0.12999985,-0.4321109,-0.36634818,0.148933,0.21706516,0.27711105,0.1134302
729,0.59806967,0.12070939,0.22245082,0.10163126,-0.6224462,-0.38422987,-0.2603348,-0.17248507,-0.5095494,-0.015668005,-0.11855692,0.27952093,0.2676465,-0.13180548,-0.0106622875,-0.13930187,-0.50114787,0.7618162,-0.44908863,-0.055397876,0.060013175,0.26163143,0.4160824,0.20698935,-0.32072878,0.81284714,0.15831336,-0.28244984,-0.46177247,0.41773072,0.05283731,-0.55443406,0.13111411,0.43765277,-0.6217614,-0.40027052
730,0.6386703,0.72706246,0.0058217645,0.885146,-0.11901618,-0.067638665,0.023807585,0.8114593,0.22635031,0.69233423,0.77293473,0.2008627,0.117907286,-0.101988226,-0.12977192,1.2267401,-0.13071513,0.24552971,0.09078768,0.30576763,0.054110765,1.0338998,0.44521087,0.13587064,2.826685,0.66485816,-0.1339914,0.39066026,-0.18544525,-0.15025443,1.0183027,0.3704337,0.3847012,0.37183762,0.7907667,-0.017754674
731,-0.4691937,-0.051212728,0.12081203,-0.5605537,0.022566587,-0.067956686,-0.7346252,0.18339252,0.12423599,0.08896029,-0.36562824,0.36071756,-0.20526262,0.08324947,0.09828091,0.5852146,0.065069854,0.004673004,-0.1444506,-0.1495834,-0.06175059,0.028990746,0.054069206,0.06543964,0.27257404,-0.2229511,0.39585266,-0.3184091,0.31406024,-0.10954076,-0.18938172,-0.54138684,0.22700644,-0.25535774,-0.19102117,-0.23848909
732,0.053822517,0.38685867,-0.069221646,0.11811116,-0.0019832551,0.011803269,-0.07207757,-0.21673608,-0.10771304,1.4227086,1.3420955,0.37158912,-0.69895893,0.5649141,0.2994918,1.5445352,1.0448081,3.5340834,-0.02601184,0.1187523,0.09325501,2.1196094,1.3744222,1.1658013,3.9147599,4.6639967,4.76989,-0.16037539,-0.012190938,-0.12518421,0.6979652,2.0207248,1.7899464,0.43301028,0.54931515,-0.084350556
733,0.046824396,-0.13135485,-0.1515708,0.0079036355,0.30271512,0.713979,0.20137823,0.545828,0.7298405,-0.0068004727,0.015180618,0.22706646,-0.021249294,0.015705824,-0.4743618,-0.045634568,-0.0505116,-0.00067281723,0.038758457,-0.123433985,0.091909766,-0.14452493,-0.017291129,-0.22294357,0.021393418,-0.10065073,-0.08061391,0.096330166,0.06609744,0.12184489,-0.12627584,-0.20478377,0.1114285,-0.038131237,0.2285878,-0.47645414
734,0.16672814,-0.056523085,0.04916978,-0.25449795,-0.15083693,-0.12521565,-0.047861755,0.0069931746,-0.085984826,-0.17030275,-0.09207383,0.01836425,0.087655425,-0.0086042285,0.00887692,0.005120516,-0.06342914,-0.044231415,-0.16872334,-0.1309067,0.14362049,-0.22246683,-0.07516706,-0.022151947,-0.061921656,-0.18821159,-0.00675416,0.22070467,0.4894737,0.37091208,-0.07381523,-0.20723546,0.012384534,-0.08678198,0.1298435,0.033866048
735,0.50310403,0.12940189,0.29438424,0.45432952,0.40187302,0.38249803,0.18067583,-0.4048528,-0.4502858,0.22956222,0.4828713,-0.3201384,-0.40721264,0.22596572,0.5864081,1.0845767,0.49795207,0.07795328,0.05742909,-0.052759975,0.27277347,-0.083997905,0.077385545,-0.02562657,0.22445425,0.096009,0.3601132,-0.6313504,0.119660616,-0.41524142,0.5148636,0.1872536,-0.75087106,-0.3291725,0.2191514,-0.227514
736,0.15826651,-0.08891842,-0.45160833,-0.275073,-0.17645931,-0.34628427,-0.33022892,0.21991457,-0.38065916,-0.018085517,-0.20343812,-0.018114984,-0.29423904,-0.12295849,0.23911904,-0.16044988,-0.45450342,0.4399375,-0.05244568,0.5549327,-0.1674294,-0.23451588,-0.4771351,-0.026914064,0.5026115,-0.23414227,-0.09568636,0.39316067,0.13563806,0.36106905,-0.1960294,-0.036021177,-0.3221496,-0.36321622,0.05323589,-0.56869507
737,0.12899193,-0.7686075,-0.34316385,0.38507986,0.18603173,0.075354084,1.8354142,0.33845103,-0.027522624,0.38503838,-0.015893519,0.3963865,0.08314568,0.088401616,-0.10355824,-0.33981645,-0.015551031,-0.088198006,0.7320283,0.10212326,-0.10859126,-0.0285552,-0.05227703,-0.11456163,-0.5177386,0.07951099,0.19431949,-0.3774466,0.4231289,-0.2538461,-0.01312682,0.01751554,0.15711306,-0.3711281,0.39584485,-0.28389537
738,0.8826002,0.6338934,0.46712267,0.6884263,0.1794331,-0.10238314,1.0720363,0.68593067,0.16518092,-0.34035024,0.08219504,0.110568166,0.66447043,-0.04106474,0.041570067,-0.36745232,-0.15788658,0.044950128,-0.033780515,-0.055279456,0.023816466,0.04737264,-0.013892174,0.04715991,0.3996836,-0.04609981,-0.057650983,0.08585793,-0.02627939,-0.028137624,0.11681187,-0.17491977,-0.12800479,0.3570851,0.049920246,-0.1379646
739,0.52796686,0.39778456,0.105912685,0.5827327,0.23360917,0.23560703,0.37693596,0.5354142,-0.024615407,0.26293537,-0.28159907,0.06905067,-0.0051084757,-0.047838032,-0.011324525,1.289171,0.4920714,0.29074138,0.113916755,-0.17758131,-0.15506268,0.22311103,0.24416375,0.03989786,1.353446,1.1908267,0.14289403,-0.08563756,0.0952391,-0.03092897,0.609916,0.0058341026,0.20004433,0.13894981,0.017230928,-0.11985648
740,0.18648654,-0.19409448,-0.11358625,0.116417885,-0.20644036,0.18515494,-0.17733885,-0.16249162,-0.26731315,-0.09939201,-0.044374645,-0.19800887,-0.6707237,-0.15057448,-0.49551508,2.1751466,-0.22367823,0.21138138,0.30164248,-0.112573504,0.1690808,1.4158128,0.43278795,0.19972228,2.2173219,0.85926557,0.86522484,2.9346287,1.6324577,1.0298412,5.4232426,4.4393935,3.2353258,1.1745603,0.20150621,0.2351493
741,-0.39326212,0.005586654,0.22850606,-0.11238304,0.46910083,0.99730974,-0.12341856,-0.048269123,0.17235997,-0.04928589,-1.1663958,-0.52092427,-0.19940764,-0.3447231,-0.20824204,0.04280494,-0.0918293,0.29310495,0.069097035,-0.19196875,-0.2030321,-0.4410928,-0.73452795,-0.44587952,-0.40757215,0.26852596,0.44987568,0.6869836,5.595368,2.472147,0.15749866,0.2566281,-0.13910222,-0.49683,0.4326988,-0.14322606
742,0.28365326,-0.22214198,0.07977724,-0.16798234,0.67295814,0.095846176,0.8804872,0.8169576,0.55237585,-0.30159742,0.1279828,0.5480463,-0.37724167,-0.35413474,-0.0793193,-0.5529418,-0.31625044,-0.12086928,-0.10573463,0.2800879,0.6154057,-0.15884781,-0.4706919,-0.39542484,0.6813468,-0.31384075,0.23205963,0.23561099,-0.30330852,-0.11719477,0.18959618,-0.36609602,0.22204149,0.15596896,-0.043019056,-0.028944552
743,0.19663896,0.027139299,0.19214691,-0.2595214,0.02071698,-0.06677444,-0.048808224,-1.04603,0.20424211,0.067003734,-0.93746936,-0.052017868,-0.27912217,0.13627177,-0.45568293,-0.18599005,-0.15287144,-0.22587898,0.34793887,0.44625378,-0.102031454,-0.7378533,-0.03823948,0.46836257,-1.2382451,0.3133043,-0.95241517,0.1655742,1.2392511,0.22947997,-0.04325056,-0.56466377,-0.904546,0.7317368,-0.16515315,1.274361
744,0.37480214,-0.016319409,-0.08230542,0.55338955,0.6009245,-0.050823033,0.074486375,-0.07759175,0.37312666,0.26548374,0.16959092,0.2110557,0.7684928,0.01707039,0.20656118,-0.27180475,-0.378419,-0.06320042,0.2037918,0.21959688,0.2728963,-0.17266929,0.30653554,0.019482374,-0.18291461,-0.203782,-0.19336425,-0.25725284,-0.23314846,0.178871,-0.7187676,-0.5409663,-0.08463882,-0.33037823,-0.28701478,-0.1132378
745,-0.08803046,-0.31460786,0.2094565,-0.033802986,0.58258057,0.29036987,0.015772223,0.09784311,0.21232092,-0.018753707,0.2892248,-0.4732913,0.20389324,-0.102557436,-0.60128546,0.86720264,0.04919231,0.6380736,0.10620445,-0.3290249,0.2717324,0.04068458,-0.56109995,-0.07780784,-0.5991431,-0.03302507,-0.28501764,0.24141133,-0.045556396,0.43075126,-0.20641154,0.18575934,0.016282052,0.694342,0.30603254,0.057925537
746,-0.11055045,0.03964576,0.037564993,0.09877044,-0.2180636,-0.16647689,-0.11388305,-0.2389208,-0.119140685,-0.29508904,-0.17873666,-0.27415735,-0.56179357,-0.1944653,-0.23625329,1.1779894,0.878752,0.21155536,0.08733958,-0.0008113384,-0.20920366,1.7260262,1.2584743,0.69186074,2.8845766,1.660815,0.7698829,0.052098274,0.19903097,0.06010282,1.3670653,2.3219948,1.3414273,0.019702718,-0.15168062,-0.012531877
747,0.15557939,-0.30454755,-0.14737451,1.0005033,0.47562945,0.4581462,0.5943739,0.8458474,0.044727325,-0.6616625,0.023394942,-0.00018149614,0.4025706,-0.17416792,0.024696887,0.12127645,-0.09108152,-0.13344014,-0.49517858,-0.041932315,-0.08819905,0.16311106,-0.12260234,-0.0057280064,2.5406556,1.6749365,0.29762545,0.6162846,0.22377086,-0.16436452,4.0575323,2.5184002,1.5676963,0.30015865,-0.090621084,0.13668978
748,2.3107824,1.9431293,1.509706,0.09930289,-0.11246419,0.21368846,0.099781275,-0.16499811,-0.27297628,-0.00018131733,0.024351418,-0.1755603,-0.70749676,-0.49596736,-0.55626416,1.6666071,2.0614495,3.5874605,0.04712838,0.038632303,-0.16381949,2.5988333,1.5598722,1.0808055,1.8298376,2.2138872,3.3178077,-0.018108368,-0.29273033,-0.17769982,0.053464167,0.69765365,0.8475612,0.06349361,0.3430772,0.20602565
749,0.043842375,0.010944143,0.30915153,0.11057937,0.1609222,0.22140408,0.13061535,-0.1390158,0.21436417,0.116598964,0.49954617,0.54946744,0.23091239,0.46644422,1.0439713,0.054854035,0.17633119,-0.688077,0.04946065,0.38674626,-0.1712577,-0.0019879937,0.090408206,-0.4283312,-0.06605744,-0.04867074,0.030036807,0.13593447,-0.18013647,0.14876533,-0.22035706,0.13352874,-0.4036982,0.22355211,0.059953153,-0.12231624
750,0.24623534,-0.5308736,-0.6890124,-0.23760772,-0.422736,0.4680694,0.36139977,0.13629282,-0.8382458,0.15924186,0.4540124,1.3920652,-0.14527649,-0.07441771,0.28246832,-0.1620791,-0.2500069,-0.42529425,0.058606446,-0.5415834,-0.20485696,-0.3575213,-0.108555526,-0.34142035,0.3075794,-0.5424111,0.26800048,0.047979742,-0.25312316,-0.034507573,0.40394235,0.21396564,0.023050427,0.09692478,0.1633623,0.112884104
751,-0.15114397,-0.1555438,0.0060141087,0.011362791,-0.1604653,-0.08220905,-0.22409213,0.074071735,-0.1446588,0.11720365,0.03661728,-0.022677064,-0.09139168,-0.24341445,0.07580119,-0.14529198,-0.1346029,-0.027436376,-0.19625783,0.037912965,0.01665467,-0.28112185,-0.04904045,-0.039297044,0.16314006,-0.08089325,-0.025702238,-0.24280599,-0.12698375,-0.052764297,-0.032800794,-0.13671538,0.072126985,-0.050417483,0.00087428093,-0.051778913
752,0.6190029,0.800732,0.15969703,-0.72761637,-0.12887889,-0.27652988,0.2866249,-0.9461831,-0.31555042,0.14128944,0.21102953,0.40417534,-0.20046604,-0.046635434,0.065529704,-0.21489549,-0.18797392,-0.0881803,-0.37536395,-0.14537013,0.13854966,-0.765259,0.0042469203,0.008282423,-1.0239658,-0.44742322,0.076399654,-0.32742006,0.1283313,-0.19437718,-0.3098276,-0.5115864,-0.90681124,-0.0014214069,-0.065358564,0.4618231
753,0.35791197,0.20963898,-0.08681798,-0.940172,0.1694467,-0.33769047,-0.09339002,0.2774248,0.08557248,-0.16202904,0.23743707,0.49887252,-0.06908214,-1.0112876,0.20964274,0.6724372,0.15401065,-0.56137925,0.37950975,0.11749687,-0.32819116,-0.13813567,-0.23068929,0.09574811,-0.22068864,0.032100797,0.30803666,0.021097094,-0.20846766,-0.09539008,0.4973069,-0.10893139,0.11449255,-0.32451916,-0.2715543,0.43134254
754,0.27397794,0.7120192,0.23958781,-0.5530372,0.16466258,-0.25381064,-0.72290117,-0.62464476,-0.00061798096,0.10788524,-0.76950014,-0.627101,-0.4730858,-0.20002624,0.15497178,-0.30670643,-0.15517175,-0.13842428,0.13962919,-0.123563975,0.29040244,-0.33805263,-0.1979869,-0.70387304,-0.64045304,0.02432537,-0.23820126,-0.48831075,-0.092389524,-0.4246368,-0.0598533,0.3856661,-0.6042814,-0.16982627,0.17104056,-0.5005055
755,0.016111046,0.01965022,0.04213023,-0.088973105,-0.14185297,-0.04912913,-0.036552638,-0.42750716,-0.124034524,0.03157276,0.15396261,0.14996362,0.3983603,0.07893652,-0.2886867,0.0433802,-0.54616785,0.04813385,-0.030619219,-0.25264338,0.09971255,0.6109136,0.059827566,0.027463794,-0.15582919,0.55062723,0.3525718,-0.11521053,0.6113963,0.017308235,-0.050603062,0.5568348,-0.15289888,0.54007727,-0.31872597,0.0708462
756,-0.25328967,-0.16152504,-0.83974123,0.22773528,0.1308626,0.22521406,-0.2387191,-0.07358456,0.10148311,0.38308293,0.5956198,1.1876187,0.34494454,0.44416142,1.3044696,0.20484781,-0.31211287,-0.64789844,-0.09502709,0.42936713,0.017360002,0.029385924,0.19951528,-0.015306294,0.011340976,-0.66302764,0.00728482,-0.044525966,0.2426385,0.029675126,0.16963011,0.05401498,0.2783497,-0.17361271,-0.16894421,0.043801486
757,-0.34031558,-0.38347346,0.32393152,-0.65801,-0.08428681,-0.15709442,-0.6367646,-0.65249217,-0.7720387,0.13928744,0.40935364,0.23075467,-0.48370594,-0.16584617,-0.047709912,0.48421296,0.25118876,-0.32961166,-0.1810385,0.50583357,0.94546485,0.44466615,0.10823113,0.09944953,0.01767981,-0.24080542,-0.5314244,-0.2740379,0.41454166,-0.20156768,0.82359195,0.42549378,0.3920157,-0.19804779,0.47810686,-0.3447263
758,0.4186877,0.17959157,0.90621936,0.26067716,0.13791803,0.33635488,0.5213294,0.20074916,0.83057016,-0.30895573,-0.2980791,-0.4044956,0.0543077,-0.16239205,-0.0073317885,-0.3663758,0.26196995,-0.27560925,0.36489242,-0.1783846,0.31413022,0.10625034,-0.06492704,0.093481004,-0.5343677,-0.36436224,-0.14789402,-0.2325837,0.09566739,-0.5509257,-0.350466,-0.10448015,-1.0934174,-0.20929337,0.4260346,0.085641146
759,0.22141755,-0.738833,-0.32983184,0.011147976,-0.11757356,-0.0033416897,-0.07110757,-0.16400474,-0.4088128,1.309902,0.67488927,0.7240106,0.698682,0.5110314,1.1324005,-0.1641693,-0.20273921,-0.25351357,0.2755139,-0.038646784,-0.018949032,0.11352009,0.49844608,0.17481676,-0.3112954,-0.1576111,0.067471385,0.32348606,0.09891002,0.46106097,-0.36026007,-0.22189952,0.20238698,-0.29886034,0.11394754,0.17257881
760,0.26700678,-0.124167174,-0.07797825,-0.12537253,0.17267796,-0.146155,0.15527064,-0.17579019,0.2940939,1.8717543,1.8705914,1.5988503,2.403061,3.0215747,2.113015,0.577535,0.10913704,0.03886062,-0.29463226,0.04566145,0.24072364,0.21301454,0.15784252,0.3982564,1.737246,1.2084584,1.817794,-0.054255664,-0.06480682,-0.105630994,0.5796032,1.649627,1.8061447,0.37824777,-0.022360027,-0.2537951
761,0.033696726,0.08845128,0.12986198,0.68132854,0.48706284,-0.010504246,0.57797956,0.08144122,0.0613693,0.8017698,0.41255113,0.4742468,3.6656954,1.0375799,1.3410449,-0.23496547,-0.3240176,-0.02611339,0.04306847,0.00655289,-0.008080721,0.101193115,-0.0139529705,-0.0539667,-0.36462134,-0.33997947,-0.15734416,-0.17970721,0.09584434,0.042949438,-0.5482428,-0.28489912,-0.04686725,-0.45781434,0.18208693,0.20453322
762,-1.2022519,0.15329805,-0.20454368,0.2984198,-0.20960173,-0.16077898,-0.3802986,-1.0116205,0.11853748,-0.7122961,0.2961604,0.11056878,-0.5862182,-0.39101735,0.061348796,0.033347607,0.041775346,0.04396808,0.3128152,0.20780289,0.10457063,0.59818363,0.16473871,-0.16602391,0.18500638,-0.36288536,-0.2975533,0.24840046,-0.07113516,-0.3401384,0.391697,-0.026545882,-0.07618022,0.051919162,0.43332005,-0.3118775
763,-0.18279338,-0.11869806,-0.30047095,0.07328826,0.0034262538,-0.10905808,0.0015752316,-0.033233225,-0.021940231,-0.2376858,0.011446923,-0.35418034,-0.2368846,-0.23951054,0.062358975,0.08091259,0.2227996,-0.24539256,-0.08579707,0.100708425,-0.19671893,0.06069404,0.000731647,0.020762444,0.16508561,0.0053536296,-0.2698735,0.18331745,0.065956295,0.26858127,-0.012765884,-0.23073465,-0.23828077,0.040973425,-0.49375558,-0.10808718
764,-0.0622465,-0.3180502,-0.34605026,-0.30417597,-0.37814745,0.31708038,0.23927477,0.19137025,-0.4407633,-0.098905206,0.055706263,-0.6102781,-0.19703239,0.030025363,-0.41962528,0.054286987,0.38923284,0.029609025,0.08970934,0.6016835,0.3405794,-0.1495068,-0.19468336,-0.35881284,0.013721228,-0.35456032,-0.15200034,0.5533377,-0.45308205,-0.3928336,-0.18518317,0.18088713,0.6987021,-0.12114084,-0.1698739,0.27548158
765,-0.32187843,0.07367352,0.1577794,0.21436787,-0.22097464,0.05644226,-0.3116433,0.11137616,-0.68914783,0.2791847,-0.018398583,-0.2953291,-0.33938646,-0.31359124,-0.23545206,-0.71215934,-0.015322726,0.046789035,0.4401578,-0.11795605,-0.8519029,-0.83755976,0.66294944,-0.59539723,-0.6767283,-0.4721315,-0.08305408,-0.02382046,-0.43753612,-0.16400194,0.29826945,-0.065688625,0.67944914,-0.56294084,0.18593204,0.06849861
766,-0.13631314,0.116874695,0.384164,0.31242108,0.36010605,0.10546589,0.20922674,0.29698265,0.11565244,0.46605232,0.44026685,0.22576363,-0.11291544,-0.15080512,-0.5105616,0.77428985,0.055460438,-0.13352185,0.21515116,-0.4342646,0.105862856,0.90407765,0.3031851,0.6243799,1.5013142,1.6467803,1.4515095,0.74139893,0.4720084,0.17941946,1.5584708,1.3904247,0.96026075,0.585756,0.4046361,0.19250664
767,-0.011289477,-0.041918635,-0.18678954,0.5735197,1.0858071,0.81726366,0.9831909,0.4299967,0.4884465,-0.0767656,0.22636068,-0.35790116,0.5292907,0.37542146,-0.013659492,-0.29184484,-0.33175403,-0.83708894,0.18468401,0.109974325,-0.43134478,0.061398506,0.07675111,-0.3706067,0.5625894,-0.9541563,-0.0023272038,-0.14943917,-0.41703057,-0.10678384,-0.32455128,-0.16558602,0.446715,0.09481871,-0.8187643,-0.081220746
768,0.3498516,-0.23529565,-0.143109,0.4295256,1.8326986,0.53991157,0.6428993,0.28931874,0.13863039,-0.21220928,-0.8265424,-0.17078875,-0.5191532,0.0018858314,0.09206498,-0.019018352,0.063693166,0.059894204,-0.12261045,-0.020959735,-0.18057394,-0.107385844,-0.08659926,0.26800096,-0.07932639,-0.26204377,-0.2494756,-0.34199107,0.5316022,0.057097845,-0.08342129,-0.7551577,-0.94605374,0.30441976,-0.7232648,-0.12219393
769,0.63263375,0.007749282,0.73729116,-0.10550435,0.06626203,-0.28337494,0.49907932,-0.0368737,0.32937783,-0.17888093,-0.37934297,-0.014467865,0.038017035,-0.6254951,0.57498425,0.04123014,-0.17585781,-0.16290131,0.27528536,0.22765455,-0.43062636,0.42323452,0.554668,-0.06177272,-0.27854663,-0.49951637,0.29808247,0.74727905,-0.07573122,-0.15961897,-0.30431867,-0.5748603,0.41544586,0.0463444,0.41058657,-0.037299395
770,0.16141081,0.023691535,-0.14290321,-0.26082528,-0.08953369,-0.13693321,0.009075135,-0.2286435,-0.33048636,0.23593998,-0.49111027,-0.16829747,-0.13815033,-0.27205542,0.054538563,-0.5093898,-0.16845113,0.051858485,0.029058337,-0.25554594,0.061249852,-0.18699753,-0.32538474,-0.08356649,-0.3864923,0.3954836,0.0791776,0.16242999,0.071770236,0.066565275,-0.0077311993,-0.31274164,0.027434945,-0.40059575,-0.046343714,-0.047183156
771,-0.0022578835,0.06055796,-0.18536389,-0.07378352,0.16467309,-0.33150864,-0.17506254,-0.18206501,-0.54299796,-0.21520215,-0.14040089,-0.5405557,-0.024953365,0.03521213,-0.054263067,0.10865927,-0.33889917,-0.7070668,-0.07587838,0.4505797,-0.20589149,0.121029645,0.191677,0.038799584,-0.22489285,-0.40018022,-0.39748603,0.14190802,-0.17094952,0.2180925,-0.047439456,-0.17526436,-0.10591936,-0.12219173,-0.545261,-0.29341346
772,-0.15573287,-0.26595145,0.23229271,-0.03676653,0.28655815,0.68276423,-0.22775525,-0.5586726,-0.11139846,-0.013402224,-0.09351223,-0.025744677,-0.26926786,-0.16009027,-0.5595421,-0.113636315,-0.022831678,-0.12718746,-0.053557932,0.091469854,-0.6454071,0.18794489,0.14045714,0.4996801,0.0851993,-0.21952152,-0.0570682,0.04364109,0.0178622,-0.035662413,0.122033715,-0.15260112,-0.71865654,0.0753566,0.12208143,0.1809426
773,0.3835778,-0.27568552,0.14110935,-0.16906494,0.15921304,0.34924632,0.41624182,-0.062941715,-0.047896743,0.31497028,0.32328248,0.37702674,-0.08792007,0.24353918,-0.29876274,-0.10795665,-0.08804572,-0.30683178,0.18073708,0.36975348,-0.29253626,-0.11841673,0.07377988,0.18468826,-0.27295673,-0.37881455,0.34774062,-0.17631805,0.2441333,0.19556087,-0.31040126,-0.26357925,0.64639616,0.25116,0.29665613,0.27467543
774,0.5494939,0.107774094,0.32966393,-0.16618815,-0.0059447438,-0.27718207,0.4785207,-0.8499939,-0.5683577,0.1049698,-0.244388,-0.5413873,-0.35367376,-0.3627868,-0.39595586,0.77732867,0.08035818,-0.28733656,0.032912165,1.016386,0.5006052,0.16086626,0.07115519,-0.24208629,-0.0024485588,-0.02238582,-0.2195366,-0.12007457,0.09801954,0.16687673,-0.020885348,0.060777336,0.5884435,-0.31165108,-0.45571402,-0.016376838
775,-0.014469206,0.14165652,-0.25767535,-0.1387986,-0.17075798,-0.27223253,-0.13119954,-0.27482554,-0.9281067,-0.099540114,-0.25912344,-0.17179418,0.020101905,0.14365649,-0.1717444,0.13883716,-0.31023175,0.12430179,0.038261116,-0.19018821,-0.30550325,-0.10500097,-0.34627184,0.0071280003,-0.0049831867,0.15454155,-0.32411468,0.10161716,0.065517426,0.14043373,-0.06463605,0.21987602,0.18291675,-0.10523337,-0.27838942,-0.38834274
776,-0.20222265,0.3136893,0.107907176,0.12295765,-0.09887189,-0.23056072,-0.13492978,-0.31432295,0.25030965,-0.13853133,0.42122576,0.026670158,0.00050604343,-0.35732913,-0.030876398,0.17532414,-0.03382811,-0.081525326,0.2245434,-0.12791778,0.13826847,-0.03659922,0.038963795,0.020245597,-0.38966125,-0.17404923,-0.034288287,0.18006375,0.29873365,0.27821624,-0.12174791,-0.14136428,-0.561418,-0.1815477,0.24191234,-0.06997907
777,-0.074875414,0.04998637,0.07858813,-0.13221312,-0.19286424,0.2418989,-0.06365645,-0.035435677,-0.54613817,-0.13722426,-0.02809006,-0.35516548,-0.015562594,-0.25376177,-0.18127437,0.08940226,-0.1587879,-0.1879363,-0.19005555,0.24220902,-0.56824744,-0.18594736,0.0073536932,0.27976114,-0.030446589,-0.38440228,-0.34539217,-0.038078368,0.04222423,0.06421709,-0.3320163,-0.23529732,-0.3011769,-0.12886441,-0.27868587,-0.046957493
778,0.6115665,0.52555746,1.0592221,0.07488695,0.57998455,0.56926894,1.1961002,0.9113018,1.2590272,0.39609224,-0.207461,-0.3037914,0.6119086,0.07717532,0.18754879,0.54838276,0.032963753,0.1956302,0.57824993,-0.30334496,0.49634373,0.020530105,0.37350017,0.2776347,-0.034426674,-0.032572985,-0.20800146,-0.09530576,0.062530875,-0.62292457,-0.26555434,-0.19230616,-0.0046566427,0.36786288,0.76461333,0.8116581
779,0.009824932,0.5400642,-0.56782424,0.08433549,-0.19682813,-0.14776035,-0.22235498,0.24278238,-0.026008368,-0.039873764,-0.20111704,0.69427025,-0.16673708,-0.49813834,-0.19596016,-0.0009944588,-0.07632324,-0.3360175,0.3444276,0.26473865,0.32534814,-0.40123498,-0.0932942,-0.42376202,0.06479451,-0.2993603,-0.19820166,0.43350548,0.104717374,-0.6649473,0.044020057,-0.1934675,0.6959058,-0.11651668,0.012703046,-0.37833396
780,-0.0072490573,-0.17976525,-0.27435,-0.04642266,0.017958865,0.32927155,0.11299348,-0.13661401,-0.040095784,-0.011927724,0.06819053,-0.4399556,-0.031507254,-0.017761469,-0.08830157,0.06660217,0.0542382,-0.114100814,-0.030218363,-0.053490072,-0.2738111,-0.0957337,-0.22893721,-0.4375863,-0.07535052,-0.12916565,-0.3087008,0.080102,-0.07961237,0.074319184,-0.07112622,-0.08721981,-0.5803592,-0.08152509,-0.22346157,0.09623647
781,0.4009011,0.5787768,0.38635278,-0.061729968,0.0001103282,-0.20277435,-0.012305677,0.24987859,1.2122931,-0.08573812,0.2602405,0.07609296,0.017550766,-0.011028469,-0.0058347583,0.09045601,0.074629635,0.23117006,0.02724129,0.16303813,0.45384368,0.1222744,0.057125926,0.15040827,-0.07015699,-0.047772616,0.16711187,0.0021820664,-0.062349975,-0.06685829,-0.12831151,-0.12269831,0.14955312,0.02322656,0.55039346,1.2032112
782,0.047131628,0.115532234,0.0016139746,0.09697902,0.0022010207,-0.150419,-0.16271919,-0.07722896,-0.29029357,0.1480478,0.042395383,0.074037194,-0.23784953,-0.37399882,-0.19050372,-0.085531294,-0.026466876,-0.41151202,-0.064094245,0.12831235,-0.2685179,-0.31359684,0.061425388,-0.15192223,-0.3130164,0.13301805,-0.4197945,0.06499469,0.0282318,0.10519683,0.06627709,0.22493637,-0.051612765,0.08362603,0.111869775,0.28358698
783,-0.030563295,-0.40988746,0.027525544,-0.20982048,-0.27161953,-0.38753712,-0.3504658,0.029143214,-1.5233543,-0.39661613,0.029761925,-0.046810508,-0.0077190995,0.13137977,-0.20605874,-0.16435969,0.20375347,0.03605914,-0.41729993,0.02226314,0.5729997,-0.3459888,-0.4853237,-0.32952666,-0.15947783,-0.20875287,0.06361365,0.019006282,0.01763463,-0.5056222,-0.75978905,-0.011522174,-0.063328564,-0.30901936,-0.20415199,-0.022918344
784,0.0025574565,0.59383714,-0.25428045,-0.05571395,-0.22050169,-0.06819944,0.12460628,-0.11511013,-0.19332492,0.8702193,2.5890007,0.15968433,1.3912439,1.7385212,2.3495162,-0.13196002,0.3954442,0.16114902,-0.03849058,-0.57923234,-0.07558745,0.0013256669,-0.19472508,0.037026107,-0.5003629,-0.34980142,-0.3147465,-0.016244918,0.37486044,-0.32985368,-0.09074624,0.5518237,0.25133842,-0.6359693,-0.2558419,-0.13004422
785,0.040851116,-0.068160415,0.103749186,0.25597215,0.14474952,0.12153058,-0.015117228,-0.07860136,0.16140348,-0.008049071,0.0049203634,-0.6969079,0.035496265,-0.21835597,-1.0321332,-0.006453693,-0.0023860931,0.6807955,0.11629161,0.059084356,-0.2665503,0.023021445,0.08672708,0.34743696,0.10655749,-0.15610802,0.00021880865,0.36076325,0.11309415,-0.29759586,0.031220376,0.41554213,0.22012234,0.15915972,2.6432636,-0.18563956
786,-0.08715397,-0.070549786,-0.14233187,0.8896035,0.049144268,0.031557024,-0.079560995,-0.24421683,0.093777046,-0.22417396,0.0550988,-0.21917179,-0.4801671,-0.86962295,-0.46860808,0.1152665,0.53388095,0.33201277,0.22361785,0.18901029,-0.07833499,0.78801227,-0.44594824,0.2235918,0.09553939,-0.054751724,0.77330166,0.05579433,0.2776269,-0.0152812,0.07716918,0.4298002,0.578377,0.1864744,2.0388718,1.0221049
787,0.08629435,-0.15719768,-0.5071204,-0.0111964345,-0.03199652,-0.30933964,0.08538985,0.020617127,0.008567333,-0.017071426,0.30713063,1.8434103,-0.1108914,0.1682684,0.61006725,0.11071402,-0.19387268,-0.6724861,0.11184597,0.4623341,0.07559599,-0.09815836,-0.03939241,-0.020622373,0.15682518,0.07767095,-0.49939406,0.08620328,-0.1539962,-0.12460917,0.07934713,0.0074091554,0.41703415,-0.034166276,-0.0030944943,0.34533972
788,-0.11433679,0.010612607,0.2782481,0.3298086,0.015794158,-0.49249017,-0.20981604,-0.10944551,-0.2584399,1.3812538,2.4069803,1.066931,0.9033283,1.2329624,2.1673663,-0.034498036,-0.5196991,0.09328133,-0.027936816,-0.09086633,-0.06564012,-0.16127363,0.1969274,-0.011243254,-0.30184758,-0.3795464,-0.45818457,-0.5708976,-0.109791875,-0.9106126,-0.56404907,-0.28970426,-0.15773782,-0.071207225,-0.00010572374,0.27538276
789,0.13372868,-0.23262873,-0.4814456,0.073088795,-0.25890955,-0.31071597,-0.07058835,0.30427945,-0.3374561,-0.06367421,0.20714305,1.3398863,-0.28916246,0.32958,1.0153948,-0.47235036,-0.22720817,-0.5785432,-0.046349287,-0.032245338,-0.21391761,0.08434221,-0.006269872,-0.1281283,-0.35030377,-0.32242748,-0.15900035,-0.24437344,-0.042593315,-0.21871221,-0.3204611,-0.50416124,-0.25702837,0.0761807,0.20199007,0.3124392
790,-0.20032996,0.042412937,-0.18514358,0.013878465,-0.14415306,0.43998933,-0.21587914,-0.4160535,0.037833706,0.022767305,0.14132535,-0.40815234,-0.36288285,-0.26753038,-0.35194242,0.39224708,-0.031066775,0.12028868,-0.419629,0.11693674,-0.16328189,0.09302127,0.5201107,-0.6024978,1.3471631,1.4134789,1.6568513,0.20724785,0.44636098,-0.25949153,0.009573013,0.8768075,0.9791475,-0.033766925,-0.6018465,-0.11093068
791,0.30559218,-0.06295322,-0.40507382,-0.03972745,0.24236956,-0.3689161,-0.1724835,-0.19607615,-1.1086686,-0.17720419,-0.047804832,0.31340408,-0.027941853,0.064872935,-0.17346516,0.12525451,0.21027657,0.066413045,-0.2780863,0.04123193,-0.19446331,-0.21777204,0.16791442,0.1391384,-0.054038465,-0.21794993,-0.09775181,0.16318986,-0.5455404,-0.8424566,-0.103542626,-0.3084572,-0.6334274,0.10815534,-0.04932928,0.18820912
792,0.055838227,0.057898533,0.23972698,-0.11063844,0.0056462884,0.09229159,-0.068677336,-0.14837909,0.026542187,-0.19163167,0.19247025,0.020455062,-0.06617558,0.00854376,0.16672456,0.123325884,0.11885464,0.28492224,0.11717093,-0.1692744,-0.059858322,0.05193311,0.01049149,-0.1079371,0.12208903,-0.12867045,-0.031425357,0.023751795,-0.10104057,0.061108112,0.13483584,0.17239219,0.35121167,0.000780344,0.656751,0.2687664
793,1.409721,1.7444465,1.7091365,1.4827553,0.8387429,0.11014679,0.87628996,0.09271431,1.1605209,-0.28090984,-0.2880227,-0.6400571,0.26427674,0.33162835,0.9309828,-0.21017757,1.013961,0.3253088,0.32253194,0.042793393,0.03817518,0.08611888,0.21195185,-0.9304246,-0.06537652,0.32036075,0.16337809,-0.015813544,0.026573658,0.11473489,-0.15661502,0.03169173,-0.12062505,0.6532603,0.51796305,0.4645373
794,0.006470442,-0.007056322,-0.19524667,-0.073115885,0.3275078,0.022266567,-0.1494419,-0.13148636,-0.45129126,0.17114574,0.231983,0.12750751,0.016353488,-0.3450299,-0.1110446,-0.02998221,-0.13619375,-0.12465981,0.07980436,0.35102764,0.032087266,0.06454462,-0.1817447,0.22057301,0.30706775,0.079718806,-0.37579244,0.12047839,-0.48795488,-0.25803983,-0.20312351,0.012902439,0.53940314,0.11650634,-0.26670796,0.38698924
795,-0.33768433,-0.022769332,0.03845817,0.25132853,0.40992367,0.1747899,0.04129827,-0.22991659,-0.45307732,-0.08091593,-0.6293733,-0.45929888,-0.29687417,-0.8351401,-0.64638764,-0.12287736,-0.43143794,0.4080631,0.12576735,0.028659523,0.012989163,-0.42048866,0.2491188,-0.15935099,0.33065438,0.075533986,0.5090205,0.17070436,-0.20254356,-0.11276144,-0.06730878,0.040927857,0.49932158,-0.14459711,0.4444869,0.9695802
796,0.015185356,-0.06346226,-0.52949953,-0.13523373,-0.1223737,-0.095287085,0.05417168,0.36320734,-0.31833383,0.09637928,1.1236839,0.87764406,0.18656754,0.6422999,0.2291835,-0.09301007,-0.24319962,-0.48731452,0.08189428,-0.3363285,0.009152845,-0.08054161,0.12205076,-0.26837674,0.055888772,-0.25541645,-0.092378914,0.109454826,-0.18466252,-0.3639366,0.075573444,0.084325135,0.20442721,-0.021350622,-0.30233154,0.0146865845
797,0.22361043,0.1454469,0.057955295,-0.3964708,-0.320516,-0.40629008,-0.30065408,-0.1690284,-0.056763038,-0.17999709,-0.29013944,-0.014807653,0.31167552,-0.14761557,-0.47043324,1.2792889,0.61527205,1.7682077,-0.22148228,0.03367436,0.01028119,2.1170256,0.8346524,0.19525325,3.8748055,2.9593353,2.5710928,0.36338025,0.03115666,0.18913314,2.1673071,2.2461133,2.2030296,-0.64660287,-0.0831362,-0.39916813
798,0.5274362,-0.25576496,1.4125754,0.8815959,-0.18199795,-0.23411328,-0.37879354,-0.06376949,1.2418711,0.70092165,0.79875135,1.2948614,0.37098235,0.6906799,0.6668144,0.33308834,-0.04495088,0.3951032,0.28253865,-0.79368746,0.7560601,0.1821506,0.8870819,0.5926532,-0.2682076,-0.2876584,-0.19967955,-0.5578381,0.0297921,0.5413272,-0.5289742,-0.79010546,-0.66595995,0.7543148,-0.36673492,0.23577191
799,-0.8087104,-0.3214515,1.0857372,-0.15740544,-0.5636202,-0.27206033,-0.031650424,-0.3590076,0.33981982,-0.55819184,-0.22604269,0.24710295,-0.026844252,0.7450068,1.1838213,0.0060381293,0.001689434,-0.54862094,-1.0101335,0.31612587,0.62696785,0.19589126,-0.106122375,-0.34554687,-0.77745044,-0.001211822,-0.16743112,1.0926943,1.1567345,0.62601626,3.0483642,1.0351088,1.4428024,0.15987703,0.53639615,-0.14553508
800,-0.054638863,0.032482743,-0.13241589,0.067162156,0.066338,0.15726218,-0.09255856,-0.22919536,-0.5254506,-0.13447368,-0.3092692,-0.29383668,-0.042745948,-0.18884166,-0.06635685,0.06871569,-0.1524196,0.1633532,0.0460999,-0.14349782,-0.2499218,1.7762184e-05,0.21820894,-0.1205796,0.02056837,0.0387244,0.2563254,-0.064691186,-0.13306743,-0.29477763,-0.1307944,0.035712957,-0.14262319,-0.100206375,0.09743601,0.4918604
801,0.027551115,0.49423033,0.23130623,-0.16222607,0.13471949,0.008666314,-0.5984156,-0.047276914,-0.19837642,-0.38343203,-0.4190409,-0.39312705,-0.31061405,-0.4288722,-0.11584903,0.44165075,-0.10338831,0.9867876,-0.107277036,0.27412432,0.5867888,-0.17587335,0.10862756,-0.12831566,0.3854351,0.9566555,0.82080096,0.0033449978,0.07317895,0.10609171,-0.12209472,0.33135444,0.18665718,0.14602175,0.3409975,1.5906742
802,0.1747137,0.07761398,1.3084788,-0.12705651,-0.3316415,-0.053568274,0.014570653,0.07178226,0.12497187,0.014148653,-0.10206944,-0.42902514,-0.19518435,-0.23832506,-0.08636117,0.070013225,-0.31624347,0.6003705,-0.11944479,-0.20369935,0.18186939,-0.0035412312,-0.077914834,0.04281588,-0.22420275,0.09463912,0.40939316,0.05053532,0.06250277,-0.35175842,0.010483861,-0.21585631,-0.06615636,-0.19284514,0.25924686,0.083822966
803,0.054249167,0.04812817,-0.13851452,0.7880869,1.3208797,2.5054436,0.7413846,0.85023296,0.7958306,-0.2628404,-0.30763796,0.3295064,-0.029081285,-0.03726694,-0.2661683,-0.16038662,-0.18955421,-0.15496582,-0.17343855,0.6308401,-0.3760972,-0.099341154,-0.013278484,-0.09909084,0.12772703,-0.23418234,-0.23141873,-0.15407753,0.03539419,-0.110113144,-0.174734,-0.21440786,0.039107382,-0.013520598,-0.3062656,-0.09167594
804,-0.30161017,0.10184544,-0.30716425,-0.009333074,0.24060746,0.6363752,-0.19096029,0.040456623,-0.039378434,-0.38006383,-0.38071477,-0.4385924,-0.4553712,0.010052972,-0.93379456,0.09699893,-0.009548128,-0.005129218,-0.044228554,0.42439,-0.2862196,0.4077022,0.47865367,0.20778418,0.04962638,-0.17062688,0.33608767,0.12424141,0.0051549673,0.108745456,-0.21171194,-0.26203442,0.15070057,0.14698097,0.38571826,0.4129761
805,2.3860161,0.6655231,-0.12316371,-0.15894006,0.01186648,0.1186991,1.7907143,2.0452166,3.6625583,1.5048316,1.8495382,0.25666687,5.1673217,3.0624146,2.638426,-0.36987418,-0.07944691,-0.04242295,0.10285792,0.23636255,0.116927564,0.0640243,0.27627063,-0.19979846,-0.02753365,-0.37468588,-0.60706544,-0.07520193,-0.16662884,0.12810469,-0.3057404,0.18225032,0.022585392,0.076791584,-0.18642163,0.22411224
806,0.015941158,-0.31866547,-0.4686907,-0.40442142,-0.20672815,0.24139401,-0.4182314,-0.40282157,-0.1842078,0.024197668,-0.13390714,-0.581967,-0.51593655,-0.6082257,-0.46578258,0.42652985,-0.20962787,-0.18365574,0.12964588,0.21682903,-0.44822595,-0.30531418,0.29620153,0.6107055,0.37600437,-0.5020102,-0.23516537,-0.12688687,0.7262034,0.33854264,-0.31316912,-0.5758885,-0.32718012,-0.059917882,-0.22035533,0.16384047
807,-0.103946,0.18990842,0.13390684,0.19381946,0.19119827,0.5092516,0.06935364,-0.1194554,-0.18493807,0.025211751,0.20511445,-0.44046724,0.038302064,0.025976434,0.39941856,0.04721397,-0.23261312,0.54644156,0.02969563,0.17535919,0.29700822,0.082208514,0.39486325,0.44448733,-0.2127729,0.27158973,0.012156248,0.26022834,0.6192188,-0.042909265,-0.23027086,-0.051118314,-0.5996896,-0.29826194,-0.0034322143,-0.60695976
808,-0.49453196,0.4312324,0.12066609,0.2570167,-0.023038134,0.32150158,0.23047793,-0.47896188,0.09985387,-0.72361314,-0.38185638,-0.5955292,-1.3402376,-0.53911066,-0.6235308,0.3416314,-0.25320587,-0.092957914,-0.62714446,-0.06411746,-0.69782037,1.4010092,0.05303043,-0.42169598,0.7849303,0.012348801,1.4462461,-0.26581705,0.4156762,0.3693664,0.15199924,1.5754406,0.6531177,0.19537282,-0.19626972,0.2436319
809,3.7818005,4.796912,0.80165505,-0.124049276,0.27769297,0.55712974,0.78161097,2.9444263,0.43917063,0.35082445,0.29500064,0.20140344,0.38884026,0.69308996,0.84945595,-0.22408606,-0.2938328,-0.1016351,-0.045863748,-0.5970072,0.3925826,0.24242842,-0.051348746,0.42039064,-0.07906151,0.087976575,-0.41238627,-0.079280615,-0.15241113,-0.1487584,0.06385839,-0.3836468,-0.47637957,1.9783479,0.86931574,-0.4806713
810,0.01988858,0.3328656,0.36346903,-1.1742725,-0.8237339,-0.28791612,0.08110434,-0.53163576,-0.38303965,-0.2194417,-0.9072951,-0.43206325,-0.104691386,0.22832021,0.05054438,0.054130428,0.24665636,0.20783198,-0.09439242,0.039765596,-0.31846225,0.25503504,0.6128792,0.44958735,-0.8250543,0.13297802,-0.1284143,-0.40226585,-0.61946476,-0.0675416,-0.19052374,-0.5533825,-0.3586186,0.5843638,0.12620986,-0.04333949
811,0.26868424,0.2961539,0.29957575,-0.046090364,0.24623856,0.085849084,0.10346983,-0.007976174,-0.027064174,-0.017945826,0.28492197,0.055218197,-0.3072194,-0.36059946,-0.4822458,0.3073015,0.306211,0.43711212,-0.038703054,-0.07364148,-0.033604696,0.96520054,1.3721385,0.46204767,2.6789544,0.9231168,1.451232,0.94549984,0.37298158,0.07143754,0.5540265,0.59081125,0.61956394,-0.030564308,-0.4684369,-0.22939605
812,-0.13370329,0.057993367,-0.3652866,-0.2882927,-0.49000764,0.064612985,0.080768585,-0.40485623,-0.4299519,-0.21884423,-0.10960136,0.44156814,-0.3925972,0.020348549,-0.20110382,-0.09607011,-0.0107066855,-0.110366315,-0.111323416,0.12120618,-0.37452042,-0.046409726,0.04387608,-0.18405521,-0.14292783,0.34674975,-0.51785296,-0.07611543,1.813506,0.037789673,0.1515699,0.33099398,-0.29634666,-0.13075468,-0.14722434,-0.28838968
813,-0.32429332,-0.85311556,-0.13869613,0.075307965,-0.28597948,-0.32340088,0.21414894,-0.33920717,-0.31343293,0.24068338,1.6181154,0.069074094,0.07253951,0.1479209,0.30006504,0.049157143,0.12316319,-0.15784107,0.15606505,0.33379766,0.17288291,-0.098887265,-0.020225912,-0.13442808,-0.0755111,-0.33774385,-0.50936025,-0.19009179,-0.61055624,-0.19951689,-0.21696812,-0.47487912,-0.41196096,0.10037923,-0.3302082,-0.08998999
814,0.1948682,0.025325328,0.08554423,-0.33099705,-0.2581442,-0.1794548,0.31980455,0.01953651,0.03276217,-0.19012272,-0.101032674,0.089541614,-0.31737518,-0.44225323,-0.315315,-0.39422774,-0.24159712,-0.1484313,0.22535926,-0.15724516,0.13810945,-0.14783031,-0.32509044,-0.21236289,0.3716327,0.13908374,-0.03380966,0.2188847,-0.2698689,-0.35274056,-0.051669955,-0.04039538,0.07198703,-0.32549372,-0.026955068,-0.2667644
815,0.2799861,0.07871437,-0.08067644,-0.55414474,-0.2530465,0.07734823,-0.26862708,-0.20289028,-0.23272598,-0.05916673,0.4338925,-0.4602626,-0.11479291,-0.44228488,0.21761063,-0.11477414,0.36658552,-0.09977305,0.38326168,0.0067308247,-0.20406055,0.07429618,-0.13391253,-0.38620234,-0.41715676,-0.08304614,-0.4928079,-0.5141411,0.26874697,0.13137382,-0.10619536,-0.6228682,-0.6614289,0.17273733,0.09563686,-0.14097369
816,-0.17845388,-0.10506207,0.12256703,0.036185324,-0.20533948,-0.5126438,-0.40862867,-0.52380586,-0.14360559,-0.09336102,-0.16446225,-0.2445575,-0.31698942,-0.46437827,-0.22600381,0.4073425,0.21533759,-0.12717009,0.06313455,-0.09459144,0.46340615,-0.19867727,-0.31718946,0.087706156,0.18789077,0.26909745,0.05236195,0.3374055,0.13460207,0.18414235,0.30007768,0.08562088,-0.18251082,-0.12861632,-0.37175164,-0.23468769
817,1.1148989,0.32443923,0.815173,1.6998229,1.9592992,1.5269208,3.4169197,2.4122398,2.2668028,1.6871624,0.329743,0.34532365,1.1545202,0.19009817,0.3204838,0.18950415,-0.25099322,-0.05451119,0.4427451,-0.15696335,0.3431207,0.30759433,-0.041880585,-0.028921664,-0.20322156,-0.031297386,-0.116280496,-0.08077204,-0.04641094,-0.24424314,0.3519305,-0.12333101,0.098367214,2.02337,0.43021137,0.25419444
818,1.3706038,0.9880925,1.2187151,-0.33128607,-0.31467298,0.11849487,1.2382864,1.268732,0.15468112,1.1279267,-0.0035669208,0.14840162,2.1927378,1.5516844,1.0116471,0.24526858,-0.1473546,-0.28727674,0.012255549,0.03755814,-0.097893834,-0.14760038,-0.22420555,0.18300265,-0.31396815,-0.60903406,-0.030042171,-0.17878926,0.20229328,-0.10750389,-0.6692004,-0.86172086,0.1623438,0.48105687,-0.052598476,0.20631373
819,2.262857,2.135925,1.1987313,-0.2410135,-0.43108523,-0.86832434,1.1798232,1.5215892,1.4891498,0.021556549,0.21118203,-0.03945455,0.750811,1.2337499,1.0991617,0.036749214,-0.00219398,-0.0016316772,-0.030032426,-0.77748555,-0.26225275,-0.044930145,-0.20983636,0.004120797,-0.25974822,-0.23403835,-0.26402372,0.17033744,0.39955714,0.2356152,-0.04352802,0.222152,-0.45592004,-0.012450039,-0.2739917,-0.35924715
820,-0.10072684,-0.04654792,-0.12638235,-0.15070796,0.11435479,0.21871042,0.015832424,0.08366263,0.17131412,-0.10512203,0.51838857,2.1742787,-0.012071192,0.008810312,1.1104397,0.024750113,0.28667977,-0.10858488,-0.063415825,0.08444106,0.25699675,-0.19881839,-0.044766784,-0.16433156,-0.24251151,-0.2512497,-0.23916078,0.11090171,-0.053170532,-0.1959886,-0.2579211,-0.004689753,-0.14684445,0.20148915,0.014192864,0.27069628
821,0.28310582,0.09767544,0.45071337,0.092755616,0.20193002,-0.18987593,-0.121572256,-0.14431953,-0.4691452,-0.08029622,-0.05844465,0.0035015047,-0.28996867,-0.7247184,-0.6135887,0.13632467,0.07579322,0.7038312,0.11923158,-0.22425066,-0.006751962,0.73846656,0.2929528,0.069741935,1.630969,0.71280086,1.1147158,0.30524123,-0.0012242943,0.44102445,-0.017919779,0.3439588,0.7313499,-0.114272624,-0.48327667,-0.3467632
822,-0.35357076,0.12586136,0.015544534,-0.079850495,0.12250404,0.085868955,-0.088338524,-0.1660716,0.19151235,-0.06284683,-0.3649016,-0.121037185,-0.06588495,-0.06767082,0.0020088553,0.83581805,0.0090536475,-0.008860707,-0.37274435,-0.26163146,-0.014411092,0.07666865,-0.21473032,0.104100704,0.37865257,0.46301997,0.27086183,0.08442032,0.25428677,0.15781319,-0.24076176,0.10641414,0.12045503,-0.60644567,-0.14098874,0.080769956
823,-0.29787445,0.41223562,0.3565687,-0.3515684,-0.09589124,-0.49887258,-0.25711322,0.14795607,0.21178627,-0.019049585,0.26252645,-0.2166515,0.571169,-0.08426522,0.30412418,-0.4005378,0.20042938,-0.0021297783,-0.74531347,-0.09143132,-0.2451781,0.5090549,0.55415076,0.08111173,0.5105765,0.2647035,0.69162005,-0.33609867,0.0029815435,0.7066859,0.70016646,0.7460276,1.6320655,-0.2124698,0.30748194,0.321008
824,0.2997506,0.41234022,-0.5001338,0.057609502,-0.03754665,0.021649808,0.7263937,0.38607246,-0.11634265,-0.29673737,0.26546174,3.4983928,1.8015968,5.1677537,5.670188,-0.21471319,-0.10908818,-0.2174499,-0.16818401,0.034341376,-0.02988249,0.32555985,0.28675157,0.36039522,0.5796989,0.21044691,-0.18263097,0.18454078,0.055898383,-0.18009678,0.6112157,-0.07043849,-0.03476827,0.19048929,-0.3713417,-0.12128511
825,0.25889036,0.3830679,0.0571661,-0.14379436,0.026237145,-0.14830624,-0.18735987,0.20441833,-0.24508974,0.40255335,0.13612193,0.19258109,-0.090690926,-0.06880531,-0.035625264,2.767816,1.3691772,1.0792335,0.020844936,0.21043709,-0.16859838,2.4842038,3.8846657,2.6641197,1.9875124,2.6622415,3.0708861,0.289508,-0.20003024,0.36223078,0.69777244,1.0186412,0.912346,0.06327835,-0.026057184,-0.1860119
826,-0.46114406,0.016161203,0.59694517,-0.1581681,0.38311416,-0.23222971,-0.2297568,0.04848951,-0.06571323,-0.12667006,-0.02632171,-0.16679806,-0.11796951,-0.27588424,-0.20819367,0.04613498,-0.0029325783,-0.17718458,0.047356665,-0.07423374,0.0999493,0.3711637,0.51444554,0.20235112,0.57325643,0.4025591,0.09301871,-0.07428904,-0.092118144,0.07073356,0.40093547,0.3056224,0.27825975,0.026718527,0.23570232,0.96092224
827,-0.11973789,-0.4107637,1.0787188,-0.90544623,-0.5527994,-0.3698222,0.36237955,-0.06802493,-0.04366678,-0.45390934,-0.9519894,-0.23170328,-0.19164464,-0.45573252,-0.04176134,0.38512284,-0.015192075,-0.6095263,-0.27319133,-0.01888901,0.0010443628,-0.66589665,-0.25144884,0.06917709,0.34761405,-0.390799,-0.57783234,-0.17152295,0.09593383,0.23517504,1.2142104,0.11740473,0.22129714,-0.6523546,-0.32338214,0.044888675
828,1.882662,3.018351,2.1059904,0.18262812,1.3537816,0.1582861,0.7110846,1.3547624,2.2547665,-0.120601356,-0.20129536,-0.34812644,-0.5289336,-0.4301421,0.2738634,-0.21602273,-0.0039494336,-0.5513303,-0.10291159,-0.19050705,0.44379985,-0.24358478,0.08299076,-0.023105025,0.60580105,-0.01037097,-0.15092888,-0.03160113,-0.1848971,0.12999226,0.36879718,0.1564796,-0.34258062,0.48591238,-0.13945591,-0.055380587
829,-0.36354968,-0.20777103,-0.19200067,0.16091087,-0.20552939,-0.03406447,-0.16120821,-0.38371125,-0.23250216,0.08122796,-0.054070175,0.20132089,0.47690904,0.12905067,-0.007864535,-0.034781218,-0.22511631,-0.2715924,0.20728064,0.24384469,-0.2109493,-0.06058325,-0.018811464,0.01285243,-0.44623357,-0.35376912,-0.38006917,-0.64386284,-0.08647573,0.066351354,-0.66472936,0.14627685,0.029655218,-0.03906098,-0.4638133,-0.15117693
830,0.23029298,0.27807683,0.15204227,0.19108981,1.3104321,0.82039416,0.09080705,0.89091396,0.059172153,0.29031026,0.43777752,0.71461445,-1.2038461,-0.5340086,0.33726323,0.22609666,0.2111386,0.52845263,-0.12964976,-0.21153247,-0.055745363,-0.29604346,-0.1926015,-0.22757685,0.4582411,0.51904225,0.41477007,-0.0006210804,0.109283775,-0.12127781,0.33438802,0.4402333,0.044253826,0.11578041,0.4580846,0.05346322
831,1.1924038,0.613882,0.39670503,-0.24815041,-0.36032867,0.032634437,2.095739,0.66376233,0.26013184,0.17633176,-0.035257697,0.2375471,0.58588576,0.47428086,0.3779298,-0.20235002,-0.041186012,-0.31533912,-0.17528296,0.5163544,0.20360506,-0.08927414,0.18945503,-0.25962627,-0.0016842484,-0.48031333,-0.5745282,0.938926,1.285124,0.26603758,0.06037736,0.07521648,0.67379797,-0.26835364,-0.14329648,-0.72020733
832,-0.26276517,-0.23236398,-0.22671458,-0.33346814,-0.07722214,-0.7346912,0.047137618,-0.12982297,-0.43289435,-0.0023475885,0.18194897,-0.27603152,-0.4204929,-0.26530254,-0.31564718,-0.22081864,0.014268398,0.6626067,-0.30837476,0.18927225,0.3996824,0.018917501,0.37134132,-0.13674676,-0.85422766,0.102254346,-0.5060227,-0.14049792,0.17463708,-0.40645894,-0.19736624,0.021800756,-0.24762398,-0.5686257,-0.7667339,-0.3621906
833,-0.13909829,-0.09514159,-0.36747527,0.21801627,0.0039606094,0.94401276,-0.41871822,-0.5766939,-0.70826185,-0.06881738,0.04308933,0.3909608,-0.32204533,-0.20518947,0.5062168,-0.022753388,0.24676278,-0.40810332,-0.13117027,0.06499788,-0.27796865,-0.29039204,-0.19679081,0.1396572,-0.14038229,-0.20898563,-0.19861817,0.23911163,-0.0121408105,-0.29671127,0.18936372,-0.35931098,-0.56950116,0.40772888,0.7091011,0.74957323
834,2.123685,1.5007927,0.9366952,-0.20811403,-0.076497376,-0.27133957,1.7883654,1.2279716,0.9047428,-0.5848284,-0.23015034,-0.36394078,1.1044317,0.8614999,-0.5622565,-0.3385375,-0.1533066,-0.41262472,-0.06416926,0.15382409,-0.04544562,-0.26593217,0.5804498,0.062659085,0.45884943,-0.11032894,-0.22976196,-0.08069669,-0.4244955,0.46465254,0.018622875,-0.68259495,0.52431947,0.13452792,0.46226996,0.6964525
835,-0.13723738,-0.3688728,-0.18170342,-0.4615741,-0.27754617,-0.30917245,0.07851835,0.031645402,-0.2966979,3.6670454,1.0128342,0.48645258,0.64759195,0.6185024,0.13129658,1.2160813,0.3240959,0.24650703,0.5203015,0.19946258,0.04065299,0.74374735,-0.05170971,0.39048856,4.9254436,0.01606083,-0.052229702,-0.2544132,-0.2900859,-0.11644852,-0.09006558,-0.3004811,-0.3037469,0.440907,-0.2790432,-0.06575677
836,0.87647057,1.0384444,1.4844457,1.4516772,1.6111655,1.8636742,2.4046714,2.0020695,2.8301563,0.08322251,-0.15601754,0.14408857,0.3130632,0.1286461,0.0038550198,-0.1057195,0.02950871,-0.15273201,0.1303783,0.3999918,0.5419544,-0.29147595,0.44133168,0.4273118,-0.041950047,-0.673489,0.5658294,0.21855542,0.013667941,-0.19957793,0.18780056,0.093931496,-0.2509416,0.23238268,-0.17612697,-0.29374534
837,0.1367619,-0.23103464,0.15554976,-0.5987449,-0.41916156,-0.5122901,-0.37867865,-0.50941616,0.08855249,-0.034442842,0.32970056,-0.28648287,-0.48198062,-0.50613433,-0.76074934,0.46491778,0.2976358,0.3704483,-0.13389099,0.035692394,0.012016505,1.0050727,0.4493873,0.083967924,2.1181912,0.5024792,1.1733363,0.5649247,-0.21487093,0.3035494,1.1159253,1.5192492,0.63595384,0.37777245,-0.14725721,-0.16049136
838,-0.19362491,0.12019512,0.009654164,-0.42904145,-0.065015376,-0.060263634,-0.2375111,0.3098646,0.19821554,-0.53594345,-0.033314407,0.11836946,-0.011308908,-0.37046993,-0.121661425,-0.14908534,-0.11791012,-0.26596308,-0.22708723,0.13229826,-0.14986444,-0.30143547,-0.22334413,-0.15077591,0.5701574,0.5515082,-0.06033981,-0.47387743,-0.48346907,-0.18808019,0.6727971,0.046824634,0.36699426,-0.17397186,-0.00757879,0.2971208
839,0.6712649,0.6910329,0.2780245,0.29053187,0.5296148,-0.15318847,0.29007757,-0.35367262,-0.42902064,-0.07523754,-0.6763604,-0.44549006,0.21361446,0.32392955,-0.7692972,0.32470393,0.43627954,0.053120613,0.01042825,-0.53619707,-0.26077178,0.06581879,0.39844233,-0.009476006,0.043835044,-0.21312581,-0.37684634,0.20000628,0.26399496,0.7171764,-0.2107442,-0.4149937,-0.38859445,0.1735434,-0.24271137,0.2127347
840,-0.06308187,-0.60301757,0.19827858,-0.07740339,-0.19258124,-0.34315652,-0.12594208,0.17038345,0.11033553,-0.13013172,-1.2228875,0.3775294,0.030087471,-0.12045777,-0.44215783,0.36170733,0.6073222,0.28295937,-0.18913336,-0.05221492,-0.04385096,-0.05110684,0.4258982,-0.066235274,-0.26567626,-0.24921525,0.060610373,0.038290724,-0.15577969,-0.05168593,0.3596393,0.25395387,0.35671374,-0.11356336,0.57841134,-0.12872341
841,3.190208,0.5783686,-0.3022405,0.66050917,0.57233864,0.49703473,0.8939521,0.3061004,-0.414864,3.8241584,0.3504526,-0.9547653,3.6674159,1.1197311,-0.40548187,1.5055168,-0.038005948,-0.17561084,-0.13544734,0.26946074,0.033589125,2.1590016,1.2096853,0.11285326,2.3684037,0.13147879,0.056753933,0.6654643,0.53411543,-0.0128388405,1.7607416,0.92254156,0.35698766,2.8668811,1.072363,1.1255839
842,-0.1369437,0.22999775,-0.75375706,-0.29273924,0.24019946,0.35239232,-0.30311692,-0.33012387,-0.42344105,-0.54668224,0.03442055,-0.013073325,-0.17979491,-0.111524105,-0.034378678,0.24867338,0.3760914,0.25764543,0.009248555,0.542014,1.1167321,0.08415675,-0.5845509,-0.48254904,-0.34547764,-0.42249572,-0.4078392,0.2162841,-0.010452747,-0.61757,0.06173694,-0.28428698,-0.44847357,-0.13256168,0.08938658,-0.2587067
843,0.029771984,0.07675105,-0.19073963,-0.32567328,-0.24971703,0.14411753,-0.48998708,-0.32780612,0.34452927,-0.09348692,-0.32556096,-0.10069263,-0.3567555,-0.028464496,-0.1657868,0.05435124,-0.100244984,-0.1662099,0.19433776,0.056491613,0.22134224,-0.506466,-0.21026039,0.076171875,-1.881574,-0.55704737,-0.35759056,0.2767338,-0.604895,-0.6478164,-0.6742571,0.035984337,-0.395511,-0.15994239,-0.95630044,-0.16770503
844,0.12104753,0.0024234653,-0.20307972,-0.80083245,0.20682031,-0.41718996,-0.2807059,-0.25013644,-0.24002369,-0.56744254,-0.107086025,-0.28716022,-0.50858057,-0.7391919,-0.15215369,-0.05401369,-0.58841956,0.19219556,-0.01287511,0.19266069,0.11267474,-0.2017631,0.000774432,-0.5006051,-0.055305265,-0.12280008,-0.2883434,-0.27444935,-0.9463955,-0.15402249,-0.8366245,-0.078029685,-0.16248953,0.07221791,0.10615587,-0.8434303
845,-0.055809915,0.06292969,0.06596494,0.034161568,-0.10813674,-0.23233148,-0.13588658,-0.029525757,-0.064324975,-0.27117667,-0.12426478,-0.5341481,-0.36703974,-0.20655882,-0.87787443,1.8219063,0.44369805,2.0849795,-0.10996556,0.17482287,-0.095472634,1.9237179,0.47740328,0.36643994,3.4000764,4.809004,3.8626635,0.4584294,0.18600334,0.9366696,2.7393305,3.5035794,3.7184522,-0.2414737,0.005738139,0.15194783
846,3.1175847,2.6133938,2.7884235,0.43924433,0.4121607,-0.37675065,2.698653,3.574871,1.757349,-0.16275942,0.30594504,-0.0076876283,1.1992731,1.8266962,0.4653989,-0.43210796,0.2224808,-0.097106636,0.07868922,-0.4737375,-0.11795479,0.66928196,-0.19212991,-0.039296493,0.4101616,0.009073466,0.17893535,0.0844298,0.19072628,-0.2624683,-0.12535328,-0.45366895,-0.76613647,0.02126363,-0.2581742,-0.1030916
847,0.10390493,0.067680895,-0.24529576,-0.005694747,0.13196751,0.033403873,0.09050739,-0.24304485,0.2730671,-0.28437608,0.019937217,-0.58181316,0.016466618,-0.36245596,-0.09417015,0.324396,0.21314788,0.15834236,-0.04836762,-0.017664164,-0.056204,0.039162517,0.44514337,0.29392517,0.021433353,0.23701566,0.32040113,-0.00060659647,0.22615212,0.21287549,0.11770725,0.037679225,-0.13675416,-0.16617733,0.06696957,0.26959193
848,0.2669772,-0.028933465,-0.0062662363,0.5300496,0.8589892,0.105002165,0.6900083,-0.05565548,0.36140704,-0.09390432,-0.33336756,-0.03299576,-0.25778282,-0.01907736,0.02937311,-0.5072766,-0.14347541,-0.049070954,-0.13221943,-0.023912728,0.16082698,-0.3349124,0.07427506,0.14609617,-0.8663225,-0.14072877,-0.00016093254,-0.13534935,0.22645077,-0.08359152,-0.070983395,-0.2963338,-0.4185059,-0.20911549,0.16177306,-0.14251745
849,0.004480958,-0.009843558,0.22821823,0.17940474,0.4270898,0.96297777,-0.29976207,-0.21425381,0.027757585,-0.54422694,0.30495095,-0.64963245,-0.07378781,-0.5898225,-0.3128749,-0.30973384,-0.52997124,0.1431551,-0.23330535,-0.18870908,-0.41244194,0.3014195,0.3386551,-0.13388115,-0.59836876,0.32496986,-0.045577615,0.3846236,-0.18259585,-0.10181543,0.068976045,-0.26605445,0.7796127,0.82567155,0.7333332,0.46011034
850,-0.33740306,-0.33710492,-0.5147048,0.03506905,0.15741819,0.0038166642,0.19442266,-0.09273988,-0.1262728,0.29030195,0.17754999,0.42346007,0.30043137,-0.17142588,0.8132702,0.05164069,-0.23107192,0.36444306,-0.030753613,0.032199338,-0.12071341,-0.05580485,-0.25573248,-0.615177,-0.13752729,-0.064617135,-0.7167297,-0.32280505,-0.021099925,0.23608977,-0.1612376,-0.117480755,-0.44958895,0.006756842,-0.058685392,-0.0012619495
851,-0.11111887,0.7648684,0.5060523,0.3187692,1.5353131,4.3495293,0.35065028,1.137823,1.6671337,0.22502525,-0.028793752,1.1777191,0.4763361,0.10575226,0.27105445,0.12130021,-0.69120073,-0.14909908,0.02427081,-0.2140703,-0.023765221,-0.2575149,0.075626254,0.2322461,2.2062404,1.5188403,0.43767512,0.2983519,0.28461203,-0.012779415,0.7647547,-0.23729366,0.21500114,0.27430236,-0.09021989,-0.13438809
852,0.20799875,0.04148841,-0.06409836,-0.1256943,-0.05637139,-0.11984432,-0.1936673,0.012845784,-0.057706714,-0.308753,-0.14341319,-0.12516189,-0.3577404,-0.1581389,-0.12367219,1.0279965,0.0034319758,-0.003499508,-0.06599164,0.074508965,0.026676,0.6748658,-0.06561697,-0.11669034,0.8955003,-0.16494825,-0.047038198,0.36514893,0.30316925,0.057665586,0.6946633,0.81586874,0.5119631,0.2649647,0.28257254,-0.22026196
853,-0.27210817,-0.021703959,-0.19419074,-0.23077428,-0.4680611,-0.04655543,-0.10792673,-0.000782907,0.03808192,-0.24347517,0.102012336,0.070547596,-0.20788169,-0.21921194,-0.35581136,0.12549841,-0.5667403,-0.1181488,-0.0050842613,-0.27892902,-0.17192355,-0.020612657,-0.36659396,-0.58997715,-0.07681525,0.39554334,-0.028213626,-0.047104865,-0.2944132,0.05960335,-0.18203092,0.4258481,1.3630149,-0.5228504,-0.050154448,-0.48051414
854,0.281585,0.08924216,0.09413612,-0.26017398,-1.0882367,-0.32089043,0.5369149,0.3860534,0.08688736,0.29375908,-0.5314203,0.021585643,0.24165091,-0.17728423,-0.49907923,0.5694736,0.14309216,0.10512501,0.58317536,-0.20052093,0.0699687,0.55754185,-0.002064705,-0.065333486,-0.74830353,-0.2197154,-0.7898264,0.12139943,1.1907723,0.116731524,0.5214698,-0.27576548,0.06642133,0.5803491,-0.14731103,-0.014847159
855,0.21991529,0.29294285,0.2636074,0.070503935,0.0837218,-0.0072374344,0.19171412,-0.13583224,-0.09997773,0.057159677,0.03356232,-0.09314352,-0.20046936,-0.22996113,-0.06689298,4.9703107,3.0037537,0.35232887,0.3814505,0.3148492,-0.25312662,5.041818,2.5208988,1.4296596,5.10752,3.4564352,1.3158824,-0.517107,-0.20613146,-0.1651707,0.590214,0.0601506,0.05276966,0.38916925,0.03362912,-0.20172554
856,2.8993218,0.28269547,0.39695874,-0.5666176,-0.17990024,0.06702146,1.8016028,1.8899952,-0.13069978,-0.44837198,-0.649939,-0.16362888,1.8658361,-0.45648178,-0.33175752,0.11855388,-0.048205733,0.08485019,0.9977343,0.3298523,-0.15183932,-0.4809156,0.24146481,-0.40875223,1.9736655,0.5895967,0.95055616,0.09868079,-0.047751307,0.06350291,1.0117528,0.07115591,-0.02757287,0.08187127,-0.25710252,-0.06697565
857,0.42190975,-0.5507288,-0.3837529,-0.16084726,-0.34276152,0.18813396,0.026651263,-0.12331611,-0.002114892,-0.043375492,1.9664717,0.20326403,-0.2750618,-0.13925624,0.13531594,0.27473402,0.03538513,0.08348018,-0.15337864,0.06987995,-0.2870325,-0.07251656,-0.050756365,0.30363125,0.02479434,0.5232807,0.21793552,0.26304612,0.3386343,0.14337406,0.81403476,0.37205765,0.039423674,-0.07770795,-0.093545556,0.061769277
858,0.67560554,1.1056662,0.6534542,-0.056075633,0.076388955,0.063491166,0.060733974,-0.059350997,0.08847213,0.026867568,0.056235373,-0.06671947,-0.103799105,-0.061969146,-0.25743687,2.0510032,1.7760262,1.5274085,0.1505186,0.5497511,0.6584613,1.3563448,1.1476666,1.3943666,1.7442436,2.9336247,3.637055,0.076420784,-0.061043948,-0.07261419,0.26688582,1.8799833,1.7896354,0.41512835,1.5214995,0.14116597
859,0.63216597,2.4852529,0.48998135,0.088379145,0.44661564,0.056915045,0.014868975,0.2609684,0.08345288,-0.059587598,0.6492763,0.7279242,-0.21261108,0.23499319,0.70129085,0.033593416,0.15853508,0.45941913,0.15044498,-0.14372379,0.30015892,-0.08663285,-0.41602454,0.58598626,-0.15577644,0.22374406,-0.19064397,-0.09362364,0.06199562,0.2210668,0.13678765,-0.07191223,-0.81755155,0.13941431,0.44943678,0.5200863
860,0.5909554,0.04395342,0.643281,-0.08227736,0.69454265,0.37596464,0.70286965,1.1486992,2.3977585,0.14719373,-0.3032837,-0.17380828,-0.056813627,0.05930604,-0.6267172,-0.30319786,-0.5710717,0.116939075,-0.26613513,0.20693703,-0.34284103,0.08063969,0.25591847,-0.0009178221,-0.0733788,-0.24071494,0.12995514,0.4955611,0.57423306,0.8072891,0.8482468,-0.054024905,1.8095142,0.6210153,0.09026036,0.11059055
861,1.0025074,-0.223147,0.5290826,0.23735167,-0.09831682,0.0025654584,0.6557467,0.5615774,-0.0104596615,-0.051134527,-0.13825569,-0.17061183,-0.10930064,-0.52195466,-0.9659925,0.22018945,-0.5098201,0.27312434,0.36283645,0.32421103,0.32269308,0.5093657,-0.19963422,0.0119687915,0.39464113,-0.6609463,-0.114613205,-0.25409997,-0.5750079,-0.6171441,-0.052527845,-0.11539304,-0.33982238,0.396562,0.18764281,-0.08958936
862,1.0135633,0.38802597,0.2376492,0.37026304,-0.028944314,-0.34357417,1.5672551,1.1109542,0.44519818,-0.14622751,-0.36639684,-0.28663498,-0.16258287,-0.27131173,-0.14275444,-0.073859915,0.20863366,-0.06750584,-0.17646015,-0.03482133,-0.26312035,0.25825316,-0.202366,0.08397773,0.9204494,0.14880443,0.24589214,1.0563036,0.1612261,0.41042033,1.8200312,2.427702,1.8312736,-0.039097667,-0.073960006,-0.029036999
863,0.23821455,0.19611323,0.28969568,0.057370782,0.011762381,0.2549397,-0.27604085,1.2277557,-0.32421285,0.13650802,0.2330023,-0.1075116,-0.15518165,-0.28441224,0.017335325,0.9048381,0.6017275,-0.008064419,0.12720554,-0.58203465,0.30628973,0.2198648,1.1342965,0.2817207,0.013312101,0.13104413,-0.50655967,-0.56527,-0.5196899,-0.36301532,-0.18098137,-0.07140751,0.10050197,0.80906796,0.2079277,0.09978379
864,-0.09658712,0.036544383,-0.1726978,0.035513163,-0.16434836,-0.36888853,-0.4065179,-0.06905782,-0.43361634,-0.25275043,-0.12134707,0.07150665,0.07846546,-0.18893543,0.11251956,0.29993242,-0.83273816,0.05272247,-0.5773212,-0.11072979,-0.16414905,0.9579824,-0.1989451,-0.48347378,0.4631626,-0.6781597,-0.027540818,0.004168749,-0.075319886,-0.042838633,-0.09784722,-0.3135144,0.52902776,-0.4138431,-0.15860334,-0.24918208
865,-0.06748551,-0.536047,-0.57492185,0.092796385,0.13334419,-0.055908978,0.6488758,-0.12944862,-0.09787357,-0.25629583,-0.24919972,-0.1925965,-0.7597641,-0.33369327,-0.013792574,-0.2944115,-0.37904856,0.24165803,0.05433935,-0.47133705,-0.029463768,-0.3312593,-0.026614398,0.023383051,0.3203926,-0.16588622,0.2976197,-0.23939721,0.2610559,-0.13727802,1.2365831,-0.02452153,-0.5359432,-0.3100158,-0.28688544,-0.54222035
866,-0.8336227,-0.76373506,-0.11906505,0.5757227,-0.36134768,0.099771455,-0.5985813,-1.0067124,-0.21192187,-0.37532216,-0.49437422,-0.5434378,-0.29271102,-0.5586268,-0.14305508,0.20710948,-0.2333374,0.017404556,0.15617675,0.22885221,-0.18936408,0.20792079,0.07462239,-0.4384511,0.9684117,0.69878477,-0.14768532,-0.00082632806,-0.25673318,0.095405936,0.21863401,0.1301218,-0.3564257,-0.26376772,-0.19950628,-0.036002517
867,0.16275054,0.14350764,0.017670512,0.5242012,-0.10015686,0.0718984,0.92387766,0.09772727,-0.051391542,0.9865818,-0.07500772,-0.0045987368,6.19439,1.5448903,-0.092084646,-0.28596693,-0.17457823,0.029120326,0.2746244,-0.15674992,0.03581226,-0.028425395,-0.38619986,-0.014824212,-0.2615357,-0.2543484,0.015847087,0.08237087,0.40634122,-0.019245327,0.12142807,-0.47602546,0.13606745,-0.18618137,-0.26338476,0.022489369
868,-0.47928163,-0.15150838,-0.672197,-0.1474749,-0.025278509,-0.76736885,0.044785917,-0.14058325,-0.48712593,-0.7700989,0.5256954,0.33850908,-0.42332754,0.41032392,0.7127185,0.2057847,0.13299713,-0.27951863,-0.032149613,-0.22108811,-0.10215616,0.68277395,0.18876977,0.39700148,-0.26380128,-0.18403429,-0.34011942,0.99192995,-0.13656855,1.3638035,-0.43920618,-0.057316363,-0.16839191,0.056745812,-0.21947126,0.14915304
869,0.43209103,-0.15658063,0.22848427,0.05287108,0.16024151,0.7155174,0.5680958,0.36065787,0.09801674,1.4344659,0.5027009,0.5340875,2.3273587,0.80743086,0.35913232,0.3841052,0.15551075,0.10222083,-0.18301028,-0.028627634,-0.33613706,0.4449306,0.12108049,0.30389366,4.3365893,1.6058706,1.2776588,-0.109694324,0.2628077,-0.17043945,0.09141749,0.49425375,0.13574828,-0.029502839,0.056171447,-0.04302597
870,-0.36103398,0.1504695,0.11519456,1.1672481,0.31624514,0.64584553,0.27973926,-0.34023187,0.20501389,1.5109289,3.094029,2.6787572,-0.4451567,0.43246198,1.5508953,-0.03132367,0.5664172,-0.19273216,0.1681174,0.3028934,0.037776053,0.31938243,0.95471036,0.56267446,2.971474,2.0312462,0.61728215,0.53962535,0.2339279,0.46153367,0.4734,0.30991465,0.7401018,1.0895954,1.3719423,0.36793184
871,-0.6708779,-0.05435939,-0.025138617,0.11475626,-0.3526503,-0.11150956,-0.34941366,-0.861819,-0.07705736,-0.11627752,-0.314911,-0.02549553,-0.58642447,-0.039479077,-0.15937081,0.3576276,0.00749439,-0.14295137,0.15932572,-0.00021368265,0.25910187,-0.3478459,-0.5643673,-0.041579187,-0.9970075,-0.13764372,-0.08546764,3.9017692,2.1850755,0.98511326,3.8740203,4.054909,1.8445935,-0.038121864,0.083269954,-0.07688898
872,0.02454114,-0.07640475,0.18767285,-0.06596941,-0.5324357,0.031476527,0.028941453,0.05652511,-0.42623246,0.43649638,0.27113828,-0.31016773,-0.2356331,-0.1025188,0.35854632,2.0157394,0.7324189,2.6370895,-0.13479888,-0.15397781,0.090584874,2.9114852,1.2109343,0.81082225,3.3295417,3.9594111,2.8884823,1.438236,0.6062469,0.5483099,2.8712828,3.974493,3.3465354,-0.31672835,0.06624228,0.043311775
873,0.12867838,0.29379326,-0.27597216,0.6565397,-0.49632207,0.37790892,0.83661485,0.8018622,0.12266244,0.016621053,0.26720417,0.28297406,-0.7228538,0.117323995,-0.040108908,-0.09803119,0.2163321,0.1582018,-0.18790168,0.0030735284,0.12178624,0.30596814,0.053386845,0.43465275,3.5598137,2.1704416,1.262641,0.2727606,0.2316618,0.77226824,3.0793972,2.165055,2.8445532,-0.14891225,0.14084476,0.023409553
874,-0.02840507,0.4218976,0.14284104,-0.041703463,-0.10816878,0.07333928,0.29683912,0.44547,0.026657462,0.0932384,-0.31496078,-0.07511097,-0.22377306,-0.052596107,0.29253823,-0.044889912,0.2958596,-0.0067563057,-0.023956329,0.20962283,0.07785344,0.2510411,0.3914936,0.044227004,0.33397055,0.1908977,0.18184668,0.60622555,-0.36373854,-0.09362972,-0.13579875,0.09767027,-0.12229026,0.51558346,-0.19324869,-0.06657791
875,-0.06543087,-0.1868391,-0.16442469,-0.48193,0.28789657,0.049481362,0.15800713,0.4726433,0.010544807,0.14915016,-0.37789804,-0.05020818,0.0048977733,0.3479072,0.20307773,0.18574448,-0.3785892,-0.21349025,-0.24500118,-0.09813586,-0.16355497,0.23198383,-0.20588869,0.3947876,-0.43877453,-0.24691588,-0.7787912,0.23321365,-0.19007716,0.21395475,-0.55977505,0.36238068,-0.35756737,0.065834194,-0.18404254,0.23563153
876,0.7158754,1.4940991,0.06633192,1.1398463,1.1935723,0.52159226,0.6631883,0.5843715,-0.2164473,0.2507388,0.76981527,0.21139652,0.5385436,0.28004307,-0.08127026,3.526702,2.1123016,1.0622183,-0.31441063,0.2748729,0.29601312,1.711559,3.361938,1.0309352,3.7359004,0.16668877,0.24733114,0.3653671,-0.2930922,0.12097168,1.0635067,1.047734,0.13572761,0.5445633,1.8978031,0.02667749
877,3.711082,3.2142105,1.2941625,2.229775,2.1251204,1.5522494,4.616388,3.629864,2.2859206,1.0703518,1.1234763,-0.006013751,1.6675229,0.6602642,0.58207124,0.7633127,0.25687888,-0.052300215,0.13398904,0.09679109,0.27245116,0.16095088,0.047806233,0.034341455,2.998737,0.15604007,-0.08585948,-0.08827788,-0.21729228,-0.1766944,1.4352345,1.1790361,0.09458701,1.1469922,1.5576217,0.04779446
878,-0.4548847,-0.1834259,-0.025473595,0.22210258,0.029395312,0.15862024,-0.2008144,0.15777022,-0.16722739,-0.16511597,0.04682046,-0.3199079,-0.55513513,-0.12106854,-0.66778064,-0.12233268,-0.5522336,-0.090479255,-0.5053146,0.26563224,-0.010258317,0.07158014,-0.56086534,-0.3098859,0.75718915,0.46330723,0.008422419,1.6831177,0.5183986,0.55490816,1.3178512,1.3325617,1.1488146,-0.160581,-0.15252417,0.014681339
879,-0.25966346,0.5391025,-0.4295375,0.13640349,0.2944829,0.44811234,0.3600437,0.3055669,0.34179103,-0.20891964,0.086768255,-0.014704466,0.23697971,-0.25641719,-0.30375847,0.15644667,0.40177852,0.4594222,-0.27375743,0.26346272,-0.3651846,0.263066,-0.016213804,-0.04047501,-0.013183892,-0.34093764,0.028697431,0.41044164,0.37496343,-0.80507696,-0.087127954,-0.032506973,0.5375287,-0.19288588,0.40115637,-0.48727024
880,-0.73873055,0.1363294,-0.2847588,-0.3799467,-0.4564705,0.05724764,0.025402406,-0.31454572,-0.4179988,-0.15452528,0.11759916,-0.43307775,-0.13569069,-0.05106306,-0.48994133,0.5226232,0.39212102,0.23383373,-0.20081222,0.34004763,-0.3366617,0.37376451,0.42057335,0.55124086,1.2439121,0.8776636,1.51143,0.4255541,0.997592,1.2334714,0.97869825,0.85337687,1.6697456,-0.17612028,0.101906896,0.13332203
881,0.16615057,0.36692923,-0.26213658,1.1823466,1.3766345,1.402364,1.7807512,1.6775872,1.3310242,-0.19562338,-0.3887532,-0.019646347,-0.34940147,-0.28391933,-0.1068998,0.09514588,-0.10332912,-0.006567195,-0.062138796,0.3459976,-0.12189755,-0.15958217,-0.26357764,-0.07403952,3.28984,0.7443754,1.1481824,0.08939047,-0.17983332,-0.2957017,3.3000882,0.8895773,1.2358849,0.0019514263,0.56463987,-0.15596583
882,0.10253371,-0.56213427,-0.43666863,-0.11826958,-0.046539903,-0.1308833,0.4075161,-0.12792896,-0.13911235,2.3435354,2.4892724,1.9906,2.3298485,1.2599883,1.0979998,0.35975373,-0.41161537,-0.19718564,0.4450244,-0.21747333,-0.025968194,-0.19334006,0.15078065,-0.17915165,-0.023524702,-0.09941678,-0.47154796,-0.5102509,-0.0036776662,0.1708802,-0.58935726,-0.42908818,0.08136606,0.43465346,-0.071058095,-0.062043786
883,0.8187632,0.42699772,0.03962016,0.026022494,-0.073166855,-0.1798563,-0.101495996,0.0047397744,0.003072381,0.6594303,0.48304015,0.13396329,0.5427656,-0.028855085,-0.004183233,0.9330061,-0.11406645,-0.0805251,0.10006809,0.04111904,0.048464417,0.88453376,0.08508873,0.071808755,1.6752043,-0.2283046,-0.33109483,0.24160343,0.22551957,0.054568708,0.7090905,0.036641903,-0.10998115,0.5679595,0.25386027,-0.059332013
884,-0.19269162,-0.54971945,-0.10953896,-0.30529845,0.32336098,-0.44459236,-0.6704395,0.03918706,-0.116772175,0.06533402,-0.46862683,0.5350232,-0.30610406,-0.07455249,0.36422336,-0.16492327,-0.4103145,-0.11298761,0.5252154,0.15090664,-0.34816992,0.03097725,-0.20484814,0.011941314,-0.09459016,0.16228753,-0.26242763,-0.014170021,-0.2342992,0.19097817,-0.6683474,-0.1158714,-0.52832013,-0.12295233,0.23951256,-0.6321736
885,0.06019056,0.002607718,0.026407838,-0.6573248,-0.4235916,-0.2629454,-0.24956736,0.050364733,-0.19460374,-0.5033666,-0.22247699,0.13008785,0.11451477,0.3332582,-0.02124679,0.33983576,0.21496667,-0.01760012,-0.3520853,0.41827765,0.04314518,0.8142697,0.17642641,-0.10023743,-0.42551875,-0.2099947,0.09039301,0.2726428,0.25835043,-0.00609231,0.12347845,-0.21976888,-0.36888438,-0.010415435,-0.11939418,0.074171424
886,-0.07989013,-0.0024225712,-0.04434061,-0.6677363,-0.30568564,-0.43889663,0.035966843,-0.31277734,0.012625575,-0.17151201,-0.7142254,0.16894537,0.04826685,-0.23558417,-0.100936204,-0.43359828,-0.0032554008,-0.015511334,0.028961867,0.22972226,-0.1625408,-0.25003028,-0.1338818,-0.34536254,-0.802697,-0.14561808,-0.62117743,-0.18606544,0.27082467,0.030364454,-0.5187342,-0.80242527,-0.44085705,0.13545424,-0.6565484,0.26525724
887,0.09794265,0.043752313,0.03349805,0.09952563,0.6956605,0.811249,0.46109015,1.221006,0.4408499,-0.23312604,-0.22290218,0.4074606,-0.05110538,-0.06201482,-0.53854525,-0.079930484,-0.15151767,0.034773707,0.07461345,0.15754247,-0.021456122,-0.13391,-0.19611835,-0.19797057,0.032479286,-0.17781991,0.10868716,-0.0073494315,0.14760627,-0.05163479,-0.111563206,-0.28523427,0.23089463,0.01751262,0.39474446,-0.45157564
888,-0.104034394,-0.29504234,0.19573274,0.24295017,0.019311443,0.23826405,-0.12129438,-0.15481335,-0.2171166,1.015958,0.90895486,0.7289307,-0.35456443,0.8334686,-0.2532762,-0.5272236,-0.34728497,-0.19814979,0.06208837,0.22375268,-0.40105072,-0.5336357,-0.0914512,-0.35994506,-0.6245227,-0.16497886,0.027480274,1.7299633,1.9664774,1.340068,0.1188699,0.15237647,0.6879289,2.1005442,1.5488739,2.406772
889,-0.048762918,-0.4032022,-0.48670903,-0.151132,-0.37008566,0.27842945,-0.17747532,-0.14556734,0.0836584,-0.06713179,-0.33461803,-0.21076655,0.17014718,-0.3759343,0.155658,0.24741542,0.021294713,0.07268798,-0.12257393,0.019870758,-0.12561923,-0.07700464,-0.024588674,0.18630147,-0.38963264,0.21469957,-0.16348419,2.0819054,2.481021,2.3087862,0.2331011,0.77120495,0.7499513,0.10232626,0.12255043,0.1634976
890,0.06341976,-0.5755666,0.08974099,0.2765756,0.06692244,-0.21384546,2.1392424,0.22945082,-0.087145865,0.11925274,-0.06765306,0.13913643,-0.28057984,-0.05986415,-0.22065414,0.045483828,-0.20137781,-0.10475451,0.69072354,0.020126998,0.00994271,-0.3558225,0.27830485,-0.16773924,-0.42855024,0.23783779,-0.08238681,-0.19681428,-0.14771748,0.5502822,-0.08906515,0.11137919,-0.013730317,-0.06754465,0.4053191,0.03408283
891,-0.018037423,0.16780649,0.19522715,0.7970777,0.8243956,1.3936574,0.9458046,0.4880475,0.45122516,-0.248687,-0.72092056,-0.19111168,-0.7233223,-0.18928912,-0.38560387,0.115731426,-0.39631796,0.030875564,-0.18182147,-0.047538996,-0.0047908425,-0.08444956,-0.5731526,-0.08180079,1.5327686,0.9073615,1.1564583,1.0156418,3.1029608,1.0385085,1.4883189,1.2543473,1.0785058,-0.063776016,0.12877285,-0.19828862
892,0.022618413,-0.3495916,-0.23426491,-0.24724904,-0.7515136,-0.5789339,-0.059231006,0.135183,0.26819694,-0.20540732,0.15382573,0.97996145,-0.24094653,0.10671517,-0.31050074,-0.13821086,-0.09036407,0.091536164,0.022688448,0.33259457,0.029326081,-0.055945218,0.18628189,-0.022622958,-0.10700178,0.13795055,-0.4511315,0.024316475,0.08412823,0.16242957,-0.50485134,0.38592255,-0.37613016,0.14860004,-0.02880323,0.81007284
893,-0.3685833,-0.34575444,-0.60706985,-0.6631307,0.03185159,-0.10984455,-0.40100867,-0.8474681,0.16679291,0.08580983,-0.35305813,0.1456207,0.24686968,0.30942363,-0.45947516,-0.07365918,-0.17852306,-0.26213193,0.17766722,0.36354697,0.15038124,-0.3623005,-0.408618,-0.16059327,-0.24155426,-0.18805075,-0.33283466,0.72101355,0.7568007,-0.22704434,1.5407481,0.96694845,0.15819442,0.6384219,0.0136470795,-0.5195024
894,0.15931743,-0.033809453,0.16586164,0.08773118,0.007623762,0.37482816,0.033270106,-0.08958119,-0.10025865,-0.43354988,-0.3893176,-0.20840251,-0.29364538,-0.36350432,-0.02022028,0.61477256,-0.47305262,-0.07908514,0.03368929,-0.10248256,0.10293302,0.55159277,-0.058918957,-0.06491305,2.8414953,1.8310492,1.6352061,0.9826879,0.16646075,-0.08784914,4.777968,3.9241705,3.2477133,0.39198676,-0.21021107,0.06591204
895,-0.049275994,-0.012852132,-0.1398046,0.26566803,0.35026574,-0.012177467,-0.045692086,-0.101563096,-0.0995456,0.96566606,-0.16591835,-0.045719504,0.16863614,0.19849606,0.013907969,-0.6427634,0.13199404,-0.07007396,0.057350457,-0.2206972,-0.030846715,-0.22300065,0.2582766,-0.080097616,-0.37930596,-0.23923233,-0.2199943,0.29177725,0.7869153,0.2572081,0.6359767,0.6359464,0.27187818,0.5166703,0.13373333,0.11474562
896,-0.0138608515,-0.3346116,-0.50429875,-0.07173136,-0.25127304,0.032880366,-0.086353794,0.41488957,-0.04328458,-0.24892093,-0.6482812,-0.0650996,-0.23503295,-0.18261397,-0.12566945,-0.27406096,-0.5878782,-0.012917668,0.58746827,0.15598935,0.10554014,-0.4182087,0.014038365,-0.09079498,0.40107363,-0.04519385,-0.18143727,-0.08448133,-0.014941424,-0.14212002,0.24522404,-0.20665574,-0.19227897,-0.50605595,0.078071214,0.5292705
897,0.15796065,0.13030326,-0.13159315,-0.32166716,0.07677099,-0.2901649,-0.53490806,0.06821537,-0.11689633,-0.32130295,-0.25673693,-0.014921412,-0.13436711,-0.39878634,-0.21047151,-0.14011931,0.07587731,-0.21034248,0.42132354,0.09842187,0.07410115,-0.24621336,-0.253652,0.00013446808,-0.19708383,-0.33338472,-0.29765934,0.32236648,0.119154334,0.12705237,1.097918,0.32471734,0.159172,-0.23092854,-0.1504764,0.011840016
898,0.48635513,2.2807958,0.5005376,-0.1432167,0.13269615,0.47273457,0.057682455,0.89817023,0.38134706,-0.08076328,0.24480367,-0.47728854,-0.13586015,0.10731432,-0.18531503,0.2473293,0.0137428045,0.060188927,0.07437223,0.1543634,0.29197538,0.1391344,0.07668626,0.34553087,0.11377138,0.08309242,0.14887026,-0.1911368,-0.32491943,-0.1262765,-0.11613065,0.14734821,-0.49271658,-0.031271398,-0.44743085,0.4246166
899,-0.27239093,-0.024093628,0.09613776,-0.112155855,0.052196458,0.0034582615,-0.23695979,-0.109466195,0.09162116,-0.037908673,-0.3755388,-0.058685124,0.32019645,-0.09424568,-0.16382211,0.24229008,-0.10117362,0.34714323,0.23100716,0.05956161,0.13782138,0.056750007,-0.5062183,-0.10556823,-0.5062001,-0.035029203,0.016074419,-0.052428097,0.57677853,0.62963426,-0.3934156,-0.041089714,-0.05338627,0.8950408,0.14144069,0.052917242
900,0.41671288,-0.29249424,0.23472679,0.12250179,-0.06175875,0.18985271,0.09935686,-0.2869916,-0.057019353,-0.9827826,-0.0040611625,0.1547553,0.09283733,-0.030144602,0.05090475,0.044798434,-0.08287309,-0.27417374,-0.14168191,0.22567536,-0.28845584,0.021248192,-0.23763603,-0.12572789,-0.1079634,-0.150796,0.022066504,-0.04024494,-0.16017258,-0.43471348,0.47230482,-0.080092624,0.0823949,0.4406449,0.080120295,-0.07877612
901,-0.04285437,0.22830853,-0.26163077,0.050175548,-0.11430156,-0.2591135,-0.09288299,-0.024585187,-0.42094982,-0.12510526,0.09836048,-0.15402329,-0.044329226,0.07518527,-0.30408645,0.024273455,0.02124989,-0.4912609,0.12186825,0.27283478,0.09568155,0.08792186,-0.1579631,-0.13026029,-0.044454455,-0.23855338,-0.4104486,-0.016864717,0.06157455,-0.044371486,-0.024743617,-0.06831485,0.5249444,0.15502203,-0.14234906,-0.68372285
902,2.4411597,2.6376476,0.9172511,0.21356452,-0.34265107,-0.045533657,-0.21688524,-0.0012413561,-0.12306547,-0.2506038,-0.0058735907,0.14737326,-0.6648662,-0.16321176,-0.40821758,2.005934,2.2957444,1.8087441,0.32851934,0.25717437,0.2171967,3.2628527,1.9526176,0.8980656,2.1542187,2.2425392,1.6044514,-0.07537286,0.0331167,0.06453538,0.080412656,0.5930991,0.3078819,0.05094783,0.2943601,0.19730273
903,0.4830373,0.47932076,0.84666187,0.11515936,0.53305244,0.46769863,0.5606887,0.13910505,0.5395167,0.86411184,1.7704849,2.1618633,1.1746186,1.6922474,2.8248632,0.6753444,0.13922773,-0.0987605,0.36108014,0.20776974,0.20944959,-0.19325507,0.24362983,-0.14538826,-0.2062149,0.022925118,-0.34299028,0.24224964,0.03737444,-0.20039025,-0.17546606,-0.31191832,-0.25249374,0.25217485,0.30472493,0.05519849
904,-0.194731,0.13282393,0.151101,-0.22955906,-0.4527805,-0.21998036,0.2329945,0.20195454,-0.91578364,0.18929058,0.2302872,0.1586129,0.22175735,-0.18205151,-0.12920874,0.0476138,0.12861237,0.10172558,-0.029222012,-0.2723763,-0.5196218,0.015913785,0.005742997,-0.58518004,0.32858038,-0.48045343,0.13130319,0.10312152,0.08094506,0.6235051,-0.018927515,0.054290056,-0.059697747,0.0354982,-0.30344278,0.3355056
905,-0.301422,0.45394352,0.43876243,0.10511583,0.60799587,0.3949097,-0.011740267,-0.20053452,-0.24561924,-0.29660845,0.22164184,-0.3112213,0.120046735,-0.031251967,-0.19913262,-0.18870795,-0.16229719,0.111989856,0.041794896,0.26118273,0.14711845,-0.04988101,-0.2647223,0.42776,-0.20008987,-0.16449389,-0.28003535,0.018244505,0.22087735,-0.16626096,-0.32890886,-0.09329012,-0.39719746,0.1882931,1.1660875,0.4184686
906,1.310874,0.99461067,0.6919648,-0.5889734,-0.45476666,-0.062381983,1.0733547,-0.084892824,0.0075581223,0.053084403,-0.05371082,0.3938737,0.4996407,0.05494792,0.30697337,-0.6642585,-0.23628514,0.24793696,-0.29931352,-0.1223031,0.1700182,-0.7301503,0.05965151,0.2614835,-0.041096687,-0.36593652,0.008186102,-0.19042452,0.24742588,-0.21502483,-0.23310405,-0.5334319,-0.18948084,0.07874894,0.3864311,-0.12417042
907,0.19209361,0.12664282,0.15126121,-0.36702827,-0.05148804,-0.49669594,-0.45436057,-0.24880707,-0.17439508,0.40790668,-0.49826348,0.12629682,-0.4598589,0.008023113,-0.064601816,0.2431935,-0.14186251,0.052203,0.30629516,-0.30028656,0.081321,-0.27207536,-0.32759172,-0.3505028,-0.34417212,0.11011475,-0.33482337,-0.015014753,-0.2695012,-0.17909992,0.38168418,0.2644458,-0.3699953,-0.043649852,0.10430002,-0.15831959
908,-0.3220804,-0.013137996,-0.7500659,0.22268176,-0.11901498,0.1883647,-0.25277257,-0.5622134,-0.004748583,0.7284037,0.58059347,1.4736458,0.8584539,0.81118745,1.4196554,0.0918684,-0.5102467,-0.28884977,-0.37715858,0.1721173,0.058259994,-0.04358518,0.35284486,0.00932999,0.15181887,-0.666865,0.21382432,-0.23431045,0.521012,0.54792297,0.6875643,0.25464767,0.5622807,-0.14925587,-0.0762508,0.055891037
909,-0.20637727,-0.2612287,0.090497136,0.06017396,0.18895721,0.3559205,-0.12329745,0.37724495,0.36527586,-0.06780827,0.14765763,0.12940681,0.14455771,-0.21657458,0.08192778,-0.16245246,-0.04124569,0.102580845,0.22918248,0.6433263,0.564518,-0.2651616,-0.10999122,0.23367941,-0.29891,-0.092562854,-0.7391465,0.097278714,0.16072828,0.1290493,-0.073939264,-0.175829,-0.116337,0.3363379,-0.46485233,-0.20574635
910,-0.123483956,1.5689542,1.3328303,-0.1059494,-0.22317886,0.105463564,-0.23703656,-0.020575851,1.1677628,0.013635278,0.26251027,-0.48262346,0.08638853,0.09292243,-0.5473472,-0.16600308,0.2184003,-0.6519182,-0.7001531,-0.004452467,0.095158815,-0.31996813,-0.07955101,0.39939564,-0.7672957,-0.93373317,-0.6728078,0.10713434,0.053889096,-0.58364236,-0.33374798,-0.44290662,-0.21093452,0.088600636,0.010802761,-0.39013106
911,0.12327552,0.25482374,0.28872997,0.33084452,0.1294801,0.2765925,0.4258362,0.36080664,0.4355716,-0.18248314,-0.07134925,0.05705762,0.14029348,-0.15552367,0.012046397,-0.3270005,0.19725193,-0.14424229,0.4582383,0.0061128736,0.14333066,0.0011595488,0.032660306,-0.0153359175,-0.44305503,-0.21984541,-0.14646232,-0.14549834,0.17186473,-0.23179805,-0.14690387,-0.20050484,-0.48188847,-0.042385876,0.47115922,0.07907462
912,0.03235662,-0.22775316,-0.09916434,0.030636042,-0.09713435,0.08637518,-0.5589391,-0.15656787,-0.5786562,-0.14763057,-0.072362065,0.06357244,-0.043598533,-0.3418124,-0.40544865,0.62633,0.14920968,-0.5201889,-0.043917358,-0.039467275,0.8047728,0.6884838,0.37251925,0.38937747,-0.67426085,-0.56617683,-0.13744801,0.068781786,0.45646536,0.23694965,0.71430993,0.44414294,0.14048207,-0.11886512,0.25104037,0.10830572
913,-0.035790876,-0.4429094,-0.044335663,0.08005357,-0.19256859,-0.22728366,0.021643043,-0.19751982,-0.13360763,1.1232994,0.28315645,0.28591907,0.5879736,0.48291618,0.32523766,-0.4392605,0.040041506,0.046887517,0.058211803,-0.14041772,0.10357964,0.048386395,0.050810426,-0.016104579,-0.25192785,-0.033436745,-0.1253446,0.36097252,-0.03393835,0.13874632,0.2846617,-0.089030266,0.16000836,-0.028304398,-0.2662366,0.09734011
914,0.38513625,0.092697054,-0.05215904,0.018427193,0.06981611,-0.0038648546,-0.09590751,-0.15959847,0.106110334,1.0835876,0.8556293,0.1335209,0.79729843,1.4283285,0.19517606,1.388016,0.4436366,0.1080139,-0.28968427,0.018911004,-0.06355548,0.5940708,0.32987702,0.394646,4.3795543,2.280249,1.6814138,-0.06126234,-0.051356494,-0.15823114,1.3418174,2.6598105,1.8165437,0.13403544,0.021452367,0.11898893
915,-1.2237716,0.25819314,0.6819041,0.2840984,-0.024536192,-0.46135664,-0.38075918,-0.4280606,0.17203844,-0.30573595,0.0885247,0.20498344,0.91636384,-0.1767981,0.26554838,-0.05675018,-0.15737727,-0.2305224,0.20584673,-0.030894145,-0.04359168,-0.05526311,0.5448624,0.14901263,-0.22811937,-0.53668594,-0.5189165,-0.042185366,-0.24371058,-0.26584882,0.08419293,-0.40562248,-0.026554108,-0.2080684,-0.12591064,0.08485532
916,0.22755091,-0.13963997,0.15390372,0.027989984,0.7171651,0.60872114,0.44027734,0.3739819,0.22122145,0.2225737,0.024811838,0.47707787,-0.082948744,-0.2699352,-0.64666325,0.14944717,-0.23264012,-0.417243,0.11552805,-0.5544253,-0.8241828,0.38843355,0.02559907,0.07431841,0.14979213,0.32625234,0.13658056,-0.29661107,-0.14571136,-0.37673312,-0.03634435,0.2512936,-0.121786356,-0.40159434,-0.14282526,0.10483837
917,-0.534704,-0.41361868,-0.33582067,0.10845375,0.49643397,0.78660995,0.113977164,-0.38457793,1.0172074,-0.4727325,-0.43491617,-0.3450861,-0.31371176,-0.25902575,0.0485512,0.31398177,0.11514044,-0.38198715,-0.18081295,0.23298883,-0.30201375,0.48901087,0.46047068,-0.23954947,0.45588577,-0.18508434,-0.24523115,0.6103312,0.6400467,0.12367588,0.119278066,-0.5978493,-0.38718492,0.9037525,-0.23155773,-0.19264683
918,-0.14381719,-0.11649332,0.21404064,-0.6084787,-0.2068266,0.008482069,0.5634245,0.11987789,-0.22547501,-0.6559312,-0.13862193,-0.31335455,-0.29474127,-0.3768705,-0.6762179,-0.008427739,0.5976662,-0.12547058,-0.21304739,0.3144325,0.19222084,-0.4528164,-0.38409746,-0.3639189,0.065511435,-0.53327024,0.14216071,0.55758256,-0.039157093,-0.4775635,-0.07518494,-0.3939822,0.3751287,-0.5383656,-0.27416232,0.05078876
919,-0.33708644,-0.3408687,-0.19617301,-0.32215518,-0.27676195,-0.31570292,0.20057434,-0.065546915,0.23364624,0.61238074,0.21685466,-0.16703105,-0.20583797,-0.4208099,0.108322024,-0.23158982,0.064727366,-0.22391474,0.46127743,0.060404673,-0.48540676,0.29056203,0.42099705,-0.10804832,-0.13699341,-0.20595746,-0.5029544,-0.009969354,0.19463414,0.1428436,0.10049784,-0.32385135,0.21010983,-0.28792465,0.3013751,-0.22553182
920,-0.24018365,-0.036426976,0.07923353,-0.39523673,-0.01062724,-0.13853776,-0.78235245,-0.19096093,-0.35076955,0.048014775,-0.15962681,0.1413877,-0.45500755,-0.4559533,-0.08569446,-0.37365726,-0.22784398,0.088988125,0.4350916,0.003623739,-0.1218822,-0.7367829,0.23447317,-0.024734467,-0.07117845,-0.09171505,-0.14948624,-0.13172174,-0.371197,-0.14439529,-0.08306107,-0.25268418,0.59360707,-0.60541385,-0.2495842,-0.00023293495
921,0.095541656,0.16067186,0.34494042,0.16170417,0.6027863,1.0452366,0.25564992,0.010192394,0.34905493,-0.16218853,0.14794263,0.42486846,-0.14771444,-0.3210165,-0.5053549,0.886985,-0.03378524,-0.10113916,-0.16104352,-0.097075686,0.33818412,0.398606,0.150725,0.017017722,0.8430351,0.17396688,0.28976935,0.71631664,0.48418736,-0.09034866,0.6318429,0.90308595,0.56880796,0.8793708,0.49205673,0.28326738
922,-0.3349669,-0.026542515,-0.07016444,1.0662128,1.0165118,0.28101406,0.84952724,0.27226436,0.20519161,-0.15438089,0.1506899,-0.1576249,0.5983597,0.29608926,0.119344056,-0.56091595,-0.13466471,-0.3444795,-0.029549122,-0.05774968,-0.07081729,-0.14502506,0.25189543,-0.16273785,0.7630073,-0.18352675,0.04722832,-0.4312484,-0.08870399,-0.24997592,-0.4751432,-0.21043368,0.17246342,0.13209438,-0.42070568,-0.15420139
923,0.2752192,-0.88296074,0.01204139,0.5270623,1.4741759,0.41587174,0.99740094,-0.09600842,-0.11697146,-0.6160067,-1.5503747,-0.10740268,-0.57729423,0.19280052,-0.037278652,-0.11590341,0.39345613,0.08438504,-0.09114802,0.37997228,-0.46335775,-0.20756549,-0.17470065,0.29259288,-0.47099477,-0.19825879,-0.35234386,-0.19227299,0.3024727,0.17076993,-0.008860851,-0.5860087,-0.60468435,-0.060529947,-0.32894334,-0.095646024
924,-0.04053679,0.23501065,-0.23390141,-0.044511378,0.08146894,0.03691438,-0.37419882,-0.47614795,0.57672834,-0.46478853,-0.21354195,-1.1379055,-0.018211246,-0.105958395,-0.34643885,-0.11565381,-0.07920525,0.15474972,0.030776829,-0.021972239,-0.42358553,-0.06769651,0.07472989,-0.04383433,-0.54277885,-0.3886472,0.20691413,-0.0521245,-0.33763412,-0.26526916,-0.0845246,0.2525499,-0.32124633,-0.7394478,-0.01781109,-0.53251404
925,0.5589566,-0.13788995,0.46058923,0.008570492,0.08489522,-0.24798661,0.7294441,-0.14570615,0.09982473,-0.5445631,-0.6735533,0.27999064,0.06799798,-0.43205944,0.4624284,0.30943108,0.037338257,-0.152275,0.5106305,-0.009201519,0.029598445,-0.31113097,-0.25379556,0.25338477,-0.138944,-0.6216874,-0.08626599,0.27304173,0.009207815,-0.40777314,0.45732328,-0.38899726,0.016500622,0.19986534,0.1317792,0.16784295
926,0.3567792,0.22315891,-0.089702666,-0.14205337,0.1526407,0.45709458,0.0551669,-0.30655172,0.10207548,0.4477727,1.258899,2.3842828,1.344214,3.3018446,4.007202,0.1395967,-0.050190896,0.12706995,0.098270774,0.003409624,-0.09954391,0.13746035,0.083696246,0.2904013,-0.20582753,-0.5263716,-0.5721512,0.23306316,0.08037366,0.20099093,0.03847438,-0.24054442,-0.20839444,0.024536133,-0.12127112,0.27620155
927,-0.09503633,-0.24669188,0.12865901,-0.1684646,0.03551948,-0.5436413,0.2519195,-0.33732885,-0.29030585,-0.33196157,-0.49619257,-0.14625263,0.099585295,-0.04590092,-0.121047124,-0.15375245,-0.1102657,-0.78145206,0.08843613,0.10744518,-0.24346271,-0.104376145,0.2919808,0.05886197,-0.50285894,-0.50552064,-0.020816296,0.2579649,-0.2051121,-0.19511253,-0.22235835,-0.11163151,-0.2651645,-0.47687644,-0.4133647,0.39457068
928,-0.20612234,-0.31128174,0.19538432,-0.05232632,0.29408115,0.4479926,-0.023251534,-0.5295458,-0.6021682,0.071493864,-0.49802813,-0.192983,-0.47188774,0.05625069,-0.5747502,0.15335613,0.08490339,0.03867717,-0.122639716,-0.2857463,0.0014362931,0.035331488,0.28663713,0.022714108,-0.06301433,0.07081473,-0.04261008,-0.44593352,0.11794825,-0.7236351,0.11638689,-0.5535501,-0.72969174,0.38624975,0.57824546,0.2373525
929,0.0077405274,-0.32642043,-0.25239813,-0.2903323,-0.3603319,-0.3468122,-0.14126205,-0.33382487,0.14011514,-0.42839265,0.004183829,0.24519978,-0.2980609,-0.89850044,-0.10360834,0.027555257,-0.05707469,-0.29105932,0.16710281,-0.522465,-0.15148103,-0.20082659,-0.25038683,-0.0831722,-0.13907653,0.19147307,-0.50877917,0.48451054,0.5763011,0.23510961,0.034835458,-0.2595086,-0.09712201,-0.18428624,0.09812319,0.14017034
930,0.4229859,0.42455354,0.025533438,-0.0006066859,0.22068503,1.0601051,0.25540048,-0.8141371,-0.25167012,0.19140974,-0.362583,-0.0014457107,-0.2076658,-0.17242977,-0.20937055,0.15064451,0.32796094,0.18158531,0.113390446,0.5983702,0.21558458,-0.21652994,0.90690374,0.07084918,0.08040357,-0.11250552,0.036455333,0.2543129,-0.06656182,-0.4246983,-0.3018161,0.003688693,0.2157202,-0.030804604,-0.026616924,0.02971667
931,0.12863874,-0.24604762,-0.12986684,-0.03872955,0.22933978,-0.3672851,-0.017159462,-0.10968545,0.15184808,-0.77569425,0.61696184,0.18802619,-1.1401743,0.0802066,-0.067117915,0.2962563,0.46164978,0.45403236,-0.4064334,-0.27617806,0.18708372,0.8546885,0.16660112,-0.13647315,2.5770946,1.8751845,1.4634418,2.5662746,0.71406937,0.53309435,1.9940095,2.5409727,2.0044143,-0.43302387,-0.044068098,-0.1402722
932,-0.10679826,-0.06338544,-0.37668163,-0.25867674,-0.08552334,-0.4260829,0.082589805,-0.03280723,-0.9400488,-0.28539205,-0.51087856,-0.27199268,0.03778428,-0.2396627,0.13842607,0.40904704,-0.14123026,1.3105707,-0.10758078,-0.55718917,-0.4573154,-0.32180583,-0.18989271,0.38720387,0.07054126,-0.15476812,-0.2169162,0.12349318,0.6810851,0.15253535,0.1106537,0.19244888,0.32432026,-0.10295308,0.61656463,0.0021409988
933,0.19088444,-0.19071198,0.10265623,-0.20747027,-0.32877746,-0.16668041,-0.16267389,0.3799659,-0.42086816,0.13601804,0.12137816,0.6895349,0.08261371,-0.38847274,0.03213525,-0.5476981,-0.30490902,-0.42947912,0.078126915,0.23352224,0.061027735,0.8244812,0.15971005,-0.14117515,-0.3873666,-0.76190835,-0.14309257,-0.103426,0.77337444,-0.03665161,0.08366752,-0.05048439,-0.8630302,-0.1904889,-0.16757345,0.44957525
934,1.3491237,0.92760026,0.14544135,1.3511117,1.117066,0.048994243,3.8858223,2.8071117,0.9002925,-0.78961414,0.0077790916,0.09047246,0.3486817,-0.6597735,-0.146503,0.2473917,0.24853124,0.1839596,-0.30850822,0.2732786,0.1026091,0.5910683,0.27917993,0.05354874,4.604745,1.5552071,1.803315,0.13554579,0.21916871,0.18006772,3.0777323,1.6579868,2.0963116,0.11127511,0.17474037,-0.035029233
935,0.0054419637,-0.27202687,-0.20810413,-0.22435468,-0.37332064,0.14912271,-0.46601966,-0.05882168,0.10625225,-0.45257148,0.018236399,-0.35832947,-0.23133984,-0.70300555,0.118494034,-0.23805676,-0.12717244,0.71311605,0.3640346,0.1183881,-0.39795458,0.1316145,-0.1638059,0.76295257,0.10437979,-0.035500333,-0.17609203,-0.035237104,-0.1322521,-0.43875495,-0.050094128,0.09730035,-0.3254302,-0.06871176,-0.3058955,-0.48318022
936,0.20191067,0.23928848,0.08202052,0.025290012,0.084593356,0.17546356,-0.0056302547,0.032198906,0.30525327,-0.1424697,0.020672739,0.13500905,-0.15655994,-0.20114557,0.14234284,0.52773434,0.14371416,1.538664,0.050749242,0.20585123,0.62610185,0.5181829,0.5276828,0.7983866,0.38592237,-0.1243346,0.5390729,0.4209754,0.28064305,-0.43173313,0.011206746,0.39171648,0.6376233,0.17005348,-0.108520545,-0.59672797
937,-0.20504415,0.20459265,-0.04716909,-0.40939006,-0.19529924,0.513601,0.15211236,0.005219102,-0.46359295,-0.24332699,-0.06435706,-0.08349192,0.14798073,-0.23918211,-0.3506465,0.41853327,-0.1950278,-0.16166729,-0.44515696,0.1526562,-0.030803978,-0.41519403,0.06505284,0.4324182,0.14477932,0.038333118,-0.27369496,-0.0001719892,-0.603613,-0.043164194,-0.56110275,0.18141425,0.36385477,-0.11168802,-0.60566753,-0.36292303
938,1.2657068,1.1869752,1.0414791,0.106221646,0.78620666,0.55023295,1.4316163,1.1654589,1.3976072,0.9266089,-0.14472222,0.07331264,1.0085788,0.29911962,0.2014718,0.31620264,-0.050690293,0.24838972,0.6357773,0.16295543,0.39581048,-0.13392621,0.5944398,0.24642712,-0.19175154,-0.13103712,-0.08281484,-0.1587469,0.23204231,-0.6631946,-0.6519086,-0.19289124,-0.10005791,0.6454892,1.0300474,0.88139766
939,0.29036844,0.13279788,-0.25054467,-0.31748378,-0.08858338,-0.09997976,-0.3922022,0.33151698,0.11558633,-0.09556699,-0.28015894,0.2619186,-0.023379989,-0.45123038,-0.110141516,0.11801314,-0.35339576,-0.1512391,0.559974,0.19127522,0.08493501,-0.08111298,-0.49383977,-0.19402444,0.0036186576,-0.045491405,-0.2464914,0.19435847,0.2061229,-0.41109627,0.43464875,-0.2514509,0.42248797,-0.38024276,0.1858868,-0.11448735
940,0.009910494,-0.3012042,-0.1577968,-0.18357503,0.07416594,0.14961278,0.09300792,-0.2681229,-0.022333384,-0.32842126,0.1746782,-0.38155434,-0.2525828,-0.17017841,-0.060778916,0.09270793,0.36522585,-0.09393656,-0.13539273,-0.05361253,0.018568873,-0.27743787,-0.4037794,-0.658255,-0.23750192,-0.0048565865,-0.2063142,-0.041741922,0.24751604,-0.36285177,-0.2070458,-0.29841405,-0.86397386,-0.4169448,-0.111259565,0.019523859
941,1.1682479,1.1719983,0.60523164,-0.1998421,0.11157495,-0.060522616,0.092529535,0.7050328,1.293362,-0.06978583,0.20638017,0.41616762,-0.059265852,-0.0125569105,-0.20757961,0.12567002,0.28261107,0.16242754,0.017474651,0.08567414,0.4723041,0.27255237,0.33612674,0.19187123,-0.05321765,0.1783989,0.22363675,0.10831171,-0.09599215,-0.031781673,-0.14550853,-0.07763749,0.39215583,0.30822182,0.66290593,0.8987194
942,0.5832694,0.5499426,0.46620503,0.09954834,0.38604325,0.29496104,0.12443417,0.063152015,0.13327038,-0.20974928,-0.10016456,-0.07495481,0.33642316,-0.15501046,-0.20395246,0.99622434,0.5069471,0.047571123,0.744272,-0.015041411,0.064175606,0.036336184,0.4641974,0.8292045,-0.06329036,0.2994833,0.80645585,1.074306,0.46466684,0.42695433,-0.09807587,0.9175519,0.1977787,0.5718893,0.6247442,0.16902828
943,-0.28613317,-0.32635665,0.4001105,-0.1382721,-0.25637862,-0.06480457,-0.29857212,-0.27802396,0.11475086,0.31942004,-0.01693891,-0.2020776,-0.05698122,-0.38239056,-0.021805644,0.4517206,0.17297223,-0.8793135,-1.1425959,-0.07441282,-0.5287678,-0.0011972301,-0.24836326,0.049118645,-0.70639753,0.28041622,-0.04173734,0.22611566,-0.22624354,-0.13345107,-0.41136545,0.31245512,-0.06011595,-0.39003864,0.19045316,0.22773826
944,0.21678698,-0.10349649,0.2340031,-0.26478696,-0.20392415,-0.40578315,-0.72311187,0.029281735,-0.74945426,-0.86257106,-0.1264244,0.012482345,-0.47659427,-0.6404328,-0.15347522,-0.6149515,-0.0035220385,-0.3611381,-0.87682855,-0.077703655,0.27651733,-0.4667194,-0.8853096,-0.14707935,-0.30167127,-0.21633554,0.0048285723,-0.46149838,-0.029386938,-0.47923625,-0.5407363,0.19163364,-0.11325514,-0.33275878,0.13362062,-0.055265762
945,0.17438918,-0.13190377,0.24679261,0.33545825,0.09032047,-0.07066572,-0.3202996,-0.22724181,0.15016758,-0.17768261,-0.18010944,-0.483235,-0.03429866,-0.36802787,-0.8140985,0.14461794,0.15161005,0.5798364,0.14918876,-0.07706219,-0.27453363,0.2870155,0.11677989,0.352198,0.287589,0.16962004,0.0017712116,0.43851894,0.09343541,-0.2147493,0.23585606,0.5788804,-0.09513137,0.10712555,2.2487624,-0.29206005
946,0.07241905,-0.18730843,-0.02050376,-0.17741452,0.14866191,0.050264835,0.067356944,0.11070253,0.017581701,1.0190848,1.2525824,0.027932107,1.8866878,1.21312,1.1478186,-0.21873221,0.1368804,-0.09660113,-0.005967498,-0.38644552,-0.16442662,0.18384796,0.026132971,0.027930796,-0.27002963,-0.34956476,-0.02155596,-0.026224837,0.35071513,-0.14574492,-0.049838543,0.46516597,-0.025606394,-0.57712895,0.016522765,-0.17210162
947,0.35634923,0.41333658,0.30404025,2.0990136,0.087780595,-0.33767545,-0.30162024,0.012846936,0.22822648,-0.2982288,-0.326492,-0.12479442,-0.3593154,-0.77085024,-0.43278152,0.17843428,-0.15460043,0.4411214,0.35675764,0.25183147,-0.0768573,1.8386815,0.37421858,-0.57892025,0.24956572,0.2797767,0.3749923,0.6884654,0.5899631,0.11310279,0.09773594,1.3219163,-0.03180787,0.67794424,1.863476,0.88858354
948,0.22243571,-0.1403476,-0.4969641,-0.17239898,-0.091750056,-0.40701938,0.016657352,-0.17050242,-0.05200979,0.0985347,0.91492665,1.4063063,0.09006262,0.16636088,0.95183486,0.059437215,-0.22654913,-0.6926763,0.04747808,0.5844108,0.16149983,-0.026313663,-0.06172526,-0.25662008,0.06297225,-0.578262,-0.48040223,0.09342986,-0.010797381,-0.23475726,-0.074124336,-0.13512251,0.47780126,-0.17439449,0.12690336,0.31191897
949,0.051585138,-0.26336792,-0.7665049,0.3139646,-0.06568779,0.35930485,0.20892507,-0.1352129,-0.07641101,-0.053706408,0.6216795,2.4562576,-0.07122612,0.746118,1.2228779,-0.0020962358,-0.12160726,-0.22949144,0.26085556,-0.22761714,0.07749939,0.16153514,0.18755281,0.19087839,-0.28457946,-0.41335225,-0.4494913,-0.10875946,-0.05594024,-0.24470472,-0.26886117,-0.33606648,-0.36984676,0.27287388,0.601429,0.15369365
950,-0.21132874,-0.21933964,0.074133754,-0.0024683475,-0.00064247847,0.35105598,0.08905983,-0.032512516,-0.07758188,0.07635838,0.07328257,-0.09645271,0.05094731,-0.036137104,0.35438558,-0.03907287,0.098517954,0.05586791,0.030393124,0.12022112,0.0754289,0.01324892,0.058959186,0.097566724,-0.053270757,-0.2332305,-0.04636246,0.063847184,-0.10722503,-0.41450834,0.051336348,0.12170696,-0.5127131,0.03396398,0.22967675,-0.27727687
951,-0.04109204,0.38610744,-0.016653001,-0.22232294,0.0038604438,0.022260785,-0.25499853,-0.28363866,-0.016818166,-0.11038867,0.2034238,-0.060845256,-0.37274614,-0.38920054,-0.15811086,0.15555245,0.42157957,0.40490055,0.32477853,-0.22404039,0.084257126,0.1940257,0.6082309,0.13176978,0.19403434,-0.20464194,0.022638917,0.14114368,-0.15726766,0.12765557,0.23582542,0.07455289,0.639251,0.08143723,1.3000764,0.4341278
952,0.13221961,0.16434404,0.18756312,0.09549603,0.24089956,-0.29596838,0.14976239,-0.10215554,0.34579623,0.53520066,0.590612,0.2899887,0.37090063,0.77680147,0.80508184,-0.33655995,-0.16172177,-0.050157905,-0.16897404,-0.16323215,0.098401845,-0.1857059,0.20069939,-0.08849022,-0.35944867,0.08495852,-0.24546888,-0.32228652,-0.3462121,-0.27067852,-0.25532115,-0.12032682,-0.5850811,-0.013774097,0.38872522,-0.15512466
953,-0.06716114,0.059514374,-0.21304522,-0.07913381,-0.24040401,-0.06163487,0.035403892,-0.2818063,-0.018827155,-0.203506,0.2208426,-0.22338107,-1.2422389,-0.22947122,-0.38414434,0.7860293,-0.36038768,-0.066956654,-0.5731312,-0.08159578,-0.0008816123,0.28803045,0.43869025,-0.2529415,2.029342,1.6930745,1.4935304,0.22421014,0.53874946,-0.27421778,0.36679757,1.0718563,0.74335957,-0.4188185,-0.13097653,-0.1891595
954,0.073106945,-0.083662204,0.3959092,0.07535827,-0.085755736,-0.10870656,0.4002059,-0.099990875,-0.42248932,0.26791316,-0.2593873,0.7966983,0.36416066,0.38289326,0.40072864,-0.025164902,0.08937585,0.12639001,0.015118837,0.19240662,0.13889956,-0.07549232,0.14785013,-0.2894046,-0.37021762,-0.42723536,-0.35113287,0.015535951,-0.17709333,-0.51873964,-0.03763622,0.0689733,0.21448183,-0.031024575,-0.1294905,-0.04630062
955,-0.10104352,0.97421193,0.11876249,0.3043597,-0.15332744,-0.28464276,0.3146879,-0.43537778,0.08018339,-0.08330327,-0.13351487,0.20035073,-0.19785082,0.44617027,0.5401788,0.15600115,-0.18536952,-0.3742272,0.38092208,-0.3141088,0.21139191,-0.15315479,-0.021439046,-0.29583216,-0.24739271,-0.35723376,-0.009794682,0.18688568,0.21505608,0.32493097,0.09831637,-0.2992471,0.21427706,0.06827241,0.048352703,-0.23085353
956,-0.42726198,-0.0899238,0.39327383,-0.042084247,0.43881828,-0.25589466,-0.25677615,-0.34845054,-0.23332071,-0.2621193,-0.6087297,-0.018552184,-0.12528631,-0.82294756,-0.33619788,-0.2262488,-0.34058315,1.1520394,0.23453775,-0.118208975,-0.19383359,-0.5403111,-0.050857365,-0.110598,0.7505414,0.46064883,0.623015,0.3151997,-0.2607758,-0.12403229,-0.21274588,0.41899186,0.47888067,-0.069429874,0.15658069,0.50339735
957,-0.06478679,-0.4447012,-0.36804342,-0.7270869,-0.020019233,-0.36528245,0.12084472,0.6357611,-0.52654016,0.2041161,1.4009446,0.70728385,0.35468936,0.8231783,0.24894999,-0.43097275,0.2108072,-0.5187544,0.2613989,-0.41738707,0.0468176,-0.283422,0.03554277,-0.15787989,-0.075183034,-0.67457926,0.026429832,0.06334239,-0.51643443,-0.26079977,0.27123445,-0.01372543,0.40110844,-0.18363845,0.18393111,-0.041450202
958,2.180578,1.3177454,3.0905998,0.07805836,0.25309724,0.021343946,1.0296049,1.781576,2.5548794,-0.024775743,-0.20562759,0.21977344,1.303582,0.6896044,-0.2204305,0.4475361,0.06924611,0.10730764,0.7153342,0.019245565,0.65713894,-0.24296226,0.41186556,0.12743026,0.031600535,-0.31591937,-0.3926581,-0.1168516,0.20937577,0.1013037,-0.15300967,-0.26106888,-0.36207786,0.5280515,0.19955686,0.5797506
959,-0.049417794,-0.16372304,-0.21148098,-0.012935519,0.21201876,0.24197894,-0.013742685,-0.42382538,-0.19567585,-0.18068272,-0.24553543,-0.58114946,-0.0064952374,-0.41744235,-0.1397228,-0.16216981,0.054235354,0.008416176,0.074873984,-0.010744065,-0.3559513,0.1015532,0.34311664,0.049666345,-0.1134581,0.10965186,0.46219093,-0.24632251,-0.051803768,-0.707007,-0.08112228,0.12699822,-0.24214926,-0.16059607,0.5587745,0.43405986
960,2.118389,3.138344,1.1618667,-0.43421128,0.12815669,-0.07419655,1.364142,1.4389424,1.4425168,0.0061944723,-0.041358992,-0.12710997,1.5261188,0.46511284,0.6029258,0.262453,0.047623158,0.27352768,0.038133502,0.17279786,0.13785058,0.05567062,0.66218776,0.0056794286,-0.08724904,-0.83527994,-0.17836341,0.18528557,-0.14652517,-0.6473447,-0.21468776,-0.10246432,0.3772072,0.27593195,0.39610773,0.24359697
961,0.9543145,-0.111394525,0.36374032,-0.12075269,0.0074597,-0.3554389,0.52735394,0.35874295,0.2357598,1.6308193,0.1318798,0.61416495,2.478071,0.32926482,0.3078953,0.020706058,-0.48020124,0.7797165,-0.33299497,-0.14467973,0.30292922,0.19378197,0.067551106,0.4888728,1.0274851,0.00074625015,0.8224753,0.09206152,0.8247175,0.10715495,0.86038744,1.6102945,1.6363907,0.10325083,0.44192946,-0.021615744
962,-0.51999134,-0.37031525,-0.2829816,0.73714876,0.14904696,-0.009502798,0.34263644,0.266738,0.15598282,-0.3327953,-0.48906976,-0.13160253,-0.2702764,-0.69448245,-1.0939273,0.24454457,-0.027468383,0.10462317,-0.08070046,0.042657554,-0.37294996,0.24322897,0.22939277,-0.23906958,0.3791446,1.1708574,1.5728061,0.14822693,-0.084494114,-0.08231491,0.1409043,0.8281675,0.83010083,0.3427345,0.11654103,0.4326575
963,0.80671346,0.5171726,1.2649226,-0.13131133,-0.89094627,0.12520394,0.1728695,0.50757647,0.4820935,-0.17569408,-0.39686352,-0.07225047,-0.57075423,-0.029848725,-0.18018913,-0.3174346,-0.012738049,0.52893484,0.15840691,-0.15414524,0.25068793,0.02757749,0.1660643,-0.35103312,-0.7146247,-0.1733348,0.11103046,0.111735016,-0.11091824,-0.20284007,-0.2012021,-0.1947586,0.16413826,-0.39264104,0.69835526,0.10397577
964,-0.19029659,0.16340712,-0.13693565,0.10121679,-0.36107886,0.055778846,-0.2611841,-0.2016598,-0.31846637,-0.8784987,0.17389274,0.3518281,0.016312897,0.0007481575,-0.104562245,-0.18400323,0.26871684,-0.14894158,-0.23349309,-0.049095064,0.08076918,0.011865944,-0.39416957,0.28421247,-0.3166896,-0.44024938,-0.31361693,0.67633414,-0.29913923,-0.2028259,-0.37607658,-0.2873947,-0.21625702,0.46206534,-0.2742461,0.12554806
965,0.24241954,0.40903556,-0.14294651,2.3630793,2.8749664,2.3664858,2.2823708,2.5425942,1.0202129,-0.8551771,-0.74112904,0.11632165,-0.048750103,-0.01845897,-0.256366,-0.5104534,-0.63502514,-0.035877317,-0.4461748,0.3393799,-0.45005614,-0.11333847,-0.06636453,-0.120375216,0.5745573,-0.638763,-0.1774329,-0.17172554,-0.13842404,-0.08421826,-0.49811316,-0.65249544,-0.006609082,-0.13329124,-0.35314286,-0.1866354
966,0.018451571,-0.23461193,0.3244895,-0.66842145,0.12364936,0.40740246,-0.61401534,-0.44530004,0.14210606,-0.51559293,-0.7081074,-0.46669406,-0.7402705,-0.21011499,0.1385169,0.1582851,0.51058847,1.0097394,-0.28235543,0.026299834,0.29947355,0.08928731,0.36799246,0.09378347,0.047644973,1.3861259,0.8910879,0.36450195,0.121209115,0.025931686,0.19043136,0.48833036,0.07938576,-0.10106269,-0.72724694,0.92036575
967,-0.008211434,-0.2398563,0.021628097,0.67428553,0.48703375,0.80984294,-0.015835762,-0.17363214,-0.12565857,-0.154661,-0.3497722,-0.6531213,-0.28423756,-0.7290392,-0.6522122,0.13632917,0.13481462,-0.22483301,0.063806176,0.044885784,-0.30242705,0.15179546,0.1241976,0.08578241,0.1999563,-0.27026984,0.36020705,0.10667779,0.029991657,0.26755804,-0.08714223,0.05779922,0.04008919,0.4187845,0.8067788,0.37534058
968,2.0912673,0.7992048,0.3196291,0.17258635,0.33816493,0.092600465,2.715362,2.601493,3.6776152,1.4187951,1.3462878,0.25539255,5.3867908,2.241777,1.5329732,0.010362774,0.12027037,0.122382104,-0.11867339,-0.12337993,0.020082474,0.120624825,0.24026592,0.023882687,-0.03348054,-0.30190918,-0.35515046,-0.21864843,-0.074313,-0.12426859,-0.4027667,-0.09394437,0.10953957,-0.14191127,-0.09477985,-0.16635686
969,-0.22722024,0.008913457,-0.228396,-0.00067424774,-0.09997207,-0.31889787,-0.08002356,-0.14587438,0.14503205,-0.23542541,0.15950322,-0.15660146,0.0029117018,-0.23028688,-0.28665853,0.2914845,-0.33423793,1.1275173,-0.25906426,0.03566593,0.10025668,0.1947617,-0.022607412,-0.090423465,0.37364608,0.065234065,0.0801183,0.12996332,-0.37255934,-0.3607775,0.014154077,0.45549476,0.8441456,-0.055585623,0.046470284,-0.66569984
970,0.0013036728,0.2923513,0.2845086,0.1642788,-0.14986682,0.1474883,-0.46651965,-0.16088587,-0.42741895,-0.4612378,-0.06663686,-0.26566342,-0.14982295,-0.2045057,-0.1901226,0.10269207,0.5734892,0.06747409,-0.16423368,-0.09667498,-0.41287696,-0.05090648,-0.23385808,-0.5075753,0.28776944,1.1380887,0.8825484,-0.029272676,-0.37867805,-0.17837918,0.054608643,0.4088658,0.17681208,-0.110741496,-0.024616838,0.2060839
971,-0.20426913,-0.11395568,0.26710445,-0.39620405,-0.30795345,0.28590453,-0.6332082,-0.8244381,-0.23325706,0.06298065,0.059381276,-0.38326526,-0.41343957,-0.16700369,0.15379788,-0.0071290135,-0.23263077,-0.21851027,0.01143764,0.13085705,0.100931644,-0.03541255,0.3833558,-0.14202148,-0.0016598105,0.020264149,-0.31680503,0.465806,0.6074643,0.33621538,-0.6982528,-0.1802307,-0.5933566,-0.102886826,0.2913971,-0.45537186
972,0.37789643,0.19812447,0.48952734,0.05246532,0.23556995,1.1451125,-0.10103294,0.12879905,1.4401915,-0.056301594,0.5195618,-0.4992441,-0.18599653,0.13347074,-0.27211714,0.06478894,0.37950206,2.1600418,-0.085877836,0.22680648,-0.20522451,-0.25613338,-0.1891855,-0.019847393,0.1241138,-0.1145094,0.26678133,-0.2857476,-2.2704487,0.58723474,-0.058015853,0.2158137,0.12674642,0.06000954,-0.24208735,-0.12880793
973,-0.3379528,-0.29939088,-0.33960342,-0.6134044,0.6956399,0.3737113,0.12068015,-0.6667057,0.21607596,-1.0351163,-0.57280034,-0.16030557,-0.9969221,-0.9444331,-0.47009116,0.44941583,-0.101974905,0.060813934,-0.14912641,0.3538987,-0.38651013,0.64203596,-0.43469888,0.3020731,-0.2868439,-0.4665301,-0.4275708,0.22527325,0.14280808,0.68344927,0.2727679,0.6224244,-0.38731337,-0.48088068,-0.5550389,-0.16198921
974,-0.13608336,-0.23457205,-0.27306724,-0.12731272,-0.08177428,-0.08045483,-0.20069492,-0.5148873,-0.38582835,-0.26360482,0.2130269,0.85208696,-0.10011387,-0.33451474,0.0050682425,-0.058532655,-0.057960674,-0.08373767,-0.030733824,0.18801272,-0.13995731,0.08098459,-0.10252037,0.23815584,-0.043593407,0.010155171,-0.18431425,0.05279538,0.38728505,0.057909727,0.109660745,0.1628894,-0.57126474,-0.1045903,0.025684476,0.13643712
975,0.36163774,0.62761545,0.6119511,0.34098417,-0.08174792,0.052003086,0.5212636,2.5243666,1.3551764,-0.43887386,-0.21811855,-1.4712898,0.21121022,-0.20305529,-0.20102897,0.08241364,-0.12590167,-0.4039318,0.112608455,-0.06951821,0.09143418,0.28509575,0.06804764,-0.08133286,0.76958257,1.0460613,0.7109485,0.9614745,0.20345046,0.109464586,1.8274944,1.7651911,-0.06257671,-0.25654274,0.036206245,0.41352752
976,0.15222886,-0.25150585,0.10701543,-0.2899434,0.6004816,-0.23606557,0.34226367,0.12598336,-0.18895741,0.62695515,-0.47749233,-0.18961334,0.59853685,-0.046897795,-0.2567258,0.63350344,0.12280911,0.067877024,1.349766,-0.055456996,0.5429938,0.102692366,-0.047728818,0.22934777,-0.99628854,-0.4562266,-0.45582795,-0.06972033,0.26079902,0.009784937,-0.5327075,-0.5648167,-1.5399609,0.4710214,0.073123105,-0.14095713
977,-0.07728213,-0.6949303,0.011655118,-0.038631737,-0.15867826,0.16245386,0.07439329,-0.49588096,-0.014188588,0.57439005,1.63685,0.32807642,0.3075754,0.5205807,0.36163637,-0.13740122,0.44803253,0.01172781,0.38311395,0.29969198,-0.049776535,-0.24624187,0.28590032,-0.1506246,-0.51159006,-0.7815433,-0.5554235,-0.36504474,-0.4412812,-0.25534445,-0.6044917,-0.7337939,-0.45915163,-0.4169871,0.1403141,-0.03408003
978,0.20827138,-0.052134514,-0.04745412,0.071587026,-0.092665,0.08728719,-0.045208216,-0.093559474,0.10507053,0.10871619,0.052026212,0.710659,-0.03122747,0.0073366463,0.22373444,-0.17139971,-0.28728032,-0.18630168,-0.08057296,0.16993329,-0.60697407,-0.07112563,0.2621694,0.106372,-0.2768454,-0.48258147,-0.490713,0.07685912,-0.09256521,-0.23920196,0.05590403,-0.28530294,-1.4666616,-0.0042645335,-0.17063516,-0.34735417
979,0.16058105,0.28508055,0.79281515,-0.14511031,-0.09509364,0.13775644,0.10545826,0.3018643,0.792445,-0.1266318,0.0897122,0.01807201,0.1247319,0.080712646,0.25928873,0.21868348,0.1591751,1.8105098,0.017807007,-0.10057065,-0.21841441,0.28418905,0.08146313,-0.10852599,0.8338678,2.4167194,4.2012835,-0.043590784,0.52426887,-0.119414054,0.45444053,0.8188355,1.637977,0.08111858,0.25220615,-0.26722056
980,-0.034463823,-0.3866538,-0.39292598,-0.14051592,0.09078503,-0.17193368,-0.04354,-0.081986845,-0.41637307,0.10882664,1.1078959,2.3239527,0.11818302,1.5060837,2.325004,-0.32836074,0.06954715,-0.30721915,-0.054187775,-0.25238383,-0.17213117,-0.123544276,0.098371625,-0.3163969,0.030603051,-0.2941989,-0.46765506,-0.020288467,-0.135121,-0.21984008,0.12894428,0.005444944,0.027937144,-0.058410227,-0.05116531,-0.09064007
981,0.3237091,0.47066867,0.21109027,-0.18308435,-0.20499182,0.2365883,0.10180038,0.41051847,0.5133638,-0.26393366,-0.43072337,-0.2691126,-0.77831686,-0.19602555,-0.30423328,-0.11921404,0.41813582,-0.098614156,0.29913482,-0.07741314,-0.25770035,0.27467164,-0.05867949,-0.103844166,-0.10652214,0.037721395,-0.0715369,0.050197948,0.3207847,0.5673628,-0.09637481,0.19904757,-0.20853598,-0.41002756,0.4833089,0.17317808
982,0.3432678,0.08448005,0.08257514,-0.29381585,-0.088603646,-0.10144365,0.26483893,0.013215244,-0.05164206,-0.063260674,-0.2866317,0.0064854026,-0.29161286,-0.20263451,-0.13088334,-0.22568572,-0.1360859,-0.051744938,0.08582735,-0.013289869,0.08837724,-0.17064065,-0.2567235,-0.056829214,0.22472823,0.13985232,-0.03128189,0.088813126,-0.17150569,-0.096998274,-0.034496665,-0.17600214,0.006454766,-0.32479128,-0.055007815,-0.053468943
983,0.30439195,-0.073229134,0.08232403,-0.5327515,-0.13150507,0.0909909,-0.18818116,-0.05722654,-0.19489026,-0.12892544,-0.30153918,-0.0860669,-0.082944095,-0.33798194,0.048235893,-0.0352149,0.024746984,-0.16532218,0.4643932,0.049387187,0.1274342,-0.10835326,-0.12313497,-0.12841505,-0.35234213,-0.14786363,-0.3815549,-0.4753202,0.2693029,0.12541854,-0.08155626,-0.46384597,-0.59933066,0.09441835,-0.002176255,-0.010028005
984,0.0716365,0.34444827,0.6893541,0.13017023,-0.21662728,0.3353973,-0.036744177,0.037014186,0.49662346,-0.101940274,0.13874097,0.6894436,-0.5491061,0.092530996,0.015461624,0.2174825,0.18069053,0.7261759,-0.0638711,-0.34062135,0.15692669,0.15372384,0.026124194,0.041558653,0.33681467,0.53908783,0.69864786,-0.20357792,1.0128189,-0.33336598,0.90803087,1.1067557,0.94097555,0.60248226,0.28705287,0.3623812
985,2.6791027,1.9959736,0.52950555,-0.5074285,-0.6877829,-0.31358957,1.441472,1.98952,1.3984637,-0.19897562,0.71246564,0.12381253,1.3882825,1.4757736,1.0242684,-0.3942725,-0.31194434,-0.07948208,0.22496107,-0.34764278,0.05565554,-0.4256168,-0.5448489,-0.023035586,-0.04262936,-0.39786175,0.32587036,0.41379118,0.50519186,0.08218193,0.07375842,-0.44248948,-0.4664505,0.009428352,-0.016729843,-0.018241048
986,0.025243878,0.15699364,0.10086936,0.113446236,0.06866199,0.3351372,0.019908905,0.117097706,0.43529427,0.11748719,0.41943315,0.32369012,-0.048906326,-0.06732029,-0.30385017,-0.040406168,-0.14543557,0.18471521,-0.1874277,-0.039733022,0.16400445,-0.17313576,-0.09094077,0.24408168,-0.12170547,0.36414772,-0.32403183,0.10502112,0.056255758,-0.002206564,0.09116131,-0.054197848,-0.27946365,0.15954995,-0.11020791,0.46171236
987,-0.27284116,0.025132746,-0.15336788,-0.2897011,0.31684175,0.0996792,0.010102391,0.11616945,-0.25697875,0.18179661,1.9497974,3.2911837,0.11595082,0.3284939,1.2803935,0.10212594,0.36806947,0.17147613,-0.099898815,-0.41335315,-0.5220025,-0.36116594,-0.12211567,-0.26668662,-0.005987525,-0.015203878,-0.41275364,-0.30759686,0.111355156,0.47688097,-0.11479968,-0.2895186,0.09072718,0.38404918,-0.22116269,0.20320207
988,0.989476,0.05882883,0.62233377,-0.009761572,0.48546362,0.03721477,-0.4268012,0.4264368,-0.081144035,-0.029297173,-0.483262,0.30107048,-0.47456682,-0.5584261,-0.5173573,0.38753802,-0.028867397,-0.30624712,-0.29511204,-0.19951697,-0.4628164,0.7267103,0.9192875,-0.03517425,2.536405,0.5013461,0.7320953,0.39539462,-0.04837948,-0.1224097,-0.37159473,0.47335863,0.04255855,-0.72046125,0.37215817,0.177203
989,1.3057868,0.5614104,0.22795242,-0.078285456,-0.12763858,-0.07026029,1.118723,1.1612674,-0.15819257,1.0807334,-0.021353483,-0.022636473,2.0391753,1.0835743,0.109022796,0.08791089,-0.15824458,-0.025183976,-0.017804444,-0.107216835,-0.0151849985,-0.7259653,-0.024828464,0.10235703,-0.113941506,-0.45961905,0.22889471,-0.2624265,0.08667499,-0.13536793,-0.47353938,-0.9144901,0.12323815,0.6596372,0.12249118,0.14874047
990,0.013566911,0.16157657,-0.18785109,0.022080421,1.9546776,1.5340726,-0.07506025,-0.11266537,0.9991311,-0.0010707378,0.5280657,-0.15785895,-0.038977742,0.24884716,0.13143948,-0.37393993,-0.24331982,0.02939266,-0.17002565,-0.039950967,-0.04638946,-0.29880035,0.12849337,0.22889897,-0.1751619,-0.31234664,-0.0220346,0.1214823,0.6116998,0.1545538,-0.30269414,-0.21385582,0.42217425,-0.05226195,0.44162148,0.48324102
991,0.088816166,-0.7868135,-0.39277542,-0.2193715,0.11888403,0.24176681,-0.10374361,-0.14089704,0.41679764,-0.2319389,0.38325274,1.3570225,-0.016741514,0.1978209,0.2675231,-0.010452509,0.042384118,-0.5852275,0.20552635,0.13225318,0.34338808,0.19320893,0.24930602,-0.3023083,-0.23903334,-0.22702074,-0.26018643,0.4912918,0.13796002,-0.018131495,-0.09785414,0.055567205,-0.46421647,-0.09508872,0.36949623,1.2223468
992,0.07117301,-0.042838782,0.31418544,-0.017170906,-0.19688195,-0.2307446,-0.0047547817,0.010219634,-0.72113127,0.22934914,0.27708766,0.1568948,0.104782045,-0.03619337,-0.1768874,0.4199266,0.41254514,1.025252,-0.07290733,0.3864593,0.28323781,0.2108627,0.33730686,0.40453362,0.27175093,0.4464508,0.8795605,0.22641024,0.012731597,0.7237502,0.32681257,0.72306716,1.1338587,0.047498763,0.35612375,0.82152283
993,1.2357824,1.2411432,0.520304,-0.12511814,-0.21210319,0.079876244,-0.18690217,0.054331064,-0.06898528,1.5729891,1.9281384,0.8498642,0.8228619,0.78409183,0.89530385,2.6658797,3.6189897,2.3868768,-0.043675184,0.2546354,0.1670408,2.3488169,2.3689518,2.535127,3.275561,2.7895708,2.8482122,0.18309885,0.0328933,-0.115617156,1.9268423,2.2110004,2.311886,1.2498945,1.8038962,0.30352908
994,-0.40247303,1.3360877,0.44040757,-0.36260659,0.29228467,-0.36065704,-0.5644528,0.025114391,-0.3706095,-0.001892075,-0.26024258,-0.3877768,0.049626946,-0.30934727,0.60823536,-0.21341592,0.38373554,0.042832226,-0.4127906,0.037374496,-0.32660347,0.8210397,0.65230405,0.043815374,1.5567231,1.4041369,0.46745193,0.3271461,0.07060304,0.7661479,0.97842956,0.7697091,1.5133176,-0.14255959,0.16528904,0.15486458
995,0.04536903,-0.2091802,-0.19526196,-0.0017226338,-0.1752587,-0.12015921,-0.66025186,0.048797414,-0.047260523,0.2806152,-0.22327816,0.034947857,0.62471265,0.044168085,-0.1312738,-0.19625038,-0.34691733,0.043903112,0.17259765,0.02148223,-0.020708919,-0.524132,-0.18456373,-0.19041187,0.34076014,-0.22054109,-0.0441432,0.0061229467,0.08254954,0.11878419,0.36084533,0.031465303,0.24072313,-0.19988967,-0.16357648,-0.07493645
996,-0.40482658,-0.5629552,-0.3665368,-0.271864,0.44636092,0.19377755,0.3107334,0.0259161,-0.67401695,-0.29941708,-0.31273356,-0.45274156,-0.20649868,-0.3827483,0.24490468,-0.22099942,0.40116245,-0.4329573,-0.05052769,1.2053055,-0.12407541,0.10020113,0.21626401,-0.22303846,0.19930205,-0.1813677,-0.9016392,-0.1463573,-0.010966897,-0.5066454,0.37172785,-0.28758124,0.07279956,0.48260564,-0.12648928,-0.45614222
997,0.029423177,-0.038039967,0.021407366,-0.070008636,0.013007343,0.04769051,-0.03814757,0.15167242,0.32463825,-0.011626482,-0.025804996,0.09789157,0.02861321,0.051700242,-0.1472128,-0.048356235,-0.06493217,-0.010946631,-0.030749619,0.14858407,0.18931425,-0.026472926,-0.12644482,0.28999844,-0.05165428,-0.15187526,-0.1876356,-0.013186395,-0.038120687,-0.1813618,-0.03295946,-0.16442871,0.01352191,0.010432363,-0.29559466,-0.4370855
998,-0.21327013,-0.3367215,-0.32086143,-0.36636764,-0.050558507,-0.052172005,-0.5267134,-0.33298972,-0.0766958,0.22952312,0.25426322,0.44531894,0.33862853,0.4423922,0.62936974,-0.24457663,0.024709284,-0.30842358,-0.0698092,-0.15136552,0.026091814,-0.1244055,0.07605654,-0.10378736,-0.09563184,-0.57626367,-1.0463688,0.12335208,0.27922362,0.24621809,-0.2188828,0.07051802,-0.13216025,-0.12955251,-0.23784591,0.001774162
999,0.068178706,0.004654318,-0.15099604,-0.3039756,-0.35913178,-0.07398045,0.31116277,0.007129848,-0.23602438,0.49900472,0.13020176,0.1201337,0.55061924,0.57013977,0.15118319,-0.3813579,-0.29602656,0.19357698,-0.3685819,0.035870075,0.015930772,-0.06952229,-0.04848981,0.020408452,-0.04078415,-0.6032773,-0.26320317,-0.014394522,0.2145307,0.00057190657,-0.29683495,0.22165602,0.114920616,-0.25525743,-0.15982723,-0.21339025
1000,0.84597427,0.026029319,-0.015117228,-0.6141772,-0.045028865,-0.12919192,0.37100387,0.10055356,0.30282012,-0.0919323,0.49677396,0.17852077,0.8489896,0.29694682,0.679462,0.81823415,0.23722371,0.060684483,0.10642016,0.028168976,0.07727277,0.055437073,0.0731737,0.17417377,1.3197781,-0.24159306,-0.2332921,-0.7361135,-0.041293204,-0.236236,0.8737877,0.16870898,-0.4356674,-0.17301184,0.25393125,-0.3518067
1001,-0.22236992,-0.49044722,-0.52461606,-0.24625692,-0.74742466,-0.37295637,-0.022649497,-0.49040848,-0.9723596,-0.47596067,-0.123225145,-0.13240802,-0.22545409,-0.8374752,-0.4919279,0.34990448,-0.18372497,0.584139,-0.51342607,0.039070126,0.87552,-0.013297502,0.12111918,0.10525644,-1.1311554,0.11351768,-0.56314737,-0.3465825,-0.005288219,-0.3562075,-0.005906701,0.25207046,-0.80179775,-0.33896676,-1.1669217,-0.084023565
1002,-0.10863227,0.23539627,-0.15600881,-0.006339133,0.45101786,0.7914603,-0.17376369,-1.0820465,-0.23779225,-0.20878533,0.1861527,0.6035132,-0.14863312,-0.21198893,0.24299166,-0.116007954,0.50004697,-0.26680112,0.13666534,-0.18637359,-0.009576201,0.06962764,0.0886984,0.30439624,-0.35709387,0.0342052,-0.46264362,0.30929756,0.15000606,-0.10482842,0.020390987,-0.39766237,-1.0527244,1.0513384,1.4563053,0.64306545
1003,-0.29855466,0.2632565,0.112935424,-0.28776097,-0.6154175,0.032060713,-0.3643603,-0.54797274,-0.25871247,-0.018550515,-0.59432554,-0.282344,-1.0024077,0.034855127,-0.51697576,0.6036307,-0.0769399,-0.049496055,-0.33336484,0.06786728,-0.086293146,0.37009844,-0.49153808,-0.012743913,3.2427235,0.9773227,0.4003498,1.2370692,0.17286055,0.50425667,1.7824478,0.548752,-0.08225706,-0.293634,0.04434114,-0.03246069
1004,1.5697262,0.76824737,0.41522408,-0.21516904,-0.09323034,-0.16906315,1.3456546,0.7629082,0.4813196,-0.33981943,-0.12272608,-0.10189006,1.0563465,0.70709026,-0.14391008,-0.11582285,-0.082084656,-0.11911881,-0.036603212,-0.056996793,0.06748366,-0.5320603,0.06241125,0.0945034,0.31672513,-0.3871434,-0.18252236,-0.3797129,-0.18873599,0.042360336,-0.021315575,-0.48899814,0.264472,0.28020358,0.32635796,0.2801643
1005,0.3355152,0.2226163,0.034548283,0.3086331,0.09255266,-0.0768103,0.20290217,0.048173517,0.10983175,1.1604673,-0.04831016,0.09571171,0.23824406,0.094513275,-0.053801328,0.8826614,0.114918225,0.33981627,-0.14421308,0.023694158,0.13014574,1.239527,0.8190727,0.14994921,3.3793988,1.1692743,0.4526825,0.52932554,-0.03161031,0.09242582,0.70671976,0.35859844,0.5513262,1.327809,0.43572608,0.67451924
1006,0.28831524,-0.050915718,0.07194692,-0.50872254,-0.068128645,-0.061656862,-0.57390046,0.010828257,0.28215903,0.26470733,-0.24244285,-0.016285896,-0.73797166,-0.051918864,-1.0258365,0.16728236,0.025131673,0.005358577,-0.08423829,-0.10897857,0.46371198,-0.14001623,-0.0006777346,0.03102696,-0.4751482,0.036768958,-0.4911843,0.23097456,0.0511346,-0.24926692,0.18001384,0.17312974,0.7555795,-0.010311991,-0.11558944,-0.0948351
1007,-0.15152442,-0.937212,-0.27301028,0.9561492,0.14248598,-0.06719515,0.22805634,-0.61347044,-0.20026447,-0.664787,-0.89907753,-0.16443822,0.23520696,-0.29271898,-0.28989607,0.032324314,-0.18084738,-0.11737293,-0.0581816,0.104899846,-0.48646373,-0.12068987,0.8707043,-0.04184539,-0.30380392,0.40835488,0.5162176,-0.66467667,-0.16765516,-0.01621832,-0.49688175,-0.22113812,0.46008068,-0.060911953,0.41842362,-0.10415453
1008,-0.017011873,-0.030110106,-0.08796025,-0.45916206,-0.49259454,0.077266455,-0.6686683,0.037763685,-0.045019656,2.0750332,0.24014527,-0.20977852,-1.3094009,-0.31386286,-0.06413585,0.73095655,0.52597076,0.09593794,0.35000244,0.10314798,0.30124742,0.80434275,0.21959671,0.34604636,4.824549,0.0015073419,-0.34523737,-0.13834947,-0.28868094,0.010749757,-0.051504567,-0.44757578,-0.35275394,0.09707345,-0.24843208,0.027123094
1009,-0.038680196,0.12936285,0.17818072,0.049915552,-0.1255907,-0.69085896,-0.078893125,0.17942071,-0.34638643,-0.06744599,0.066117935,-0.24256378,-0.0851953,-0.03692417,-0.33566403,0.10980928,-0.11818097,-0.09998047,0.11411786,0.1978246,0.39736903,-0.021042943,-0.14977846,-0.23277593,-0.048330188,0.12234562,-0.20994565,-0.2176485,-0.022953808,-0.24530077,-0.16107005,-0.02083069,0.24624556,0.10783118,0.111534834,-0.13905066
1010,0.09576559,0.22779176,0.30087835,0.21848762,-0.034312606,0.25843626,-0.09358662,0.09091669,-0.030977763,-0.17833096,0.04111111,-0.16234022,-0.14912605,-0.06612876,-0.08680916,0.29016435,0.2662313,0.16772681,-0.19592416,0.36741352,-0.275429,0.18693042,0.040329948,0.5070563,0.7409306,0.5004281,0.47244,0.29851288,0.18754742,0.77569497,0.63434577,0.73730755,0.46456933,0.36367756,0.58232844,0.3228203
1011,0.26083744,-0.34528524,0.06772256,-0.4305415,-0.1424644,-0.3968101,-0.36853182,-0.46296012,-0.2309578,-0.0025170147,0.0047918856,-0.3087294,-0.48776382,-0.48973757,-0.0752027,0.51042557,0.15350445,0.12746057,-0.1937666,0.12869735,0.07117522,0.6015036,0.39271867,-0.16333568,0.9612443,-0.034240313,0.0968072,0.20574856,-0.4361024,0.15426755,0.9305948,1.131537,0.1024009,0.3740874,0.19508685,-0.32456857
1012,0.5628437,1.1683762,0.039549556,-0.5813958,-0.06845844,0.368259,0.18066984,-0.30393094,-0.042908594,-0.7476933,-0.17758697,-0.602367,-0.28460282,-0.51266074,-0.23586491,0.71155024,0.6081695,0.43882287,-0.35482806,-0.43020737,0.13980803,-0.4066071,0.52464604,0.20981771,-0.5689955,-0.10855457,0.7042239,-0.379075,0.69164056,-0.19891769,-0.08049946,-1.0393577,-0.15172213,-0.38178623,-0.9664229,-0.56342024
1013,1.8473771,2.4033558,2.2868798,1.3269881,1.7797846,1.3561561,3.5460708,2.9026892,1.989368,0.49617398,0.0803476,0.41073442,1.0300366,0.13538682,-0.22069328,-0.43069506,0.14415455,-0.41600677,0.3361433,0.09030138,1.2499784,-0.46143353,-0.34047484,0.075019434,0.32559562,-0.06129636,0.23097771,0.5124158,-0.20732617,-0.12575561,0.36079475,0.4505754,-0.27729368,0.48395,-0.36923403,-0.21203844
1014,0.63232625,1.5941606,0.34878325,0.015338868,0.13353974,-0.28785065,-0.34040907,-0.70575494,-0.19534409,0.30131227,0.9035666,0.40741754,-0.025041819,-0.03819917,0.085320115,1.6249632,1.3309234,-0.2941715,0.3432749,0.48013085,-0.120382965,0.8287754,1.9358642,2.0318046,0.5618602,0.013638616,-0.49284655,-0.18152827,-0.2617578,-0.2424106,0.06583512,0.26532358,-1.1197846,0.69828445,1.0618397,-0.019117415
1015,-0.44576424,-0.14976928,-0.08317,-0.31968838,-0.06830317,-0.1024192,-0.019029617,0.32337922,0.07567686,-0.33922547,-0.09016819,-0.02194488,0.041428328,-0.16837105,-0.08694506,0.19383502,-0.31862533,-0.11090785,-0.1315453,-0.1433593,-0.09593457,-0.2683481,-0.33815745,-0.018629551,1.4383365,0.29459497,0.017389476,-0.32757044,-0.4063719,-0.09582496,0.49523592,0.028553933,0.30933464,-0.57066846,-0.10272813,-0.0009998083
1016,0.088863015,-0.31130838,-0.19397438,-0.026580513,-0.08737559,-0.23544234,0.18141097,-0.055049002,-0.06964612,0.09767705,0.08638632,0.19927487,-0.11976087,-0.299185,-0.13385987,0.069977045,0.040605187,0.031108499,0.09966838,0.2664461,-0.34703815,-0.109568655,0.19879466,0.030225575,-0.032510996,-0.073563755,-0.18893683,0.107688606,-0.006458789,-0.32392907,-0.1193856,-0.20699504,-0.13032855,-0.015622556,-0.1381492,0.31466436
1017,0.23988946,0.061754853,0.011575639,0.3178748,-0.081611805,0.47843057,-0.025229096,0.038644314,-0.33566728,-0.08560349,-0.25366125,-0.48437703,-0.94968385,-1.1155176,-0.8659426,-0.27828306,-0.85510886,-0.28323352,-0.2665643,-0.15370762,-0.37514433,1.2462976,-0.3073005,0.02729243,0.47042078,-0.4133336,-0.26451617,0.05339259,-0.35379475,-0.69036585,0.07072699,0.3762647,-0.08265552,-0.28926736,0.681885,0.1494564
1018,0.16304272,-0.11531782,0.35505712,-0.32510197,-0.050052285,-0.18617097,1.19915,0.39802638,0.52583337,0.16798925,-0.050195992,-0.20839089,0.24562818,0.22762191,-0.26537946,-0.12545075,0.01189065,-0.2584084,0.30463922,0.5174684,0.18764761,-0.002519071,-0.09518635,-0.11552549,-0.7682396,-0.0551762,0.8529955,0.0048565865,-0.05661434,-0.39091957,-0.08366096,-0.07671839,0.15596741,0.15698394,0.8014622,-0.11969209
1019,0.0805195,0.2539807,0.42739505,0.03477055,0.025026098,0.0035859346,0.14587718,-0.29327038,0.2269634,-0.06961316,-0.112203926,0.26806474,0.021441996,0.03402978,0.26577485,0.15564167,0.08443108,0.2621578,0.06511831,2.2050538,-0.022692919,0.13161504,0.12210488,0.17866239,0.10241465,-0.15541881,0.19213337,-0.11311197,0.31741822,0.40909296,0.054775774,0.12425536,-0.13132,0.026406765,-1.0154603,0.16800779
1020,-0.20036763,-0.0861755,-0.21533857,0.32948887,0.09322527,-0.712044,-0.032838225,0.06003201,0.05133009,-0.23373711,-0.08140057,-0.3010471,-0.058677554,-0.63333714,-0.7606274,-0.8604711,0.0795449,-0.17379934,0.3262753,-0.2610611,-0.16687846,-0.2052428,0.03934577,-0.00041127205,-0.7083544,-0.8019953,0.07341242,0.83069307,0.7499765,-0.074024916,0.4088863,-0.09436783,0.57606024,0.074744284,0.06401712,0.037550166
1021,0.1010866,0.34116507,-0.23797983,0.34792292,0.12352392,0.06293023,-0.00078703463,-0.2933176,0.04306519,-0.42678893,-0.2295103,0.1088953,-0.032739937,-0.33731338,-0.40705103,0.23649262,0.40419266,0.2503252,0.108865105,0.27291006,0.48670036,0.030800402,-0.37888408,-0.1274251,-0.70998216,-0.1320754,-0.25650692,0.31070006,0.2896303,-0.36820537,0.11150488,-0.109246604,-0.6301296,-0.55443096,-0.20981589,-0.325316
1022,2.4860394,0.29702502,0.05005777,0.025528729,0.08619335,-0.1635043,0.10532752,0.29900855,-0.42264596,1.2418164,-0.1388947,-1.5389274,3.0067997,0.7146507,-0.60742384,0.088263154,0.2059583,-0.40595585,-0.121327594,0.057328254,0.19042036,0.05872601,0.10567831,0.29115435,-0.024894197,-0.8074684,0.029052138,0.09177086,0.16607179,-0.12316936,-0.20255172,-0.17748825,0.07806678,0.95804816,0.037120625,0.7222864
1023,0.17079198,-0.38696492,-0.67072564,0.27871418,-0.07219401,-0.29981363,0.12076777,0.19334882,0.22497226,3.4099116,1.9884652,2.1463215,3.132159,3.873123,3.3465254,-0.2734948,0.07205922,-0.0037946254,-0.0018790141,0.18697776,0.17051017,-0.21136567,-0.16091865,0.18380356,-0.11244655,-0.18104154,-0.50965923,-0.43759286,0.21245342,0.035740554,-0.2805049,0.08984834,0.007424891,-0.18916103,-0.021879852,-0.16424146
1024,-0.43165267,-0.48659796,-0.23676598,-0.21695843,-0.30751437,-0.14739841,0.0483694,-0.5189632,0.4787279,-0.32751858,-0.020759061,0.08255386,-0.14396489,-0.2524587,-0.26086313,-0.07090241,0.16950136,0.13155216,-0.34742987,-0.1507814,-0.047901094,-0.53471416,0.047792286,0.11248648,-1.0186381,0.020343065,-0.007812023,-0.098566726,-0.47539154,-0.46713042,-0.6331849,-0.33817875,-0.35581982,-0.46511772,-0.27240217,-0.06418097
1025,-0.21331239,-0.19002357,-0.15738958,-0.011323988,-0.27990952,-0.086573005,-0.1361801,-0.19750945,0.036439896,0.06360906,-0.13882872,-0.11015695,-0.57062626,0.14369848,-0.3524757,0.12153129,0.07293821,0.6643418,-0.38302785,-0.016061842,0.057362914,0.3245781,-0.22187829,0.8994772,-0.03543991,0.85642666,1.5271659,1.9028499,3.499097,0.791191,-0.023459516,3.807583,1.9153545,0.22236863,0.12858403,0.06768793
1026,3.0104926,2.167497,1.223116,0.10049385,0.0114405155,0.07464583,1.3840599,1.4362463,0.4570359,6.3827243,4.552478,3.017885,5.084243,2.8789673,3.0346048,2.4467025,0.61774373,0.15989448,0.16464391,0.09637421,-0.07318501,1.355614,0.92109287,0.2176232,1.7887241,0.12361732,0.0030030012,-0.11531299,-0.00061172247,0.006670065,0.17947483,0.076361895,-0.20189753,1.8910701,1.4846193,0.560405
1027,0.5901125,0.51834494,0.18990767,0.03219706,-0.004910022,0.61280584,1.2766405,1.1569512,0.90328467,0.016048778,-0.14951745,-0.102302074,-0.32628977,-0.4125899,-0.006109953,2.3657458,2.0441742,0.07396102,0.1382693,0.13300174,-0.10686123,3.2969465,2.1076336,0.86683196,2.590066,1.4364293,0.70060146,-0.080650896,-0.24443084,-0.099451244,0.59504056,1.3856417,0.2510761,1.5690665,0.6690359,-0.097284496
1028,-0.17268555,0.35075969,-0.75040597,-0.2747694,-0.14296234,0.11097325,0.8024358,0.112230755,-0.05951217,0.070666835,1.1006595,0.53366786,1.6883185,0.20773363,1.0374455,-0.40510654,0.0035128593,-0.22424135,-0.2890798,-0.1681841,-0.03336826,-0.19321334,-0.40339583,-0.05021906,0.26593566,-0.55398875,-0.94922245,0.02839446,-0.027701616,0.15397671,-0.4581368,0.5063814,-0.1873547,-0.21043491,0.26353684,-0.114121675
1029,3.0318599,3.51111,3.9957135,0.42099556,0.5075867,0.48722696,4.11378,3.4653978,2.6058464,-0.10633391,-0.027968943,0.29650295,2.9296436,3.135579,1.479588,-0.25949845,-0.14845347,0.091184646,-0.0305745,-0.14470485,-0.2011265,0.036278486,-0.14395964,0.17527276,0.1537602,0.063503355,0.015619159,0.42943078,0.35284853,0.57589465,-0.16721076,-0.23804387,-0.25720593,0.48183757,0.8962372,0.4660489
1030,0.17550118,0.12075403,0.2890037,0.21996857,0.7874633,-0.06404337,0.18295032,-0.34321138,1.3502922,-0.47198138,-0.47488433,-0.17918923,-0.23239845,-0.28947848,-0.10532972,0.18919316,-0.3447881,-0.21962328,-0.060574323,-0.09215428,0.46844995,0.24175352,-0.09726498,-0.6866407,1.2981089,0.84049237,-0.0069357753,0.9676219,0.20325586,-0.23602909,0.180788,0.4845422,-0.42253247,-0.3390116,0.1712384,-0.053585265
1031,-0.03981,0.014260203,0.3344206,-0.056289732,-0.28734124,-0.17991152,-0.69722253,-0.37336496,-0.28865403,-0.56614137,-0.8116963,-0.32590422,-1.1497898,-0.39741248,-0.3775323,1.693823,0.31932163,-0.020149127,-0.009921536,-0.17992252,0.065049976,0.39255953,-0.022367597,0.15829983,0.27469575,-0.3933116,-0.119133145,0.102292895,-0.22027189,-0.061702847,-0.1382844,0.5092354,0.039608955,-0.37840325,0.21490103,-0.43750927
1032,0.35414326,0.22162989,-0.42503396,-0.11075646,0.024069875,-0.07054785,0.26734072,-0.021486938,-0.17487872,0.09776175,0.7986098,0.13884062,0.26789582,0.37553322,0.3599131,-0.121498466,0.21647581,0.046467543,0.11960405,-0.3423869,-0.23839736,0.20901388,0.51754165,0.061088085,-0.26160946,-0.015965939,0.3403297,0.4661472,0.030826509,-0.38004524,-0.041540742,0.20026231,-0.23877323,0.41327292,-0.4455166,0.2604339
1033,-0.16615415,-0.04725036,0.057403415,-0.18739629,-0.0030753016,-0.3872803,-0.017114222,-0.30509442,0.30745643,-0.23203215,0.0045715272,0.1079468,-0.110542834,-0.24775293,-0.80826735,0.3540453,0.030116439,1.9656703,-0.19628827,-0.060015902,-0.056278646,0.014398694,-0.050850183,-0.14626908,-0.04707721,1.1815389,2.747486,-0.13346297,-0.24360707,-0.13929659,0.05550641,0.22384858,1.1215961,0.10250056,-0.2886654,-0.21428809
1034,-0.33145753,-0.2849407,0.33368424,-0.2608848,0.273894,0.119014144,0.31136823,-0.11224777,0.6248991,0.033248067,0.28860688,-0.0016025603,-0.27944237,-0.27057254,-0.5226526,-0.27218783,-0.075036645,-0.45425236,0.35011405,-0.18715107,-0.114174634,-0.17087853,-0.26740083,-0.5590372,-0.34561002,-0.8904076,-0.7235627,-0.115228415,-0.6904621,-0.78337675,-0.9820149,-0.20515162,-0.16755569,-0.17936444,-0.19784826,-0.15672445
1035,-0.79762924,-0.5127315,-0.13480759,-0.34339255,-0.31949705,-0.014314778,0.0254495,0.14697015,-0.034124747,-0.06691316,0.04076904,0.04422289,0.06368485,-0.20444846,-0.32274485,-0.066560626,-0.52362466,0.012546614,-0.3651731,0.0022764504,-0.25861576,-0.17489493,-0.9379715,-0.5618229,0.24068046,0.8016905,0.6725779,0.21658772,-0.13940704,0.49323863,0.24100931,0.7654541,2.2075253,-0.2597209,-0.082752526,-0.15231693
1036,-0.21684203,0.49885774,0.35964614,0.2063675,0.8634084,2.2518866,0.30246317,0.0036674738,0.9392695,0.14980273,0.018498182,1.0855671,-0.14844814,-0.04352902,0.65037054,-0.4089526,0.08266823,0.009423256,-0.15860984,-0.077986926,0.12625873,0.19683594,0.24482712,0.2165227,0.575968,0.24870309,0.2774635,-0.1437476,-0.059009895,-0.43340605,0.4012076,0.34590197,0.031888783,-0.2266689,-0.123348236,-0.19501674
1037,0.73493093,-0.26375884,0.034597784,0.18727781,-0.10119349,0.19469038,0.12099415,0.12013106,-0.15879768,0.04293658,0.6994337,0.20731366,-0.24073693,-0.47448915,0.13990416,0.035732903,0.0664776,0.5611049,0.13972889,0.1265372,0.018670827,-0.178788,-0.04831951,0.055333048,0.5141883,0.738041,0.094120696,-0.3514036,0.20391972,0.15628546,0.5197695,0.43724447,0.101134494,0.22123465,-0.2397193,-0.14315784
1038,0.5299483,0.67273617,0.63850635,-0.12075204,0.63798726,0.5579878,1.9915836,1.361255,1.2320457,-0.08268368,0.23284021,-0.119527936,0.44472605,0.50528735,-0.6885998,-0.5629231,0.34198302,-1.0908052,0.17829746,0.23293854,-0.06796539,-0.060601145,-0.19122928,0.07803005,0.08583963,-0.20840985,-0.06765652,0.5771232,0.64574414,-0.20176625,1.487449,0.2686814,0.06830597,0.075318515,0.3620511,-0.3214601
1039,0.89765346,0.9390707,0.3565203,0.031014323,-0.04507035,0.018745005,0.13578913,-0.2257601,0.0027167797,0.04569546,-0.06547037,0.0022870302,-0.36155164,-0.0403205,-0.2567287,2.4614391,1.4654839,0.8353718,0.07718289,0.42574793,0.33383286,2.000372,1.1091061,0.9921394,2.602465,2.7456267,2.343633,-0.0029500723,-0.048608154,-0.037691116,0.48415443,1.9467925,1.2106061,0.6037624,1.0178598,0.051172793
1040,1.7836299,2.2636547,0.6211565,0.10701473,0.18958026,0.28513402,-0.4655854,0.16762477,0.22125971,0.25833917,2.753287,3.8359354,0.48781002,1.1457403,4.0729876,0.31365466,0.29861885,-0.23184788,-0.047768116,0.2354827,0.029203363,-0.37064207,0.10794693,0.5595992,-0.23117745,0.081477985,-0.32001066,-0.2524523,-0.19953705,-0.068474054,-0.19227597,-0.42530936,-0.7780546,0.30835894,1.56145,-0.070194185
1041,1.1326535,0.07591711,0.025641352,-0.8346577,0.049014717,-0.06330705,-0.11922675,-0.45009896,-0.33775625,-0.13809495,0.0083731115,-0.047080457,-0.12588859,-0.21799535,-0.16979963,2.9089658,-0.43531427,0.6142217,0.0049842596,0.096360914,-0.063069254,-0.3102818,-0.08090972,-0.29839247,4.5619173,-0.15028284,0.20145994,1.6518179,-0.0836776,0.26052874,3.6745696,-0.39688194,0.4518347,1.238431,0.0508177,0.19862166
1042,0.78255785,0.04858172,0.48081136,-0.3630797,-0.29987907,-0.10777235,0.059992254,0.8255602,0.23763824,0.18288776,-0.6652752,-0.09175897,-0.10823549,-0.54536986,-0.2468302,0.7683253,-0.36673847,-0.053592086,0.029864818,0.5697439,-0.2025336,0.6406357,-0.46513113,-0.026928425,0.12539244,-0.5558442,0.26225352,-0.17098887,-0.5271589,0.027737498,0.098912165,-0.16076767,-0.43359253,-0.11685462,-0.3251161,-0.015812874
1043,0.45159894,0.073198766,0.15892255,-0.050575435,0.026574135,-0.18459535,0.93788254,0.66695243,0.056486845,-0.007306397,-0.26665378,-0.005972266,-0.2017647,-0.3210164,-0.056802496,0.20918217,-0.118401766,-0.15795755,-0.14964807,-0.008948088,-0.16864336,0.36842442,-0.009711146,0.11681843,0.5345876,-0.2136903,-0.14106041,0.9272971,0.03202924,0.108100295,1.44142,2.034273,0.83996725,0.0021755993,0.010573804,0.0004914999
1044,-0.64087164,-0.24681522,0.03944695,0.053308606,-0.83727515,-0.093628585,-0.6790641,-0.7196933,-0.067766786,-0.1640332,-0.35957402,-0.006180465,-0.4827701,-0.34845284,0.08207673,0.6866151,-0.41425055,1.1548827,-0.05759543,0.10182667,-0.11232704,-0.12647504,-0.23562169,0.03773582,0.18336588,-0.068690844,-0.11284262,-0.22134909,0.070293784,-0.087705374,-0.62394595,-0.3203823,-0.42045736,-0.467853,-0.036910534,0.5437871
1045,0.22250208,0.12304878,-0.06963578,0.41187823,-0.010863885,-0.20289177,-0.16828503,0.034188822,0.013427496,-0.04071413,-0.15769124,-0.021890253,-0.3749224,0.12591963,0.1862562,3.9318955,0.7000186,2.0040352,0.20505697,0.21265805,0.04989013,4.8757,0.7265824,0.12307924,6.7544813,2.6560948,1.3484755,0.8123288,0.2808216,0.13426575,3.5659473,2.118281,1.2898405,0.13894358,0.0027491748,0.3200757
1046,0.041392267,0.122035444,-0.04337299,-0.18165922,0.058086812,-0.1622228,-0.28751343,-0.21939385,-0.1634648,-0.037335336,0.06790227,-0.36165524,0.01855433,-0.023412377,-0.19606298,0.06427407,-0.33755308,-0.11462331,-0.06676662,-0.17399593,0.00855425,-0.056932062,0.07126403,-0.029036164,-0.3705809,-0.15177712,-0.31189358,0.42586437,1.0714796,2.1370754,-0.06910455,-0.1210978,-0.4227947,0.020794094,-0.3551795,-0.121788025
1047,0.03807205,-0.031365752,-0.11944735,-0.07691914,-0.20267022,0.053491175,-0.19044447,-0.32403994,-0.39529783,0.04781753,0.15048385,-0.121058196,-0.12680793,-0.14324762,-0.07836191,-0.17068797,0.038256377,-0.05097115,-0.005210191,0.07661933,-0.34990656,-0.07240319,-1.5904499,-0.10903934,-0.11394131,-0.1465311,-0.2162444,0.03713566,0.17145681,-0.08613968,0.58750135,0.029136568,-0.76517946,-0.02608347,-0.42718673,0.1423204
1048,0.03444133,-0.06278515,-0.056485176,-0.14934933,-0.24591362,-0.066551216,-0.183117,-0.49569964,-0.11285949,-0.3077145,-0.29818773,-0.47692698,-0.053491086,-0.48853976,-0.49498606,-0.063240975,0.33703846,0.27189517,0.17344552,-0.06742287,-0.2173213,-0.12390983,-0.49879456,0.20403361,-0.40219048,0.02460432,0.058041096,-0.16701204,0.0584296,0.21299261,-0.38234138,-0.26573396,-0.8256378,-0.115335405,-0.56193113,0.030639648
1049,-0.18680716,-0.14826041,0.12842035,0.036601335,-0.110030964,0.07817906,0.15070868,0.23452103,0.09362903,0.5981394,0.04059148,-0.14234322,-0.29908562,0.02167958,0.05332595,2.004283,0.63399607,1.1650305,-0.00095415115,-0.08464074,-0.09804815,3.3612852,1.3073013,0.4023305,4.2300496,3.3663955,1.5632596,1.2806368,0.31415024,0.10815418,3.224914,3.5832582,2.0420492,-0.25028813,0.005366862,-0.08648217
1050,1.6524836,0.47278595,1.2628701,0.051196218,0.57106656,0.7402806,0.14338243,1.1301906,0.70855814,1.2388179,-0.11319685,-0.28960872,1.2104349,0.21993268,0.036332093,0.18423909,-0.10372668,0.18798696,0.326634,0.04775864,0.26560056,0.55822074,0.5848274,0.5684511,0.48239064,0.59605193,0.058433205,0.34885633,-0.4540469,-0.39586818,-0.0749771,-0.6533598,0.287598,1.5989958,1.1818806,0.7840078
1051,0.0324582,0.2384958,-0.25134575,0.06036589,0.23516117,-0.17261979,-0.49241412,-0.8876859,-0.5068442,0.18196028,-0.8840064,-1.3309785,-1.0159075,-0.30440977,-0.2907746,0.03427145,-0.32311502,-0.40392858,-0.36059928,-0.18499792,-0.27510652,0.17574775,-0.054361954,-0.4064033,-0.46805525,-0.17108393,-0.4770363,-0.4585717,0.45083186,-0.24319181,-0.17588288,-0.48290402,-0.5761278,0.089310676,-0.36134923,-0.43704897
1052,-0.118288755,-0.111355156,0.11293897,1.237051,0.10611063,0.2147499,0.9848553,0.8007941,0.045413226,-0.31314167,0.21176781,0.022898912,-0.84514153,0.2887032,-0.24068668,-0.36245447,-0.1785809,-0.047237635,-0.13408202,0.13796003,0.16720606,0.56293064,-0.036597624,-0.03978482,5.029834,2.0266943,0.6964078,0.20051105,-0.080584556,0.22461903,3.0377746,1.2271246,1.0323019,-0.11374423,-0.085226834,-0.13270743
1053,0.6903007,-0.16079909,-0.017660499,-0.46873236,-0.20393227,-0.18870807,-0.14766687,0.35905457,-0.20708665,0.20401722,0.089218825,0.6959327,0.87075675,-0.2117342,0.38222283,-0.14294016,0.06795192,0.4829104,-0.15888047,0.16401441,0.018806487,0.10274884,0.23928708,0.038144767,0.29648423,0.22644277,0.25675505,-0.25143602,-0.47445044,-0.010619059,-0.15816212,-0.35502642,0.2733909,-0.25621217,0.04685449,-0.6321274
1054,3.3623302,1.7711402,0.35311642,2.237549,1.5226163,0.58858573,4.7041616,3.241776,0.948083,0.57235456,0.3812429,0.08921558,1.7607179,0.30272907,0.2523054,0.6087246,0.09875798,-0.12741017,0.18965703,0.039429724,0.04928708,-0.0956233,-0.0668467,-0.0008177459,3.0266151,0.07057661,-0.085945904,-0.08335641,-0.021346658,-0.11174172,1.0925004,0.79004794,0.07400578,1.1906546,0.6397817,-0.089680314
1055,1.1719089,1.5102051,0.054064155,0.6357037,0.7452167,-0.10457369,0.8382853,0.9697858,0.13588125,0.5310859,0.48567778,0.07196343,0.5877389,-0.2088751,-0.18600103,4.291816,1.7336475,0.47615433,-0.13183305,-0.07051587,0.011076331,1.328293,2.8187206,0.25109535,3.3231583,-0.21055979,-0.052244723,0.1409637,-0.23424408,-0.0077360272,-0.25603887,0.15342176,-0.18957151,0.86117655,1.6887273,0.28675556
1056,-0.46659917,0.059010305,-0.23264968,0.18574814,-0.12383117,0.36158657,-0.14156875,-0.041109383,-0.38139617,0.074267864,-0.5507484,-0.06779367,-0.04149437,-0.06895551,0.0050534606,0.09182608,-0.032389343,-0.36603102,0.09923452,-0.17613643,0.27517176,-0.015103638,-0.18070859,-0.20169085,2.0999994,-0.5482975,-0.5846592,0.5141448,-0.3408998,0.19308287,-0.71983445,-0.4830331,-0.9485097,-0.31918925,0.24208388,0.08382264
1057,0.043406457,-0.3355899,0.7750994,-0.51827246,0.0038950741,0.052059323,-0.046079163,-0.28789374,-0.07205558,-0.02260971,-0.41331488,-0.2166431,0.2729612,-0.16761227,-0.41553432,0.039527237,-0.0060950406,-0.44494098,-0.22125453,0.35890272,-0.46216458,-0.46574134,0.15902825,-0.6500578,-0.9297339,-0.2880395,0.11240536,0.18268222,-0.32766625,-0.6622105,-0.17812234,-0.62968004,-0.51218235,-0.45706153,0.2517978,0.14632213
1058,-0.4480213,0.07722649,-0.12721074,-0.09678438,-0.21553838,-0.12840022,-0.8660186,-0.2136718,-0.097646296,-0.46186152,-0.27078757,-0.39526832,-0.26858628,-0.3279965,-0.33232036,0.5488152,-0.021040231,0.2488079,-0.41019547,0.0032167435,-0.12228048,0.48806304,0.192245,-0.051564723,1.8153322,0.97940415,1.0351887,0.8488281,0.96900916,0.83829355,1.7650262,1.2796061,1.827627,-0.18012746,-0.04820645,-0.1305775
1059,0.049096286,0.42532116,0.036583334,0.21932614,0.11680728,1.1300527,0.017677307,0.06189257,-0.12223226,-0.061353803,-0.10231024,-0.041486844,0.04450479,-0.43427616,-0.9795451,0.13650599,-0.48742837,0.19949627,-0.0574961,0.2542122,0.037745297,0.21124429,-0.067099035,-0.3086877,0.3639749,0.47455025,1.1815786,0.59899575,-0.28233603,-0.31643713,0.44341207,0.7992595,1.7834203,0.3949585,0.90206873,0.84306395
1060,0.08211866,0.20326391,0.12167598,0.7355772,0.43819907,1.6700959,0.9840599,0.48004007,0.63482755,-0.110814095,-0.5885031,-0.116811156,-0.88785887,-0.038070917,0.20965332,-0.1817983,-0.13290256,-0.71772176,0.21864736,-0.058864295,-0.104665145,-0.5900003,0.24746677,0.0028381944,4.039687,-0.11429961,0.56459063,-0.39483002,-0.23104133,-0.09621491,2.8308277,1.3662525,1.135155,-0.35577446,0.83053356,0.026515007
1061,-0.008925527,-0.09636679,0.13169447,-0.124878496,-0.40389603,0.0766744,-0.1526658,-0.8263824,-0.32345545,0.048288465,-0.28318894,0.20336856,-0.56615597,0.2405406,-0.08543277,-0.33864105,-0.30450508,0.007506922,0.4295913,-0.054062456,-0.5623685,0.46693656,0.08866111,-0.06973046,-0.7334285,0.1837739,0.06982705,-0.11742948,0.0023140013,-0.00085812807,-0.5415469,-0.20876856,-0.10466945,-0.39141506,-0.2006559,-0.451646
1062,-0.18180464,-0.21398021,-0.20400903,0.023567563,-0.14599854,-0.2019676,0.34180537,-0.34822974,-0.060208797,2.4372218,1.9195728,1.1024423,2.8115637,0.8617171,0.69577706,0.13847072,-0.3806343,-0.0954631,0.099990875,0.26645038,-0.30156595,-0.27029783,0.15216675,0.10747498,-0.30150658,-0.48477972,-0.08520302,-0.23371387,-0.27819407,-0.35364184,-0.5951179,-0.3755923,-0.042355437,0.5314915,-0.15265977,-0.069767
1063,0.26730412,0.44033757,-0.22046688,0.059646517,-0.18216401,0.3806377,-0.06733167,-0.003576398,0.00016409159,0.06406984,0.10399282,0.37228101,-0.1290716,-0.17614438,0.20113653,1.4943845,1.1526875,1.2084047,0.001540333,0.2313442,0.3650468,1.568048,1.3701552,1.9834204,1.6953875,1.9838982,3.6074023,0.003545165,-0.20538512,-0.12413424,0.17173256,0.44255507,0.95557773,0.30409652,1.663857,0.12790734
1064,0.52229214,0.18137842,0.087819576,-0.34833992,-0.2588411,-0.054922342,0.23278046,0.012583803,-0.027530849,0.7469442,0.22237086,0.17734587,0.47209573,-0.019048214,-0.13838184,0.8162997,-0.06743863,-0.0032386184,0.28130364,0.006780803,0.035303235,0.90370315,0.3654687,0.10493952,1.8912412,-0.008310258,-0.11994249,0.1110792,0.08179558,-0.082497716,0.9262594,-0.13225634,-0.10042614,0.51195407,0.11017048,-0.061836958
1065,-0.10832065,-0.18895674,0.11037448,0.24843293,1.304319,0.60260594,1.304027,2.9329119,0.53286445,-0.76285213,-0.5435835,0.5178022,0.09838009,-0.505893,-0.051470056,-0.118451595,-0.37350583,-0.22911876,0.5427626,-0.1646569,0.22965357,-0.44983244,-0.064612806,-0.16537595,0.025550842,-0.35097033,0.031650133,-0.076739214,0.32324663,0.025954723,-0.26995993,-0.8972596,0.39249775,0.2188966,0.78800786,-0.68148744
1066,-0.43540335,-0.16009042,0.055584818,-0.1114403,-0.16620167,-0.03884542,0.29260367,-0.20095012,0.26263714,-0.029400527,-0.36730757,-0.1729157,0.0256235,-0.35402036,0.06329107,-0.17711437,-0.077447206,0.09739554,0.07074513,-0.0943408,-0.11126763,-0.7090023,-0.30143613,0.06380552,-0.34153205,-0.1231305,0.30203205,2.8913836,2.3323421,1.1644406,0.6263945,0.88701427,0.76203537,0.046945065,-0.00509876,0.0169729
1067,-0.114106536,-0.07906866,0.02631998,0.13237572,-0.07171116,-0.3950069,-0.17443585,-0.103263974,-0.18599582,0.15724587,-0.0011836886,0.04698372,0.0643121,-0.2830879,0.33825767,-0.056554347,-0.21035692,-0.46224546,0.22865611,0.046918243,0.06405777,-0.18572646,-0.34622926,0.5242547,-0.38319808,-0.19480461,-0.09366304,1.3738599,1.3420233,0.34979758,0.60271007,-0.2154921,0.011379361,0.12082632,0.25872406,1.0830736
1068,0.16245106,-0.12928134,0.06089294,-0.024754703,-0.17548087,-0.13959926,-0.13408673,-0.7250932,-0.078645825,-0.16578966,-0.26194075,-0.08132541,-0.8095615,-0.15662563,-0.19517836,1.6236677,0.27712125,0.075760186,0.17657411,0.058801237,0.017400593,0.08241615,0.4071318,0.12900156,1.7093735,-0.12835535,-0.2642212,1.0934999,0.118786156,0.22616976,2.7619162,2.3457668,0.8011144,0.31451628,0.34558782,-0.014354885
1069,-0.06734374,-0.13586944,0.019073308,1.253164,0.6104592,0.83510095,1.1950696,0.45145887,0.08989656,-0.18776785,-0.23287573,-0.14948457,-0.7446554,-0.23559093,-0.14200467,0.1571747,-0.21305639,0.07584852,-0.29762626,0.050414443,-0.04885757,0.21630962,-0.3341483,0.0016885102,2.2837489,1.0374229,0.5500913,0.68428224,0.68657017,0.2940962,1.9725095,1.3326242,0.8651371,-0.029121041,0.024206817,0.03186822
1070,-0.16940895,-0.28033283,-0.23299769,1.8424945,0.49827075,0.113283634,1.9023408,0.67820126,0.17982921,-0.05959733,-0.02715519,0.08965272,-0.003499508,0.32003897,-0.5853808,-0.08877927,-0.34026513,-0.35445833,-0.52845275,0.20721626,0.3296969,-0.16807567,0.09085117,-0.3754499,0.52252775,-0.040812373,-0.2513692,0.07600097,0.37030315,-0.19303699,0.9778112,-0.03277582,-0.10925442,0.43177086,0.062009,0.023012966
1071,-0.06072599,0.19668213,0.18227845,0.05032319,-0.08469331,0.056242704,0.690428,0.0091095865,-0.16353732,-0.13196638,-0.094171524,-0.040186882,-0.49944204,-0.12984696,0.039254367,-0.30044353,-0.46627164,0.1804313,-0.055454016,0.174864,0.20023525,-0.10354534,-0.14525943,-0.11411345,2.6681092,1.5512657,0.87853307,0.6290436,0.16520452,0.044496775,3.0938835,2.2283533,1.080714,0.007818237,-0.055353343,-0.11756572
1072,1.7315546,3.185662,0.59260213,-0.68916535,-0.26926786,0.06974462,0.17739572,1.3063117,-0.06949139,-0.2901357,0.0555252,-0.46096078,-0.12879479,0.16345675,0.12512971,0.40745133,0.43707734,-0.18302125,0.10654706,0.5428419,0.60504156,0.10745293,0.24044704,0.36463183,-0.116644785,0.08607039,-0.21821012,-0.105607234,-0.26468223,-0.4008159,-0.17691481,-0.016335368,-0.8524903,0.012864292,0.1713584,0.08013103
1073,0.009846687,0.1386419,-0.02537036,-0.46708828,-0.021330044,-0.27186102,-0.4844681,-0.057884846,-0.023576736,-0.48087615,-0.123358935,-0.073544264,-0.16455793,-0.19103423,-0.10973257,-0.0048547983,-0.083248585,-0.0067231655,0.4176438,-0.17716098,0.07800567,-0.17933881,-0.30379078,-0.17681515,-0.50748897,-0.34599033,-0.33952343,0.07713908,-0.034985185,0.012132287,0.89654136,0.2117786,-0.038951516,-0.06771785,-0.10366237,-0.09727323
1074,-0.24893092,0.21216206,0.3138667,-0.2397215,-0.22565962,-0.018072963,0.08619654,-0.099248946,0.05526316,-0.08709875,-0.10734174,0.04758984,-0.99291533,-0.19433728,-0.12702203,2.4423976,0.9454697,1.5143449,-0.035707057,0.13658196,-0.060653687,2.8111923,1.9708453,0.83115935,2.729537,3.9850142,1.2731278,1.3012785,0.57132614,0.5789363,1.1739025,1.7054815,0.5698181,0.07241059,0.17210716,0.027452767
1075,0.29310453,0.037790954,-0.044210434,0.08068782,-0.1035848,-0.0024974346,-0.2949865,-0.1288009,0.05761969,0.7998512,-0.58160836,-0.08539599,0.10240626,0.17873648,0.097685814,-0.65896404,-0.13835531,-0.014856577,-0.06580651,-0.056576192,0.051276207,-0.13060927,0.5152708,0.085514724,-0.1438849,-0.30524975,-0.008321047,0.4762863,0.6770005,0.1378318,0.9276821,0.6119083,0.23872977,0.8990095,-0.08319348,0.15269434
1076,0.038556695,-0.081757426,-0.51633453,-0.08432013,-0.08949214,-0.0705592,-0.38277695,-0.22970355,-0.54545724,-0.27749997,0.08839834,-0.2795986,-0.16900599,0.11664927,0.11922753,-0.005426109,0.046381276,-0.5171369,0.36409128,0.8086164,0.16675931,0.20222569,-0.20687577,-0.3607026,-0.020239353,-0.3717516,-0.5102969,0.17360532,0.1382775,0.091691956,0.15836692,0.12306428,0.2547183,0.13375223,-0.4957316,-0.65836066
1077,-0.25158465,0.069744736,0.29473662,-0.3058858,-0.05488544,-0.11720872,-0.3217898,-0.14271218,-0.031386077,-0.32761937,-0.89663213,0.21627176,-0.052445948,-0.1394603,0.20014954,0.1829631,0.4703752,0.22780168,-0.10883176,-0.25584775,-0.13873565,-0.28498614,-0.34235498,0.0002193451,-0.42972767,-0.13826564,0.016940475,0.16506624,0.50164425,1.4259195,0.13587183,0.1760754,0.30089223,-0.061136127,-0.21241206,0.051154196
1078,0.0780288,-0.18784948,-0.0779261,0.32024828,0.46256506,0.29059947,0.969691,0.78971887,0.36973298,1.4182962,0.13828203,0.10909778,1.5352285,-0.047754884,-0.42598882,1.6521487,0.061060533,0.6040045,-0.10520619,-0.0005528927,0.12596098,0.9822444,0.2387383,0.18954973,2.4121933,1.6826997,1.2415311,1.632039,0.25224513,0.3577311,3.6377068,3.1947942,2.9277728,0.2725849,-0.03367871,0.31249425
1079,-0.029122353,-0.23626205,-0.14981705,0.11844161,-0.013935566,-0.40644008,-0.18861139,-0.25416893,-0.04956132,-0.18412969,-0.54311514,-0.06379342,-0.42751938,-0.35811675,-0.23642641,1.7698691,1.2942798,1.5000643,0.17639273,0.37969646,-0.2282547,2.5279508,1.4049549,1.5077226,0.014167011,1.8511983,1.3574901,0.42764142,1.0015584,0.4503273,0.21923484,2.8745503,2.7665765,-0.40360832,-0.07171637,-0.12010586
1080,0.777144,0.844599,0.731059,0.77223194,0.34141654,-0.11434007,0.54806364,0.92498106,0.3530963,-0.66586506,-0.8291042,-0.19550556,-0.9151558,-0.17471904,0.1392282,0.3784994,-0.80789727,0.736147,-0.45804697,0.060119808,0.070785165,0.117578804,-0.57357794,0.073519886,-0.3587528,0.37977687,0.28221118,-0.24549747,-0.15620384,0.1955092,-0.19743925,-0.62189007,0.109238625,-0.14229119,-0.45865163,-0.0062779784
1081,-0.3992114,0.048344314,0.45872188,0.23227204,-0.33987725,1.0657295,-0.0056180954,0.12402654,-0.31534135,-0.6687758,-0.17165002,-0.06892294,-0.11916366,-0.07259014,0.09259497,0.61119485,-0.110493034,0.31019166,0.28502592,-0.018123865,-0.46129033,0.5409496,0.0028443523,-0.12948155,-0.32074475,-0.34690136,0.2613904,-0.248141,0.21297942,-0.09097403,0.27220786,-0.26924878,0.028242528,-1.3152834,-0.41923183,-0.0007060319
1082,-0.14884764,-0.61954087,0.45260563,0.023911446,0.12243046,-0.019776944,0.38728204,0.6439581,0.3567836,0.009872407,-0.13679343,0.23001668,0.89996547,0.20792498,0.34971797,0.11327049,0.031111918,-0.2935381,-0.5065051,0.19603205,-0.414624,0.32926565,-0.23107328,-0.4187444,-0.011790633,-0.14802855,-0.75953895,-0.011709489,0.14051297,-0.006656468,-0.08527583,0.25247824,0.04829313,-0.011000991,-0.53724396,0.14056653
1083,1.2685813,0.89029914,0.57782316,0.421754,0.6044955,0.6036359,0.696921,1.1968402,0.2063989,2.4527454,2.7689307,1.9888368,3.2675252,4.53838,3.4138575,0.23485908,0.17129004,0.035101175,0.17067954,-0.27229136,0.19907391,-0.078407764,0.10606921,0.16605741,-0.11006409,-0.21780558,-0.4563139,-0.09634809,-0.10381029,0.116589785,-0.45633584,-0.031009987,-0.03749004,0.5473199,-0.08728204,0.027344108
1084,0.40596882,-0.4940399,-0.26464796,-0.28018948,-0.11317778,-0.101073205,-0.16691637,0.01434198,-0.12967467,1.0870881,0.596563,0.9820757,1.7268075,1.7455298,0.5607555,-0.468274,-0.08599487,-0.35189462,-0.2516284,-0.009295568,0.13913041,-0.0049396753,-0.056272507,-0.05393815,-0.15188274,-0.8939727,-0.45320642,-0.93411833,0.0034981668,0.05253166,-0.17100418,-0.454321,0.017664552,-0.080391765,-0.35142893,-0.069604635
1085,-0.14951795,0.32607228,0.31624103,-0.14397156,0.6609018,0.18806326,0.09144372,-0.86587167,-0.15088399,-0.6226971,-0.04439211,-0.39397278,-0.035866022,-0.85321915,-0.57027376,-0.5631107,-0.36231285,0.064769045,0.13405061,0.008209616,0.32912222,-0.68469995,-0.35774142,0.19930553,-0.56402457,-0.40508455,0.07302868,-0.11588991,0.003948927,-0.2241472,0.4017528,0.33655488,0.027370796,-0.17952597,0.88460875,0.5054329
1086,1.3847828,1.1395713,0.45572773,-0.5509424,-0.17329068,-0.08226162,1.5801718,0.5972831,0.26264945,0.49642006,-0.032717228,0.27946317,1.200386,0.51803124,0.28904137,-0.4046843,-0.5834159,0.1376695,-0.14467224,-0.33324474,0.140513,-0.248954,0.032977253,-0.020873308,0.32091725,-0.063276336,0.061825454,-0.050030857,-0.107230276,-0.21858972,-0.38274872,-0.33225858,-0.3725894,-0.012038052,0.0626843,-0.2545492
1087,-0.2799757,0.15849304,-0.12429464,-0.06730616,-0.18400256,-0.10236937,-0.7788784,0.09674823,0.11641437,-0.21659356,-0.68552107,0.032005608,-0.4622755,-0.11917275,0.0348168,0.05490923,-0.07222605,0.09507626,0.0111444,-0.3340924,-0.08663207,-0.0031893253,-0.14987506,-0.063613534,-0.021365166,0.14779715,-0.119746566,-0.42396212,-0.21276647,-0.0071856976,0.3976133,-0.046632767,-0.37578365,0.062739074,-0.25965238,-0.07700765
1088,-0.61150926,0.5685432,0.250208,-0.042602897,0.026578188,-0.13615692,-0.12322152,0.3954757,0.57611454,-0.09193115,-0.16200007,0.09010837,0.38561428,-0.28325242,-0.28947073,-0.66752124,-0.18745148,0.053142697,0.31798756,0.21025112,0.006168306,-0.18240792,0.039137572,-0.050632924,-0.35008386,-0.5695066,-0.4846139,-0.63693345,0.3069818,-0.19346678,-0.35311222,-0.41757628,-0.6455388,-0.03999996,-0.42330056,-0.4595419
1089,-0.47210145,-0.44175845,-0.2710184,0.17784747,0.0010102391,0.80494374,-0.22602767,-0.026452363,0.48586565,1.4864935,0.7433483,1.0737468,0.655615,0.70757437,0.3357389,0.6694879,-0.0053149164,0.24962288,-0.40044886,-0.033110213,-0.090554476,0.101692736,0.45657882,0.38281196,0.76279366,0.33506215,0.46028656,0.75937414,0.76160264,0.91600454,1.2239344,1.4284065,0.855806,-0.1864867,-0.10019863,-0.03518963
1090,0.070560694,0.095599115,0.051585138,0.21978337,0.03670068,0.28013957,0.2358402,0.23171216,0.18943894,-0.09883499,0.0013128519,0.23210073,0.40611815,-0.1125498,0.20119864,-0.22117162,0.0721976,-0.0883013,0.21565306,-0.20766616,0.0100336075,-0.074760556,-0.047623873,-0.09390247,-0.17695105,-0.04201436,-0.18595243,-0.21888065,0.08872068,-0.056694686,-0.1584754,-0.19061148,-0.20989645,0.12380028,0.18978593,0.13996089
1091,0.9344727,0.38840556,-0.097633585,0.2959225,-0.20585877,0.014276575,0.3423206,0.16231465,0.15618762,-0.031483576,-0.6128497,-0.237322,0.06610137,-0.08692957,-1.2156818,0.5674118,-0.03231758,-0.053433716,-0.3750896,0.46152943,0.1411542,0.21474612,0.87562907,0.17344916,1.1639329,0.6238915,0.9238782,0.4378362,-0.5556519,-0.15398508,0.8446086,0.51908696,1.6974767,0.11259274,-0.33175516,-0.22531402
1092,-0.3629442,0.6388279,0.61148185,-0.33300233,-0.2861449,-0.27497578,-0.5187386,0.3787545,0.62762153,-0.4013703,-0.4172759,-0.22884816,-0.34889188,-0.113496155,-0.33844566,-0.04546541,0.16644326,-0.08226746,-0.11881912,0.14169881,0.23961258,0.0756098,0.13469042,0.02353555,-0.9428594,-0.222396,-0.55891687,-0.10846287,-0.0050562643,-0.0313707,-0.123821616,0.088456534,-0.4845984,-0.38739097,-0.21784681,-0.30043155
1093,-0.0017868876,-0.49305245,0.32325664,0.22245179,0.10504329,-0.11583826,-0.1045953,-0.21645445,-0.09348014,-0.5749982,0.30739844,-0.37484017,-0.30359888,0.23670806,-0.22556822,0.08516031,-0.31909475,-0.396317,-0.1264373,-0.30623627,-0.6810745,0.3629365,-0.16060221,-1.0037519,0.08925444,0.45923698,1.1223303,0.7813284,0.3942032,-0.11316419,1.8511049,0.5138283,1.5980767,-0.1922049,0.021699965,-0.3515486
1094,-0.13894334,-0.14870724,0.15594023,0.7960414,1.8638246,4.511313,-0.04067722,0.1809947,0.68179816,0.26873004,1.2188789,0.073234245,0.60831976,0.82220525,0.112531595,-0.31025556,0.048254073,0.091513425,0.014808476,0.2462534,-0.6339925,0.13403761,0.1296193,0.24685153,-0.05257646,-0.5176527,0.45314574,0.09184301,0.035767257,0.30415052,-0.5207124,-0.08504414,-0.22319634,0.43896613,1.1085705,1.3460137
1095,-0.22733861,0.0717065,0.049660563,-0.23683786,-0.52455616,-0.48472452,-0.10886955,-0.27954072,-0.2590655,-0.5699483,-0.5315339,-0.23683298,-0.41956043,-0.27137822,-0.49153957,-0.06908631,0.4081733,0.04888451,-0.27651763,0.11169395,-0.014773369,0.023263544,-0.22007771,-0.28345782,-0.15601748,0.2837608,0.2752379,0.4933197,-0.08914204,0.16036004,0.41932726,0.34166992,0.57627666,0.06701633,-0.38065338,-0.117700934
1096,0.6420619,0.38319835,0.27112105,0.21656358,0.25719145,0.19232988,1.0500708,1.1421269,0.2945512,2.4732516,2.7746973,1.9543024,3.7125306,2.788622,3.1761475,-0.18763423,-0.101658076,0.111617506,0.0102025755,-0.14798588,0.08836311,0.14727724,0.27191573,-0.013204247,0.19522393,-0.6356712,-0.24650642,-0.31156144,0.098588794,-0.08056456,-0.60686135,-0.13009953,-0.25533712,0.12307574,0.07027833,-0.048846066
1097,0.45400923,-0.19728422,0.42590204,-0.062113225,0.77388483,2.943437,0.95076203,-0.3257512,0.7657015,-0.19335678,0.32485035,-0.23076487,-0.23683673,-0.08036378,-0.3202998,0.23255406,0.085828155,0.15430027,-0.24223125,-0.36938536,-1.122457,0.1395449,-0.41603968,0.12167461,-0.21150813,-0.22561103,0.44733703,0.32387152,-0.06660557,0.009849489,0.25696802,0.34941822,-0.1851722,0.31262398,0.65008926,1.2322797
1098,-0.10528183,-0.008765146,0.19612432,-0.19626749,-0.22092372,0.1813392,0.18561685,0.36700168,0.2235071,-0.24614596,-0.32375878,0.040335596,-0.1451248,-0.42502096,-0.22801232,0.0074822903,0.19690078,-0.131675,-0.27940142,0.25334686,0.073756695,-0.4255278,-0.21346703,-0.050626516,0.17833197,-0.2600792,0.17469537,0.46525306,-0.07920635,-0.2399475,0.036716938,-0.030418873,0.019531608,-0.40089548,-0.026023358,0.0004121065
1099,-0.1295358,0.08459833,-0.21098477,-0.49460077,-0.32057676,0.27642286,-0.07554358,-0.17907034,0.17337018,0.70532066,-0.082729794,-0.19929343,-0.40199804,-0.06305676,-0.09302786,-0.42849082,-0.2955255,-0.09487367,0.43421018,0.055961877,0.15290117,-0.4815317,-0.2070247,-0.23996437,-0.4003471,-0.5093728,-0.19024545,-0.34550905,-0.11849571,0.13572091,0.019952416,0.057956815,0.3107674,-0.34213257,-0.19107473,0.17587453
1100,-0.07392034,-0.40158978,-0.004905522,1.0211915,0.40568605,0.18613005,0.9417598,0.33881378,0.020825684,0.13558608,-0.08603853,-0.046969056,0.4883138,0.13574755,0.066973925,-0.54610187,-0.29209328,-0.22562003,0.08598673,0.04601562,-0.039324462,-0.21836212,0.102614164,-0.13648319,0.6528112,-0.16366369,-0.14559394,-0.22815901,-0.24604297,-0.17567784,-0.36823404,-0.24501856,0.32892013,0.09801134,-0.19676737,-0.01018101
1101,0.46744296,-0.3164416,0.072166204,-0.21153687,0.16640837,-0.040851712,0.11674509,-0.32893926,-0.17746475,-0.95260173,-0.39071295,-0.8940138,-0.26112998,-0.23710907,-0.64263743,-0.44382542,0.22248697,-0.13006096,0.43658376,0.60974085,-0.46527183,-0.46631277,-0.048463702,-0.29699585,-0.5662928,-0.21989703,-0.4250008,-0.37199703,0.017189391,0.82307076,-0.63508534,-0.50278115,-0.57382816,0.043253124,-0.35626972,0.44046694
1102,0.3221708,0.086497635,0.03491253,0.7083958,0.47841775,0.22480777,0.25318998,-0.22391903,0.4960169,0.23982698,-0.024527699,-0.22047502,0.18515015,0.08245838,0.027485847,0.20700493,-0.049754478,0.078684926,-0.49783117,-0.19310382,0.63662344,0.07037419,0.2489205,-0.010703266,0.5836046,-0.106666505,0.14400381,0.27401948,0.10534394,0.04804963,-0.23655784,-0.18892562,0.024124205,0.8510467,0.30020228,0.20701516
1103,0.27027074,0.31682742,0.09678984,0.5092236,0.47365367,0.3926233,0.3759488,0.4284549,0.79584503,-0.3352546,-0.020315796,-0.23492813,0.23982233,-0.08019844,-0.5313264,0.13776582,0.49513644,0.47619727,0.61071515,0.12991473,0.093966424,-0.29545268,0.25455764,0.015635952,-0.19631636,-0.022505939,0.058012933,0.16177565,-0.05189097,-0.12417379,-0.08404076,0.08553606,-0.2652638,-0.26540062,-0.2543552,-0.2183485
1104,-0.47701824,-0.16206694,0.08182895,-0.07607317,0.118606895,0.029678464,-0.124713,-0.41769576,-0.0008187294,0.90261763,0.5743077,1.2137277,2.143165,3.0351477,3.1847146,-0.16581061,0.07527932,-0.11550078,0.14466721,0.2121503,-0.21749437,0.46302482,0.17644672,0.024148002,-0.6872252,-0.35347703,-0.3575828,0.15110627,0.28877345,-0.056512,-0.36999914,-0.74068904,-0.22241375,-0.0019264594,-0.39088008,0.4644156
1105,1.7906809,2.0847163,1.2976066,0.1523748,0.11360437,-0.35819256,0.8970909,1.050436,0.75216186,0.23361325,0.094483554,-0.39267653,1.257287,1.1859443,0.4847371,0.45740417,0.24911395,0.40663663,0.22399604,-0.117017746,-0.20740008,0.7085482,0.2186216,0.09290233,-0.011635184,0.2742051,0.6608318,0.71287835,-0.35911053,1.1186557,0.30609256,0.5675211,0.25463313,0.18150002,-0.4439935,0.46607107
1106,-0.4529876,0.113609254,-0.26885664,-0.15451777,0.07096535,-0.4721124,-0.18594065,-0.34523702,0.26545668,-0.4584727,0.2100741,0.02946794,-0.0958783,-0.8894498,0.27030915,-0.52513623,-0.13389629,0.021030664,0.32982713,-0.5896712,-0.09811115,-0.34323132,-0.35328686,-0.3151482,0.029848829,-0.16358116,-0.04824916,0.5952182,0.35240966,0.11130595,0.1992467,-0.51793015,0.04957074,-0.18280905,-0.13170853,0.14967775
1107,0.17737523,0.18287483,-0.38983637,0.889144,1.1049739,3.3601918,-0.045664907,0.2424165,0.7207951,0.17046249,-0.816527,-0.49999654,-0.34118837,-0.31722215,-0.28633845,0.17808616,-0.21385813,0.9250506,0.16664676,-0.24779958,-0.7189139,-0.14949158,0.35530913,-0.28957283,-0.11819315,-0.018556148,-0.28687203,-0.0022304654,0.6027898,-0.24961662,-0.12467558,-0.10467544,-0.039135933,0.49081612,0.4812146,0.8017782
1108,-0.055693448,0.0687395,-0.0418666,-0.20144486,-0.16694446,-0.035680205,0.37419078,0.017552137,0.05272603,-0.1356805,-0.010794252,0.14836478,0.18598902,0.011147037,-0.14634109,-0.09033626,0.082194954,-0.1708448,0.17912713,-0.252721,0.09969841,-0.037419677,0.013931036,-0.1419869,0.19888699,-0.24914522,-0.39299202,1.1552817,0.7225461,1.1550612,-0.002968073,0.32544392,0.385221,0.106202245,-0.1718632,0.47775888
1109,-0.13763255,-0.1308024,-0.42532274,0.20446295,0.013346553,-0.25869846,-0.8392199,-0.0026588142,-0.9137022,-0.46900094,0.25098455,-0.24417798,-0.038562775,-0.5358121,-0.19922686,0.26441568,0.29004145,3.437665,-0.4992754,-0.483865,0.09404538,0.1563407,-0.11875382,0.91845876,0.11557382,-0.06492688,0.5536553,0.02717635,0.46763933,0.50027454,-0.18656537,1.4614922,3.4962,-0.2704969,0.3538606,-0.66183674
1110,-0.029758453,-0.15161926,-0.16602254,-0.79572463,-0.63502663,0.0191575,-0.51207584,0.056444764,0.20415378,-0.9198416,-0.6031365,-0.24854618,-0.9086834,-0.20800643,-0.13320246,-0.45549583,-0.20825991,0.28966555,0.65645003,0.3471972,-0.3665215,0.08833861,0.020535514,0.64516765,0.17825842,0.3855573,0.09528427,0.101080075,0.03216076,-0.46339554,0.10597336,0.13123442,-0.15094563,-0.32476425,-0.54149806,-0.21338484
1111,0.97337687,0.6362818,0.15861666,0.016455501,0.1536718,0.16724066,0.03206265,0.010213852,0.5816244,-0.22867128,-0.12381828,0.009438992,-0.32243156,-0.33978823,-0.17123947,1.2777624,0.183521,2.1973188,0.18277353,0.09385556,0.88256073,1.5613291,1.2358599,0.91786397,1.1609927,0.06204462,0.9437431,0.72178817,0.39524686,-0.7746339,0.3479965,0.8950664,1.1820655,0.5022763,-0.24650867,-0.8594159
1112,-0.25718355,0.23878926,0.05962366,-0.6354906,-0.35178155,-0.01272374,0.02419269,0.16450942,-0.08187872,-0.46326235,-0.1576637,-0.01498276,-0.32907236,-0.61546284,-0.1869973,0.38972867,-0.09675489,-0.28605047,-0.5103059,0.16629708,-0.017597139,-0.7305447,0.40465522,0.24945825,0.3738647,-0.39124328,-0.45142156,-0.25450826,-0.53522694,-0.035054445,-0.8028914,0.2477684,0.0024460554,-0.05332081,-0.6100695,0.010738164
1113,1.2480316,0.8366312,0.77478147,0.20715508,0.6926409,0.3142078,1.3593553,1.2234476,0.8284713,0.93567896,-0.15658957,0.038042307,0.9899484,0.38857943,0.25335243,0.33830404,-0.027715802,-0.00866127,0.78491217,0.053670704,0.2970759,-0.14801699,0.40114546,0.10585946,-0.027620792,-0.052809,-0.114168525,-0.22745824,0.023050189,-0.3080426,-0.5996366,-0.21259648,-0.015621275,0.7239483,0.814501,0.38992882
1114,0.050155163,0.1395522,-0.0180341,-0.1839168,-0.16478057,0.058580637,-0.31754315,0.30378217,0.18857801,-0.101792455,-0.19661194,0.16611052,-0.14109278,-0.33750916,-0.04061389,0.055055976,-0.20397577,-0.09221256,0.50061584,0.11459583,0.07560253,-0.0584749,-0.33609152,-0.056779146,-0.051442802,-0.103868805,-0.071986616,0.063129306,-0.036598444,-0.21354687,0.48385864,-0.13992238,0.2273454,-0.47871786,0.10440493,-0.08022094
1115,-0.10341203,-0.19272876,-0.13666725,-0.101688445,0.024626851,0.15966651,0.018785534,-0.3531754,-0.013045907,-0.35272157,-0.2678827,-0.14534843,-0.46007827,-0.13768232,-0.066863716,0.17655006,0.028437674,-0.07212782,0.050081953,-0.3671955,-0.09100157,-0.34664753,-0.5126795,-0.3646623,-0.36028826,-0.17377311,-0.073051244,-0.1919401,0.14569402,-0.22331339,-0.07910365,-0.37929416,-0.6758226,-0.19356403,-0.18188697,-0.0022405386
1116,0.6110394,0.537612,0.17083937,0.112390116,0.0037977477,0.030815959,0.21069926,0.22060513,0.047124863,-0.2971065,-0.3931499,-0.027924538,0.14892411,-0.1454311,-0.106372476,0.9234977,0.37929085,0.07415128,0.6503078,-0.12358469,0.022310868,0.080179065,0.24371834,0.34867603,0.03400874,0.20694828,0.38116342,0.86034846,0.3758833,0.20183986,0.22071886,0.7901129,0.06306422,0.68725634,0.300457,0.1300872
1117,1.7582569,1.4110813,0.7779604,-0.1435926,0.15615484,-0.3817134,0.110980034,1.2083048,1.4965055,-0.6138054,0.42102206,0.44039094,-0.039103866,-0.36477584,-0.050157666,0.15623087,0.019432098,0.05913627,0.17860925,0.001875937,0.6431499,0.71621984,0.15116203,0.6141916,-0.08820093,0.09529813,0.34078056,0.014832258,0.0040343963,0.09546816,0.032445908,-0.4178338,0.28596106,0.5192314,1.0882543,0.49391943
1118,-0.30575037,-0.31541926,0.025206149,-0.115917414,-0.1641252,-0.010858953,-0.3991313,0.05209538,0.042312384,-0.27582029,-0.09538574,-0.25169927,-0.052122474,-0.8075086,-0.068166554,0.39748582,0.15249899,-0.29236734,-1.5355195,-0.09677708,-0.33366436,-0.09380388,0.029442191,-0.07199764,-1.2581308,0.22449766,-0.1435191,-0.13555185,0.10118274,0.08311987,-0.24550319,-0.26270553,-0.13900167,-0.08885786,-0.1230486,-0.16541916
1119,0.09308941,0.34160817,0.17716992,2.8210692,0.15611683,-0.095843494,-0.111501455,-0.027202398,0.09024078,0.3189238,-0.16223592,-0.16790402,-0.13464224,-0.59518033,-0.5190228,0.24296455,-0.36860007,-0.020593524,0.16039956,0.06177312,-0.11457032,1.7344433,-0.04566908,-0.17540105,0.4829264,0.40005252,0.36851162,0.4353785,0.2213077,0.083296716,0.16939253,0.9955425,0.040276766,1.2938827,1.4979498,0.20414019
1120,0.054240704,0.05409366,0.023374438,0.4886816,0.16568378,-0.049304545,-0.42498904,-0.08702946,0.005958557,-0.02854456,-0.106205046,-0.15070319,0.31247854,-0.2924528,-0.36059946,0.14497778,-0.0036019087,0.19835061,0.18471098,-0.15546769,-0.1275357,0.2110678,0.07527119,0.24311757,0.36128187,-0.034103155,-0.009092271,0.49462932,0.13717547,-0.07707298,0.35244703,0.38052475,0.0012682676,0.3439911,1.2158632,-0.15961128
1121,0.19285712,-0.14043337,-0.20248383,-0.10050273,-0.19804938,-0.22532123,0.16300446,0.13054013,-0.025090694,0.38764465,1.1713843,1.1456785,0.24509096,0.027256846,1.0727394,0.13774693,-0.6431544,-0.3810982,-0.14367503,0.5237729,0.034676313,0.1406582,0.055016875,-0.51901543,-0.12912369,-0.62045693,-0.5684649,0.076135844,-0.26971883,-0.20578682,0.08956128,-0.25928813,0.46600217,0.016704232,-0.061504886,-0.06272
1122,-0.42732736,-0.5018735,-0.22433668,-0.14291352,0.0058749914,0.19912338,-0.029165745,0.1492669,-0.00016897917,-0.11691737,0.5245678,-0.15157312,-0.09727508,0.15908131,1.0216676,-0.107727945,0.11570901,-0.21892405,-0.22969657,-0.143866,-0.11578435,0.00031638145,0.047290564,-0.018063188,-0.02931732,0.007232964,-0.27274346,0.028301775,0.07488963,0.0055574775,0.22662067,-0.1524803,-0.21654677,0.18717313,-0.12372208,-0.40847683
1123,-0.15617079,0.6213333,0.024425745,-0.015404105,-0.19369936,-0.0713089,-0.27279425,-0.08694869,0.2343081,-0.21798737,-0.025151491,-0.05516994,-0.4164884,-0.31202108,-0.102489114,0.5737972,0.64744437,0.84198374,0.3784393,-0.080722004,0.2206077,0.22755256,0.3213357,0.14458925,0.9953122,1.0939269,1.1493876,0.31607828,0.10999574,0.30033755,1.0205302,0.5251192,1.3568337,0.15903562,0.8975583,-0.07262653
1124,0.13093984,-0.26661623,-0.19510984,0.13220602,0.20312503,0.1385234,-0.48329753,0.23574749,-0.1697728,0.09969908,0.9993792,1.6029737,-0.17779279,0.73339146,1.3675556,-0.1625166,0.48862898,0.026919663,0.4267357,-0.26939118,0.92600226,-0.18496788,0.15894832,-0.060124815,-0.32354927,-0.69438577,-0.3856373,0.09559734,-0.2538939,-0.29385957,-0.23063856,-0.049161926,0.141738,0.12924999,0.76272464,0.20298964
1125,-0.13150835,0.05349143,0.024290621,0.087469816,0.007857084,0.09153962,0.11961764,-0.1588014,-0.06875479,0.14178091,0.6700573,0.19257554,0.09709644,0.05582127,0.33829537,-0.033077717,0.07872005,-0.23871005,0.059604406,-0.14727882,-0.095920324,0.04396552,0.029181778,0.20578822,-0.10482025,0.0075303614,-0.18672258,0.02678889,0.16351613,-0.22514302,-0.058303833,0.059310555,-0.5387714,0.1719544,0.17712754,-0.15610313
1126,-0.25292328,-0.01460278,-0.09070969,-0.40742013,-0.5244665,0.35055327,0.33936554,-0.58614814,0.33712327,0.13534172,0.36383343,-0.30560732,-0.06174979,0.40651494,-0.3467726,-0.5195221,0.2028699,0.04813063,0.35183376,0.13045393,0.026958138,-0.32113057,-0.14051223,-0.2759168,-0.096779585,-0.06982589,-0.5139239,-0.11435391,-0.4615541,-0.8877832,-0.5807634,-0.14349952,0.5829316,0.7198201,0.032278836,0.031110317
1127,2.5042026,1.3378338,1.6373343,0.23331761,0.17180824,-0.036878467,1.4864669,1.9557161,1.6383736,0.03404522,-0.2556523,-0.033171564,1.4462607,0.6523225,0.011608511,0.48871005,0.070331216,-0.12313075,0.9508705,0.00087702274,0.3614173,-0.48086128,0.14174932,0.15819424,0.10484037,0.026233971,-0.103039086,-0.26280856,0.17931402,-0.019165277,-0.020400345,-0.008753836,-0.3186264,0.3293981,0.024666399,0.17375731
1128,-0.36241847,-0.17714405,-0.076838195,-0.6609979,-0.70784134,-0.46740833,0.2187002,0.4799134,-0.58206826,0.1990026,0.7209221,0.33926058,0.62073016,0.65061504,0.1029405,0.2207537,0.36208725,0.26545686,-0.21750173,-0.17549254,0.37336034,-0.22290857,0.25702882,-0.09331524,0.7753308,-0.25450265,-0.058818847,0.08218014,-0.76307285,0.19422817,0.21504259,0.25048718,0.4060076,-0.22025812,-0.36414862,-0.049637437
1129,-0.2703937,-0.28167617,-0.81832373,-0.047142208,-0.9583291,-0.040033102,-0.11980176,0.07088184,-0.17105606,0.4576702,0.31320417,0.8017514,0.118953325,0.4705522,-0.305803,-0.6322788,-0.14655423,0.2715128,0.4868915,0.2780401,-0.094836,0.15989238,0.4636207,-0.30011833,0.5642521,-0.38020074,0.1988025,-0.2648074,-0.9008237,-0.10937457,-0.18058005,1.0891267,-0.08111572,-0.021083117,0.49350125,-0.21523969
1130,0.9029677,-0.1540252,0.20603168,-0.21351752,-0.23723102,-0.23412532,0.31938493,-0.21069819,0.11153895,1.9619921,0.43114364,0.61687875,3.3204575,0.3243432,0.19656909,0.3402837,-0.20910881,0.85240555,-0.14123175,0.1355927,0.42828962,0.40734017,0.4080655,0.45687246,1.232033,0.21171714,0.53850216,-0.58209443,0.1603328,-0.40347397,-0.4523642,0.14993575,0.6532471,0.2738698,0.0020017624,0.19192904
1131,-0.18328044,-0.22105527,0.013769783,-0.03938836,0.33668613,0.31804985,0.022893965,-0.73257816,-0.3428588,-0.38460565,-0.777203,-0.52678007,0.0031623244,-0.7133349,-0.11500502,-0.3799136,0.040082097,0.3679154,0.23287058,-0.163638,-0.2953182,0.25034153,0.65972495,0.018022716,-0.13322656,0.31026793,0.5945958,-0.24874368,-0.04362732,-0.73717415,0.05519259,0.066972375,-0.20850915,-0.5097413,0.09082237,0.41722322
1132,3.8745105,3.997218,1.1815798,-0.9284682,0.021532118,-0.099861145,2.474996,2.4012728,0.9677838,0.31722572,0.42927527,0.56445765,2.870979,0.7412023,0.811201,-0.004416704,0.02409494,-0.25173596,0.20236748,0.04176368,-0.20855236,0.019352078,0.48780894,-0.2474904,-0.16006482,-0.8268429,-0.36114204,0.028533101,0.4690839,-0.76734465,-0.4472549,-0.4667866,0.30869767,0.8120611,0.4609672,0.034921736
1133,0.4118232,0.14889064,0.5225526,0.039432883,0.06755316,0.07694447,0.2762845,0.67045766,1.0681401,-0.009998798,0.0033243,-0.25234732,0.0044758916,0.25898716,0.73080426,0.28801066,0.038540035,1.4326675,0.1201874,0.28330773,0.102906555,-0.24374075,-0.2701941,-0.12964915,1.4557385,0.53447664,0.34178108,0.055660516,-0.38820177,0.41887975,-0.04271722,0.29084694,0.039188713,0.043731153,0.28977168,-0.055981398
1134,-0.37745196,0.090859145,0.021453097,2.6197836,2.1544018,1.327582,2.0919857,2.1538243,0.5327335,-1.1975259,-0.83072513,-0.08055931,-0.16594762,-0.2597522,-0.22048798,-0.51640093,-0.66443324,-0.34069923,-0.4804044,-0.06587678,-0.5555509,-0.30624524,-0.07835531,0.115730405,0.23901176,-0.23901558,-0.1850191,0.32582355,0.27987927,0.5763922,-0.15460277,-0.5726992,0.14054126,-0.233379,-0.17570643,0.083741546
1135,-0.12021005,-0.3016349,-0.08591139,0.8235281,0.39238504,0.42422554,0.16410303,-0.3007331,-0.17001617,-0.08480519,-0.72119385,-0.29002297,-0.16843039,-0.8026426,-0.6505724,0.17846984,0.1279349,-0.17765915,-0.0064005256,-0.21865165,-0.20566043,0.011925459,0.26439476,0.041300863,0.4348544,-0.08609295,0.23091441,-0.18715517,0.056980386,0.0030151308,-0.16445184,0.17266512,-0.07468869,0.46624577,0.43268833,0.29742324
1136,0.16219762,0.25050968,0.6075183,-0.05120313,-0.051694125,-0.030082345,0.19628027,0.030796349,0.60508513,-0.22649078,0.03231466,-0.9568557,-0.009671181,-0.24786119,-0.09323478,0.12683377,-0.11261293,0.6814436,-0.10961489,0.04577115,-0.04222226,0.08496243,0.028498515,0.041915894,0.35997438,-0.020315468,-0.1752981,0.19021052,0.060348988,0.8782017,0.2556686,0.31175005,0.39701527,0.12223196,-0.016086183,1.2897153
1137,-0.18253207,0.10340711,0.18263184,-0.0131518245,-0.31491113,-0.19037265,-0.7837108,-0.30895156,-0.12960252,-0.961691,-0.09910573,-0.47619796,-0.062536836,-0.23840778,-0.543138,1.143266,0.05604005,0.33912092,-0.0045832396,0.036211073,-0.40274346,0.29905447,0.5291457,-0.1216774,0.6923138,1.5374198,0.764462,-0.3679163,-0.16925411,-0.08042362,0.14270091,0.33230582,0.31836295,-0.36274365,-0.12305844,-0.055348456
1138,0.4652313,0.23147735,0.9832661,0.17499721,0.33800036,-0.44784474,-0.18993342,-0.534981,0.24874604,-0.40226302,0.04174187,0.7533182,0.05685842,-0.21219577,-0.38263363,0.35741913,0.43157986,0.32216287,-0.23300552,0.45912248,0.67542785,0.50126284,0.10265204,0.61588776,0.04319632,-0.24784696,0.86944604,0.37859237,0.886209,0.1340872,0.8750727,0.07273987,0.35779476,-0.08818105,0.27536803,1.2351373
1139,-0.103293896,-0.041094422,-0.6467455,-0.12627578,0.1309059,0.9791192,0.041680694,0.10382712,0.20837271,0.10775441,0.033461362,0.11427975,0.07542783,-0.15092596,-0.21029508,0.11464661,-0.014626861,-0.36087382,0.062231958,-0.1280779,-0.29741323,0.00309515,-0.061519086,-0.0027609468,-0.2672419,-0.17303553,-0.04997337,-0.21819723,-0.045736372,-0.09650743,0.050268292,-0.019095719,0.24546361,0.13272238,-0.10247404,0.036758065
1140,-0.46535343,-0.20481282,-0.09488374,-0.19219398,-0.13520724,-0.03756064,-0.19001457,-0.18542165,0.4130682,-0.48968446,0.22925758,-0.28877223,-0.19978583,-0.51077896,-0.17817867,0.5693497,-0.55860865,0.92594206,-0.4083628,0.0021133423,0.07528305,0.3902387,0.08794427,-0.25710815,0.91387486,0.22577603,0.18637337,0.027310431,-0.504917,-0.45452124,0.2890582,1.0557777,0.6987639,-0.2768308,0.29195523,-0.46044645
1141,0.01785019,0.12083107,0.25506255,-0.48171377,0.42300123,0.2180193,-0.31218415,-0.7484334,-0.55518365,1.6873744,0.8408335,0.36469698,2.6024232,1.3219569,1.0224656,-0.17651004,0.18426764,-0.2472189,0.14630455,-0.017300844,0.23034951,0.344747,-0.20278,0.65774834,-0.53795266,-0.8067303,-0.28518236,-0.6074884,-0.4567114,-0.08730662,-0.58822453,-0.3263609,-1.1237502,0.35309556,0.6041036,0.41313338
1142,0.45211434,-0.13478902,0.27504477,-0.3736936,-0.16258627,-0.24563444,0.1460883,0.28313184,0.14185461,-0.7773129,-0.15392369,-0.2523693,-0.6810635,-0.47637343,-0.6838825,-0.044298664,-0.14536282,0.82499963,-0.15483302,0.43124545,0.10117319,0.14048415,-0.4010058,0.2213859,0.15749261,0.07352627,-0.21050036,-0.38322812,-0.27747875,0.2252166,-0.30559927,-0.3490964,0.2254833,-0.2343283,-0.40819436,0.47303504
1143,0.06662327,0.092855915,-0.109185696,-0.19132125,0.13005754,0.08766627,0.056809545,-0.06569451,-0.21392858,0.05084324,0.25126976,-0.30431524,0.04778278,0.01880002,0.102192104,-0.14379281,0.17671314,-0.16298118,-0.004947424,-0.21156752,-0.27209508,-0.058072805,0.13513538,-0.021885276,-0.09338772,-0.019792318,-0.22329926,0.0071632266,0.34583676,0.21981382,-0.086851895,0.033842325,-0.5659509,0.03565669,-0.34364158,0.4829634
1144,0.5085692,0.75113595,0.1526626,-0.06149465,0.48371843,1.1486119,-0.11824843,0.041437745,1.3499199,-0.30448854,-0.6754141,-0.22075196,-0.056019664,0.003186226,-1.1176217,0.093624786,0.22295481,1.8773307,-0.16974856,0.15252818,0.21763715,-0.3345312,-0.3496563,-0.20017102,0.18405008,0.13387102,0.25167352,-0.053921282,-3.8070066,0.38018966,0.012835384,0.6027269,0.26211733,0.065321445,-0.40957773,0.13554093
1145,0.076972306,0.068580866,-0.30114925,0.040608376,0.2685433,0.29814363,-0.3066116,-0.23605937,0.11658175,-0.08507259,-0.074650764,-0.13114846,-0.29485524,0.3113116,-0.21911088,0.5792413,0.11273426,0.12085937,0.10819167,0.25445098,-0.002299428,0.06120122,0.01590854,0.21891692,-0.3818897,-0.030590516,-0.3937419,0.47077292,-0.16554117,-0.15264213,-0.35207665,-0.24615592,-0.17455482,-0.26186618,-0.038247705,0.031392455
1146,0.06393647,0.88012487,0.32761526,-0.08044702,0.6847891,0.5396173,0.21112615,0.009355515,-0.13665965,0.63815826,0.3519537,-0.09286986,0.19838792,0.17993939,0.43302897,0.06663263,0.24768853,0.29591465,0.11444193,0.06852299,1.1978232,0.11839777,0.3146207,0.32292694,-0.61221457,0.05957973,0.25085294,-0.04492362,0.19783138,0.17654034,-0.099852085,-0.03222303,-0.46470636,0.5548661,0.5032594,0.33280015
1147,-0.2170996,-0.45136872,0.47197187,-0.43451035,-0.10536319,0.14739941,0.023474276,-0.999186,0.28414267,0.25926647,-0.07401985,0.096918,-0.08087492,-0.02055616,0.057411313,0.11785263,0.00033825636,0.6773411,0.24641496,-0.024522781,-0.40641132,0.6576933,0.26996297,-0.009243965,0.123001575,0.4767413,0.11344755,-0.031181991,0.040554255,-0.2884572,-0.3508581,0.11933577,-0.7504145,-0.5529079,0.004153073,-0.30566305
1148,0.28759593,1.6288743,1.5121346,0.83187616,0.701202,0.21740367,0.37083358,0.7521429,1.589551,-0.13750401,-0.62922394,-1.0357747,0.31523633,-0.16355588,-0.35699457,0.039896548,-0.02512917,-0.58431596,0.14137626,0.18471444,0.2885846,0.18145904,-0.12986952,0.1632331,0.0035709143,0.7996034,0.6187769,0.013581097,0.056492478,0.17202246,0.20439208,0.29636735,0.14270088,-0.09990293,0.39818203,0.5539182
1149,-0.06885195,-0.18977219,-0.030953377,-0.16082454,-0.2287535,-0.33451796,-0.08704615,-0.4833045,-0.24029864,-0.35547933,0.2403934,0.96909595,-0.07828069,-0.31992003,0.013144702,0.06474763,0.09167746,-0.074736536,-0.17688149,-0.17440867,-0.37258244,0.09212488,0.12778744,0.049929976,-0.007450342,-0.05658424,0.025955081,-0.102772385,0.36597264,0.113368675,0.02622509,-0.1415003,-0.50296223,-0.008762538,0.12546834,0.27030134
1150,-0.17070067,-0.53546286,-0.5195403,0.11753142,0.24148792,0.12599018,-0.096790195,0.12783784,0.029309742,1.2466475,1.5761461,2.3464947,1.0286005,2.3207855,1.8446977,-0.495964,-0.2799943,-0.4815911,-0.19127071,0.14364207,-0.13736632,-0.18702847,0.15961373,-0.19681023,-0.2958845,-0.7701218,-0.6645494,-0.54594576,-0.18295228,-0.42304897,-0.5667008,-0.38536054,-0.31564343,-0.0973714,0.35042113,0.7201171
1151,0.2500893,-0.4311577,-0.3926075,0.35800147,0.02081722,-0.035565138,-0.07745075,-0.096605614,-0.25708818,-0.2802304,0.39140654,0.016622478,0.1261965,-0.25614113,0.13912718,0.20778811,0.21486974,-0.4325223,0.03414941,-0.38768688,-0.013679981,0.036672175,0.00030617416,-0.14702117,-0.6251713,0.017986298,-0.16142583,0.19353282,0.20144755,0.07567419,0.10153115,0.13947624,-0.56289315,0.28582537,-0.17135179,0.06645876
1152,-0.34699976,-0.54298437,-0.91345,-0.58159673,-0.14900857,0.008332998,-0.061904907,0.3253955,-0.6008245,0.93227834,-0.38879406,0.45616376,-0.1221894,0.19592014,-0.06010502,0.5084151,0.3702517,0.09178658,1.4103961,0.4869842,0.60595,0.037675798,0.15607071,0.013299704,-0.97893286,-0.052801326,-0.322411,0.3191859,0.3184209,-0.6373671,-0.012562603,-0.17623094,-0.60932934,-0.07549234,0.7891628,-0.4979998
1153,-0.0057136416,-0.095433444,0.25370598,0.051930904,-0.046302766,0.08384168,-0.057327628,0.008580506,-0.005423188,-0.029866457,-0.1308471,-0.15865695,0.024273515,0.17580429,-0.048234895,0.099274576,-0.1408971,-0.13857746,-0.0732705,-0.23887283,-0.057726383,-0.17640227,-0.10000205,-0.47887763,-0.41186726,-0.0036238432,-0.075854,0.056085408,-0.105584115,0.040320158,-0.021803558,0.11244121,-0.30064768,-0.10736388,-0.013769865,-0.64250505
1154,-0.5831854,0.35892534,0.016720371,0.19235882,0.12399207,-0.3339126,0.3366072,-1.0770233,-0.018663466,-0.02933675,0.53776085,0.87725705,0.13549542,-0.29905167,0.24846156,-0.03569454,-0.14772403,-0.6100383,0.1710388,0.23852241,-0.6876927,-0.28109416,0.68281657,-0.11236894,-0.739857,-0.8356522,-0.8345518,-0.54227906,-0.104307264,-0.16646208,-0.55781084,-0.99227417,-1.6086713,0.27065203,-0.21605118,-0.43646276
1155,0.57169133,0.7652907,0.8558277,-0.21774292,-0.19909233,0.25173923,0.24176767,0.9306927,0.633539,-0.07070798,-0.13446787,-0.049532354,0.26328692,0.08603297,0.06957492,0.6730555,0.097592235,1.7126856,-0.024888307,0.082731724,-0.019390523,1.1447299,0.9120822,-0.3497392,2.1692884,4.6338096,3.8792915,-0.039468586,0.87406796,0.0010489225,1.1102523,2.0847955,1.5219594,-0.021820128,0.16969949,-0.094118565
1156,-0.00024443865,-0.12610719,-0.3482988,-0.12903184,-0.1800546,0.10388856,-0.109520555,0.06680447,-0.039444506,0.3924545,1.652043,2.6747673,0.29148906,1.9739295,2.3593016,-0.2681868,0.14787477,-0.24240988,-0.12070495,-0.3402019,-0.13183105,0.09021366,0.31066152,-0.45249486,0.17237455,-0.56271076,-0.55427015,-0.040701568,-0.19404416,-0.18166272,0.039057136,-0.362172,-0.043535534,0.051410973,-0.015417725,-0.20931736
1157,0.12247753,-0.7443962,-0.88244087,-0.16133207,-0.15131336,0.38024542,-0.25123614,-0.27963734,-0.16572827,0.5278377,1.1388439,-0.17458183,0.40992302,0.39362162,0.016870856,0.044811368,0.44215262,-0.13513386,0.46112147,0.042450413,-0.05855435,-0.15529507,-0.25161818,-0.18636498,-0.99933875,-0.18950933,-0.07240772,-0.0046812147,0.11076635,-0.5977477,-0.79858637,-0.755085,-0.37073666,-0.18509859,-0.16247967,-0.12961876
1158,-0.08238721,0.13474208,0.10170716,-0.075042516,-0.037292063,-0.14528415,-0.16818087,-0.05918175,-0.13638693,-0.31438568,-0.18292141,-0.12728235,-0.42285395,-0.268669,-0.28934112,1.2308544,0.5531588,0.9926961,-0.37774247,-0.18017936,-0.061452776,1.2718433,0.11939961,-0.26021725,4.3940177,3.3018022,1.8911822,0.7006637,-0.13700974,0.1455288,1.8328519,1.1172788,0.7079965,0.079381675,0.071128786,-0.14798734
1159,0.28330114,0.3228398,0.10742605,0.1934621,-0.09119135,0.49087873,0.07393494,0.3827978,0.686941,-0.3690806,-0.08271468,0.15870458,-0.8688319,0.016456634,-0.10350329,-0.17691654,-0.014745548,0.20363893,0.818884,-0.08240098,0.11784657,0.33214384,0.3053831,-0.8128321,0.29304507,-0.18756452,0.43883967,0.033383712,0.22710264,0.21830559,0.10858232,-0.0783512,0.01465717,-0.7116324,0.46823904,0.43935686
1160,-0.012267113,0.15365396,0.19076595,0.4484135,0.3999589,0.5410068,0.30463338,0.29611072,0.26628625,-0.03448558,-0.01912868,0.27789915,0.22096294,0.1930018,-0.21814623,-0.23763335,0.290603,-0.03941211,0.0343616,-0.05282333,0.08511019,-0.015973747,-0.07543668,0.24471949,-0.61568844,0.6648912,-0.14103682,0.073105216,0.3511086,-0.02316165,-0.18397522,0.051239252,-0.15360105,-0.08605111,0.7677185,0.61685693
1161,0.16718084,0.10078541,0.07435146,-0.31244284,-0.031374365,0.89463603,-0.28077108,-0.1434898,-0.1369099,0.16151753,1.157727,0.48800474,-0.019278623,-0.115641356,-0.12582666,0.0859997,0.22696355,0.15284145,-0.53749907,-0.054822206,-0.20736656,0.03364885,0.18247657,-0.120865524,-0.36277032,-0.15418437,-0.37091786,-0.111043654,-0.41459668,0.4023699,-0.24393338,-0.30536574,-0.14258833,0.35463396,1.0044489,0.8322497
1162,0.38511476,0.09129772,-0.51360476,-0.20809461,0.72681534,0.388106,0.19781375,0.21740592,-0.31453454,0.06431043,1.6583635,2.056202,-0.06329644,0.107602045,0.9026546,-0.05863601,-0.010044068,0.8264494,-0.16823179,-0.18059832,-0.18872464,-0.16321135,-0.008197039,-0.110470414,-0.302483,0.58744717,0.012001872,-0.50148344,0.27708834,1.2063577,0.1782018,-0.3916133,0.2837251,0.10791898,0.37621513,0.03026396
1163,0.28732964,0.30681127,0.8280496,0.09755355,-0.2293586,-0.19118112,-0.41101277,-0.33735603,-0.3866676,-0.15230596,-0.2849623,0.18756141,-0.20593125,-0.085591406,-0.7340003,0.39673844,-0.27177742,-0.8776659,-0.18021655,0.13567413,-0.64720464,0.2338415,0.67912436,0.12826875,0.8630767,-0.79733586,0.016284898,0.21352148,-0.025221288,-0.30632305,-0.08919644,-0.04611811,-0.64416206,-0.15166235,0.21289699,0.5243763
1164,2.039166,0.898759,-0.09469235,-0.071045935,-0.13497919,2.0867176,2.0854654,1.9529009,0.730505,-0.0019056499,0.18017513,-0.14211363,2.0140831,0.7251125,0.28075436,-0.3351615,0.060138196,-0.58214664,-0.19253272,-0.8772407,-0.18898964,-0.5092219,-0.8125894,0.078122854,-0.48854148,0.14989585,-0.048788607,0.37293312,0.20509315,-0.19018799,0.5638236,-0.048129916,0.54737324,0.11816389,-0.3169382,0.40100062
1165,0.14171225,-0.18339741,-0.25645083,1.0044932,0.10512033,-0.036717087,0.6410923,0.591429,0.42323157,-0.24766141,-0.18102592,0.39315754,0.28108573,0.1372329,-0.29742408,0.3064891,-0.20216769,0.8206458,-0.2822235,0.1356126,-0.2710462,0.7558405,-0.12200117,0.23687232,1.1913832,1.1856046,0.20589435,1.105779,0.9427551,0.55692226,2.336965,2.7096457,2.9773023,-0.07601452,-0.27853826,0.05918804
1166,-0.11520454,0.054783292,0.57638013,0.39316836,-0.3039149,-0.047132015,-0.07531619,0.5192582,-0.07665992,0.43086708,0.11693177,0.780751,0.21499312,0.5774738,0.61183715,0.29334584,0.6871867,0.011451364,0.2634214,0.122895956,0.32487166,0.006101966,-0.08289689,0.5512651,1.2629167,0.20506048,0.70456445,-0.18584332,-0.2748436,-0.50093085,0.5137639,0.60863966,0.4636076,0.36019784,0.05484754,0.18466029
1167,0.03769192,0.21108857,-0.032647703,0.08240688,0.7809578,0.2668034,0.30055082,0.16701984,0.13634881,2.5063462,2.1094894,1.769774,3.0401273,5.589862,3.2415152,-0.02218151,-0.14368519,-0.366514,0.41877344,0.19572859,0.23407692,0.337417,0.48807633,0.1015823,0.17221007,0.46470922,0.38678774,0.06560632,0.15269214,0.4078123,-0.14895135,1.0382469,0.42819718,0.2099902,0.13695756,0.16066149
1168,0.050384134,-0.3480882,-0.10062423,0.38698235,2.641538,1.3106623,-0.29339772,-0.027577043,0.64734554,-0.39836037,-0.6217595,-0.0004336238,-0.00928399,0.2401532,0.15182984,-0.6466533,-0.39262086,-0.6391719,0.033824474,-0.3900497,0.22925201,-0.58018696,0.116918,-0.48702306,-1.4263568,-0.42958724,-0.42688435,-0.62135947,-0.18606462,-0.2593789,-0.39137992,-0.26176512,-0.38113874,0.043349743,0.15707467,0.12734562
1169,-0.2591415,-0.17788243,-0.10493171,0.14508611,-0.21833152,-0.36636,-0.23179775,-0.24674755,-0.10587937,0.38531658,-0.19585866,-0.096500695,-0.44020122,-0.19543815,0.06789094,0.076140285,-0.40527034,0.15002754,-0.4786029,-0.42632252,0.17765236,-0.37496874,0.026905775,-0.07129395,0.54771125,0.85356003,0.7842971,0.95297486,0.23810612,0.6118385,0.6705186,1.3960243,2.5654397,-0.3153291,0.20183662,-0.13155675
1170,-0.17610997,-0.45817506,-0.4322045,-0.102044225,0.06092024,0.19915298,0.14693224,0.16019714,0.42884958,0.16910243,1.067074,1.4639782,0.05748272,0.26459944,0.2604155,-0.07073039,-0.060579628,-0.71345377,0.3307777,0.07169998,0.16033795,0.12135664,0.21142262,-0.30976263,-0.21817446,-0.21577072,-0.14251208,0.5070797,0.30418676,0.103458405,0.1833911,0.32516187,-0.47816682,-0.33106953,0.38375276,0.545104
1171,-0.0693475,-0.17953598,0.35575312,0.0033772588,-0.44475824,0.033014417,-0.44162413,-0.284045,-0.47285897,0.14902,-0.12659064,0.25349492,0.06864019,-0.2856747,0.004563391,0.88069034,0.99832034,1.1162038,-0.09609889,0.5753068,0.08432782,1.0200566,0.5464641,0.52227104,0.80862176,1.2832276,0.7745693,0.6164197,0.22846693,0.74250436,1.176863,1.7271606,1.528465,0.13848828,0.50190467,0.4965375
1172,1.5544276,0.83892393,0.055652082,-0.27169108,-0.020205498,0.03313476,-0.20065047,-0.011716604,-0.06945354,1.8716062,1.5329307,1.0711087,1.195298,1.0235903,0.8347875,3.0816407,2.7116802,1.521808,0.049118757,-0.018146396,0.2456119,3.0321863,2.3368201,1.1650938,4.4365573,2.127138,1.5124965,0.14419305,-0.05900216,-0.048635066,2.2435403,2.0230598,1.2589729,1.294946,1.0662305,0.18341464
1173,-0.037273288,0.02018267,0.3159641,-0.7116413,0.17159973,-0.14423478,-0.036847025,0.074196875,-0.50698125,-0.4002936,-0.27803147,-0.40345222,-0.60869193,-0.36772463,-0.3512038,0.24440646,0.7253813,-0.05606067,-0.35503852,-0.48893797,0.46274328,0.06339529,-0.4952879,-0.24829763,-0.014416337,0.13819855,-0.0056277514,0.045024022,-0.31854883,-0.07055855,0.7672054,0.48018944,0.09940567,-0.12519586,-0.49762923,-0.18412316
1174,-0.14386135,1.0402579,0.5528698,-0.111623235,0.41297847,-0.14717698,-0.056848526,0.22771263,-0.45990038,-0.30497283,-0.6343474,-0.47089815,-0.362298,-0.037113965,0.7861041,0.5371194,0.68243825,0.13688964,-0.16110797,0.29705608,-0.40698123,0.7912595,0.079309106,-0.10855934,1.5221426,1.1284597,-0.15950459,0.4252037,0.0027024783,0.11131431,0.86705816,0.65237725,0.7569457,-0.04964447,-0.24446666,-0.28214827
1175,-0.75375885,-1.0105319,-0.016182423,-0.16394472,-0.30414295,0.06248808,-0.5304909,-0.081767514,0.24583995,-0.53863406,-0.2841894,-0.032121897,-0.29668263,-0.66593754,0.17520109,-0.4434144,0.04118079,-0.40560097,0.30793896,0.41917157,0.018963963,0.68803805,0.101134315,-0.3921544,-0.41469848,-0.033035398,-0.38355637,-0.45460987,-0.31893757,-0.14399472,0.20584887,-0.6214931,-0.6097319,0.7428175,0.017445177,-0.19879201
1176,0.09678835,0.032009363,-0.13284004,-0.2521891,-0.015996099,0.015477359,0.023420453,0.2577138,0.390769,-0.16771686,-0.16457513,0.06024766,-0.055202603,-0.0011647344,-0.18043095,-0.22037512,0.03860724,-0.087916374,-0.0030705929,-0.018228292,0.19406152,-0.21503153,-0.37304783,0.2838084,-0.34355688,-0.24636424,-0.087915,0.0016658902,-0.059870124,-0.33561146,-0.16754913,-0.14802176,0.122428656,0.20135826,-0.16992474,-0.5261166
1177,0.27229002,0.22412932,0.36900425,1.1419191,2.0943463,0.3761065,0.9508284,0.7464117,0.48097193,0.36548886,0.110862486,0.029624581,0.53919786,0.10949533,0.007780671,1.3494105,1.8006145,0.5935329,-0.106867716,0.5706467,0.041983545,2.3291464,0.7550142,0.24314669,5.0066032,4.509943,2.3997855,0.17536062,-0.34885323,0.16109228,2.5356288,2.238877,1.3941038,0.030117419,-0.029921696,-0.015564024
1178,-0.19066054,0.030239433,-0.049505234,0.06887287,-0.058475524,0.5027293,0.70033824,0.07113728,0.3146311,0.07530463,0.3617742,-0.72564095,0.31702024,-0.2003187,-0.04518771,-0.2637702,-0.2984891,0.017820597,-0.426082,0.5588209,-0.0033239126,-0.3142512,0.16523755,-0.07825738,-0.44143063,-0.5783685,-0.050898135,-0.24214417,0.11009281,-0.2797243,-0.108113505,0.047575504,-0.54241145,-0.045038536,-0.24628842,0.35441375
1179,-0.1491581,-0.10659453,-0.33690745,-0.2333434,-0.16864404,-0.1148265,0.02108717,-0.048546255,-0.03187436,0.19450486,0.21834365,0.27169517,0.5669194,0.57368124,0.65905535,-0.3179586,0.015567958,-0.11595777,-0.07225561,-0.0054353476,-0.0015766621,-0.0789969,0.017036915,-0.1550135,0.07039496,-0.4807494,-0.8678862,0.13851088,0.3678544,0.31209624,0.15092921,0.09531489,0.0045291185,-0.14437428,-0.2187647,-0.07855886
1180,0.17008573,-0.19981945,0.112921834,-0.38668752,-0.09114003,0.0153696835,0.24799597,-0.93266165,0.16937187,0.51116574,0.39269328,0.08359182,0.38922417,0.08850415,0.005095303,0.7071118,0.036373317,-0.20847231,-0.06640848,-0.17866218,0.1145176,-0.28094435,-0.19101483,-0.021508217,0.09283674,-0.69256204,0.04694879,-0.8855922,-0.20356861,-0.35664144,0.42267323,0.06947148,-0.16856349,-0.3357976,0.01765269,-0.09427267
1181,-0.70271814,0.63461053,0.5703875,-0.4634437,0.07375479,-0.53048223,-0.2115268,-0.50790966,-0.4158847,-0.16307294,-0.8965011,-0.28420424,-0.025334459,0.7573024,-0.4300267,-0.05838068,0.13686496,-0.6357272,-0.11560768,0.35167092,-0.18468505,-0.6218774,0.20501766,0.66926086,-0.41868436,-0.6549013,-0.69092137,-0.16414827,-0.46261847,0.1752621,-0.41913074,0.04970491,-0.15753889,-0.43732575,0.16006806,0.23252794
1182,-0.04334709,-0.28675273,-0.08724654,-0.28887787,-0.29759794,0.12664336,0.05248335,0.106692374,-0.25597155,0.8184349,0.09907889,0.016284049,0.24886027,0.37581977,-0.029199064,-0.31625128,-0.14003499,0.38557786,-0.32511115,-0.084655374,0.006028414,0.018053338,0.5479677,0.081282675,0.04167004,-0.262187,-0.013451368,-0.2927283,0.009350479,-0.092907965,-0.5145855,0.09856433,0.086336434,-0.22016469,-0.056751966,-0.19682121
1183,-0.44733703,0.443245,0.01985979,-0.23938373,-0.43747306,-0.012244642,-0.19015473,-0.54055274,0.22955799,-0.36878935,-0.46166742,-0.42735106,-0.34835052,-0.20599273,-0.29427928,0.47699893,-0.44080967,-0.29243237,-0.14657748,-0.20194659,-0.2044071,-0.17486121,-0.9377138,-0.1261224,0.43060422,-0.26926157,-0.15747055,0.46028766,0.08822751,0.2846812,0.97803366,0.5125873,-0.63470554,-0.18837601,-0.38615412,0.07063663
1184,0.29539004,0.109929115,-0.018752098,0.3096928,0.14353001,-0.049397826,-0.0053054094,0.14628154,-0.008078933,1.0231457,-0.05965689,0.06713748,0.158705,0.17840363,-0.002606988,0.8594684,0.184597,0.08568698,-0.2999087,0.018443644,0.05363244,1.212618,0.54240155,0.0943217,3.3665433,0.7716329,0.22972932,0.49323866,-0.024130374,0.009334326,0.70096385,0.2645908,0.2788633,1.4609567,0.32386377,0.26934865
1185,-0.050541878,0.16067743,-0.034486532,0.05571212,0.32177895,0.78767884,-0.01506795,-0.6922178,-0.15061009,-0.07447539,0.2277348,0.3867247,-0.15476063,-0.37986952,0.2461283,0.16624324,0.032656252,-0.100450754,0.34730628,-0.30707878,-0.11590795,0.15962705,-0.053379327,0.19834054,-0.46142128,-0.20511341,-0.39513412,0.20599188,-0.08514893,-0.08468938,0.022481501,-0.30727518,-0.78628933,1.6743009,1.334579,0.62884474
1186,-0.11585146,0.116321504,-0.1979382,0.07034147,-0.008069873,-0.38812572,-0.032373667,0.41907448,-0.25492513,-0.29053783,0.37296116,0.05549419,-0.11562395,0.14598387,-0.2133326,-0.21834517,-0.06762451,-0.38007617,-0.062305808,-0.369681,-0.035519004,0.046609044,-0.15297145,0.031152368,-0.14231193,0.05988288,-0.019259796,-0.056714416,0.30251998,-0.013173938,-0.4310168,-0.09882136,0.6634808,0.07037586,-0.1362561,-0.3182459
1187,0.29347467,0.25601256,0.5342909,0.24641526,0.21570325,0.39659703,-0.20986685,0.06318915,0.12352121,-0.45568117,0.23599595,0.40379798,-0.16845733,0.15730101,-0.27959228,0.16532987,0.05990511,0.31092697,-0.12805551,0.026216105,-0.27128965,0.0649029,0.24774778,0.4796182,0.41647494,0.7094015,0.4901142,0.20682538,0.60694367,0.76381373,0.3754273,0.43505386,0.6819713,0.17275941,0.27617896,0.19906196
1188,0.16573048,-0.25330874,-0.021018028,0.022615671,-0.17770508,-0.19965684,-0.21114433,-0.4489388,-0.057914495,-0.20698294,-0.058304578,-0.22874808,-0.26394406,-0.2815494,0.08003074,-0.3157785,-0.1732819,-0.11979103,0.36469615,0.08854168,-0.0139991045,-0.07423115,-0.17136419,-0.099451065,-0.54385334,-0.011698127,-0.28980452,0.09141815,-0.023007795,0.049489796,0.32399878,0.39364302,-0.108119965,0.15669012,0.16119899,-0.19194844
1189,-0.001429081,0.42331147,-0.25187403,-0.70634586,-0.29916352,-0.19194722,-0.14253281,-0.15940756,-0.050293088,-0.87396,-0.2605267,-0.42289436,0.37040886,-0.54475343,-0.20969707,0.4513238,0.114001215,0.1341055,-0.14059284,-0.77466625,0.14412636,0.013917446,0.10881236,0.24574792,-0.40893912,0.3338806,0.21955496,0.21869344,0.13801265,-0.051721632,0.12644553,-0.8153113,-0.3152417,-0.39682126,-0.411163,-0.1853719
1190,-0.35413647,-0.2463158,0.079313725,-0.17287612,-0.27981853,-0.84438956,-0.2622156,0.68441224,0.22445625,-0.30548847,-0.115688786,-0.39445126,0.026059687,-0.8773193,-0.41024274,-0.18464708,-0.1261589,0.013685405,0.5001069,-0.12787324,-0.14659369,-0.22041471,0.023338735,0.009429194,-0.499893,-0.87692565,0.020195484,0.5935802,0.6452434,0.29854,0.66779125,-0.1670136,-0.039220512,0.22463888,0.079704106,-0.0142519325
1191,0.14220354,0.133396,0.018951893,-0.5788794,-0.09779194,-0.00693579,-0.84458333,0.06655228,0.23565564,0.17740636,-0.049337864,0.061658144,-0.8371971,0.0075504333,-0.63482493,0.12570567,0.108747184,0.05660969,-0.5508094,-0.10772365,0.25721195,-0.24235891,-0.17573059,0.02088517,-0.85382867,0.026477747,-0.29958054,0.19211283,0.08008331,-0.17505282,0.32709122,0.3052628,0.35463575,-0.047258824,-0.11238217,0.009155989
1192,1.8133534,1.4319907,1.291531,0.8156033,0.4115387,0.31148732,2.318571,1.7700351,0.5539509,0.9181262,-0.0011704862,-0.04550433,1.099966,0.19953364,0.08330566,0.10645133,-0.18113323,-0.17183053,0.029729903,0.059603572,0.24818796,-0.46790263,-0.24147251,0.29061204,-0.3135903,-0.06700131,0.30077922,-0.02204597,-0.046739906,-0.18582529,0.23475058,-0.08848655,-0.3509063,0.30365366,0.023487806,-0.24077258
1193,-0.056588173,-0.4693669,0.07559526,0.39493102,0.2568386,0.16425191,-0.22806412,-1.0704638,-0.05802095,1.9473886,1.9189655,0.016985238,-0.7226107,0.11429441,-0.19101173,0.42408466,0.48689714,-0.072179854,0.569864,0.90267026,0.27724236,0.9068507,-0.13800222,-0.22273304,1.5642849,-0.0030175447,-0.4365463,0.2555426,-0.034404844,-0.101453066,-0.020726502,-0.3432178,-0.49908054,2.9300985,2.4822464,0.3942713
1194,0.07856202,0.29462507,0.10016978,0.13155961,-0.40549803,-0.17046487,0.33406642,0.34357905,0.13224685,-0.4481464,-0.2939039,0.08064473,0.5972885,0.22165288,-0.0035061836,0.11361921,0.18732688,-0.17395008,-0.4737906,0.0077298135,0.05298537,-0.19533502,-0.25387686,-0.10414374,0.059382677,-0.23126224,-0.31194675,-0.17911547,-0.41465294,-0.166255,0.10100278,-0.5213243,-0.31542844,-0.3147527,0.18105383,0.06911492
1195,-0.24552825,-0.36778864,0.012976885,-0.15110007,-0.22013712,-0.06542185,0.2732451,-0.22962892,-0.0028413534,0.08479744,-0.5314891,-0.0041762814,-0.19444966,-0.28233683,-0.03368795,0.037478626,-0.034346282,-0.031323075,0.020954013,0.3608143,-0.553326,-0.12189321,0.43809792,-0.06693709,-0.028394938,-0.04575046,-0.27265006,0.13251764,0.48660618,-0.23001468,-0.13600814,-0.4085258,-0.12481594,-0.20198116,0.17148721,0.31256735
1196,0.29351962,-0.3839924,-0.18900016,0.41489697,-0.15344277,-0.19635528,0.3021561,0.3052891,0.12576222,3.7628088,1.6089108,1.0396464,4.1661434,3.289191,2.125784,-0.074612826,0.12884954,0.0011675954,-0.029044032,0.15493467,0.043408573,-0.16173622,-0.19332802,0.07734096,-0.027187154,-0.12517971,-0.3482114,-0.69868577,-0.20092104,-0.044681847,-0.518293,0.10826573,-0.0042368174,-0.026554383,-0.13806999,-0.12535334
1197,2.9234562,1.7481399,0.40584368,-0.06841493,0.015452921,0.20406103,1.6339549,1.5451274,0.61646754,6.549276,3.7279932,1.3720055,5.944423,2.3454244,2.1617908,2.4966278,0.69742054,0.038518995,0.27708453,0.087421685,0.3272749,1.745461,1.1961454,0.11537263,2.1601348,0.22281355,-0.06468293,-0.061723053,-0.10989982,-0.05611685,0.45787698,0.03681451,-0.41249537,2.152526,0.9900537,0.17978069
1198,-0.0736562,0.05834818,-0.42999864,0.15400958,-0.06931484,-0.22824979,0.2735045,0.12534249,-0.056173205,0.082012,-0.4250337,-0.7343297,-0.101412535,-0.029071577,-0.5707024,0.27235723,-0.23371841,0.31897223,0.11825526,0.35264906,0.071774185,0.05918467,0.25138316,-0.049604714,0.09719461,0.021080583,0.5133212,0.20559008,0.057017565,0.61513567,0.011053026,0.13100258,0.51916015,0.003973305,-0.113845475,0.014106512
1199,-0.5204823,0.18718158,-0.50737417,-0.35101378,0.24096936,0.7273947,0.04759097,-0.5120443,-0.20695299,0.7802943,1.6841192,0.55846083,1.7275122,0.7065631,1.0000688,-0.4119969,0.03965366,-0.88348126,0.18964636,0.43822604,0.39267725,-0.36480176,-0.1617502,-0.53679913,-0.8569877,-0.36939058,-0.4579085,-0.24226458,0.12780368,0.35144377,-0.36003846,-0.47850972,-0.7158557,0.08640742,-0.5171816,0.15540248
1200,-0.045214683,0.16015077,-0.31029117,0.067277595,-0.3541768,-0.22299719,-0.19967625,-0.11513924,-0.10269809,-0.06864537,0.015603259,0.22444779,-0.49679667,0.003559731,0.19492865,0.19850728,0.06704056,0.8275226,-0.4052288,-0.12910253,0.017902374,2.225575,0.3932135,0.83646315,0.033694085,1.5323375,2.2149763,1.5897825,1.459002,0.358813,-0.030009925,3.208115,0.7986633,0.121936604,0.0674026,-0.03883648
1201,0.24472648,-0.089729056,0.35520285,0.5277991,0.062719315,0.050512075,-0.43893468,-0.040520012,0.34063184,-0.35058177,-0.15379623,-0.11523563,-0.20868602,-0.18324167,-0.12563968,-0.57827014,-0.1652661,-0.07461095,-0.18477833,-0.20242786,0.030715108,-0.062107205,0.18686411,-0.12494081,-0.077280015,0.04031092,-0.010747075,-0.17368788,0.1291425,-0.033963203,-0.07194974,-0.40755114,0.37504292,0.57660556,0.020707428,-0.10791421
1202,0.11412345,0.12669238,-0.055211395,-0.38586628,-0.0998491,-0.45347607,-0.17719167,0.026897013,1.5320411,0.41702133,-0.33605784,-0.83044696,0.13997191,-0.35818353,-0.32747337,-0.072136424,0.13035183,0.03093481,-0.30112335,-0.32067502,0.3097459,-0.028920054,-0.003997326,-0.049084768,1.1018893,0.6219764,0.09245915,-0.5677316,-0.0037256032,-0.27291054,0.100919336,-0.37573522,-0.15972686,-0.041011453,0.27812243,-0.23058718
1203,0.9073789,0.46981773,-0.010264277,-0.12087965,0.11856845,-0.31036025,0.6912532,0.6864347,0.23361516,-0.09920162,-0.31669033,-0.2757718,0.84444475,0.64408076,-0.52648115,-0.04741025,0.032495677,0.30655813,-0.08978299,-0.13757816,-0.01275301,-0.015222937,0.040939152,-0.1188944,-0.542258,0.29358768,0.14131862,0.058918305,-0.4631211,-0.06449807,0.0705718,0.10169792,-0.68970853,-0.22372846,0.21138251,0.12522489
1204,0.16420774,-0.052521557,0.21082604,0.2290259,-0.4255657,-0.13531935,0.17232855,-0.4427921,0.015616536,-0.16989917,-0.21048722,-0.01010406,-0.93246555,0.121915385,-0.13450691,0.7910994,-0.30301127,-0.114818305,0.41197532,-0.094136596,-0.022582114,0.17240101,-0.12551367,-0.12674564,0.12474257,0.034167357,0.11139262,0.21815856,-0.38370064,-0.1945278,-0.10767022,0.2867616,0.13457012,0.0830943,0.29660806,-0.21194303
1205,-0.022465527,0.22953977,-0.3174749,-0.13886797,0.057481527,-0.089075714,-0.08220732,0.22509694,-0.1649065,0.15955806,0.85703576,0.14955378,0.35550416,0.30141944,-0.052588582,0.07918456,0.12457466,0.021294594,0.067503095,-0.12485264,-0.12025368,-0.0776608,0.16313422,-0.0115917735,-0.44676146,-0.11416566,-0.04918021,0.2081218,-0.22286308,-0.29410064,-0.13069457,0.17044163,-0.13855886,0.11653018,0.29335135,-0.26687622
1206,-0.44340727,-0.19553013,-0.16328096,-0.029458046,0.025062174,0.09941304,0.029631853,-0.11994231,0.3898756,-0.072193146,0.49531484,0.0017277598,-0.35582447,-0.318624,-0.2694667,-0.37714088,-0.11432332,-0.07783395,0.08033514,-0.13673183,-0.105621815,-0.4360335,-0.14795637,-0.21611738,-0.8404162,-0.62582934,-0.41929406,-0.5201057,-0.48222047,-0.23383021,-0.64720964,-0.29861102,-0.21768981,-0.06881338,-0.26663634,-0.11784375
1207,-0.04645121,0.010908723,0.04701245,0.21509293,0.09602013,-0.045209587,0.11896697,-0.48284703,0.095599115,-0.38639045,-0.013341188,-0.10801643,-0.62347305,-0.18557355,-0.6454526,1.0014781,0.007040024,1.3666847,-0.18588448,-0.081730545,0.016595662,0.43998098,-0.011341043,-0.09663582,1.4136636,2.1580505,2.4302475,-0.083483055,-0.037852447,-0.09180337,0.48566216,0.7570949,1.0980759,-0.09160128,0.024887145,-0.29165083
1208,-0.3449979,-0.2091096,-0.17101526,-0.013599694,-0.11810425,0.04366091,0.07057357,0.34039953,0.1401388,-0.090762585,-0.04902637,-0.22065192,-0.3054099,-0.19126478,-0.17305565,0.24922955,-0.32739508,0.24044913,-0.2138505,0.06378931,-0.07610917,0.19346903,-0.4020192,-0.1303717,1.1257024,0.9055518,0.73793125,0.7743634,0.11144146,0.40934134,1.0504844,1.3675783,1.6112242,-0.25683904,-0.053716183,-0.0842073
1209,0.31485707,-0.35816553,-0.11788052,0.35809943,-0.2252392,-0.1441111,-0.1937194,-0.5982383,-0.20157495,-0.24154574,0.16341865,-0.24912512,0.557881,-0.36955637,-0.051190972,-0.55697125,-0.042079143,-0.4167587,-0.5654922,0.4253496,0.33418247,-0.33455497,0.5162094,-0.06917811,-1.3453664,-0.73572963,-0.13179205,-0.15975082,0.23699915,0.10137749,0.0069807097,0.36224502,-0.4511271,-0.22457206,-0.009821504,-0.07000807
1210,0.90804815,0.63503486,0.11741943,0.01422441,0.70793957,0.7613372,0.7945001,0.47564948,0.15330571,0.3517593,0.55539113,-0.15165588,0.50546145,-0.07398701,-0.5021429,-0.47519815,0.13920414,-1.0432837,0.44218254,-0.08554803,0.20002902,-0.54258454,0.20283465,0.08833945,-0.38885862,0.33474565,0.16442966,0.42654228,0.44216675,-0.20288631,0.8074588,0.5821168,-0.23340511,0.12509009,0.5562971,-0.4711569
1211,0.24854979,-0.24092053,0.16352512,-0.11133692,0.28196704,0.3018018,-0.6551721,-0.45220196,-0.2811305,0.08004627,0.11219558,-0.5374649,-0.5319887,-0.24813971,0.04910645,-0.60485137,0.17463255,0.46094364,-0.07015711,-0.18332887,-0.31385764,0.06546572,-0.12719876,0.265528,-0.8815112,-0.28614876,-0.09926088,-0.5967229,-0.31524098,0.48526084,-0.053322613,-0.52117264,-0.51161903,1.28544,1.4559675,1.5745184
1212,-0.6192374,-0.5215466,-0.29875383,0.030682087,-0.17332786,-0.00052696466,0.1540627,0.044036373,-0.3386242,0.0428645,0.14311987,-0.42998114,-0.40336776,-0.12802202,0.097061545,-0.06268686,-0.08458081,-0.19687644,0.56224704,0.02020131,0.22404367,-0.5951745,-0.114554435,0.29035813,0.48366165,0.49877098,0.7009008,-0.22877856,0.20512268,0.29145768,-0.0009664297,0.058476612,-0.04521808,-0.018482387,0.27931675,0.15251672
1213,0.83726203,0.7413507,0.1771599,0.014320672,0.12495196,-0.059776485,0.04117842,-0.3107407,-0.030072212,0.0949582,-0.06678179,0.033290863,-0.4396112,-0.14221615,-0.11083135,2.4505813,1.3608117,0.3321641,-0.06856692,0.30385375,0.15443152,2.3683321,1.1398093,0.6000665,2.6395388,2.3228247,1.3035436,0.08479753,-0.06338641,-0.044857442,0.41915226,1.848574,0.7654597,0.65681696,0.6840744,0.006951928
1214,0.54583985,-0.10054755,0.23118305,-0.24544242,0.01010824,-0.087822914,-0.44138807,0.65873843,0.34795058,-0.1999166,-0.21053243,-0.040854454,0.02621454,0.08936417,0.11470571,0.23912475,-0.31209382,-0.07222009,0.37234956,0.12584367,-0.11284971,0.435134,-0.2571832,0.08861683,-0.14386761,-0.41887802,0.6075637,-0.16261631,-0.24164608,-0.0035139322,-0.41065735,-0.46906236,-0.4091634,-0.19934458,-0.045901537,-0.12144458
1215,0.22932693,-0.39060128,-0.058289587,-0.14887604,-0.048731968,-0.24868456,-0.2513916,-0.22875512,-0.35543218,-0.16370335,-0.19061793,-0.19258505,-1.1323028,-0.36310107,-0.2579469,1.2484704,-0.28137118,-0.13479644,-0.50999945,0.0936411,-0.13085946,0.12857704,-0.19481054,-0.50705653,4.4441204,1.575602,0.9946419,2.7885926,0.59554684,1.1420228,3.224505,2.6342094,1.2055866,0.40314507,-0.10141924,-0.44978595
1216,0.3504761,0.8162106,0.22013634,-0.42254114,-0.07409404,-0.04022193,0.38400942,0.45852184,-0.11160678,-0.14491221,0.04111564,0.03515154,0.44415212,-0.12537201,-0.10360074,0.9320445,0.084062755,-0.25442755,-0.20022917,-0.07564354,-0.12457842,0.3875261,-0.048127472,0.044877708,2.353711,-0.17180625,-0.26254773,0.9292482,0.13363129,-0.12808788,1.5298746,0.864421,0.15728343,0.57213455,-0.016244352,-9.429455e-05
1217,-0.7868011,-0.2653861,0.5707104,-0.1580118,-0.6778752,-0.077023745,-0.7947403,-0.67457074,-0.056154132,0.48054564,-0.15287647,0.36639142,-0.05192542,0.6577414,0.14893019,0.39002347,-0.027261615,3.8525672,-0.031355858,-0.0986079,0.07156128,0.10135597,0.24185693,0.2133438,1.3500669,0.31200844,0.60060334,0.07774624,-0.16393554,-0.15519291,-0.5723758,-0.22130375,-0.22093022,-0.16868842,-0.0500561,2.03462
1218,0.21043459,0.09700249,-0.15925485,-0.35138398,-0.02770257,-0.47172016,-0.136693,-0.35976928,-0.20001876,-0.5666031,-0.25138876,-0.45380628,-0.098189235,-0.49676764,-0.40244055,0.25363827,-0.16649356,0.025894523,0.2735471,-0.10137206,0.22146249,-0.45305166,-0.039819606,0.13587701,-0.661958,-0.121576376,-0.18799189,0.91238,2.211793,2.23807,0.0434072,-0.20522931,-0.4238361,-0.038140774,-0.32165676,-0.17264485
1219,0.070014596,-0.01665163,-0.03940332,-0.21179432,0.011145711,0.21467587,-0.21397161,0.04197663,0.06509495,-0.11243826,-0.096939504,-0.23705304,-0.15732408,-0.23901291,-0.2061224,0.0563159,-0.09844223,0.090064764,-0.012758017,0.03274244,-0.011378109,0.090429775,-0.16855906,-0.04787612,0.46730018,-0.14286348,-0.09224403,0.109417915,-0.2226041,-0.005338669,-0.073776245,0.2325971,-0.05535817,0.09521651,-0.09137559,-0.23881926
1220,0.2116484,0.43728566,-0.11639267,-0.031434312,-0.11549997,0.04293826,-0.30759615,-0.23969454,-0.32367164,-0.013006926,0.1787839,-0.007593751,0.008012652,-0.088932276,-0.040652275,-0.48368955,0.41106594,-0.007479131,0.07968207,-0.122577965,0.25003844,-0.11445268,-2.476785,-0.13930142,-0.14060283,-0.028620988,-0.035479836,-0.034475982,0.85558355,-0.1325053,0.74851453,-0.04472414,-0.5027933,-0.11036879,-0.47228512,0.019043803
1221,-0.23974371,0.017691016,0.11895454,-0.21451628,-0.47881663,0.7053101,-0.040409327,-0.5071995,0.45843166,-0.32607225,0.92121047,0.16775507,-0.1948697,0.26128757,-0.06823972,-0.41200382,-0.439569,-0.16673398,-0.3930533,-0.17635342,-0.09808993,-0.7625641,-0.15853173,-0.12640685,-0.3548305,-0.008377984,-0.25546533,0.28051507,0.55802125,0.07439506,-0.48570523,-0.21251073,-0.006842315,0.088008925,0.03942001,-0.1501342
1222,0.29910952,0.21076298,0.27217042,-0.20865932,-0.27969956,-0.088798046,-0.28268224,-0.5370225,0.014926672,-0.57753503,-0.6669346,-0.374529,-0.1592617,-0.63194805,-0.6758827,0.38307697,0.4105097,0.7261728,0.16740137,0.08228123,-0.18426841,0.021363035,-0.38759637,0.19179738,0.004243493,0.51297987,0.60107774,-0.28687534,-0.12042558,0.18982804,-0.3166531,-0.38083375,-0.3470775,-0.0912154,-0.3556834,0.023097992
1223,-0.049172103,-0.19827718,-0.04235351,0.431277,0.70086205,0.74749994,-0.5154376,-0.5646994,0.15207803,0.04516156,-0.25292885,-0.1598928,-0.09960982,-0.14175355,-0.08962089,-0.30004343,0.06364513,-0.16885626,0.10313703,-0.24319082,-0.14616632,-0.50872487,-0.110470176,0.10881078,0.07999879,0.29961586,0.11716735,-0.22562456,0.496332,-0.09853494,0.25049025,0.025322974,-0.6672406,0.6441843,1.0136359,0.23569584
1224,1.4384315,0.7356598,0.4636254,0.98633516,2.500012,3.368376,2.941002,2.0779116,2.1063316,1.7578564,1.8543566,0.7135047,1.6007209,1.0383034,0.6521323,-0.7789471,-0.15563259,-0.09890002,0.10470426,0.064150125,0.23725867,-0.71665514,0.08911526,-0.13940102,-0.025090098,-0.21748722,-0.4015547,-0.40040854,0.31789124,-0.124797046,-0.5470366,-1.0226207,-1.0082251,1.6480198,1.1948206,0.00914681
1225,1.4061486,0.12761909,0.74102813,-0.0031352043,0.3637923,0.14741252,0.25617337,0.5523261,0.08365303,0.8935002,-0.029937476,-0.26833844,0.8174923,0.014559627,0.0053082705,0.31393898,-0.109253466,0.15744656,0.15275413,0.14760345,-0.2546026,0.38108692,0.25491804,0.11014122,-0.042788506,0.30149883,-0.10728061,0.24361295,-0.1327433,-0.3198154,-0.45839775,-0.59290016,-0.50274336,1.3223842,0.1991796,0.40283465
1226,0.18710218,0.23087211,-0.22922224,-0.054337904,-0.3785097,-0.3134321,-0.34494638,-0.15969071,-0.15809032,-0.44150552,-0.5741733,-0.71123713,-0.39813578,-0.48403198,-0.36060318,0.71370417,-0.05667343,0.2679556,-0.31302857,-0.12978333,-0.37336457,0.55699944,0.29722288,0.11764121,0.48225212,0.023680747,-0.42989865,-1.1504883,0.21600361,-0.2649404,-0.17778878,0.062302783,-0.013498604,-0.20550442,-0.0723972,-0.36704418
1227,-0.17030808,-0.4995513,0.0038668513,0.22023802,0.8326937,0.3277192,-0.1729673,-0.40549052,-0.022338867,0.53269506,1.1294332,0.45058382,1.1066934,0.042141944,0.1597361,-0.5022139,-0.29488507,-0.033385634,0.028435081,-0.13532299,-0.11134851,-0.36070925,-0.16894093,0.17667633,-2.446286,-0.565538,-0.21099025,-0.099879265,0.34646958,0.02673161,0.002074033,-0.0912053,-0.57416946,0.2360557,-0.12734503,-0.07568681
1228,-0.3112466,-0.10094553,0.25902927,0.6748759,-0.2145745,0.25405464,0.533601,0.38791388,-0.51820683,-0.14451513,0.016903505,-0.41081756,-1.2374909,-0.061615057,-0.17282751,-0.032457393,-0.049877197,-0.32036263,-0.6193435,-0.2752899,0.39735502,-0.37995827,-0.0740997,-0.13160828,5.37694,1.0903888,0.36728865,0.03848428,-0.035028562,0.16031173,2.266123,0.8711961,0.38564056,0.26659957,-0.041251242,-0.19313651
1229,0.4733563,-0.16041672,0.03363058,-0.65799487,-0.268819,-0.40531164,-0.22205639,-0.056133986,-0.19570333,0.2381829,0.82353574,1.4642231,1.0434431,0.20928027,0.7046078,-0.01562965,0.032236114,0.13609867,-0.41785312,0.014992595,-0.02208352,0.18999806,0.12761116,-0.05062288,0.12162042,0.022802714,0.10158938,0.07134682,-0.22891732,0.062194467,-0.14378977,-0.5485259,-0.03842616,-0.38717532,0.08960074,-0.27471116
1230,1.0289786,0.7539247,-0.12780076,0.18655825,0.59890187,-0.07581645,0.5069439,0.9335232,0.09581405,0.35843283,-0.26691616,-0.02523458,0.29703432,-0.21378219,-0.24076131,2.5908842,0.87196755,0.05397415,0.08557663,0.00859341,-0.065882444,1.545432,1.6422352,0.16823034,1.5920266,0.109393656,-0.22789979,0.4464509,-0.18481866,0.13573337,0.12572908,-0.07186149,-0.41633582,0.23290877,0.50397813,0.43221092
1231,-0.21799731,-0.28119513,0.1765042,-0.06718394,-0.38321626,-0.10665274,-0.086990416,-0.09546864,-0.8190142,-0.04400471,-0.73238176,-0.47537726,0.32236224,-0.30542845,-0.06610189,-0.50324833,0.046610832,-0.62404966,0.039977074,-0.39315137,-0.21780704,0.28791115,-0.28696138,-0.1506372,-0.56314725,-0.060068447,-0.48211193,0.87343514,-0.014775002,-0.09436635,-0.104595676,-0.3276539,-0.17630135,-0.5662352,0.18392503,0.19737959
1232,-0.427517,-0.224518,0.6131542,0.08098185,-0.09020066,-0.048153415,-0.14872892,0.117879,0.13260508,-0.07257837,-0.14328068,0.3413183,0.20295656,0.044739544,-0.19086337,0.2546181,0.28280166,-0.19489175,-0.6091318,-0.27622473,-0.47246325,-0.2137661,0.7325872,-0.065953076,-0.03631574,-0.05409336,0.018692553,0.14481533,-0.14831603,-0.36807215,0.36201602,0.1454509,-0.057008386,-0.14363405,0.062029883,-0.1519643
1233,0.34930164,0.3264852,-0.20405543,1.2336446,1.3941009,0.9854959,1.1110157,1.4454343,0.09625304,-0.045760453,-0.63387775,0.40649423,-0.28123045,-0.19173706,-0.42799652,-0.44223025,0.09691757,0.17610116,0.13698351,0.071670055,-0.37493837,0.95500314,0.9572687,1.0320538,0.8236823,1.7698324,1.9659406,0.55118096,0.52628076,0.7084038,-0.0065960884,-0.25574738,0.3298075,0.28431726,1.1986763,1.3066739
1234,0.24007122,-0.09583789,-0.109505355,0.33582944,-0.09859735,0.83057207,-0.070391834,0.08158398,-0.26300916,-0.06341559,0.12547481,-0.074273825,0.15857199,-0.49437076,-0.955174,0.0966859,0.014237359,-0.0017371178,-0.3757004,0.044427097,-0.13996413,0.90278524,0.06942752,-1.0264006,0.97336525,0.5112097,1.1000496,0.98746455,-0.81890684,-0.18800008,0.9040431,2.0037794,2.194149,0.9607221,1.1955492,0.76362276
1235,0.5506655,0.27998227,-0.01583898,0.03151077,0.10452688,0.048154294,-0.13750826,0.1020073,-0.09548622,0.05433439,-0.14772066,-0.1696524,-0.11492765,-0.14849837,-0.0024529994,1.8147686,0.6350634,0.17058206,0.4049967,0.16547135,0.2528914,0.44581228,1.1766143,0.28319666,2.0103803,0.6859251,0.31704473,0.27021828,0.72702676,0.26426622,1.2331342,1.0228397,1.1940182,0.39520198,0.5950453,0.012613654
1236,0.037910998,0.09954083,-0.16936427,-0.28682125,-0.14578444,0.122077286,-0.23729533,-0.65375423,0.04533297,0.19064951,-0.11685077,-0.1180391,0.09947376,-0.50264955,-0.07765034,-0.25453538,-0.60667056,-0.40838987,-0.053971857,-0.3439524,-0.10512835,0.2609157,0.067779616,-0.44632748,-1.2636137,-0.17804974,-0.13486034,-0.19603467,-0.40411258,-0.46752894,0.23403147,-1.0187612,-0.309456,-0.37980926,-0.14635131,-0.39998424
1237,-0.35781583,-0.11096868,-0.019557774,-0.068348825,-0.09871191,-0.039347947,0.19368628,-0.06258124,-0.06638622,-0.20851016,-0.13619748,-0.091705695,-0.09153494,-0.36740592,-0.71838236,1.1695176,0.30972725,0.010362148,-0.32182914,0.27161065,0.027034745,0.31219226,0.018098056,0.1692189,1.7036384,1.1977853,1.8677988,-0.71958685,-0.18155022,0.08860877,1.0619577,1.0284334,1.5653641,0.17188674,0.25951388,0.15521902
1238,-0.2385497,0.030995011,-0.0024245381,0.43290132,1.0921926,0.21954417,0.8832593,2.0839288,0.14699721,-0.57835746,-0.19230416,0.4862941,0.36128068,0.03986229,0.05354312,-0.36162838,-0.35434642,-0.13735723,0.35615116,-0.19939911,0.15542197,-0.4427594,-0.36029875,-0.07262683,0.08591545,-0.58023524,-0.14675894,0.106168985,0.25794232,-0.029599428,-0.5401581,-1.0567976,0.84755445,-0.12257333,0.6600219,-0.31109762
1239,0.11005664,-0.15681015,-0.23102066,-0.2785824,0.25609353,-0.09463918,0.086423755,-0.8494832,0.0193201,-0.14331996,0.2493679,0.15112829,-1.0447829,-0.38839296,0.15820761,1.5022072,0.24745302,0.035018206,0.22172189,0.20951274,-0.059611287,0.42686948,0.37009704,-0.025625184,2.0770535,0.055707157,-0.18438075,1.1479932,0.15887208,0.23194233,2.5501857,2.359915,0.86206186,0.47670397,0.19765931,-0.037725925
1240,-0.1451382,0.11393371,-0.38167113,0.03674978,0.19501679,0.9045219,0.0921585,-0.11432639,-0.0122054815,-0.37208384,0.09287131,-0.31875634,-0.16686553,0.17105457,0.062248707,0.052809834,-0.08450535,0.10085159,-0.06607181,-0.38953334,-0.122831464,-0.0035119653,-0.20460832,0.29523885,0.513684,0.6933587,0.033830464,0.12877351,0.30686018,0.008709788,0.37782907,-0.016483784,-0.14097571,-0.12426227,-0.29162526,-0.17319205
1241,-0.7967423,-0.23860392,0.034263372,-0.065454006,-0.10315946,-0.18604478,-0.0014607906,0.3171632,0.12544584,-0.18652725,-0.32716686,-0.08182943,-0.19367254,-0.112178266,-0.35443807,-0.2211327,-0.036324956,-0.15686142,-0.20593572,-0.16697013,-0.20965976,-0.4353385,-0.5229393,-0.19713175,-0.7936574,0.10655865,0.7371954,2.1157131,1.0423443,0.6246128,0.4798885,0.80908346,1.3605195,-0.23527458,0.19458455,-0.20112199
1242,0.411894,0.18493131,-0.35269013,-0.2959801,0.25310233,0.5315929,-0.51710194,-0.9832396,-0.19280365,-0.15263605,-0.29078418,-0.18360457,-0.14864707,-0.5225338,-0.13170964,-0.062288225,0.09366804,0.09169685,0.042298317,0.03154941,-0.27302122,-0.13638502,-0.06224713,0.16587734,-1.7781285,0.30907553,0.18543975,0.109083116,0.42909616,-0.055970505,-0.327703,-0.17007846,-1.0219941,-0.10400218,1.8424385,1.5908241
1243,0.47071743,0.024948984,0.16896635,0.3096366,-0.44334948,0.11229056,-0.038621143,-0.05451417,-0.34224027,0.68329906,0.20497954,0.10212618,0.34084016,0.40489912,-0.48120302,-0.06289014,-0.14038593,-0.4840898,-0.0054525137,-0.20980465,-0.25356293,-0.14517903,0.30501425,-0.18538457,-0.5848273,0.037750483,0.17819946,0.6376078,1.4049007,0.66017747,0.6448205,0.93040365,1.1174921,1.86112,0.47430944,0.1947794
1244,-0.29502705,-0.24437612,-0.095588505,-0.09642644,-0.12714645,0.29734477,0.6901792,0.0530912,-0.0067765713,-0.2923856,-0.29822645,0.09836447,-1.0467682,-0.33943325,-0.41410947,-0.4493358,0.038820207,0.016973138,0.4739524,0.5153956,0.2742347,-0.33844957,-0.38639835,0.28305864,1.1342951,0.4875055,-0.007756293,0.08590336,-0.24352357,0.07036018,1.525132,0.76813287,0.47306603,-0.006830871,0.7204182,0.19147462
1245,-0.34309798,-0.4834378,-0.373882,0.4515856,-0.14753747,-0.105858445,-0.434967,-0.20764951,-0.24570912,0.1846416,-0.09823084,-0.05355442,-0.11574127,-0.27276975,-0.028551929,0.1367893,-0.7034139,0.23677963,-0.2348623,0.05813934,0.057219803,-0.42996,-0.22113183,-0.116013765,-0.72318804,0.13699552,-0.3125326,-0.22862017,0.47309136,-0.09413242,-0.42864424,-0.41960543,-0.11633217,-0.25237733,0.61025524,0.12107587
1246,-0.7479666,-0.11617926,0.08850837,-0.30245966,0.18997525,0.042276293,0.53333986,0.12650698,0.09394556,-0.06324422,0.46982524,-0.27436826,-0.30758172,-0.17422727,-0.06746799,0.20045543,0.019489214,-0.0010927916,-0.3497678,0.4399374,0.24769479,-0.24087074,-0.1442811,-0.3744789,-0.32762375,-0.27251852,0.15035465,0.1495976,0.25419572,0.32985455,0.81853783,-0.20973739,-0.57047457,-0.082142964,0.43104783,-0.03784424
1247,1.5504193,2.3973973,0.4114391,-0.7802979,-0.6339049,-0.63279605,0.57169795,1.9899251,0.30553442,-0.33390337,-0.7830728,-0.0003938079,-0.09846714,-0.31642494,-0.058983862,0.3212994,0.36367393,-0.27714747,0.16290352,0.42361838,0.17711425,-0.23929173,0.15287137,0.12990889,-0.57177776,-0.19749185,0.2164903,-0.30039722,-0.6027778,-0.07416847,-0.40733832,-0.20921338,-0.050472505,-0.06138313,-0.022357553,0.07038587
1248,-0.22930224,0.07197219,-0.059378088,0.103960425,-0.07238218,-0.121697426,-0.09989506,-0.2759459,-0.018663466,-0.047812723,-0.031467617,0.025801659,-1.2307875,-0.4077532,0.078220636,2.7401776,0.88947433,0.8318253,-0.32706106,0.09884226,0.06515926,2.7501206,1.6993526,0.47763813,3.2874684,3.4501147,0.99898976,1.3676292,0.55049306,0.43169647,1.4908,1.571364,0.77509904,0.06838279,-0.013178527,-0.2015773
1249,-0.06454289,0.042738974,-0.18670687,-0.25209975,-0.024703532,-0.48859388,-0.5647572,-0.08366957,-0.081178844,0.027611256,0.11950648,-0.13055497,-0.05186963,0.07226625,-0.13595802,-0.22093481,-0.0876016,-0.0645054,0.26755953,-0.20691097,0.11361039,-0.5388664,-0.03863755,-0.13496101,-0.8692018,-0.43739283,-0.48383194,0.0038844943,-0.1327287,0.08874774,0.57442844,-0.10307866,-0.3013385,-0.2713881,-0.17338055,-0.020104527
1250,0.07318604,-0.10225612,-0.085846424,0.45604646,0.42911184,0.20349017,1.2750274,0.59585464,0.067699075,0.94932604,0.1024957,0.08070147,1.0344528,0.046815246,-0.23052555,1.5901781,0.36793047,0.27839196,-0.05072272,-0.00031349063,-0.112559795,1.3752718,0.25413218,0.11768663,3.3018637,1.3026016,0.82611215,1.9104378,0.35767388,0.18223435,4.2271175,3.3271542,1.8542979,0.16876498,-0.17804927,0.076405466
1251,0.04369855,-0.23125318,-0.012413979,0.23158228,-0.2791017,-0.21748751,-0.17277536,0.031531632,0.15308297,-0.10820964,-0.23803458,0.06297979,-0.49297908,-0.1984779,-0.11709371,1.7296906,1.2466913,0.9160847,0.30069524,0.13238883,-0.16888219,3.3145425,1.4828067,0.8865476,0.124543965,2.156695,1.0619855,0.88486767,0.7046426,0.04629025,0.07148659,3.1779668,2.1082406,-0.38745826,-0.047950745,-0.06649712
1252,0.28753632,0.23290288,-0.4028363,-0.024166107,-0.15939453,-0.037261903,-0.48560125,-0.29097056,-0.5437956,0.81196964,0.3518383,0.9334589,0.17337221,0.93789035,0.09878644,1.903221,2.4935029,-0.266491,-0.32093182,0.05043888,-0.19818564,2.4535396,2.1694021,0.43717337,2.079635,1.1467439,0.078508556,-0.20077673,-0.2951701,-0.3694974,0.049954414,0.07095814,-0.3033787,0.5065927,0.5681668,0.21546412
1253,0.7197069,0.12398827,-0.26687598,0.36392847,-0.06529488,0.10547457,0.15330833,0.039910577,0.33915985,-0.5229519,-0.52101517,-0.30870646,-0.89748764,-0.29475683,0.009085983,0.5995264,-0.6971842,0.5412219,-0.32362908,0.16424043,-0.026677266,-0.036790818,-0.3067947,0.18831941,0.06374836,0.057995826,0.21330892,0.1038286,-0.24839088,0.25071308,0.21723013,-0.7490285,-0.12379438,-0.40626878,-0.034117285,0.01514858
1254,0.24275497,-0.08705115,0.40072042,0.35385248,-0.22443983,0.69219387,0.09800148,0.17039654,0.13236058,-0.2644552,-0.613592,0.14227176,-0.39669484,-0.023032293,-0.0015101433,0.040140748,0.18016636,0.37319285,-0.017962396,-0.10404277,-0.2649895,0.66129965,0.17045361,-0.027536869,-0.25275815,0.104493946,0.026872993,-0.15310669,0.14437361,0.116437316,0.2665816,0.22325867,-0.24734142,-0.7080537,-0.03344032,-0.033634484
1255,1.4318058,0.7085766,0.6297965,0.64885074,0.2595268,0.7215423,0.8553772,1.0490613,0.17235029,3.0875354,2.6214209,1.3737962,4.4189916,3.8008862,3.0135875,-0.00534977,0.11648449,0.07085776,0.011139315,-0.1998339,-0.110744715,0.19612435,0.12139396,0.19634366,-0.024431761,-0.15119508,-0.23734295,-0.5233161,0.028953299,0.051926494,-0.25759968,-0.2616478,-0.41773733,0.95094,0.30257878,0.099218905
1256,0.072547525,-0.4324369,-0.22263435,-0.37517357,0.033290625,-0.022937894,-0.49446505,0.05695486,0.07672542,1.0566754,0.6347555,0.480003,1.8767744,1.3230821,0.41367966,-0.50123847,0.12533909,-0.12704036,-0.42793798,-0.059893876,0.030796409,-0.16913939,-0.009831786,-0.030122995,-0.21808602,-0.59127235,-0.31462872,-0.5858718,-0.03690818,0.027029991,-0.3018067,-0.09994702,-0.008845806,-0.008458652,0.016002238,0.010574341
1257,-0.09550041,0.5670274,0.2644515,0.37034872,0.7012366,0.25020123,-0.014143944,-0.9636302,0.060787022,-0.82369095,0.07368064,-0.38899767,-0.23825428,-0.8825964,-0.35611397,-0.58184934,-0.12939483,-0.14543414,-0.0110355755,0.115322635,0.2627298,-0.635503,-0.6206961,0.09092879,0.8562531,-0.28377447,0.119262815,0.19452478,0.23168045,-0.24046853,1.2279758,0.24618632,0.42836952,-0.20486766,1.2624848,0.45062935
1258,0.3641249,0.1390732,-0.11997478,-0.11359155,-0.67249525,0.16876183,-0.10997465,-0.5960951,-0.86416656,0.043738857,0.18386698,-0.13097745,-0.42145705,-0.49990034,-0.29440677,0.45674035,0.33417422,-0.5151211,0.20936543,0.015016049,0.90203905,0.9203912,0.5882623,0.23493275,0.35524476,0.5534062,-0.044471204,-0.5510334,-0.38127518,-0.30045283,-0.016710103,0.25621414,0.27798146,0.40171975,0.0024975315,-0.16725549
1259,-0.5044689,-0.39478615,-0.12555996,-0.5071943,-0.14808956,0.06598346,0.31482393,-0.18167555,0.1591185,-0.7666773,0.7412542,-0.0032727197,0.1512039,0.15790266,0.38427693,0.14959121,-0.3255895,-0.32122368,-0.02614206,0.20822448,-0.09730393,0.06804192,-0.077652395,-0.14415294,-0.6940234,-0.39536363,-0.037986904,-0.864979,0.0037867427,0.011999488,-0.5013067,-0.006710589,-0.40921688,-0.19311573,-0.6361629,-0.31548154
1260,0.36178082,0.3065644,0.26851678,0.0688802,-0.5345174,0.3110631,0.27910247,0.20490754,0.39573282,0.35615686,0.37516806,0.17821103,0.7169932,-0.22063264,0.5354176,0.44499585,0.21969223,0.049049973,0.23974788,-0.03715481,-0.18392098,0.0966841,0.547064,-0.043096602,0.2171433,0.16949195,-0.0497161,0.06471184,0.08147603,-0.28251064,-0.12376164,-0.21857679,-0.38774523,0.14652777,0.034677252,-0.14071834
1261,-0.12528148,-0.25246215,-0.43845153,0.432042,1.7245677,1.7555246,0.683223,0.09018695,1.4910618,1.8540633,0.8361665,0.7972944,1.008734,0.6246487,0.51353407,1.2756273,0.38263,0.32495105,-0.036342107,-0.24802667,-0.36546057,0.86142653,1.0335793,0.76918375,2.0467768,0.2731539,0.113957405,0.9876104,0.62757885,0.24599147,1.0539215,1.040044,-0.099852026,0.6393758,0.7709267,0.17574394
1262,0.072218046,-0.029509842,-0.06129515,0.2966303,-0.2592684,-0.11070576,0.37908447,-0.12703657,-0.092224,-0.34733173,-0.2865612,0.023232281,-0.5912068,0.19410801,-0.05213824,0.13052619,-0.25202638,-0.018890679,-0.15753543,0.06776333,-0.21315977,-0.14117476,-0.10299617,-0.27235186,0.9319345,0.41094524,0.31393266,0.61234677,0.33686936,-0.12877345,2.3969283,0.5732473,0.90155053,-0.15874344,0.07713857,-0.15640807
1263,0.027958803,-0.42565095,-0.006738484,0.19534752,0.43910986,0.36955622,-0.0493526,-0.31185645,-0.20340922,0.349571,0.6972506,-0.01177229,-0.17495894,0.26329243,0.5089922,0.7181417,-0.22748312,-0.17010464,-0.25741476,0.08466518,-0.43065038,-0.0073072575,0.40346122,0.38676706,4.315497,0.89691365,0.043578416,0.07457799,-0.1066466,-0.6283549,1.6055055,1.6741802,0.45236802,0.12758169,-0.17926598,0.267098
1264,-0.16872936,-0.013056517,0.30782375,-0.2692764,0.51950973,-0.20061469,-0.20322621,-0.14927936,-0.36267507,0.11647767,0.9576087,0.7779143,0.7609353,0.7483466,1.2806617,-1.0264463,-0.59698415,-0.13026895,0.78108907,0.10327238,0.1286931,-0.4632565,0.013725281,0.31943232,-0.05782932,-0.8337669,-0.16465545,0.55404377,-0.34127122,-0.25169277,-0.4257074,0.054111242,-0.32948947,0.0036213994,-0.035895586,0.26390707
1265,0.0074460506,-0.09471351,0.11649281,1.4998184,3.596172,4.7718453,0.7877767,0.022699416,0.46621463,0.017008334,0.34865558,0.06691009,0.28479782,0.24665815,0.24093303,-0.13084078,0.07959944,0.018942475,0.13728201,0.00504905,-0.8855885,-0.14741345,0.24785149,-0.07214761,0.14485052,-0.08277662,-0.022376,-0.16345964,0.20483452,-0.18752396,-0.1363985,-0.13909481,-0.57400256,0.6849915,1.3555677,1.6749561
1266,0.50734824,0.24432755,0.06891755,0.17958397,0.22776073,0.027932703,1.0892979,0.68475485,-0.01791048,2.7308712,2.649922,1.4231062,4.004809,3.002388,2.566675,-0.35901272,0.041769266,0.11118448,0.13328013,-0.026366472,-0.049506843,0.14832735,0.34063572,0.042141855,-0.09126426,-0.4623422,-0.13374305,-0.51866406,-0.2123608,-0.07252753,-0.602003,-0.21530119,-0.35394874,0.3245078,0.05625829,-0.060400903
1267,-0.0488711,-0.37347117,0.1693545,0.19424716,0.35366526,-0.009921193,0.25327367,0.17032588,0.030490518,-0.15532255,0.20261815,-0.32545754,-0.012874246,-0.39368683,-0.49968046,0.0008812547,0.060403377,-0.13411957,-0.048478782,0.07771514,0.19841364,0.042404562,-0.04710743,-0.2680896,0.13294357,-0.120301485,0.35376135,-0.10126895,-0.18861146,0.12887281,-0.1125471,-0.26985335,0.009519756,-0.058142304,0.17991313,-0.26434374
1268,-0.051790774,0.5873045,0.76820076,0.6940542,1.8098266,2.062964,0.72761893,-0.36163855,0.2975248,-0.27782637,-0.7412063,-0.31798053,-0.10480964,-0.16076797,0.053990275,0.0969491,0.18415609,0.35614216,0.26151475,-0.43378907,-0.6730796,0.012268484,-0.17937657,0.15599075,-0.3675375,-0.57482255,0.14775091,0.29573938,0.22035617,0.034358785,0.5827516,0.15503705,-0.39640027,0.6314574,0.7989389,1.2411497
1269,0.103562474,0.039156318,0.28696948,-0.06969082,-0.106927976,-0.1301328,0.16976863,-0.1723072,-0.1381309,-0.109568834,0.15330419,-0.37102592,-0.122980416,0.25135714,-0.46777433,0.0922904,-0.17384791,-0.0026252866,0.05488056,0.4105659,0.16407394,0.03592974,0.05958447,0.1954754,0.03772217,0.20856881,-0.03728074,-0.0127129555,0.1732282,0.12813985,-0.10651481,-0.12777764,0.010124624,-0.03961402,0.15260598,-0.08198559
1270,-0.18541709,0.06309712,-0.04948783,0.12045777,-0.10309982,-0.13607556,-0.3392322,-0.08837533,-0.02585876,-0.1984632,-0.18654776,-0.0229882,-0.72289264,-0.32774732,-0.35611916,0.568264,0.09538084,0.32945907,0.11561537,0.26840323,0.15855849,0.7084749,0.36579812,-0.061697483,2.0149612,0.76382625,0.8108295,0.58968425,-0.13028702,-0.0762164,1.0037986,1.6534722,0.860608,-0.2020075,0.036286652,-0.2875418
1271,-0.55172175,0.7087359,-0.03182262,-0.4394995,0.29115054,0.36840498,-0.3671828,-0.10318419,1.4157974,-0.03692345,-0.18577677,-1.204015,-0.049652696,0.3404406,-0.2543766,-0.23116961,0.80055416,-0.15646763,0.049018294,0.3259194,-0.16858205,-0.31775257,0.5786804,0.17384934,-0.7434574,-0.14441033,-0.532315,-1.0632055,-0.19159596,0.68192583,0.09631693,-0.25827897,-0.067579865,-0.41973636,-0.16393355,0.13966525
1272,0.2614571,-0.15540412,-0.15171921,-0.27192524,-0.28612173,0.06512421,0.1450895,-0.48941603,-0.24382669,-0.65611637,0.16808611,-0.021857232,-0.039164543,0.08061203,-0.3443423,0.011387736,-0.4935949,-0.026878446,-0.5914493,0.39439458,-0.057180643,-0.117452785,-0.5245715,-0.19172758,0.21658784,-0.0008199066,-0.21285361,-0.31189653,0.035672307,-0.3681013,0.18645024,-0.4077212,0.08506906,0.10755947,-0.07363957,0.06670582
1273,-0.25819284,-0.112688184,0.5662459,-0.037594736,0.124953926,-0.34396958,0.18316156,0.09946352,0.26357356,-0.457163,-0.109880984,-0.76216435,-0.28889242,0.21934307,-0.4021461,-0.2172359,0.1878103,-0.23267178,0.22505228,0.21642126,-0.56688416,-0.59037125,0.11919245,-0.17740883,-0.6379382,-0.004370749,-0.44836846,0.5332325,0.40131503,1.5795894,-0.29333338,-0.81985295,-0.6452397,-0.17757589,0.121731296,0.36467236
1274,0.4367544,0.05367978,0.20616119,0.39138246,0.24194723,0.22765428,-0.12986147,-0.39009166,0.4083051,-0.18899828,-0.45103824,-0.17580622,0.028351188,-0.38584185,-0.015935898,-0.12366371,-0.063780844,-0.27088094,-0.1711568,-0.30274972,0.4205748,-0.28884435,0.3030026,0.11517036,0.012284279,0.25433737,0.27604586,-0.11957297,0.14562571,0.098057985,-0.2441135,-0.12841809,-0.18700075,0.61724067,0.35223615,-0.11445385
1275,-0.14989276,0.20184207,0.15199226,0.17690028,-0.2569152,-0.12592661,0.049651295,-0.55462825,-0.007467866,0.58814573,0.17019343,0.50264174,2.1177113,1.7947222,0.9887428,-0.081401184,0.12536936,0.030324101,0.11405882,0.14578417,0.13272619,0.105908915,0.017115876,-0.09236941,-0.46149418,-0.38279578,-0.032933593,0.101457596,-0.045486912,-0.094380856,-0.4646545,-0.52489877,-0.22342515,-0.12161118,-0.03496766,0.14597356
1276,-0.16413334,-0.015166521,-0.20800793,-0.51876473,-0.40950876,-0.24153075,-0.22826433,0.74655706,-0.13300955,-0.15577394,-0.53218347,-0.16634238,-0.263695,-0.13221303,-0.34247082,-0.15907526,-0.3450717,-0.6945001,-0.09907663,0.11533866,0.27696022,-0.57184047,-0.22222793,-0.28659406,-0.6131017,-0.71497536,0.4727108,-0.28007543,-0.10367417,-0.0414261,-0.03103602,-0.20862368,0.65958077,-0.13921696,0.28756505,-0.31992555
1277,3.1110685,1.4784865,1.2631271,0.65367454,0.86564225,0.9421246,4.2885814,4.1543007,2.344902,1.5769737,0.18080977,-0.045143127,2.326435,0.9873508,0.24380443,-0.41466963,0.024605453,-0.18378597,0.017619312,-0.116111755,0.009735465,0.005113274,0.063442826,0.035013437,0.93645525,-0.091139376,-0.17563933,-0.18634741,-0.08787662,-0.35489926,0.31467193,-0.84423935,-0.19248903,0.72770506,0.5205237,0.20517188
1278,-0.20851058,-0.23577335,-0.86281246,-0.16250116,-0.06948617,-0.67019594,-0.41310984,-0.41649723,-0.16505247,0.33111998,0.044233978,-0.21468222,-0.08383286,-0.3727801,0.13072455,-0.12802961,0.005373478,-0.33072814,0.2438401,-0.41167265,-0.3268245,-0.0472731,-0.25726244,0.14403534,-0.3270263,0.08459842,0.019935727,-0.21819589,-0.058688372,-0.0020039082,-0.45908606,0.06371102,-0.45850676,-0.08894941,-0.1578704,-0.1334809
1279,-0.40155667,-0.027034879,-0.23555887,-0.018060267,-0.21996415,-0.3301075,0.34933668,-0.8707293,0.09892708,-0.047578633,-0.8046275,-0.27340043,-0.18425024,-0.012952749,-0.41991854,0.057463735,-0.19595426,-0.34516108,-0.22072324,-0.19107196,-0.22808826,-0.0965901,0.6362471,-0.069854856,-0.57489675,-0.62443924,0.016160846,1.2228011,1.0545835,0.83269787,-0.015637338,-0.3498753,-0.084728956,0.03421974,0.14464065,0.26848465
1280,0.30908406,0.2803967,-0.33435825,2.4099114,1.8248422,3.0482793,0.059482515,0.74916965,0.71709013,0.0012742877,-0.6300554,-0.22752768,-0.55536044,-0.74347246,-0.33901608,0.3070563,0.064486206,0.4465528,0.56383485,0.34750128,-0.57087594,-0.47717154,0.280236,-0.06625849,-0.40173167,-0.20779878,0.46932143,0.12562525,0.592734,-0.3569646,-0.28510857,-0.30969906,0.07609552,0.4270751,0.78839344,0.87977093
1281,1.6287147,1.2351046,0.28418168,-0.114351004,-0.20618823,-0.29997128,0.48769554,0.59113854,0.5198927,-0.036229372,0.27286646,-0.3278389,0.9916005,0.52826643,0.95438015,0.21637313,-0.55437696,0.07381892,-0.014332414,-0.2320705,-0.73127335,0.4031995,0.07026972,-0.48275268,-0.14604998,0.23023987,0.17286524,0.8196429,1.063173,2.5379305,0.21311843,0.32890967,0.07441449,0.16276598,0.081717014,-0.004151225
1282,-0.23054922,0.24593268,0.15351957,-0.41188508,-0.44529772,-0.31839395,-0.09825379,0.08928132,0.1300546,-0.1302464,-0.18805674,-0.10018659,-0.051722646,0.043990973,-0.035221934,-0.12100446,-0.10976645,-0.060871124,0.06253269,-0.2232191,-0.031141281,-0.3536633,-0.49916685,-0.09826076,-0.06672627,-0.11603445,-0.15287405,0.3191217,-0.030183733,-0.012876272,0.26576576,-0.37119985,0.044638857,-0.40214282,-0.33804134,0.1109128
1283,1.7482455,1.2448292,-0.163715,0.51839334,0.10972847,0.21130654,0.68180895,0.8743415,0.08955741,0.30995494,0.05398028,0.03328836,0.5532297,0.52274144,0.4288044,-0.33910626,0.114028454,-0.14963734,0.20227396,0.06677151,-0.15401232,-0.4610922,0.35039288,0.17251429,-0.4606626,-0.2853156,0.07227433,0.10836044,-0.0813743,-0.13141608,-0.01375556,-0.6461035,-0.5326589,0.21299672,0.32341462,0.013841987
1284,0.3060102,-0.35566074,-0.02460362,-0.44871473,-0.19548966,-0.3083043,0.3668921,-0.043864757,0.12283516,-0.10205257,-0.3002803,0.15192133,0.14420201,0.34584677,-0.10016906,-0.12888563,-0.16361883,-0.44996518,0.11881852,-0.0021692403,0.0075457096,-0.32288846,0.4680965,-0.025241923,0.14521289,-0.3885547,-0.24769494,1.3090742,1.6531731,0.93925464,0.40367588,0.0846819,0.101602316,0.10576528,-0.065520585,0.0032037795
1285,-0.47976482,-0.2005226,0.24208441,-0.07138893,-0.3875115,-0.22949591,-0.043926995,-0.15821558,0.17695162,-0.27241704,-0.23995417,-0.26460102,-0.0860378,-0.25811902,-0.03673689,0.46508753,-0.017834187,-0.20946789,0.34470135,0.012829602,-0.16650608,-0.24040443,0.6420244,0.051754773,-0.12198877,0.0022456646,0.3707554,3.0203736,3.4892156,2.1662464,0.34699583,1.2158222,0.3889789,0.057774782,0.018865705,-0.15601587
1286,-0.01629971,0.02107656,-0.20613778,-0.40906703,-0.08958669,-0.24860138,-0.11964673,-0.15926561,0.09788203,-0.14457536,0.1750944,-0.16584289,-0.29237056,-0.19020724,-0.11540249,1.3794887,0.33398312,0.4037112,-0.16888225,-0.041780233,-0.045237422,1.0031283,0.85066086,0.25343156,3.1963336,1.3911082,0.6865797,1.40411,0.6288383,0.58948886,2.3913615,2.1447148,1.2813188,0.0034943298,0.10348433,0.08152521
1287,-0.71235657,0.013193905,-0.30977434,-0.2906888,0.15449125,-0.14394297,0.099738896,-0.46245039,0.18776745,-0.46281388,0.035310388,-0.38203466,-0.021617115,-0.2699539,0.18949842,0.16099161,0.5894177,0.10450688,-0.63977885,0.5042624,-0.12482709,-0.28653845,0.66407394,0.2127399,-0.0043570995,0.14381534,0.5935419,3.5155072,2.4610262,3.0334263,0.8469281,0.8314686,0.7785242,-0.13961208,0.2427904,0.11947894
1288,0.48228323,0.19940737,-0.13309598,0.16180193,0.3834007,-0.009536743,1.5980275,0.39957672,-0.05045718,0.028036833,1.128108,-0.048301756,0.7287923,-0.041819602,0.5849848,-0.1958865,-0.10992953,-0.14747572,-0.23080432,-0.106841885,-0.0040016174,0.5262449,0.10030783,-0.077474535,1.6274794,-0.07542813,0.21851821,-0.094822645,0.14492863,0.3860765,1.1997705,0.54671335,0.19306305,-0.53386605,-0.13925351,0.06171769
1289,-0.030642629,-0.0044735074,0.03104031,-0.61580133,-0.3952241,0.20196128,-0.45862937,-0.21929413,0.21581382,-0.5416932,-0.3489601,0.011885762,-0.5047833,-0.3513228,0.09862663,-0.23237425,-0.21371481,0.089708626,0.41057467,0.33117393,-0.20959067,0.224515,0.06674555,0.2116706,-0.087856054,0.3794518,-0.16576432,-0.13558286,0.07131451,-0.11548543,0.29015088,-0.018382072,0.2554916,-0.26701388,-0.2506211,-0.2540884
1290,1.1499667,0.93671083,0.5082931,-0.21086335,0.019516706,0.06528568,-0.15410244,0.12191206,0.7396357,-0.37742978,-0.2438812,0.40526763,-0.7646188,-0.1510242,-0.2913669,1.6846983,0.34332642,2.2481656,-0.09869981,0.09915233,1.0337621,2.260738,1.6658028,1.0152644,1.6152604,0.40104577,0.87102747,0.97451645,0.62287986,-0.6845918,0.5449646,1.3048854,1.5394708,0.9616483,-0.112336606,-1.108134
1291,-0.276811,0.50656164,0.057602644,-0.45113707,-0.017495438,-0.18398374,-0.06539951,0.0018773675,-0.09351772,-0.005187571,-0.5319828,-0.096319795,-0.41492856,-0.30636162,-0.1053803,0.09482893,-0.063607134,-0.037258506,-0.47701335,-0.21457827,0.16271824,-0.89846253,0.57223207,0.10430378,0.38783076,-0.60912424,-0.103654504,-0.08280322,-0.734354,-0.06198883,-0.62406623,0.1325663,-0.1041975,0.13828385,-0.2949928,-0.029335976
1292,-0.030242324,0.05774784,-0.03534794,0.03234732,-0.063026294,-0.00711751,-0.07097602,0.23593962,0.11174554,-0.022475839,-0.31361324,0.12329692,-0.015404046,-0.21183027,-0.011989713,-0.011015773,-0.20478345,-0.04896009,0.23566121,0.0027926564,0.040785313,-0.20049882,-0.21051419,-0.022503376,0.037440896,-0.10481415,-0.08413994,-0.17443085,0.09199685,-0.04461229,0.5927833,-0.12571573,0.07150626,-0.39782143,0.10250664,-0.05802512
1293,0.025620878,-0.24926332,-0.022660851,0.05983454,-0.08396888,0.09749609,0.08515906,-0.2225542,0.017006993,-0.18209243,-0.53736925,-0.0711087,-0.3213759,-0.2338283,-0.18444693,0.21142702,0.0151518285,-0.035030127,0.01224909,-0.22149193,-0.032123983,-0.41064197,-0.48933327,-0.14513361,-0.2914685,-0.15986651,-0.082567275,-0.22656024,0.18908429,-0.113301635,-0.120442376,-0.545375,-0.3873885,-0.42422515,-0.071772456,-0.032752395
1294,0.38609704,0.3433163,0.10629511,0.09937374,-0.008981751,0.024465382,0.06881046,0.24349421,0.029601991,-0.16134965,-0.36262757,0.0041339397,0.0071971416,-0.045407772,-0.0378474,0.7747878,0.17707652,0.041721404,0.46014583,-0.02517724,0.02505958,-0.026514158,0.21467869,0.19259864,0.16367531,0.16898644,0.22501361,0.7039361,0.29369444,0.07553661,0.4046986,0.6830452,0.065829694,0.6429571,0.22685531,0.03773284
1295,0.1277998,-0.19010496,0.33605957,0.5309618,0.21579134,-0.20537284,0.3000121,0.066169575,0.07148671,-0.5908735,-0.76789266,0.82275915,-0.041673437,-0.23813924,-0.12816718,1.0325332,-0.0022849143,-0.050846696,-0.34373048,0.021994242,-0.1858052,2.0110416,0.25235692,0.49003068,-0.020531476,-0.2494367,0.5000308,-0.08709853,0.10485768,0.72555274,0.17877942,-0.18611354,0.04473251,-0.27587426,0.36483216,-0.19433555
1296,-0.10812029,0.17195156,0.074622035,-0.100655794,-0.29929495,-0.07433617,-0.30620107,-0.044783473,0.20415968,-0.22419453,-0.08816844,-0.09021175,-0.36714113,-0.40039656,-0.35560262,1.3170476,0.2038176,0.9466943,-0.22926283,-0.09805477,-0.0068871975,0.40469933,-0.108339995,0.031110764,2.1526108,2.0577402,1.6732795,0.69780743,0.17808667,0.37534535,2.7668064,1.4421518,1.8121285,-0.08942878,0.039800763,-0.18778381
1297,-0.24024616,-0.026857674,0.13371682,-0.39043772,-0.36859405,0.5260551,-0.0103494525,-0.3475818,0.44887853,0.30220914,0.52471447,0.5718936,-0.092145205,0.2187292,-0.47134358,-0.46312833,0.02612497,0.17590356,0.3253466,0.19201887,0.08356246,-0.0973081,0.05196023,-0.112390995,0.41019058,-0.50842565,-0.1387397,0.03745559,-0.45493418,-0.47125566,-0.18725562,0.1489244,0.11867428,0.31205773,0.7848184,0.4520109
1298,-0.39073533,-0.10713649,0.117572665,0.093869805,-0.18494675,-0.1383706,-0.13787538,-0.079970665,0.123566866,-0.35675585,0.09468609,0.6460701,0.10586338,-0.347533,-0.09588027,0.05526316,0.47152007,0.38739026,0.3422742,0.33600023,0.08440328,0.23461172,-0.45130128,-0.22676334,0.855093,0.34936887,-0.1891759,0.10164392,-0.51802325,0.38127762,0.6689122,0.64658535,0.7227122,-0.44678095,-0.14911342,0.3774767
1299,-0.025918782,-0.3750881,-1.3419268,-0.35467097,-0.82391024,-0.27433252,-0.7304556,0.2424078,-0.20374921,0.4121915,0.52937424,0.21642914,0.25644174,0.20805803,0.07954818,-0.20124435,0.13867848,-0.061306916,-0.26785907,0.2811919,0.28590882,0.037628107,0.30131912,-0.12862109,0.2558056,-0.63819224,-0.30701196,-0.32834285,-0.37234467,0.0025153458,0.19567981,0.80319875,-0.110788584,-0.2435562,-0.18542023,-0.19082974
1300,-0.2220567,-0.041202545,-0.29422516,0.021903813,0.317085,0.96504414,0.6211958,0.35215697,0.1932201,-0.3508917,0.13184303,-0.3973869,-0.155554,-0.12639105,-0.2797494,-0.20997617,-0.009608388,-0.3060835,-0.05198267,-0.34409043,-0.49593616,-0.35534644,-0.30892166,-0.14602816,-0.015662536,-0.08979058,-0.51125467,0.15939686,-0.061869234,-0.060729384,-0.13231532,-0.079217255,-0.08528662,0.08228397,-0.24579185,0.02493
1301,-0.70742875,-0.43918407,-0.2124716,-0.52161235,-0.32099116,-0.4571731,-0.0038180351,0.10592005,-0.79967684,-0.29463118,-0.06712526,0.14433832,-0.2719053,0.30962342,-0.18716589,0.47268692,0.5721253,0.24660337,-0.24468899,0.12593076,0.8747808,-0.016874582,-0.4148773,0.013915718,1.2064183,-0.14551021,0.47166973,0.18777964,-0.6553968,0.30593723,0.055176347,0.2931739,1.0880389,-0.46777895,-0.15025607,0.14429033
1302,0.30320042,0.53126967,0.88653934,0.26078537,0.74296725,0.36140025,0.31098047,0.83777773,1.6202912,-0.27636945,-0.04194802,-0.5797138,0.6478954,0.7998313,0.6087671,0.116913795,-0.3706044,0.395262,-0.005880952,-0.050361644,0.20372266,-0.021615565,0.2054733,0.08859744,0.45502567,-0.02995035,-0.29931986,-0.07483122,-0.24651074,0.4414389,0.062500894,-0.092098266,0.29686463,-0.40064615,-0.19371486,0.02782631
1303,0.786082,0.5634117,0.8336218,-0.049984336,0.092705995,-0.08597502,0.43149787,0.004827738,0.7066363,-0.64770734,-0.33552474,-0.8543748,0.07730591,-0.53404176,-0.15936017,0.661805,-0.049990088,0.52787024,-0.067836285,0.012025356,-0.16911763,0.3226493,0.15536597,0.13474667,0.8955969,0.23321486,-0.2099927,0.31160104,0.22724998,0.5433327,0.73772717,0.79250044,0.8215608,0.38759077,0.08817059,1.0311508
1304,-0.08417326,-0.06802383,-0.3331462,0.049164593,0.306487,0.6853138,0.00054109097,0.003007114,0.16227865,-0.02436018,0.051813066,0.18639171,0.06878483,0.04441619,0.1461227,0.076797605,-0.027407825,-0.45615196,0.043641686,-0.1558959,-0.057047606,-0.10689098,-0.038741767,0.033853173,-0.07886821,-0.14163613,-0.15209103,-0.13910174,0.05752164,-0.1562556,-0.017959833,-0.022999406,0.42724603,0.13789594,-0.11038661,-0.068445474
1305,-0.47521195,0.08190769,0.07580495,-0.060260534,-0.123141766,0.10734475,-0.33649725,-0.15379445,0.38029182,-0.4291722,0.12559825,-0.06459427,-0.18535924,-0.42785442,-0.19495544,0.39152408,-0.18023801,0.4445756,-0.19816208,-0.14355463,-0.026933849,0.38605422,0.32179797,-0.22439422,1.2650056,0.33217055,0.30519313,-0.10805476,-0.2368213,-0.26013923,0.43994403,0.6441086,0.58578473,-0.22153792,0.33741343,-0.117641956
1306,0.2538516,0.6755154,1.1586517,-0.632791,-0.073533714,-0.4836484,0.10040009,-0.28254592,-0.06712818,0.207605,0.18208706,0.7842297,0.56158483,-0.05426386,0.36714602,0.42728195,0.2104482,0.45819432,0.29697794,0.30181992,0.8564048,2.3538675,0.2760886,1.4763117,-0.42067853,0.37223452,1.7688421,0.058925837,0.35550332,0.5433352,0.07132214,-0.03643948,1.033133,0.13990366,0.37981355,1.4088792
1307,-0.049313247,0.011808306,0.090452075,-0.08861983,-0.2438766,-0.1867336,-0.11227214,-0.36635187,0.009661198,-0.012227356,-0.049517214,-0.14311463,0.0700928,0.16905476,-0.062038124,0.17420566,0.117908895,0.24814689,-0.06160295,-0.11136788,-0.59709877,-0.099297166,0.27711916,0.090385765,-0.119743586,0.042904258,0.24209788,-0.13270995,0.18860868,-0.20903707,-0.13669926,-0.1145761,-0.7676504,-0.12627369,-0.034635127,-0.06671178
1308,-0.46474904,-0.2396783,0.13072453,-0.6952549,-0.43114725,0.32786235,-0.52909976,0.1971681,-0.22305837,1.0598614,4.6970625,1.0488385,-0.1845352,-0.20416528,0.44169822,-0.16438317,0.19828409,-0.09406197,0.06137605,0.15467304,-0.23422527,0.13096061,0.023899723,0.35555908,0.1832617,0.31663465,0.1792083,-0.038789503,-0.39753827,-0.47847494,0.38324505,-0.22056153,-0.22492832,-0.052763537,0.10753775,-0.20691183
1309,-0.09172019,0.38881314,0.10387057,0.17201853,0.08648723,1.024534,-0.45167962,-0.92962456,0.09841478,0.25437772,0.29389143,0.6384406,0.63952315,-0.19915538,0.16901281,0.044091523,0.4522705,-0.22567105,0.28264004,-0.08628723,-0.24490638,0.41787657,-0.3975917,0.5790764,-0.6581845,-0.0014932617,-0.73667765,-0.21288064,0.010919094,-0.22344232,-0.34155864,-0.027424932,-1.4654942,0.9983652,1.1143903,0.2713276
1310,0.41578788,0.2646014,0.12651002,0.0017863512,-0.30543786,-0.73052746,1.4944942,1.1795613,1.175654,0.013726726,0.42011267,-0.028556645,2.0120404,0.08538765,-0.049304336,-0.12626383,-0.33547354,0.034364223,0.14810503,-0.19077083,-0.2829827,-0.32305512,0.06466417,0.057692528,-0.030354634,-0.070736766,-0.106743455,-0.06347008,-0.033232242,-0.19814992,-0.22347772,-0.18512155,-0.006701112,-0.18671374,0.13314533,-0.13044357
1311,-0.14298144,0.010089099,0.14030132,-0.038526893,-0.2819468,-0.56274533,-0.17625812,-0.023275435,0.008259758,-0.26369506,-0.06579268,-0.06362124,-0.045964733,-0.29552427,-0.40924025,0.485103,-0.08392313,0.34896272,0.15379333,0.6079945,-0.36634386,0.25890195,0.088431805,-0.18788385,0.33695835,0.5366857,0.59768844,0.87089854,0.25773066,1.334482,0.9967455,1.3093445,2.5510068,0.10997474,-0.20913512,0.44097036
1312,0.006161809,-0.08460146,0.09119439,-0.19141513,-0.15560475,0.04675579,-0.024439812,-0.21647014,-0.22388843,0.14341271,0.46278915,-0.09351426,0.12994921,-0.06979239,0.021313548,-0.0051623583,0.12109417,-0.04121799,-0.04874742,-0.13775885,-0.44053936,-0.12337679,0.060480654,0.09069729,-0.3176015,-0.035567224,-0.3622508,-0.2859764,0.21051836,0.3632758,-0.14746559,-0.18785617,-0.43508303,-0.10026848,-0.0814091,0.28253043
1313,0.8010049,0.43629858,0.2250393,0.011107624,0.53661287,0.9078822,0.0030958652,0.11787617,0.84470206,-0.28676537,-0.54827225,-0.13471007,-0.06022711,-0.048782084,-0.7825993,0.052479595,0.3021611,0.9402995,-0.099910855,0.27388915,0.07310662,-0.2931775,-0.6718743,0.13787818,0.3772443,0.0015548468,0.24097604,-0.19557282,-3.458778,0.23932493,0.26656646,0.88616455,0.13413037,0.17831689,-0.2997322,0.0585168
1314,0.015678048,0.026022613,-0.42276287,0.14551014,0.5035627,0.20212376,-0.37807804,-0.18823569,0.16518232,-0.22347581,-0.5628722,-0.035128295,-0.22778952,0.14840218,-0.018588006,0.5946676,0.006631732,0.06998977,0.12737831,0.46928298,0.020515606,0.06948733,0.11688036,0.3233953,-0.05105406,-0.25012854,-0.110686556,0.7058501,-0.42444187,0.0104729235,-0.2008723,-0.14462225,-0.059198022,-0.013886154,0.45696056,0.5460927
1315,0.104901016,0.057148248,0.3166023,-0.023658395,-0.10643357,0.12181318,0.014594793,-0.5804979,0.27938226,0.077403426,-0.24401635,0.022468686,-0.30884862,-0.095629975,-0.16184872,0.31574082,-0.18211868,0.38411164,0.088929415,-0.19977087,-0.08657956,0.56755114,0.15946108,0.0042716265,0.28891182,0.46603864,0.010474622,-0.22262979,-0.051552862,0.020189524,0.013409257,0.1386123,-0.3510967,-0.196845,0.23448637,-0.103371695
1316,0.281075,0.2546455,0.180852,-0.14772859,-0.3588305,-0.8901341,0.0020457804,0.02403593,-0.0016658306,-0.3830501,0.28047797,-0.054861963,-0.6917727,-0.496603,-1.066273,-0.48890024,-0.21056,0.33650103,-0.07226629,0.3382729,0.14010039,0.44275352,-0.781969,0.24109733,0.44246113,0.42723203,0.23798332,-0.3532594,-0.010104047,0.19160756,-0.45984706,0.033244252,-0.22748682,-0.07782705,-0.57194734,0.50227374
1317,0.42457163,0.79931176,0.12594491,-0.012541354,0.46968508,0.44297278,0.48127088,0.17222297,0.053945392,1.2397344,0.37450886,0.13714594,0.6171766,0.14674494,-0.00075638294,0.40520042,0.22303475,0.39573038,0.59688807,-0.24607098,0.82273054,0.2912496,0.62101805,0.28610927,-1.0545849,0.21283218,0.9130994,0.15325135,0.27111712,0.039186686,-0.051367044,0.005439222,-0.48315716,1.0291882,0.3864365,0.31182885
1318,0.34818652,-0.040601254,-0.20902345,-0.09908861,-0.37254182,-0.47601485,-0.014977574,-0.7089535,0.21547732,-0.39502826,-0.14036086,0.5975686,-0.3356781,-0.2808318,-0.06578532,0.1077075,-0.1827127,-0.2026785,-0.08347547,0.18352932,-0.21098453,0.18096584,0.15450943,-0.14971352,-0.16331077,0.5240089,0.29744118,-0.39243782,0.30111355,0.29635733,0.24373102,0.11493915,0.1005286,-0.2712179,0.5474845,0.31499445
1319,0.559555,2.114566,1.6260656,1.1047868,0.7818241,0.15542132,0.22639608,0.6316597,1.3658813,-0.541097,-0.57489574,-0.6095137,0.37385833,-0.10802604,-0.2893483,0.024084687,-0.115379155,-0.54584086,0.029188335,-0.30488133,0.19597074,-0.12600455,-0.25352353,0.33771905,-0.43386763,0.49063393,0.41861007,-0.3142028,-0.2475407,-0.0013633966,-0.22373915,0.083170086,-0.079770155,-0.286399,-0.014939189,0.3825497
1320,-0.4415387,0.08007324,-0.32938993,0.11725134,1.0561779,3.7705655,0.6335001,-0.3023495,-0.078035966,-0.26527077,0.3124562,0.19224377,-0.2603276,-0.1579132,-0.21150868,0.44393057,0.101142704,0.40540606,-0.35616633,-0.38003218,0.1259252,-0.16995238,0.3175888,0.3896641,3.8137846,0.2958264,-0.10315978,-0.08054003,-0.06254612,-0.3640726,-0.47010306,-0.047038488,-0.17979461,-0.008620068,-0.21195406,-0.112985045
1321,-0.26058245,-0.27724707,0.3350615,-0.19042397,-0.26150388,-0.18831474,-0.2685933,-0.24771458,0.31213915,-0.11687958,-0.13758008,-0.42082244,-0.13771164,0.1340127,-0.10388025,0.3525204,0.28236473,0.1087122,-0.06365448,-0.25262415,0.06509137,-0.03412521,-0.022308052,-0.07502665,-0.45526293,-0.23810518,-0.20771393,0.53823376,-0.17419448,0.32918477,-0.12372005,-0.21607223,-0.2597106,0.060107887,-0.13366246,-0.6465845
1322,-0.33205837,-0.43818977,-0.15650773,0.16187662,-0.049289405,-0.10538638,-0.027688026,-0.28618968,-0.3190993,0.010469258,0.028101414,-0.05006087,-0.14218736,-0.045312583,0.6410998,0.029510498,0.15555239,0.016553044,0.20417261,-0.07693598,-0.10168862,0.21495402,0.0044690967,-0.23016751,-0.23260856,-0.13060164,0.20176107,0.086674415,0.20805825,-0.22488546,0.015236139,0.04319763,-0.6393553,0.29085445,0.42269087,0.4217732
1323,-0.27226144,-0.29101944,0.1142593,0.010705888,-0.0999088,-0.31730962,0.56048304,-0.64084804,-0.14523184,0.29282486,0.2536338,0.40524545,-0.13069777,0.10802587,0.49119872,-0.09358816,-0.45265856,-0.40809977,0.043601096,0.13830553,-0.4090756,-0.50225383,0.7181845,0.072466075,-0.9571167,-1.2075016,-0.6985995,-0.10517228,-0.16712737,0.06466818,-0.5365468,-1.1147494,-0.62509054,-0.30891526,-0.29646644,-0.21957958
1324,0.8180861,0.58768535,0.6401055,-0.30980626,-0.094504416,0.19517899,0.426816,0.7428447,0.40284547,0.02335924,0.03476444,-0.059539855,0.42765623,-0.18364504,-0.014836907,0.9553951,0.1332258,0.95289016,0.24328557,0.12791008,-0.16683316,1.6705961,1.2318262,-0.31331915,3.6898043,4.6759543,2.7691557,0.12951158,0.4670115,-0.03021282,1.7307943,2.3983123,1.2150133,-0.13450366,0.12754989,-0.05331111
1325,-0.059455037,-0.15269086,-0.063569784,-0.18126628,-0.3756793,-0.14383811,-0.03738475,0.0021221042,-0.17578034,0.83795506,2.0364723,2.0184407,0.25588477,2.632536,2.3166738,-0.28220564,0.24297135,-0.11314291,-0.029527366,-0.3087008,-0.5354274,0.10617769,0.26093373,-0.4077432,0.65426534,-1.034364,-0.3836127,0.017494977,-0.30568174,0.2333005,0.11063334,-0.52555305,-0.15796879,-0.2514146,-0.1910397,-0.23979025
1326,0.08951074,-0.72598374,-0.17695159,-0.041473478,-0.3417257,0.11340845,0.09832162,0.11118889,-0.10820067,-0.02711834,0.40707177,-0.11320737,-0.4852256,0.04570079,-0.05605215,-0.19504756,0.44967628,-0.25930446,0.7196217,0.1260449,-0.15409753,-0.04941833,-0.5738958,0.18038046,-1.4862638,-0.02227351,0.18203908,0.45398873,0.056113362,-0.27633843,-0.3486598,-0.541189,-0.6615441,-0.31411487,0.12822041,-0.12912297
1327,-0.037685692,0.011281669,-0.10066267,-0.005850494,-0.72417146,-0.14541987,0.03341329,-0.35197908,0.05746925,-0.44562516,-0.022198915,-0.045791067,-0.15820333,0.16162342,-0.51884574,0.50057554,-0.9802452,0.20741308,-0.4532089,0.07744086,0.25544524,-0.37543616,-0.381308,0.5741925,0.0009601116,0.78607565,0.44833705,0.37123972,0.60807353,-0.05659014,0.22359517,0.6497493,0.8950963,0.35617897,0.13462451,1.044839
1328,-0.031741977,0.032394677,0.034357905,0.07860613,0.02960813,-0.34334254,-0.3889129,-0.17648208,-0.061187267,-0.14817461,-0.026120484,-0.16949826,-0.6980257,-0.5005383,-0.0742054,1.0869021,0.37104416,0.647174,-0.39095137,-0.4388728,-0.00526686,1.1902963,0.69286436,0.20918629,4.611625,3.0796163,1.0052989,0.49255276,0.0028417408,0.064750075,1.9899485,0.99623364,0.4653715,0.024737298,0.014419556,-0.07353613
1329,-0.39014542,-0.34353653,-0.4174726,-0.70659554,-0.13305187,-0.055651307,-0.5071112,0.43237704,-0.29946122,0.78476465,-0.100908116,0.60655856,0.050545067,-0.106514454,-0.5036609,-0.5197828,0.19840913,0.32959512,1.1665635,0.120601475,-0.17941195,0.24465978,0.46034312,-0.051396787,0.3096472,-0.73621064,-0.07878137,0.22120535,0.07622334,-1.1184603,0.33184266,-0.32869297,0.20821008,-0.34472358,0.7185821,-1.2042034
1330,0.76770896,0.20744771,-0.040240943,0.02197814,0.3898676,0.40361604,-0.3154161,0.7519442,0.09704587,0.16151638,0.28449214,-0.037342727,-0.09867408,0.12566546,-0.43591335,-0.36058664,-0.050426245,0.2552044,0.3660425,0.5619196,0.41509968,0.44170964,0.53763163,-0.30513003,0.08074319,0.34164757,0.23480424,0.2036055,-0.010475576,0.102701604,0.038989365,0.20092312,0.8107718,-0.5777302,0.12711872,0.27010423
1331,-0.1444807,0.027848363,-0.6824603,-0.9635229,-0.4506653,-0.41297382,-0.1791299,0.0423119,-0.38781047,-0.09919192,-0.12301421,-0.12959976,-0.45844644,0.35023844,-0.7471813,0.32469493,0.56962365,-0.11512852,0.3231418,-0.539508,0.1277641,0.46530798,-0.41900855,-0.19018883,0.5475041,0.22295967,0.31340918,-0.16785666,-0.32532778,0.6550167,0.5549987,0.898261,-0.00011026859,-0.28890362,-0.39225733,-0.1200974
1332,0.2905572,-0.09267005,-0.30587244,0.62358093,0.9290069,2.6511402,0.53184247,0.29727107,0.06434721,-0.4409025,0.028279066,0.074532986,0.31969583,0.21406001,-0.3453263,0.009069204,0.18006569,-0.444261,-0.25965852,-0.28623512,-0.42221475,-0.031042993,-0.2077893,-0.123524606,-0.22366953,-0.44403642,-0.49322978,0.40734795,-0.21035641,-0.04030627,0.35413194,-0.1873985,1.0138241,0.08576077,-0.3803175,0.6025232
1333,-0.17524037,-0.15559947,-0.10192078,0.3300035,-0.15108639,-0.17467672,-0.24847174,-0.1119335,0.033596635,-0.2619887,-0.3478915,0.33360863,-0.22210544,-0.52549756,-0.35583782,0.48141992,-0.40335453,0.6430127,-0.5055597,-0.09555361,-0.045425534,1.1897982,0.105991125,0.20901614,0.61193025,1.294041,0.35802227,1.3047955,0.74317604,0.43336776,2.0723543,3.4132736,2.3745394,-0.2377834,-0.07582867,0.12189528
1334,0.014528289,-0.04496637,-0.26989818,-0.20211127,-0.56533086,0.22889018,0.14046985,0.023576304,0.024728835,0.18064204,1.1641967,0.88792616,-0.41754168,0.12853134,0.66799045,-0.29103655,-0.21348494,1.3324358,0.101113826,-0.3335798,-0.1172716,0.2095561,-0.07106851,0.0799129,0.3038849,1.0347505,0.7639961,-0.41964743,0.39012867,1.4351221,0.07716,-0.15825313,0.32887235,-0.36854088,0.23718257,-0.15481019
1335,-0.23395538,-0.07861474,-0.07806976,-0.28269252,-0.18448603,-0.04633063,-0.3045088,-0.04734409,-0.15510112,-0.32539248,0.08098531,0.23620036,-0.56264496,-0.1642656,-0.40324783,0.3131416,0.16399312,0.3271209,-0.22374284,0.06523362,0.017995477,0.54624176,-0.18322676,0.030849982,1.8868446,0.9368589,0.33428475,0.6915988,-0.36815014,-0.15594152,0.60299134,1.068284,0.67309636,-0.15168077,0.12900648,0.0013967007
1336,0.04805219,0.55155075,-0.340011,0.29232585,0.5617478,0.1853925,0.52771777,0.050266623,-0.0075770915,1.5038874,2.9363594,0.8747704,2.205102,3.3850098,1.4996126,0.22949171,-0.05823365,-0.1261432,-0.07460445,0.013573289,0.0730561,0.20657152,0.57747453,-0.1266169,-0.004741445,0.33660215,0.24041735,0.1372715,0.4688239,0.40006316,0.009357035,0.5292558,0.45700333,0.17432934,0.3073175,0.41169262
1337,-0.3388729,-0.020640433,0.0031833649,-0.15056345,-0.12580621,0.10758087,-0.13633916,-0.63381934,-0.10962582,-0.12432107,-1.1515789,-0.1845671,-0.54987717,-0.23332721,-0.2846887,0.22887391,0.23338203,-0.017046928,0.3215331,0.489564,0.6681775,-0.42910984,-0.63713455,-0.0066547394,-0.99161386,-0.23089454,-0.11223656,-0.07070103,-0.057825565,0.24892586,0.09703241,-0.42603445,-1.2091305,-0.102806546,-0.08417094,-0.14813328
1338,0.8876495,0.48138732,-0.14222006,-0.289693,0.009041905,-0.10671127,-0.045379072,0.28119493,0.012575567,2.3866565,1.7647547,1.6876634,2.6025126,2.2983685,1.2743335,1.4597212,1.3622557,0.43985045,-0.1687764,-0.19584575,0.14440173,1.7094312,1.1653014,0.1131531,2.8664722,0.5728634,0.2221561,-0.30383945,-0.025886163,-0.100173354,1.3231686,1.0181782,0.48532364,0.85210305,0.52645206,0.068020225
1339,0.062047184,0.07963346,-0.97494704,0.032864213,1.5708774,1.0933659,0.19147092,0.5421603,1.8493886,0.030315816,-0.25538647,0.36022758,0.044445395,0.31787407,0.3361765,-0.032349765,-0.1686557,-0.24932548,-0.016567647,0.07693241,-0.1161561,0.010756612,0.05680269,-0.076925814,0.020888925,-0.0064001977,-0.48517156,-0.08252317,0.0169397,0.06568116,-0.06194806,0.04547465,-0.40991503,-0.079634964,-0.09840961,-0.008970022
1340,-0.17481807,-0.17366976,0.3527614,-0.071431324,-0.13302255,-0.05413215,-0.5892748,-0.30219728,-0.20118308,0.07614422,0.0818467,0.05078709,0.034961224,-0.15114209,-0.21007913,1.1231458,0.5215157,0.6520067,0.019001484,0.31333053,-0.15876293,1.2802793,0.5296712,0.37125814,1.1901461,0.9292762,0.49266732,0.44870976,0.12315937,0.2410065,1.1592488,1.6396966,0.76671135,0.15150237,0.30251002,0.15770555
1341,0.032057345,-0.18507528,-0.21178812,0.022958517,0.05669564,-0.18518084,0.015189052,0.36481363,0.19072407,0.26804107,1.2921292,1.322148,0.1331178,0.5187692,0.38228196,0.17269565,-0.15058511,-0.16489911,0.27213514,0.023970813,-0.052405506,0.2259289,0.11562294,-0.41037276,0.19881707,0.37828714,0.056501806,0.5976407,0.014524519,-0.017841697,0.10682911,0.47789007,0.17269921,-0.34951848,0.26692203,0.2690643
1342,0.54167986,1.0386828,0.11979377,2.9397528,3.1233382,3.013923,1.920495,2.6841652,2.5542402,-0.015337348,-0.2632208,-0.23815918,-0.27407575,0.018733919,-0.16782895,-0.094640404,0.15723214,-0.0039972663,0.07506254,-0.12157363,-0.30566168,-0.017899096,-0.019575804,0.23119327,-0.022019923,0.24889174,-0.012755334,0.07943854,0.028317511,0.06875527,2.467873,0.72629577,0.43422046,1.0718875,1.6280342,0.12516242
1343,-0.0064238906,0.122296095,0.02403517,0.27534014,0.05526027,0.36279404,0.22440368,-0.40732074,-0.38493708,-0.09715098,0.26568177,0.040181637,-1.0703167,-0.24657756,0.03917432,-0.14043215,0.70117354,-0.15574655,0.08443341,0.32370198,-0.31801784,0.274037,0.07866548,-0.13151199,5.2379866,2.2804973,1.1016455,-0.19184029,0.14708428,0.06323448,1.4403323,0.96021503,0.4862361,0.19307068,0.17764503,0.005897522
1344,0.26182687,0.6464818,-0.021885633,0.24383509,-0.097967274,0.5167054,-0.21366647,0.21074131,-0.11215019,-0.08015317,-0.19010404,-0.56532705,0.23295319,-0.20037192,-0.5433346,-0.08268854,-0.334886,-0.54806066,-0.26943663,0.07047388,0.26314986,-0.616061,-0.21357337,-0.59296465,-0.15251791,0.5740263,0.12525415,-0.3835345,-0.21159688,0.25203305,-0.16549864,0.10254737,-0.219163,0.06719291,-0.36399066,-0.26022273
1345,0.49499717,0.5893462,0.442829,-0.1996761,-0.09230369,-0.08725178,0.14575988,-0.04579395,0.0049966574,0.99789345,0.75027835,0.30478406,0.4794615,0.54025215,0.023558442,3.0202246,1.1839244,1.8695376,0.13382491,0.32709232,0.6136615,3.3815632,1.6850334,1.1646608,7.2993727,2.8055627,1.6487,0.6318165,0.4814698,0.955831,2.0769005,2.1736984,2.5582538,0.73980767,0.85918385,0.60121083
1346,-0.013235234,-0.43280283,-0.10864496,0.45795637,-0.5166227,-0.13155887,-0.059732266,0.060569465,-0.23342699,-0.33301672,0.26244718,-0.23107994,-0.6011357,-0.73085505,-0.18586032,0.38753504,0.07016206,-0.085347,-0.66274977,-0.13554358,-0.0546664,0.26466098,-0.4220826,0.2613963,4.0201945,2.4930854,2.0387664,1.6000961,1.4917872,0.80515,4.816265,5.096156,3.363088,0.18560976,-0.09909868,-0.18147594
1347,0.14821085,0.41389504,0.39638144,1.4845221,1.3026876,0.42207488,1.2298627,0.6994349,-0.33953908,0.37878466,0.11238217,-0.34513465,0.17785615,0.06373498,-0.16734627,1.3195632,1.256393,0.55391836,0.34764868,0.15081784,0.34831572,1.9469162,0.5049858,0.32938465,4.7071304,2.8849049,1.0394088,0.32846034,0.16826113,0.021529496,2.6120822,2.3202724,0.8926444,0.07322781,-0.0762164,0.4137172
1348,-0.038347483,-0.23102558,-0.20546314,0.34785485,0.092925936,-0.11543816,0.0052480698,-0.92456484,0.381545,0.29616636,-0.58084154,-0.26404703,-0.059734106,0.32297307,-0.04095012,-0.16884762,-0.017153893,0.065095246,0.5377028,0.45276627,0.22030959,-0.2761401,-0.20116043,0.7358283,-0.3114841,0.10996792,0.16677964,0.19381008,0.26762047,0.33271992,-0.22832465,-0.008350372,-0.23332232,-0.24985251,0.10671866,0.3418631
1349,0.3535506,0.65413654,0.32085714,0.08652496,-0.23207691,-0.6088474,0.04293236,-0.20450674,-0.18637586,0.01606907,0.10901144,-0.0038407445,0.029074997,0.07855898,0.16974792,2.2096562,1.7712599,1.0212483,0.24412054,0.3680804,-0.09670895,1.6184642,1.2734362,2.448483,1.3297282,1.3580093,2.307052,0.10876298,0.054600954,0.13641971,0.083155215,0.5424343,0.65265,0.0118622035,0.36335993,0.09259105
1350,-0.4256066,-0.05348454,0.117991686,-0.6653919,-0.045796186,-0.05315149,0.34800124,-0.59259415,0.2646132,1.0631055,0.13034806,0.08389866,0.7358011,-0.14541015,0.08147037,0.8376565,0.3038174,-0.17190152,0.22701444,-0.2550757,-0.0032454133,-0.60119236,-0.39705735,-0.015361965,-0.20586458,-0.5509095,0.06343913,-0.7035527,-0.2943428,-0.27635622,0.033385754,-0.02796346,-0.37282175,-0.115538985,-0.08145964,-0.0414114
1351,0.74988586,0.23980916,0.40321705,0.16859107,0.1354875,-0.043693855,0.47248417,0.28530237,0.9324802,-0.059434175,-0.52153116,0.51267016,-0.26909798,0.0135650635,-0.4023313,-0.056984246,-0.3923831,0.35860515,0.27058852,0.27617973,0.43387133,0.65055054,0.22193813,0.61015564,2.8843298,1.0223547,-0.24988738,-0.19408047,-0.44879287,0.19414389,1.2474926,1.5696251,0.84954375,0.5534169,0.03331852,0.13371754
1352,-0.15235838,-0.12868008,-0.12530616,-0.12756103,-0.11829758,-0.079432845,-0.044240475,-0.080938816,0.011491537,0.3337479,0.2561511,0.19402552,0.5725921,0.4951573,0.5269546,-0.44783032,-0.0641267,-0.017264664,-0.11808205,-0.003953278,0.013207138,-0.0839054,0.037393898,-0.025543213,-0.084535,-0.32141337,-0.5338167,0.18163022,0.19856277,0.09967035,0.5052619,0.08034527,0.09299815,-0.10632661,-0.17543598,-0.06747794
1353,0.035733357,0.04320669,0.17766619,-0.16230705,-0.12417257,0.10822946,-0.21311358,0.14708889,-0.08690435,0.46698183,-0.041962445,-0.019105196,0.08258331,0.13263649,0.16831613,-0.46399915,-0.060655005,0.62634474,-0.47513795,-0.111607164,-0.08927554,-0.17627281,0.79260135,0.30229133,0.4630071,-0.061375767,-0.020813346,-0.33086157,0.13245341,-0.09127766,-0.3238094,-0.18602169,0.29720291,0.05512501,0.07049894,-0.068689644
1354,-0.5663138,0.30416337,0.080435395,-0.029843688,-0.16234016,0.02674973,-0.18823242,-0.74997723,0.20124829,-0.18065977,-0.78700274,-0.3644097,-0.3024137,-0.256232,-0.2762952,0.06479964,-0.536503,-0.17394805,0.045932174,0.07787718,-0.23201644,-0.27619648,-0.4172273,-0.04446286,-0.7874992,-0.49450007,-0.08930838,-0.016703203,0.14421755,0.12554431,0.32353598,0.11167875,-0.21057418,-0.016753256,-0.24955982,-0.007698059
1355,-0.12160736,-0.24678144,-0.6698518,-0.11167854,-0.032850087,0.23273304,-0.26357347,-0.05008793,-0.38507235,0.13829589,0.16095504,0.5530082,-0.13738912,0.3783362,0.6619292,0.055835724,0.28376213,-0.42437422,-0.18020153,0.44374663,0.27101016,-0.018409193,-0.006481886,-0.2635364,-0.060491294,-0.32836896,-0.34982765,-0.18910623,-0.08055568,0.019214734,-0.11882931,0.11577535,0.24472001,0.08079171,-0.22854257,-0.170264
1356,-0.01976949,-0.41600186,0.10299188,0.29885218,0.090072334,0.10051203,-0.59557813,-0.8671019,-0.17452466,2.1231115,1.3594534,0.26593792,-0.67985296,-0.21358985,-0.06440884,0.5344318,0.2878011,-0.1215192,0.70555913,0.74390095,0.12372607,1.0850644,0.26005447,0.15677047,1.7153386,0.1949979,-0.1267499,-0.27590412,-0.3773606,-0.02923143,-0.115333796,-0.10992406,-0.4286487,3.1919637,1.7208757,0.07705295
1357,0.21457829,0.36297053,0.18349946,0.22139499,0.24494046,0.09647095,-0.007782817,0.038035035,0.13627481,-0.028032541,0.103646874,0.28018093,-0.107010484,-0.067923784,0.13675772,0.19324458,0.031248689,0.47433805,-0.20591664,-0.13845605,-0.09333587,0.35798723,0.39636174,0.24792713,0.2472285,0.545305,0.4390132,-0.029329538,0.26207504,0.22542119,0.23371339,0.352409,0.40031844,-0.044330165,-0.004018545,-0.08092117
1358,0.2792349,-0.20156494,0.10842979,-0.09496474,-0.038156204,-0.19189715,-0.53913164,-0.3579559,-0.09618032,-0.1314801,-0.14398882,-0.15876597,-0.41222447,-0.19949377,0.045856357,-0.6036322,-0.25787547,-0.048263192,0.066440225,-0.12891638,-0.012295067,-0.046957374,-0.12681043,0.021740377,-1.2511708,-0.31486356,-0.30118924,-0.29894698,0.3166706,-0.049613416,-0.1948461,-0.08907485,0.0068750978,0.016995393,-0.041182786,-0.061190248
1359,-0.09923673,0.51317257,0.114298165,0.08652878,0.19482502,0.59837186,-0.35401383,-0.62529635,0.09337628,0.22833256,-0.35076237,0.210706,-0.19985816,-0.03443587,0.079840004,-0.020132616,0.005976677,0.019169569,0.14134985,-0.33939767,0.09921208,0.17595011,-0.14340708,0.09334397,-0.5194886,-0.07557893,-0.19154727,0.055469513,-0.21776614,-0.25307924,-0.20985284,-0.64252687,-0.5212798,1.7221334,0.9206747,0.33251774
1360,0.3117994,0.30188024,0.013521731,0.23493817,-0.05999148,0.07067013,0.36532277,0.15137601,-0.08995366,1.0863554,0.0024508834,0.06286621,0.16003227,0.068597525,-0.12651739,0.92972696,-0.0492917,-0.007494688,-0.29338264,-0.0064679384,0.044785976,0.99363023,0.40500295,0.030475229,3.4687645,0.4972904,0.1255188,0.4248399,-0.063001335,0.04313135,0.731043,0.30908346,0.08341342,1.2676165,0.030947804,0.075413406
1361,-0.11706248,-0.48550528,0.31998807,-0.011514366,-0.06904963,0.064428754,0.17864656,-0.4919136,-0.11209686,-0.0975132,-0.8050416,0.069629505,-0.16207051,-0.79327744,-0.093690455,0.045918703,0.18738717,-0.1437259,-0.14641833,0.6856063,-0.28865957,-0.2916478,0.7176446,-0.26086625,0.35422063,-0.07282063,-0.06298727,0.03398326,0.23530453,-0.0002577994,-0.17054045,-0.38669646,0.11298579,-0.25520265,-0.0038837492,0.08148551
1362,-0.07096358,-0.05317855,0.03679514,0.18157616,-0.25038427,-0.2338624,-0.29805797,-0.071145535,-0.030138135,-0.115089,-0.23766404,-0.029040933,-0.19541788,-0.38323376,-0.29610237,0.8774884,-0.0944792,0.6227021,-0.20894146,0.062568784,0.060517192,0.47611782,0.012973905,0.028734028,1.0303726,0.6256249,0.42142805,0.48464978,0.18724382,0.27106678,0.6835668,1.4293418,1.083363,-0.10633576,-0.03358662,-0.07162112
1363,-0.34080085,-0.20643723,0.06045729,-0.40444475,-0.21853101,-0.8059246,-0.16607994,0.30115297,0.15839326,-0.3741176,-0.26533327,-0.06356174,-0.04588382,-0.65872186,0.09731442,-0.066835165,-0.12409786,-0.2361393,0.66280526,-0.25920087,-0.014165521,0.32809627,0.37622303,0.043665707,-1.1901114,-0.5885004,-0.12007874,0.12793392,0.6972612,0.04508841,0.44070283,0.4621132,-0.009851992,-0.26749724,0.27349705,-0.3528949
1364,0.134253,-0.12815343,-0.043466628,0.46701503,-0.10123192,0.0038449764,0.35608947,0.090152666,0.06893206,3.7503135,0.99947834,0.3028168,4.6898713,2.4952588,0.9704503,-0.06947994,0.12577558,0.07043713,-0.2788083,0.046750993,0.034826994,-0.015257746,-0.073066324,0.008130193,0.01877857,0.007868387,-0.118930876,-0.48655692,0.029402941,-0.027598262,-0.53627646,-0.09437898,0.05999589,0.07480939,-0.066348076,-0.09204948
1365,0.8259193,0.3669486,0.17658141,0.33008796,-0.4217629,-0.098710775,1.8167825,0.73223084,0.09233004,0.13780184,-0.057205975,0.23786908,1.6270874,0.67565227,0.19052939,-0.25645062,0.4958821,0.25300163,0.17773777,0.036906272,0.19048673,0.020645231,0.18969665,0.2517488,2.771439,1.3128034,2.29175,0.28915083,-0.41732073,-0.31198674,0.18460143,0.16073245,1.153217,0.2090967,0.24131238,-0.5373455
1366,-0.19638997,0.054954827,-0.5675577,0.031086683,0.020138502,0.32717115,-0.005016774,-0.027277231,0.22132611,0.023408145,-0.19882733,-0.3753186,-0.21909013,-0.04437681,-0.65746945,0.3653223,0.124949194,0.20395947,-0.041183233,0.11859119,0.1517633,-0.4620939,0.17198545,0.29331774,0.38511086,0.18506253,-0.18101186,0.19670226,-0.10761958,1.4932514,0.48742467,0.43720314,0.4406929,-0.04092723,-0.07106626,-0.10419604
1367,0.21250868,0.015491009,0.15539527,-0.55820364,-0.11936915,-0.14379084,-0.513728,0.15029407,-0.31520778,-0.2706683,-0.25507736,1.0834663,-0.07495558,0.15897685,-0.007834032,-0.36860472,0.20387506,0.08819401,0.08556408,0.22286104,-0.35024986,-0.72530735,-0.47730815,0.031685516,-1.363998,-0.95101976,-0.7116429,-0.1347159,-0.27947247,0.021308243,-0.20448208,0.02863592,0.28128183,-0.26752985,0.026525334,-0.1425215
1368,-0.15453734,0.12641591,-0.5146514,-0.17924958,0.89679563,1.2310432,0.29860988,-0.49491608,-0.2656898,1.0221742,1.6980364,0.57228404,1.4915981,0.940023,0.80739003,-0.14925456,-0.5521908,-0.49222308,0.051517565,0.24628282,0.3498499,-0.3526044,0.19750631,-0.27472103,-0.7695584,-0.032491915,-0.39392465,-0.46838325,0.2266562,0.15614587,-0.265741,-0.45056725,-0.24846128,0.10403746,-0.2864905,0.05217649
1369,0.3666374,0.44209582,0.38592082,-0.079562545,0.4560277,0.38852835,-0.056759417,-0.57325196,0.13351807,-0.3036586,0.120266974,-0.090942174,0.02088514,-0.17057665,-0.01573193,-0.13234878,-0.06627056,0.71734124,-0.017053634,0.20674685,0.007014394,0.38833088,0.039553583,-0.08448708,0.18263093,-0.22417197,0.23503527,-0.0016913414,0.07963377,0.4035061,0.29894483,0.15017915,0.70560384,-0.43004,0.52130485,1.2511926
1370,0.41620216,-0.17702125,-0.13043678,-0.06214714,-0.09353927,-0.18205333,0.044380188,-0.3268726,0.13590902,0.6357386,0.022843823,0.3487795,0.027098775,0.4662097,-0.013941884,-0.000960201,0.03316076,0.40461236,0.25388962,-0.17946772,-0.022292495,2.70331,0.6200489,0.14006186,0.22369668,1.627735,1.3071315,0.30973232,0.82146,0.032687306,-0.32122397,1.552534,0.37305856,0.026474237,0.210998,0.028740048
1371,0.44334567,0.037641168,-0.010114193,0.07228309,0.1005804,0.35379833,0.7704864,0.20576298,0.015166402,-0.29799104,-0.2731536,0.04045278,-0.059001595,-0.016127367,-0.03745234,2.1451457,1.4801296,0.14940542,-0.23263988,-0.17302613,-0.015080571,0.7778026,0.9190211,0.5782162,0.98126024,1.2355953,0.9093529,-0.120373905,-0.2488094,-0.10544944,-0.23723534,-0.5377147,-0.29005176,-0.26535863,0.081038445,-0.15414566
1372,1.6374944,1.6919312,0.6594831,4.085622,0.06929899,0.11508572,2.7556362,1.7646106,0.14176643,-0.12249631,0.21366219,0.2609644,2.5310583,0.9403862,0.44462547,0.45324385,0.25053698,0.021452427,-0.051716983,0.13850541,-0.27789134,0.21236923,0.53288585,-0.17463833,4.5051603,-0.14430027,-0.35119513,-0.12856674,-0.073307,0.0035296082,0.17468011,-0.12037976,-0.08979049,0.37021893,0.22481728,0.076294184
1373,0.37031284,1.2140664,2.2197847,0.18487248,0.72024786,1.496834,1.0353489,0.4621948,1.6942453,1.4741962,1.0569896,1.9308662,1.8643371,1.9527385,1.1972685,-0.10207996,-0.036700964,0.05572796,0.4536087,-0.15434396,0.18994144,0.019311607,-0.10469633,0.061650902,0.011472642,0.12217733,0.045835108,0.025472924,0.04860747,0.19801636,0.05874294,0.001886189,-0.36960486,0.11991489,1.1917013,0.9767448
1374,0.16581476,0.1725099,0.23746347,0.5838982,0.041096605,0.13745248,-0.44926357,0.4141893,0.13686252,-0.19627357,-0.09843665,0.02528894,-0.0971718,-0.29714182,-0.17413306,-0.6848278,0.039696336,-0.00693506,-0.6115007,-0.095451444,0.020230532,-0.15328407,0.18727785,-0.22339302,-0.30760485,-0.22549751,-0.05094266,-0.35116756,0.3213374,-0.16717136,0.085133195,-0.49654326,0.25498188,0.46887982,-0.17223501,-0.2288881
1375,1.1290689,0.4895616,0.17308575,0.08370799,0.076087646,-0.24416709,1.1034212,0.5140627,-0.10871947,-0.018868208,-0.31362396,-0.031339645,0.87297416,0.60291666,0.059036136,-0.29989144,0.29708737,-0.034062505,0.7241193,-0.013579376,-0.20941472,0.45622665,-0.32892424,-0.041175306,-0.066623926,-0.13460192,-0.25366235,-0.25344372,0.42325288,-0.2296902,-0.16145444,-0.15483546,-0.16789316,0.08463314,-0.11415851,-0.1719364
1376,0.059393167,0.28553113,0.08516091,0.0031887293,-0.55647224,-0.103594184,-0.36587864,0.18851,-0.12732649,-0.09831935,-0.101843484,0.2656994,-0.4546612,-0.3845971,0.16910571,-0.0733639,-0.14988936,-0.07121205,0.30376157,-0.065423556,0.07915223,0.31056082,-0.18765152,0.049565554,0.060747802,0.16857868,0.16014826,-0.34016186,-0.18456668,-0.02636075,0.54831344,-0.10815817,-0.035449326,-0.09351906,0.14031297,0.006875515
1377,0.024094522,-0.06721008,0.015831053,0.45315194,0.01612091,-0.1080122,-0.0029003024,-0.32619882,0.12661141,-0.33602586,-0.13529414,-0.10434526,-0.8229327,-0.20836914,-0.3785725,1.0030543,0.0035037994,0.7722956,-0.09496224,-0.06014681,-0.02239567,0.5706382,-0.059945915,0.10918313,1.5788975,1.8866242,1.5847939,0.018216088,-0.010000553,-0.020546854,0.8316826,0.5671578,0.6254028,-0.0073413253,-0.03307444,-0.1300559
1378,-0.09524121,-0.045871407,-0.35161984,-0.28744352,0.2671438,-0.17010516,0.099778116,0.6522916,-0.1461618,-0.15640914,0.2697874,-0.0011982918,0.18385798,0.055736642,0.09582992,-0.20854789,0.46376064,0.027169228,0.053491473,-0.21242122,-0.057444036,-0.41019595,0.1383087,-0.07607627,-0.64379257,-0.13134015,-0.20548159,0.5126324,-0.016379714,-0.3694519,-0.36331826,0.25532383,-0.15809417,-0.006790042,0.072550386,-0.66310215
1379,-0.3242842,-0.086146414,-0.07663524,-0.08245152,-0.10665873,0.09274721,-0.12751365,0.15655658,0.0864808,-0.2887246,-0.12444794,-0.09714067,-0.3193226,-0.20457134,-0.18565714,0.42347777,-0.24407464,0.102883875,-0.18038917,0.009993732,-0.10597217,0.3255114,-0.103764296,-0.0065196157,1.3327949,0.9926529,0.3726326,0.62625533,0.10751122,0.2093094,1.1586297,1.3626785,1.1542355,-0.21956106,-0.06788063,-0.08582902
1380,0.111774445,-0.03833294,-0.18484855,-0.094399154,0.03200549,-0.15346414,0.13505943,-0.167178,-0.2772131,-0.42535406,-0.67396635,-0.61861813,-0.1790114,-0.2275495,0.052778542,0.38547316,0.14488891,-0.1161077,0.3640334,0.18942687,-0.29378062,-0.36345947,0.01913315,0.5259496,-0.5778372,-0.1459401,-0.47709596,0.59766483,0.26773906,0.6528814,-0.1062848,-0.08523142,-0.04956168,0.0072431266,0.13653833,0.25929165
1381,0.50595784,0.58028907,0.18159825,-0.08068943,0.34572774,0.24585795,0.13086808,0.108304024,0.041197985,0.31617847,-0.113503754,-0.100737154,0.2713251,-0.18274859,-0.15202236,-0.30131936,0.14045858,-0.45570442,0.17503953,0.038363755,0.1726507,-0.36464143,-0.06810826,0.051023245,-0.33842325,0.04686095,-0.0010466576,0.124248326,0.11743659,0.21465048,0.47301358,0.060525775,-0.33940256,0.118183255,0.42722327,-0.15909785
1382,0.078709245,-0.124914065,0.27043393,-0.47364432,-0.13699654,0.099134505,-0.10873783,-0.04868263,0.041835427,-0.03044644,-0.27172095,-0.24182409,0.071995854,0.13434327,0.24506915,-0.3897961,-0.5306262,-0.03699732,-0.19656509,-0.051938727,-0.16051918,-0.30289257,-0.26362714,0.073405504,-1.1550398,0.11834137,-0.08696005,-0.21587473,-0.047341436,-0.027936816,0.23718672,0.08253257,-0.2668098,-0.42561695,-0.11754994,-0.009247243
1383,0.71105075,0.14943628,-0.056895792,-0.07178205,-0.1789785,-0.007887721,0.5932344,0.015646815,0.21108079,-0.12166509,-0.24188724,0.036631286,0.8128162,-0.14337811,-0.12577909,0.31200722,-0.23983242,-0.20135593,-0.28908128,-0.020432264,-0.13901645,-0.31293786,0.37742308,0.007210374,2.0481668,-0.35227698,-0.1894297,-0.030777633,0.068503216,0.11225468,0.4646589,-0.30176884,-0.29870868,-0.21458352,0.20876127,-0.04381311
1384,-0.1255784,0.5654559,0.53152585,-0.13025421,0.14083034,0.26004678,0.35739115,0.360019,0.28051203,-0.6873126,0.65377295,-0.4562553,-0.27572274,0.32350117,-0.36039335,-0.005935967,-0.24485517,-0.12236124,0.0031693578,0.8064123,-0.4832108,0.06287894,0.17724569,-0.08232133,-0.26693442,-0.09532063,-0.45892638,-0.106056124,-0.683571,0.39244574,-0.4100229,-0.4437687,-0.124013335,0.24059692,-0.39013684,0.13663083
1385,-0.07791552,0.13953282,-0.016936898,0.10916351,-0.27127367,0.16106424,-0.3614444,-0.091364145,-0.1580615,-0.18735191,-0.44575965,-0.1869303,-1.0640321,-0.14376882,-0.21900463,0.874722,-0.56879866,-0.045882344,-0.35004672,-0.35422522,-0.047145486,0.7057399,-0.11624119,-0.16032144,3.3761058,1.5708642,0.5707587,2.3296602,0.61770725,0.5262014,2.8433716,2.8698225,0.6565857,0.17926632,0.023142815,-0.14372528
1386,-0.29555243,0.047037065,-0.21464431,-0.15585572,0.032336354,-0.19425194,-0.4356693,-0.13104904,-0.07601008,-0.069296524,-0.2634378,-0.22099882,-0.62355834,-0.3656909,0.0847831,-0.07099058,-0.47215354,0.10028696,-0.56234324,-0.12844944,-0.061661124,0.054335624,-0.25901997,-0.4173958,1.1044211,1.9481258,1.027042,1.4425051,-0.16903126,0.35838878,1.9200783,1.9958522,2.1714382,-0.19262332,0.083164394,-0.17806566
1387,0.08387027,-0.05501578,0.8935898,0.6113868,0.08882945,0.11478743,-0.057133544,-0.10674644,-0.16927287,3.0265222,0.38834748,0.6373833,1.7628956,2.3251674,0.44608858,1.3641665,0.64780265,4.7832685,0.31973067,-0.10657726,-0.10585785,2.577385,1.2023352,0.37824595,7.561212,0.94570243,1.0182778,-0.09026989,-0.12747782,-0.090305805,0.057510763,-0.27709633,-0.13994908,1.015653,0.19652387,2.1397543
1388,-0.036981106,-0.07882336,-0.0660243,-0.24414068,0.14634728,-0.18182194,-0.13751872,-0.53988945,0.04469192,-0.45594478,-0.6629306,-0.3565856,-0.408284,-0.22119233,-0.33976722,0.5045817,-0.3387197,-0.042715438,0.26334986,-0.18088737,-0.07417178,-0.14374143,0.2474075,0.16129594,-0.59244627,0.15688768,-0.08431071,1.3881915,2.3070107,1.5667274,0.21076715,0.035137087,-0.12089813,-0.36231366,-0.093756035,-0.2306728
1389,0.032342017,0.06268722,0.01509583,0.019451737,0.20409214,0.44495958,0.00019347668,0.07398713,0.12330663,-0.106735945,-0.19139978,-0.17831129,-0.19145203,-0.17645952,-0.08278,0.014200807,0.0046555847,0.03192258,-0.024652481,-0.041127264,-0.1321134,-0.012655169,-0.29032874,0.04343885,0.5450001,-0.0999582,-0.04870385,0.10841668,-0.094463855,-0.030902922,-0.07419634,0.16129367,-0.056329906,0.06442872,-0.03172207,-0.1598233
1390,0.26264238,-0.17623568,0.07584804,-0.082671285,-0.30688357,-0.012251347,-0.20478547,-0.1967954,-0.2787158,-0.047963917,-0.015946865,0.06675315,0.146364,-0.04587236,-0.28898233,-0.29738408,0.30987984,-0.049200177,0.16967085,0.0855425,0.22386712,-0.12529242,-2.033184,-0.005016297,0.04136002,0.07016033,-0.010149807,-0.0988155,0.48708272,-0.0538463,1.0909531,-0.18997546,-0.30728337,-0.32285953,-0.5161663,-0.016613245
1391,0.66339886,0.37544668,0.3191682,0.110236004,-0.1652565,-0.09507269,-0.1186651,-0.259051,0.17896318,-0.4749573,-0.6804773,-0.22968352,-0.3728814,-0.5319038,-0.5158901,1.068844,0.27935642,0.79553765,0.119077206,0.21383852,0.04055935,0.6485617,-0.38113368,0.2507342,1.1266333,1.0874629,0.7052469,-0.12814336,-0.07640758,0.15180707,0.27853703,0.33448374,0.31810248,0.03547318,-0.02447939,-0.032503128
1392,0.66951543,-0.13331246,0.16163635,-0.16099578,0.09703052,-0.19432744,0.29399955,-0.36245012,-0.27288866,0.4309381,-0.5646933,-0.3383397,0.5650496,-0.10170752,-0.16588205,0.10322714,0.11905831,-0.028715968,0.0002939701,-0.0135294795,-0.37435538,0.39794084,0.18928528,0.033625215,-0.72309256,0.21179485,-0.15318209,0.054565042,-0.18119167,-0.12537211,0.08343625,-0.46804547,-0.6317166,0.58269393,0.02145809,0.3648529
1393,0.118431985,-0.1314373,0.06379235,0.15948713,0.434604,0.3323816,-0.31602335,-0.71910167,0.16251856,-0.18464148,-0.3062694,0.022889733,-0.04400748,-0.41295123,-0.1300618,0.13880259,-0.2299754,0.057281613,0.006653622,-0.05847943,0.0100441575,-0.32817793,-0.13843256,0.0076272488,-0.17421848,0.18161885,0.14474726,-0.22218126,0.021848701,-0.09133589,0.44870415,-0.13578558,-0.37066695,0.6377029,0.4429934,0.030771375
1394,1.6313919,0.4540058,0.16630483,1.6224685,2.6942337,2.6910727,3.475276,2.5353165,1.3342862,1.7264167,1.3250093,0.29795766,1.7245504,0.7272925,0.41075167,-0.62513065,-0.32253456,-0.08259535,0.3012267,0.045519084,0.049277067,-0.64227617,0.018110037,-0.06526959,0.26555365,-0.18288124,-0.10941392,-0.4602704,0.2667122,-0.055852354,-0.27992117,-0.70103323,-0.49666333,1.7272788,0.7283809,0.060493827
1395,1.2605414,-0.0713302,0.089733005,-0.1319858,-0.72007054,0.24160188,-0.3933375,0.068071164,-0.18425247,-0.08008608,-0.9523158,0.054005742,-0.78686285,-0.31207192,-0.5414338,0.37074527,-0.03462021,0.629191,-0.0949069,-0.1691035,-0.20625669,1.8315302,-0.4923305,-0.1830638,0.01515007,-0.14313829,-0.025085747,-0.6455164,-0.546054,0.0029367208,-0.3150519,0.03520888,-0.053865016,-0.55644155,-0.2129597,-0.2383712
1396,0.49039555,-0.26307702,-0.15483135,-0.6978214,-0.03993474,-0.15835059,-0.24577123,0.18461591,-0.09272361,1.1082523,2.1046429,2.6816185,1.2445049,1.0725856,1.6280037,0.0019441843,0.16225648,0.062547445,-0.14877164,-0.0039079785,0.00096553564,0.060702547,-0.0209167,0.023909032,-0.06636095,-0.015590817,-0.24173665,-0.23822641,-0.25563568,-0.010839224,-0.13457298,-0.45961094,0.030163169,0.06507538,-0.06014067,-0.0016975999
1397,0.3551686,0.27193147,-0.20474564,-1.0684948,-0.45648912,0.05471626,-0.06942195,0.60399574,0.067843854,0.6601454,0.2512055,-0.055914335,0.03654766,-0.061415464,0.065565825,-0.12973166,-1.289232,0.2780479,0.0678581,-0.14310253,0.39240777,-0.04015994,0.2253002,-0.41949773,-1.113103,-0.25113255,0.1893393,-0.39705753,-0.69492686,-0.38323295,-0.384619,-0.19439897,0.26631597,-0.28804302,0.13487265,-0.28383756
1398,-0.30792278,0.1491434,-0.29731786,-0.581333,0.14216298,0.056619406,0.2515421,0.10617525,-0.15627617,0.28006512,1.7144556,1.2454059,2.0955725,1.1821759,0.25309467,-0.16104987,0.2643835,0.13931113,0.057624783,0.06718748,-0.27399486,0.33903974,-0.058246978,0.16328979,0.4043703,-0.20041269,-0.40959358,0.006814763,-0.63775134,0.037716985,-0.86015177,0.3015226,0.22729494,-0.8141013,-0.07521124,0.11605024
1399,0.024173796,-0.07631612,0.14131528,0.046687365,-0.084712744,-0.37664425,-0.16154023,-0.07252848,0.028215885,0.20934838,0.5750296,-0.03428346,0.11822766,0.16922459,-0.17712414,-0.049588118,-0.5645987,0.40246585,-0.536633,-0.23839244,0.05236441,0.43055704,-0.118388176,-0.26954687,0.32176304,0.36780518,0.11095816,0.3222159,0.75465757,1.021161,0.8338907,0.9946261,1.8332837,-0.03555131,-0.0738188,-0.52999544
1400,-0.4429816,0.05414228,-0.03373471,-0.08311927,-0.2983249,-0.36132318,-0.11125147,0.14613545,-0.3428327,-0.029793441,-0.6638662,-0.20583305,-0.41470218,-0.51347625,0.28231767,-0.53182876,-0.3694386,-0.30961853,0.3131829,-0.30321926,-0.054238677,-0.16306233,-0.31690633,0.23728329,-0.57760996,-0.35607868,-0.3026319,0.27536738,-0.2189509,0.021160603,-0.26055315,-0.89883596,-0.38751996,-0.27331418,-0.023528636,-0.047343016
1401,-0.9122747,-0.38965052,-0.16468042,-0.3045169,0.16194704,0.55544746,-0.24675824,-0.49915266,-0.06319216,-0.16745433,0.00026342273,-0.052114487,-0.03566377,-0.2217839,0.33354574,-0.37882912,0.16657421,-0.12187809,0.8807211,0.25485176,-0.12691897,-0.5644726,-0.23215252,-0.140028,-0.8056371,-0.6372468,-0.38184908,-0.35399887,0.19000864,-0.079135776,0.1640519,-0.43186265,-1.255542,-0.038270187,0.08212486,0.024044216
1402,0.032087922,-0.008508027,0.38717455,0.004145026,0.17903201,0.028744876,0.17723143,0.1905053,0.06892535,0.018769503,-0.40145355,0.44019568,0.04177475,0.15750143,-0.053565025,0.6544062,0.2417059,-0.40885377,-0.6803539,0.47192886,-0.18386677,-0.050156176,0.5256939,0.051616766,0.63826185,0.6888416,-0.111207515,-0.12525654,0.5295989,-0.01217486,0.26774484,0.5904527,-0.59590006,-0.24612533,-0.002089247,-0.19537579
1403,0.32899466,0.07845861,-0.14757442,-0.19545785,0.0081701875,-0.12073666,-0.31486788,-0.033367813,0.05830735,0.43665093,0.09155548,0.030193508,-0.33929527,0.053721905,-0.06450438,1.5727019,0.25743645,-0.08514643,0.3344884,-0.16188723,0.18649723,0.20514943,1.2095486,0.15474147,0.8045735,-0.09058923,0.17595595,0.27929407,0.72133195,0.15491349,0.68841004,0.7106721,0.5594959,0.3894,0.25457817,-0.06043613
1404,-0.21587604,0.09297092,0.014498055,0.19774535,-0.20384182,0.15986788,0.2114036,0.10792613,0.012184024,-0.13676345,0.10474633,0.059532225,0.096239924,-0.5134915,0.05927694,1.6611322,0.22606082,0.27797815,0.5910331,-0.057185218,-0.10068005,0.56535363,0.49721253,0.025598586,0.112793565,-0.054317676,0.29663455,-0.5653331,-0.6419013,0.011815906,0.15233953,0.0796479,0.058549047,-0.06686923,-0.22310133,-0.15572393
1405,-0.55678165,-0.023565918,-0.017701447,-0.08361268,0.0014753044,0.0045668185,0.06309248,-0.12000236,0.12091172,-0.07521808,-0.16188136,-0.006789267,-0.61308956,-0.44439277,-0.38568136,1.5392188,0.7048902,0.011742473,-0.2700026,0.14584023,0.05317974,0.6152458,0.34942567,-0.07160497,2.601628,1.4344985,0.8321376,0.09131497,-0.1622535,-0.018706322,2.0453675,1.2313635,1.0777929,-0.07513186,0.07883495,0.067487836
1406,0.20098837,0.28349292,0.021512628,-0.07779151,-0.114997044,-0.077127814,0.21313632,0.0662837,0.02247858,-0.14347827,-0.16438973,0.13000548,0.15531194,-0.054501414,0.15045512,-0.1076262,0.09701812,-0.16773903,-0.43996304,-0.20743579,-0.030148149,-0.04163468,-0.34183192,-0.04909885,-0.6888709,-0.12804288,0.009622455,-0.2622487,-0.02177149,0.03572905,-0.40128618,-0.029641703,0.023861788,-0.36639106,-0.054160036,-0.15039778
1407,-0.21515812,0.10926539,-0.049545288,-0.12887365,-0.41186264,-0.0262717,0.16387685,-1.2493831,-0.037747264,-0.70906246,-0.46101797,0.042491615,-0.6257102,-0.17558038,0.34361842,0.27416098,0.09847668,-0.16844648,0.059972152,0.0964793,0.06742078,-0.19463257,-0.07336205,-0.007928252,-0.93022203,0.20296498,0.17140013,-0.4939993,-0.30283046,-0.14834642,-0.021401478,-0.104123116,-0.7609041,0.050190717,-0.4196778,0.07526362
1408,-0.27793252,-0.1739126,0.009811699,0.26977414,0.15626034,0.017481565,0.5938622,0.40323836,-0.05580902,-0.34184772,0.25750753,0.08162606,0.64353824,-0.2927994,0.054363847,-0.27202195,-0.096876636,-0.1255129,-0.019200861,-0.054956123,0.07591081,0.02146113,-0.15366846,-0.052925587,-0.12855214,-0.47172,-0.12213391,-0.57163703,0.07007061,0.007334709,-0.66811186,-0.52296686,0.44904134,-0.02512917,0.45943403,-0.093710065
1409,0.71470594,0.5191176,0.16570544,-0.10634434,0.57206047,0.7177248,0.55884475,-0.39555222,-0.30146182,0.09329407,0.33725792,0.119173765,0.37829328,-0.28808126,-0.2826936,-0.32488096,-0.41689986,0.24414241,-0.24777365,-0.12424016,-0.4362412,0.08813518,0.08873117,-0.44850856,-0.10342717,-0.39351034,-0.3868881,-0.16526812,-0.052905798,-0.11986983,-0.017260373,-0.3464501,-0.771508,0.56434923,0.55451477,0.9597778
1410,0.32500213,0.6221122,0.6272789,0.12919098,0.20386589,-0.19798055,0.36526978,0.00422889,0.44635338,0.24557032,0.5665113,0.367576,-0.3016144,-0.05174736,0.48313564,0.8826676,0.15265733,0.35273838,0.040325373,-0.33446223,-0.15835977,0.15719086,-0.017090797,0.03449314,2.5538638,-0.011103749,-0.40212858,0.85966384,-0.21476912,-0.24360585,1.2708598,0.95293164,0.40352726,-0.15595406,-0.23339972,-0.034766793
1411,-0.026482463,0.49766445,-0.32718894,0.6860282,0.3807185,0.53115135,0.432454,0.113851994,0.01996392,-0.43645465,-0.05741477,-0.19015247,-0.268948,0.10134488,-0.24504393,0.1488899,0.044245094,0.20933476,-0.110976934,-0.024675429,0.11991823,-0.11606294,-0.111597635,0.03227237,0.89987195,1.0306729,-0.022846699,0.03429544,0.62660396,0.039728582,0.21245253,0.27339774,-0.1826737,0.022009015,-0.41146326,-0.025441155
1412,-0.6971026,0.25051123,-0.15210861,-0.5649308,-0.58598524,0.13856596,-0.2936619,-0.6223112,0.090293944,-0.34388238,-0.22707772,0.10802728,-0.5971385,-0.28373992,-0.12887794,-0.53580546,-0.14062758,-0.16589403,-0.24772087,-0.47972906,-0.3222444,-0.563292,-0.40280226,-0.31681633,-1.3409736,0.10967383,0.83848774,1.2634956,0.28311977,0.3259341,0.23941079,0.7509807,1.2412486,0.122418284,-0.3165478,-0.22096664
1413,0.65133095,0.2602666,-0.627272,0.05698979,-0.19894499,0.013995469,-0.20261917,-0.48942697,-0.012496303,0.018410385,-0.29509383,0.16439301,-0.20592092,-0.9961289,-0.45753273,0.3645581,-0.15728784,0.12249717,0.36062878,-0.35395288,-0.5487218,-0.094603434,-0.28062987,-0.09871918,-1.0074332,0.45416573,-0.03287846,-0.18027347,0.43655238,0.022866845,0.61005247,0.3812058,-0.78100413,-0.19533947,1.0144914,0.3267025
1414,-0.06956371,-0.07430783,-0.2284961,-0.07286206,-0.75624716,-0.0767425,-0.378067,0.14637105,-0.38045546,-0.19389755,0.31463778,0.15853369,0.085212395,-0.051900767,-0.28104666,-0.6497754,0.11316981,0.08320975,-0.4336149,-0.2980954,0.4884349,0.034523547,0.1545285,-0.05461073,-1.3919897,-0.33411512,0.007860124,0.8167698,0.3439306,0.22169685,0.0073153973,-0.27166694,0.14505622,-0.17386389,-0.21123806,-0.32498285
1415,-0.28764528,0.32912257,0.27870238,0.22048637,-0.28172213,-0.24890456,-0.3728919,-0.066055834,-0.28773934,-0.08641055,-0.27684486,-0.019562453,-0.5070749,-0.1744126,0.14035052,0.49575916,0.19613852,-0.41185743,-0.5211983,0.10817519,-0.3025056,-0.3763538,0.0638555,-0.047413766,-0.75361395,-0.628093,-0.41792333,0.053605407,0.2960515,-0.20435941,0.09855616,-0.46299526,-0.34306335,-0.06377661,-0.034277767,0.08569914
1416,-0.40843716,-0.022649318,-0.102359414,0.34959915,-0.6780145,-0.3268506,-0.8854293,-0.25302193,0.03927946,0.4639508,-0.015113879,0.15069443,0.22332788,0.3546275,0.09535763,-0.42011678,-0.50219846,-0.08103788,0.26508713,-0.054876864,0.2407071,-1.0213139,-0.035698418,-0.20836818,-1.3030051,-1.0382073,-0.32117414,-0.08134326,0.29187894,0.09922123,-0.4068793,-0.65964556,-0.22551411,-0.49863914,-0.06440524,0.0627563
1417,0.039070785,0.15789305,-0.14939135,0.5659578,0.32474253,0.031126678,1.3465953,0.67670363,-0.28751278,0.8778233,0.49565944,0.12936932,0.6702008,-0.17739761,-0.2092828,1.4750702,0.1629263,0.17565781,-0.09196699,0.09402326,-0.25001335,1.4132633,0.47070938,0.2677099,3.1932232,0.95782155,0.33634958,1.3512353,0.51113486,0.26162243,4.3021746,2.723253,0.6853676,0.28887087,-0.25026852,0.1611138
1418,-0.25647193,-0.067427054,-0.021177888,-0.41704884,-0.5569719,-0.10428384,-0.12760061,-0.21892977,-0.11559965,0.26073796,0.065700024,-0.8801026,-0.654516,-0.003866583,0.1875368,0.6538826,-0.21687922,-0.42157552,0.09313661,0.47981986,-0.29027182,-0.23148733,0.15651569,-0.42504498,0.1641829,-0.054635406,-0.33567607,0.56163216,1.2140212,1.6418517,0.2492435,-0.12441528,0.25435746,-0.2186923,-0.55060774,0.3277945
1419,-0.34524223,0.31790888,0.016008288,0.054329038,0.31341684,-0.16910613,-0.09603453,-0.5677006,-0.47020602,-0.38329333,-0.16426057,-0.43319374,-0.34928262,0.4058733,-0.33835885,0.15332913,0.32235345,0.009523392,-0.097816885,0.14235312,0.020100355,0.35844418,0.21395177,0.5249933,0.110396445,-0.15634182,0.11387974,0.1377508,-0.14528833,0.08803269,-0.2474516,0.031255484,-0.22610795,-0.076720715,-0.08406074,0.047658563
1420,1.1538705,0.5274533,0.34254116,0.33815134,-0.27159238,0.37764743,0.56908375,0.46930695,-0.087732196,2.7141767,1.6692394,0.5022408,3.7404778,2.7983286,1.2315038,-0.01363194,0.009242564,-0.1432997,0.0048539937,-0.0018362403,-0.056918323,0.43130144,0.94608957,0.3320225,-0.042751253,-0.20986503,-0.19748518,-0.35928857,-0.10655816,-0.059208155,-0.4492671,-0.33147955,-0.8543047,0.8234128,0.03369069,0.11876923
1421,0.31430703,-0.18534058,-0.13764781,-0.33587864,0.14064479,-0.17692155,-0.26173687,0.09264882,0.18452218,1.0257874,0.4813186,0.15781444,1.9366224,1.2336981,0.3086167,-0.87298125,0.13228078,-0.21661955,-0.33036315,0.04859498,-0.16287345,-0.008034151,0.16506714,-0.17148733,-0.4392962,-0.4021216,-0.02216968,-0.6862622,-0.021889806,0.019420803,0.0042829514,-0.030775666,0.13129258,-0.06768572,-0.2634679,0.0035514235
1422,-0.18946406,0.059479207,-0.2639218,0.024478734,0.25236398,-0.16356604,-0.00013065338,-0.05704063,0.19995862,-0.20882869,-0.10529232,-0.35198057,-0.036901474,-0.02688954,-0.014549255,-0.22839594,0.022425532,0.09362099,0.093111515,0.1858084,-0.1409632,-0.006212622,-0.3092199,0.05338484,-0.108864546,3.3996782,-0.08279884,-0.3046062,-0.13078135,0.3642639,0.10787922,0.11694467,-0.33699027,-0.007760048,0.23982471,0.36168498
1423,-0.0960978,0.31357723,0.13115174,0.3890439,0.45307082,0.211299,0.2742173,-0.20679021,-0.11622256,-0.577876,-0.3284958,0.048457444,0.19854367,-0.50042224,-0.06857127,-0.15837336,0.30931294,0.25135493,-0.20466208,0.31237662,-0.08572614,-0.10423076,0.2648159,0.7291888,3.7431855,0.9749911,0.91634756,0.5391433,-0.21062812,-0.22426575,1.7105341,0.81768364,0.7203131,0.21737868,0.3409053,0.13013023
1424,0.64804995,0.2185058,-0.41028178,0.537777,0.31580126,-0.28643715,-0.0678488,0.22109419,0.9357532,0.063838005,0.29619017,-0.033103317,0.46213037,-1.008976,-1.147109,-0.17442219,-0.23785299,-0.066921026,-0.34069037,0.026283115,-0.00750643,0.016172945,-0.6390882,-0.23796791,0.6515353,-0.07180637,-0.09517294,-0.34600168,0.7048989,0.10244295,2.331181,2.4540923,1.5327656,-0.35738528,0.39201444,-0.1775715
1425,0.082161084,-0.36312467,0.06398982,0.20549156,-0.42001414,-0.34427288,0.26361024,0.76433694,-0.3303914,-0.4424188,-0.9479641,-0.07765859,-0.41248268,-0.5068449,-0.68665403,2.272087,0.9834392,0.5751504,-0.49751353,0.66634566,0.031779774,0.41826046,0.13947934,-0.36061215,0.85579646,1.0948105,1.0406648,0.2350989,-0.2792472,-0.3605548,0.9891168,-0.031647444,1.38548,-0.65796465,0.31588614,-0.13055915
1426,-0.0036251843,-0.08501494,-0.13856739,0.8981884,1.7537541,1.0995371,1.3632674,0.81148624,0.77600324,1.2125645,0.1472894,0.39191353,1.0063846,0.16010064,0.17543495,0.5593803,0.1448996,0.14133024,0.009458989,-0.21074742,-0.21581095,0.20355071,0.5373725,0.27068126,1.2952782,-0.050899044,0.007811904,0.32255346,0.047553778,-0.21173191,0.15691975,-0.11185825,-0.5369618,0.80266464,0.6077662,0.06444073
1427,-0.26662177,-0.0969049,0.07997918,0.4983027,-0.09882501,-0.046326756,0.068002105,-0.32419613,-0.034763455,-0.13112985,0.12395251,-0.0056049824,-0.49724388,0.36302364,-0.034993798,-0.06592095,-0.29135543,0.03644204,-0.28809083,-0.004805833,-0.04382807,-0.06203702,0.107011095,0.0033730268,1.3966887,0.5157863,0.54961056,0.54913986,0.023991153,-0.2844864,2.1178296,0.22900054,0.23677064,0.04814467,0.23605865,0.17484856
1428,0.097740114,0.1196726,0.30229777,-0.7260778,0.07908362,0.07605064,-0.07706508,0.2351149,-0.4987639,-0.447078,-0.5088543,0.12144918,-0.27864224,-0.62347394,-0.6554499,-0.5455403,-0.05881709,-0.38087395,-0.22375357,-0.124268204,-0.14083436,0.26522627,0.8200793,-0.3084116,0.3977282,0.2981804,0.68136215,-0.15690318,0.2601484,-0.1421134,0.03520477,-0.38941684,0.45590705,-0.59171164,-0.4383328,0.10878229
1429,-0.0007335739,-0.16338676,-0.08954072,2.6266658,4.350065,3.2916386,1.2927481,0.2651242,0.3463515,-0.05132976,-0.27054763,0.12528533,0.18528904,-0.067519665,0.08901316,-0.051044192,-0.14229017,-0.07010722,0.052139014,-0.11141029,-0.46886942,-0.25653034,-0.05447361,0.055009782,0.16328275,-0.099512935,-0.023471236,0.08764568,-0.20782372,-0.22638747,0.22008073,-0.28955916,-0.44424957,1.1536448,1.1195076,0.8523749
1430,0.25377125,0.38576943,-0.54349285,-0.24400723,0.3693105,-0.2663505,0.27794713,-0.018276036,-0.20345712,-0.21207315,-0.0068954825,-0.5823824,-0.3031217,-0.4163379,-0.13249123,0.19430536,-0.15555248,0.41141313,0.07429266,-0.57713836,-0.096852124,-0.15475094,-0.17686403,0.36964738,0.31329376,-0.26617655,0.55409026,-0.15166408,-0.48792404,0.19808048,0.09168196,0.015550837,0.058759436,0.056330264,-0.054090112,0.12181263
1431,0.218544,-0.6890149,-0.51479506,0.4984166,0.5589212,-0.05556771,0.43496096,0.20185721,0.15328595,-0.36878824,-0.008354217,-0.1793642,-0.07614398,-0.3393954,-0.5242762,-0.13028747,0.24259925,-0.37391454,0.38453928,0.5831781,0.17627981,-0.27125233,0.28618053,-0.058341116,0.5696575,-0.5714552,0.57225406,-0.1601568,0.59260917,0.092448354,-0.05972749,0.12013346,0.2960965,0.2717051,0.22960082,-0.06695335
1432,-0.1704163,0.5939903,0.8612667,1.3618144,1.9500993,0.46886444,0.47955352,0.14601362,0.4325629,0.35849348,-1.122377,-0.026735187,-0.13823178,0.43341857,-0.12634358,-0.09388405,-0.045345753,-0.045754552,0.38043076,-0.099953264,-0.021525621,0.2728886,0.2501491,0.11910786,-0.055991054,0.18845138,0.38907897,-0.042682707,-0.030236006,-0.1397402,0.01852864,-0.5050145,-0.17355435,0.6517856,0.6356336,0.8167858
1433,-0.3585388,-0.045456946,-0.07069051,-0.028418243,-0.28270736,-0.5002407,-0.33308625,-0.35908556,-0.19206953,-0.47621697,-0.62501967,-0.006318569,-1.0791612,-0.32267594,-0.38278428,1.1142443,0.68417436,0.29043835,-0.28212464,0.24013454,0.050732613,0.57320595,0.17891392,0.04419321,1.9260994,0.9152288,0.4057567,0.35688522,-0.1428634,-0.01330924,0.68171823,0.5552362,0.4803448,-0.22923425,0.12489012,0.23793572
1434,-0.16061561,0.34080675,-0.26682293,0.78243315,0.9543312,-0.059747398,0.55250925,0.86615396,0.20031811,-0.0121901035,0.022748128,0.4657445,-0.03149885,0.0558244,0.0027191043,-0.3946826,0.07856786,-0.076171935,-0.2010135,0.18931222,0.32817808,0.2055844,-0.071608305,0.23280263,0.48835126,-0.28889182,-0.11436002,-0.12935859,-0.18402565,-0.0765816,-0.56364006,-0.87947875,-1.0773363,-0.0073592514,-0.20037413,-0.044482462
1435,0.0237488,0.052289844,0.16166478,0.20943084,-0.5888917,-0.058749557,0.02301979,0.15637258,-0.68205255,-0.022026658,-0.46304023,-0.27389866,-0.66380763,0.13193539,0.04115832,0.12671027,0.5523851,-0.09627436,-0.0017506182,0.16201743,0.15807939,-0.32169935,-0.14747086,0.24663022,1.5477682,0.19801567,-0.10924241,0.014391705,-0.01865518,-0.14222312,1.1105573,1.1590087,0.06944944,-0.18684645,0.028019398,0.33399737
1436,-0.31388265,0.025183499,-0.0371747,-0.13347484,-0.21941176,-0.23457193,-0.43457174,-0.019818842,-0.22212875,-0.35968423,-0.13745439,0.011289239,-0.65220284,-0.4397428,-0.30626714,0.5800575,0.059413373,0.21132362,0.1672256,0.07961285,0.11023337,0.77635694,0.27154028,-0.084662125,2.0718384,0.5858793,0.5133668,0.543789,-0.09609974,0.032716453,0.91377544,1.7487195,0.34118074,-0.2890556,0.04849583,-0.00929004
1437,-0.41727135,0.13822287,0.77649724,-0.37129125,0.046889156,0.09873366,0.14293313,0.19477648,0.4054318,0.09551558,-0.581453,-0.7422967,-0.52122045,-0.10895018,-0.41068125,-0.04496994,0.14268732,-0.5629329,0.082294315,0.014923155,-0.6313923,-0.58324367,0.9660273,-0.13547263,0.27928156,0.11347461,0.27095965,1.4524958,0.81066173,1.5382836,0.07479299,-1.0203781,-0.2017473,0.13822421,0.3070165,-0.026212435
1438,-0.32631713,0.8283235,-0.06644587,-0.57650864,0.13307029,0.22693437,-0.20413786,-0.16893551,0.9462028,-0.17009443,-0.48510778,-0.91307473,-0.119209334,0.22690451,0.08932319,0.5609352,0.4790966,0.08127123,0.17760193,0.091588676,-0.025229216,0.10454595,0.0055802464,0.024431944,-0.19680765,0.0848429,-0.07164949,-1.1354091,-0.26738214,0.54674923,0.21690427,-0.2145127,-0.25541642,-0.3418324,-0.28367415,0.059598833
1439,0.26877284,-0.3591365,-0.06576288,0.49306634,0.0014055967,0.17498928,-0.48878604,-0.057511106,0.36646548,0.19589806,0.3922737,-0.17044073,-0.13216019,-0.1726582,-0.13715506,-0.20478293,0.1382536,-0.062565506,-0.298573,-0.26032713,-0.21517015,0.0061765015,-0.027484566,-0.30868345,1.5099753,0.43246308,-0.4835869,-0.60203874,0.019657195,0.13626903,0.7156575,-0.38337553,0.2220943,0.05195243,-0.4245903,0.06594658
1440,-0.18009722,0.033149123,0.34934992,0.2092253,-0.056669474,-0.00195688,-0.012706846,0.14853966,0.013038754,0.026452363,-0.3413049,0.009171724,-0.37343395,-0.106654435,-0.23951226,0.09875338,-0.030644417,-0.2751559,-0.43662268,-0.15812303,0.2221429,-0.15601838,0.3950125,0.10237408,-0.11759162,-0.027258217,-0.089918256,-0.18752593,-0.05019051,0.14328945,0.15880686,-0.5614395,-0.03314984,0.8560936,-0.23360193,-0.03354162
1441,-0.4061572,0.12711304,0.49564952,-0.012429744,-0.3937353,-0.26095214,0.015588343,-0.41197205,0.27371702,-0.5449908,-0.7865025,0.23500049,-0.12994546,-0.55615,-0.51800644,-0.3630898,-0.4762061,0.014913797,0.1860832,0.36787677,0.06229359,0.104664564,-0.32346985,0.43777525,-0.81707597,-0.029883474,-0.76884824,0.33501595,-0.12823197,-0.10365806,-0.2559082,-0.85791224,-0.29873264,1.4150747,0.9755322,0.3303041
1442,0.16322154,-0.2939818,-0.31241956,0.7454022,0.3648539,0.6442488,-0.29686204,0.096720874,0.42233872,0.12597483,0.0141624315,-0.13083833,0.2619869,-0.73817277,-0.66037935,0.41993588,0.053057134,0.19131887,0.35932383,0.28602928,-0.1564213,0.21209979,0.061609745,-0.52970076,1.1031901,0.32527715,-0.38348573,0.7459077,0.19405353,0.1364017,1.0001321,0.5267616,0.37984228,0.66067183,-0.34875187,0.6681466
1443,0.054018974,-0.02453947,-0.06097001,-0.03919524,-0.17733034,-0.41572517,-0.13076317,0.051688075,-0.1865558,-0.20609999,0.006376803,0.08020079,-0.083618104,-0.1966507,-0.56362784,0.17361814,-0.29374135,0.84259176,-0.08718693,0.1987941,-0.058623575,0.605889,-0.014757305,0.1715957,-0.008181095,1.7979722,1.7076216,0.058451056,0.1297352,0.1737512,0.31991446,1.1303592,1.8762755,-0.103945374,-0.18674919,0.14867699
1444,0.5118174,-0.18733674,-0.30420697,-0.15072972,-0.18759865,-0.053955257,0.061946556,-0.43502206,0.17574212,0.074839965,0.35931042,-0.33652037,-0.14070234,-0.6053886,-0.02219677,0.4999412,0.22259128,0.04108417,-0.39766425,-0.16131026,-0.14814901,1.2792867,0.43969858,-0.15051204,1.0104766,0.19190073,0.037813306,-0.33503672,0.4161501,-0.17906213,0.81750566,0.29847598,0.10714497,-0.33246112,-0.40006417,-0.543397
1445,2.813419,1.2734356,0.6912724,1.0749555,0.8788564,0.5495822,4.357883,4.0474563,1.1276155,1.3823913,0.1260437,0.0053653717,2.6637068,0.5533103,0.16106421,-0.57889974,0.06508994,-0.13723868,0.048998356,-0.06712851,0.02298981,0.104379505,0.03355655,0.024779618,1.3348054,-0.23368677,-0.18138462,-0.2996908,-0.13432768,-0.27559143,0.5510179,-0.64204675,-0.28650793,0.68803716,0.29443038,0.016847312
1446,-0.3830915,-0.38983086,-0.51775193,-0.27545473,0.17503834,0.068371266,-0.47719717,-0.7040578,-0.041063428,0.6431526,0.31329942,-0.018047392,-0.12762514,-0.37748948,0.10109317,-0.4226929,-0.28021288,-0.0988425,0.36058927,-0.38020438,-0.35492024,0.07701442,-0.004633069,0.6207228,-0.39495516,-0.16506672,-0.2460133,-0.1696454,-0.002235055,0.13980204,-0.48224223,-0.28409225,-0.4016929,0.09675002,0.043584824,-0.089637995
1447,0.12536684,0.14777352,-0.48186886,3.512067,1.4428248,1.7424521,0.13207287,0.7620155,0.33940244,0.022670269,-0.61499375,-0.07345873,-0.6570473,-0.5960629,-0.019089937,0.19651914,-0.1312149,0.16316274,0.5689136,0.073451325,-0.13338822,-0.5107138,0.4410392,-0.04888296,-0.37176764,-0.3566724,0.14125425,-0.17671695,0.42608958,0.01974082,-0.83627784,-0.3116898,0.05795639,0.77752393,0.44022763,0.3255805
1448,-0.8699496,0.097139,-0.13842893,0.05591646,-0.034921587,-0.17520785,-0.18104684,-0.28901938,0.060792327,0.7165433,-0.7514404,0.04115212,-0.3897609,-0.28656104,-0.13166034,-0.18763411,0.065584034,0.07981491,0.04613319,0.109162435,-0.17365313,-0.29084522,0.49366078,0.024917483,-0.3072838,-0.4074059,0.3049265,1.1477418,1.2815729,0.7632851,0.36616403,-0.52979034,-0.35196272,-0.08862853,0.24783523,0.029524922
1449,0.3945148,0.1911691,0.11308813,-0.02761364,-0.33706763,-0.036111712,0.096909344,0.021871753,0.10853517,0.07547206,-0.35974568,-0.39962894,0.3643632,0.0048245788,0.4406684,0.039607584,-0.10466076,-0.19154191,0.33421338,-0.3832977,-0.24154592,-0.28654706,0.44419873,-0.12573963,-0.363505,0.17856357,0.1541431,1.2106726,1.2881396,1.4267546,0.089277975,0.2785188,-0.062080503,0.053657442,0.11253047,-0.13977051
1450,1.4435062,0.6315984,0.37663352,0.7133376,0.023694217,0.2013922,1.198393,1.258007,0.49634802,0.09355321,-0.49847046,0.09378183,0.7260666,0.3366413,-0.058668613,-0.7511587,0.06994841,-0.19062634,0.07896894,-0.16933635,-0.09103565,-0.021050988,-0.18419036,0.061876923,-0.22376215,-0.50036,-0.31507134,-0.9869015,-0.14403158,-0.43345276,-0.6367498,-0.6856477,-0.2825765,-0.11477482,0.49970025,-0.43460697
1451,-0.5411509,0.009107977,0.10778278,0.33585095,-0.39380348,-0.56521434,-0.31111377,0.06224814,-0.14786375,-0.40533304,0.26987284,0.14868903,-0.04014349,-0.09969109,0.23834601,-0.51688594,-0.24561144,-0.046148896,-0.21214056,0.4035199,-0.008648634,0.07582565,-0.3195923,0.06477344,0.03513606,-0.24703494,0.12986907,0.4484449,-0.036148906,0.41774344,0.44969988,0.11872025,0.27989322,0.10777685,-0.100395665,-0.14185572
1452,0.1661793,-0.17253865,0.034458637,-0.4282295,-0.48205954,-0.31146544,0.0021711588,0.042782605,0.16496956,0.0039738417,-0.4063856,-0.006498337,0.39729142,-0.04004371,0.19011444,-0.15678227,0.06810452,-0.10973179,0.21991193,-0.21246706,0.029929996,-0.24443378,-0.038752407,-0.07423401,0.05534053,-0.22380319,-0.020497978,0.8083035,1.2342738,0.11229384,0.5863655,0.11156741,-0.16682935,-0.11430264,0.15190709,-0.017937422
1453,-0.018256307,0.1044274,0.21681195,-0.4400369,-0.5475052,0.12150714,-0.18421215,0.0014941096,-0.0048041344,-0.050408363,-0.16181982,-0.1819256,0.31606406,-0.28457454,-0.19915101,0.14742717,-0.11515933,-0.39387095,-0.16853881,-0.2376976,-0.32081872,0.0030777156,0.32053012,0.08980894,-0.09486663,0.10003829,0.088489056,2.4821937,2.7440171,1.4134365,0.72346973,1.2359403,-0.00915885,0.01615256,-0.07901758,0.056184232
1454,0.05286883,0.15041238,-0.06028235,-0.24372685,-0.016549066,-0.14578062,-0.39081675,-0.24450612,0.07194531,0.21122217,0.059705794,-0.04769039,-0.33614552,0.09689194,-0.0604164,1.5033268,0.59669656,0.27603894,-0.011538863,-0.061448693,0.06207931,0.66438305,0.9321668,0.20930064,2.4303813,1.0053701,0.2303291,1.3567307,0.53785026,0.244596,2.1468818,1.7792685,0.70390606,0.237441,0.15710282,-0.01601541
1455,-0.09632379,-0.17945403,0.07303935,-0.3190906,-0.22537768,0.1384539,-0.49749792,-0.017326117,-0.047359765,0.25485164,-0.26026374,0.035730064,-0.64095044,-0.18063946,0.08181107,-0.32386017,-0.39134806,0.020460606,0.005941868,0.28954685,-0.21964449,0.07249951,0.0589754,0.381714,0.030617356,0.27850842,0.064840734,-0.34254643,-0.07561323,-0.2517872,0.23165667,0.13069814,0.12219906,-0.20305026,0.15697557,-0.035366476
1456,0.9574856,0.67121035,0.28413755,-0.12691593,0.09137842,-0.2316271,0.16339064,0.068133146,0.34311736,-0.4445723,-0.23387969,0.2736005,-0.6987403,-0.25491655,-0.40133908,0.87060124,0.24306336,0.8717067,-0.39494258,0.15105426,0.77913713,1.7856426,1.51778,0.3801732,1.1311104,0.22481608,0.5713551,0.45914933,-0.10068336,-0.17151618,0.5962159,0.4669168,0.65558374,0.762367,-0.12135443,-0.55374014
1457,-0.068801,1.0238389,0.5627103,0.29797715,1.2940428,-0.28728554,-0.34439012,0.053767532,1.86659,-0.38020748,-0.9468895,-0.41820383,-0.10701454,-0.24942964,-0.43867815,-0.018493474,0.24489596,0.12178999,-0.49235892,-0.29614237,0.46052456,0.07960001,0.12629947,0.3361138,0.005972892,0.05729556,0.25400943,-0.18110508,-0.16423601,0.40467393,-0.34331015,-0.006428808,-0.35442302,0.09862984,0.0645852,0.2872404
1458,0.24996006,0.38716745,0.3695753,0.043900907,0.3402093,-0.099150956,0.8924881,1.1771703,1.4688706,-1.2299948,-0.90544695,0.3529312,0.26140404,-0.17069817,0.05184102,0.13556868,-0.07529783,-0.2679479,-0.036762238,0.19264653,-0.35995004,1.4141023,0.14873141,-0.06260389,-0.053832054,0.3624642,-0.7212238,0.26568642,-0.17950332,0.8326057,0.08167708,-0.3377208,0.328745,-0.2789716,0.022304326,0.874544
1459,-0.06768364,0.13157085,0.014583766,-0.1371502,-0.16687502,-0.09598893,-0.3683135,-0.06961459,0.08500177,-0.14283319,-0.1022203,-0.024804413,-0.33501148,-0.23672715,-0.1917836,1.5397277,0.05571699,0.35497433,-0.31475437,-0.026967824,-0.022260249,0.36197847,0.047121733,0.023830876,2.7357876,2.247306,0.9211292,0.6697341,0.19830403,0.18328476,3.3053367,1.553514,1.1217424,-0.22350165,-0.03428608,-0.09572005
1460,-0.11633001,-0.10680193,-0.10620335,-0.544439,-0.4073767,0.15480465,-0.12712303,-0.20954897,0.075348675,-0.47973838,2.7495756,-0.07350026,-0.27370095,-0.11981368,-0.1036554,0.19695294,0.28433603,0.28692245,0.045833588,0.36206955,0.005074382,0.15869933,-0.36820284,-0.12988669,-0.65325713,-0.09603855,0.020829976,0.33786976,0.16667773,0.1395675,-0.12013781,0.35289675,-0.019023538,-0.36881757,-0.6131365,-0.35149676
1461,-0.950513,1.0784624,0.15148623,-0.6140241,-0.6704844,0.5229089,0.08513969,-0.5000386,-0.051118433,0.2926823,-0.08032161,-0.35868466,-0.5088762,0.3995658,0.15062627,0.05667609,2.043296,0.25425127,-0.433081,-0.031104565,0.21349896,0.3145072,0.509669,0.24437912,0.19570279,-0.2196223,0.73588824,0.49115175,-0.38116106,0.045239046,-0.012548327,-0.43328106,-1.0647031,0.079331845,-0.027023435,-0.14101025
1462,0.10609996,-0.82447755,-0.011258483,-0.07481766,-0.15106577,0.07569015,-0.27682662,-0.429901,0.5884503,0.23074083,-0.9717213,-0.36299962,-0.1825349,0.40956318,-0.114358425,0.3812006,0.5766618,-0.30416802,-0.2829085,-0.59550095,-0.20378637,-0.41266733,0.26391882,0.5600848,-0.7091713,-0.6073068,-0.19484985,-0.46983638,-0.33218417,-0.4906609,0.026795208,0.07689455,-1.0688372,0.25269586,-0.3081262,-0.18027091
1463,-0.20384699,-0.8985367,-0.30239367,-0.41326386,0.4350076,-0.67631453,1.0390494,0.757545,-0.2867936,0.16460037,-0.31437722,0.3534694,0.140479,-0.27898282,0.19162649,0.0029022396,0.58843863,-0.35110247,0.11054343,-0.31152034,-0.1354025,0.5281994,-0.15565386,-0.69065946,0.87777305,0.6118674,0.7605234,-0.49305737,0.066453375,0.14053607,1.1258209,1.0755175,0.21521266,0.083435655,0.054656968,-0.48436302
1464,-0.17750546,0.14963812,0.042298317,-0.32588053,-0.14792013,0.18298382,0.07675338,0.06955065,0.13710901,0.21455586,0.33404773,0.39485347,0.2065528,-0.0338552,-0.20210361,-0.31078768,-0.1352748,0.23970509,0.72644365,-0.07020748,0.06978583,0.2964738,0.34908503,-0.017050564,0.5238577,-0.1855857,-0.07804906,-0.2394957,-0.10115993,-0.2663131,-0.22050774,-0.25492144,0.1926868,0.15502602,0.6442712,0.018663347
1465,-0.006732285,0.034042597,0.2948957,0.054892566,-0.6672572,-0.14468217,0.00036864262,0.34491098,0.23856676,-0.0043684244,0.2542181,0.35902974,-0.19004136,-0.17513967,0.3428328,0.22957025,0.418001,0.13792622,0.18764308,0.41326928,0.1265862,0.14535184,-0.89075625,0.039450884,0.8455637,0.38516048,0.32844394,0.08731502,-0.512504,0.04786414,1.0259637,0.5544584,0.2554201,-0.2842255,-0.33660156,0.18142718
1466,0.82431823,0.2159763,-0.046228647,0.06725192,-0.18885872,0.08251274,0.1740573,0.5705111,0.2931016,-0.27931488,-0.07453126,-0.16333383,0.03333801,-0.092859924,-0.6501045,0.06900823,0.29074743,0.23488528,0.67661697,0.13170221,0.062105954,-0.3800973,-0.2547341,-0.15325147,0.12035999,0.25313002,-0.27876714,0.08378732,0.3589203,-0.16130751,0.35263166,0.26921204,0.00030970573,-0.017680705,0.18946451,0.027846873
1467,0.34366894,0.12693423,0.03015232,0.29614168,-0.24963817,0.089398384,0.1718103,-0.021733582,-0.19187117,2.1069903,0.64463025,0.7378669,2.6146681,1.1636531,0.3114441,-0.25217545,-0.29072332,-0.12099707,-0.1781829,-0.1965148,0.026084721,-0.23270452,-0.17204663,-0.18946725,-0.36059582,0.1577639,0.09169179,-0.3168753,0.35731858,0.026162684,-0.98020196,0.13361493,0.09676486,-0.06549375,-0.086942405,-0.066642284
1468,-0.40278953,-0.11547303,-0.34861177,-0.90558696,-0.5349282,0.0776729,-0.28062767,-0.05318129,0.12939273,0.20484483,0.48239434,0.18308711,-0.07251014,-0.13902977,0.24761689,0.6274172,-0.55341405,0.14414963,-0.09565914,0.20053226,0.13859504,0.43295655,0.44395837,0.63832015,-0.15601707,-0.29717946,0.24831396,-0.051792562,0.002970934,-0.063609645,0.4305703,0.3284217,0.07482512,-0.65677696,-0.45739892,-0.57971114
1469,0.3244782,0.9449983,2.0878143,-0.15726799,-0.21099031,-0.24426258,0.9192632,0.36855313,1.6493856,0.63033307,0.23319764,-0.2459113,0.8469905,0.46551937,0.10197286,0.115869105,0.12521255,0.59391475,0.53059864,0.16176844,0.72046584,-0.043655157,0.10830536,-0.25052083,-0.29424438,-0.19001722,0.1119256,0.012609601,0.09658611,-0.24936748,-0.26422277,0.0878429,-0.49582154,0.09339732,0.579777,0.08307266
1470,-0.05610788,0.22962779,-0.5623062,0.38252306,0.8196809,0.6216936,0.15720755,0.6851872,-0.029245734,-0.07351661,0.3125014,-0.22516537,0.097438335,0.15625447,0.076979876,-0.16201252,0.03950584,-0.33868217,0.07686889,0.40119964,-0.21529227,-0.011796117,-0.11070049,0.03130275,0.21599662,-0.21970293,-0.097697675,-0.11145282,0.04057771,0.57417303,-0.041431427,-0.26044077,1.2847606,-0.038499236,-0.49705476,0.116572976
1471,-0.20602328,0.10875799,0.4050258,0.07545948,-0.011410758,0.09424345,-0.18946117,-0.18109198,0.039120555,0.050431192,0.094245344,0.092001736,-0.19683075,-0.34228706,-0.07702768,-0.11075723,-0.13991669,-0.4554454,0.19967419,0.09072547,0.0023840666,-0.020909071,0.07625991,-0.13155147,-0.26688802,0.09515464,0.23566161,0.33793354,-0.016077846,0.15046936,-0.12429154,-0.066468164,-0.14677799,-0.0742591,0.5762733,-0.098454
1472,-0.32457858,-0.109675944,-0.37959474,0.17763063,0.7641714,0.6274231,1.2416644,0.4041968,0.1354242,-0.16591048,-0.067816794,-0.24858488,-0.26973748,-0.44437158,-0.20143355,-0.3185147,0.20029235,-0.10219216,-0.1725044,-0.38382274,-0.5051912,-0.36526984,-0.21465221,-0.04419768,-0.054635942,-0.27244693,-0.44575697,-0.19344544,0.03526008,-0.11204046,-0.018336117,-0.39285547,-0.25657573,0.24185115,-0.17367637,0.019404173
1473,0.192954,-1.1384125,0.0715338,-0.08848849,-0.31121862,-0.6787586,-0.6078862,0.4420663,-0.33599395,-0.66329235,0.036916614,0.08017192,0.08662146,0.19252819,-0.33016273,0.06546861,0.51806957,0.074634194,0.2569268,-0.08477855,0.6837703,0.053034782,-0.58291525,-0.1005047,0.7414985,-0.4048237,-0.036708534,0.3566839,-0.3172784,0.21192867,0.21030933,0.14019924,1.2472993,-1.0432014,-0.36954615,0.13748586
1474,-0.8502736,-0.006512493,-0.099432796,-0.8172573,0.3220415,-0.88756543,0.56971014,-0.025264502,-0.6106417,0.75664645,0.23202038,0.6787448,-0.10676402,0.18143773,0.740144,-0.0838414,-0.21645218,-0.20374045,-0.97501874,0.16992277,-0.21349162,-0.23283482,0.104543746,0.1834677,0.81889886,-0.5560865,-0.135679,-0.029307365,0.28375882,-0.06624153,-0.3625031,0.23930626,-0.5990062,-0.02024138,0.2680652,0.3555107
1475,-0.034557045,-0.03512925,-0.42330515,0.11611807,0.9913434,0.70112807,0.30302292,-0.0918566,-0.7440796,0.16418952,0.08694875,0.17131247,0.10105336,0.06302214,-0.078587055,0.13916923,0.11012426,0.14751518,0.50182,0.13995779,-0.11306608,-0.010457158,0.102668226,0.24365856,-0.04392142,0.029419422,-0.09284645,-0.10350269,0.2416948,0.10244149,-0.15537572,0.45839047,-0.3815382,0.44013637,0.41678077,0.10082716
1476,0.61694777,0.68830734,1.0931494,0.5293812,1.1811209,0.2714342,0.65572786,2.0420542,1.7417644,-0.5035782,-0.54314977,-0.28801584,2.1620529,0.9753648,0.6915615,-0.22867548,-0.20628649,-0.1378113,-0.25720608,-0.53700936,-0.009131849,-0.25738078,-0.052500665,0.18888044,0.3112265,-0.31458765,-0.3157386,-0.33341533,-0.3953539,0.47400334,-0.13117641,-0.1176056,-0.04291618,-0.9772912,-0.30116183,-0.5972573
1477,-0.03124988,0.07017672,0.009123057,-0.36039627,-0.32541704,0.2979269,0.036269903,-0.61028874,-0.25111878,0.08904785,0.050381422,-0.05266884,0.06728923,-0.27683923,-0.2787993,0.25468463,0.11832555,0.17072725,-0.055587173,-0.22738492,-0.19721293,-0.1388773,0.054133594,0.21871215,-0.6130196,-0.11326343,-0.3826785,-0.30658785,0.46182388,0.36382383,-0.2415775,-0.05054295,-0.29944277,-0.023749858,-0.26217484,-0.017342329
1478,-0.1216857,0.1376769,0.14984198,-0.34701645,-0.6071997,0.20892572,-0.6715578,-0.9629371,0.09962675,-0.24582195,-0.3111177,-0.095668584,0.41492176,0.2105897,0.13664973,0.43638343,0.263165,-0.14256133,0.3355666,-0.023487456,-0.51591873,-0.07000455,1.0170549,-0.09749085,-0.36402214,-0.008975327,0.13051367,0.015499234,0.352614,-0.15220964,-0.40668276,-0.4990714,-0.8924432,-0.14213511,0.2030923,-0.24302801
1479,-0.32002681,-0.27633163,-0.29521298,0.2506408,0.81167746,0.86656487,0.14641893,0.025776625,0.27043283,-0.016280621,-0.264297,0.65450954,0.15971029,0.19625103,0.26011682,0.24507928,-0.27735627,-0.6831532,0.10961568,-0.4517157,-0.22217172,-0.45570144,-0.2063185,0.020184696,-0.08993873,0.09882879,-0.004519224,-0.45792985,0.2585092,0.2544707,-0.07710683,-0.026461422,0.07689002,0.43023866,0.13488635,-0.12923416
1480,-0.31620157,0.037334383,0.06237912,0.09351972,0.088137865,0.11294001,0.14765179,0.37101114,0.36245137,-0.4676516,0.025055528,0.06330657,-0.26091528,-0.4651751,-0.1366967,0.6025449,-0.0695568,0.17453802,-0.09262979,-0.085080385,-0.018471897,0.13208191,0.22966999,-0.15713954,1.6258806,0.4487995,0.47900543,-0.021082938,-0.031617224,-0.17610061,0.30530083,0.45921642,0.2914514,-0.116751716,0.33773595,-0.020896733
1481,0.027467728,-0.0016846806,0.0024941564,-0.4376699,-0.28114972,0.14595747,0.1204679,-0.3616048,0.058656514,0.4562454,0.12258091,0.14732665,-0.37412247,-0.2922287,-0.09822273,-0.07583779,-0.31731778,0.14781292,-0.31705478,-0.021261115,-0.113797724,0.21712846,0.26840934,-0.25474954,0.91960835,0.046649575,-0.24735928,-0.34091222,-0.05266826,-0.326711,-0.28681207,-0.10829488,-0.150123,0.0037498474,0.36146054,-0.24802554
1482,0.6315964,0.1946975,0.017652094,-0.12629992,-0.06310627,0.06318563,-0.25402814,-0.7032727,1.3196368,-0.12230942,0.2929796,-0.060734466,-0.44518748,0.0660668,-0.007689595,0.40212417,-0.105001956,-0.11856794,0.3024646,-0.17606057,-0.049478352,-0.16024305,-0.7476729,0.32314724,-0.061947256,-0.2722298,-0.34289065,-0.4820156,-0.3689869,-0.19853038,-0.36048627,0.19160414,-0.43176207,-0.18227392,-0.10729566,-0.08079457
1483,-0.2671603,-0.3207641,0.029992878,-0.6419642,-0.42337215,-0.202427,-0.7056688,-0.16720855,-0.117575705,-0.40188992,0.4422848,0.01641795,0.17758894,-0.20037529,0.15585837,-0.7461556,0.13953727,-0.06183529,-0.36841,0.41043296,-0.0036983788,0.12965742,-0.13264227,-0.063995026,0.0010889769,-0.42881602,-0.30839005,-0.783764,0.18296278,-0.13694397,-0.25975174,-0.873697,-0.28697306,-0.6371614,-0.38746822,-0.10656187
1484,0.16604447,0.28308526,0.49031472,0.029238075,-0.10678154,-0.35098493,0.0770694,-0.10111907,-0.42847174,-0.13083366,-0.023242086,0.8252935,0.2099936,-0.035068154,0.004631296,-0.011586547,0.6067352,0.39149165,-0.09495038,-0.3115111,0.6584387,4.6240354,-0.06601012,1.655978,-0.36613938,0.40385836,1.4579962,-0.12323874,-0.23391265,0.2855789,0.10698289,0.3264228,0.7448556,-0.031044006,0.28162622,1.1665238
1485,0.036100864,0.084756166,-0.17775905,0.042568266,-0.4542011,0.18677777,-0.18624192,0.0057147145,-0.00898087,-0.05246812,0.34300035,0.028967679,-0.088988245,-0.30451563,-0.0442369,0.1202867,0.23870352,0.26669702,0.18773884,0.15849006,-0.0036802292,0.04643792,0.15957913,0.17386872,0.045363963,0.3377443,0.28804147,0.27813488,-0.23163208,-0.040299118,0.2341161,0.26959428,0.7787273,0.22675109,0.11533207,0.99446726
1486,-0.26197243,0.08036196,0.085660934,0.008515358,-0.26848024,-0.35180724,-0.4177693,-0.04294914,0.013840377,-0.38065255,-0.040267825,-0.1006943,-0.17135084,-0.34526145,-0.4101975,0.81718415,-0.14889413,0.19691849,0.13020909,0.7842397,-0.015512016,0.5444907,0.041968465,-0.27577823,0.8020831,0.7478847,0.46140367,1.3935792,0.71282756,0.83269346,1.7386553,2.37578,2.332127,0.10071468,-0.082984656,0.16311038
1487,0.25315163,0.19719648,0.034975886,-0.31933933,-0.05945,0.116348684,-0.3641743,-0.37302494,0.08086467,-0.25813594,0.11046755,-0.07187641,-0.31671834,-0.08297564,-0.13980305,0.55489045,-0.018124223,0.25484866,-0.64011467,-0.07075769,0.009025097,-0.04979217,-0.024120733,0.12099147,1.4595356,1.697443,0.18035257,-0.14274481,-0.17841117,0.08205432,0.38034856,0.33635923,0.43880296,-0.5508095,0.046940982,-0.27258855
1488,-0.3034106,0.002013594,0.09409237,0.31610042,-0.0760155,0.51459587,-0.3031322,-0.6223997,0.03286612,0.25450602,0.004207313,0.13076246,0.03469629,-0.4499458,-0.18198073,0.060039744,-0.004976198,-0.09950209,0.38655657,-0.18736395,0.2147159,0.35939133,-0.57488847,0.29787087,-0.6367244,0.37349924,-0.29668728,-0.3883927,-0.113366365,-0.08985746,-0.32323062,0.12763804,-0.55013156,1.0601716,0.836564,0.10589266
1489,-0.37790468,0.32506824,-0.3461011,-0.008070484,0.40964365,-0.04625836,-0.27894303,0.05020821,-0.2902519,-0.5088427,-0.73846215,0.033252686,-0.8283156,-0.22901404,-0.8555146,-0.48650664,-1.3658795,-0.52561605,-0.23960376,-0.10682869,-0.13220322,-0.1657496,0.3436904,-0.346439,0.58422846,-0.16930279,-0.40007976,-0.13764119,-0.2769988,-0.2007999,0.29608816,0.2920804,0.5832977,-0.15087229,-0.02191472,0.977559
1490,0.15019453,-0.15192229,0.08365691,-0.07637501,-0.048202038,0.04227096,0.29057324,-0.3220507,0.11872473,0.35560435,-0.27704826,0.072938204,-0.21701598,-0.12753366,-0.12934744,0.40163696,-0.048757374,0.11627591,0.04286754,-0.24773222,0.033007383,0.40810066,0.27414638,0.05919361,0.7679486,0.42521134,0.07258308,-0.0244475,-0.13150382,0.029848278,0.21953785,0.036170512,-0.14038262,-0.19630644,0.094209254,0.1525026
1491,0.08511323,-0.3785213,-0.5913887,0.5688617,-0.07951903,0.23452675,-0.1954742,0.21909326,0.79196674,-0.1264356,0.02994427,0.09385955,0.0024451613,0.058243632,-0.1807704,-0.10154122,-0.32154748,0.64406145,-0.06556499,0.10252977,-0.36669195,0.11214715,-0.5049917,-0.37658942,-0.35613734,0.047241867,0.17919993,0.14684516,-0.06541729,-0.120616674,-0.077228904,-0.32210946,0.36349773,0.03737852,-0.28614217,-0.43320805
1492,-0.2574296,0.12903804,-0.24677145,1.3446658,0.6871407,0.49533838,-0.4216803,-0.008322924,0.048651338,-0.31120604,-0.627035,0.031485558,-0.11776674,-0.005928755,0.03006208,0.28856272,-0.15647604,-0.2593307,0.3005423,0.339144,-0.27277976,0.14858103,0.23950267,0.098566845,-0.08118558,0.17262277,0.41818982,0.84152675,0.1847943,0.52241933,-0.032393754,0.018293887,0.08943659,0.4681524,0.88343936,1.2253523
1493,-0.089280985,-0.09541029,0.13108552,-0.48289847,-0.067224145,-0.09329826,-0.19541205,-0.4051494,-0.33072978,-0.46553975,0.15638852,-0.09452361,-0.53693205,-0.3991335,-0.46141604,-0.47638935,0.35413313,0.17330945,0.013722986,-0.14658514,0.19370373,0.36722562,0.036842465,0.16964212,0.32406813,0.80586827,0.19595909,-0.40104467,-0.18697035,0.023009181,-0.013607077,-0.093787074,-0.046327412,-0.35986814,-0.07794827,-0.051875472
1494,-0.22410242,1.3823402,0.44981235,0.60472643,0.43305266,-0.0074750185,0.33632895,0.460382,0.20715529,-0.72634155,-0.7097608,-0.21525273,0.37892675,-0.015687898,0.19669941,-0.23366237,0.2392933,-0.17814207,-0.3264742,-0.83690655,-0.20241609,-0.10037745,-0.17266838,0.23507237,-0.5817118,0.43121326,0.13531326,0.02483645,-0.6790429,-0.44040024,-0.0035489798,-0.07558429,0.21822083,-0.66695195,-0.31541324,-0.051410854
1495,0.13577157,-0.12612812,-0.19924799,0.04537314,-0.3005103,0.08506286,-0.13450682,-0.3174907,0.34332964,-0.31947452,0.013809174,-0.0045703202,-0.47224545,-0.22846873,-0.7273675,-0.12398094,0.04396315,0.21520871,-0.14841521,-0.020375334,-0.14870399,0.25399873,-0.3513265,-0.36395872,0.3662969,0.59986115,1.1585426,0.32213733,0.20487443,0.40347484,0.4515801,1.3348194,1.510189,0.16713133,0.81858003,1.127078
1496,-0.23901333,-0.27256414,0.13828182,0.8805315,0.97092724,1.9683771,1.029044,0.042242885,-0.10965437,-0.054402065,0.300304,-0.09673953,-0.08277857,-0.007130511,-0.041844636,-0.04690388,0.021775968,0.1369735,-0.3693301,-0.1316677,0.011054635,0.10874518,0.4234271,-0.14750153,4.6759124,-0.44576284,-0.25862157,-0.074694976,0.28293583,-0.15396678,-0.36140174,-0.2747092,0.18901432,0.19205862,-0.37887096,-0.0021368265
1497,-0.62047625,0.015989363,0.24594608,-0.24380797,-0.29104942,-0.119757,-0.7348311,-0.013322175,0.07476857,-0.13689816,0.07359179,-0.2813143,-0.013290554,-0.10347696,-0.052116334,0.5020915,-0.038898945,0.070486814,-0.17958862,-0.7002099,0.20416838,-0.52918833,-0.6842313,-0.33617556,-1.0535109,-0.40299833,0.13950402,0.3488325,0.47407937,0.40669143,-0.031226039,0.21927702,-0.3490317,-0.30750108,0.0634675,-0.41365755
1498,-0.11925875,-0.20432076,0.14576842,-0.13447884,-0.21114151,-0.34127265,0.35423657,0.25298464,-0.115149915,0.46174246,0.59780294,0.80282545,0.2729716,1.50662,0.9402698,-0.7587054,0.036845997,-0.10620327,0.29571193,0.1426958,-0.76712584,-0.44086346,1.1080229,-0.13648635,0.18414211,-0.54798186,0.052568644,-0.07623397,0.10386655,0.24640685,-0.665795,-0.2102369,0.036183983,-0.19951731,-0.14275423,0.2734958
1499,0.20642444,-0.32213312,-0.1003961,0.035740376,0.13441026,-0.0010838509,-0.10444848,0.13265646,0.0642336,-0.031559408,-0.14343274,-0.1230253,-0.26225638,0.10367994,-0.099285185,-0.3817894,0.063646935,0.22343808,-0.07901418,-0.39394936,0.041094363,-0.25449133,-0.27076846,0.13010234,-1.51452,-0.026351124,0.076523125,0.5751209,0.028706431,0.053765714,-0.06944909,-0.5650792,-0.09470689,-0.436633,0.09146017,0.0869689
1500,-0.24227351,0.19181523,0.14155006,-0.29548478,-0.055699434,-0.5452064,0.17666519,-0.0034281313,-0.27265835,0.1271252,-0.26088694,-0.6870545,-0.30767876,-0.38406515,-0.31452814,0.6513567,-0.115036726,0.4627731,-0.24768183,0.28323144,0.09243618,-0.03964723,0.2285372,-0.9816921,0.87219083,1.0926365,0.2833206,0.02260691,0.049374625,0.008693725,0.28396767,0.21629149,0.09743345,-0.073256075,-0.17433071,-0.012312219
1501,-0.19033194,-0.21543562,-0.048996627,0.39603436,-0.2210269,-0.14619648,0.13801551,-0.39167774,0.1782546,0.015096784,-0.107889414,0.030557692,-0.4062167,-0.53488266,0.0010174513,-0.022228807,0.009791054,-0.43976802,-0.2525971,0.13073653,-0.09907663,-0.7051014,0.240801,-0.23816657,-1.5194839,-0.7850888,-0.25837806,-0.26305085,-0.034602776,0.030684114,-0.14838096,-1.1746838,-0.5548507,-0.4525892,-0.12516502,-0.07361984
1502,0.088784575,-0.16469723,0.091894254,-0.042784333,-0.5967118,-0.15848023,-0.19185841,-0.12612689,-0.5993016,-0.6765327,-0.17110085,0.03338951,-0.6719522,-0.5121465,-0.37539575,0.42569968,-0.86208385,-0.21717782,-0.3094651,-0.06685293,0.27640966,-0.5568885,0.030553102,-0.028556764,0.07558596,0.6198504,0.071374506,0.6236453,-0.027203918,0.25576505,0.34334198,0.46416256,0.065342486,0.16388097,0.23384413,0.5507381
1503,-0.32543308,-0.33480167,0.0056049824,-0.32151407,-0.15508997,-0.08554804,-0.42361146,-0.042114794,-0.23761857,0.5654261,-0.32415605,0.40748167,0.25505126,-0.03246218,0.055460565,-0.084205866,-0.10264379,0.68088365,1.0205164,0.29943815,0.037382275,0.17683256,0.5313147,-0.044623017,0.28560644,-0.13272081,0.41096008,0.4745828,0.08783306,-0.41522634,-0.048095226,-0.13741796,0.54534173,-0.7439217,0.0926038,-0.41055426
1504,-0.19886667,-0.00051026046,0.33868444,0.10030657,0.37496644,0.2784965,0.09384143,0.16411602,-0.4408282,0.18422568,0.30589935,-0.22575402,-0.053011715,0.10656464,-0.11375135,0.20425862,-0.24654898,-0.27622086,0.05004978,-0.089122236,0.49544263,-0.02134794,0.16443819,0.23120666,-0.2645256,-0.4935385,-0.15949482,0.2979566,0.16707277,0.1050812,0.0012814403,0.21969569,0.6932075,-0.3454402,-0.16774309,-0.121168315
1505,-0.4243372,0.23220104,0.18182456,0.6249242,0.92801416,0.45575437,0.19791818,-0.36083198,0.11775994,0.20510411,-0.5423696,-0.20902407,-0.078008235,-0.07954266,-0.089002304,-0.36002082,-0.27836642,-0.11060101,0.10239267,-0.26341462,0.10146743,-0.26507345,-0.03199116,0.009601012,-0.9051964,0.19263601,-0.20762075,0.15171179,0.07191241,-0.3027544,-0.34702706,-0.27830842,-0.46794248,-0.07073653,0.9419668,0.8704808
1506,-0.18649614,-0.31361774,0.21413475,0.4753371,0.5505915,-0.14726436,0.142075,-0.29805994,-0.60225177,-0.32597202,-0.0041712224,-0.40423048,0.06757328,-0.7146697,0.4472582,0.18553704,0.06928611,-0.18087056,0.06428373,-0.032536983,-0.10054645,0.42625928,-0.005996585,-0.28944993,-0.3150958,-0.112270296,0.18955784,-0.36056215,-0.022852123,-0.55513096,-0.48135412,0.2416313,-0.5252468,-0.0025718212,0.12788749,-0.021022752
1507,0.3474209,0.20124456,0.12871721,0.08988632,-0.10537496,0.35250455,-0.04615885,0.8125676,0.20724025,-0.081210196,0.43358424,0.86898893,0.3831131,0.65968543,0.002363503,0.4738792,0.087798,-0.10716518,0.040275276,1.0244298,-0.5395283,0.11272186,-0.05301258,-0.25816572,0.11606479,0.20714554,0.5649911,-0.094208,0.096699044,-0.7680372,0.06789559,0.2609741,-0.08660084,0.1224491,-0.23940605,-0.091668636
1508,0.19379604,0.063265026,0.23898938,-0.04049132,-0.10841574,-0.106689245,-0.20975451,-0.17314723,0.02541405,-0.17751068,-0.24180624,0.17083469,-0.73793936,-0.95294404,-0.14440379,0.826407,0.01801455,0.41150808,-0.43843,-0.6414271,0.052158326,0.7998232,0.8051289,0.4037065,3.6318464,1.8260462,0.37427282,0.18789399,-0.31895065,-0.0054854155,1.8273757,0.69964546,0.20869535,0.17713994,-0.04851067,-0.29438764
1509,0.32171595,-0.5705669,-0.43401426,-0.75836957,-0.27585745,-0.3539781,-0.3516994,-0.24020493,-0.103696644,-0.18686008,-0.15353143,0.321374,-0.798309,-0.29755807,-0.53711545,0.40495834,0.4228472,0.036731362,0.4645183,-0.35976148,0.094905496,0.07953876,-0.32444274,-0.28465667,-0.096806824,0.07365382,0.33425602,-0.4452145,-0.085497975,0.01913929,0.43230945,0.14759219,-0.35152054,-0.28112477,-0.22178951,-0.12950969
1510,0.07915148,-0.13014983,-0.057482034,0.50308377,0.26169243,0.21869479,-0.060061216,-0.20659032,0.17202115,-0.2917542,0.47447306,0.05524066,-0.2863863,0.34823322,0.21048833,0.09561595,-0.13577342,0.1769223,-0.010894127,0.123392135,-0.3335716,0.20512336,-0.20432888,0.016869836,-1.175452,-0.1719217,-0.08207402,-0.40703815,0.28782082,-0.30416006,-0.65112007,-0.47498935,-1.2147901,0.36585587,0.0141763985,0.017165832
1511,-0.4372363,-0.02677548,-0.5870406,1.4355124,1.2231829,2.5924559,0.47926497,-0.06950152,0.022123814,-0.7974312,-0.09956932,0.31185865,-0.22681546,0.14110404,-0.15939057,0.1629926,0.37352252,-0.20756318,-0.25467682,-0.6026621,-0.38326693,-0.1829992,0.0636183,0.08681673,-0.015840292,-0.02948463,-0.004435975,0.5932529,0.08197659,-0.01707381,0.78215176,0.383509,1.151877,0.7541214,-0.20462903,0.36038858
1512,0.6312363,0.120253384,-0.1404147,-0.42668033,0.017028699,0.062252432,0.056838274,0.6150601,0.1838305,0.3278607,0.6523801,0.55429584,0.23410869,0.036794037,0.60425603,0.10847841,-0.74019706,0.7705367,-0.018492699,0.14239782,-0.2227264,0.5549853,0.29985958,0.15117007,1.2150347,1.6277192,0.6358822,0.2049697,0.7384688,0.793002,0.61027527,0.83353084,0.42738444,-0.49487743,-0.13616648,-0.03083098
1513,-0.014370024,-0.2445763,-0.95769036,0.27097887,2.8146114,1.1391697,0.75863826,1.1723858,1.694099,0.0867579,-0.6999856,0.47663733,-0.14451468,-0.0009955724,-0.0034143329,-0.12080032,-0.15897071,-0.16055387,0.10932726,0.22547351,-0.09801568,0.070611715,-0.05023876,0.041831277,-0.016653657,-0.21812879,-0.32697785,-0.27312666,0.08619575,-0.011529148,0.039352536,-0.016035542,-0.30279422,-0.082271695,0.021827787,0.28832746
1514,0.029962867,-0.015782833,-0.055469394,0.5823672,0.32498202,0.20356935,0.052104235,-0.44797683,-0.3092441,0.6700353,1.2358618,-0.07643546,-0.21412846,-0.1999588,-0.04551351,-0.43307266,0.31352827,0.034319878,0.38641334,-0.45635316,0.14242163,-0.533715,0.05166152,-0.08543688,-2.0195403,-0.261845,-0.18913284,-0.07332157,0.20533004,-0.088458836,-0.2367605,-0.022938833,-0.4295287,0.21643272,0.151263,0.19076449
1515,0.19862098,0.028002948,-0.06256974,-0.15629554,-0.04234475,0.016798854,-0.111017555,0.27193302,0.0141457915,2.1676354,1.5631735,0.90634406,4.004865,2.3816528,0.8193015,-0.27040523,0.0030188188,0.025463521,-0.31805897,-0.0521532,0.0348233,0.1766025,0.20452762,-0.111973226,0.5543837,-0.45729595,-0.11774725,-0.28534204,-0.16644886,-0.039361894,-0.040185094,-0.19235353,0.10730189,0.035656914,0.0680725,-0.03740549
1516,0.12278986,0.14977853,0.019039989,0.86672235,0.19499582,0.2691869,-0.22802532,0.106773615,0.05254364,-0.20452242,-0.21254134,-0.060426474,-0.26506788,-0.20049593,-0.2934817,0.0816094,0.18709868,0.012254834,-0.08332217,-0.3689224,-0.18333218,-0.33095348,-0.25096548,0.005156517,-0.34308785,0.116546035,0.07468438,-0.12653352,-0.13937628,0.058893085,-0.12330532,-0.6941145,-0.2531389,0.3039563,0.21262139,0.17036223
1517,-0.16760004,-0.02870667,-0.022858799,-0.1331809,-0.2657187,-0.015449464,-0.12553898,-0.12949456,-0.16269127,-0.30847925,0.10823184,0.021071315,-0.4167025,-0.29871792,-0.4814379,0.49557066,0.16459805,0.16389906,-0.55289066,0.14381209,0.017104864,0.4719109,-0.014184594,0.2104286,1.2821013,0.82708883,0.26577705,0.3153531,-0.37841392,-0.593506,0.46492267,0.81289923,0.34629855,-0.11476198,0.12055394,0.07265261
1518,-0.38174078,0.10483417,0.021836758,-0.1156459,-0.15629911,0.008746564,0.05634713,-0.46624017,-0.09279287,-0.26099825,-1.0659276,-0.13020182,-0.5568534,-0.163459,-0.24019921,0.067385375,0.27911913,-0.003516078,0.24291489,0.32165182,0.42275622,-0.4858587,-0.3453384,0.058967113,-0.7340255,-0.13434845,0.009592712,0.038457632,0.19008914,0.03322792,0.08925642,-0.36702526,-0.75062096,-0.12555295,-0.0735203,-0.06447494
1519,1.9186329,1.9342551,1.8347511,0.05041915,1.0834616,0.74637383,4.4805894,3.0635877,4.629856,-0.37224695,-0.57272416,-0.16256924,2.6167169,0.695092,0.7303399,0.04303935,-0.06410763,-0.07812533,0.03248602,0.11002529,0.23229992,0.29617304,0.057358474,0.1304242,-0.42223576,-0.6668005,-0.06227389,0.34555528,-0.038582906,0.17261946,-0.29104152,0.10733536,0.21738896,0.6766279,0.24350543,0.490703
1520,-0.02197054,-0.031783313,-0.058706462,-0.5045895,0.049814653,-0.11280626,0.21234852,-0.38028958,-0.27230266,0.8517086,0.39008752,0.3275435,0.8260042,0.9863025,0.9156902,0.41517657,0.5483196,-0.003950894,-0.42953247,-0.013141274,-0.11683662,0.09990847,0.08758097,0.13806853,0.32214504,-0.4169591,0.038259894,0.312253,0.661587,-0.12440023,-0.15836978,-0.24551378,-0.33306295,-0.32090157,0.016516209,-0.108134404
1521,-0.036109865,-0.2658807,0.20177007,0.047289968,-0.0353505,-0.045386374,-0.37885255,-0.2905514,-0.042788386,0.32303846,0.06844425,-0.15459502,-0.018886209,-0.16025785,-0.19004095,0.5913986,0.36210567,0.19858289,-0.29606235,-0.016189694,-0.16770649,0.82007074,0.21160698,-0.051026285,0.5759099,0.5649797,0.20135969,0.31541753,0.057791524,-0.106903076,0.93456197,1.0391213,0.23665482,-0.16719508,0.09156972,-0.15458667
1522,0.16563092,0.06574413,0.1313332,-0.05861737,0.082083315,-0.036321223,-0.22714376,0.058957875,0.014326274,0.6329628,0.3913659,0.11165637,-0.22201431,0.045713104,0.1475007,0.89555335,-0.04134068,0.027713478,-0.76681334,0.028138213,-0.08876437,-0.050815046,-0.18418857,-0.21024555,4.0110536,0.7965359,0.5735528,0.07965867,0.37994593,0.025893271,1.979444,0.9111071,0.21400246,-0.037408568,-0.14823124,-0.0042559505
1523,0.07891079,-0.07394606,-0.46849108,-0.32751215,-0.043992855,-0.45799923,0.15241042,-0.672855,-0.1983398,-0.29144177,0.2427411,-0.008291602,0.26562798,-0.008736052,-0.17546666,0.20467418,0.13005036,0.09841657,0.3658347,-0.0985232,0.11094764,0.07930349,-0.21965659,0.18284762,0.39638162,0.3103016,-0.12352458,0.056587756,-0.088305086,-0.3338186,0.38236484,-0.087589145,0.22464612,-0.008097321,-0.15366346,-0.17372292
1524,-0.038358152,0.5121498,-0.24841222,0.04351151,0.3298418,-0.04494515,0.42911905,0.060046077,-0.09594211,0.099133365,1.7911146,0.24768522,0.72111195,0.8447348,0.3369207,0.005118996,0.1543988,0.06997509,0.027928233,-0.27931178,0.07108192,0.09320915,0.15321067,0.02182585,-0.22535795,0.064878196,0.4474424,0.053602517,0.108323604,0.15884191,-0.08415192,0.3243231,0.4371198,0.07250136,-0.067341805,0.10011001
1525,0.38516843,0.8460376,0.03759086,3.4180036,2.8094182,1.4928522,2.4371712,3.3080864,1.2234346,-0.15305984,-0.3325342,-0.11027855,-0.21982789,0.019115746,-0.032423854,-0.099992305,-0.18003583,-0.033016562,-0.074519336,-0.0482516,-0.12739843,-0.44497967,-0.048819155,-0.026384592,-0.030973464,-0.048176855,0.04485202,0.049870253,0.0014171302,-0.046001256,1.1496809,-0.1593467,-0.0416297,1.5536361,1.2644833,0.030002058
1526,0.7570855,0.5251231,0.32594848,-0.055117548,-0.098634064,-0.04337704,0.3395032,-0.088941574,-0.047932446,1.6282496,0.7591096,0.39276734,1.2624252,0.63564324,0.032433465,2.8180447,1.3343229,0.75591516,0.38763177,0.46490765,0.4382044,2.4041188,1.5157589,0.8361032,4.721248,1.6168802,0.93660915,1.3244284,0.9071294,0.6291637,3.6103678,3.9538677,2.2980416,0.9804677,0.8717393,0.38651496
1527,0.18395084,-0.031264544,-0.0036075115,-0.08793011,0.1210649,0.1478114,0.05540983,-0.14387369,-0.22529364,0.20775759,0.2551601,0.04625964,-0.5214006,-0.19905972,-0.051133692,-0.058526263,-0.0045329332,-0.10396755,0.25338104,0.102561176,-0.07412184,0.08626214,0.044486463,0.19327164,0.83764744,0.2569661,0.13087225,-0.28969014,0.12859863,0.13158071,0.057566226,-0.019526482,-0.6042473,0.32954648,-0.05104798,0.071167946
1528,0.072781116,0.21206573,0.059562862,-0.16801512,0.010689497,0.10425846,-0.39759228,-0.14092374,-0.4571075,-0.59354144,-0.0479296,0.48697585,0.27263695,-0.5741117,0.030066937,0.21449251,-0.39943662,-0.26544714,-0.38801247,-0.13706568,-0.21762383,-0.3164224,0.124083534,0.003119886,0.008777261,0.24172087,0.37385553,-0.56891656,-0.38200086,-0.1493243,0.5704117,-0.3140372,0.46946526,-0.3280095,-0.109226406,0.30001763
1529,1.1166401,0.5808565,0.17113757,0.09620787,-0.039788485,-0.011180669,1.098574,0.44549778,0.16748303,0.98575425,0.81190795,-0.07546562,2.2466393,0.16729271,0.8640487,0.49788177,0.3273521,-0.18260217,0.09972662,0.056159377,0.13513017,0.38528654,0.8555153,0.60096174,0.9752368,-0.13788116,-0.16899675,-0.057129562,0.06488529,-0.16485122,-0.8717378,-0.094315976,-0.28451952,0.70413965,0.4085248,0.06384444
1530,0.12649179,0.26254272,0.40824246,0.0065517575,-0.094943225,0.5979984,-0.12806457,0.17683697,0.11313732,-0.18716729,0.8115417,-0.050958395,-0.021148324,0.45136803,0.010104835,0.19726568,0.21725038,-0.14538264,0.13963592,0.047834277,-0.36177316,-0.20740159,0.29346257,0.38398015,0.004392743,0.34907,0.19606394,0.29566836,0.01607716,0.41705203,-0.038474917,0.17775138,0.22733021,0.26888156,-0.031942785,-0.3207307
1531,-0.3658093,0.36510518,-0.3557672,-0.41089177,-0.7502358,-0.49711454,0.54318875,-0.0212592,-0.068158925,-0.37077695,-0.23802578,0.110182196,-0.27753767,-0.091322646,0.15656653,0.5332104,-0.17486858,0.20447856,0.034236655,0.36677486,0.077329695,-0.21580231,-0.08008826,-0.22770797,0.29065368,0.04112792,-0.13062042,0.42402875,0.16676188,-0.017937899,0.56215477,1.0494761,-0.18049532,-0.31655663,0.21243629,-0.31111503
1532,0.33032316,0.4219898,1.2770685,0.125229,0.51943004,0.3353344,0.56325066,0.17572372,0.13439357,0.69955945,0.5570295,0.8596436,0.8534678,0.4320932,-0.09511948,0.03254223,0.15586293,-0.046016872,0.17985222,0.30373853,-0.13161814,0.1569221,0.03268075,0.14541562,0.029926598,0.042448997,0.026353106,0.98010826,0.29079163,0.5054438,0.7698154,0.7201286,2.4168806,1.0472212,1.7793839,2.1600738
1533,-0.084371194,-0.29176867,-0.18877557,0.31202248,0.86295724,-0.16146898,0.31327897,-0.11316766,-0.066411555,1.9734443,1.113838,-0.09771255,0.77371484,0.041436374,-0.43036875,0.035245582,-0.1723693,0.1939115,0.069637865,0.20932986,-0.120552346,-0.49526408,-0.18619113,-0.626384,-0.13404053,0.45698726,-0.4892974,-0.09775439,0.30240044,0.0072754025,0.21766475,-0.31241766,0.48325676,0.7519003,0.22401676,-0.18339777
1534,0.4358387,0.4006457,0.13650596,0.08074996,-0.12704204,-0.39092517,0.14803329,-0.105858766,-0.04705131,0.015987635,-0.03400886,-0.045621157,-0.24151993,-0.03891918,-0.03450501,3.0007858,1.8554056,0.50526047,0.007513821,0.18053278,-0.11349848,2.6488442,1.4812527,1.3957564,2.4376595,1.628769,1.3425629,0.03593698,-0.13213181,0.060311317,0.21025038,0.82233024,0.5287826,-0.0012956858,0.3006719,0.10381889
1535,-0.031296194,-0.1024899,0.4624247,0.38646993,0.34246898,-0.14148805,-0.07135916,0.027919844,-0.18687841,-0.3259703,-0.49552047,-0.23999347,-0.0193488,0.48671857,0.2648576,0.07342315,-0.30560172,0.7325451,0.31643927,0.31067324,0.022879086,0.12699541,0.050921228,-0.70631886,0.88046944,0.6327491,0.23108828,0.0078666955,-0.041197345,0.10089706,0.6421175,0.45465907,-0.27950996,-0.00645113,0.23203951,0.14904734
1536,0.21685083,0.6193001,0.39768103,1.187151,0.6395923,0.51654327,3.5463462,3.0580792,2.340848,-0.6016642,-0.14719862,0.019184716,0.2470752,-0.11610681,-0.27714443,-0.2112186,-0.18875515,-0.37392062,-0.4390175,0.09713858,0.13550645,-0.42935258,-0.14514956,0.103640676,0.1271298,-0.50011027,0.34121555,-0.14424706,-0.08473015,-0.10066402,-0.23102188,-0.44024247,0.010327935,-0.22786735,0.14366159,-0.07894492
1537,-0.18090087,-0.1434528,-0.028079659,-0.1561752,-0.10957569,-0.010832727,-0.34921503,-0.16837895,0.05992973,0.113690406,0.06671277,0.061136425,0.6968212,0.24171428,0.1551958,-0.293993,-0.17694464,0.010331273,-0.00030469894,-0.057386547,-0.019205213,-0.026650071,-0.079350024,-0.033595324,-0.26967686,-0.089591146,-0.163879,0.32058388,0.0774661,-0.0022645593,0.59363437,0.018235385,-0.0072156787,-0.010964632,-0.10088849,-0.042324305
1538,0.14134479,-0.049515337,0.0006042123,-0.02144105,-0.022008628,0.018373013,0.24166231,-0.30048862,0.031372547,-0.110348165,-0.16300258,-0.04318255,0.20344679,-0.010190286,-0.013348907,1.02563,0.013062477,0.21217903,0.13651055,-0.03484319,0.10510206,0.3378747,0.43316865,0.1005528,8.483088,2.0213897,0.9333801,-0.011822272,-0.10731086,0.060329616,5.449358,0.80326086,0.18194851,0.07236302,0.013972282,0.19244787
1539,-0.26533258,-0.29756135,-0.6442895,0.013921142,0.2900961,0.11791268,-0.07117313,-0.27766395,-0.21791244,0.17372376,0.63464963,0.85981834,-0.094840676,0.81347775,1.0922936,-0.08171892,0.42932314,-0.36234164,-0.023511767,0.4254629,0.15302962,-0.04315138,0.28934005,-0.31633413,-0.3694428,-0.35450983,-0.33857352,-0.12218222,-0.18823613,0.03189397,-0.42211396,0.11111921,0.64903986,0.38945258,-0.6690691,-0.12932098
1540,-0.7884241,0.12475109,0.03796923,0.29802456,-0.24230585,0.0137630105,-0.36463267,-0.80349725,0.09181881,-0.6119075,-0.467677,-0.18302459,-0.46305275,-0.426092,-0.21848226,-0.25311336,-0.26171416,-0.011154115,0.36924046,0.30290866,-0.115763605,-0.8210417,-0.33569586,-0.18935955,-1.4050136,-0.44720775,-0.039633274,-0.2749939,-0.043283105,-0.0021108985,0.11332154,0.24226421,-0.22771558,-0.09002545,-0.09586841,-0.056390584
1541,-0.25805593,-0.09885684,0.08232999,-0.41496426,-0.34148905,-0.15393388,-0.67576385,0.3326874,0.09545815,0.4015624,0.047926947,-0.0075229406,-0.74086475,0.18579459,-0.12995076,-0.09886736,0.12476074,0.49547845,-0.27198017,-0.2667969,0.057700217,-0.35825935,0.8223223,0.02404046,0.5989639,-0.28981718,-0.08976936,-0.010829806,-0.11370287,-0.16262066,-0.27349603,-0.008165736,0.11585659,-0.24467489,-0.1597507,0.032179713
1542,0.005234778,0.22093613,-0.08966625,-0.16692889,-0.10699402,-0.12451422,0.21026349,0.010461718,-0.2393977,-0.075022876,0.16555849,-0.31649238,-0.073405504,0.117314674,-0.03468156,0.44232488,0.21662335,-0.0113399625,0.28862125,0.04250014,-0.25462967,0.089901805,0.4141592,0.044320226,-0.07470071,0.35633838,0.70611244,0.67591447,0.50398344,0.70948964,0.09905577,0.5794866,0.34978557,0.17093813,-0.12595558,0.24873786
1543,0.11321628,-0.52007854,-0.2161718,0.41530177,0.06904736,0.88927215,-0.010772347,0.16166739,-0.06086886,1.1231416,2.173431,0.89699435,0.82224905,0.5929376,0.7180886,0.01856798,-0.02110666,0.05239153,0.07170533,-0.1408037,-0.22478157,0.015275836,0.51429355,0.27794087,1.0275927,-0.14610541,0.16776326,-0.28970274,-0.39030737,-0.3313713,0.20265102,0.39991122,-0.20549215,0.74953455,0.31797525,0.42566252
1544,-0.7502056,-0.061748296,0.029426575,0.1356235,0.7740084,0.99428403,-0.5759095,-0.22024733,0.033846915,0.10822824,-0.45170516,-0.20494807,0.021641433,-0.4788334,-0.27890262,-0.32954806,0.15379226,-0.6078332,0.15474766,-0.26397482,-0.22176206,-0.018638372,0.48425725,0.15350932,-0.06832947,-0.2494604,0.07318795,0.3654188,-0.1362309,-0.14412493,0.6538437,-0.23724133,-0.13329473,0.06216979,-0.29771733,-0.35630935
1545,-0.13177592,-0.097071886,-0.035888575,2.1493995,1.4634051,0.5867424,3.5763922,3.478459,4.9821296,-0.54013205,-0.3879727,0.21238345,-0.400508,-0.21155162,-0.6825435,-0.3846759,0.2290459,-0.14900786,-0.16128764,0.07216805,0.0013966411,-0.05864446,-0.270538,0.44132486,0.88308465,-0.36865044,-0.1292076,-0.0016895831,-0.16717263,-0.14356966,-0.26813358,-0.23533927,-0.16109166,-0.45100003,-0.018836439,0.18747322
1546,-0.25904715,0.06448829,0.023942351,-0.09073734,-0.39186585,-0.35351205,-0.12734002,0.080760226,0.22656012,-0.405892,-0.26827478,0.21544915,-0.02641344,-0.7812152,-0.14418602,-0.26114064,-0.13029024,-0.08710325,0.42084387,-0.4855681,0.044893622,-0.16994329,0.552052,-0.06865591,-1.0295707,-0.27905738,-0.04508859,-0.06564289,0.18303354,0.055109084,-0.13277733,0.4714143,-0.01185298,-0.3397874,0.19885772,-0.12252468
1547,0.24600977,0.27716076,0.3041647,0.38731426,1.3608067,1.4362265,0.42439488,0.12146562,0.12335956,0.4324473,0.37495506,0.4068562,0.22892177,0.30666998,-0.5223385,-0.07004219,0.08311489,0.18640131,0.3494339,0.027524829,-0.26317698,0.12246409,0.21215945,0.4618179,-0.026952505,-0.038054377,0.25694048,-0.12743133,0.302192,0.08474633,-0.16260636,-0.093614645,-0.48595047,1.038844,1.2841034,0.84621507
1548,-0.2303127,1.0332842,0.50831175,-0.42864794,-0.0066669285,-0.17044543,0.80123544,-0.15209508,0.009863675,0.60297716,0.0031687915,-0.41528612,1.0897506,0.29606596,0.26123548,-0.017405242,-0.09119904,-0.30043364,0.70643175,0.47917014,0.2799059,0.35337207,-0.24576998,0.10425362,0.5691098,-0.22145462,-0.053929225,-0.4728775,-0.40124267,-0.082022,-0.2539295,0.41671938,-1.1229262,0.65291953,0.30843878,-0.3337086
1549,-0.35105014,-0.14476603,-0.3574193,0.061806902,-0.0956198,0.24192703,0.056527197,-0.027950466,0.0892151,0.28128648,-0.02310592,-0.09809667,-0.3389402,-0.30991215,-0.32067323,0.23749381,-0.0024808645,-0.15175256,0.13176274,-0.046647668,0.109511614,-0.2231389,0.027145594,0.06488478,0.3197627,-0.14250124,-0.24920247,0.15018308,-0.18745664,1.0232555,0.79526037,0.6415822,0.46486032,-0.17969626,0.16296613,0.10550606
1550,0.14883256,-0.29501343,0.13752253,-0.67655766,-0.26613903,0.03420925,-0.27998167,0.39407718,-0.13604182,-0.55030143,-0.5054709,0.7386732,0.14805654,-0.058491364,0.10823178,-0.48954564,0.38359714,-0.15214461,0.23493743,-0.018772617,-0.020493448,-0.6724223,-0.7010542,-0.19466144,-1.0891327,-0.63500684,-0.35379332,-0.17169419,-0.43403637,-0.16304636,0.32011107,-0.021808658,0.40559655,-0.24539253,0.05165571,-0.22922876
1551,0.7952234,1.8562979,1.5239706,0.26883668,1.1407602,1.408927,2.1889744,1.2816021,1.3732125,2.4993496,0.96810037,1.2885249,3.422758,2.700025,1.2907273,-0.6338097,-0.14994484,-0.009575963,1.0425781,-0.5316073,-0.15819538,-0.035599947,-0.18115228,-0.013821721,0.07434186,-0.11030334,0.0049348474,0.25399563,0.19083548,0.3217233,0.12751144,-0.052001208,-0.07447639,0.66610235,1.4854931,0.94872296
1552,-0.4555543,0.5769641,0.32879412,-0.32833767,-0.01349619,-0.69862854,-0.022080004,-0.10379431,0.0021919012,1.9848615,-0.4802775,-0.06035202,1.1556302,0.13776454,0.06392563,1.1617001,0.13286519,0.13556612,0.64031446,-0.1777088,-0.034611046,0.7659906,0.42163998,0.19108751,1.1160377,-0.29919046,-0.11203553,0.038796842,-0.34656134,0.045001492,-0.0059421957,0.22684932,-0.22013673,2.1047885,0.47867745,0.327609
1553,-0.0017025471,0.17232028,-0.0032781363,-0.16877693,0.38369334,0.39015567,-0.005873561,-0.20061117,0.05159402,0.72350454,0.5245844,0.41299033,0.7596062,0.65839565,0.35564268,-0.039348245,-0.18481863,-0.14420825,-0.1503995,0.12449749,0.08264899,-0.16544725,0.14809883,-0.054138422,-0.2811501,0.0753919,-0.21787035,-0.4881488,0.03409171,-0.09864414,-0.07975268,0.051558375,-0.0850541,-0.0020391345,-0.0018008947,-0.037907183
1554,0.32618457,0.23895831,0.27239794,3.8908753,-0.13411577,-0.12427646,0.551373,0.36376145,0.2562269,-0.4369212,-0.14682351,-0.193488,0.39565605,0.4069901,-0.16536826,0.11990371,-0.10925263,-0.09832442,0.28547513,0.17155358,0.112831175,-0.17444205,0.175055,-0.12705147,5.700803,-0.09237547,-0.18513894,0.095411435,0.3250091,0.039319158,0.22660702,-0.21876377,-0.012375683,0.06767377,0.009461969,-0.03539425
1555,0.33474708,0.4015255,-0.08323848,-0.16401416,0.24070051,-0.085118294,0.17540497,0.034184992,-0.0005479455,-0.10841578,-0.10963394,0.04316032,-0.39224327,0.085016176,-0.016917646,-0.13528568,-0.24240968,-0.020717978,0.6137384,0.044189125,-0.011383712,0.2911766,-0.39350826,0.14720637,-0.7515523,0.07432691,-0.36335808,-0.19388458,0.16225804,-0.042647123,-0.7724388,-0.70230865,-0.059404165,0.1158185,0.20325342,0.029150844
1556,-0.032339506,-0.23416501,-0.54873013,-0.09331137,-0.14617747,-0.15612397,-0.3266983,-0.16818005,-0.008316696,-0.17905986,-0.843475,-0.30702358,-0.22772887,-0.83518094,0.23278299,0.19923614,0.4924807,-0.2454806,0.19608003,-0.06543515,-0.6634104,-0.69231343,-0.10416279,0.29626036,-1.3234017,0.05880773,-0.35890567,1.1239924,0.9868236,1.1156163,-0.61138594,-0.24085397,-0.40671265,-0.45754123,0.03453493,0.12966815
1557,-0.124055386,0.23061013,-0.06926425,-0.21534187,0.2262057,-0.29662228,0.17496711,1.1766413,0.089619994,-0.21192518,-0.34134743,-0.3125596,-0.03901398,0.05595275,-0.18946147,-0.71168125,0.5015055,-0.1115998,0.038816154,-0.4976833,-0.20593147,-0.6425188,0.0067409277,-0.0010008812,-1.2741915,-0.0006533861,0.07164788,0.40651083,-0.3420741,-0.15045287,-0.34795853,0.048666358,-0.6697271,-0.36761802,0.07523728,-0.6355686
1558,-0.22972068,-0.10710788,0.009761393,-0.023978293,-0.24387169,-0.056361973,-0.1676755,-0.018669188,0.032678545,-0.30734444,-0.20352787,-0.0119972825,-0.30701792,-0.3100317,-0.09974086,0.42792356,-0.2940228,0.044001758,-0.4103086,-0.09667355,-0.1413998,0.16636646,-0.30076292,-0.009155631,1.3314981,0.57331216,0.13299671,0.46014673,-0.04832104,0.14067352,1.4394579,1.2387483,0.5884812,-0.04383047,-0.008672535,-0.12503332
1559,0.00829339,0.26484752,-0.113291234,-0.06885606,-0.21878323,-0.27743372,0.111135304,0.2427358,0.09086406,0.27580726,0.14230078,0.36359617,0.509021,0.23471439,0.3641057,-0.054575086,-0.16043371,-0.37182656,-0.018318117,0.33816737,-0.08673046,-0.0368945,0.07208228,-0.074345976,0.027406573,-0.22333267,-0.33016932,-0.2353841,-0.36692622,0.2939452,0.2958371,-0.0058743283,-0.47991857,0.48067045,-0.26948965,-0.25214958
1560,0.4182428,0.092906296,0.29579467,-0.1723988,0.15504938,0.1450479,0.2223407,-0.13253427,0.23501962,0.45554644,-0.27379385,0.039726794,0.23850095,-0.008165434,-0.09393144,-0.5315995,0.16362298,-0.35933083,0.24885404,-0.051907778,0.038663328,-0.3088212,0.19862004,0.14448667,-0.21878135,-0.12829375,-0.066259265,0.06506753,0.08297628,0.016601622,0.2925251,0.030717134,-0.39411068,-0.16554177,0.40433824,-0.030526042
1561,-0.11009598,-0.101090714,-0.45287156,-0.119408965,-0.05833614,0.21086478,0.060648263,-0.09349713,0.14069997,-0.3229795,-0.20212936,-0.41198993,-0.34955192,-0.25312436,-0.48040283,0.12426084,-0.069215566,-0.24843425,0.08952284,0.107150435,0.49836034,0.1416781,-0.010575563,0.022961974,-0.306347,0.15305343,0.06347358,0.17445892,-0.063855946,0.14403307,0.02921164,0.042832434,-0.11824715,-0.10603392,0.13017403,0.059943378
1562,-0.103110194,0.49069297,-0.08848637,-0.12460518,-0.37703174,-0.23949778,-0.31727976,-0.6047332,-0.05895555,-0.26741263,-0.34904024,-0.20434529,-0.31484863,-0.29070732,-0.06494534,0.59187126,-0.2401833,0.0058147907,0.43744814,-0.097253785,-0.058272004,0.7001593,0.47880507,0.29979622,0.28888252,0.40731025,0.12244749,0.65619266,1.1267142,0.79623526,0.50656486,0.12442377,-0.0032355785,-0.0028743744,0.70879626,0.11464167
1563,0.34117937,0.7738497,-0.04594791,0.03265269,-0.31030107,-0.27623367,-0.03418209,0.15959877,0.0699895,-0.49186695,-0.26518786,-0.3327407,-0.0759092,-0.18653709,-0.41216952,0.19187559,0.23300567,-0.07593715,-0.08160767,-0.2340504,0.13277945,-0.19160432,-0.005644612,0.14874253,-0.75759196,-0.16567573,-0.14746511,-0.1997667,0.37944257,0.4747839,0.23905116,0.069486916,-0.55246377,0.080991864,-0.36033303,0.119986296
1564,-0.3741143,-0.032957256,-0.088890254,-0.19101211,-0.36839876,-0.12849385,-0.7321551,-0.26598358,-0.056740224,0.014219403,-0.31841227,-0.19972861,-1.0372441,-0.29193532,-0.16557127,-0.11620586,-0.44489503,-0.082033694,-0.46596122,-0.103057444,-0.11983025,0.16392007,-0.2737065,-0.03905368,0.89698905,1.4098295,0.48564273,1.2641982,-0.22197476,0.09098238,1.9331412,1.6523337,1.0686924,-0.46948764,0.083495796,-0.14282906
1565,-0.028423823,-0.098106444,-0.023022503,-0.11427724,-0.5720498,0.10407871,-0.6186303,-0.566217,-0.3841142,-0.30145943,-0.12142901,-0.47623459,-0.38510996,-0.25490868,-0.38539293,-0.585919,0.47197634,-0.43272433,0.44094855,-0.4224525,-0.11564064,-0.22503829,-0.48457217,0.4286183,1.1175797,-0.03194675,-0.29209855,0.45690078,0.8968425,0.2992721,0.99111396,0.09997061,0.6092162,-0.12522334,-0.30138698,0.53889173
1566,-0.08988428,-0.56532335,-0.09441185,-0.005663514,0.105023324,0.06770891,0.0694834,-0.5624591,-0.37092718,-0.0883272,-0.2423135,-0.01448524,-0.0126514435,-0.029073954,-0.3047332,-0.44074258,-0.023204356,0.08774841,0.14480436,-0.30818835,-0.28831297,-0.1934964,-0.12182891,-0.026519775,-0.24904478,-0.017935507,-0.10837813,0.20366272,0.14377321,-0.11077863,-0.47295892,-0.5822983,-0.40962714,0.13478404,0.495657,0.07428241
1567,-0.010521919,-0.1946916,-0.27818108,-0.3959239,0.45449919,-0.3334458,-0.31545573,-0.87829876,-0.08073279,0.10096819,-0.78370893,0.032979906,-0.064477876,-0.07349759,0.6713416,0.02408646,0.25841835,-0.080174565,-0.17850119,0.24683887,-0.40865517,0.18165988,-0.08191943,-0.09017913,-0.5828724,0.04506004,0.11200505,-0.18144429,-0.18885104,0.0074697435,0.08374286,-0.84199214,-0.7653979,0.16742843,-0.050576076,0.14983988
1568,0.8669299,0.51693076,0.19160628,0.5652547,-0.06336913,-0.08331102,-0.060124278,0.072895095,0.090684414,-0.35340652,-0.31602094,-0.14521551,-0.66582084,-0.41703796,-0.3090758,1.075859,0.069912195,0.4203837,0.07487476,0.25738263,-0.040088773,0.9905917,-0.029007554,0.047342896,1.8167655,0.89968216,0.40522528,-0.024386272,-0.034150608,0.07994914,0.5910181,0.46959597,0.3196559,0.09416042,0.08963889,-0.051535666
1569,-0.37191415,-0.17625475,-0.25277495,-0.20975587,0.09367049,0.033143103,-0.16472086,-0.22839418,0.15384704,0.2163128,0.7730943,-0.016631007,0.46073407,-0.016820848,-0.31419367,0.11892441,-0.45667687,-0.31086692,-0.23414946,0.035547614,-0.11908665,-0.45035914,-0.2185865,-0.5797585,-0.15927982,-0.2750445,0.27681825,0.056051612,0.8851252,0.87458026,0.21399406,-0.27005395,-0.6449033,0.3860669,-0.14711231,-0.15394282
1570,0.6864759,0.13183852,0.20291305,-0.5029528,-0.42957568,0.15058392,0.100627415,-0.4621353,-0.26388296,-0.21613868,-0.77566767,0.19367865,-0.10659248,-0.29560396,-0.59209955,0.98138034,-0.44335887,0.26793525,-0.5048797,-0.18398722,-0.005443573,1.7807653,-0.18353923,0.07740563,0.18531972,-0.14269207,0.2940234,0.1811901,-0.26019448,-0.14606458,0.083023846,-0.1680877,0.11023408,0.106279016,0.1967742,-0.005347073
1571,0.034989707,-0.25935164,-0.11819826,-0.7621917,-0.46221596,-0.44734406,-0.45256028,-0.10402501,-0.21754271,3.0554879,2.8672156,2.216314,2.2947488,2.1338449,1.6287818,-0.2124584,0.26461864,-0.07442379,-0.08440101,0.21588999,0.06251246,-0.1688417,0.19645032,0.15809834,-0.2796045,-0.41058105,-0.17751637,-0.1069683,-0.2610638,-0.1305055,-0.19493222,-0.34962827,0.08219385,-0.13473226,-0.19611017,0.031644404
1572,0.45402125,-0.59952325,-0.22299233,-0.9513341,-0.87657905,-0.51699084,-0.0702748,0.06593432,-0.21041083,0.6706482,-0.38305265,0.07746869,-0.49689275,0.2415161,-0.31591576,0.43534082,-1.4605954,0.3054505,-0.049508393,-0.7827098,0.12005764,-0.019652206,-0.066771045,-0.21591103,-0.43628103,-0.15823671,0.03941357,-0.14388722,-0.111530304,-0.08969351,-0.32948595,0.0006803274,-0.16213179,-0.31010258,0.07383844,-0.29914695
1573,-0.4122455,0.16454355,0.012832701,-0.4147396,-0.22981292,0.17597419,-0.10423267,-0.11384733,0.08894217,-0.1701688,1.0092564,0.5745535,0.8412682,0.57657385,-0.1976859,0.16315982,0.8452821,0.007240474,0.22313233,0.2829938,-0.031421304,0.593417,0.16103894,-0.17500412,0.055325747,-0.15455478,-0.029344738,-0.13058378,-0.09495026,-0.057102084,-0.73744845,-0.16528645,0.24208832,-0.9373982,0.11712494,-0.20049953
1574,-0.04955077,-0.2433939,-0.005840659,-0.1659652,0.4176043,-0.088521,0.08858979,-0.057982683,-0.02512604,-0.23743212,0.0040082783,-0.15112317,0.06633997,-0.23627713,-0.5689667,0.16596007,-0.043232158,0.068672,0.35178912,-0.25862414,-0.21514672,-0.085569024,0.09315601,0.30743837,-0.032075286,0.024972364,-0.090562046,0.6027463,0.44384408,-0.026600748,-0.3821072,0.020280823,0.074067175,0.06869012,0.07285756,0.08741623
1575,-0.11444071,-0.025312543,-0.27893287,0.14055605,0.021377861,-0.21744925,-0.06650856,0.4939617,-0.05022049,-0.38495302,-0.17120624,0.09975463,-0.19256312,0.27852952,-0.045940608,0.019950047,0.2853911,0.04407096,0.16787082,-0.0005632043,0.14527619,0.39782125,0.1980629,-0.7111811,0.313578,0.024868846,0.66537994,0.32483315,0.12754223,-0.1715936,-0.11044681,0.21305394,0.48111278,0.15338159,0.24699551,-0.13058442
1576,-0.5858286,0.24992509,0.10437894,-0.2181373,-0.16921374,-0.4060669,-0.5722258,-0.30015934,-0.082901955,-0.24816567,0.17744008,-0.018895566,0.012176454,0.0301674,-0.029618055,0.25135285,0.1582557,0.2652387,-0.6229381,-0.1728012,-0.1466856,0.67982036,-0.66896427,-0.14751968,0.40804952,0.38610175,-0.028175205,0.47466597,0.43593752,0.532465,0.84578896,0.4709189,1.1026894,-0.3137038,0.19961333,-0.32684556
1577,0.21481344,0.88136095,0.11985624,0.051792987,0.7944091,0.25486958,-0.00594306,-0.14524746,-0.11041804,0.6807079,0.07895063,0.53803426,0.6913948,0.04791136,-0.10587251,0.06946659,-0.119383186,0.33189207,0.12476897,0.1342628,0.054629683,0.85048807,0.8513503,0.1313324,0.6964568,0.2809198,0.28742588,0.18286836,0.06429303,-0.52772623,-0.35358462,0.16647147,0.2392605,0.8933792,1.4986216,-0.04481954
1578,0.3476973,-0.008596651,0.2586341,-0.2119345,0.41641822,-0.34264067,-0.2717353,-0.20689613,0.046341956,-0.1968711,-0.31007603,0.08796948,-0.17758594,-0.6038375,-0.49970335,-0.011264682,0.10842177,0.1688419,-0.050198674,-0.23619987,0.03747034,0.6360173,-0.66229564,-0.17107984,0.91925585,-0.1613084,0.3099969,0.47716329,0.49880624,0.3141849,1.5105761,1.4506624,0.57692844,0.28019485,0.008190513,0.18530542
1579,-0.7489119,-0.4868214,0.07862109,-0.32442373,-0.06097035,0.047636986,-0.708687,-0.7805905,-0.016682774,-0.30838442,-0.13929124,-0.14859039,-0.14784585,-0.15821458,0.10929662,-0.34259,0.14388733,-0.0311203,1.0696504,-0.06901842,-0.07200253,-0.7357257,0.3030253,0.017350912,-1.246619,-0.20310459,-0.1811068,-0.56324327,0.022163305,-0.051828623,0.07312402,-0.36997142,-0.56464934,-0.15927812,0.22197655,0.04888022
1580,0.10715473,0.3167874,0.33307028,0.35185108,-0.026606038,-0.026388645,-0.66983944,-0.05184722,0.110854685,-0.39511436,-0.3835081,0.34083563,-0.16697066,-0.07349935,0.052911937,0.30207378,0.035796165,-0.21821731,-0.18373406,-0.024257744,-0.068591535,0.49137858,-0.004331827,0.010424316,0.47316176,0.27887455,-0.080614984,-0.18425894,0.24269277,0.051012635,0.948926,0.5475894,-0.36050367,-0.07663894,-0.006314218,-0.038193166
1581,-0.030398488,-0.16459379,0.065954685,1.7683917,1.4910238,0.8839845,4.973406,3.4516296,0.6298251,0.07935643,-0.021264762,0.016406536,-0.18528497,-0.17072105,-0.1469695,-0.3332076,0.0008331239,-0.022453427,0.10838001,0.09981024,0.13663018,0.01922512,0.22783896,-0.010334671,1.4104292,0.07443319,0.09799546,-0.120171264,0.02875875,0.0702014,0.26507372,-0.4375136,0.10462493,0.24939615,0.18771267,0.054549396
1582,2.1313238,1.0554993,0.67980784,0.26289207,0.48302472,0.27652657,1.0937369,0.88688016,0.39476287,0.9594431,0.51350725,0.35169572,1.7265439,0.36362222,0.59440184,0.25973642,-0.012657046,1.3747532,0.23812139,0.12021018,-0.06088394,-0.26558033,-0.724525,-0.0728116,-0.02902168,-0.07823056,-0.07340366,-0.10357031,0.14864337,0.015679955,-0.33649233,-0.38921311,-0.5125184,0.7329112,0.47746906,0.15493
1583,-0.13029721,0.066150606,0.034891725,-0.031525332,0.24190417,0.36848027,-0.19340579,-0.14020789,0.26837185,-0.37755638,-0.42050612,-0.019804657,-1.2105439,-0.29228708,-0.31763873,1.3443271,0.0046843886,-0.18361157,-0.041505456,-0.016380906,0.060082614,0.80642164,0.5868789,0.058498055,2.4885247,1.1138815,0.56602126,0.37473494,-0.05684808,0.009277999,2.0012197,1.1333513,0.3871714,0.19746354,0.00026214123,0.12860239
1584,0.022689566,0.103432626,-0.043182075,0.09588891,0.20291063,0.06218493,0.18873829,0.08829433,0.035134017,0.11368358,-0.06496091,0.122096896,-0.16686201,-0.10420784,-0.07706046,-0.15980077,0.21265686,-0.11438924,-0.6393946,-0.089941666,-0.10458493,-0.01219368,0.103432156,-0.043417394,-0.35518217,-0.13999291,-0.13886929,-0.1360441,-0.16460901,-0.06548864,-0.092294335,-0.007272765,-0.013699174,-0.30615652,0.013444394,-0.03433907
1585,-0.20235163,-0.121133775,0.050278485,0.039209902,-0.036565363,-0.033387184,-0.09263438,-0.14376843,-0.036985457,-0.034523547,0.10120976,-0.037233233,0.8743526,-0.23685962,0.03285259,-0.2819686,-0.032228976,-0.07125074,-0.05998206,0.047150493,0.08285749,0.42412055,-0.044185817,0.00870508,-0.2655832,-0.11289427,-0.1411261,0.018978596,-0.09289244,-0.009918392,-0.19711208,-0.442717,0.014305651,-0.029316664,0.12574723,-0.08957809
1586,0.43986946,0.37268546,0.32935262,-0.2545694,0.5634874,0.5497294,1.3080819,-0.3240907,0.06071198,0.22667474,0.017102428,0.19078082,-0.34282917,-0.013163388,0.33820942,-0.5803007,-0.38455576,0.3181585,0.1534108,0.2410872,-0.14798021,0.22098958,0.36288655,-0.17393231,-1.005866,0.06908584,0.0026246905,0.18692757,0.33620363,0.07237208,-0.4151842,0.30629462,-0.7131161,0.49558324,0.33404166,0.02170813
1587,0.14602286,0.26033008,0.16637659,0.2461986,-0.041202426,0.044311702,0.17902616,-0.08495271,-0.14143026,0.5177357,0.034778,0.043363094,-0.24333012,0.15944584,0.16228631,0.012407929,-0.13938785,-0.011535168,0.088485345,-0.081925154,0.060895205,0.16552006,0.025715828,0.018579006,1.137774,0.15671033,-0.15921241,0.28953177,-0.115412,-0.05076182,-0.05112374,0.7107699,0.17980878,0.004760269,-0.024458408,-0.060520053
1588,4.430557,1.3841255,2.6358335,-0.08946657,0.6064075,0.18586737,4.417339,1.9599327,2.576892,0.2193084,0.02321601,0.1063478,2.5850542,0.94182706,0.46586367,-0.112600334,0.11795455,-0.022892922,0.25536597,-0.1359948,-0.086763024,-0.3016191,-0.035575494,-0.1683088,0.091527104,-0.036957845,-0.036432624,-0.0674013,-0.047076,-0.3171621,-0.081023544,-0.14882044,-0.30051595,0.8518792,0.60286796,0.15296566
1589,0.017638922,0.16451964,-0.13422595,0.4405303,0.3825654,-0.15787095,0.28716558,0.6258525,0.23149708,-0.26965916,-0.35440096,-0.5129117,0.07179797,-0.023471355,-0.00071044266,0.23396379,0.49854916,0.15463477,-0.08734095,-0.30898258,-0.12107895,0.49112844,-0.40119433,0.05146581,1.5925533,0.7506684,-0.22192654,-0.016817898,0.54001254,-0.22014727,0.22306749,0.91883904,-0.28539455,-0.17078674,-0.19115376,0.046648324
1590,0.23269105,0.24385652,0.26892823,-0.26589268,-0.2963441,0.47765246,-0.09431471,-0.064364016,0.28578758,0.08990213,-0.09508932,-0.26348823,-0.37729824,0.13905469,-0.6482438,1.1334217,0.231371,0.55580276,-0.0023956299,0.24080952,-0.12769407,0.6734488,0.26147687,0.6885269,2.514543,1.1914341,0.8552259,1.9778769,0.84396285,1.3234072,2.495333,1.022692,3.1474023,-0.32456505,0.05652082,-0.08105159
1591,-0.12498903,-0.41855866,0.17682213,-0.11211181,-0.059108693,0.10215747,0.024194926,-0.17034733,-0.08445096,0.19247341,-0.2624027,0.1695593,0.32346916,0.21062484,-0.2831931,-0.33493963,-0.27934122,-0.14082766,-0.37547064,-0.3140205,-0.10576713,-0.13554806,0.07886666,-0.0033015609,-0.34988457,-0.38549167,0.0027201772,0.96937764,0.2572603,0.1623919,0.3268121,-0.40807915,0.011013746,0.09804386,-0.39739642,0.027388632
1592,0.2073479,-0.10308392,-0.0111864805,-0.42468554,-0.14220124,-0.07183629,-0.16599357,-0.24921322,-0.083749175,-0.15886828,-0.24304304,0.052785635,-0.41768676,-0.66139746,-0.29977503,0.6508711,0.11760151,0.008428395,-0.0027744174,-0.10209572,-0.12818342,-0.03148359,-0.3594982,-0.08369124,-0.646919,0.51785815,-0.09994233,-0.44195434,-0.19114777,-0.107509136,0.72229594,0.44674778,-0.50182974,-0.41442692,0.09820619,-0.042042255
1593,-0.13859549,-0.38243335,-0.31861258,-0.07408345,0.042109042,0.08703542,0.114937246,0.010487974,0.24315596,0.1310952,-0.07875854,0.1245842,-0.14115639,0.047477484,-0.09746978,-0.24649748,-0.23653087,-0.43527842,-0.64417475,0.16960849,0.39514303,-0.4622841,0.02463454,0.058060586,-0.47323212,0.055820793,0.21509638,0.3747694,0.3611321,-0.015204191,-0.17102353,0.16668788,-0.72649723,0.3574652,-0.12272677,0.041817993
1594,0.10031283,0.08447915,0.2848475,0.32555407,0.36613455,0.22415456,0.31701553,0.44544715,0.20550327,-0.08087669,-0.29491553,0.339575,0.12360561,0.55875915,0.107747644,0.08381611,0.21644944,0.14145094,0.28095484,0.44707656,-0.16615751,-0.2244204,0.3909028,-0.17976165,0.035709858,0.21305692,-0.038439363,0.23071091,0.7085622,-0.3390265,0.45311677,0.17269576,0.8164407,0.123928845,0.34083667,0.25829637
1595,-0.14523405,-0.55410016,-0.16344237,0.121223584,-0.099357605,0.36076707,-0.29655814,-0.0020039082,0.25129366,-0.84374475,-0.12137978,-0.10146552,-0.67413455,-0.3475946,-0.2744724,-0.0013626814,0.065927535,-0.38311666,0.8164108,-0.03764075,-0.21023333,-0.48749095,0.18432991,-0.4643768,-0.10293132,-0.20179719,-0.46377045,-0.104049206,0.24996665,-0.048717678,0.24562107,-0.059332788,-0.22370732,0.581646,0.3704459,0.14403224
1596,1.3724382,0.60427713,0.6627433,2.1682074,1.1867085,0.00019520521,0.9627525,0.7559794,0.24491799,0.27631897,-0.47559673,-0.37487495,-0.21694383,-0.11787522,-0.044811487,0.2716171,0.28789496,0.23598719,0.4957326,0.14855772,0.019551873,-0.18979537,-0.26637387,0.09136978,0.19921495,-0.13847241,-0.09191626,0.30629867,0.10538016,0.09364843,-0.25036016,-0.06169288,-0.2582842,0.36368436,0.59267247,-0.08322638
1597,-0.32807004,-0.04962915,-0.46723107,0.6607501,0.38624325,-0.3731129,-0.2354542,0.106242836,-0.43981683,0.21377221,0.90282714,0.23662949,-0.6001366,-0.43890816,0.36262396,-0.46101758,0.29708806,-0.20187408,-0.41762325,-0.35924968,-0.0044638515,0.14685032,-0.038818,0.39384645,0.6605688,-0.51968855,-0.20431277,0.26764792,0.09965676,0.11353606,1.9950306,0.47334838,-0.054977953,-0.4606396,-0.57122725,0.16047049
1598,-0.15589112,0.07399148,-0.19349402,0.03201711,-0.22390816,-0.03465551,-0.30783057,-0.45564106,0.015543938,1.0387323,0.26254413,0.13024583,0.09882778,0.43737602,-0.18293297,-0.43120682,-0.10276898,-0.16281468,-0.06264934,-0.39273596,-0.28257176,-0.07902454,-0.13639782,0.07722503,1.1022323,-0.6506996,-0.004918188,0.27133584,0.3891351,0.2586707,-0.14530301,-0.5394779,0.036278516,0.06419808,-0.26259705,0.19247907
1599,-0.47870773,0.01001963,-0.2218793,-0.1831139,-0.038743235,-0.21990484,-0.5692614,-0.14848399,-0.014947414,0.525404,0.086022496,-0.13276291,-0.10529691,0.5977446,-0.059710026,-0.08951956,-0.29544467,-0.0392282,-0.33807755,-0.08945049,0.13060194,-0.45119995,-0.42433777,0.020881593,-1.8149157,-0.74068683,-0.15557641,-0.39823043,0.2574192,-0.09242964,-0.19298929,-0.3504112,-0.24996835,-0.49741507,-0.050756395,-0.09704
1600,-0.19065177,-0.15560414,-0.064091325,0.4697243,0.33390987,0.05612904,0.9379927,0.0072832406,-0.044126272,0.54603755,0.41777885,0.14716315,0.7449062,0.5978469,0.1561147,-0.22604162,-0.039585054,-0.057357132,-0.050397635,0.087546825,-0.008003712,-0.28046852,-0.028355926,-0.11403465,0.21452868,-0.42707247,-0.16128421,0.1630727,-0.04257232,0.028260112,0.02005148,-0.07547748,0.09130359,0.022031628,-0.11409938,0.02191478
1601,-0.0754637,0.5708618,0.24798504,-0.2933358,0.34387922,-0.23358619,-0.07726252,-0.40164256,-0.15746027,-0.6560837,-0.21873069,-0.14024739,-0.6300088,0.4367925,-0.21781847,0.37807614,0.7141291,-0.077029705,0.123637855,0.0013932288,-0.18893161,0.59031343,0.4660722,0.79185,0.46236217,0.11935496,0.47328836,0.16152948,-0.109141864,0.29814976,0.094300985,-0.08914387,-0.41478217,0.2758682,0.18915716,0.044386744
1602,0.08235687,-0.06613463,0.24275732,0.091741495,0.14268056,0.14774783,0.2691412,-0.42851114,-0.14833078,-0.29012248,-0.13371396,-0.29173642,-0.27956447,-0.6302966,-0.03625214,-0.20423505,0.13920832,-0.111678004,-0.27213573,1.2386017,-0.09700719,0.25437632,0.499601,0.029123768,-0.2516559,-0.1353719,0.0024068952,0.32499552,0.34680223,0.29556358,-0.27893156,0.25379276,0.06783551,0.41917428,-0.05169636,0.14016676
1603,-0.04549078,-0.21000212,0.13087875,0.24178731,0.022032976,0.049129486,0.8911214,0.6612085,0.14406571,0.64191025,0.15277818,0.511847,4.0529513,2.8694875,1.3729835,-0.5561835,-0.07484491,0.048056632,-0.28397188,-0.13751909,0.06513232,0.3717655,0.19582571,0.11756793,-0.56582046,-0.5044375,-0.07991326,-0.4800695,0.36855078,0.25108564,-1.0588332,0.086901456,-0.13812298,-0.3799166,-0.22054788,-0.19884178
1604,-0.01652041,-0.33379328,0.045309264,0.020979896,0.0015873313,0.096318066,-0.55184186,-0.040021896,-0.5098474,-0.15733242,0.08767077,-0.026369259,0.5694374,-0.059305727,-0.6858406,-0.7331597,-0.3610246,-0.7123433,0.08077445,-0.17027152,-0.3409092,-0.53184164,-0.34085837,-0.21021241,-0.7161208,-1.1662143,-0.69736415,-0.8572514,0.10540563,0.42827523,-1.2713584,-0.6515191,-0.12842888,-0.36005682,-0.46176547,0.04061117
1605,-0.26263332,-0.19606057,0.079854235,-0.23491354,0.70650935,-0.112598,-0.17465508,-0.16060448,0.4987467,-0.17286545,0.05740066,-0.19758916,0.09048295,-0.10762273,0.062177062,-0.12251213,-0.21498474,-0.2666424,-0.010530561,0.18375698,-0.14606002,-0.14587009,-0.3950296,-0.05602926,-0.71192527,3.535328,-0.10821825,-0.38443112,-0.049669802,-0.013022304,-0.28283256,0.09049469,-0.37678295,-0.38260758,-0.041268587,0.2568666
1606,0.12770477,0.47433358,0.10590091,0.029103756,-0.47395122,-0.39201415,0.09652817,-0.22539604,-0.1883483,0.30563807,0.5244982,0.55999106,1.1942139,0.20656899,0.16267991,0.72017515,0.15280211,-0.2227608,-0.35402447,-0.30626345,-0.049474895,0.22309718,0.86196774,-0.14725697,-0.27474082,0.016087592,-0.2892719,-0.27937376,0.36046144,-0.05334127,-0.24458256,-0.28813076,-0.6060968,-0.0608837,-0.50945467,0.29841995
1607,-0.44575888,0.01181224,0.34263927,-0.53546464,-0.030844092,0.3880466,-0.1428197,0.00978291,0.114137664,0.10842073,-0.22901452,-0.3445312,-0.42109302,-0.11016357,-0.11902808,-0.13634902,-0.025201544,0.42391795,-0.59427917,0.058714718,0.07672277,0.005088955,0.09840894,0.19358116,0.14751768,0.4108617,0.33746654,-0.47113723,-0.053005457,-0.23243946,-0.26795816,-0.3360365,-0.19075602,-0.30836517,0.12598753,-0.13758802
1608,0.2061714,0.23082839,0.11349404,-0.29599994,-0.018464446,0.0776996,0.26486048,-1.0025227,0.17925006,0.17510253,-0.12780283,-0.3259192,-0.9547165,-0.19423223,-0.34891787,0.5002193,0.41330522,0.19366026,0.5049,0.10470694,0.017163888,-0.20931463,0.23019314,-0.11560899,0.49670172,-0.02090332,0.15289935,-0.22678731,-0.26209778,-0.33847725,0.17741108,-0.2602825,-1.1392103,0.11996904,0.11176222,-0.15652895
1609,0.54575676,-0.1509447,-0.07008934,0.90036166,-0.06545249,-0.03326434,-0.09724343,-0.014302824,0.03498864,-0.3857917,-0.12900692,-0.009052217,0.17881024,-0.44425112,-0.41004664,-0.18638372,-0.016954735,-0.03779781,-0.69349647,0.0021938086,0.13484257,-0.074337825,-0.49848586,0.06357396,1.1179758,-0.2849004,-0.085163414,-0.475353,0.6441089,0.1568287,3.1660948,1.5381051,0.7067992,-0.09319423,-0.024557173,-0.1419568
1610,-0.016880512,-0.19867434,-0.056336775,0.19912785,-0.4790887,0.010674506,0.8717536,-0.74094254,-0.6020576,0.69194514,0.1674232,-0.14122388,0.6226759,0.03556478,0.40143406,-0.38522905,-0.28522214,-0.57069695,0.01724714,0.24230917,-0.23760697,0.080539584,0.06537393,-0.33193076,0.2777394,-0.1118507,0.06476176,0.315438,0.2985207,-0.24770299,0.80911255,0.5414163,0.49412528,1.3921423,1.544049,-0.16786838
1611,0.31221586,-0.49748453,-0.3874971,-0.70274943,0.24236166,-0.300825,-0.6559319,0.34468135,-0.19707343,0.006728098,-0.19853714,0.4596119,-0.21888113,0.16087943,-0.27396977,-0.48937517,-0.82107747,-0.45834762,-0.053606525,0.15653393,-0.27560246,0.16981605,0.50155705,-0.14833844,-0.69733876,0.23145148,-0.111614294,0.2665457,0.062547565,-0.39697728,-0.26431847,-0.43084005,0.1916209,-0.551153,0.14741963,-0.28758675
1612,-0.046134707,-0.10094142,-0.09041107,-0.033652455,0.07158142,0.04662901,0.30759647,0.10283396,-0.033748567,2.7007403,1.6556019,0.4167597,4.282297,2.7088587,1.1963701,0.0076221526,-1.7957969,0.035411358,-0.21294066,-0.030233681,-0.08456528,-0.007553898,0.043060854,0.11255872,0.23976329,-0.66810614,-0.16860196,-0.18289109,0.05540979,-0.0481323,-0.7904724,-0.22281998,-0.09534079,0.16476911,-0.24488279,0.052726626
1613,0.29123515,-0.38726574,-0.12274259,0.6518967,0.14971569,0.13291544,0.15072334,0.4971925,0.066164196,0.2778758,-0.11829977,0.04257834,0.15069443,-0.6187341,-0.03239858,0.03245154,-0.14627719,-0.20161462,-0.4014262,-0.31075978,-0.055500746,-0.90790427,-0.11661366,-0.26029283,0.4200511,0.10879362,0.110594034,-0.27450073,0.42026985,0.09047115,-0.004695773,0.075313754,-0.1267671,0.25784433,0.19868118,-0.12242532
1614,0.0042675734,0.0046494007,-0.14680076,1.5399555,1.9436383,1.0411916,0.8546377,0.12803221,0.1972202,0.22720212,-0.26913297,0.023832798,-0.071671605,0.17603238,0.22458166,-0.021686435,0.069804296,-0.07187796,-0.21474111,-0.2067106,-0.09818846,-0.2913016,0.20830104,0.12215012,0.3591895,-0.11941792,-0.10985929,0.2359013,-0.055080727,-0.10249609,0.34287417,-0.0390653,-0.023530424,0.5701381,0.29672366,-0.040973783
1615,0.40830028,0.22105134,-0.21605957,-0.23604381,0.2012949,0.0739221,-0.45067808,-0.11515969,-0.07203114,-0.54722446,-0.40546507,-0.15026325,-0.031502277,-0.34016302,-0.14434502,0.07743028,-0.23424461,0.31975847,-0.049610503,0.009256005,0.0034107566,-0.07325593,-0.16874105,-0.06916377,0.16867043,0.012647867,0.2965392,-0.625418,0.18599772,-0.10146886,0.07916379,-0.24686617,-0.2642551,0.71334213,0.29379135,0.031832576
1616,0.79938406,0.6832873,0.36072102,0.62522334,1.267906,0.8096018,1.7363827,0.7990248,0.6713115,0.8447797,0.25773346,0.91662145,1.2539668,0.86812985,0.77422786,-0.43274888,0.30774927,0.1546366,0.07603723,0.44349667,-0.21383272,-0.19393218,-0.0071523786,0.36850995,0.014612615,-0.30416787,-0.1734007,0.10171302,0.86132747,0.4559601,-0.15881348,0.66886,-0.6061981,0.20263857,0.62744665,0.70070624
1617,-0.24925336,0.040049106,-0.2654726,-0.02984947,0.29914072,-0.25691038,0.011883974,-0.39644873,0.30247986,-0.23517936,-0.7861517,0.060299158,0.13598472,-0.19227907,0.22053176,-0.04801488,0.43871912,0.69798577,0.091294944,0.7983569,0.47402334,0.54038006,0.20710438,0.64720166,0.05111611,0.25478297,0.579323,-0.015040696,-0.46984556,-0.42622826,-0.03177142,-0.637452,-0.24957047,-0.35518903,-0.28642488,-0.030807436
1618,-0.38434225,0.16939157,0.1742813,-0.132341,0.5214746,-0.25865233,0.5584526,0.27880967,0.64328986,0.35425365,-0.17446202,-0.32403034,-0.3801365,0.08963175,-0.066878974,0.036984384,-0.20916408,-0.30176282,0.20055878,-0.078261495,-0.18387568,-0.5508245,0.44849122,-0.021955132,0.66200924,-0.21288064,-0.1434809,1.0516639,0.9918927,0.4432729,0.09560469,-0.96867085,-0.142362,0.3221654,0.12173432,-0.1842668
1619,0.30477053,-0.82369304,-0.20347938,1.7947835,1.302077,0.87155306,0.48684776,0.55032384,0.16054869,-0.06704529,0.70929086,-0.24102804,0.17161009,0.19372445,0.48188692,-0.38881594,0.14409614,-0.0434559,-0.20399877,-0.14005442,0.04497522,-0.22013107,0.5037351,0.033132017,-0.409935,0.1664117,0.13148831,0.6075532,1.6974812,0.29563224,1.5551493,0.70618737,0.436702,0.1396219,0.025052905,0.10529429
1620,0.051238075,-0.16080397,0.13099653,0.22684067,0.56248987,0.13775826,0.5319974,1.3012828,0.69560003,-0.18602124,0.04509985,0.47389442,-0.14854383,0.032206893,0.3163579,-0.4065883,-0.007875711,-0.37665975,0.46595114,0.33962756,0.122959554,0.05281365,-0.2456029,-0.36317384,-0.07106894,-0.27206945,-0.093301475,0.038620606,-0.0071791485,-0.12188995,-0.04924938,-0.5251928,-0.40690303,0.07222712,-0.27742416,-0.104433775
1621,-0.501657,0.121121675,0.15374693,-0.42521346,-0.12109117,-0.16448706,-0.23883301,0.5068641,0.38283783,0.113533854,-0.08672814,0.028230846,-0.088830456,-0.41918033,0.15156141,0.07017225,-0.357803,-0.026226223,0.17400289,-0.07434535,0.07311338,-0.09881008,0.24381927,0.06506705,0.13616538,0.25298768,0.1422643,-0.38467216,-0.01975441,0.31905845,0.16400856,-0.12330976,0.24900712,-0.18908104,0.10909185,-0.04446295
1622,-0.32619888,-0.2584797,0.5138522,-0.12501237,-0.1143536,-0.46233153,-0.13065124,-0.3594938,0.22013056,-0.26790673,-1.2782537,0.0349077,-0.7212444,-0.43017942,-0.4736391,0.051476687,-0.1442298,0.31309572,0.22213969,0.13870916,-0.2771485,0.4428666,0.1293593,0.29575938,-0.26571697,0.7313562,-0.2659315,-0.079360604,0.14127505,0.5702939,-0.22247298,-0.40080944,0.34265548,0.17430766,0.121744186,0.36744666
1623,-0.10291973,0.01988256,0.034546614,-0.37294346,-0.40806466,0.06933349,-0.3144677,0.1931262,0.084543705,-0.22133148,-0.085719764,-0.15226501,-0.72133434,-0.3244332,-0.60830975,1.1871071,0.30791995,0.47910756,-0.09021592,-0.07461229,0.32688135,0.48213065,-0.77926296,-0.19482537,0.1869027,0.87270206,0.5771275,1.4991728,1.3984787,0.85196495,2.7131047,3.687015,3.1204097,-0.14225388,-0.15689749,-0.14196613
1624,-0.13143492,0.08905524,0.095315546,0.4386934,-0.1487796,-0.33251724,-0.10460994,0.16314563,0.099990904,-0.38843417,-0.37356794,-0.060846686,-0.13584459,-0.60349715,-0.32080138,0.21514244,-0.24989805,-0.08790439,-0.28086627,0.017126314,-0.23203018,-0.47629777,0.23319799,0.18237829,-0.19200134,-0.23068973,-0.1077171,0.12764914,-0.18780488,-0.034169495,0.23614788,0.041157722,-0.27926028,0.67255783,-0.09426634,0.03249967
1625,-0.046284556,-0.18774122,-0.28234124,-0.08990222,-0.6191986,-0.44935974,-0.020173907,-0.34479964,-0.20601933,-0.17853364,-0.17818344,-0.086526155,-0.020941138,-0.37823027,-0.53358257,0.33535573,-0.54151237,0.45598248,-0.0911755,0.22976422,-0.09336364,1.1024477,0.23708436,0.16538191,0.048286736,1.61293,1.2988648,-0.017916203,0.16428179,0.11970627,0.55701,1.2782314,1.6170454,-0.03136462,-0.18866009,0.18101567
1626,0.6170018,-0.22881725,-0.16346693,0.056011558,-0.07585022,0.49557126,-0.033847272,0.026872754,0.4268974,-0.083071515,0.47050425,0.007644534,0.1129325,-0.137624,0.299647,0.27335507,0.32578456,-0.17438293,-0.3255145,-0.12619185,0.04962635,1.2899437,0.1691981,-0.052521944,0.88824475,0.6908913,0.24237168,-0.41178495,0.57677996,0.1278196,0.793065,0.30451834,0.71094805,0.0089131,-0.24623647,0.0654943
1627,-0.12800193,0.085345864,-0.04139161,-0.037619174,-0.29541546,-0.23302448,-0.27809358,-0.16496435,0.08509958,-0.19375795,-0.24590597,0.023402154,-0.1190567,0.07511106,0.12283367,-0.4503157,0.01563625,-0.10400283,0.15930545,0.120192796,-0.050037265,0.04115334,0.22051185,0.09432292,0.07668708,-0.42285866,-0.034742475,0.4776429,0.09858331,0.205064,0.68393856,0.43563145,0.08425611,-0.15260588,0.23635113,-0.055084825
1628,-0.003730297,-0.120143324,0.09156418,-0.16793054,-0.06678139,-0.16823512,-0.0849486,-0.15605365,0.051921487,0.035079718,-0.4971523,-0.19106483,0.1927622,-0.0035037696,0.12808824,0.047336936,-0.03270847,-0.16984713,0.16261333,-0.09031093,-0.087266445,-0.19041264,0.12153907,-0.13696945,-0.5019501,-0.1278286,-0.0993281,0.62689996,0.96322966,0.5845636,0.14536887,0.15801856,0.1001057,0.0877772,-0.1738683,0.030532002
1629,-0.47454345,0.14412008,0.037093163,-0.23912609,-0.14241847,0.20506471,-0.21695828,-0.5623834,0.029964447,0.2661959,-0.18511507,-0.20858574,-0.07724619,-0.019060425,0.24917245,0.15997905,0.24184379,0.23960412,-0.08993733,-0.054149866,0.025955915,-0.1132071,0.5056305,-0.084418416,-0.12135434,0.79611766,0.6499714,1.0195348,0.9901074,0.123634875,0.5051953,-0.107343376,0.042617917,0.2426117,0.45138693,-0.0547055
1630,0.98325104,1.3566922,1.3584447,-0.11026788,0.8095644,0.43860468,0.7250408,0.18044662,0.87347305,0.051199585,0.27110136,0.72084403,0.8305669,0.75094247,0.44960538,-0.18417951,0.24670866,0.47700614,0.553194,-0.37373018,0.1305114,-0.040219724,0.64640045,0.21381798,-0.099027485,-0.40540293,0.700352,-0.11865997,0.39322722,0.29782575,-0.12122059,-0.08823007,-0.14415902,0.47707123,0.13100064,0.4888955
1631,-0.20056428,0.0054073036,-0.06439203,-0.2545576,-0.2368641,-0.1937949,-0.7561126,-0.13657835,-0.03656125,0.35082996,-0.14494982,-0.07202107,-0.16867459,0.009882404,-0.06850332,1.3711512,0.22619283,0.008506715,-0.3193612,0.06390262,0.058324337,0.9465042,0.82821923,0.10127938,2.3152134,0.6234089,0.12871689,0.9414547,0.2982609,0.09926307,2.3694696,1.4536158,0.4271349,-0.07200084,-0.13670748,-0.014920235
1632,-0.6182832,-0.28388876,-0.27976727,-0.14251766,-0.7337996,0.21783292,0.055372417,0.1866814,-0.3322088,-0.10612297,-0.14531995,-0.214481,0.16427708,0.056973875,-0.4053969,0.27723548,0.10402268,-0.38417345,-0.012231052,0.14993912,-0.18038604,-0.31008446,0.020076215,0.34266603,-0.17659593,-0.170789,-0.016591579,1.7599103,1.5847859,1.1688473,0.5778005,0.96971166,-0.36418876,0.25008002,-0.077132285,-0.21647447
1633,0.6741887,0.6376585,0.417727,-0.06588483,0.026187003,-0.34210837,1.0590281,0.83720756,1.2733998,-1.4348085,-1.043286,0.49448454,0.15409721,-0.50029385,-0.34605366,0.18879592,-0.5335051,0.03289622,0.12015116,0.29525813,-0.233592,1.516663,-0.06535117,-0.13500547,-0.11840594,0.075393796,-0.35277057,0.21800458,0.07215607,0.72079986,-0.30155092,-0.5004132,0.18400258,-0.64683354,-0.102527104,0.709759
1634,0.13564318,0.46122766,0.2099947,0.23329276,-1.7820771,-0.039379776,0.005871445,-0.021981694,-0.079419434,-0.065061636,-0.074522704,-0.22589615,-0.1098045,-0.18898337,-0.20825261,0.31870094,-0.055985004,0.102106884,-0.041404188,0.036217626,0.26668373,-0.34769607,-0.15796484,0.112990886,0.15359381,0.05016318,-0.123129666,0.42727366,0.18047908,0.23346007,-0.0894483,0.15434754,-0.039371878,-0.04774465,-0.06174819,0.06653871
1635,-0.15215738,0.09686315,-0.057088196,-0.16861494,-0.2861195,-0.009644866,-0.43943602,0.049229562,0.012730658,-0.09125387,-0.084171414,0.019223392,-0.4865377,-0.10501527,-0.124729514,1.2447262,0.12909198,0.080571055,-0.38837504,-0.156824,0.007834077,0.3976487,-0.027102418,0.02442035,2.7290843,1.3020307,0.37646973,0.5258937,0.15913622,0.054646075,3.53088,1.2099088,0.53328127,-0.09385715,-0.02169609,-0.021722436
1636,-0.10437812,-0.1993379,0.07355112,-0.34173536,-0.4459704,0.022010028,-0.09255183,-0.09508479,0.11682546,-0.46583125,2.0414486,0.05167079,-0.2737782,0.05795133,-0.15676934,0.20291656,0.11790779,-0.016236156,-0.2963791,0.15404099,-0.044280052,0.012749508,-0.08418664,0.035079956,-0.4357736,0.011911571,0.05428952,0.31216353,0.14269544,0.02491033,0.30241275,0.32982248,0.06629956,-0.40883952,-0.2155727,-0.12414208
1637,-0.6477456,0.46523094,0.0071874857,-0.571389,-0.26725167,0.12687159,-0.20452622,-0.5059886,-0.15636528,-0.29140782,-0.035022795,-0.15755653,0.023225427,-0.01640734,0.43995857,0.021839216,1.6155022,0.20036477,0.06077078,-0.42817685,0.15330541,0.22019888,0.57714003,0.16893214,0.7641785,0.19744241,0.33653945,0.123404056,-0.5616257,-0.06716305,-0.18161052,0.09791033,-0.040794097,-0.24865758,0.013249636,-0.017774343
1638,-0.39401922,0.15915105,0.0528208,-0.46073318,0.16876519,-0.6626786,-0.5167091,-0.60888636,-0.0062737465,0.29758266,0.4143564,0.040438324,0.6146759,-0.0037219524,-0.2203682,-0.9620349,-0.14446342,0.17707424,-0.39966255,-0.041465104,0.07632661,-0.5278106,-0.427475,0.010499954,-0.38273466,-0.8126482,0.32666397,0.018906415,-0.4090625,0.06047225,-0.6127006,-0.17254478,0.07699466,0.43206942,0.5302404,0.45496356
1639,0.14877088,-0.24270856,0.62571245,-0.36777568,-0.16238129,0.40093094,0.19413471,-0.35233217,0.037617177,0.36447066,-0.6485796,-0.24367598,0.037802517,0.12275815,0.046875,0.63631743,-0.28976288,-0.32808596,-0.050895512,-0.30337822,-0.58631563,-0.121468425,0.051045746,0.22734684,-0.8472419,-0.48933405,-0.45272204,-0.091406964,-0.616329,-0.15137169,-0.13465482,-0.11732808,-1.100624,0.6848975,-0.09013373,0.645827
1640,-0.16362625,-0.39691997,0.025882065,-0.6769587,0.052906007,-0.11331119,0.38914955,-0.49849433,-0.09522143,-0.11017368,-0.18618113,0.2457307,-0.8479334,-0.25766435,0.2605502,-0.18661773,0.35798636,-0.14087191,-0.3043711,-0.44140935,-0.082249284,0.27858573,0.05011207,-0.4346498,0.5840349,0.5481893,0.22463703,-0.11103049,-0.13514021,0.2799368,0.8725856,1.5485647,-0.18037248,-0.16824155,0.005788803,-0.66989726
1641,0.08970958,-0.1585958,0.70736,-0.28541583,0.7750578,0.015681028,0.069428444,-0.14920111,0.33823663,0.3006932,-0.36245885,-0.31330273,0.5001102,-0.37892509,-0.6238381,0.033326387,0.022907015,-0.12505528,0.4415721,-0.4538023,0.5677449,0.38139287,0.41613758,-0.011213899,0.21627522,-0.12932727,0.0030913353,-0.03786536,-0.48736054,0.2222231,0.2749449,-0.15589583,0.44519955,0.00082702935,0.039604843,0.2544133
1642,0.41795558,0.10834572,0.10976723,-0.25604755,0.023895562,0.054107904,0.031649843,-0.0052034855,-0.1557005,-0.22495374,-0.031922147,0.007495284,-0.09201741,-0.33533502,-0.05422479,-0.62738186,-0.19930524,-0.11608827,-0.1330142,-0.23622522,-0.09369761,-0.78936404,-0.47000676,0.0116381645,0.2931276,-0.33791572,0.15176582,-0.0057763755,-0.692521,-0.030192733,0.665463,0.0747987,0.13929713,-0.08314955,-0.15316176,0.09509027
1643,0.10873783,0.47273153,-0.1191321,0.08954072,0.17810169,-0.10479957,0.1205737,0.049089804,0.31071013,2.0052304,1.1664851,0.5374111,2.6972785,1.2639744,0.536734,0.3694419,-0.19007507,0.0555892,-0.17822951,0.1011506,-0.18231314,0.20551682,0.1492114,-0.044813573,0.35175547,-0.15342513,0.21450937,-0.19332719,0.19167247,-0.18150455,0.1822153,-0.4430828,0.06472838,0.15307146,0.012011558,-0.03315538
1644,0.270481,-0.10828066,-0.05681169,-0.48330563,-0.10757068,0.07850981,-0.36617005,-0.16191867,0.5654177,-0.00065398216,-0.03990741,-0.03269446,-0.04952562,-0.48473552,-0.0637804,0.7202948,-0.023203433,0.26579827,0.071863055,0.004199922,0.27134538,0.84914625,0.71322584,0.4941422,0.21470141,0.20957075,0.25253913,0.2062665,0.19020751,-0.03364122,0.7047062,0.3365436,0.31262958,-0.5612607,0.06119597,-0.4394092
1645,0.18294415,0.12275241,0.012478232,-0.20159155,-0.09586167,0.12144077,0.11226177,0.16359589,-0.018610239,0.5325258,0.15784645,0.1527484,0.10416973,-0.1686612,-0.13673931,-0.16129375,-0.0066453964,0.15197504,0.49534822,0.09331584,-0.028146267,0.38016993,0.50569236,0.029922724,0.44493032,-0.23436426,0.011690855,-0.02769941,-0.056999713,-0.107937455,-0.26367903,-0.1562117,0.07337022,0.23377079,0.5203394,-0.083014846
1646,0.9320222,1.518742,2.0878506,-0.19563732,-0.39007014,-0.27126753,1.3020042,1.1199057,2.2441697,-0.2362892,-0.023044765,-0.57266283,0.591159,0.5776275,0.028479695,-0.17020941,-0.09991367,0.35894245,0.22077855,0.17872596,0.45142233,-0.04896003,0.38758174,0.014087379,-0.6443965,-0.12047362,-0.008244514,0.3875299,-0.16862196,-0.31369996,0.034262083,0.0019432753,-0.37407452,0.1040324,0.52479416,0.031032562
1647,-0.31632924,-0.07883383,-0.028161645,0.22558206,0.4996525,0.28897017,0.91451216,0.4653315,0.10523391,-0.08914238,-0.35896903,-0.06465471,-0.13698888,-0.29946417,-0.024685383,-0.12794292,-0.029500186,-0.061448336,0.13899219,-0.2581549,-0.19806537,-0.27162403,-0.20827995,0.040259123,0.10135329,-0.14382842,-0.013384581,-0.21015427,-0.09890332,-0.019381285,0.27908766,-0.3056305,-0.016852647,0.3927059,-0.013114363,-0.023584604
1648,0.085509196,-0.20347571,0.013663679,0.22757107,-0.57129234,-0.40948045,-0.26183876,0.8027235,-0.3083551,-0.0029700994,-0.075057626,0.063958466,-0.11599453,-0.17126937,-0.14334118,-0.40093753,0.1893785,0.12471926,0.051634192,0.12871772,0.110559046,-0.13243556,-0.61541563,-0.30657053,-0.08237681,-0.07998015,0.13841784,-0.032764465,-0.34821773,0.12911773,0.15538573,0.44365275,0.8046398,-0.90813726,-0.04449618,-0.08301395
1649,-0.647192,-0.16341454,-0.19826114,-1.0085688,-0.1896627,-0.3589786,0.88287115,-0.32406408,0.027962029,0.6658447,0.2142821,0.5752965,-0.112837136,0.51185787,0.99877584,-0.0044696033,-0.10586506,-0.16498804,-0.7662751,0.49027416,-0.15044641,-0.18714249,-0.26361015,0.021505982,1.0030773,0.15609941,-0.009250581,-0.050204486,0.44277614,-0.13457054,-0.3271444,0.024385571,-0.54367316,0.11858165,0.040196773,-0.07086003
1650,0.1924527,-0.5137166,-0.22991115,0.29317045,-0.03201826,0.13537282,0.20290196,-0.428819,-0.015824914,0.28614593,-0.48012102,-0.014117241,-0.17412663,-0.12131253,-0.14376545,0.52338994,0.014511794,0.34581065,0.038761258,-0.16577947,-0.25467885,-0.20945686,-0.2822153,-0.28937006,-0.084815025,-0.014248103,0.044301152,-0.25335598,-0.058280587,-0.13243043,0.050849438,0.42911583,-0.045414537,0.14744176,-0.31395802,-0.037212327
1651,0.8866788,-0.31168032,-0.25494877,-0.84775764,-0.39321917,0.18217099,0.3943134,0.10172777,0.02361834,-0.06024614,-0.20617759,0.08124685,-0.067809016,-0.28721523,-0.18887067,0.6952694,0.04551426,0.21103896,0.15696228,0.33146918,-0.04234934,-0.3093573,0.3335271,0.14555284,0.9000548,1.0677917,0.80609024,0.2186321,-0.1820052,-0.24008965,0.38386375,0.1383205,-0.6588569,-0.51558125,0.048506856,-0.46598315
1652,-0.13992262,0.006480843,0.19824034,0.00705114,-0.3725323,-0.08391613,-0.63627553,-0.46084487,0.14274597,-0.12455964,-0.25797385,-0.19866943,0.14921997,0.08499396,0.044653177,0.29514813,-0.013218105,-0.24060005,0.14347264,-0.26626647,-0.032666743,-0.34431022,0.36118704,-0.15381408,-0.4962384,-0.072889775,-0.07457459,-0.41817057,0.35118854,-0.06507322,-0.23625594,-0.5430573,-0.54692197,0.030994326,-0.031590015,-0.07077497
1653,-0.35533112,-0.2189779,-0.315411,0.9894837,1.1350679,0.6576757,0.49328113,0.034548167,0.48142654,0.42765647,-0.24580489,0.3004799,0.14369833,-0.14496887,0.13768369,0.34038258,-0.6455634,-0.32456583,0.011349678,-0.27896607,-0.19711614,-0.7359131,0.10493395,-0.118252695,-0.2513945,-0.08494604,-0.026542187,-0.50627947,-0.1351403,-0.13156718,0.12906528,0.04639533,0.42936873,0.6875766,-0.00212574,-0.20630276
1654,-0.3984515,0.18608797,-0.12128723,-0.2806151,-0.03863336,0.01669091,0.08188319,0.42985225,0.27529067,0.3471266,-0.31390858,-0.11664426,-0.106779486,-0.103024974,-0.15012074,-0.27318412,-0.32698458,-0.07577652,-0.19356051,0.014160067,0.0027709007,-0.12732518,0.058679946,-0.085448146,0.22724771,0.3362262,-0.19506776,-0.14228565,-0.16387607,-0.09901911,-0.52426404,-0.25369272,-0.17820221,-0.29396868,-0.0787006,0.045146108
1655,0.2909975,0.08777511,0.68142927,0.046216846,-0.4893318,-0.01807928,-0.07761544,0.045829386,0.03280592,-0.08294392,-0.025878847,-0.052274406,-0.15464026,0.1394814,-0.7822764,0.14759243,0.039539874,0.99560934,0.1562472,0.09390188,0.26745176,-0.044682443,0.18397042,0.033816576,0.51142216,0.36705983,1.9678941,0.4862504,0.15669149,0.13367742,0.27482623,0.54884905,1.3322246,-0.13635606,0.24216242,0.26204586
1656,0.28427494,0.0055130124,0.07888627,-0.5198609,-0.20476095,0.07802743,-0.07360354,-0.5952152,0.4959888,-0.055432126,-0.15660089,0.03472835,-0.2299838,0.009454727,0.13442147,0.18589914,-0.055752575,-0.047988296,-0.14157045,-0.27714217,-0.19168574,-0.054384142,-0.34660897,0.06641406,-0.20838904,0.028645217,-0.08083236,-0.49996996,0.024342969,-0.023340285,-0.05301416,0.21827006,-0.10255557,0.043406367,-0.09347588,-0.06432724
1657,0.009449303,0.17135221,-0.061369807,-0.13013768,0.05088988,0.32236886,0.08071697,-0.24154232,-0.35703385,-0.11367375,0.39828634,0.96367973,-0.033442378,0.020727694,0.21084006,0.017745852,0.74933195,0.11653489,0.15494704,-0.28564328,0.21608114,2.947975,0.006204605,0.76531535,-0.23618025,0.081963986,0.3605377,0.1751529,-0.37354395,0.059073985,0.09590459,-0.1676274,-0.021516562,-0.01811847,0.4725544,1.1272742
1658,-0.22766978,0.07884449,0.041656494,0.016995016,-0.14713594,-0.17151815,-0.4791162,-0.025792778,0.04672575,-0.4189683,-0.13464582,-0.040974975,-0.22725284,-0.34251893,-0.17081909,0.68600607,-0.19767582,0.01627326,-0.117622375,0.31120992,0.029641926,0.50462097,-0.046170235,-0.1082968,1.0270362,0.44337845,0.17837739,1.2998594,0.37225473,0.26317304,1.8431484,1.8585849,1.0979846,0.04318902,-0.021000147,0.06900567
1659,-0.15654537,0.01617515,0.11606169,0.07366961,0.058123827,-0.014064908,0.46605945,0.5638894,0.35712314,-0.21089226,0.07241604,0.015209436,-0.25812197,-0.059259817,-0.31074527,0.23968881,-0.11325994,0.107935905,-0.07949042,-0.12651408,-0.07135308,0.40851066,-0.009431452,-0.16882223,1.9096497,0.1666817,0.31115258,-0.26538837,-0.2632773,-0.12385219,0.43785048,0.5047103,0.31916052,0.025236368,0.45102993,-0.027957022
1660,0.42786252,0.043349743,-0.002657473,0.15838903,-0.14519131,-0.04110664,-0.4809053,-0.1551249,-0.0006239414,-0.12138069,-0.05726871,0.0651567,-0.3441615,-0.22079954,-0.025741741,0.54576397,0.2360614,-0.018421173,-0.59941715,-0.22505558,0.005338609,-0.28003025,0.120496675,0.0686447,1.493363,0.85397255,0.29025978,-0.052590936,-0.06701657,0.10836643,0.7018347,0.31224707,0.06883252,-0.44225162,0.05565691,-0.19899559
1661,0.12728274,-0.18858159,-0.42100924,0.9725693,-0.2776416,0.19643316,-0.60602254,0.35563233,1.073426,-0.7807836,-0.4596412,-0.018433765,-0.4433285,0.17833179,-1.0979942,-0.24119046,-0.27311552,-0.19839044,-0.2836702,-0.25906152,-0.27996713,0.09783143,-0.6821284,-0.6750909,-0.48975497,-0.56613386,-0.12993774,0.023840904,0.0116122365,0.22231781,-0.9061736,-0.43275976,0.10497552,-0.14103934,0.045535684,-0.57954764
1662,-1.31726265e-05,0.3093461,0.013530843,-0.010171413,-0.35027358,0.23874167,0.17630082,0.08873975,0.72777265,-0.08765596,-0.118442185,-0.19999228,0.29808998,-0.19239384,-0.3545773,0.22560251,0.16449857,-0.13062912,0.029738724,0.5167905,0.23346135,0.039025307,0.48703894,-0.24118376,-0.46744376,0.654761,1.8588587,0.26530683,-0.016532183,0.013527289,-0.28215703,0.8887651,-0.30566385,-0.198735,0.18793237,0.27856886
1663,-0.35312566,-0.12051162,0.17795569,0.35653913,0.31235605,0.8391427,-0.1897726,-0.55674446,-0.2240612,-0.40757382,0.52070504,0.05100149,-0.45702457,-0.41865817,-0.56981194,0.05320221,-0.6073473,0.3594083,-0.060020268,-0.17846768,-0.26818928,0.41143414,-0.2246716,0.1646213,-0.09219456,0.08745032,0.13601086,-0.12947977,0.6173239,-0.22222272,0.5131747,1.1491914,1.345844,0.98953444,0.45860338,0.9118315
1664,-0.012315333,0.034894496,0.28928018,-0.097325325,-0.08602473,-0.4998269,-0.078683496,-0.067628264,-0.021160722,-0.08749759,0.089090854,0.13275945,-0.16930598,-0.18161975,-0.05613607,-0.12902194,-0.18381849,-0.367072,0.015693307,0.06669288,-0.04255283,0.10522479,-0.03618318,-0.26276213,-0.25459737,-0.0709331,-0.12262046,0.0051599145,-0.06429735,-0.03376186,-0.14882386,0.0012732744,-0.46969414,-0.008639216,0.2671957,0.013761282
1665,-0.65198326,0.54021573,0.6497621,-0.73581827,-0.1464324,-0.26236132,0.151673,-0.039639175,-0.270105,-0.26523262,0.773182,0.77089906,0.5657803,0.9207547,0.98854876,-0.76185906,0.32093614,0.1570707,-0.85021174,-0.5227219,-0.24700825,-0.78734636,0.2653477,0.3182395,-0.6855274,0.08064452,-0.3330336,0.6894681,-0.29364222,-0.16920331,-0.7495036,0.39372528,0.21958888,-1.1062676,0.106950425,0.46891806
1666,-0.3012699,0.09769443,-0.18947193,0.10779953,-0.022423565,0.00380975,-0.027364068,-0.050096557,-0.012711823,2.1332293,0.5147097,0.2132414,1.5520086,0.75661564,0.10056478,-0.5429547,-0.24990042,-0.10101247,-0.19871461,-0.055995047,-0.194817,-0.2101481,0.28935802,-0.34055418,-0.5802719,-0.37768996,-0.27776515,-0.1736632,-0.7230649,0.03433919,-0.9119971,-0.5541873,-0.13386536,0.01404655,-0.04734096,0.15357828
1667,-0.3099469,-0.5111825,0.32348114,-0.45222926,0.00441787,0.14815462,-0.056362063,0.075899966,-0.35041696,0.18430147,0.2605671,0.26986086,-0.13289881,0.8908785,0.14690351,0.025809944,0.2590414,-0.11136192,-0.33937013,-0.27130547,-0.15631044,0.14165005,0.43351614,-0.089348555,0.27768236,-0.46274665,0.023219228,-0.5022017,-0.39607754,-0.003983915,-0.12075889,0.031210676,-0.047633946,0.18205553,0.18878643,0.007210344
1668,0.88134533,0.45448935,-0.0566476,-0.05380103,-0.028191164,0.14997366,-0.2739697,1.0982842,-0.07658386,0.3690122,0.62223494,2.5230842,0.44518888,1.2314966,1.0265561,0.8380212,0.08272642,-0.0047862977,0.31406832,1.0030506,-0.2769052,0.4840269,-0.43716088,-0.09971273,0.3364027,-0.30379105,-0.19330728,0.0532732,-0.43966317,-0.46529424,-0.103702664,0.12607855,0.0786183,0.16893917,-0.025033414,-0.15514305
1669,0.4714711,-0.05400227,-0.2919882,0.68417156,0.24577057,0.08184326,0.25037754,-0.34571525,0.042738855,0.22558227,-0.013594642,-0.029718757,-0.056900203,0.058021665,0.032789826,0.124348044,0.039682567,0.17243522,-0.040382802,-0.1189185,-0.013412058,-0.4222579,0.6007185,-0.056059718,-0.7324134,1.3174908,-0.081392705,-0.7247323,0.17078678,-0.21972233,-0.20780796,-0.22204688,0.03550434,0.59879524,0.5609307,-0.03752768
1670,-0.2200456,0.20749205,-0.7092433,-0.38409346,-0.4050339,0.30703723,-0.3514543,-0.23044801,-0.3176049,-0.34837216,-0.53722084,0.04238838,-0.17148417,0.055789247,-0.14340183,-0.027237058,0.27921999,-0.04890406,-0.16085857,0.14350408,0.079904914,0.023953855,0.01833548,0.101829976,-0.01760912,0.47671908,0.44624418,0.50008607,-0.16511074,0.07827529,0.20317292,0.04307308,-0.15013212,-0.36388886,0.4143322,0.101459265
1671,-0.48209766,-0.3900927,0.22783738,0.21265009,0.40021253,0.35596836,-0.124622464,-0.5400355,-0.29188573,0.38260984,-0.492382,-0.41477156,-0.3090006,-0.2298858,-0.3013819,-0.63072896,-0.4947191,-0.016998842,0.19133222,-0.2049743,0.15677047,-0.27631387,-0.2446062,0.024083078,-1.7766408,-0.611222,-0.55301857,0.14679316,-0.27303135,-0.46979666,-0.41022623,-0.93478864,-0.3155999,-0.3038705,0.6566188,0.5270446
1672,-0.064783275,0.3673686,0.16272104,-0.30252445,-0.09792972,0.4225024,-0.0038574934,-0.053231418,0.7769969,0.46272296,-0.46686557,0.0061273575,0.24653053,-0.29273176,0.15999603,-0.3555882,0.18841928,0.4132524,0.7325995,0.46076643,-0.044559333,0.6268658,0.31282687,0.26333225,0.20248985,0.19539493,0.33159906,0.3016851,0.25352508,-0.24282497,-0.2885629,0.0487371,0.13615799,0.07770491,0.13137726,-0.11175525
1673,0.64204955,0.7115829,1.041913,-0.037513793,-0.12154794,0.038629174,0.03872752,0.53937846,0.055280328,0.99086344,1.3733728,1.3656044,2.0872853,2.5203874,1.1342144,0.89052665,0.9022638,-0.05880916,0.08649561,-0.04959345,0.69408596,0.111735284,-0.54767585,0.032952607,0.3572846,0.0065298975,0.014955565,-0.11857026,0.5368438,0.2334919,0.19373706,1.1511717,0.26216543,0.4424854,0.16581747,0.7868401
1674,0.19476852,-0.3497954,-0.14889145,-0.43128988,-0.10860193,-0.10645315,-0.39577627,-0.04750645,-0.06820184,-0.09313035,-0.39524293,0.09801984,-0.33745927,-0.22102165,-0.2553848,0.115300894,0.34404436,-0.100191355,0.5882845,-0.1732397,0.09451705,-0.0659951,-0.22541285,-0.1770016,-0.19287556,0.1526944,0.10741508,-0.36495143,-0.22269583,0.033086777,0.52706945,0.11701155,-0.39134327,-0.38876992,-0.19016945,-0.047801137
1675,-0.6478549,-0.081000894,0.23842882,2.2767658,0.8846252,1.8864484,0.28486145,0.11726114,0.2327005,-0.42042398,-0.16194901,-0.41189778,-0.3831188,-0.022477388,0.11080557,0.030039132,1.0870024,-0.2862377,-0.32627288,-0.5103428,-0.057764843,0.012077808,0.65821433,0.21313033,0.31444627,-0.22004217,1.4096453,0.760697,-0.4707674,-0.040652134,1.4128914,0.41963118,1.5250051,1.1579885,-0.21205816,0.05573243
1676,0.19954123,-0.09151054,-0.4781928,0.5947021,3.1562958,0.7223012,0.9253608,1.4604214,1.006418,-0.026931554,-1.2513584,0.35770828,-0.1839732,-0.1305112,0.17389467,0.05848831,0.043466836,-0.10706401,-0.10280186,0.26299864,0.02672249,-0.021534994,-0.13715887,0.05269617,-0.13706857,-0.4192061,-0.20059913,-0.78910464,-0.16072053,-0.12409079,0.0054243803,-0.12103236,-0.101521134,-0.13066281,-0.02556929,-0.004715681
1677,0.05607903,-0.41132575,0.0891383,0.4700421,0.36163482,-0.17974585,-0.090863705,-0.22723365,-0.9427072,0.83436334,0.7859659,-0.4948255,-0.71539676,0.09023547,0.04311943,-0.44462293,0.41778314,0.07245606,0.4201619,-0.13926321,0.19893506,-0.5942481,0.40359497,-0.09565191,-2.7271872,-0.121499896,-0.15116578,-0.09140679,0.25119725,-0.27714494,-0.26826394,-0.50196546,-0.10151224,0.94074076,-0.13820082,-0.18646829
1678,0.31248742,0.12781596,-0.080936015,-0.028297745,0.03564942,0.045750976,-0.24602973,0.18336672,0.03527683,2.2183387,0.80229455,0.33554345,4.3236327,1.7831243,0.46500742,-0.4707303,-0.08104834,-0.0230093,0.015842438,-0.11816138,0.007233262,-0.10214832,-0.021288246,-0.11477518,0.0918386,-0.45246878,-0.0490672,-0.36189288,-0.13377962,-0.059679747,-0.59597933,-0.25990438,0.06010574,-0.04522191,-0.009578228,0.012765646
1679,-0.34540915,0.12830868,0.40104294,0.07564238,-0.05574453,-0.17894292,-0.16169071,0.4495726,-0.18405634,0.19812842,-0.47446305,0.09855461,-0.16033602,-0.0026025623,0.0133100785,0.47346827,-0.048637725,0.07182896,-0.46083474,-0.25247085,0.20806396,0.18904471,0.12924087,0.13813841,-0.0292968,0.047822416,0.426134,0.26427877,0.7513768,-0.027111888,0.91732484,1.3174673,0.41358912,-0.08343673,0.2903527,-0.21501642
1680,-0.14666274,0.039221197,0.0020655394,0.048877314,-0.28951752,-0.06845069,0.022372179,-0.21319383,-0.07547784,-0.10553038,-0.9525425,-0.032121778,-0.7948065,-0.13958925,0.008795857,0.23168531,0.039683133,0.009381652,0.12393874,0.057012796,0.18354386,-0.45330545,-0.28415316,-0.012229621,-0.75295115,-0.21758354,0.052192688,-0.038565278,0.07727489,0.019453347,0.22313753,-0.3865022,-0.41390833,-0.1152596,-0.016235173,-0.04825616
1681,-0.15917748,-0.028849483,-0.36560914,-0.15553182,-0.31455228,-0.08721104,-0.46286494,-0.19428027,-0.2735699,0.40343472,0.691292,1.9331794,1.3007073,1.2684735,1.4894047,0.2735489,-0.15489365,-0.29287097,0.050105065,0.037152894,-0.44550717,0.34286854,0.14186674,-0.21363857,-0.33111334,0.54079187,-0.49967265,-0.011025786,-0.08707575,0.22299989,-0.01492092,-0.53127205,0.11921563,-0.15918848,-0.23609185,-0.12711681
1682,0.07062119,-0.06908656,-0.04641801,0.8633096,0.021645546,0.11990547,-0.07450715,0.27467638,-0.0850026,-0.24858186,-0.38461983,0.062249124,-0.22492903,-0.26864284,-0.21213156,0.042302586,-0.29289508,0.009388089,-0.16519272,-0.23251978,-0.07041836,-0.704978,-0.09066737,-0.009738684,-0.12867841,-0.10061127,0.13636756,-0.0725766,-0.17879823,-0.06920838,0.009505212,-0.6441942,-0.12673846,0.33470392,0.06616944,0.12064636
1683,-0.06703228,-0.23937939,0.117081344,0.33593857,-0.015305996,-0.17138433,-0.19774795,-0.42644042,-0.09040287,0.12946461,0.06684442,-0.057819366,-0.108183384,0.031064719,-0.16757119,-0.010087609,-0.070038915,-0.12792218,0.67312515,0.14667279,0.35231405,-0.34397894,-0.64104867,-0.15081108,0.06764157,0.3408182,0.023608088,-0.24014619,0.12587321,0.0031715631,0.54824996,0.37102938,0.32956403,0.1280294,-0.25134954,0.036893964
1684,-0.28009713,0.2032423,0.35136148,-0.95219386,-0.29052413,-0.40334386,0.1163429,0.15144044,0.042992145,-0.35359102,-0.07646948,0.49969664,-0.46021277,-0.3336063,0.9140713,0.24834721,0.21223782,-0.11293268,0.34192657,-0.27946064,-0.11602292,0.12066302,0.18769437,-0.03625843,0.40249908,0.11161792,0.177832,-0.02487439,-0.040151503,0.111469544,0.3187227,0.824382,0.21433362,-0.43395078,-0.014181301,0.12860544
1685,0.29034746,0.00016254187,-0.0015826225,-0.337367,0.10064128,0.17604291,-0.102274835,-0.1958971,-0.07076359,0.32543057,0.11090815,0.13255966,-0.35402578,-0.13369957,-0.0103648305,-0.113146365,0.0061488748,-0.063402414,0.20855857,0.062375188,0.031857014,0.029882714,-0.016649902,0.109871626,-0.20328712,-0.07345408,-0.0224365,-0.2348322,0.1940389,-0.024282336,-0.017790854,-0.3889202,-0.40507933,0.41038024,-0.05845319,-0.010530949
1686,0.83179533,0.29906976,0.08973062,0.12657362,-0.07125354,-0.1355679,0.64864004,0.3418508,0.017785132,1.3010426,0.46384078,0.015150011,2.097058,0.20985247,0.30182204,0.41930652,0.18915331,0.0055043697,0.19913054,-0.044130117,-0.03691727,0.17201062,0.47324213,0.03398651,0.87939215,-0.08127913,-0.08532745,-0.073782265,0.11939067,-0.01871109,-0.93070704,0.119544595,-0.23119888,0.42326096,0.21725318,-0.001826942
1687,-0.053652465,-0.16557324,0.06714809,0.16598272,-0.020004272,0.06020975,-0.1936363,-0.048882008,0.030896187,0.01667726,-0.1597356,-0.10211098,-0.420143,-0.2651929,-0.24728405,0.1378609,0.15470892,-0.0067653656,-0.20271647,-0.072876215,0.06139922,0.57383215,-0.17146134,-0.10177761,-0.3064874,-0.03192976,-0.036272943,-0.07680684,-0.040968746,0.012320042,0.37114578,0.31862688,-0.012927085,0.08516204,-0.010032058,-0.11841869
1688,0.926988,0.5666189,0.18363863,-0.08378926,-0.14722314,0.029912472,0.17489526,-0.20351139,-0.006926477,1.7724608,0.5971037,0.16024595,1.4643205,0.56350553,0.048710614,2.6944482,1.3148836,0.26350152,0.39400136,0.30153078,0.1580036,2.0934527,1.2300158,0.46525165,4.1032553,1.3124303,0.47320658,1.2282958,0.8010135,0.27353472,4.124209,3.6849222,1.491778,1.1663929,0.6383953,0.14385307
1689,-0.56226945,0.19983649,-0.12629606,0.018780142,-0.32308805,-0.13587338,0.8241649,0.3592524,-0.45739105,-0.3524366,1.1084756,0.29085124,-0.12071887,0.20462202,-0.06041871,0.26601383,0.21182813,-0.0020399094,0.30377537,-0.18246886,0.21058668,-0.005466819,0.025520816,-0.37896633,0.033034056,0.58624434,0.4611974,0.22591469,-0.772989,-0.38985384,-0.52497756,0.06330663,0.71295655,-0.4184974,-0.14824808,-0.114877224
1690,-0.03370543,-0.13120416,0.028618157,0.30395848,0.08773196,-0.11880067,-0.28071794,-0.14545067,-0.1959166,1.4002559,0.39860326,0.13741058,0.6250912,-0.056748897,-0.7774466,-0.014304742,-0.2858362,0.2709661,-0.21877581,-0.13509849,0.38134113,-0.14171273,0.06796318,-0.029239357,0.1133872,-0.5786141,-0.28684667,-0.6947163,0.17332429,-0.20576108,-0.08221778,0.4564839,-0.17538592,0.29061425,0.32349783,-0.43451577
1691,0.6652025,0.5346547,1.178488,0.015572965,0.9132862,0.50052327,1.0994781,0.5594445,0.2814737,1.2214019,0.7567772,0.43143338,1.7888992,0.6271508,0.017507434,-0.011016369,0.11838961,-0.19833484,0.068791404,-0.049998283,-0.019660622,0.4641961,0.20100553,-0.14727071,0.25254077,-0.1740008,0.08874008,1.7210886,0.5087745,0.64330435,2.0276842,1.2401035,2.341081,2.3894238,2.7157145,2.3005238
1692,0.033685,0.24470684,0.3750664,0.083612144,-0.17425285,0.28225982,-0.15903628,-0.14992261,0.22632897,0.10285038,0.21813387,0.011508822,0.15728435,0.14568952,0.12317073,0.018500924,-0.09912597,0.089657485,0.022978365,0.082828656,-0.079730034,0.13933384,0.18251902,0.2471503,-0.035871506,0.21026829,0.16679406,0.021909267,-0.11683133,0.2521122,0.13509077,-0.13428259,-0.07005131,0.17617488,0.013685882,-0.158746
1693,-0.1685192,0.22549108,0.012021065,-0.41494954,-0.83928853,-0.18448973,0.27152717,0.063504696,0.066643,-0.30450422,-0.28102863,0.03411591,-0.41896072,0.0993842,-0.21272105,0.3000208,-0.18875492,0.087032676,0.06337112,0.123372674,0.13242614,-0.13342705,-0.1017738,-0.04474497,0.02235365,0.24742201,0.07531977,0.06656498,-0.2168855,-0.020235538,0.39370495,0.48637858,0.07643808,-0.2837791,0.1960224,-0.11023009
1694,0.7614335,0.12589055,0.45479164,0.8983037,1.1134701,0.3560801,0.78649914,1.1301506,0.5508967,0.38676393,-0.399504,0.19981456,-0.36880174,0.06832683,0.029959619,0.014458001,-0.2593587,0.16427086,-0.2527701,0.42731792,0.20602149,0.0989322,0.4603364,0.58320355,0.38135475,1.1342418,0.053034827,0.16995013,-0.63068366,0.10956526,-0.26501402,-0.110497236,0.36543888,2.031167,0.15026367,-0.050055563
1695,-0.24671173,-0.16367891,0.09863764,-0.39822066,0.14322099,-0.35244805,-0.21437636,0.13662912,0.0064660907,0.05327581,-0.32746512,0.14685512,-0.42527235,-0.22951782,-0.09507027,-0.21522228,-0.50912285,0.6814494,0.055213712,-0.28002122,0.35988283,-1.1047238,0.28520277,-0.59424675,0.6129906,0.17972207,0.13980666,0.45322728,0.3218924,0.20112199,0.1074918,0.07428992,0.05479186,0.05995187,-0.18120024,-0.16417646
1696,-0.23052467,-0.4371953,0.20539105,-0.19441369,-0.36681843,-0.20057411,0.266438,-0.49946022,-0.575114,-0.029082596,-0.6554523,0.31501803,-0.036154717,-0.16321604,0.028210182,0.18468446,-0.41088712,0.2994511,-0.12356639,-0.40753445,0.28570926,-0.1838178,-0.013781961,0.2885028,-0.57321393,-0.19250658,0.15030769,0.04133281,-0.18174411,-0.23689061,-0.21747437,-0.18979529,-0.036522925,0.028695494,-0.4281104,0.15360704
1697,0.19579226,0.30748093,0.15510118,1.4861743,0.64243937,0.21304023,3.4028533,2.7474813,1.0411705,-0.24520072,-0.116301775,0.093458116,0.37604046,-0.015804231,-0.1598931,-0.17466414,-0.13153994,-0.09221977,-0.26541185,0.2407409,0.105811715,-0.48235726,-0.07255581,0.0044960976,0.14117958,-0.40723485,0.057028234,-0.006495878,-0.059806347,-0.056043476,-0.23559403,-0.26081705,0.1529991,-0.24305671,-0.002526992,-0.063405395
1698,-0.5471701,-0.13341814,-0.2598052,-0.33034283,0.4906491,0.14087898,-0.51277,-0.121854454,-0.2326203,-0.052349776,-0.08071665,0.9276972,-0.114855945,0.928524,0.47170636,-0.010564029,-0.37151384,-0.14396209,-0.040692672,0.25151762,0.14444119,-0.41717085,0.11512038,-0.13224804,-0.40014595,-0.13688993,-0.29411733,-0.41030693,-0.75145364,-0.11135286,-0.20532608,0.44644183,0.6361169,0.7120713,-0.15322277,-0.40618438
1699,0.13678992,0.1418862,-0.08637676,-0.0049048066,0.2537378,0.18009984,0.06468356,0.07574183,0.006985903,-0.15368897,0.017471284,-0.21472222,-0.16258556,-0.12687409,-0.36512506,0.12423444,0.035963356,0.88211787,0.0061656833,0.082384,0.2378943,0.00023907423,-0.044124603,-0.1802814,0.18225926,0.21737775,-0.012607038,-0.16942316,0.034008205,-0.5631821,-0.011365831,0.12690508,0.06631523,-0.18826303,0.19161819,-0.14167053
1700,-0.21899301,0.17731833,0.08187705,-0.08223578,-0.13035613,-0.09743279,0.34606415,-0.043646157,0.016034365,-0.19481152,-0.15422562,-0.12452227,-0.1761334,-0.12293489,0.026933879,0.33026195,0.2718473,0.08902514,0.33119673,-0.10950689,-0.27656007,0.12527686,0.20969006,0.15210912,0.15288496,0.28123903,0.8572308,0.77166104,0.63705724,0.8278564,0.40083545,0.38288528,0.7649888,0.2995511,-0.21631044,0.15868044
1701,0.2238633,-0.30862105,-0.14339358,0.46483722,-0.03952685,0.520527,0.27795637,0.11403766,-0.13174677,1.2353611,1.2025311,0.5184047,1.0153327,0.5479391,0.57109445,0.097355366,0.47760382,-0.07873237,0.059681058,-0.17502308,-0.06437254,0.10557568,0.40785256,-0.0045607686,1.0021236,0.02562368,0.031112134,-0.23289728,-0.076592356,-0.1405505,0.2745713,0.37830412,-0.077040344,0.8135613,0.32255837,0.4570197
1702,-0.22209704,-0.1765829,0.32896352,-0.1774883,-0.30468932,0.30511245,0.09208095,-0.11056566,0.026600242,-0.44866514,-0.31533876,0.17344427,-0.61592287,-0.37514454,-0.26719013,-0.58243597,0.017332375,-0.13494396,0.3124334,-0.15308355,0.16050892,-0.11271453,0.76100826,0.084723085,-0.92023724,0.22541332,-0.7898616,-0.11256707,0.12624303,0.4461013,0.10792899,-0.24395,-0.75265765,-0.21732691,0.25552237,0.71738374
1703,-0.021334112,0.19105053,0.1577567,2.7185402,1.9950653,1.088589,5.853157,5.5354037,4.5655155,-0.4088392,-0.20273861,-0.033481658,-0.27304697,-0.0559752,-0.24388584,-0.14446831,0.17638136,0.03330692,0.37590665,-0.11296421,-0.07536365,-0.091623425,0.12538357,0.2435912,1.3584454,0.045805573,-0.04282587,-0.17433093,-0.16900817,0.08991648,-0.28999278,0.13017662,-0.07297194,-0.26405966,0.0130005665,0.36417404
1704,-0.66736317,0.68277925,-0.027806401,0.56826,0.7025616,0.59792805,-0.4353152,-0.4896159,-0.15364438,-0.21641183,-0.21927255,-0.5079199,-0.5260871,0.12801602,-0.5144752,0.088641904,0.31766033,-0.6848912,0.5411169,-0.25468534,-0.15712309,-0.04299164,0.18931937,0.051409137,-0.13377512,-0.0696782,-0.55586207,0.11328812,-0.087990016,0.32360154,0.2888831,0.43823683,-0.08865142,0.26676,-0.2589674,0.09815733
1705,-0.26222855,-0.054668218,0.10603964,-0.21272257,-0.2810736,-0.03227216,-0.050550163,-0.4457739,-0.019872963,0.6953774,0.3757267,-0.122624695,-0.3084619,0.1669554,-0.1137045,0.028450936,-0.09194763,-0.1602152,0.4334026,0.1635775,0.05273968,-0.11558938,0.065312356,0.08099562,0.12103224,0.012462407,0.00777483,-0.37384206,0.024118874,-0.12834167,0.18957523,-0.09649365,-0.048002362,1.4567857,0.49184972,-0.03315109
1706,0.6165966,0.18696773,0.16744864,0.77642083,1.2933338,0.9368016,0.69407874,-0.057797074,0.072497845,0.31687027,-0.13066328,0.2796923,0.21954998,-0.26804918,-0.31310734,-0.06763366,0.054361247,0.13974059,0.41089693,0.058043957,-0.23716432,-0.038550556,0.12014699,0.24691272,0.15663666,0.05594039,0.09443641,-0.1085363,0.20971365,0.01712054,-0.08872068,-0.11623937,-0.38757443,1.3757005,0.87647754,0.4427656
1707,0.24648386,0.010851026,0.11963731,0.36244965,-0.37113065,-0.06577438,-0.5200989,0.29335526,0.15015793,-0.07443774,-0.30624372,-0.18350053,-0.2996782,-0.48353958,-0.16622525,-0.34531593,-0.5091436,-0.025450885,-0.11506069,-0.2865365,-0.06272709,0.35735852,0.26592377,-0.032155633,-0.9949349,0.11912717,-0.20800143,-0.19743729,0.093133755,0.025263727,0.5378595,0.40161464,0.08828187,-0.01969412,0.022351801,0.17059392
1708,0.3849219,0.8056452,0.49174628,0.102942586,-0.36813956,0.059891075,-0.18173718,0.20199142,0.31540737,0.52287775,-0.5139736,-0.31413525,-0.2826059,-0.2318573,0.074392855,0.08267534,0.13823369,0.039299786,0.3938594,-0.09016386,0.35947946,0.28813386,-0.29672408,-0.13695538,-0.69102055,-0.013288319,0.07311934,-0.105164304,-0.23719805,0.05303669,-0.33828163,0.065005705,-0.5901581,0.15653828,-0.08827612,-0.05099088
1709,-0.041591227,-0.019647866,-0.30733633,0.015091419,0.3217279,0.16396773,0.005733192,-0.15101573,-0.13041154,-0.2216878,0.07885707,0.6678865,-0.5907572,-0.38726157,0.25780812,0.095758855,0.054825127,-0.008311629,0.048452854,-0.033029437,-0.15825045,0.26916373,0.03492561,0.38670772,-0.17288291,-0.16858695,0.18932134,0.19151479,-0.1363584,-0.09155166,-0.07373822,-0.1376406,-0.2573973,-0.13548672,-0.42933756,0.053269684
1710,-0.10224205,-0.25271097,0.102906704,-0.41373277,-0.26159245,-0.075470805,-0.46552604,0.283785,-0.033723593,-0.16199279,-0.350087,0.19225562,-0.1881106,-0.13179938,-0.034831107,-0.1374555,0.1344344,-0.08017063,0.39819098,0.14016762,0.098939896,-0.28515685,-0.38673347,0.010954142,-0.9050077,-0.0100482255,-0.09707451,-0.13488325,-0.7716951,-0.014788151,-0.03849542,-0.16844606,0.16327977,0.0063889027,0.05411899,-0.14047873
1711,0.764298,1.4448618,0.83686835,0.3422504,0.8804371,0.51045066,2.3202977,0.76942503,0.86796105,2.2741737,0.70666015,0.7818532,3.430864,2.2206204,0.88159853,-0.22625518,0.001164496,-0.002924323,0.6518708,0.038772017,-0.34521472,-0.25599647,-0.15785366,0.036809683,0.23838265,-0.09112257,-0.026220918,0.010289788,0.28585753,0.1583854,0.013211714,0.13945693,-0.23096651,0.7328744,0.9168516,0.38735837
1712,-0.7027235,0.032690346,0.6735329,-0.33740103,0.107768625,-0.4911365,-0.2296542,0.15940243,-0.12096751,1.2451596,-0.56961656,0.29025555,0.654626,-0.0280509,-0.5824429,0.8831958,-0.115229025,-0.50078833,0.65578616,0.0539003,0.03257203,0.17593926,0.46379375,0.36734572,0.4198456,-0.02514653,-0.045297436,0.07523438,0.107420936,-0.28358495,0.14981297,0.64357203,-0.25960386,1.5557139,0.16105768,0.3027411
1713,-0.011103034,0.07297659,0.056383133,-0.20031422,0.417947,0.118103445,0.052948892,-0.042320043,0.006526947,0.59952617,0.22990459,0.11465353,0.4956017,0.5064951,0.15545368,-0.12492061,-0.22317451,-0.09358889,-0.05851698,0.06392944,-0.025316298,-0.031339735,-0.020745188,0.012847662,-0.48920846,-0.08165564,-0.12001425,-0.41492367,0.055743158,-0.057029605,-0.016377926,-0.12837659,0.0068790913,0.15939587,-0.018796146,-0.051461518
1714,0.313482,0.39632273,0.018961787,0.13125533,-0.1087535,0.36307758,0.32102937,0.25206947,-0.05674696,-0.014033675,0.080008894,-0.1802538,0.34839362,0.07369408,0.14795494,0.020370245,-0.26937467,-0.02731371,-0.063622355,0.38153967,0.21821845,0.022732556,-0.090651035,-0.09997374,-0.12021774,0.1835809,-0.20034778,0.14919919,0.061216593,0.01480484,-0.1578635,-0.10924387,-0.27625507,-0.062176943,0.0024148822,0.03352368
1715,0.03444639,0.19776243,0.022491693,-0.008195728,-0.26614588,-0.029045463,0.01991254,0.20485173,-0.5305611,-0.3882016,-0.4491596,0.14112724,-0.7753265,-0.2783072,0.07140297,0.24277335,0.1682229,-0.2894997,-0.25310674,-0.25604758,-0.107666016,-0.17521763,-0.16518039,-0.011090696,-0.45667744,-0.007837594,-0.01170373,0.31390914,0.025280714,0.15302658,-0.042979598,0.42572263,0.67326164,-0.18860406,-0.24847022,-0.43332058
1716,-0.087361574,-0.012930155,-0.045287013,-0.053978443,-0.0045278072,-0.014807582,-0.021771908,-0.22523317,0.29470515,-0.08375573,-0.4198175,-0.03361106,0.05832106,-0.34305155,0.06644511,0.18577951,0.002987899,0.002876997,-0.09108043,-0.12214178,-0.21710062,-0.47512877,0.14590803,0.031704903,-0.49121574,0.114061296,-0.060729235,0.6378833,0.50501084,0.42824787,-0.32620186,-0.15169936,-0.28349602,-0.1787318,0.036824346,-0.021033883
1717,0.6848502,1.0973916,-0.017321348,-0.15376627,0.46661574,-0.2595573,0.48881337,1.6324209,0.4802024,-0.7958078,-0.60630167,-0.56040275,-0.15059721,-0.007586479,-0.1978116,-0.25896126,0.60904807,0.079761505,0.29087135,0.11555645,-0.12491572,-0.66951644,-0.04727818,-0.008309424,-1.3432335,-0.13639618,0.09957385,-0.05392754,-0.035372697,0.35972303,-0.20185706,-0.2850361,-0.96156275,-0.5024048,0.06738461,-0.3529253
1718,-0.059866488,0.13048315,-0.28165004,0.042553306,0.21405229,0.5527688,-0.20561016,-0.13353947,-0.3342544,0.03489831,0.23262244,0.14970459,-0.14658928,-0.29197726,-0.27206856,0.5293064,0.0075385273,-0.048020422,-0.16960216,0.1946453,-0.42359257,0.16690385,-0.01841557,0.7094797,-0.095035166,0.03236741,-0.1819216,-0.098422766,-0.15029863,0.078411795,-0.27618557,0.29045585,-0.63942695,0.16762874,0.050857574,0.2176727
1719,0.16822964,0.25287372,-0.33254147,0.05438333,-0.08202171,0.24880922,0.031009912,0.13464105,0.02201426,-0.6077783,-0.4954854,-0.085553154,-0.19222033,-0.35088062,-0.49974352,-0.0059548616,-0.25021625,-0.19789442,0.002292633,-0.011250496,0.26398343,0.45224804,-0.13532078,0.06470838,-0.54934525,-0.018989325,0.06319249,0.36538512,0.0820477,0.37924463,0.44885623,0.081595995,0.15756369,-0.033937573,0.036298543,-0.023988545
1720,0.38118786,0.7560515,-0.10319638,-0.12852669,-0.17334497,-0.011229507,-0.14857145,0.13982618,0.33037734,-0.18910897,-0.165936,-0.22183383,0.019631922,-0.38750255,-0.31411576,0.1529792,0.0621126,-0.10718036,0.19217572,-0.24238276,0.028670043,-0.35485637,-0.19838023,0.042884946,-1.0244362,-0.24833407,0.07168591,-0.13324618,0.29483318,0.25374323,0.26584464,0.1289568,-0.38429725,0.10572082,-0.37571415,-0.01293695
1721,0.6368275,0.090708375,0.12327981,-0.1674459,-0.00492011,-0.1753729,-0.41472498,0.076342225,0.028190494,0.18477225,-0.045943964,-0.086698055,-0.80200315,-0.08358407,0.008024693,0.43880987,-0.06872317,0.14925903,0.42286032,-0.24980673,-0.05205041,1.0801308,0.37940776,0.1194973,2.0976062,0.94572145,-0.050682843,-0.12897517,-0.39117444,0.17436004,0.059257388,0.070213035,0.242012,0.09770018,-0.1579018,0.15477812
1722,0.031804323,0.1371013,-0.008458853,0.024078012,0.43937263,0.07989168,-0.13770539,0.09407228,-0.47842216,-0.0725466,0.32352114,-0.14736992,-0.1068064,-0.35543925,0.1160354,0.24123716,-0.20603979,-0.07127458,-0.09985626,-0.01777485,-0.6446028,0.12632573,0.103660144,0.42863053,0.22443277,0.2366341,0.3182522,0.13165903,0.33935764,0.135723,-0.1041441,-0.14951918,-0.12500459,0.14672428,-0.33195776,-0.02206099
1723,0.094632275,0.15751567,-0.16574061,-0.052226245,-0.20567292,-0.19538492,-0.03054735,-0.27011284,-0.5448171,-0.21276987,-0.20429546,-0.5604342,-0.17820597,0.03410265,-0.22745234,-0.34735572,0.16054171,-0.34974748,0.4957606,-0.023937643,-0.38859603,-0.26330316,0.40209645,0.36668622,0.24725735,-0.12449902,0.060952514,0.16653454,-0.186589,0.18420768,0.1832434,-0.47937706,0.25237155,-0.0020470023,0.14514643,0.7356739
1724,0.112258315,-0.07862571,0.10579908,-0.088350534,0.22335377,-0.006803572,0.33205956,-0.10881165,0.09705967,-0.12316549,-0.21497293,-0.056776106,-0.13290286,-0.14421283,0.04468423,0.25576147,0.24009575,-0.09719384,-0.46955812,-0.19948155,-0.09526479,-0.2531402,-0.4975436,0.1431607,-0.13643974,0.07549755,0.05196035,0.276216,-0.04303701,0.14448565,0.45283848,0.21460044,0.2430647,0.3633191,-0.2668894,-0.06905091
1725,0.011600733,-0.3824407,-0.018253565,-0.29394946,-0.17898375,0.19985664,-0.26161975,-0.7476671,-0.5326275,0.3477465,0.05329895,0.14034009,0.122669935,-0.56975067,-0.38485307,-0.43173733,-0.035027206,0.4873468,0.05008793,0.11215429,-0.37830418,0.10599899,-0.080360174,-0.14499581,0.08316362,-0.041016027,-0.03307706,-0.14658228,0.381547,0.03522873,-0.31894135,-0.478819,-0.28089467,0.3322506,0.6635581,-0.11640847
1726,0.5592164,0.3742844,0.09845126,0.91846627,-0.09069744,0.009682596,-0.007947549,0.13623202,-0.06115991,-0.32185173,-0.2111345,-0.13786352,-0.49840593,-0.3094683,-0.20938757,1.0084167,-0.12154937,0.24944156,0.08629274,-0.063233554,-0.116868734,1.2898592,-0.26569796,-0.005674511,2.0384908,0.5540143,0.33766645,0.0734272,0.0135092735,0.1234799,0.97283614,0.4561046,0.3030867,-0.09430942,0.004346192,0.056921422
1727,-0.095686406,0.4389884,-0.5665393,0.036877275,0.4332905,-0.059169486,0.23671728,-0.4958943,0.44162807,0.19093478,0.9500254,0.9179292,0.5248376,0.5519411,1.5235782,0.06322479,-0.077769995,-0.07497698,-0.17250729,-0.20838192,-0.025636256,-0.31054482,0.5661241,-0.05646415,-0.9097075,-0.23789439,0.005963385,-0.39886355,0.037369866,0.16605459,0.07935357,-0.55201364,-0.30986232,0.10920337,0.22952703,0.09232217
1728,-0.09734091,-0.018603325,-0.1251389,-0.21870634,-0.15529907,-0.058789164,0.08975533,-0.54965013,-0.044094265,0.35953167,0.34650564,-0.2080833,0.5918166,-0.015094519,0.016905427,0.2978281,-0.30898437,0.036750913,0.0063222647,0.09138919,-0.04818161,-0.15647218,-0.3338864,-0.50622165,0.0050751567,-0.17299253,0.07877959,-0.51242065,0.33009607,0.2944145,0.34651443,-0.433165,-0.82161283,0.3245399,-0.2264516,-0.08575225
1729,-0.059980094,-0.24540088,0.2822985,-0.50592935,-0.6051204,-0.16864651,-0.41097584,-0.24767476,-0.30181712,3.8155742,1.9719775,0.95725465,2.4468846,1.9684997,0.77415645,-0.12589473,0.11813617,-0.13909942,-0.31986043,0.0782778,0.05832678,-0.3281966,0.07230151,0.16140878,-0.1696144,-0.23864847,-0.03656608,-0.039182886,0.14918748,0.032090366,-0.12161684,-0.013196439,0.07048869,0.005358532,-0.058769614,-0.09941673
1730,-0.19219172,-0.002627343,-0.0073344707,0.026040435,-0.0072658174,0.11221832,0.048267543,0.04891006,0.08943403,-0.29004568,0.35389662,0.14441198,0.22199333,-0.07983592,-0.15310913,0.31900156,0.45101845,-0.021513343,0.21973653,-0.022466823,0.0734486,0.6984898,-0.2246429,0.027854145,0.19429946,-0.18578625,-0.14128375,-0.024826095,-0.14354008,0.016699791,-0.123527884,-0.088816196,0.1238631,-0.97459036,-0.034016073,-0.14214754
1731,0.22536823,0.0950331,-0.012706369,-0.47804037,-0.08897364,0.118801,-0.18502307,-0.19529188,0.15575176,-0.18775451,-0.6057302,-0.11347258,0.12015307,-0.43093765,-0.48018152,0.24175131,-0.11273527,0.015880942,0.60708165,-0.3517206,-0.1517818,0.030602992,-0.26972985,0.30910826,-0.16916144,0.03460008,-0.4047382,0.22745079,0.1553371,0.08804965,-0.38116843,-0.076509535,-0.57913375,-0.018694792,-0.06365503,0.034340084
1732,-0.25398403,0.115285486,-0.049953163,0.1983552,0.054258883,0.012767792,-0.010352597,0.18607864,0.23350501,-0.08551593,0.1483371,0.12179285,0.17653574,-0.14731413,-0.072157234,0.07291232,-0.07593915,-0.056842208,0.05410873,-0.2407963,-0.0138014555,0.5413577,-0.14859223,-0.62828374,0.2662395,0.2809626,0.37338656,0.558028,0.09236807,-0.21909052,0.04746057,-0.33123136,0.064727664,0.21227819,0.001245439,0.10763502
1733,-0.47404605,-0.20465064,0.11927199,0.024538428,-0.21174157,-0.1637764,-0.8069792,-0.18116418,0.013578296,0.26807293,-0.0008251667,-0.10636389,-0.39272892,-0.14932457,-0.26704964,-0.20415834,-0.5667666,0.028852493,-0.5002613,-0.12412077,-0.012625337,0.46346477,-0.62029237,-0.23581034,0.5640671,0.1846937,0.14119452,0.05673498,-0.051131517,0.061323643,1.0668732,0.43556833,0.6455376,-0.09243491,0.013490498,-0.11860761
1734,0.4492805,-0.042161763,0.03779137,-0.68288743,0.13199714,0.006911874,-0.371395,-0.0546242,0.07925761,-0.21573336,-0.5390896,0.035536528,-0.32006764,-0.13948876,-0.06480384,0.031587124,-0.15765387,0.05534953,0.4193457,-0.35599786,0.005710125,0.27545083,-0.22047895,0.1855889,0.26184613,0.024258934,0.1513592,-0.15161505,-0.2262709,0.05021006,0.06555176,0.49340886,0.27597386,0.32156885,-0.1879822,0.02782762
1735,0.7693681,0.67443675,0.036755085,-0.27652526,0.29502144,-0.020540595,-0.12514955,0.06766799,-0.031434894,0.78375876,0.019256413,0.13946271,0.39088,0.27264124,-0.19878316,-0.4416412,0.13927627,0.16957995,0.3446116,0.19016498,0.112437904,-0.03009826,0.8089859,0.09418011,0.55690825,-0.6264459,-0.0018550158,-0.47631383,0.45764393,-0.25537825,-0.25060576,-0.19852358,-0.09698242,0.8048836,1.2514259,-0.24027929
1736,0.042460375,-0.052088827,0.051344275,0.56686753,0.31230864,0.018141985,-0.67663115,-0.07509518,-0.17830706,-0.38977438,-0.36710763,0.046542704,-0.591702,-0.2847739,-0.28805012,0.28176993,-0.030446962,-0.00450027,0.04954505,-0.09253642,-0.092403114,0.6671475,0.14577281,0.05752778,0.38898528,0.25933978,0.16433519,0.06337784,-0.06277503,-0.086333156,0.9182918,0.26259816,0.13395286,-0.25837988,0.19171417,-0.08577371
1737,-0.15205774,-0.23537385,-0.040532947,1.8700744,1.2293851,0.3460243,4.6140413,3.1028066,0.2123875,-0.059505433,-0.29646528,0.053926766,-0.2284978,-0.11807692,0.04891908,-0.33859825,0.23669374,-0.009620011,0.108787775,-0.04632455,-0.019332528,-0.15218389,0.21424687,-0.102431595,1.5495816,-0.11075635,0.039058745,-0.046732783,-0.21811365,-0.005561173,0.30299002,-0.39025772,0.006718874,-0.043794345,0.050982,-0.018800855
1738,2.0359478,0.8651711,0.27446914,0.053996444,0.1793342,0.061882436,1.0138223,0.75404084,0.15325248,0.9710356,0.42708084,0.114907324,1.7148669,0.3316457,0.31528467,0.38741916,0.031205297,0.53107953,0.15282778,0.06625831,-0.012818992,-0.2808141,-0.5340971,-0.019692302,-0.2376768,-0.02611506,-0.061445177,-0.31169158,0.14950335,-0.033728242,-0.33315635,-0.58208877,-0.3352683,0.70352226,0.35411695,0.056952596
1739,-0.010953307,-0.24953502,-0.0212214,-0.22614783,-0.046394415,0.039215147,0.12586623,-0.07779789,0.058470666,-0.15595853,-0.17268628,0.08970374,-0.12496531,-0.06811443,-0.1140995,0.85096884,0.12986639,-0.06425917,0.21009874,-0.20400581,0.0461455,0.43280432,0.2400322,0.02655375,-0.49164855,-0.045853794,0.13191843,-0.21397322,-0.28413233,-0.036211967,-0.3806985,0.66535896,-0.21907362,-0.32892147,0.31974238,-0.11310351
1740,-0.18170679,-0.041041736,0.002933979,-0.60293317,-0.3326747,-0.13302034,-0.4023038,-0.26727387,0.03381908,-0.62019944,-0.22247663,0.061298847,-0.69930595,-0.1379599,0.045815587,0.24284601,0.07532555,-0.01606834,-0.25175583,-0.33717644,0.17648387,0.23765177,0.2621081,0.02711618,-0.040531516,-0.089559674,0.13648349,-0.40616405,-0.59090424,0.050288796,0.28757036,0.043591693,-0.015532851,-0.39299685,-0.100657284,0.024461985
1741,0.1224938,0.24534953,0.22125512,-0.24028051,0.060751602,0.05920601,0.37670612,-0.30562693,0.1454817,-0.017758489,-0.028861836,0.123253405,-0.46895152,0.31808457,0.28503406,-0.33759454,-0.12942559,0.08648181,-0.19606185,-0.19241834,0.14061362,0.099607766,0.31790888,-0.15047657,-0.21005368,-0.6435175,0.17797148,-0.281307,0.11720024,-0.063225925,-0.10421789,0.27178177,-0.36655322,0.69658166,0.15948142,0.11902273
1742,-0.12672357,-0.42412734,-0.075592935,-0.12434888,-0.26898718,-0.053006828,0.34756088,-0.04891622,-0.2898777,0.07762587,-0.010725379,-0.03278917,-0.17005873,-0.23249856,0.066311,0.110275656,-0.13578156,-0.10339463,0.19960655,-0.24734929,-0.023999989,-0.4396091,0.22744608,0.0008504391,0.37826046,-0.35865316,-0.04875827,0.28263348,0.06124866,0.049209833,-0.28720164,-0.3439216,0.33967096,0.03168446,-0.2919631,-0.037581444
1743,3.7316194,1.1955578,1.0156426,0.17355996,0.124409735,0.0638963,3.8866236,1.5495117,0.9508603,0.38572973,0.13080004,0.08034408,2.245262,0.89039415,0.33340323,-0.22094367,0.34793276,0.16843271,-0.15160964,0.12264386,-0.07738072,-0.2876765,0.099880874,0.004887104,0.48723388,0.059438214,-0.17320716,-0.023712814,0.39913917,0.041282892,-0.49021277,0.120885335,-0.17753041,0.5621341,0.4516062,-0.05990857
1744,-0.4160201,-0.20819868,0.09173012,0.03814447,-0.11534262,-0.038726628,0.03803718,0.2721212,0.08640969,-0.26720095,-0.33059588,-0.3081388,0.036833107,0.13333176,-0.3070315,0.494846,-0.1780169,0.11344421,-0.26085335,-0.03302695,-0.056571603,0.3254392,-0.49791718,-0.07647067,0.7695962,0.27101457,-0.2970919,-0.03159541,-0.07063225,-0.11006576,0.51290035,0.25141925,0.11007923,-0.21336594,-0.2794394,-0.072550654
1745,0.4691607,0.22638401,0.31756136,0.037686706,-0.18712771,0.25050634,0.48710945,0.011371046,0.3524561,-0.053587228,-0.06978291,-0.3196017,-0.2940066,-0.1578916,-0.30816427,0.76358175,0.15399063,0.12578088,-0.35693848,-0.18191978,0.24023813,0.7774225,0.44170666,0.62349945,2.8702593,0.8967222,0.48509133,1.643627,0.27197,0.6871804,2.7546268,0.82287663,2.2796974,-0.16730267,0.056420326,0.04516709
1746,-0.16635627,-0.088025115,-0.19298244,0.07314223,0.3100192,0.012116805,0.17089957,-0.28800663,-0.09748274,-0.13278711,0.1336952,0.11981416,-0.36472368,0.13969189,-0.50600606,-0.17001015,-0.14756489,-0.19414824,-0.17813253,0.22254771,0.04154235,-0.24673596,0.027645294,-0.037816048,-0.52712524,0.29706225,-0.1477204,0.2746201,0.002645135,0.16976273,-0.24248719,0.022462573,-0.54251534,-0.37343454,-0.4493577,0.043064326
1747,0.37063968,0.17879832,0.30285263,2.8837593,0.6228258,0.28301764,0.9391571,0.24575937,0.026516318,0.5912367,0.06911731,-0.010577738,-0.1978018,-0.20256007,-0.0052977204,-0.11494893,-0.037435874,0.301144,0.20263003,0.3726869,0.13267118,-0.06315386,0.044311225,-0.044962704,-0.0012974441,-0.5229442,0.30173677,-0.17524981,-0.051116705,0.04501915,-0.040011644,-0.2712168,-0.23017402,0.38273603,0.24707143,0.022574365
1748,-0.5827259,-0.32257196,-0.19601834,-0.29998896,-0.07817724,-0.3072154,-0.5401593,-0.46899605,0.22770971,0.8625383,0.2903042,0.25946617,-0.5449921,0.09081647,0.34502274,-0.32560056,0.1193839,-0.06183064,-0.1446618,-0.05551064,0.10089767,-0.16647056,-0.33353215,0.2666114,-0.16201556,-0.33955386,-0.14763886,0.12063533,0.12242144,-0.0072535276,0.4632717,0.2717985,-0.1456267,0.13030976,-0.7725086,0.13498169
1749,-0.47348785,0.18965188,0.042791247,0.1272394,0.30208984,-0.46052346,-0.21256295,-0.58621156,-0.11931744,0.6803144,-0.21051884,0.028495371,-0.13068411,0.06191343,0.23768584,-0.098451376,0.39917147,0.25070506,-0.0660409,0.26373827,0.4873079,-0.28888392,0.06047702,0.060145378,-0.4837855,-0.46188605,-0.5829549,0.16813523,0.80382156,-0.057052255,-0.16488777,-0.2232933,-0.32825842,-0.43006593,-0.31908113,0.059070706
1750,0.26432282,-0.2458803,-0.05491674,-0.01602894,-0.3328602,-0.13211673,-0.2141046,-0.4583303,-0.091484785,0.23101664,-0.01571086,-0.31488767,0.8185703,-0.22538725,-0.59689707,-0.7000354,-0.44394943,-0.24720496,-0.37808514,-0.18391934,-0.3031687,-0.69471264,0.3544667,0.056855798,-0.45473513,-1.1469786,-0.3298028,-0.2655244,-0.13380979,-0.0050797462,-0.8023649,-0.6585827,-0.13755542,-0.091412544,-0.20423484,0.17262208
1751,-0.0061388314,0.06474903,0.112885416,0.2838802,0.0759923,-0.006175101,0.6694102,0.79241997,0.04780698,0.35926294,-0.008255988,0.092071176,1.8052512,0.80539984,0.4040857,-0.23304307,0.07343483,0.017491877,0.23373616,0.041575313,-0.022979438,-0.043671906,0.076402046,0.042545438,0.19291401,-0.20579062,-0.10705125,-0.19869804,-0.028569117,-0.005766034,0.02301693,-0.028923836,0.35073256,-0.0029365048,-0.021701038,-0.00046944618
1752,-0.1866537,0.054134578,-0.0061377883,0.4508806,0.09638956,-0.07945311,0.86445135,0.12129952,-0.02338636,0.42277044,0.2095218,0.09843373,1.1241286,0.5998014,0.033765614,-0.25637496,-0.15390497,-0.033720374,0.017208338,0.09912145,-0.05178356,-0.42858866,-0.026293516,0.007018447,0.17971641,-0.27098402,-0.094415665,-0.038000345,-0.09510258,0.04826969,-0.15701318,-0.08372828,0.12956291,-0.16007096,-0.15102792,-0.07982379
1753,0.22483215,0.17970109,0.13836673,-0.16206062,0.0747951,0.1340459,0.10768956,0.29737473,-0.040190935,-0.048290253,-0.11365282,0.37690222,-0.21939284,-0.54853505,0.3572535,0.1359564,-0.63221276,0.20309351,-0.049512148,0.4232084,-0.33673579,0.29087597,-0.13180342,0.22917636,0.13802594,0.12531169,0.024457881,0.10471055,-0.15152755,0.38588786,-0.43874162,0.36991152,-0.10385289,-0.1276765,0.028497934,0.101441815
1754,-0.31085178,-0.10119328,0.041045368,-0.36799204,0.14764827,-0.10976875,-0.029912591,-0.79817414,-0.08639085,-0.2376489,-0.031071335,-0.10985887,-0.56095034,-0.25863048,0.10219756,-0.17424822,0.05838114,-0.09070158,-0.27024186,0.9679761,-0.074067,0.659982,0.6406782,0.038551718,0.016475126,-0.24190319,-0.04539168,0.17157589,0.3568573,0.019822001,0.17466038,0.41218418,0.28819093,0.68725586,0.063255996,0.27401263
1755,0.3609567,0.30472684,-0.3979195,0.3996237,-0.36254013,-0.04805523,0.63004273,0.16256982,0.06523436,0.89789146,0.41692638,0.49251437,4.1531477,2.5326855,0.58124197,-0.18043354,-0.7192453,0.065342486,-0.13553795,0.08919811,-0.071679056,-0.18539077,0.09941015,-0.098006666,-0.30593136,-0.8940254,0.11338934,-0.28085947,-0.0012847111,0.18263718,-1.0078089,-0.16502929,0.16904497,-0.251859,-0.39310429,-0.13494116
1756,-0.114462525,-0.26381198,0.1318546,0.73330194,1.052413,0.68623996,-0.28814432,-0.4845089,-0.4471342,0.18197483,-0.22778404,0.07367629,0.04088469,-0.33763662,0.16222486,1.0405314,0.072631165,0.073217094,-0.14131632,0.26676273,-0.284049,0.108897984,-0.4685496,0.18073529,-0.8760679,-0.5447255,-0.3996222,0.10461041,-0.35405847,-0.38690645,0.060001902,-0.34201565,-0.7011283,1.1837344,2.0648427,0.98976755
1757,-0.105651125,-0.21217877,-0.31804234,-0.10196261,-0.9119002,-0.48401102,-0.3195756,0.100048855,0.022690773,0.29109526,0.4963565,0.4625802,0.7445807,0.48787734,0.48615038,-0.108643204,-0.3601726,-0.7186474,-0.415352,0.77881277,0.05377993,-0.52790225,0.05146545,-0.45483625,-0.19708622,-0.4793651,-0.14070103,-0.44485626,-0.091743,0.23275815,0.42004395,0.17450371,-0.07331428,-0.8057807,-0.059293747,0.023586988
1758,-0.2507918,0.07341079,0.278353,-0.83783716,0.14213961,-0.15411061,-0.40279877,-0.3212748,0.14400712,-0.029528111,-0.34618476,-0.3726057,-0.15230066,-0.21732527,0.012948483,0.082558855,-0.4268353,-0.19402188,0.015248607,0.16493084,-0.017420977,-0.39481136,-0.7100482,-0.0686211,-0.83475506,3.6872969,-0.23773265,-0.022336483,-0.112189054,-0.08855943,-0.29863697,0.085325494,-0.16746408,-0.25350514,0.30652648,0.031203538
1759,0.3409698,-0.066131145,0.004181981,0.65844524,0.041650623,0.048985124,-0.024869204,-0.05141107,0.0141326785,-0.48078597,-0.05161327,-0.011297762,-0.05576527,-0.4508734,-0.08901179,-0.16588175,-0.075048834,0.04670942,-0.74459314,-0.16236952,0.023694158,-0.090566576,-0.2780053,-0.010534167,0.8580463,-0.10799252,-0.17308891,-0.30827868,0.41053855,0.02939254,2.7362309,1.3756173,0.28951842,0.052052617,-0.12317592,0.007221997
1760,0.24559422,0.12549818,0.08534976,1.8802407,1.3526254,0.55698013,3.2551641,2.516762,1.132884,3.6120415e-05,-0.034962058,0.08327162,0.70576894,0.24793151,0.1131264,-0.7973623,-0.23481911,-0.1685124,-0.49741593,0.1173107,-0.34929758,-0.46770072,-0.2809251,-0.11000693,-0.38453096,-0.7992388,-0.07600868,0.030559361,0.067121804,-0.29997486,-0.8283644,-0.8848632,-0.16247854,-0.23563789,0.2999945,0.040344894
1761,0.99391794,1.3142748,0.3721034,-0.56638646,-0.15598994,-0.4007169,0.35584223,0.12440926,-0.022531033,1.4063652,0.80281013,0.7558441,1.2080728,1.9150773,2.5675774,0.025076926,0.29894188,0.07046676,0.020703971,0.16192222,-0.30859497,-0.042096853,-0.2531371,0.39135677,1.1309793,-0.10143456,-0.14180689,-0.101318,-0.036512673,-0.25654468,-0.10820797,-0.6205785,-0.8798435,0.13106602,0.80727565,0.121221304
1762,-0.019584354,0.0020671338,-0.3120547,0.057663247,-0.18380141,-0.43718186,0.16102882,-0.83219814,-0.42902434,0.8134516,0.29054296,-0.079817474,0.45609447,0.2218225,0.16962773,-0.2829186,-0.79381883,-0.14789128,-0.054725394,-0.7887839,0.016362965,-0.104614414,-0.36848646,0.0168612,0.74797404,-0.04422909,-0.17803153,0.3596896,-0.28115395,-0.19319355,0.98832715,-0.07148844,0.098124675,0.93082666,0.6872346,0.16994777
1763,1.0213078,-0.2662453,-0.28672963,-0.8283778,-0.5742736,-0.28952894,-0.73985326,-0.30958247,-0.58115745,0.030592918,-0.93114245,0.21635902,-0.21787506,0.04453361,-0.047668368,-0.5172581,-0.38721752,-0.21741676,0.09319258,0.19172437,-0.31495917,-0.04528612,-0.11057079,-0.041233122,-1.6882913,-0.96322393,0.18528554,0.42813036,0.082624435,-0.44324,-0.55465114,-0.19015548,0.09363788,0.34358665,0.2610838,-0.14404228
1764,-0.03732431,0.07583786,0.05679226,0.9036144,0.6517712,0.21147203,0.46286723,0.100061715,0.084359884,0.23127082,-0.052923486,0.062250257,0.09812844,0.115022935,0.116044104,0.002549708,-0.013019107,0.098957896,-0.23590577,-0.054349393,0.006085396,-0.2811253,0.15076806,0.06788969,0.63369274,0.03177608,0.05267471,0.17528158,0.123802744,-0.09532893,0.17915785,-0.14716145,0.11690855,0.079891324,0.12078315,-0.09061408
1765,-0.07687664,-0.09324196,0.08959508,-0.22155942,-0.31753534,-0.06694013,-0.3857772,-0.28378665,-0.1409508,-0.73465085,-0.43945864,-0.12996483,-0.81227744,-0.5989466,-0.16209655,2.3046432,0.59576696,0.80269897,0.28064013,1.2208307,0.09210816,4.088112,3.0714147,0.5885099,3.3121424,2.610409,1.3982761,-0.0023409799,-0.36548537,0.090872765,1.0495354,0.6411696,1.0204419,-0.3953119,0.014084548,-0.17655623
1766,0.2717424,-0.02811268,0.11150718,-0.17002237,-0.4048754,-0.1933142,-0.2680969,-0.38372838,-0.0049282312,-0.3151776,-0.35758883,0.036073864,0.3073823,-0.339056,-0.18461013,-0.28198498,0.013043821,-0.14908147,-0.3395458,0.1280863,-0.08585632,0.08639407,-0.07232964,0.021496475,-0.03503552,-0.20678417,-0.06127757,-0.46025777,-0.15619957,0.013024688,-0.33505824,-0.39016828,-0.0939973,0.462757,0.03033626,-0.14374447
1767,0.0482493,-0.23449948,-0.043713212,-0.081964284,0.063156575,-0.10242319,0.25144285,0.09132905,-0.1124159,2.6626954,0.90364534,0.1325467,5.153161,1.8610654,0.66050786,-0.12282178,-1.4489651,-0.010711312,-0.43929547,-0.13705319,0.031457424,0.047710508,-0.0012561679,-0.036803305,0.11834841,-0.38885236,-0.0034727454,-0.14910054,-0.09192118,0.026288867,-0.8359308,-0.2012492,-0.09487271,-0.009931561,-0.090459466,-0.009430826
1768,0.24848786,-0.14035106,-0.06075269,-0.14527895,-0.12932026,-0.04101637,-0.15539005,-0.64335936,-0.101980686,-0.074111804,-0.31694365,0.24091095,-0.08283366,-0.12621656,0.13974291,0.35271525,0.45614845,-0.15564632,0.7378628,0.9452511,-0.056546673,0.19355181,1.3473537,0.4079007,0.329522,-0.27780187,-0.23659647,-0.27543548,-0.29946887,-0.3111701,-0.1040681,-0.8718029,-0.8613174,0.027474254,0.10161208,0.10854578
1769,-0.12491536,-0.26627848,-0.1769365,0.021786213,0.110288024,-0.17934264,-0.079707325,0.12130451,0.23133993,-0.43506938,-0.34841007,-0.2265104,-0.6170827,-0.16885604,-0.6811042,0.09045869,-0.2697982,-0.31206667,-0.2108351,-0.30010536,0.1627309,0.16860688,-0.8895987,-0.5359916,0.016350627,0.23363729,0.3709746,-0.37368578,-0.44713676,0.18267953,-0.77261025,-0.06780347,0.049940497,-0.34028572,-0.085832536,-0.05978805
1770,-0.2816226,0.12078935,-0.33767712,-0.34043968,-0.002827257,-0.5796784,-0.21308261,-0.6029354,-0.15276349,-0.31178212,-0.2906714,0.30085707,-0.10290313,-0.15497594,-0.1035012,0.8387145,1.0945351,1.1302187,0.22143307,0.6669589,0.7664453,0.92196846,0.94622064,1.0607646,1.5429645,1.6569012,1.2995579,-0.07144463,-0.3439457,-0.3512481,0.54400754,-0.22405326,0.22572559,-0.35926938,0.16047215,-0.28266835
1771,0.7235872,0.50607634,0.2649542,0.3832613,0.3058478,0.49908775,1.1057191,0.16495538,0.63778293,0.67333245,0.20114332,0.51159364,0.3539356,0.4686102,0.27892452,-0.07025158,0.14363462,0.3599125,0.100081205,0.08095829,0.008007765,0.17167136,0.09582689,0.5376694,-0.0047667027,0.27633741,0.10079056,0.18883055,0.4771566,0.123043776,0.2080566,0.59679306,-0.10113746,0.21342576,0.5435226,0.48187673
1772,-0.39860463,-0.08755782,0.09430784,0.77606213,-0.39762312,0.016785562,-0.21343154,-0.023344606,-0.07827026,-0.25717765,0.3841432,0.21387398,0.017409027,-0.33332247,0.0046797097,-0.45848984,-0.20620766,0.26610535,-0.0090786815,-0.084279224,0.02686584,0.28675812,-0.24261397,-0.33394164,1.7593453,0.90258527,-0.020810604,0.29516026,-0.12031007,-0.1734302,0.35427037,0.17775312,0.39309254,0.047989637,0.027738735,-0.20820731
1773,0.05922872,-0.2869896,0.04255116,0.709483,0.8184911,0.38260713,0.09619878,0.31240785,0.47046554,0.16303961,0.65362173,-0.017627954,0.021623105,0.11249159,0.14751542,-0.11109114,-0.23330429,-0.19100678,-0.28164145,-0.21420884,-0.13493335,-0.6346569,-0.34892553,-0.24363422,-0.34914058,-0.28093135,-0.03475225,0.6544781,0.24745142,0.035521746,0.6923481,0.37524825,0.31165668,-0.15840387,-0.04075995,0.01581788
1774,0.20619479,0.22889288,0.1547116,-0.24377537,-0.126526,-0.058884263,0.27996287,0.894904,0.36412585,-0.051052254,0.03354028,0.36951697,-0.28759986,0.16881466,0.15726715,-0.2140569,0.21106203,-0.2100718,0.32216597,-0.13448179,0.4054203,0.08181,-0.07823539,-0.17233062,-0.23241043,-0.035248935,-0.108146966,-0.0074368566,-0.22351614,-0.13758361,0.12405443,-0.30797172,-0.3330867,-0.42663002,-0.16973777,-0.026935816
1775,-0.49536055,0.12629378,0.02973032,0.31757462,0.5677167,0.13434601,0.4295487,0.51847136,0.49524543,0.31210476,-0.5970936,0.11356044,-0.6218792,-0.15815054,-0.10964179,-0.2496959,-0.14603603,-0.09098202,-0.05067408,0.014835656,-0.11038715,-0.9417999,0.27745026,-0.1165635,-0.037435077,-0.5119352,-0.33193296,0.5883991,0.36382037,0.17346054,-0.110821426,-0.9063866,-0.2943024,0.062414587,-0.06379855,-0.057064652
1776,-0.28222033,0.08984196,0.20170188,-0.12316978,-0.3478976,-0.3972658,-0.0948329,-0.4194084,-0.13462102,-0.34079206,-1.0489596,0.1812712,-0.49430513,-0.22790419,-0.5651633,0.04120177,-0.11828667,0.28817987,-0.25457364,0.25058663,-0.251791,0.14669022,0.03114134,0.23690486,-0.23151219,0.29363284,0.050820827,-0.1904651,0.23232585,0.112968564,-0.20713365,-0.19507009,0.1724062,0.41237745,0.3224429,0.26461112
1777,-0.18773824,-0.26283288,-0.19489966,-0.6842563,-0.8163262,-0.37521243,0.27731916,-0.40650815,-0.4316727,-0.5802272,0.06433821,0.387738,0.025713801,0.009816587,-0.44183087,0.101917386,-0.767087,0.41902417,-0.35754287,0.24049968,-0.12822813,1.0901484,0.15500242,-0.07133205,0.33410028,1.2126634,0.40265867,-0.13441192,-0.28209257,-0.16450071,0.48706853,0.8117485,0.6774892,0.30828553,0.19681004,-0.069288075
1778,-0.09401965,0.08695325,-0.071504116,-0.8538246,-0.1906068,-0.45242536,-0.47333595,-0.6658975,-0.74572587,0.1358361,0.97084653,0.16863477,-0.2989121,0.012597926,-0.20346987,-0.3463658,-0.23264903,0.41997433,0.23242384,0.5072593,0.20987338,-0.22575334,0.4010358,0.24618006,-0.13405144,-0.67452514,-0.43652356,-0.143491,0.062829286,0.0946337,-0.43567377,-0.52526915,0.070418015,0.38714582,0.12627773,-0.1521517
1779,0.15469456,-0.20814294,-0.08374667,-0.11937463,-0.1551826,-0.04444295,-0.018231511,-0.28261295,-0.12977219,0.25540388,-0.45359904,-0.14696252,0.09876031,-0.16028014,0.19134212,0.06798148,-0.10351881,-0.11652392,-0.015711665,-0.10040444,-0.017503023,-0.4116608,0.22882955,-0.10265088,-0.7071414,-0.08021477,-0.13828391,0.5868243,0.6819294,0.32226557,0.14143604,0.05640781,-0.13933074,-0.011919349,0.024802208,0.07074714
1780,0.15927905,0.045268357,0.00046557188,-0.0029005408,-0.09704763,-0.14560604,-0.34792376,-0.3286568,-0.052019358,-0.28646618,0.0038897991,0.081441045,-0.03548491,-0.051733598,-0.011184096,-0.4793749,-0.14939207,-0.009777665,-0.22456157,0.19587635,-0.07310277,0.10907987,-0.06471059,0.15382773,-0.14511374,-0.2983963,-0.13047743,0.7197393,0.28629845,0.14080721,0.89715135,0.15855408,-0.16162074,0.06743075,0.09050092,0.053913713
1781,0.62654436,0.6269712,1.0072258,0.082448125,0.74994445,0.66392756,0.19639492,-0.24812323,0.50583655,0.14575413,-0.031582564,0.14910984,0.5425135,0.09985426,-0.068625286,0.06252909,0.0249632,0.12856847,0.2616178,0.110739976,0.10213089,0.21148705,0.58950764,0.23198262,-0.17710495,-0.15702765,0.33687305,-0.04566741,0.09410888,0.05763185,0.4611987,-0.09361166,-0.011584312,0.26370078,0.33395308,0.6591289
1782,-0.26401597,-0.16571122,-0.5239421,-0.18683872,-0.36528778,-0.2909224,-0.051231757,-0.28721064,-0.16988766,-0.19699338,-0.24571824,-0.14689022,0.08760062,-0.25892076,-0.5443203,0.51638144,0.33778262,1.0143398,-0.060315132,0.08949822,-0.29493147,0.7932469,0.28273305,-0.50497794,2.094586,2.5183969,1.3732575,0.1818471,0.5428426,0.15811807,1.1383463,1.0524175,0.9117155,0.1810354,0.24882904,-0.7825868
1783,-0.43390888,-0.28337568,-0.08946255,1.0625596,0.5870799,0.7566073,0.69041735,0.9629991,0.09283841,0.14368734,0.9918229,0.39681602,0.12252723,-0.025662243,-0.62711346,0.5776032,0.7782199,-0.08341724,-0.3362139,0.034878492,-0.007093787,1.4019239,0.49424702,1.0420461,3.811605,0.9806001,1.5386909,0.22200459,-0.15245134,-0.20821679,2.127628,1.6173378,1.0591751,0.16334653,0.2184505,0.24809015
1784,0.51116925,0.28741792,0.3184399,-0.07192835,-0.1689021,-0.09800613,0.6667401,0.6486018,0.4638134,-1.0002866,-0.8793127,0.21155715,0.037451982,-0.21248558,-0.137887,0.2117784,-0.30624592,0.037932515,-0.10383582,-0.052104335,0.028779685,1.208062,-0.088103116,-0.009141922,-0.38570955,0.19505799,0.18850249,0.2466861,0.05532348,0.22642675,-0.06354967,-0.16781479,0.08764458,-0.19889651,-0.18031472,0.17703485
1785,0.17928445,1.000987,0.14162427,0.37002164,-1.856841,-0.034868002,-0.10685998,0.109454095,0.12957525,-0.46129483,-0.29099646,-0.039295375,-0.037283704,-0.22916953,0.011207879,0.17016143,0.3390385,0.115927756,0.050676346,0.30994868,0.29428113,-0.5217399,0.27935186,0.118406415,0.079255216,0.18470672,-0.13318157,0.3991081,0.10708647,0.12322086,-0.3265001,0.12640329,-0.00097441673,0.35087785,0.1272363,-0.13670975
1786,-0.05499965,0.054855525,-0.0050578713,-0.3918656,-0.28064144,-0.04181516,-0.049475253,-0.011417121,-0.045519114,-0.19748831,0.8959985,-0.01515156,-0.012343407,-0.11826873,0.027665436,0.2326802,0.17080638,0.07483995,-0.0582,-0.04039669,-0.0060620904,-0.20979445,-0.07502837,-0.06052506,-0.8303158,-0.07025617,-0.09032953,0.2250912,0.0005736947,0.10848057,0.41993022,0.34373808,-0.030949473,-0.21721804,-0.20165679,-0.004421413
1787,-0.026225328,0.020496398,-0.2963036,0.2298683,0.88014996,0.9783493,0.06308305,0.19052911,0.01028119,-0.2681262,1.1424086,1.6849525,0.28865248,-0.3156581,1.2572458,0.117126346,0.2747646,-0.017374478,-0.39345026,0.02510053,-0.29082036,0.16548944,0.8015356,0.94515514,0.1520288,-0.20027652,-0.60705864,-0.09209874,-0.017578565,-0.3528101,0.29376596,-0.24490638,-0.7321168,0.18602437,1.4280863,0.5120881
1788,-0.066723704,0.24549396,0.034793973,0.03169155,0.006590739,0.033509612,0.1259188,0.1081025,-0.21633255,0.09387234,-0.16484697,0.016107738,-0.03795314,0.24365266,-0.15140021,-0.325052,0.19968104,-0.1645441,-0.5748122,-0.29261371,0.19282156,-0.88124,-0.38238257,-0.20488101,0.003050983,-0.3629592,-0.059653044,-0.06773305,-0.15011841,-0.053296745,0.29065657,0.385674,0.2789606,0.015090942,-0.15538368,0.14916563
1789,0.14881809,-0.03626418,0.2052221,-0.3101246,0.31759718,0.15416484,-0.03306003,0.048987046,-0.20992103,-0.05509624,-0.5529523,-0.50726855,0.9594268,-0.06588325,0.20985761,0.13011467,-0.52822363,-0.19743246,-0.22520849,-0.16790113,0.29649132,-0.69247586,0.087724045,0.02471444,-0.4671793,0.78990793,-0.39613518,0.0064052492,0.062162727,-0.7450905,-0.7715498,-0.0063004047,-0.9221328,0.58605456,-0.20242333,0.27960035
1790,-0.30208206,0.023949996,0.054860473,0.35755324,0.3346664,0.091457665,0.6736185,0.43819183,0.083883405,-0.09481776,-0.3249148,-0.020699203,-0.18030071,-0.20775497,-0.05095595,-0.071968436,0.15821704,-0.029523611,-0.029906154,-0.3347341,-0.07682347,-0.43008393,-0.14606275,0.015050769,0.07247436,-0.08837673,0.042905927,-0.07885069,-0.030560374,-0.008733869,0.16735184,-0.21584594,0.0058054924,0.417254,0.01727748,-0.007287264
1791,0.08974606,-0.1352172,0.13098353,0.057279706,-0.3808535,-0.13631606,-0.3937701,0.558128,0.024155617,-0.013859928,-0.31651297,0.029266,-0.03714782,-0.10455989,-0.10161209,-0.2789214,0.08378327,-0.029500842,-0.037968397,-0.0025610253,0.06248927,0.0439111,-0.43410122,-0.03154719,0.09311461,-0.27396667,-0.019836903,-0.1242096,-0.33241284,0.0013310909,0.358822,0.32223725,0.4396531,-0.9209492,0.08620101,0.12581944
1792,0.94063544,1.2804985,1.5078976,-0.17975867,-0.34311444,-0.02347374,1.265683,1.086241,1.6380112,-0.53637457,-0.19605649,-0.28329128,0.5832875,0.5520885,0.0953576,-0.3654343,-0.06587076,0.2742929,0.044489145,-0.02968216,0.15844023,-0.111059524,0.16655043,-0.030559659,-0.287166,0.11297047,0.0032418966,0.24701858,-0.33121637,-0.17853928,0.2832237,-0.19351888,-0.30577272,0.15385339,0.7100679,-0.05793798
1793,-0.008631833,-0.020231575,-0.11919749,-0.017936379,0.16492759,0.17661554,0.040880233,-1.105093,0.39332578,0.24140018,-0.15063098,0.06914353,-0.77970034,-0.28964874,0.12934163,0.09357767,-0.23421232,-0.21165422,0.09076233,-0.105739996,-0.11344513,0.17562796,0.534764,0.024735093,-0.95901585,0.23065998,0.0755094,0.15820122,0.18913001,-0.02558501,-0.07208988,0.26827106,-1.4714761,-0.26950535,-0.21970412,0.015361786
1794,0.39746308,0.031146955,0.5135345,-0.045211136,-0.345044,-0.17566316,-0.06986514,-0.10636642,0.05652976,0.03824985,-0.17373586,0.040457517,0.12935996,-0.09265709,-0.48664126,0.22081941,-0.021675885,-0.21071911,0.38640893,-0.1344733,0.3997453,0.008550763,0.09699613,0.1145297,0.103304565,0.15608707,0.1377461,0.14752597,-0.33727694,-0.44646704,-0.20088637,0.050045207,-0.05284381,-0.13714784,-0.10601365,-0.1922332
1795,0.3999046,-0.40463305,0.0076809525,-0.017181158,-0.35981187,-0.031287313,0.27199173,-0.21498883,0.032541692,0.29675883,-0.40416446,0.08773351,-0.39328277,-0.12746677,0.16719496,0.7044418,-0.10059047,0.090156555,-0.0845535,0.35266575,0.23078644,-0.23480597,0.11478943,0.24100435,0.6861582,0.5608298,0.36686042,-0.29484248,0.2596823,-0.08917752,0.011001945,0.16984063,-0.42870456,-0.33644253,-0.056076765,-0.16116789
1796,-0.020234466,0.15377645,0.31767845,0.1378876,0.017610729,-0.066729546,0.0036302805,-0.0398342,0.32568026,-0.067602456,0.20384651,0.29083353,-0.07119173,-0.084813476,-0.057078004,-0.025866568,0.24421668,0.4432423,0.18255454,0.15820728,0.21561348,0.08248955,0.21270669,-0.15780991,0.22603989,0.15253526,-0.011696935,-0.02111262,0.17834061,-0.0022959113,0.11281592,-0.05376196,0.16492295,0.0010091662,0.4311928,0.5468844
1797,0.10100782,0.05237028,0.025612175,0.007513106,-0.26960787,0.08341646,-0.08313519,0.019481838,0.15873921,-0.28757238,0.5242352,0.47510594,-0.06582183,-0.12828135,-0.030707479,0.3526249,0.031197041,0.2650895,0.117146134,0.0014429688,-0.4614948,-0.10221392,0.41426253,-0.5563262,0.62109625,-0.15833752,-0.24424314,0.23982015,-0.16415915,-0.18800265,-0.16147256,0.07221505,0.24802923,-0.037776053,-0.12247223,0.00040602684
1798,0.32221144,0.53019017,0.7183925,0.05222416,-0.2238152,-0.19432347,0.18242311,0.3472587,-0.0843209,-0.40618277,-0.29373124,0.057465613,-0.02363664,0.30852258,-0.76806444,1.300796,0.23506075,0.929572,-0.31445372,0.28152585,0.65249574,0.06861079,0.33229488,-0.17759085,2.557269,1.6478949,3.413094,0.6005877,0.53423125,0.248362,1.4409367,1.4549332,2.4254527,0.087466896,0.74625856,0.19869909
1799,-0.2009772,-0.05489765,-0.15333474,0.86152995,0.51823795,0.068202615,0.38808185,0.036430866,0.2614447,0.061635733,-0.6531398,-0.022665262,-0.16177358,0.15298834,0.14747542,0.03510794,-0.107044406,-0.20618606,0.1883384,-0.48390964,-0.017202616,-0.5375595,-0.07249805,0.10310477,-0.11914551,0.030869007,-0.13652271,-0.3061918,0.2784803,-0.044652164,0.22142422,-0.2818792,0.17735958,0.5133575,-0.0089553,-0.15808475
1800,-0.23509955,-0.012123942,0.0056220293,0.0066150576,-0.15290472,-0.022746086,-0.49166453,0.073580384,0.0021632314,-0.2616852,-0.14438134,-0.03495252,-0.2522273,-0.25447583,-0.021230072,0.8565232,-0.12512603,0.0027475953,-0.083203554,0.18528712,-0.0084809065,0.38520432,-0.045675635,-0.024013162,1.019085,0.3222359,0.09085029,1.0974629,0.34257424,0.10610032,1.8557601,1.4711611,0.5059728,0.15849513,-0.045256138,0.029630423
1801,-0.110035285,-0.16336316,-0.28269783,-0.25536066,0.019035488,0.25739527,0.2643029,-0.38508585,-0.032030135,0.16205627,0.5067626,1.0320534,-0.023102999,0.01778382,0.31078762,-0.23955971,0.263601,-0.19958001,0.07480514,-0.21160352,0.32013953,0.807829,0.13979246,0.45895475,-0.3238383,0.1919744,-0.18759272,0.10787326,-0.067257404,-0.12949683,-0.17572737,-0.07754679,-0.8071985,0.84446776,1.1785368,1.0725315
1802,-0.11883114,0.1642136,0.6830808,-0.18067425,0.097328246,-0.0067175627,0.13851535,-0.15591344,0.19667055,-0.18114847,0.43257755,0.41932803,-0.04619433,-0.15165901,0.12076712,0.14304328,0.15491396,0.28311706,-0.13115478,0.11463612,-0.2826121,0.069251,-0.14990252,0.47232735,-0.20722866,-0.14451218,0.6390153,0.22568893,0.14870703,0.4235776,-0.07939467,0.082832515,0.6581675,0.38706148,0.16075024,0.10739365
1803,-0.08618796,0.060018405,0.0828197,-0.24351001,-0.38374877,0.47453424,0.22639048,0.094923556,0.43670845,0.27029192,-0.562384,-0.24282897,0.87084544,-0.435083,-0.24925458,0.13736086,0.583119,-0.3242345,-0.07006606,0.12985119,0.08766329,-0.21415031,0.12075347,-0.12972483,-0.68800455,0.17816424,1.0693691,0.3021289,0.6643456,0.3806709,-0.036696434,1.2252622,0.19766062,-0.23232406,0.43348056,0.21323422
1804,1.3911483,0.2982216,-0.15873885,0.51396513,0.38517985,-0.10620579,0.92255825,0.606547,-0.11467276,-0.21641606,0.7081806,-0.051134467,0.100295186,0.6695293,-0.011714578,0.010670066,0.25256854,0.21073872,0.17197466,0.1875614,0.18476158,0.20880103,0.005443012,0.112871855,0.04896474,0.106444456,0.17865753,0.113152266,0.02983734,-0.047624588,-0.06233263,0.23005006,0.38953388,-0.17908102,-0.5026338,-0.2726981
1805,-0.010401294,-0.78843,0.6153649,-0.29982585,0.19210935,-0.21443245,0.05530706,-0.16914868,-0.39896244,-0.93387115,0.51231676,-0.56510484,-0.16034025,-0.021473289,-0.24861431,0.8768175,0.96891826,-0.43621093,-0.2857448,-0.050266862,-0.21353018,-0.007807344,0.11650777,-0.42093387,-0.11592567,-0.21740556,0.09621428,0.13318995,-0.17667285,-0.013350546,-0.25848627,-0.11604226,-0.1748128,-0.114197016,-0.37227574,-0.3029972
1806,0.27239424,-0.07829829,-0.073147476,0.16259244,-0.009232134,-0.1239633,-0.26412624,0.096738935,0.1419121,-0.22555074,-0.47393852,-0.22226268,-0.0544053,0.4113193,-0.20482409,0.026506275,-0.1266073,0.09485608,-0.027498811,-0.15993188,-0.11018938,-0.36796552,0.08327964,0.2982561,-0.5097123,-0.7694877,0.07338554,-0.16339812,-0.36103016,0.06716138,0.4721216,0.22056258,0.30732322,-0.31665832,0.21430106,-0.38547498
1807,0.24980098,0.5620535,0.52189845,-0.1341238,-0.25176233,0.43239558,-0.14117315,-0.6740713,-0.28539407,-0.049505293,0.6293459,0.78317666,-0.9235635,0.54656965,0.08733687,0.3356483,0.29275683,0.5703604,0.0024443865,-0.48962712,-0.17414163,0.84291816,0.0068217516,-0.39355868,-0.16300225,0.497855,0.8902825,0.2876997,0.5470512,0.6863563,-0.041953325,0.25930634,-0.22944146,-0.17959851,0.17175372,-0.38743323
1808,-0.053114295,-0.19588248,-0.11131926,-0.033207297,-0.0722132,0.20344442,-0.14151764,-0.01782164,-0.08721435,-0.13302523,0.24333838,0.17723,-0.13605076,-0.25919122,-0.21280229,0.01739192,-0.025787994,0.06808409,0.123351336,-0.16602893,0.18465406,-0.12041122,0.18365036,0.10309374,0.10600346,0.075414956,0.25704217,0.019806266,-0.39861852,-0.36563087,-0.20488662,-0.03785187,0.22428727,-0.1136632,-0.32666737,-0.089495
1809,0.68838143,-0.2033893,-0.37846756,-0.3764364,0.13303298,0.08183432,-0.34425944,-0.12338603,0.0064453185,0.37989414,0.2833044,0.441635,0.025551304,-0.02424261,0.34984088,0.4041673,0.48163712,0.13349035,0.04553619,-0.014339715,0.14495048,-0.22391711,-0.09147001,0.059756093,-0.7759371,-0.22903833,0.3865952,-0.44852185,-0.5796688,0.3627874,-0.03180729,-0.23614149,0.2511146,0.4069178,0.9056032,0.5483384
1810,-0.75979143,-0.20079964,0.3652866,-0.27607417,1.0785002,-0.15326247,-0.16397732,-0.55088633,0.33300713,0.48174196,-0.6509982,-0.083159566,0.5394385,-0.6885869,-0.38264793,1.5698056,1.7805333,-0.17473099,-0.01644966,0.23175645,-0.11734599,-0.9072851,0.009485126,-0.5766206,0.22710173,-0.22339046,0.7965249,-0.8084707,0.40568757,0.19049883,0.2429944,-0.47516286,0.62384605,-0.19039401,-0.271627,0.6886568
1811,-0.046076193,-0.35844028,-0.32435495,0.42100167,0.18588215,0.18294513,-0.09732208,-0.057577133,0.07379329,0.023645341,-0.40111384,-0.10781002,-0.3447594,-0.4815702,0.17312062,-0.0860817,-0.07373239,-0.115769684,-0.1922946,0.038986415,0.050890326,0.21431911,0.4244721,-0.08962017,-0.3436141,1.0695359,0.37822473,-0.37197775,0.14641562,-0.08930802,-0.55372286,0.3506168,-0.2946337,-0.15576392,-0.10087502,-0.2572438
1812,0.46725214,0.15692544,0.749619,0.05529876,0.07273224,-0.0030739307,0.29968512,0.8256996,0.07613981,0.75679386,0.11217737,0.25096595,2.1857615,1.7394392,0.32780707,0.8597708,0.25228953,0.04144728,0.12723935,-0.11654419,0.25787598,-0.071647,-0.27576643,0.00011777878,0.5131597,-0.0359606,-0.03400427,-0.045767576,0.24004869,0.13920736,0.15045345,0.7147894,-0.039664984,0.2377394,0.07767987,0.051308393
1813,-0.6496287,0.37067345,0.2927999,1.0348656,0.2928139,1.6331973,0.6045739,0.5857338,-0.05858344,-0.16809615,0.43581975,0.035816938,-0.34419435,0.30804875,-0.06327519,-0.2396136,0.78288525,-0.21296662,-0.29243773,-0.42919838,-0.28899086,0.12770247,0.8419751,0.36188182,0.37343353,0.616236,1.1520735,0.63628644,-0.2769956,-0.07253766,1.4337333,0.64784735,0.7698416,0.24140008,-0.31056172,-0.082422376
1814,0.06918943,-0.45371902,-0.39831334,-0.23531011,-0.0827055,-0.14126374,-0.3746133,-0.6029675,0.15459782,-0.5792898,-0.20966163,0.3440756,0.27224937,-0.16244724,0.72068787,0.2892754,0.44113374,0.06528108,-0.5521978,0.09918195,0.010620117,-0.21872136,-0.16293174,-0.35642505,0.029247224,-1.0737207,-0.044313133,0.06677924,0.38250583,0.030943334,0.24492861,0.3376987,-0.3363289,-0.04736656,-0.16208965,0.09861068
1815,0.37605518,-0.32964256,-0.067302585,1.0275868,2.0086985,0.32769167,0.95196146,1.5741508,0.38767388,-0.32423806,-1.4279044,0.13953993,-0.25380152,-0.07652652,0.36307704,-0.25865057,0.12881148,-0.10886669,-0.17642537,0.16706756,-0.1552783,0.38503805,0.1727202,0.13244575,-0.41999406,-0.16713807,-0.39449534,-0.51464653,-0.30687785,-0.11187011,-0.09068078,0.31921637,-0.13347596,0.030967653,-0.03051126,-0.107932925
1816,-0.027250826,0.1724228,0.13413918,-0.0038968697,-0.31430656,-0.28322425,0.529029,-0.057203323,-0.1574921,-0.33380863,-0.09475941,-0.12537593,-1.0429399,-0.20502812,-0.33075577,0.18789923,0.6860382,0.15926155,-0.4441203,0.15751031,-0.12989116,0.05550891,0.20751885,-0.51854813,2.4169269,0.90508884,0.2328727,0.14122677,-0.04148829,0.057866096,0.24817723,0.052321866,0.63803935,-0.5892764,0.2652893,-0.089408055
1817,-0.1586152,-0.1806134,0.011070907,-0.56889474,0.01702398,-0.098798394,-0.47366542,-0.7340549,-0.21195336,-0.16095394,-0.066590965,-0.102392495,-0.3601997,-0.14105028,-0.20657995,-0.40442008,-0.46113443,-0.1434878,0.36723757,0.21024302,0.002903819,-0.097118594,-0.061166506,0.061801195,-0.9913664,-0.05608183,-0.13253725,-0.2425001,0.052150667,-0.13425696,-0.8207239,-0.16888538,-0.72789663,-0.21710937,0.2818654,-0.15513092
1818,0.008190215,-0.053857528,-0.026325107,1.2590703,-0.059517533,0.17131734,0.2703137,0.044269264,0.03382206,-0.040674254,-0.24604878,0.12857884,0.061022915,-0.09992947,0.12828642,0.017434802,-0.0023601055,0.099303484,-0.31067103,-0.18539342,-0.02066058,-0.7511741,-0.24452102,0.030061543,-0.04234764,-0.08606142,0.068065226,-0.014905125,0.06370628,-0.23944575,-0.1180754,-0.44486588,-0.04181835,0.15806407,0.31483328,0.158858
1819,0.10212946,0.12356193,0.07275319,-0.34884834,0.12341726,0.06583315,-0.14946854,0.012343049,-2.9563904e-05,0.19429615,-0.02137357,-0.00064122677,-0.3183645,-0.15584362,-0.06643546,-0.20310348,0.12365362,-0.005290389,0.27949184,-0.1677773,-0.14857334,-0.14201552,-0.0661636,0.061070204,-0.3190949,-0.04058832,0.0023690462,-0.20757738,0.16723084,-0.0026118755,-0.055512458,-0.24376929,-0.14464974,0.32300735,0.05497104,0.025473595
1820,-0.34507918,0.52811027,-0.01199919,-0.7077341,-0.33367354,-0.039165854,-0.15181442,0.51275015,0.10396057,-0.22390574,0.3455407,0.14718324,-0.7499881,-0.41620103,0.06725271,0.66381675,-0.53456473,-0.07999583,0.47289664,-0.43847477,0.29729497,-0.2124756,0.36516297,0.20053425,0.358767,0.13469845,0.1640409,-0.79413813,0.18283647,-0.12040746,-0.07416725,0.50455356,0.25970542,0.26900932,-0.12423307,-0.07248974
1821,0.24686503,0.3672684,0.54959095,0.23740637,0.3452453,0.25414243,-0.1262145,-0.6915038,0.3921919,-0.16743994,0.004727304,0.47975948,0.20823628,0.08961663,-0.7844939,0.5466171,0.18825155,0.02006939,0.2437346,-0.21213162,0.1851964,-0.14108396,0.0575324,0.37023634,-0.13396555,-0.688928,-0.35095626,0.34819663,0.086990744,0.36487836,0.20938867,0.047700107,-0.6208966,0.114381135,0.24307108,0.23261291
1822,-0.5153838,0.61909497,-0.102256894,0.31205556,-0.72362006,0.025863409,0.60137874,0.45206213,0.015904427,0.4006916,0.24975276,-0.06878072,-0.3146307,0.36789277,-0.14282423,-0.30681443,-0.10518372,0.16247118,0.5530582,-0.08855869,0.16760218,-0.24505243,-0.3142358,-0.037867785,0.027727082,0.930557,0.4655099,0.23947278,-0.2552109,-0.19230962,0.05088222,0.19286127,0.41092843,-0.38220698,-0.044304006,0.3970629
1823,0.7297235,0.25474632,0.06880313,-0.094961315,-0.15884084,0.0026327968,0.258728,-0.079704344,-0.064511836,1.73194,0.33640134,0.025984883,1.2826551,0.50057495,-0.0046782196,2.6255925,0.6226791,0.17619962,0.22689748,0.12719733,0.054623365,1.8785315,0.8473939,0.30458552,4.225789,0.90327656,0.2799027,0.89110124,0.5819546,0.07263529,4.0571003,3.007979,0.7542025,0.9490387,0.43163335,0.07565004
1824,-0.23250234,-0.0021775067,-0.024331331,0.25408632,0.25599697,-0.22266847,0.002634585,0.116221845,0.17914712,-0.075546205,0.37521702,0.24508184,0.050197005,1.1411293,0.09853786,0.09987843,0.19571972,0.121763945,0.017506242,0.45042822,0.14293075,0.0035238266,-0.3179083,0.012088001,0.14637125,-0.12792435,0.12510669,-0.074367404,0.32310766,0.05219537,-0.0426901,-0.18076582,-0.38002914,-0.035390615,0.08858645,-0.0119841695
1825,0.70136964,0.37369168,0.7431581,-0.010172317,0.7811711,0.17110431,1.1790134,0.61641324,0.17175788,1.7201147,0.68743134,0.20591581,2.031723,0.6572816,-0.0024970472,0.2522696,0.05448389,-0.10767627,0.08039737,0.01512897,-0.008312583,0.5964939,0.3473925,-0.11058587,0.595093,-0.27028906,0.030434966,1.9912715,0.5283625,0.18241107,2.7104154,1.2254729,1.0699252,2.8723736,1.9882905,0.9026449
1826,-0.059921503,0.4869423,0.20024401,-0.09969741,-0.013675332,-0.11098808,-0.2973099,0.02943182,-0.028404117,0.741644,-0.046527702,-0.05872619,0.23905925,0.10117954,-0.53391254,-0.22754198,0.32132226,0.022422075,0.3447674,-0.16153239,0.12218696,0.29509258,-0.16452783,-0.17292118,0.08475858,0.08872326,-0.019232094,-0.10175544,-0.2595956,0.058246076,-0.30773535,0.11313677,-0.20725438,0.3460511,-0.0029838681,-0.0628283
1827,-0.101016045,0.0041240603,0.15880048,0.17864645,-0.05126214,0.08598328,0.024034262,-0.12627065,0.08200133,0.109415054,0.07003516,0.05767858,-0.06544155,0.04405254,0.010785997,-0.013191164,0.15109822,-0.0553962,-0.006664276,-0.00016462803,-0.03847599,-0.023601532,0.20898561,0.04524684,-0.015918136,0.18844421,0.061814666,0.057894617,-0.05181341,0.06580067,0.17494166,-0.079856396,-0.09446928,-0.04503715,-0.06057784,-0.07010496
1828,0.085277915,-0.0136217475,0.05386579,0.14476776,-0.016765147,0.013631821,-0.5549262,-0.24162352,-0.0017299652,0.025919616,-0.3579219,-0.04252833,-0.31105435,-0.27444026,-0.055924773,0.24954009,-0.12450123,0.06676084,-0.23621374,-0.26279056,0.0818643,0.23129284,-0.040785015,0.10122889,-0.2728114,0.06784072,-0.1705532,-0.42168123,-0.27405286,-0.02294147,0.29127353,0.1022681,0.08494687,0.053110242,-0.13256055,-0.07288742
1829,-0.34623432,-0.05616417,0.31716445,-0.1514347,0.10062094,-0.34580585,0.11607045,0.14897794,-0.033222333,-0.2387954,-0.21361563,-0.08616516,-0.17716163,0.25436595,0.0874736,0.0503574,0.17095155,0.09153131,0.18917294,-0.08568469,-0.16727671,0.021335468,0.061533347,-0.3854342,0.36047456,0.3054646,0.39435688,-0.050323956,-0.20442916,-0.023777157,-0.33731127,-0.41216004,0.53477,0.06743608,0.5257939,-0.03290721
1830,-0.007303089,0.2854436,-0.20270911,0.12489486,0.16883744,-0.09401062,-0.19707462,0.006646864,-0.29874715,-0.079944946,-0.1030027,-0.03259805,0.13432908,0.0065015852,-0.15452488,-0.0494795,-0.11824197,-0.01619953,-0.34050834,0.56180894,-0.38205323,-0.29346195,-0.74120045,0.22853762,-0.41061148,-0.38610154,-0.4026388,-0.10627405,-0.67802817,-0.009104669,-0.08969062,-0.47172755,-0.12299414,-0.06384804,0.16896296,-0.032755673
1831,-0.58570737,-0.20454508,0.009672165,-0.32776958,-0.27469164,-0.12049562,0.17021537,-0.26534283,-0.08469951,0.17960364,-0.50154275,-0.03401673,-0.06699777,-0.25108078,-0.12381774,0.01887834,-0.14352614,0.062161207,0.11223173,-0.2495619,0.10990083,-0.13224638,-0.24588218,0.11423719,-0.23064923,-0.1226892,0.06673449,-0.14457393,-0.10450589,0.14080286,0.19547176,0.3494664,-0.1310848,0.18826526,0.061020613,-0.09527838
1832,0.23939598,0.25172642,0.031042337,1.5456147,0.26671898,0.080916464,3.5526688,2.3384488,0.42833576,-0.12422247,-0.0872066,-0.013479054,-0.09179044,-0.17293218,-0.044685006,-0.18116808,-0.2103706,-0.063459575,-0.59922135,-0.04024446,0.1344285,-0.6858758,-0.04031609,0.042859852,0.20281586,-0.32859707,0.06724572,-0.04494328,-0.045911014,-0.073801875,-0.04015827,-0.31567317,0.12737888,-0.2394593,-0.0069312155,0.073256314
1833,0.44421482,0.22657973,0.049769163,0.13322842,0.43668365,0.42003387,0.6813811,0.8227515,0.39135334,0.12975752,-0.37016025,-0.023354352,-0.34656924,-0.33531213,-0.08364904,0.27142295,-0.5526911,-0.40165216,-0.15553218,0.3692167,0.08484262,1.0127567,0.16614623,0.37949297,-0.037939727,0.8518409,-0.23853815,-0.1562638,-0.5655611,-0.080076694,-0.37095866,-0.3327378,0.32238352,1.512305,0.11890876,-0.11841342
1834,0.29870653,0.4587258,0.012315042,-0.12376697,0.08013685,0.32897592,0.004770398,0.35978645,0.11416948,-0.544909,-0.29331335,-0.33019257,-0.32121992,-0.13519582,-0.9027748,0.63450545,0.12426497,0.79487354,-0.07140124,0.017400384,0.22304763,0.08152795,-0.40126303,-0.08062935,0.5908077,0.45138097,-0.043964308,-0.18621105,-0.3307554,-0.5160239,0.22727919,0.21054706,0.24847654,-0.24773902,0.3071016,-0.26689926
1835,0.4247682,-0.26963502,-0.05031228,0.5073086,0.24161331,0.18993628,0.2898042,0.03301102,-0.034986973,1.2527999,1.0724771,0.35878515,1.0693437,0.3184476,0.18887603,-0.09212303,0.2864042,-0.076444864,-0.17713007,-0.04020351,0.063367605,0.2722811,0.073961735,0.0068050623,0.97700065,0.1308522,0.020334423,-0.03840846,-0.06870732,-0.06353605,0.28085113,0.33872798,-0.13242269,1.1406384,0.5939313,0.65072316
1836,-0.00589478,0.24884169,0.051266283,-0.12630078,-0.25636342,-0.09700371,-0.53224945,-0.10526627,-0.44446754,-0.30157346,0.19701149,-0.053827554,-0.28902787,-0.48430806,-0.36187124,0.49834985,-0.09462604,-0.22227955,-0.06055585,-0.22347264,-0.01629375,0.1694274,-0.23704603,0.08686298,-0.31197488,-0.0470773,0.44581825,0.40982386,0.20252529,0.06926042,0.06043929,0.5038238,0.15593451,-0.36746264,0.31882632,-0.522236
1837,0.3470881,0.20292482,0.08586168,1.0232099,0.868762,0.274701,0.4619997,-0.10694277,0.04327476,0.33143848,-0.27895057,0.11474562,-0.1376794,-0.24311736,-0.14793277,-0.13548833,-0.0664366,-0.011079192,0.31232804,-0.0718025,-0.10338199,-0.08059609,0.25249353,0.15633655,0.09929517,-0.08949971,0.034781218,-0.17637295,0.056515634,-0.023134947,0.009902418,-0.35918716,-0.00027179718,1.1922636,0.53296566,0.116423845
1838,0.15751714,0.22194803,0.010248959,0.4878173,0.06929165,0.040938735,-0.10384148,0.14093621,0.12897468,-0.3592106,-0.05909455,-0.006730318,-0.21140862,0.06737456,-0.013197541,0.40361273,-0.045393348,0.17005825,0.008924007,-0.035999775,0.0787611,0.67692876,0.10174239,0.062143087,1.3193141,0.39100364,0.005335152,0.6287334,0.04606156,0.07348657,0.6782442,0.34470525,0.25425094,0.45802638,0.2411496,0.11121088
1839,0.053343356,-0.32775936,-0.027036905,0.07515842,0.19499366,-0.1719417,0.072117686,-0.0069183707,0.1852613,-0.21720576,0.24954319,3.0648432,-0.51512694,0.3198137,0.10520482,-0.05389309,-0.04821132,-0.32546693,0.24206233,-0.26359963,-0.16034593,0.26327157,-0.009134412,-0.028005183,-0.3880943,-0.59518045,0.10444546,-0.13996351,-0.099302426,-0.07368305,-0.07139319,-0.13137774,0.21656895,0.34440443,0.11622745,-0.32647094
1840,0.13822502,0.20434603,0.2384789,0.22467554,0.23787639,0.43546128,0.03627777,0.036955446,0.30223626,-0.020613313,0.08476941,0.22191167,-0.07425606,0.0074282736,-0.30888584,0.19163585,0.11385104,0.115376055,0.13430363,0.064646006,0.28325677,0.015799284,0.09548393,0.3516931,-0.12738031,-0.28476772,0.07843435,0.1825214,-0.08636317,-0.026861608,-0.035366893,-0.099638045,-0.7921457,-0.22327667,-0.33783972,-0.16411889
1841,-0.49249116,0.37897757,0.5693827,-0.59444594,0.047677338,-0.09825361,0.15425995,-0.13904107,-0.12371111,0.66009766,-0.41508013,-0.060206413,0.32875806,-0.43819982,0.19833682,1.1476555,-0.13289356,-0.25961268,0.65748256,-0.03644699,0.583296,-0.32513216,0.3594611,0.14879602,-0.023608088,0.35204294,0.19471419,-0.21574354,-0.2642917,-0.4745049,-0.23254538,-0.37982464,-0.2898907,0.24602953,0.06264621,-0.19017732
1842,0.3674627,-0.07120531,0.035954684,0.055140734,-0.56839955,0.06264305,-0.003667891,0.25631317,0.04117018,-0.12675136,-0.5058008,0.19956475,-0.27219257,-0.19144696,-0.063272536,-0.4211949,0.2713266,-0.15787417,0.2786783,0.05306399,0.0037906766,-0.9487241,0.12339873,-0.19346386,-0.8565575,-0.103746474,0.18304539,-0.5916909,-0.31432104,-0.03305137,0.2560637,-0.20055938,0.02176708,-0.14227521,0.19356841,-0.01570952
1843,0.7884812,0.37386358,0.55176514,0.372078,0.40131512,0.06431675,1.5579684,0.291139,0.5624814,2.251151,0.22929585,0.23629558,2.7638123,1.2664436,0.42740852,0.05949533,-0.07210904,0.029868424,0.35309318,-0.097084165,-0.17899454,-0.4378639,-0.16115402,0.015666604,-0.05086212,-0.14239067,-0.012631476,-0.19431031,0.21772063,-0.015543222,-0.040888816,0.21319516,-0.25700396,0.40649918,0.49461687,-0.015272021
1844,0.17422621,0.28474993,0.24648768,-0.26215088,-0.070138395,0.07037437,0.07847214,0.5500895,-0.28783482,-0.25359428,-0.557537,-0.012322724,0.01069504,-0.2197882,-0.18857598,0.22056848,0.024942815,-0.20987353,-0.27263537,-0.35248014,-0.14041966,-0.48814642,-0.16594552,-0.18489683,-0.7585454,0.0032376945,0.06358838,0.20005351,-0.17197007,-0.32800078,0.12174052,0.46063918,0.22984749,-0.16180557,0.17263097,-0.4344017
1845,-0.118706465,0.067272455,0.07192588,0.0035632849,-0.1119045,-0.05744207,0.021692395,-0.17045906,0.13213229,-0.13298798,-0.3814152,-0.040357947,0.06563306,-0.13915263,-0.08210206,0.21619928,0.024833068,-0.0040796995,-0.11593127,-0.08923137,-0.09927714,-0.13337338,0.07044917,-0.043859363,-0.22383757,-0.01291065,0.009069502,0.37622535,0.33664396,0.16734922,-0.1674372,-0.10702562,-0.0746969,-0.011525571,0.064855695,-0.055272102
1846,0.80774605,0.7529654,0.025448501,0.24688327,0.274968,0.009025216,0.25659582,1.2182715,0.31183147,-0.68094075,-0.5077678,-0.22991359,0.31441718,0.029061943,-0.076806486,-0.079900324,0.13913614,-0.051101446,0.20971592,0.17798445,-0.17730051,-0.37681836,0.28209853,0.034674287,-0.5937119,-0.3670196,-0.049550653,-0.008405387,-0.11534403,0.08663452,-0.5567048,-0.3185622,-0.3400893,-0.33228076,-0.13633177,-0.14824021
1847,1.576902,-0.15026481,0.19845623,0.28815055,-0.0073247114,-0.17512643,2.4780061,1.2052013,0.1032902,0.93131846,-0.3694502,-0.008218288,3.2847366,0.94949186,0.41895175,0.0901804,-0.033478513,-0.005525589,-0.08166608,-0.24276559,0.09263021,-0.29553205,-0.35668483,0.028853536,-0.017947674,0.07958795,-0.03214121,-0.37049618,-0.16864392,0.12923121,-0.020694405,0.043117106,-0.11640811,0.050003737,-0.4207423,-0.06755018
1848,0.57336354,0.023979068,0.28026527,0.048363194,-0.29764664,-0.051884234,0.19262636,-0.06899944,0.5514392,1.1793214,0.41220328,1.4652107,2.1022215,2.3527977,0.33262804,-0.52690214,-0.054354638,0.09404528,0.6104568,-0.4091201,0.5378236,0.063495755,0.1826911,0.06079817,0.5598229,-0.105234265,-0.6067807,-0.21377659,-0.27477205,0.51222324,0.07869512,-0.083569884,0.75638366,-0.15199669,-0.29202297,-0.57280785
1849,0.048873425,0.18881619,-0.23183429,0.053024054,0.37672472,0.750482,-0.013772428,-0.5791094,-0.09235823,0.27874085,-0.016158104,0.18538082,-0.09963769,-0.6824713,0.097445324,0.20222734,0.50813997,-0.010469675,-0.34247792,-0.026108555,0.13497257,-0.10476851,0.536456,0.54027045,-0.5677412,-0.12628405,-0.22878805,-0.22376293,-0.112621844,0.05721706,-0.36666912,0.057430506,-0.82242,0.22657955,0.2443544,0.3207705
1850,0.051412806,0.151114,-0.078725904,0.27468324,0.46486968,0.009272635,0.16474378,-0.24310786,0.081148386,-0.19657725,-0.53952193,-0.03950289,-0.2037403,-0.30508864,-0.29915392,0.053702652,0.12509668,-0.17189783,0.21634841,-0.20930442,-0.07291812,0.170088,0.25657773,0.18453836,-0.33520478,-0.13188064,0.060709715,-0.04570222,0.05201304,0.38264623,0.36516112,0.23924956,0.34421653,-0.36318028,-0.20876776,-0.03499067
1851,0.3638631,0.7597767,0.13160628,0.01300168,-0.0981617,0.055075943,-0.25194168,-0.16341364,0.119567394,-0.31163114,-0.066960335,0.064361036,0.03577207,0.09762043,-0.10020375,0.13312194,0.16168481,-0.04108274,-0.07337715,-0.43922845,0.15215755,-0.53215516,-0.3600059,-0.0619722,-1.011389,-0.19851899,-0.17430341,-0.24195075,0.049571812,0.2184515,0.3288808,-0.49948508,-0.18518327,-0.09418458,-0.23010767,-0.032589793
1852,0.1245084,-0.40221512,-0.5428401,0.08798104,1.1187304,0.40693703,-0.12705469,0.28524625,-0.16742194,-0.580079,-0.016901791,-0.14247549,-0.21073651,-0.7265338,0.0055068433,0.27092463,0.33083346,0.34130764,0.10579908,0.039700255,-0.46630502,0.23443326,0.3159806,-0.16287814,0.21275729,0.15665364,-0.04783447,-0.05758339,0.06002152,-0.13330746,-0.19507611,0.13410497,-0.22785787,0.19125511,0.4256292,-0.11499965
1853,0.015039504,0.035962462,0.10812837,-0.36940226,0.02874665,-0.1469477,-0.17275107,0.30308497,-0.3163845,0.30212945,0.14253569,1.0304513,0.19330037,-0.24612421,0.14716506,0.05239588,-0.32481784,0.6028466,0.48499924,-0.025298124,0.028879762,0.8558811,-0.08875334,0.14525227,0.3344556,0.14503348,-0.17717806,-0.21353653,0.21473736,-0.3097142,-0.2761929,-0.6765399,0.6058976,0.19520092,0.8331359,-0.13992661
1854,-0.090395,-0.05831027,-0.048223615,-0.33395243,-0.4224645,-0.032717854,0.27730596,0.57618296,0.051067084,0.12614033,-1.8284781,0.04367727,-0.12953736,-0.15285209,0.2202279,-0.5639997,-0.20687237,-0.0312891,-0.19446355,-0.005366504,-0.22916782,0.1618694,0.12926,0.104878366,0.06869851,-0.055254817,-0.036705732,-0.2914166,0.18470356,-0.23601288,0.8954828,-0.55737185,0.10454875,0.34886903,0.014616549,-0.03342402
1855,-0.055407614,-0.066923544,-0.117621094,0.21862614,-0.09175867,-0.29693264,-0.14364654,0.08203471,0.52917147,0.18382889,0.9264005,0.6632582,0.38980114,0.3845708,1.7212799,-0.46249822,-0.33621866,0.06520057,-0.049427927,-0.3206488,-0.07855454,-0.35193384,0.29664993,-0.38816535,-0.21064144,-0.34873143,-0.115897596,0.12155822,-0.20979674,0.11703786,-0.32316452,-0.6599108,-0.36261064,-0.0100672245,0.024411485,0.28841305
1856,-0.43801707,-0.20587158,-0.19925937,0.1282419,-0.002275467,0.19443208,0.1849366,-0.56051874,-0.014176846,0.62433076,0.16023159,-0.08211929,0.2938957,0.35339287,-0.019787073,0.44201124,0.13659364,0.17712545,-0.011696756,0.04011917,0.1906501,0.49623787,-0.25553423,-0.4388063,-0.073497534,-0.05012075,-0.16180342,-0.5297247,-0.37396252,0.0893777,0.39601147,-0.39562792,-0.7375243,0.2194624,-0.1954957,-0.020674825
1857,-0.029365078,0.040532902,0.0025691986,-0.18628956,0.2514814,-0.11362839,0.03722146,0.0032310486,0.033057928,0.009852782,-0.17021829,0.0027031898,0.18225116,-0.4577098,-0.021538258,0.27569768,-0.1783526,-0.01672995,0.10700197,-0.056911096,0.063985705,-0.0812906,-0.063152075,0.21874392,0.0008842051,0.13150463,-0.17184192,0.20831168,-0.38262498,-0.009096265,-0.2562977,-0.12291992,-0.109229386,-0.043262005,-0.16923566,-0.119944334
1858,-0.11411889,0.09285371,0.004280925,0.26698542,0.10325486,-0.041716933,0.22697808,0.2096404,-0.06891602,0.1779815,-0.025948793,0.13032907,0.11807704,0.038021326,-0.1018185,-0.012491226,-0.03503643,-0.08308792,0.11006123,-0.04664001,0.16728759,0.35314924,0.0705632,-0.22780979,0.24651659,0.031639077,-0.0734694,0.74775064,0.089921,-0.023204982,0.38087335,0.436481,0.19470897,0.39663303,0.22520018,0.028486133
1859,0.27339032,0.4305038,0.07885635,0.014243543,-0.03628242,0.009724975,-0.012153268,0.14603095,0.059291005,0.7092377,0.0069648325,0.21522039,0.33594716,-0.20898536,-0.20364666,0.0062345862,0.15585905,0.002439499,0.053219676,0.03885156,0.15492833,-0.10816397,0.3056041,0.0071965456,0.0012902617,-0.22284412,-0.017863333,-0.27877408,0.25816333,-0.0072253346,-0.1591776,-0.019916058,-0.06435245,0.92600363,0.68276745,-0.10343921
1860,-0.1736499,-0.11311215,-0.035292327,2.0927036,0.8263713,0.16934085,3.9669895,2.8211918,0.08235651,-0.1646525,-0.25449207,0.026214123,-0.22556984,-0.03577721,-0.010846853,-0.052417636,-0.004538119,-0.19617248,0.14515767,0.002835095,-0.033000886,-0.21516961,-0.0049098283,0.046052456,1.7311666,0.044566482,0.03305942,0.046249703,-0.05434549,0.017944872,0.092303485,-0.15699142,0.03430128,0.05616793,-0.08858544,-0.0023563504
1861,1.8887361,0.6416372,0.06486678,0.43705893,0.18589911,-0.0026815534,0.88608325,0.6898766,0.022064745,1.0882728,0.33120903,0.06130016,1.8915161,0.1299083,0.1712712,0.33416742,0.0807184,0.37699598,0.20814636,0.019716233,-0.049624503,-0.45020163,-0.44343984,-0.041414976,-0.33016843,-0.11859709,0.06824398,-0.34366402,0.010486186,0.010850728,-0.19881833,-0.4531696,-0.23919791,0.6624553,0.23438951,0.021272063
1862,0.0019010305,0.011378586,0.20160729,-0.019749284,0.15151396,-0.08356583,0.5398243,0.072604954,-0.06188935,0.14753532,-0.1505978,0.032971203,-0.4386412,0.29900742,0.103141785,-0.06315768,-0.069396615,0.10782063,0.17816931,-0.051776238,0.084653735,0.3063718,0.20995638,0.019589424,-0.22936249,0.079251036,0.1442517,0.039570943,-0.02432689,0.13592315,0.22773504,0.12187201,-0.15316927,0.4795819,0.1687285,0.06940889
1863,-0.3604864,-0.19558369,0.04396534,-0.14858991,-0.221324,-0.08091843,-0.15065682,0.036819354,0.06141281,-0.15655708,-0.31847015,-0.09079671,-0.09966403,0.043944,-0.23901212,0.080334306,-0.24159059,-0.018000007,-0.14262974,0.030012906,0.011006534,0.1660201,-0.35877323,-0.048950136,0.15455228,0.18754722,-1.4722347e-05,-0.38052765,-0.08564174,-0.121165276,0.21245253,0.23371238,0.059731126,-0.3354699,0.053452432,0.0045319796
1864,0.5524616,0.12652114,0.14166123,0.071869075,-0.03509642,-0.10466671,0.2942322,0.01325646,0.06577581,-0.3690303,0.041463464,-0.2536145,-0.62664455,-0.06860262,-0.18524435,0.6528354,0.23684399,0.0068077445,-0.19229865,-0.043159664,-0.025628984,0.9221606,0.5024776,0.17522725,2.8024468,0.5557628,0.061680436,1.469432,0.14905146,0.30204365,2.3347402,0.62133384,1.0160549,-0.09149599,-0.036189377,-0.0421232
1865,-0.12275013,-7.273257e-05,-0.12164885,-0.00057545304,0.0067921877,-0.109377146,0.072750926,-0.2037754,0.27599102,-0.85863036,-0.38385105,0.36070693,-0.19938087,-0.13570237,-0.3476923,-0.51485777,0.061307788,-0.16915311,-0.32904693,0.35412788,0.1371527,-0.37369132,-0.1626448,0.038755476,-0.31814903,0.010678649,1.2069941e-05,0.3620153,0.039328575,-0.29251346,-0.12045157,0.107737035,-0.3236485,-0.13922286,-0.23189461,-0.39935017
1866,-0.64638424,-0.10609992,-0.18780148,-0.49966848,0.0015268624,-0.021557689,-0.42834857,-0.5705881,0.2155152,0.71417207,-0.070153944,-0.0044276714,-0.18413699,0.4006982,0.09560859,-0.5641433,-0.16038339,0.15893424,0.118403226,-0.26681778,-0.019025147,-0.18878162,-0.13904288,-0.07114941,-0.3724079,0.052691825,0.06244409,-0.21242431,-0.003059134,0.087067544,0.10930663,0.029842913,0.24361473,-0.12732625,-0.18977723,0.05199617
1867,-0.07410115,-0.10715869,-0.119654775,-0.28522617,-0.2705686,-0.07808101,-0.17897722,-0.48253188,0.013981283,-0.19537312,-0.3661176,-0.014048994,0.043459,0.13522032,0.030255377,0.27879894,0.02789409,0.031113505,0.6470484,-0.12565356,-0.0791235,0.22786534,-0.26949224,0.04477036,-0.28749645,0.027552426,0.17447442,-0.14411515,0.7853429,0.07588756,0.027968377,0.2757917,-0.09493935,-0.21858352,-0.11271307,-0.06391716
1868,-0.045812443,0.04649988,-0.04093492,-0.08715044,-0.0985238,-0.29758352,-0.05316996,-0.25236893,-0.14985496,-0.12669057,0.06798032,-0.00088334084,-0.040428072,-0.19888031,-0.20778698,0.21679716,-0.3899111,0.34368563,-0.36370024,-0.10245067,-0.11936891,1.3789332,0.33319187,0.18405306,1.1080925,-0.07421753,0.6657132,1.6700461,0.73001933,0.41781664,1.6602926,2.4260123,0.91780615,0.24788326,0.5996747,0.051639616
1869,-0.053337693,-0.04408741,0.030923486,0.6763826,-0.05647239,0.030771494,-0.2961744,0.7555688,0.109897494,0.51528263,0.052862167,0.011083424,1.576663,0.3034525,0.21642727,0.15656853,-0.055636317,-0.0744254,0.13694024,-0.074299246,-0.045395732,-0.08240956,0.09658104,-0.0901978,0.5394428,-0.10506418,-0.047187805,0.044397116,0.14473404,0.03541994,0.26123238,0.22319403,0.13292944,0.057736576,-0.0040662885,0.035696268
1870,0.4387463,-0.08990535,-0.13570336,0.31094182,0.2106514,-0.14610153,0.2123223,-0.1616723,0.10203695,-0.2668731,-0.10368998,0.009409547,-0.1712426,-0.41677237,0.18489474,0.07280977,-0.37946796,0.050884724,0.09855349,-0.23495856,-0.19493288,0.036390245,0.31595424,0.15998262,0.011184394,-0.28923625,0.083515406,0.03151661,-0.22489655,-0.021511078,0.42643464,0.18054062,0.07085568,-0.23810917,0.119871736,-0.09028685
1871,-0.10142945,-0.3984136,0.027459025,-0.1517909,-0.2070095,-0.18934476,0.00074774027,-0.13016373,-0.17613935,-0.20622687,-0.2748962,-0.10614228,-0.25939655,-0.091947615,-0.03598441,0.2861551,0.39801338,-0.018423855,-0.6392089,0.10377373,0.21211451,0.01694879,-0.36332828,0.09052816,0.42713213,0.06660106,-0.041249186,0.98428476,0.52396715,0.14081752,0.8169507,1.012677,0.5478114,0.24448423,0.026195645,0.05963421
1872,-0.026146472,-0.20231307,-0.1957351,-0.8702204,-0.15810925,-0.118536234,-0.5032019,-0.32557407,0.13973197,-0.035487533,0.004446663,-0.108420014,0.96430933,-0.1547341,-0.062005997,-0.42821532,0.19372651,-0.059134245,-0.09545219,-0.36648676,-0.045096457,0.05173129,-0.10463788,0.3393817,-0.6949322,-0.16898656,-0.3405698,0.026842881,-0.13741392,-0.0007392764,-0.19712228,-0.43608057,-0.3037994,-0.038799286,0.2683074,0.11940923
1873,0.114211455,-0.1502525,0.15291011,0.28382766,-0.15853414,-0.07475197,0.16187179,-0.06583923,0.19917756,0.9386885,0.5630096,0.2652379,3.1257844,1.6950443,0.35087866,-0.2867924,-0.61930215,0.12373096,-0.20470774,0.05081722,-0.2475124,-0.27868995,0.110709935,-0.048381746,-0.06927666,-0.33165777,0.19544542,-0.2052964,-0.26066303,0.02507931,-1.2698169,-0.38917136,0.05390054,-0.06990124,-0.25429237,-0.053490043
1874,0.2208302,-0.044029772,-0.14893448,-0.48427573,0.10717573,-0.14651781,-0.38378203,-0.09384039,-0.39142025,-0.14135146,0.42530313,-0.30490193,-0.43461975,-0.047498643,-0.6127081,-0.75010735,-0.6051357,-0.09123877,0.14772832,0.032724984,0.33417082,-0.19282939,-0.41441965,-0.3180951,-0.83234453,-0.5953182,-0.14555636,0.27873743,0.43014005,0.4617356,-0.41199732,-0.27902526,-0.12012261,-8.33869e-05,0.20708238,0.2510211
1875,0.31312597,-0.31021845,-0.080750525,1.1034211,0.47028834,0.024285734,1.2166286,0.7848327,0.042029798,0.31861582,-0.3042019,0.11250889,-0.39668238,-0.007818669,0.06518221,1.6355677,0.40511674,0.9865541,-0.44364446,-0.029275402,0.015289068,2.2817748,0.6275214,0.72895396,2.9890969,0.8867511,0.13517755,0.12073146,0.19718039,-0.038824677,-0.0016706586,0.062317133,0.11327717,0.08934978,-0.09272009,0.13904184
1876,1.3883417,1.1282566,0.4018408,-0.7552647,0.09921032,-0.08992544,0.74234194,0.3329183,0.19936097,1.9104211,0.7965023,0.48376644,2.7295039,2.189921,1.9002408,0.66019356,0.60543835,-0.040715575,0.13261217,-0.11268699,-0.099190235,0.28172264,0.41256028,0.282975,0.5226238,0.24134985,-0.09013939,-0.7635976,0.15755644,0.03781545,-0.5134932,0.14737833,-0.5263077,0.34724906,0.77584916,0.12640762
1877,-0.042007565,0.009095162,0.033676803,0.3298564,0.39819,0.099244,0.38322538,0.24157599,-0.0037726164,0.25300214,-0.04392029,0.10691774,-0.084023595,0.05556744,0.04317987,0.007887185,-0.0113058835,0.020081758,-0.22221124,-0.12351322,-0.027997136,-0.043992758,0.17298847,-0.071626425,-0.022166252,-0.0019968003,0.006970644,0.13614935,0.122905314,-0.019690514,0.5154662,-0.057100996,-0.046628475,0.09275681,-0.0700053,0.043788314
1878,-0.0012567341,-0.07401079,-0.03072393,-0.093508884,-0.5320591,-0.11545497,-0.41769367,-0.0037489235,0.056388855,-0.39318806,-0.25388855,-0.14523667,-0.63661313,-0.5931168,-0.06379914,1.8036057,0.57881945,0.37006694,1.0136616,0.8225952,-0.09231341,4.5921526,2.680473,0.44491497,2.8749428,1.5073669,0.8693731,0.6220579,-0.46989194,-0.030649424,0.6002209,0.32796577,0.6088741,-0.34404206,-0.21601114,0.11341143
1879,0.100178555,0.03522086,0.034341693,0.1770007,-0.21930444,-0.043673754,0.24885584,-0.53992605,-0.11329663,-0.087007485,-0.59954715,0.047321558,-0.32960412,-0.20780429,0.08038211,-0.10785231,0.35651016,-0.00890255,0.5284771,0.66266114,0.028031588,0.30809504,1.1220495,0.31488746,0.1432442,-0.08122069,-0.10688764,-0.13755229,0.011839509,-0.3274383,-0.13636982,-0.86425793,-0.60024655,-0.007557988,-0.1877451,-0.11228645
1880,0.19794703,-0.31625462,0.053264275,0.6420348,0.5243969,0.37662327,0.12702149,0.17732418,0.8031721,0.79883444,0.34675676,0.29475904,1.4671437,1.7062864,0.98349,1.0738896,-0.066411436,-0.10095051,-0.0783878,0.32360184,0.012828574,0.36558115,0.15331548,0.11281097,2.055739,0.18598747,0.34016234,-0.7765751,0.28479367,-0.2510219,0.31598544,0.09533101,0.2271047,0.033163607,-0.45278198,0.34244865
1881,-0.48116583,-0.104708,-0.23273274,-0.053464472,-0.60238683,-0.441996,0.3721504,-0.4448901,-0.78422225,-0.6283421,0.0070995092,0.19576636,-0.20676798,-0.8009862,-0.09797977,-0.08048761,1.0891037,0.053415567,-0.43820706,-0.37171367,0.13654631,0.27461022,-0.5143541,-0.14349078,-0.09482521,-0.010839146,0.11096069,-0.05059147,0.109497905,0.17273024,-0.98921084,0.032361686,0.30525452,-0.4623828,-0.82295334,-0.82313925
1882,-0.15623409,0.06685591,-0.044944286,-0.17848226,-0.18793148,-0.069327414,-0.023444593,-0.4751177,-0.1264956,-0.34991404,-0.31571567,0.036490142,-0.54539716,-0.3523977,-0.12324667,1.770729,1.2575097,0.96165526,0.2565168,0.31688023,0.22073758,1.4480205,1.2351617,0.8322302,3.0260403,2.390845,1.4651594,0.0038357526,-0.23412855,0.060869694,1.1738545,0.9864796,0.9062639,-0.40861425,0.024642736,-0.032870412
1883,0.48512608,0.2779661,0.30907655,0.15527087,0.39052242,0.3379646,0.9584296,-0.20181084,0.25655913,0.41079962,0.011515856,0.2569505,0.1564002,0.34516293,0.2801706,-0.25684643,0.2302385,0.19892406,0.11842799,0.19644248,-0.010491848,0.36432505,0.04541462,0.22172964,-0.21172738,0.07122967,0.07901251,0.21428104,0.2628122,0.03342402,0.25029176,0.27346313,0.06036426,0.47494864,0.3414877,0.066897035
1884,-0.3044895,0.22154865,0.02727127,-0.33500737,-0.16835159,-0.20974398,-0.02391839,-0.4443156,-0.040812135,0.012040377,-0.47045943,0.011394143,-0.20664155,-0.22672106,-0.12841737,-0.27754796,-0.28100938,0.024945378,-0.061244845,0.06385559,0.083155274,0.20411152,-0.17446083,0.033378184,-0.34593174,0.20708705,-0.13930857,-0.0874362,0.1300666,-0.0035652518,-0.16831154,-0.4359848,0.07350892,0.057970524,0.027493536,0.10793054
1885,-0.43588284,0.041048706,0.043817908,-0.028698862,0.56742924,0.112659246,-0.034714043,-0.11240727,-0.1614891,-0.29416394,0.0874846,-0.3029112,-0.25519383,-0.21410017,-0.29413462,0.2728245,0.14531168,-0.13374653,-0.5658913,-0.016516387,0.15571418,0.13842365,0.20873344,-0.15623218,-0.23265737,1.1857531,0.7615596,3.944014,1.7195027,2.178057,4.332421,3.1284118,2.390901,-0.000747025,-0.231332,0.23916322
1886,-0.4260618,0.10903391,-0.034561932,-0.44615203,-0.27297604,-0.32015198,-0.6308466,-0.3284462,-0.23641151,0.050605536,0.5208156,-0.0820992,-0.16525924,0.26311445,0.15750265,-0.2852716,0.17750636,0.6892451,0.1535342,0.53377545,0.5482759,-0.030521572,0.1166454,-0.16236651,-0.46853393,-0.42982078,-0.47566086,0.3638343,0.72024775,0.6365107,0.19322705,0.39666516,0.70728946,0.39775234,-0.14468208,-0.4453926
1887,-0.17165494,-0.5543252,0.22328578,-0.62875783,0.32772374,-0.37655598,-0.0946902,0.14566055,-0.25516713,-0.2238062,0.022257254,0.03246373,-0.4343559,-0.39443907,0.14575422,-0.075923085,-0.46917194,-0.17283711,-0.029118657,-0.09435916,-0.3032862,-0.44744825,-0.11898264,-0.4347365,-0.6790997,-0.46148804,0.27423462,0.8195398,0.2749826,0.8420945,-0.19036973,-0.2380398,0.44517863,-0.280595,-0.07248199,0.21754193
1888,0.015254676,0.12782735,-0.011782289,0.06498277,-0.36654326,-0.13917488,-0.14029944,-0.11299788,-0.012123048,-0.39914733,-0.16055289,0.14280587,-0.08588731,0.024679542,-0.05438894,-0.252236,-0.06588602,0.036976635,-0.37316728,-0.09470546,-0.016256511,-0.07634556,0.17256534,0.06403291,0.03840702,-0.0042075217,-0.14228773,0.3942846,0.054258376,-0.062250137,0.6566591,0.43180853,0.018887162,-0.40937242,-0.121946216,0.08845323
1889,0.24596071,0.26328093,0.004519403,0.22294188,0.21185997,-0.32923368,-0.02944243,-0.61916244,0.13868642,-0.4380944,0.04920423,-0.003773868,-0.63352394,-0.48460257,-0.025199115,1.6706438,0.06665787,0.093328476,0.14651501,0.20377538,-0.4779855,1.6879365,0.19259714,-0.4016662,2.1559424,1.7460742,0.5211981,-0.519795,0.28218997,-0.012389898,1.4787577,0.95222753,1.1370184,-0.37010264,0.17287165,-0.6889295
1890,0.3196814,0.3576557,0.4322167,0.090587616,0.43261126,0.14987075,0.052319705,0.033766925,0.16327214,0.25825578,-0.10600062,0.085770965,0.034454823,0.07284062,-0.0061707497,-0.07635915,-0.105666995,-0.026127696,0.23360685,-0.17422318,0.027110457,0.13638353,0.2943662,0.026346266,-0.066428185,0.07012472,0.16798568,-0.13961816,0.4146444,0.038235903,0.32342064,-0.12504244,-0.18676066,0.21252304,0.04380697,0.22152007
1891,0.12630612,-0.6894136,-0.066694856,-0.6165407,-0.35061586,0.3479751,-0.26153892,-0.006055653,-0.80492723,-0.31256557,-0.15432942,-0.55255044,0.5606299,0.44625282,-0.6057181,-0.045243233,-0.17319164,0.03184271,0.25957158,-0.74984974,-0.25857484,-0.6335468,-0.015758574,0.27542186,-0.30719534,-0.45399475,-0.40192306,0.49611303,2.0096376,1.2208725,-0.015544891,-0.28661412,-0.20979035,0.3517921,-0.10031164,0.0035563707
1892,-0.029852271,0.08796731,0.18800426,1.9673162,1.0478973,0.85917807,1.4518708,0.95209455,0.34402314,0.10175237,0.43205225,-0.08960158,-0.07207793,0.098574765,-0.69520915,1.0708182,0.14880939,0.23038328,-0.18702167,0.15023482,0.0016058087,1.0731941,0.5879768,0.20278707,4.7440653,2.0295768,1.5551891,0.21435857,0.06851444,0.16429353,3.5446703,1.8339494,1.7770092,0.32943806,0.40602887,0.10339689
1893,-0.09872186,-0.082871765,-0.2685675,0.5332409,0.3131908,0.6291077,0.8880559,0.30056995,-0.04193993,0.06908332,-0.5404954,0.6483079,-0.060054183,0.2893554,-0.38804272,-0.12799662,0.24042803,0.40020633,-0.03658074,-0.07354158,-0.028149925,0.0756585,-0.18073389,0.33845073,0.020644665,-0.31762105,0.2771014,0.15873562,0.23674864,-0.5069474,0.06746358,0.18748808,-0.62965786,0.053415865,0.4028101,-0.021138668
1894,0.34712645,0.49456623,0.16011316,-0.038934827,-0.36465475,-0.16162479,0.4721579,0.9859613,0.19738781,-0.69162273,-0.60560286,0.06873822,0.016567588,-0.37411267,-0.10134727,0.11071563,-0.12945318,-0.019215763,-0.24219322,0.06986117,-0.0740242,1.250956,-0.13738112,0.059181154,-0.07160315,0.34615076,0.23238826,-0.022971004,0.2356298,0.0021876097,0.032028675,-0.51280373,0.15183705,-0.3161326,0.2305913,-0.1323368
1895,-0.2219744,-0.6135512,-0.21421981,0.040087298,-0.2962187,-0.30608007,0.003369689,-0.20923501,-0.63920975,-0.60922235,-0.04865756,0.40656418,-0.18007988,0.16260827,-0.54287225,0.35389918,-0.1569295,-0.53560877,0.18549713,0.06489143,0.06000614,0.24142388,-0.33560702,0.108596206,0.20506981,-0.15070507,-0.22591162,0.30553746,-0.19857219,-0.17850268,0.41784334,0.4420632,0.49107528,0.19609258,0.8024478,-1.0423329
1896,-0.33310637,0.64167637,-0.0071467757,0.11400157,1.8744204,0.40672964,0.25207597,-0.0321749,0.6071224,-0.079138905,1.5375178,1.2734979,0.41406173,0.45562714,0.9915318,-0.36899316,0.16327506,-0.09649587,-0.32175535,0.18232802,0.31136954,0.28315228,0.3156704,0.647735,0.103288054,-0.568141,-0.12220538,-0.16680516,-0.08108413,-0.0761286,0.25275752,-0.22164173,-0.53707206,-0.0136322975,0.7067535,0.11722469
1897,-0.35831296,-0.0137375,0.07928443,0.8320179,0.43625426,-0.03277242,0.13239849,0.023402572,0.038740873,-0.14214355,-0.37273085,-0.09251034,0.5209007,-0.27632982,-0.0677852,0.09764969,-0.05926326,0.024069607,0.5418708,-0.061899304,0.00887382,0.16664588,0.359995,-0.049181648,0.34287792,0.63235056,0.25010854,0.78738844,0.33968404,0.20768923,-0.100272626,0.09250794,0.015488684,-0.104563236,-0.05331415,0.124807894
1898,0.1570377,0.2017783,-0.07563627,0.017742813,-0.23569149,-0.16992128,-0.18183072,-0.43634793,0.10133189,-0.026896656,0.27001768,0.50231093,0.7960303,0.14135417,0.24871486,-0.34592336,0.2748487,-0.09515321,-0.5089052,-0.24327931,-0.1492095,0.09717351,-0.49722022,-0.46130162,0.16509941,-0.37981865,-0.03693953,0.38682568,-0.146026,0.6533042,-0.7404332,-0.15627605,0.13474512,0.29348266,0.03647238,-0.22457027
1899,-0.3992683,0.11932483,0.20709282,-0.030274123,0.037920684,0.039345145,-0.4958181,-0.6331096,0.14448398,-0.15084994,-0.27389306,-0.07407135,0.3974433,0.3609771,-0.41778708,-0.31948298,-0.89618737,-0.38929012,0.29256558,-0.3152,0.028636754,0.008219749,-0.5761918,0.35706657,-0.12307984,0.317581,0.1235168,0.1360479,-0.06703111,-0.10024822,-0.32062712,0.33320087,-0.40999958,0.2615655,-0.016140878,0.23730227
1900,-0.14939278,-0.20574942,0.13101238,0.14709806,0.054111652,0.1898126,-0.54137194,0.27589148,0.056711376,0.19297653,-0.06563445,0.079714656,-0.29299045,-0.047781944,-0.32212436,-0.21812564,-0.021714807,-0.21217889,0.56265914,-0.14398864,0.046984434,-0.19896758,-0.34911543,-0.21492279,0.005613506,-0.18397641,0.19764882,0.066119865,-0.21152359,0.03971553,0.15306497,-0.122600526,0.017059863,-0.2916764,0.0816319,0.06211853
1901,-0.033290867,0.015815765,-0.03316182,0.34367913,-0.035074234,-0.048511505,-0.30098838,0.093096316,0.27076995,-0.15259945,0.05943434,0.034602523,-0.4671925,-0.547536,-0.20648727,0.31223732,-0.121368244,0.15790856,0.2730348,0.12892342,0.010392845,0.7321155,0.054597735,0.16101843,0.43396747,0.38871273,0.06577575,0.23886427,-0.09889491,-0.00024455786,1.1335951,0.20197004,0.050688118,-0.2846318,-0.013338506,-0.042653322
1902,-0.062677264,-0.12029387,0.12631673,0.71850646,0.40270507,0.32557642,0.26515263,0.005157709,0.11278325,0.6126499,0.3076768,0.15971404,0.5138313,0.29109117,0.022365272,-0.1617176,0.15924796,0.039771438,-0.16676581,-0.26611763,0.010132015,-0.1427373,0.11413884,-0.22406638,0.31274918,-0.1682241,0.23138171,-0.20131868,0.107030734,-0.02610147,-0.07278973,0.27505386,0.22336403,0.3863347,-0.2902597,-0.052528203
1903,0.053541064,-0.12779605,-0.29146123,0.00720495,0.1295087,0.38045788,0.11708468,0.15796325,-0.22671455,-0.21937132,-0.13114756,-0.1532327,0.11211699,-0.07012537,-0.08277094,-0.015393913,-0.14698583,-0.06296998,0.08472073,-0.3802645,0.23943913,-0.06301904,-0.09799576,0.55437464,-0.015347719,-0.026959151,0.19547522,0.016962588,0.26421037,0.30535847,0.101153016,0.04727596,-0.13718224,0.050123572,-0.1785036,0.33056283
1904,-0.014761806,-0.039598286,0.06359079,-0.025466144,0.11758235,0.41080892,-0.05523604,-0.03462413,-0.23776126,-0.05876094,0.1381406,-0.47413427,0.037580907,-0.09605062,-0.4790855,0.112292945,0.25534165,0.083209574,-0.1084919,-0.018429995,-0.2590587,-0.11236709,0.005793333,-0.18857124,0.055434704,0.030906096,-0.123977184,-0.07996482,0.10081512,0.23657846,-0.06448543,0.13536668,-0.6010151,0.06573677,-0.42310935,0.19466218
1905,0.11367652,0.025163412,-0.09781206,0.19764665,-0.0412983,-0.019249797,-0.047356527,-0.7481029,0.12811735,-0.043144368,-0.14992476,0.046160102,-0.9045826,-0.1783932,-0.08480424,0.22779083,-0.08600417,-0.13615257,0.013852328,-0.014148623,-0.03824067,0.24720675,0.1528229,0.1375494,-0.59102726,0.027471393,0.0027573705,0.0624192,-0.073027164,-0.069348514,-0.004611291,-0.041340448,-0.5005651,-0.03206326,0.025751486,-0.08683652
1906,0.37447125,-0.019597538,0.26897883,-0.5433419,-0.31396377,-0.022270083,0.18537521,-0.2470429,0.076348126,0.23485291,-0.13259846,0.12016338,0.07871957,0.30026603,-0.8191973,-0.00065641105,0.03144543,-0.52827656,0.26181826,0.18123502,0.17700967,-0.042021222,0.12862034,0.18513364,0.8851671,0.46104068,-0.009012878,0.08701335,0.33031422,-0.69193536,-0.35413188,0.22014788,0.007873774,0.43283525,-0.03100735,0.016617239
1907,0.43585676,0.45866162,0.8359735,0.49006033,0.31606323,0.19869983,-0.06475341,0.25212204,0.7055026,0.3753327,0.5595075,0.4472839,-0.03946781,0.48377925,-0.061379373,-0.0983026,0.15193485,0.49517584,0.32368064,0.38963002,0.33082634,0.19730389,0.2107994,-0.15036784,0.43697068,0.5372106,0.07475287,0.1503843,0.11620349,-0.139813,0.37286556,0.19373173,0.025673866,0.08068365,0.9473691,0.72046894
1908,0.29424846,-0.019041538,0.06307691,0.10188337,-0.047805786,-0.058290243,-0.3851325,0.045371085,0.02084142,-0.14154738,-0.1822117,-0.006640315,-0.2270565,-0.2447494,-0.092597455,0.9938899,-0.118858606,0.19022804,-0.38504052,0.032421827,0.009200394,0.6717019,0.20187062,0.06418103,1.854064,0.75692534,0.16789079,0.05382231,0.1000887,0.01347667,0.621776,0.4993006,0.26916933,0.17594421,-0.056819975,-0.07642561
1909,0.48188463,0.35534808,0.32100767,0.116648346,-0.15924704,-0.00373739,0.3367275,0.60483885,-0.027158737,-0.27386552,-0.25182664,0.18960232,-0.24761331,0.046456546,-0.38700464,2.4958997,0.2344001,0.56252855,-0.49717057,0.102096856,0.22640389,0.8046798,0.30666006,0.07511739,3.9850683,2.0013807,2.0726285,0.5801016,0.26178777,0.066892326,2.3542213,1.662475,1.4885746,0.030745536,0.35692,-0.23033178
1910,-0.16160029,-0.27538925,-0.03578317,-0.06502777,0.14374402,-0.33474743,-0.16248615,-0.023174345,-0.059105158,-0.19738773,0.050266117,-0.18219703,0.15841943,-0.007362604,0.16724631,1.0876936,0.16491073,0.039151013,-0.17577761,0.25820845,0.09404051,0.49535528,0.19302452,-0.19940531,0.785136,0.95884836,0.07192722,-0.029402658,-0.17114359,-0.6281435,0.2624042,0.20654967,0.08328286,-0.40167105,0.45891547,0.045594633
1911,-0.3171898,0.06936443,-0.047151864,0.063702464,-0.09706086,0.004393041,-0.47178328,0.15288043,-0.024809718,-0.20599985,-0.055301785,-0.0005918741,-0.2968862,-0.25832716,-0.039661705,0.5837311,-0.18118002,-0.034730315,-0.26301503,0.035170674,0.02325207,0.5250016,-0.08624604,-0.023720741,0.69358575,0.23737106,0.029511333,0.6923202,0.25504223,0.055810332,2.3541918,0.98473394,0.2978846,0.033550695,-0.049971223,0.03327328
1912,-0.25618625,0.37078995,-0.22326383,0.25016385,0.3803801,0.6887654,1.141881,0.18481779,0.00943163,0.06429207,-0.36790216,0.14785281,0.14932573,-0.0564394,-0.10823909,-0.049069166,0.37898135,0.13776064,0.20759696,-0.36800867,-0.29615015,-0.3504428,0.6970703,0.8728833,0.26602483,0.2966627,0.37471673,-0.11110109,0.02645415,0.46925426,0.012484074,0.64838916,0.31252116,-0.2502374,-0.6502912,0.14720368
1913,-0.06299865,-0.03103882,0.37924376,-0.25571334,0.20382828,0.23900263,0.43383566,-0.07261336,0.23503077,-0.06692767,0.5058952,0.36161017,-0.04821539,-0.20501149,0.08173901,0.36327064,0.28629303,0.1856733,-0.3636018,-0.017300487,0.009141862,0.26278502,-0.17797689,0.10121861,-0.31700754,-0.114877045,0.27235073,0.3550957,-0.079641104,0.17004418,-0.013229847,0.21698846,0.47880477,0.61452574,0.17018731,0.018373728
1914,-0.3421738,0.30249333,0.06695759,0.09712911,-0.326392,-0.031103432,0.30597967,0.08053276,0.07713902,0.18903065,-0.17214477,-0.09088206,0.040546,-0.59590226,-0.23874849,-0.0043975115,-0.23151156,0.05622995,-0.09817386,0.20413622,0.27833736,-0.10148525,0.39281845,-0.015894413,-0.43669137,0.28662276,0.27921087,0.3351044,-0.1087693,0.05287987,0.6164924,0.45649064,0.25059688,-0.0046868324,0.18552724,0.09359765
1915,0.22108495,-0.2543574,0.010806322,-0.47602546,-0.05048943,0.02917546,-0.3688205,-0.17410639,0.032625914,-0.4891104,-0.19387549,-0.025767803,-0.2245264,-0.070492536,-0.13992357,0.7201698,-0.32589197,0.064168334,-0.14853132,-0.06846541,-0.0098541975,-0.28455353,-0.2073924,0.08220172,-0.026599512,0.02470094,0.15814877,0.1016444,-0.22629535,0.05880916,0.615994,0.008790612,0.06189716,-0.08144879,0.060293555,-0.08882737
1916,-0.28316295,-0.11368728,-0.007439375,-0.14486885,-0.0688578,-0.16801196,-0.5150881,-0.10463679,-0.22863072,0.12417495,-0.16664116,0.15157008,0.18378785,-0.6302357,-0.078086674,-0.22033665,0.22240269,0.013254523,-0.09272215,-0.026922643,0.18638986,-0.18739247,-0.119348675,0.075710714,-0.23501998,-0.2242732,-0.029417753,-0.24373044,-0.3492183,-0.018278658,-0.14604327,-0.18081146,0.080988586,-0.19188154,-0.059664845,0.015210152
1917,0.04354304,0.08855799,-0.19279718,0.21470284,-0.32295474,-0.060168445,0.119787395,0.0026508719,0.18621525,0.38186198,1.0120227,0.2085684,0.35772496,0.45294294,-0.16424292,0.022651434,-0.015772626,0.25990945,0.04259646,-0.05250299,-0.05474323,-0.016804457,-0.41554785,0.06491417,-0.32835406,-0.49381316,-0.1409474,0.0539397,-0.33530426,-0.34048104,-0.02880311,-0.16859382,0.34030646,-0.19219506,-0.05174321,-0.06721318
1918,1.0199883,0.30037278,0.31016552,0.39399484,0.0062065125,-0.3616064,0.29640484,0.94685453,-0.006946087,0.15415107,0.10097772,0.06681606,0.32754445,0.005020678,-0.13254213,0.44530886,-0.5106716,-0.19288954,-0.06586206,0.06737721,0.36366913,0.40405858,-0.045945406,0.15469751,0.11362243,0.53365517,-0.20833063,0.023882568,0.007940985,-0.091329485,0.15744317,0.020330071,0.22538269,0.040933095,-0.31791657,-0.19899392
1919,-0.06637126,-0.74611896,0.35578954,-0.3845479,0.011728644,-0.25469208,-0.14760035,0.026792407,-0.024698913,-0.595875,0.24931777,-0.008539796,-0.39903104,-0.12252295,-0.15297395,0.51998436,0.44446445,-0.2793566,-0.34015208,-0.014321685,-0.013839543,-0.16853064,-0.30712843,-0.2513771,-0.25910404,-0.13101687,-0.014949918,-0.12251216,-0.021470934,-0.13208109,-0.21875608,-0.4623822,-0.16819692,0.05447273,-0.4076088,-0.118830085
1920,0.46785188,0.4715308,0.3586232,-0.15744093,-0.15593898,0.464145,-0.32409823,-0.036934614,0.11820999,0.12662336,0.3696467,0.1728617,-0.6382058,0.456614,0.061674,0.48522204,-0.0059833787,0.21858677,-0.14065003,0.12007667,0.040877044,0.6935009,-0.045979023,-0.057160437,-0.66912794,0.3584479,0.59107906,0.21301973,0.2721798,0.12177986,0.20697254,-0.113513805,-0.5840993,-0.24334043,0.23138568,-0.37664557
1921,-0.021793783,-0.25419378,-0.041154087,-0.111368135,-0.22398537,0.1323981,0.2739036,0.25146833,-0.08187425,-0.31910715,0.18164504,0.2811023,0.054256737,0.23696353,0.17288077,0.30111983,0.26663777,-0.07454276,-0.31331125,0.49318975,0.346861,-0.1921252,-0.25942093,-0.54579544,0.1689378,-0.33615154,0.06693804,0.15985331,-0.14504036,-0.8747953,-0.34209806,0.0336093,0.13170898,-0.55912817,-0.13106173,0.11683932
1922,0.5006467,0.047162704,-0.0678395,-0.27876246,-0.41428155,0.190395,-0.33884057,0.46905875,0.24654865,0.63096654,-0.14036162,0.13727629,0.009533584,0.3737456,0.24568051,-0.040781617,0.650407,0.009129047,0.291672,0.19710043,0.032886624,-0.1256777,0.21303317,0.21639979,-0.6402576,0.42187467,0.5578028,0.21767795,-0.12092087,0.04826927,0.33251822,0.040914357,0.06147033,0.57443386,0.7087194,0.2671212
1923,-0.079681635,0.07392788,0.052713037,0.7867179,-0.08770129,0.07985473,-0.25031775,-0.3416809,0.024123311,0.10625382,-0.093145184,-0.11568022,-0.5793724,0.1291979,-0.28404617,-0.004353702,-0.17211185,0.024892211,-0.10536885,-0.20647445,0.028706074,-0.09435284,-0.43354082,0.039770007,-0.303289,-0.17885715,-0.16931409,0.16695124,0.05373864,-0.05408311,-0.27126035,-0.11701879,-0.07701209,-0.5280244,0.1873644,-0.11012614
1924,-0.30982387,-0.089747384,-0.09958947,-0.30480558,0.08658463,0.07606286,-0.46266362,0.1714958,0.26612753,-0.4345182,-0.19229627,-0.10178304,-0.49590173,0.0039309263,0.034436822,0.04611361,-0.05382538,-0.066529274,-0.13054287,-0.23671503,0.12726492,0.08325878,-0.0983482,-0.030895054,-0.1993204,-0.04941666,-0.05326104,-0.045726955,-0.05432403,-0.13940227,0.09966117,0.21798491,0.16063869,-0.2656464,0.038617373,0.17419088
1925,0.52031267,0.2789511,0.21378338,0.098489955,0.033802357,-0.0401932,0.28856575,0.7179942,0.016080618,0.88607526,-0.008238986,0.18180466,2.055912,1.0201552,0.20832738,0.69340694,0.23741135,0.03937459,0.19364321,-0.025255501,0.11468446,0.14912598,-0.19773129,0.03023231,0.5827472,0.086523175,-0.010561705,-0.015631497,-0.028567642,0.014808297,0.092203856,0.36468473,-0.046137094,0.2981095,0.13160354,0.015046239
1926,0.43733972,0.021495134,-0.12354794,-0.32408094,-0.19293982,-0.06362623,0.008728862,0.13033867,0.0932067,2.5540888,3.0507045,2.6022317,4.933308,2.903743,2.1047997,0.08525194,-0.077978,0.11284804,-0.07720649,0.047356784,-0.061058104,0.011458218,0.05909559,-0.022309303,-0.046259727,-0.07990198,-0.28548428,0.013485938,-0.15659502,-0.11311054,-0.19494525,0.16414651,-0.10601097,0.07952349,-0.08380699,-0.096717715
1927,-0.4975865,-0.04254736,0.053572893,-0.18979692,-0.30489016,0.15423214,-0.06821714,-0.17005703,-0.50721264,-0.041498363,-0.025628865,-0.103918314,-0.44619694,0.029344082,-0.21061897,0.14503773,0.1536876,0.009477019,-0.023948759,-0.15787336,0.05834174,0.050027907,-0.08908707,-0.060265243,-0.73169136,-0.3699881,-0.16441792,0.2759289,-0.6260376,-0.22746658,-0.44134864,-0.13419187,0.024270177,1.0000207,0.070919216,-0.008926511
1928,0.095593154,0.07034072,0.14344376,-0.26766142,-0.07628306,-0.3216226,0.31535465,0.3322323,-0.25112838,-0.65937877,-0.16216019,-0.29314995,-0.4606539,-0.06255695,0.10623807,0.18296945,0.5376314,-0.0095386505,-0.13359803,-0.22735648,-0.09926796,0.11666316,0.64836156,-0.50206184,0.9722607,0.4400224,0.16688618,0.10333985,-0.30591494,0.055518985,-0.24006909,0.09949222,0.4163192,0.035623014,0.20730588,-0.31684864
1929,-0.3196016,-0.23356013,0.09421229,-0.047949135,-0.0040516555,-0.05839604,-0.1058085,-0.37454972,-0.06280863,-0.018493354,-0.15909657,-0.09481442,-0.6927544,-0.4850292,-0.18146896,0.77621406,0.13108712,0.017081022,-0.6945721,-0.2341979,-0.05248815,-0.1450544,-0.37136364,-0.19576526,-0.19898963,-0.09168509,-0.05294782,-0.09476638,-0.041627586,-0.19308513,0.23977959,0.21833575,-0.22147411,-0.45943272,-0.25165665,-0.0813331
1930,-0.0109769255,0.096872896,0.07270783,-0.45266032,-0.07333851,-0.051024795,-0.3432656,-0.4263237,0.055054963,-0.23072386,-0.21709979,0.03476435,-0.5058129,-0.23691267,0.013701975,-0.46987918,-0.15780377,-0.038731933,-0.16953802,0.06940332,-0.13303167,0.017909259,-0.26765072,0.16191006,-0.87811875,0.038769037,-0.030761302,-0.037259683,0.17252839,-0.082223415,-0.59375143,-0.028138041,-0.33324236,-0.068749726,0.19598997,-0.15381527
1931,-0.7927258,0.7459301,0.23014575,-0.4681466,-0.2903961,-0.04341817,-0.07085025,0.78529966,-0.20962632,0.12537402,-0.23540467,-0.11398268,-0.25109977,-0.39839333,-0.00960201,0.058161557,-0.073274195,-0.15886217,-0.14564264,-0.055158973,0.1548112,-0.3807018,0.27981043,0.3300355,1.0157263,-0.06285983,0.01903376,-0.6390158,0.099241406,-0.12410271,0.008761644,0.30389142,-0.019195914,-0.032981634,-0.072749764,-0.19699907
1932,0.072337985,0.006618187,-0.0262357,-0.19146809,-0.4527881,-0.43556738,0.19366857,-0.46416843,0.0693472,-0.48049927,0.14262559,0.016494513,0.02931565,0.23672754,-0.0713177,-0.1490322,0.37265754,0.19005549,-0.008001566,-0.12531683,0.44639546,-0.4900654,0.26035988,0.069975555,-0.062483013,-0.43545723,-0.20154172,0.3220535,-0.058712453,0.24808037,-0.01641938,0.10644126,-0.19342682,-0.04178378,-0.33774048,-0.04745531
1933,0.13690716,0.24488269,-0.33580512,-0.19294032,-0.14501712,0.08436334,-0.7330465,0.36108148,-0.061773717,0.593513,0.14576802,0.0049173236,0.6011805,0.18159121,0.5599626,0.08933583,0.3724745,-0.105618894,-0.23799452,-0.26261038,0.12838158,0.08992642,-0.103149235,0.23780084,-0.5300941,-0.2505128,0.18367583,0.3994999,0.16006576,0.32393306,-0.052719593,0.2582996,0.061717868,0.49371755,-0.12269291,-0.19140297
1934,-0.06849259,-0.01506561,0.03563887,0.33249575,0.01941371,0.06825042,-0.024711013,-0.06134224,0.06300938,0.2468937,-0.07346085,0.05197704,-0.12197375,0.0060059205,-0.045743346,-0.103853345,-0.05631265,-0.077177584,0.15915811,-0.06730139,0.022733688,-0.1311388,0.054353833,-0.030168056,-0.014324427,0.14935054,-0.004640281,-0.066966474,0.02081877,-0.034181416,0.26528156,-0.08892578,-0.037710965,-0.0015969276,0.033630133,-0.07193172
1935,0.10547972,0.13541129,0.22789901,-0.16498268,-0.20538715,0.09715128,-0.30184525,-0.13127166,-0.05570942,-0.24659261,-0.048860848,0.14081651,-0.7057891,0.5166018,0.4007306,0.109415025,-0.22669002,0.112383485,-0.13758138,0.011652693,0.10045469,-0.025873005,0.00012408197,-0.07980722,0.33477503,0.31658316,0.22470894,-0.23784786,0.111263394,-0.06740689,-0.12314421,0.28565586,0.110328466,0.5058498,0.097863525,-0.022908151
1936,-0.41317457,-0.17193429,0.046984613,0.07543707,-0.054058373,-0.35847682,-0.04469928,-0.3880883,0.21627963,-0.23216313,0.027481169,0.10682315,-0.18980265,0.23209698,0.17261964,0.10270065,-0.5535704,-0.064629555,0.21386054,-0.16679546,0.03494996,0.024899662,0.21273082,0.06275302,-0.23078567,-0.0239968,0.21068186,-0.24206075,-0.16524334,0.11395788,0.29444307,-0.010128856,-0.016407251,0.0066505075,0.28290966,-0.08554655
1937,0.49098814,0.60761094,0.09960985,-0.5294231,0.2993035,-0.041554034,-0.05463308,0.5391165,0.14779067,-0.48393,-0.13743442,-0.22895026,-0.2806856,-0.27950138,-0.050872713,0.95020485,0.28409994,0.36997515,-0.1049219,0.27193505,0.01561749,0.10958588,-0.201675,-0.052520692,0.92670363,0.36097875,0.10698688,0.13665652,0.159953,-0.36793175,0.33920434,0.0715045,0.035149336,-0.6580423,0.22950314,-0.14321983
1938,0.32584703,0.005080521,0.17322981,0.28875926,0.04992014,0.043602884,-0.12563606,-0.23318207,-0.012139678,2.0369592,0.649869,0.16271818,0.63027745,0.033642355,0.19058281,-0.14098734,-0.17981571,0.013623238,-0.06981158,-0.11231676,0.012575865,0.21785283,-0.05173911,-0.011310101,0.8919408,-0.14671062,0.12498546,-0.24020201,-0.14011975,-0.20218992,-0.13637567,-0.08710967,-0.08724609,1.5016263,0.80802137,0.52796793
1939,-0.08762324,0.02813989,0.30917555,0.20166379,-0.23199058,-0.39346737,0.73811847,0.6766877,0.6008888,0.09636571,-0.38295054,0.60584295,-0.5440909,-0.43024492,-0.12601161,0.056256205,0.57546854,-0.12152362,0.39796442,0.07422924,0.32994902,0.4877653,0.28255945,0.3405041,-0.8114052,0.20511204,-0.12324588,0.21729001,0.1457321,0.35371393,0.1983515,-0.4568221,0.28259104,-0.304506,1.5535672,0.519149
1940,-0.3549317,0.7077797,-0.1883242,-0.3816676,-0.35021654,-0.18408993,-0.46437517,0.2260103,-0.5384765,-0.18669993,0.16340317,0.42391488,-0.30118263,-0.0683907,-0.45373392,-0.3530825,-0.124182746,-0.14145797,-0.281206,-0.30217904,0.5042538,0.36443514,-0.77610886,-0.17183377,-0.4451341,0.26986176,0.15692988,0.12338647,0.21662456,0.3117823,0.063299954,-0.14125496,0.1334208,-0.07087645,-0.17545383,-0.18476695
1941,0.16180545,-0.027916014,0.027610004,0.9803479,0.30895957,0.21496582,0.1499157,-0.11110717,-0.06274104,0.44696215,-0.25701752,0.064334035,-0.19102085,-0.21448167,-0.01704514,0.21883869,-0.2006117,0.058012128,0.46146965,-0.079981744,-0.016506791,-0.07947636,0.08198197,0.10975653,-0.03354311,-0.062853515,-0.054059148,-0.24707443,0.0056800246,0.025664926,-0.051496863,-0.20884617,0.0322634,0.78313816,0.24181104,-0.07087004
1942,0.25065142,-0.32797614,-0.08163911,0.2765687,0.7921796,0.3113427,0.048214152,0.21519613,0.060369432,-0.2300845,-0.2910884,0.22862285,-0.25138438,-0.6195111,-0.13473254,0.35530993,-0.09604901,0.026777387,0.36736405,0.07217994,-0.1888017,0.019201547,0.025777698,0.0033363104,-0.257846,-0.043769598,-0.2249864,0.30732024,0.20674872,-0.17818797,0.18260925,-0.20280313,-0.501505,-0.48681116,-0.30645072,-0.0036970377
1943,-0.26454312,0.39726418,0.3458092,0.10376802,-0.061955944,-0.52866817,0.082898036,0.3186737,-0.19824147,-0.08171892,0.47870225,3.8109214,-0.42257926,0.7983073,0.35870728,-0.48853314,-0.058345973,-0.54416394,0.23853146,-0.20412557,-0.027802229,0.001976706,0.29237008,0.5120012,-0.5753405,-0.7717473,0.006778419,0.63276446,-0.10240072,0.12403834,0.19403261,-0.15702052,0.032407075,-0.08202133,-0.02797632,-0.1172508
1944,-0.07316595,0.03770584,0.25502813,-0.70906234,-0.004865229,0.16419631,-0.14092474,0.009791613,0.3513499,0.25675583,-0.025018096,-0.11511266,-0.21518314,-0.6795726,-0.26361096,0.91738075,-0.27774012,-0.14855708,0.038618922,-0.058214903,0.08409083,-0.14858854,0.35152674,0.054204702,0.32060337,0.33109885,0.21116573,-0.15211093,-0.28633553,-0.3469484,0.07695806,-0.2443685,0.23160976,-0.1274257,0.108860016,-0.07726699
1945,0.38477105,0.17727378,-0.07748777,-0.066751,-0.14062661,-0.08615768,-0.23198801,-0.039835036,-0.054152757,-0.49796999,-0.23855585,0.21879822,-0.12035596,-0.049131215,-0.41808975,0.11187065,-0.13185742,-0.013826668,-0.13969953,0.008571506,-0.084336996,0.088814735,-0.44260126,-0.24199665,-0.4186896,0.08554143,0.10556245,0.20684186,-0.009373546,-0.10899711,0.109987736,0.31693965,0.0050438643,-0.15242434,0.010585964,-0.17705381
1946,-0.06487942,-0.052855432,-0.014787912,-0.03120327,0.012670517,-0.06506002,-0.042285442,-0.06469002,0.055863142,0.18449366,-0.2849946,0.0044966936,-0.27127922,-0.2120256,-0.030884147,-0.05210471,0.11904907,0.011615515,0.06739342,-0.068152845,-0.05882919,-0.18426847,0.012886077,0.016226053,-0.2841679,-0.13237587,0.03963816,0.24331921,0.20481,0.05018413,-0.03744352,-0.062449217,-0.054463685,-0.07766616,0.031654,-0.009471536
1947,1.0880797,0.46696737,-0.042770207,0.5262885,-0.11368446,0.022119343,-0.1401161,1.2712595,0.22873235,-0.17686725,-0.6261374,0.054966927,0.22608419,-0.038140617,-0.12357503,-0.12295079,0.16741428,-0.036435187,0.111299515,-0.2329514,-0.060189366,-0.27371788,-0.08194133,-0.122975826,-0.5454204,-0.33749938,0.20914096,-0.09531945,0.04857482,-0.06541848,-0.37694412,0.06470764,-0.2694723,-0.37468123,-0.20033437,0.11760515
1948,0.71057886,-0.47995138,-0.098398685,-0.47770178,-0.038202196,-0.23462567,-0.33085358,-1.0046114,0.35887855,-0.08325965,0.53183824,0.9174416,1.1959953,0.3378605,0.10148692,-0.9772098,-0.14000109,-0.1973699,0.33611232,-0.04981935,0.19497924,-0.47494566,-0.66766775,-0.3068096,0.29252893,0.24305731,-0.16223043,-0.7110325,-0.39494953,0.035480738,0.22692859,0.2955343,-0.17896783,-0.09533468,-0.21038526,-0.6096177
1949,0.06084311,0.1482642,0.40694886,0.2021442,0.20448157,0.015764475,-0.10902268,-0.2854841,0.21968709,-0.046253264,-0.06047082,-0.08407867,-0.43958372,-0.6817979,-0.094382875,0.16550833,-0.114275314,-0.09596501,-0.052131474,0.45590177,0.13184845,0.22707988,-0.89128554,-0.38276175,-0.04502499,-0.2258503,0.41180506,0.010398269,0.1807012,1.7937732,0.21082246,0.5247897,0.46855712,0.015905797,-0.49818486,-0.15751986
1950,0.0824002,-0.15968488,-0.3588857,0.25800243,0.42052406,0.12942272,0.19070926,0.12671441,-0.17992583,0.1912093,0.92818403,-0.1279324,0.21595913,-0.025489124,0.15754126,-0.56818336,-0.19893405,-0.32409492,-0.63334846,-0.30941033,-0.04782465,0.33739865,-0.27834255,0.30275187,0.008233964,-0.29512572,-0.2040919,-0.44250417,-0.34577984,-0.06812784,-0.06509496,-0.20747167,0.5811624,-0.16652703,0.14963317,0.061871644
1951,0.09133741,-1.693675,-0.09772116,-0.33381516,-0.34087658,0.13081926,-0.22061759,-0.44669062,0.02224803,-0.40652537,0.12823129,-0.40187624,-0.6448947,-0.15656209,0.05307955,-0.22034091,0.5797516,0.004730344,-0.36361116,-0.4822584,-0.15763927,-0.002869308,-0.17771715,0.15625688,-0.37700546,-0.3194475,0.059562802,-0.069313824,-0.6742989,0.21102303,-0.348302,-0.5684134,-0.0554626,-0.5230658,-0.25492084,-0.24183732
1952,-0.20491922,-0.11762518,0.031960517,0.17661071,0.0036730617,0.010284722,-0.032648444,-0.06921333,0.2681803,0.3299427,-0.09229042,-0.09541559,-0.2042045,0.29375017,-0.3256951,0.031718016,-0.4400617,0.06593555,0.92041886,-0.038575485,-0.039880574,-0.19310749,0.15572998,-0.13475424,0.17607284,-0.3696603,0.07928896,-0.14883912,0.26736182,-0.32802212,0.3318066,-0.45716435,0.30465013,0.24975544,-0.5062159,-0.19856185
1953,0.35267633,0.18974556,-0.13185209,0.13409287,-0.46860677,0.17283249,0.0067088604,-0.15886688,-0.0604437,-0.15944763,-0.4902771,0.24413037,-0.05176729,-0.22714847,-0.27089292,0.25553906,-0.2790217,-0.038097918,-0.06067591,0.15312548,0.35268962,-0.21708012,0.04430008,0.28832132,-0.09500638,0.19700254,-0.029657066,0.103386804,0.20647919,-0.2254839,-0.14182293,0.13993114,-0.069064915,0.32350516,0.1362794,-0.10377127
1954,-0.34308678,0.15367343,0.17428845,0.015035272,0.24574494,-0.009011745,0.58350337,0.2944976,0.075011015,-0.30357587,-0.016726911,0.106113136,0.025331631,0.07530853,-0.20371509,-0.11771476,0.2719782,-0.27848512,0.24726602,0.031398997,0.05760187,-0.406466,0.2189169,-0.028298736,-0.26827043,-0.1994116,-0.039060116,0.14829245,-0.08463454,-0.028261662,-0.3169992,0.1277371,-0.21535361,-0.24879217,0.31112093,-0.037849545
1955,0.21835637,0.2009727,0.03948188,0.18642902,0.07679577,0.10495055,0.27888277,0.3142084,-0.029749632,0.44530246,0.04412365,0.032485127,0.13782072,0.086083174,0.060729444,0.42834705,0.1376,0.028412253,-0.11332083,-0.02600813,0.13634628,0.21042347,0.045190983,0.09584266,0.47192502,0.25897038,0.086943686,0.33824244,0.18957242,0.042092443,0.5079936,0.5441103,0.3342889,0.5117322,0.13884419,-0.0031984448
1956,-0.27504155,0.12818077,-0.032680154,-0.0558832,-0.18723606,-0.25726408,-0.36880788,-0.014996484,0.027223408,-0.3916772,0.11078578,-0.20243818,0.20715955,-0.39374483,0.08862959,0.39170682,-0.28987876,0.275791,0.21201336,-0.1910252,-0.06512731,1.2158307,0.0702467,0.23743954,1.0303371,0.21153766,0.2546827,1.0937343,0.6611527,-0.03812462,2.1275327,2.6400588,0.4435447,0.07044986,0.49130374,-0.1455903
1957,-0.1550462,-0.21199286,-0.028933525,-0.1243458,-0.40053374,0.00052803755,-0.03645888,0.0392639,0.085665226,0.091232866,-0.52256066,-0.035184324,-0.1733954,-0.24792004,0.17799324,0.35091344,0.199582,0.012618899,0.01630783,-0.14394656,0.11171639,-0.24692097,-0.2797649,0.052671373,0.09672201,0.20782453,-0.22811943,0.5625786,0.49184555,0.05597377,0.523594,0.8156722,0.059276372,0.3714941,0.06905413,-0.01768434
1958,0.031930268,-0.05447942,-0.037463307,-0.30456716,-0.18552044,-0.019859433,-0.33970582,-0.3359578,0.06379646,-0.022191167,-0.13876711,0.032372177,0.41804624,-0.13629915,-0.13114393,0.36057377,-0.19781429,0.042494535,-0.34067893,0.18254426,0.055965602,-0.0068594962,-0.020577371,-0.04391074,0.03029111,-0.2924512,0.055007935,-0.13586335,0.28827202,0.079481125,0.23565388,-0.090644635,0.002254784,-0.19474031,-0.21587628,-0.06732011
1959,-0.64740443,-0.16528776,0.29980046,0.060715914,-0.19303203,0.25327298,-0.39516962,-0.10208011,0.084531486,-0.36056367,-0.51453614,-0.10607143,-0.083533645,-0.054958403,-0.6526013,-0.16665533,-0.35409993,0.014513388,-0.032509208,-0.09517944,-0.13383363,0.1368917,-0.12880693,-0.09544128,-0.98918045,-0.93444425,0.22840795,-0.05374664,-0.66464174,0.40317547,-0.54848933,-0.25267857,-0.665084,-0.13302419,-0.1779503,0.26528263
1960,1.7155045,0.18541339,0.46607375,-0.106339335,-0.22760202,0.13628,1.6582227,2.1603384,0.5039628,0.30534256,-0.38028958,0.104258,0.65734464,0.33046585,-0.05959487,-0.67445385,-0.28132913,-0.23954815,-0.13009131,0.22010273,-0.3013457,-0.0488804,0.38002026,0.23469472,-0.28603947,0.10241002,-0.12842107,0.0038328767,0.24108143,0.038794518,0.0065031946,0.11958483,-0.3255749,-0.07487762,0.7275406,-0.21084678
1961,1.3762573,0.65630287,0.102778554,-0.57082474,0.0029473454,-0.1006338,0.7987731,0.22833395,-0.0019676685,2.052233,0.8191601,0.20372081,2.8550355,1.7466371,1.0752448,0.33935517,0.40476075,0.0171628,0.08932567,-0.09363443,-0.09837264,0.3377548,0.08581531,0.0021870136,0.24889326,0.048614133,-0.007548094,-0.8195714,0.28790367,-0.16333157,-0.6616733,-0.40896153,-0.5580105,0.50331056,0.27995157,-0.05391121
1962,0.19610018,0.3195681,0.12345755,0.9412328,0.29815876,0.14987023,0.55194235,0.3900469,0.20046568,1.0672538,0.45672446,0.3144653,2.2309887,1.3319646,0.49031436,0.23545143,-0.16941053,0.07313469,-0.2770096,0.12494847,-0.017058164,-0.20211859,0.2846071,0.034000635,1.0420992,-0.4461757,0.10678005,-0.74513555,0.25926685,-0.15565977,-0.29550314,0.057914495,-0.09394038,-0.15527034,-0.31970182,0.21686266
1963,-0.04664868,-0.29841226,-0.22969377,0.31952477,-0.16693997,-0.23181951,0.26358858,-0.08918415,-0.21891949,-0.25548792,-0.31194854,-0.26162001,-0.68086946,-0.7488748,-0.21006078,0.298324,-0.08960967,0.05798143,0.18156898,-0.5390267,0.19157249,-0.010238558,0.036188863,-0.24509871,-0.32713133,-0.24786426,0.11502546,-0.027286112,-0.2060854,-0.02475375,-0.5126506,-0.17651868,0.033382833,-0.84022987,0.03835547,0.056310296
1964,0.25063312,-0.03188631,-0.077181995,-0.12352273,-0.69833595,0.07684219,-0.022689104,-0.8603368,-0.101486444,-0.17436266,-0.46169388,0.076573014,-0.20978063,-0.15258591,0.032849967,0.2840532,-0.13121185,0.13728309,0.67936635,0.2937728,0.11488736,-0.06481829,0.7449101,0.20331281,0.005928129,0.062113076,-0.028289557,-0.093095705,-0.10976058,-0.29618865,-0.05661507,-0.82249784,-0.24839216,0.07144046,-0.1363824,0.08876437
1965,0.41636002,0.22983554,0.07093471,0.48589885,0.04141643,0.11972201,0.5267199,0.116912544,0.014930606,0.43531603,-0.056776196,0.11107743,0.34543693,-0.13687392,-0.0037483573,-0.25472426,0.09273875,0.0044586062,-0.19362366,0.06762439,0.0055983067,0.29489785,0.11401672,0.046735168,0.008440733,0.14732532,0.094004214,0.046099126,0.28013888,0.036095142,0.5007136,0.021024555,0.011627853,0.4051584,0.313482,0.043280482
1966,0.012423903,0.080729276,-0.062799096,0.14605488,-0.13920134,-0.034279287,-0.075273424,-0.06014377,0.033371925,-0.1984382,0.069494516,0.11005151,-0.49105597,-0.30418366,-0.18070546,1.5278519,0.88549894,0.33267605,0.19243222,0.110812575,-0.00029969215,1.1616988,0.54958516,0.15734246,3.4059758,1.7315319,0.89834535,-0.10030532,-0.010608077,0.020310462,1.2699838,1.1833228,0.70869106,0.0840185,0.14577198,0.13160437
1967,-0.015354991,0.18922025,-0.17835158,-0.3358602,-0.3710177,0.2271015,0.38121754,0.31905383,0.25755978,-0.30468437,0.18545252,-0.09525329,0.090097785,-0.13194016,0.20525494,0.2175536,0.29580134,-0.18706763,0.067417994,-0.17452136,-0.1171633,-0.26493496,-0.13606052,-0.09265709,0.19505098,0.26595524,-0.14528814,0.07898508,0.36536035,-0.035989165,-0.16276118,0.19960362,-0.05116251,0.18871343,-0.034068003,0.009762466
1968,-0.6939144,-0.16717623,-0.7992753,-0.5513508,-0.3397786,-0.6188326,-0.3999833,-0.37714565,0.41529965,-0.14470333,-0.22073665,-0.61525935,0.013468087,-0.32440227,-0.27294362,0.44611925,-0.12762013,0.07201475,0.5805884,-0.13571998,-0.3669929,0.22607926,0.28253543,0.03960347,-0.1943388,-0.29547063,-0.087857164,0.03143215,0.14717436,-0.38435382,0.1639151,-0.2961101,-0.79528344,0.1683287,0.46587977,-0.34810758
1969,-0.54601634,0.37020642,0.2917269,-0.2286979,0.114017695,-0.4555883,-0.17630264,0.14124912,0.22630012,-0.37692532,0.16186914,0.06541552,-0.024367273,-0.03875026,-0.22097111,-0.4139216,0.011568576,0.30945343,-0.718653,0.4949988,0.29835945,-0.102730185,-0.21580274,-0.584396,-0.043908775,-0.55787104,-0.46005863,0.4903062,0.9475649,0.2913725,1.071796,0.6327709,0.57532084,0.820122,-0.42739093,-0.58579123
1970,-0.16682512,-0.41138092,-0.7202564,-0.50148404,-0.21832734,0.2654317,-0.3665617,0.021885186,-0.27900898,-0.42379838,-0.09393725,-0.20299485,-0.7198129,-0.22213808,0.27259204,-0.034623206,-0.039042175,0.130597,-0.24515948,0.24903564,-0.40859348,-0.109571785,-0.05529672,-0.039198935,0.9924858,0.32125756,0.0795944,-0.14850691,-0.3920269,-0.025292598,0.22431676,0.023710087,0.30919874,0.16232806,-0.29709578,-0.3619253
1971,-0.0034804344,-0.07322043,0.023575246,-0.3715645,0.048379883,-0.22349799,-0.29629707,-0.15451054,-0.13090062,-0.27999878,0.011751581,-0.1559951,-0.044276953,-0.16875452,-0.0030768514,-0.3540449,-0.08389863,-0.21374935,-0.374542,0.13914311,-0.111126065,0.17151979,0.17177856,-0.22235876,-0.2347855,-0.6434624,0.11610943,0.14244199,0.27768642,0.2176199,-0.10077882,-0.14771262,0.27215588,-0.1769383,-0.19479531,0.068588376
1972,0.1254121,0.1435025,-0.014622092,-0.32578623,0.14274387,-0.12666488,-0.0045078993,-0.0011911392,-0.12648952,-0.81837535,-0.13648197,0.17854118,-0.3650096,-0.5116285,0.6519906,0.44101584,-0.0829867,0.172616,-0.064543724,0.32484472,-0.0052895546,0.027784243,0.7648056,-0.0142406225,-0.5247047,-0.20906636,-0.28440684,0.07147336,0.14846724,0.19694251,-0.063485324,-0.41763276,-0.031781673,-0.079286814,-0.42143023,-0.31376052
1973,-0.021899313,-0.19777977,-0.15972292,0.05473058,-0.15713471,-0.28406894,-0.2065041,-0.23528516,0.08849138,-0.2450102,0.085552216,0.072796226,-0.4305184,-0.26008958,-0.20330776,1.0100738,0.088356644,-0.07422715,-0.08955681,0.0029939413,-0.14074683,1.282242,0.24400559,-0.16444142,1.4806156,0.5848662,-0.03471397,-0.20668125,0.25416252,-0.06824106,1.0834739,0.4172166,0.3101076,0.15394971,0.026449502,-0.31122187
1974,-0.050985456,0.1283269,0.08126062,-0.06743002,0.24595635,0.039005816,0.1417346,0.038226724,-0.036069512,0.15509677,-0.04936096,0.011761665,-0.40128434,0.17251596,0.16217726,-0.15317392,-0.15170711,0.114441335,0.34038883,-0.09733015,0.018028975,-0.43343592,0.24670085,0.013320208,-0.117985725,-0.13376218,0.05743891,0.03030783,0.09737864,0.004219234,0.22401834,0.07753855,-0.028584838,0.2456016,-0.057666957,0.076855004
1975,0.052990556,-0.7290436,-0.05694151,-0.7833099,-0.37059492,0.040922523,-0.16054499,-0.30184954,-0.1837995,-0.178249,-0.61662996,0.0056786537,0.6229427,0.0029552523,-0.39890698,0.1187993,0.079293475,-0.10519993,0.18132389,-0.7009356,-0.23432377,-0.56197953,-0.0415681,0.094353974,-0.5698116,-0.5662782,-0.2215046,0.43337083,1.567901,0.23972708,-0.15241897,-0.2774918,-0.32531482,0.39502078,-0.40755373,-0.09208667
1976,0.032571048,-0.049860567,-0.026932955,2.5097506,0.85010505,0.5667636,1.6706834,0.8304153,0.13074148,-0.18220273,-0.03556955,0.03317952,-0.28371263,-0.10309285,-0.5354567,0.59071255,-0.032552127,-0.11196256,-0.33011997,0.054221928,-0.09772247,0.9356388,0.42079553,0.2534076,5.035995,1.5440332,1.1140296,0.22133292,0.12688524,-0.02017349,3.3829298,1.4712842,1.2292213,0.2953827,0.3335233,0.07380247
1977,-0.28905874,0.08594459,-0.026054233,0.44247353,0.5011884,0.4593683,0.6795247,0.12060183,-0.13416505,-0.28502947,-0.10479191,0.19044152,-0.33883196,0.23500663,-0.48118633,-0.13457602,0.5196912,0.090258606,-0.13051915,0.080916345,-0.016326666,0.2934218,-0.17171115,0.085552245,-0.42776304,-0.62476313,0.09643498,0.053341553,0.16270792,-0.25078028,0.21955302,-0.08065653,-0.6988647,-0.015350997,-0.108991146,-0.16156536
1978,0.11319679,-0.27472138,0.24629658,0.04205054,-0.08680674,0.12766236,0.20050004,0.026151836,-0.4530766,-0.002791047,0.003899753,0.34571874,0.06451608,-0.15808119,-0.09554261,-0.29838735,0.016053036,-0.45378378,0.56065077,-0.10509073,0.305507,-0.24066079,-0.33599412,-0.19661546,-0.3066485,-0.02703581,0.18646514,0.2473318,0.0082295695,-0.096648574,-0.16056025,-0.13529593,0.6390394,0.78952044,-0.31201437,-0.7092875
1979,0.04137349,-0.2679367,-0.030437589,0.51446474,0.9594453,0.28343242,-0.20601353,0.12504643,0.3124829,0.040807366,0.39337194,0.40189314,-0.0560264,0.4745177,0.67393416,-0.10711056,-0.2972394,-0.1544466,-0.051719904,-0.025869235,0.07451975,0.28982717,0.19846538,0.17830926,0.022354424,-0.44066286,-0.29809505,-0.17313716,-0.25149718,-0.02318263,0.15874386,-0.18367529,-0.21705997,0.15944558,0.41166392,-0.1279273
1980,-0.47927094,0.030074716,0.03245467,0.643199,0.14590786,-0.04363036,-0.1403805,-0.21956214,-0.010817528,0.20579231,-0.27783626,-0.13411224,0.15411478,-0.16383198,0.067298055,0.3434589,-0.14339662,-0.016486108,0.6774562,-0.15877712,0.03995657,0.2796874,0.29819915,0.007901728,0.087010086,0.50484526,0.14856261,0.6685246,0.13390276,0.095942795,-0.054483294,0.0035415813,-0.06687158,-0.014066339,-0.011526346,0.073742926
1981,-0.020392895,0.15190634,-0.060266852,0.17013687,0.069370985,-0.12593812,0.1809082,-0.008163273,-0.049454033,-0.17988092,-0.27450335,0.15195411,0.2722652,0.15598631,-0.21220595,-0.04433137,0.039196823,-0.024446964,-0.44105613,-0.062146068,-0.2501781,-0.014627099,-0.19607611,-0.10488796,-0.061777353,-0.26524326,0.03996247,-0.44104248,-0.01545766,0.057794034,-0.2369163,-0.38014895,-0.1225543,0.48228878,-0.04946661,-0.1063205
1982,0.1254777,-0.08163294,-0.00450176,0.48338515,0.19263779,0.3324675,0.29169008,-0.095124364,-0.095769346,0.7618636,-0.14784896,0.13663852,0.55771375,-0.075522095,0.0022913814,-0.21724272,0.022823155,-0.17475468,-0.23370174,0.20290841,0.011191726,-0.24441607,0.06285459,-0.01638782,0.24861693,-0.06491819,0.10340965,-0.16746934,-0.2197608,0.05489254,-0.1734494,-0.07584,0.17055142,0.039004743,-0.053944528,-0.1426186
1983,0.048716664,0.029986143,0.8227047,-0.16655147,0.43025783,0.11699678,-0.38289815,0.21105438,0.040886115,-0.08645171,0.06825352,0.4750858,0.09443793,0.12321916,-0.03385496,0.12888044,0.5162089,0.23056404,-0.094964415,0.2244764,0.1555204,0.090379596,0.16491418,0.17296793,0.09843761,-0.045165062,0.1773189,-0.11224851,0.15872452,0.15274441,-0.23322117,-0.08926898,0.18281588,-0.028467625,0.5152557,-0.0014234781
1984,0.14650595,0.30833006,-0.030531287,-0.412192,-0.18640935,0.49350905,-0.109750986,-0.20804796,0.037519544,-0.1425032,-0.22693312,-0.5685034,0.021311581,-0.2998901,-0.3701411,0.013705194,0.43272322,-0.056797385,0.019022197,0.22569954,-0.011158466,-0.29169065,0.18350616,-0.14570871,0.074310035,0.076553255,0.037997633,-0.10766932,0.25033522,-0.23142599,0.0557034,0.11152315,-0.5429064,-0.10384025,-0.51660407,0.021636963
1985,-0.106661454,-0.021783829,-0.013875246,0.2709443,0.2067396,0.08893561,0.029098019,-0.7425621,-0.03707379,0.22119176,-0.038587213,0.071566105,-0.9220444,-0.2225971,0.14479959,0.16111967,0.0719952,-0.08640766,0.013825238,0.022913188,0.001506865,0.14479437,0.06115955,0.059837103,-0.5085287,-0.016005278,0.079725474,0.23277853,0.032149017,-0.057857454,0.18701759,0.015592759,-0.24190277,-0.20718652,0.079042494,0.023985982
1986,0.6850071,0.1712865,0.19646001,-0.09084344,-0.4006577,-0.06213379,0.32907975,-0.24968255,0.00420779,-0.18873906,-0.086981095,-0.12244046,-0.22201884,-0.42064747,-0.10463762,-0.31806538,0.036627382,-0.027630568,0.31434977,-0.20434064,0.20193303,-0.25556344,-0.08929232,0.018154025,0.29695535,0.41513112,0.05620849,-0.20948339,0.16263548,0.089847445,0.35761017,0.038197458,-0.2644533,0.21450949,0.098890886,-0.11848718
1987,0.18421423,0.2247967,0.28729397,0.6464182,0.26330057,0.023364604,0.10274124,0.5597178,0.2663679,0.34952876,0.20413606,0.054510474,0.081133366,0.17585464,0.086291224,-0.11641255,0.041727453,0.20761925,0.19608247,0.133351,0.14651895,0.12697068,0.11903763,-0.037177086,0.5550308,0.0015075207,-0.08240539,-0.04019694,0.1741009,-0.13695288,0.61428875,0.27648404,-0.14289117,0.07511856,0.6360711,0.1147697
1988,0.20850998,0.08943415,0.10059863,-0.25974244,-0.21312866,0.031080186,0.25266573,0.5493582,0.05169618,-0.145194,-0.058582634,0.10101223,-0.26226437,0.101581246,0.0039562583,1.8095443,0.16221887,0.18310928,-0.6859701,0.122776866,0.13481736,0.54148966,-0.19067582,0.06829065,3.6059308,0.9431841,0.7830138,0.52004194,0.007449165,0.08806062,2.115594,1.3951612,0.5885473,0.19381505,0.06334019,-0.04952991
1989,-0.2201179,-0.27413222,-0.05368793,-0.1777519,0.11484055,-0.072020054,0.11341864,-0.08526853,-0.14614284,0.22827983,0.026620999,-0.021729112,-0.05602461,0.14922294,0.053955197,-0.40712363,-0.109270394,0.24383032,0.7669158,-0.1638192,-0.18583727,-0.29539043,0.11714223,-0.03559625,0.02416265,0.08793548,-0.1133827,-0.32994413,0.24051216,-0.28152043,-0.11935383,0.11464468,0.09306836,-0.012268066,0.33524865,-0.14042628
1990,-0.36825833,0.4362046,0.040923238,0.36891943,0.20681478,0.36619306,1.1663055,0.122250915,0.06461632,-0.10257221,-0.29268092,0.15982306,-0.22774377,-0.49422443,0.010977268,0.04490125,0.06415179,0.09609175,0.063730516,-0.33457807,-0.22616738,-0.22213137,0.18023333,0.34613174,0.5370244,0.57166386,0.275312,0.12523621,0.039526075,0.019395947,0.26621085,0.37184834,0.17507368,-0.3591696,-0.53597873,0.05965841
1991,-0.015396953,0.12641446,-0.041473925,0.13518852,-0.039479822,-0.12498939,-0.01381579,0.096294165,0.16204017,1.0320508,0.3903204,0.061199248,-0.3197863,0.48776734,0.5648887,0.028852284,-0.71873385,0.021391988,0.25597912,0.57579696,0.05765605,0.29169074,-0.2223438,-0.24592483,-0.33840078,0.38565916,0.05101943,0.003766954,0.21790777,-0.109451056,0.17255944,-0.017717004,-0.038928285,-0.04558748,-0.16633156,0.072620094
1992,0.1257688,0.16804272,0.24491584,-0.13332017,-0.64778113,-0.22517294,0.1012634,0.103524595,0.06789386,-0.0066354796,-0.08075479,-0.040831685,-0.15593769,-0.08516345,-0.20218715,0.11676146,3.5415437,-0.21560907,-0.24145977,-0.16310538,-0.22020614,-2.158271,0.20767093,-0.3494274,-0.20818809,-0.17782037,0.4098152,0.049734727,0.5505452,-0.050269544,0.08875671,-0.20930728,0.18893744,-0.07202862,-0.2232857,0.10381544
1993,0.12509531,0.18358469,-0.3117985,0.51822054,0.2721179,0.02645266,0.08487624,0.69541454,0.059725404,-0.06018704,-0.24819839,0.0018609762,0.19498014,0.06491339,0.06647873,0.23676452,-0.1676361,-0.13049698,-0.15814228,-0.1466768,0.18467677,-0.008863449,0.19953644,-0.059916258,0.58253247,0.40262744,-0.28794467,-0.23538873,-0.082285434,0.058561563,0.14154138,-0.15238678,0.417658,-0.170897,-0.13587487,0.03401375
1994,0.2672094,0.14790416,0.19409043,-0.004245281,-0.06464788,0.2327131,-0.20093262,-0.1293068,0.10522807,-0.043842763,0.21098888,0.1330272,-0.38489246,0.39221638,-0.02626282,0.3154941,0.19426297,0.13906401,-0.06801212,-0.20403855,-0.02313304,0.3173871,-0.049188003,-0.059018195,-0.40079117,0.40658444,0.021318614,-0.01320219,0.22537702,0.09798193,0.42209685,-0.1698426,-0.080195785,-0.12339091,0.102241814,-0.09805387
1995,-0.028835773,-0.38458854,0.13152826,-0.15212858,0.058881283,-0.043088734,-0.0065364838,-0.09396684,0.0016567707,-0.50656104,0.028741837,-0.032423258,-0.19095588,-0.163795,-0.0041378736,0.41323036,0.17912173,-0.10385895,-0.25208282,0.046603978,-0.04475987,-0.040613294,-0.04979348,-0.119920015,-0.14178562,-0.1768513,-0.02439773,-0.014576137,0.048342913,-0.07680267,0.04232049,-0.4510671,0.083947,-0.058844686,-0.09014386,-0.09857309
1996,-0.062396705,0.2515638,-0.13549447,-0.12083858,-0.12660941,0.0874784,0.041915953,0.056343555,-0.06878352,0.33105707,-0.22291309,-0.031708956,-0.28573096,0.18903404,-0.0033029318,0.031449735,0.6123608,-0.090703726,-0.019109368,0.109924644,-0.027327955,0.0020890236,0.18995216,0.10382801,-0.5541568,0.14660484,0.1144079,0.1512143,-0.05342336,0.06943458,0.13395363,-0.08287524,-0.005075991,0.6178416,0.047981143,0.14417756
1997,-0.2376045,-0.1336259,0.17360616,0.71356213,-0.051908188,-0.23150223,-0.32658416,0.0076072738,-0.24445432,0.04350841,-0.20997109,-0.030568898,-0.29659796,-0.08972566,-0.037639797,0.39280626,0.02792612,0.14846987,0.39688933,-0.3065114,-0.01961857,-0.12957138,-0.38235173,-0.04955095,-0.21995127,0.0089439005,-0.0543319,-0.16678558,0.22340894,0.040559947,0.25513005,-0.13305664,0.07796335,-0.15526766,0.085742414,-0.17191553
1998,0.13442838,0.0909307,0.28359777,0.34732515,0.030965522,-0.008499503,-0.38827908,0.21490926,0.033992648,0.4983609,0.18945926,-0.042194724,1.918916,0.6997713,0.17890215,0.5779773,0.0037164837,0.16921061,0.121237874,0.044115126,0.038491786,0.19885531,-0.17236418,-0.097917736,0.5813488,0.12785506,-0.113357246,-0.043934412,0.34958866,-0.041368306,0.32439744,0.34004426,0.07200241,0.457896,-0.18539262,0.023689747
1999,-0.28136998,-0.28914714,0.048424244,-0.36471742,0.12135185,-0.1387394,-0.39306763,0.04965681,0.10094535,-0.5632511,-0.41317558,-0.2695042,0.10344815,0.07468434,0.09538424,0.3808502,0.032176614,-0.021746933,-0.20432019,0.16769272,0.19542158,-0.05835539,-0.15459213,-0.050672114,0.31568998,-0.19029771,-0.39447114,-0.19694826,0.1173515,-0.4508459,0.19935453,-0.04648024,0.0919705,0.5953376,0.12767187,-0.18401772
2000,-0.21010184,0.098962545,-0.12696481,-0.38017505,-0.16696134,0.049486816,-0.05647868,0.2270714,-0.30493116,-0.4121483,-0.4865781,0.17216396,-0.5009268,-0.3621037,0.26593167,-0.16926837,-0.0772102,0.06431657,-0.032471895,0.05232197,0.03574717,-0.43997222,0.39732945,-0.17349643,0.40725684,-0.07626132,-0.037517548,-0.22809172,-0.4486838,0.031344175,-0.35195738,-0.005513549,-0.19902718,-0.32276392,-0.16630387,0.20831949
2001,0.09670329,0.2696385,0.11741245,0.2321155,0.027395472,0.14967108,0.48354447,-0.41787618,0.039304018,-0.061972618,0.018683374,0.14646816,-0.00075775385,-0.0858439,0.010470271,-0.041066766,0.07726836,-0.047926307,-0.1600638,0.1551305,0.06143427,0.017182946,-0.015814453,0.2180968,-0.25551027,-0.102452874,0.090443134,0.46328378,-0.18113282,-0.028662562,0.48301494,0.17338803,0.12018961,0.30376738,0.30305362,0.16103864
2002,-0.31117076,-0.008654505,0.17217904,-0.005870819,-0.16568929,-0.0032398105,-0.039970756,0.11543083,0.08817744,0.3143432,0.07744552,-0.007299125,-0.22205317,0.33523142,0.14401954,-0.22932911,0.08102633,0.1057384,0.43046695,-0.35221222,-0.0050833225,-0.20893788,0.05431074,0.08699292,-0.004431963,0.06784901,0.051650167,0.38442355,0.009465131,0.060490012,-0.06939441,0.20993179,-0.15015972,-0.33785617,-0.19546837,-0.10663241
2003,-0.3048787,-0.105603755,0.016276062,0.3464859,0.068790615,-0.010905266,0.028776407,0.08660793,0.07612574,0.08219659,0.17103009,-0.14839959,-0.34449983,-0.089035116,0.079787314,-0.08663577,0.028828263,-0.1294483,0.095225334,-0.06700963,-0.14381444,-0.2944728,-0.08205998,0.095656395,-0.22418046,0.12742177,-0.0921182,-0.20453246,-0.25024205,-0.09900856,0.02521801,-0.13814527,-0.21782497,-0.04137504,-0.10634798,-0.020516276
2004,0.1898548,-0.005031407,0.0070887804,-0.18333578,-0.26486737,-0.011661708,0.054449916,0.5197508,0.14708322,-0.16760361,0.05463572,-0.006751299,-0.29207376,0.005137697,-0.019961536,0.46877813,0.1329762,0.16682833,-0.17097992,-0.1928559,0.10158044,0.093545794,-0.094156295,-0.054038525,0.48894975,0.18397668,-0.12241286,0.058617026,0.061835263,-0.1396172,0.43552065,-0.11696836,0.0684427,-0.24153781,-0.02288884,-0.1184082
2005,0.643016,0.10265875,0.09961438,-0.056782007,0.10385707,-0.08713865,-0.28567854,0.23198503,-0.040169775,2.0661857,0.54705125,0.23300928,0.53706205,0.21142845,0.026978552,-0.05624777,-0.179115,0.12733549,-0.19106083,-0.06981766,0.07285923,0.5880091,0.23037277,0.06280768,0.18320544,-0.14025763,-0.053147435,0.18737304,-0.20926274,-0.09961724,0.6276798,0.31962007,0.1427395,2.6661506,0.80463743,0.2931826
2006,-0.07284105,-0.13533849,0.10516262,0.3380494,-0.11373478,0.02600956,0.34417978,-0.13648915,0.17671645,0.0011914968,-0.46866632,0.26188526,-0.30426034,-0.10594921,-0.13151586,0.20203316,0.2707999,0.035466433,0.46957844,-0.127612,-0.03986478,0.52867305,0.28791448,0.07944226,-0.41663077,0.14998758,0.028618515,0.5137506,-0.008371182,0.035654664,-0.18733647,-0.48701432,0.49365294,-0.33562887,0.5771527,0.13155144
2007,-0.4328969,0.44255278,0.12148172,-0.35839128,0.06911137,-0.16825175,0.0899508,0.4639779,-0.23905224,-0.2404272,-0.50546867,-0.05907762,-0.1785196,-0.5014957,-0.079250395,-0.3108229,-0.3462962,-0.16475213,-0.53691137,-0.38081014,-0.07455355,0.31258893,-0.107733995,-0.11909324,0.024542183,-0.13771367,0.044882834,0.035132468,0.2500089,-0.004382968,0.4482594,-0.11579895,-0.07926643,-0.035348833,-0.30539596,-0.025471747
2008,-0.12560081,-0.024372607,0.12421858,0.64782834,0.24592912,0.0036677122,0.16372085,0.15119278,-0.024028897,0.1597774,-0.27638188,0.11997986,-0.3353105,-0.282372,-0.101673365,0.19405073,-0.039089553,0.0088864565,0.12126005,-0.082850575,-0.063694954,-0.11321938,0.028185546,-0.09902406,0.03267324,0.011057723,-0.05317545,-0.20811689,0.25314438,0.02710414,0.041561127,-0.16259193,-0.04868871,0.0014247894,-0.061386406,0.05908501
2009,-0.17648768,0.02270843,0.11817652,0.040290177,-0.3222933,-0.17495465,0.28739607,0.21842647,-0.011965036,0.07016212,0.020070165,1.0137764,-0.21064723,0.13069473,0.0053192973,-0.5364474,-0.28980738,-0.056583762,0.17446947,-0.103051305,-0.082690954,0.07597709,-0.12588637,0.12832767,-0.3757758,-0.07732872,0.029248536,-0.06277338,-0.06444988,0.067551374,0.2886635,-0.07541537,0.018071055,-0.0054000616,0.0891372,-0.14044082
2010,-0.44068235,0.03067723,0.041702628,-0.4275242,-0.0912236,0.016336441,0.022237092,-0.05791378,0.026140094,0.45543396,-0.27473947,0.0013489127,-0.46191728,-0.19176671,-0.30294,0.77212024,-0.22226861,-0.07734537,0.008578658,-0.010343611,-0.033206344,-0.22369379,0.2324828,0.091922104,0.018431902,0.08013609,-0.10615146,-0.3289377,-0.13936692,0.052482367,0.2544731,-0.3541462,-0.05245495,-0.034643173,0.022817433,0.08707976
2011,-0.3883623,-0.023086967,0.12881434,0.45366615,0.86897975,0.263874,0.35713458,0.054741144,-0.10110819,-0.035072535,-0.027123332,-0.20239937,-0.16773598,-0.28358752,-0.16167766,0.08299941,-0.10577938,0.029661179,-0.07747924,0.0010121167,-0.025453568,0.32796514,0.41616577,0.11910236,0.16963366,0.0028633177,6.592274e-05,0.8616729,0.2884878,0.14995015,0.24235632,0.60267955,0.3847866,0.01524204,0.3771995,0.07189691
2012,-0.18179339,0.093131095,-0.09976828,0.36783016,-0.29008728,0.09055692,0.22609371,0.15248168,0.061981738,-0.4198181,-0.046805844,-0.0068768263,-0.16235732,0.18902557,-0.17582971,0.18952137,-0.251672,-0.42679167,-0.24177137,-0.19998062,0.14892614,-0.2117554,-0.23564255,-0.076616526,-0.5803056,-0.007158369,-0.19217467,0.5110395,0.19875073,-0.21034554,0.17263727,-0.008129835,0.06605047,-0.21104357,0.017686665,0.14965373
2013,-0.10152197,0.048020333,-0.009645283,0.54306257,-0.043853477,0.0048875213,0.033076167,-0.34153053,0.18007708,-0.0017472506,-0.17294581,-0.01131326,-0.18957424,-0.12989807,-0.0894981,-0.023257613,0.022159584,-0.075115204,0.21252584,-0.23442024,-0.0004607439,-0.60126173,-0.06322271,0.004244089,-0.33493227,0.073491186,-0.18534207,0.18229377,0.17163071,0.04490739,0.13928479,-0.001573205,0.0114325285,-0.3131802,-0.10750818,-0.3252465
2014,-0.098636866,-0.22438863,0.028151453,-0.10010165,-0.12197414,0.13329232,-0.06819224,-0.6011187,0.11129549,0.08731848,0.14596948,0.20586437,0.26046824,-0.10259567,-0.012635708,-0.8156104,-0.60442007,-0.1373592,0.30257392,-0.29940996,-0.07254231,0.024467528,-0.22017333,-0.2687531,0.06411314,-0.3821145,-0.30898947,-0.38714415,0.18605456,-0.023106813,0.1463908,-0.045876533,0.188796,-0.3166331,-0.026275992,-0.2519542
2015,0.33651897,0.68036294,-0.07459238,-0.13653265,-0.03835827,0.041682094,-0.053530514,-0.1442402,-0.0039120913,-0.44726923,-0.4179844,0.006947905,0.1145699,0.110505655,-0.13216892,0.13433602,-0.28708884,-0.2623033,0.11709033,0.016067699,0.050866187,-0.22820532,-0.97316885,-0.02854979,0.00452647,-0.14487946,0.08178261,0.40627053,-0.13158733,0.9869421,0.3157624,0.37081218,0.66482735,-0.3859173,-0.23836242,0.11697
2016,-0.08409864,-0.2186432,0.2223075,0.5464455,0.44374132,0.24038059,0.07295406,0.2892122,0.11387533,0.25209403,0.62698096,0.031300426,0.09470418,0.050376043,0.21747825,-0.7895627,-0.63367236,-0.3286593,-0.65089154,0.16672815,-0.013386846,0.0982272,-0.3424895,-0.017280161,0.046760023,-0.5576849,0.093808234,-0.1829083,-0.751379,-0.3162827,-0.099978566,-0.012970388,0.017246783,0.27152294,-0.14826387,-0.0101210475
2017,-0.06800246,-0.73639107,0.09966254,-0.93955684,-0.3300475,-0.022471547,-0.30965227,-0.031047583,0.022121549,-0.5009835,-0.016962767,-0.065273285,-0.20344444,-0.034091346,0.060088277,-0.18417129,0.38008386,0.03713405,-0.321091,-0.27434206,-0.09195542,-0.06655145,-0.072600186,0.11454171,-1.2030754,-0.002192581,0.066360354,-0.35537887,-0.025569797,0.0784688,-0.13287136,-0.08640456,-0.1529991,-0.30812716,-0.122383535,-0.038143396
2018,0.6157332,-0.095908895,0.15329832,-0.47411346,-0.6200705,-0.006737411,0.13347799,-0.080947846,-0.042767704,-0.14415303,-0.44430426,-0.10089147,-0.5925808,-0.0005828738,0.38323045,0.26104033,0.076954335,0.29158413,0.015440941,0.10595144,0.13086063,0.009385634,0.6286988,-0.074905574,1.1711409,0.64783406,0.12481272,0.29704276,0.21579288,0.15461296,0.47050804,0.59644604,0.3170755,0.021477252,0.53756887,0.08590466
2019,-0.24111997,-0.3901766,0.23913378,-0.1449132,-0.24975477,0.033242404,-0.13927665,-0.3935864,0.2635746,0.075387865,0.07493085,-0.11110282,-0.23482044,-0.06825874,-0.36155063,-0.27704093,0.11428273,-0.011774898,-0.13155934,-0.045639724,0.0021190047,0.3401681,0.5186958,-0.24170655,0.0075865984,-0.109346986,0.032926917,0.3934943,-0.119561195,-0.08503267,-0.3452195,0.12592837,-0.07897973,0.7304808,0.6689647,0.28212327
2020,-0.13676187,-0.0887022,-0.18483299,0.368563,-0.3025162,0.041680217,-0.035360247,-0.6031819,0.14368951,-0.101120785,-0.22740264,-0.17312956,-0.08122802,-0.24164128,-0.1119746,0.591622,-0.051193267,-0.005434811,0.095027685,0.017575942,0.023388803,-0.29831696,0.22339031,-0.022823691,0.03677106,0.25210306,-0.15949076,0.2335926,-0.023803413,-0.11894749,-0.0965004,-0.40189597,0.16021156,-0.26379418,-0.01605481,0.0713374
2021,-0.48506582,-0.19658712,-0.08003688,0.25729465,-0.15965806,-0.11883986,0.12920803,-0.053190947,0.22170353,0.091113314,0.0755997,-0.10481751,-0.137121,-0.11126776,-0.046248853,0.13890964,-0.37201285,-0.014829993,0.6869334,0.00872644,-0.050308764,-0.19975853,-0.016219378,0.02232647,0.3148468,-0.2535097,0.12721854,-0.005481124,-0.13221982,-0.34849608,0.08229434,-0.5441902,-0.010476768,0.010750651,-0.10625465,0.0638963
2022,-0.46308696,0.21743317,0.2537675,0.05194497,0.13370192,0.034410834,-0.14946306,-0.026629657,-0.04634261,-0.27300096,0.3790452,0.101799965,0.4299603,-0.09465702,-0.13672936,0.16743726,-0.41857815,-0.08276081,-0.15393984,-0.3054263,0.06949848,-0.24234986,-0.13782266,0.01232636,0.17279711,-0.13870677,0.08997494,-0.13519716,-0.056513384,-0.028040588,-0.057720125,-0.020547688,-0.12809849,0.34268403,0.16433817,0.08741802
2023,-0.21776156,0.38281,0.29193568,-0.071672834,-0.2972014,0.103976786,-0.36926764,-0.20226307,-0.18456317,0.14422701,-0.37696904,-0.026140332,0.09095287,-0.06961882,-0.25201055,-0.15615177,-0.63385487,0.017391503,-0.13600895,-0.09262434,0.18799603,0.7050409,-0.4992148,-0.08970946,-0.7526565,-0.26306063,0.1691196,0.34194648,0.35682416,0.07811846,-0.5152085,-0.3493482,-0.023579076,0.5941578,-0.06071025,-0.0054686368
2024,0.18194821,-0.10016009,-0.034356534,0.006721318,-0.46837908,0.09081328,-0.37500238,-0.07900429,0.06759316,-0.06921661,-0.21953787,0.07760787,0.23658752,-0.049053147,-0.0075030923,0.48631445,-0.38228068,-0.01144582,0.07568455,-0.0950917,0.030347705,0.07624507,0.15901384,0.11628306,0.43491623,-0.25594506,-0.0010892153,-0.27863044,0.04765085,0.030384481,0.18673778,0.006230831,0.16974258,-0.21836522,-0.017715216,-0.04646343
2025,1.5738366,0.22027454,-0.10326147,-0.0883733,-0.53792214,-0.044273794,1.0319159,1.3236742,0.33168134,0.27418196,-0.17759773,0.0026146173,0.5853877,-0.3069513,0.051986754,0.054868102,0.24123205,-0.041932166,0.1435737,0.05727637,-0.09163886,0.21167874,0.17129758,-0.31305778,-0.09700334,0.06414163,0.15875852,0.39891362,-0.03421259,-0.19526196,-0.2360008,0.18376878,0.05679506,-0.051932693,0.008461803,0.13235217
2026,0.031496227,-0.1803759,0.12346092,0.032791257,0.38973337,-0.0016680956,-0.021199703,-0.66737163,0.03143516,-0.095289946,0.4291467,0.37293446,-0.68773794,-0.19107962,-0.022084951,2.3147023,0.8029796,-0.125485,0.11179507,-0.1219601,-0.14289814,2.32833,0.8037233,0.24450445,3.7782671,1.175585,0.6798839,0.346295,-0.034327127,-0.064095736,1.3987197,1.4421796,0.45158815,-0.18337801,-0.39346015,-0.21879408
2027,0.43211865,0.067979574,-0.04852456,0.55769366,0.41929466,0.09248567,0.55293834,0.08886385,0.13932776,0.369799,0.17186278,-0.028971791,0.010946155,-0.020172656,0.18627465,0.17629252,0.34121212,0.025991619,-0.2879889,-0.18223974,-0.009206593,0.0709458,0.30387977,-0.035781264,0.1739583,-0.23803808,-0.11528695,0.0054626465,0.11944261,0.11182839,0.505156,0.3687894,-0.13628346,0.4278814,0.09175742,0.0008095503
2028,-0.23694077,0.105561405,0.1042414,-0.07551557,-0.10047421,0.017587602,0.0018039048,-0.055122107,0.008376062,-0.11191445,0.051574558,-0.008125484,-0.7152071,-0.24759156,-0.04297957,1.6212437,0.4127213,0.084644556,-0.29513347,0.12350416,0.02077961,0.8361527,0.3319383,0.281693,3.8562362,1.289988,0.41521055,0.013911277,-0.08768749,0.027908504,1.3726417,1.1801205,0.3314144,0.01472123,0.053390384,0.075219005
2029,0.004499644,0.2076295,0.13907203,-0.2728486,0.09115773,-0.24426718,-0.25355816,-0.28961986,0.14820012,-0.69222945,-0.5905044,0.3971682,-0.516656,-0.32539344,-0.49535802,-0.044769257,0.4003967,-0.2766173,1.0785321,-0.09095839,-0.21030848,0.3751565,0.49813926,0.22933258,-0.57163537,0.13372329,-0.041490912,-0.1907183,0.03998285,-0.072859794,0.09337939,0.2810054,-0.15767719,0.059587106,0.12987074,0.2757674
2030,-0.37352806,0.025676731,-0.21840173,-0.7446483,-0.14640734,0.06253246,-0.7152393,-1.0207212,0.11671692,-0.035324216,-0.4283176,-0.22948831,-0.067235634,-0.36358514,-0.38092625,0.1943335,-0.29223585,-0.14183037,0.57080233,-0.31347495,-0.42248374,0.34522623,-0.121534765,0.007428214,-0.516446,-0.24798524,-0.35337612,0.04922968,-0.4237129,-0.30840486,-0.31525677,0.077994555,-0.89149904,-0.5296723,0.6800096,-0.019341677
2031,-0.042224944,-0.121444374,-0.07676619,0.056198537,-0.1998268,-0.07927704,0.2533637,-0.33392137,0.1397245,-0.116936505,-0.0401358,-0.23599714,-0.010197848,-0.09183407,-0.018697143,-0.33210137,0.5051421,0.11759257,-0.3287884,-0.5438342,-0.00648129,0.24331945,-0.54943216,0.19991916,-0.5001144,-0.20729153,0.14884979,1.428896,0.37772056,0.346799,1.4989474,0.26929817,-0.14709526,-0.052078426,-0.19017327,0.015120089
2032,-0.06376064,-0.24466188,0.05127561,-0.32411247,0.034448255,-0.18218094,-0.33503497,-0.12580942,-0.07667816,-0.27539897,-0.09965054,0.05904454,0.23789728,-0.30365178,0.029481292,-0.38288796,-0.1678054,-0.04460144,-0.17089951,-0.07839471,-0.041586637,-0.012901306,0.099609464,-0.068208694,-0.066812456,-0.2850542,0.0068083405,0.16429418,0.13486081,0.051116824,0.107182264,-0.1932686,0.14238816,-0.08680037,-0.1256246,-0.01842916
2033,-0.025774091,-0.05075848,-0.30452263,-0.4267553,-0.18412009,0.4765829,-0.6616461,-0.28864956,-0.18954709,0.0016196072,-0.059362046,-0.17853892,-0.8983742,-0.3919388,0.22776446,-0.30040732,-0.35718507,0.39386386,-0.5612171,-0.28219628,-0.50889885,0.037062813,0.48892003,-0.20148814,1.4435519,0.79445887,0.09632923,-0.025046691,-0.28009075,-0.19126147,0.45816386,0.38679913,0.19300233,-0.15707482,-0.44495976,0.10943079
2034,0.11338538,-0.38114375,0.23030216,0.18908334,-0.3650095,-0.19755399,-0.350919,0.11836889,-0.19570953,0.03519693,-0.3982745,-0.3336982,-0.06570089,0.07775025,-0.01600593,0.19806245,-0.17868723,0.10621202,0.31749564,0.29510143,-0.41373494,0.63237166,-0.1593445,0.043860435,0.35729223,0.39296007,0.043580532,0.07571918,0.028348967,-0.08409423,0.8013115,0.8442464,0.12675124,0.048854917,0.26654136,-0.08324301
2035,-0.17041999,-0.03671056,-0.21555793,-0.22120807,-0.33478513,-0.11027062,0.043661714,-0.11791572,0.24184245,-0.1413163,-0.11089599,-0.1161176,-0.31790018,-0.27467823,-0.012265146,0.65151715,0.01718485,-0.10444994,-0.007146597,-0.07787311,-0.12170076,0.96141475,0.38352004,-0.15577635,0.9474108,0.23730418,0.20051932,-0.36783242,-0.02134183,-0.0403744,0.42672944,0.114387766,0.25458372,-0.02804342,0.15797746,-0.12800506
2036,0.5707902,-0.0333409,0.053293824,-0.17649817,0.1010978,-0.06740713,-0.07638192,0.06416634,-0.020900369,-0.31979966,-0.22636023,0.06640172,-0.1495961,-0.15676543,0.22731863,0.11639714,-0.062093098,-0.048014283,0.024633527,0.052563637,-0.022126555,0.03382194,0.68897617,0.051834583,0.1240727,-0.18012607,-0.20864981,-0.010875225,0.028799862,-0.011721015,-0.16173285,-0.3035153,-0.014594108,-0.09848219,-0.24572544,-0.11384666
2037,-0.045513034,-0.13153489,0.04832387,-0.65307283,-0.50097054,0.0019317269,-0.33665025,0.04313016,-0.0245682,-0.3582915,-0.46916068,-0.03552127,0.30947006,0.025652386,-0.16830683,0.08421384,-0.056930646,-0.10775483,0.003367424,-0.4693815,0.011403918,-0.65651065,-0.5928164,-0.118610024,-0.24385041,-0.38258475,-0.010195792,0.24109277,0.6581247,0.04130113,0.1300813,-0.27732986,-0.23443505,0.037204742,-0.22915241,-0.118403435
2038,-0.02648075,-0.05497104,0.0076414347,2.7009008,0.49799442,0.18410781,2.0453677,0.7323583,-0.0007418394,-0.09322591,-0.10989392,-0.021799862,-0.6806452,-0.0500741,-0.33378458,0.38672546,0.12034023,-0.062446892,-0.21218956,0.07048875,0.013703942,0.7817532,0.16002858,0.23313175,4.717528,1.2118442,0.46768698,0.0058418512,-0.09004338,-0.026999056,3.2728696,1.3057188,0.74078035,0.3074335,0.11230382,0.124097824
2039,-0.12940013,-0.3362646,-0.18893456,0.2647349,0.3901923,0.13065529,0.513028,-0.1934521,0.12962455,-0.03785968,-0.08216889,0.1307984,-0.4227033,0.0023216456,-0.0042753816,-0.20305091,0.27998155,0.16763353,0.028922975,-0.049272776,0.1853646,0.12879519,0.22641915,0.1004591,-0.2865166,-0.36714795,0.10322249,0.16510397,0.13946943,-0.17189747,0.1864198,0.027500361,0.05458221,-0.33511204,-0.13112843,-0.12516606
2040,-0.29040432,0.19116148,-0.13084725,-0.17145658,0.41951284,0.12044081,0.09235376,-0.18695623,0.06791434,-0.4511105,-2.4645262,-0.09448265,0.3664013,-0.25498787,-0.0942193,-0.119932294,0.40674704,0.19121628,0.045213103,0.5240494,0.22600612,0.08682382,-0.350168,0.3827095,-0.0307976,0.049053274,-0.5176027,-2.4901567,-0.02951219,-0.39760298,-0.6453854,-0.024345845,-0.23857187,-0.30476305,-0.33239388,0.255348
2041,0.25491136,-0.2175577,0.089057654,0.5404513,-0.53675264,-0.28034472,0.18549705,0.18073514,0.11378193,0.04668975,-0.13381831,-0.037392378,0.12612894,-0.21360868,0.15511847,-0.19012618,0.24513014,-0.36591142,-0.013135076,-0.4685734,0.103210986,0.46205437,-0.3523345,-0.27349174,0.14999345,-0.2923625,-0.34827316,-0.03449987,0.052389905,0.03600639,-0.5859566,0.19369319,0.04252535,0.07646918,0.016762137,-0.06854808
2042,-0.13850087,-0.15627785,-0.036024094,-0.022850215,0.83201563,0.14777583,-0.4486043,-0.23153195,-0.1588164,0.14873657,-0.025699735,0.28989834,0.086141944,0.2793663,0.61391115,-0.20019454,0.1858755,-0.099488854,-0.19852942,0.034213334,-0.27369535,0.18080592,-0.14791408,0.0225268,-0.35969055,-0.10616322,0.054055154,0.19851163,0.26934153,-0.10726255,0.18908525,0.054321468,0.07370359,-0.015177369,0.085439086,-0.020796657
2043,-0.027705312,-0.06880915,0.064404905,0.37114444,-0.056970894,0.07582605,-0.21699417,-0.030827224,-0.029421687,0.3654157,-0.20122895,-0.0615052,0.09848392,0.08570856,-0.08631247,0.24936992,-0.053721756,-0.033047855,0.72220814,0.033566713,-0.012906015,0.010312557,0.3650871,0.03372574,0.41212428,0.22893439,0.24915117,0.33318073,-0.0709528,0.026095688,0.053252876,0.11105929,0.066948,-0.11892122,-0.04293543,-0.020475805
2044,0.34307933,-0.25359905,-0.016655862,-0.018040597,-0.40490812,0.08234775,0.2711802,-0.025379598,-0.24070436,-0.25594485,-0.26138413,0.33682168,0.37231106,-0.38508946,-0.1455996,0.11336744,0.1361285,0.0776611,0.15752524,-0.1544801,-0.010606408,0.03988421,0.23577943,0.1459024,-0.49753344,-0.42147815,0.012186289,0.11567384,-0.24078648,-0.14874715,-0.3354833,-0.041510805,0.039509356,0.195925,-0.24806349,-0.16147071
2045,-0.3150327,0.08056933,0.108315945,0.0126770735,-0.0014282912,0.042116404,-0.29404134,-0.18850553,0.051472664,0.06310159,-0.33047336,-0.093288064,-0.2629196,0.06225121,0.12853962,0.1361534,-0.3895887,-0.069736004,-0.116951406,0.031390347,-0.13150275,-0.32456452,0.08459568,-0.05490321,0.340648,-0.04287228,0.056815803,0.28698725,0.084068954,-0.06129074,0.17452568,-0.0889644,0.3021002,-0.22236449,0.22872165,0.104587674
2046,0.11334646,0.14525712,0.076509595,-0.36892688,-0.11774278,0.25874564,0.037782848,-0.1536529,-0.0077233315,-0.20040238,-0.25208655,-0.14113462,-0.38394526,-0.50819314,-0.187675,-0.06190975,0.27947623,-0.042559743,0.008864582,-0.18819451,0.028604805,-0.41197133,0.21645609,-0.2291317,0.038470566,0.088082016,0.044088185,-0.03026171,0.3733995,-0.04211068,0.15609583,-0.20599008,-0.29938364,-0.02342087,-0.3821756,-0.0010168552
2047,-0.071018815,0.0059351325,0.037748456,0.35155237,-0.11340993,-0.069354415,-0.16233218,-0.4184799,0.09540868,-0.021800697,-0.22708192,0.047043324,-0.13709384,-0.24075785,-0.17622429,-0.48505777,-0.07592211,-0.022862136,0.32555503,0.0066380203,0.18175226,-0.6524339,0.24839188,0.15510482,0.24972767,0.13821632,0.30933654,0.16359288,-0.20789507,0.23281509,-0.37958384,0.099373415,0.03864163,0.09730005,0.10132861,0.12157309
2048,0.324817,-0.04114878,0.15500695,0.75637686,0.22939284,-0.0060990453,0.076496124,0.39736617,0.015915155,0.22445406,-0.008514196,-0.02251029,0.22151947,0.018951418,-0.13243443,0.020880044,0.08865823,-0.0034928322,-0.023122907,-0.14044157,-0.017568946,0.4043222,0.08859809,-0.07245982,0.28823447,0.12549758,-0.06393689,-0.20812969,-0.048093017,0.011466384,0.49313235,-0.14487466,0.13637388,0.4996835,-0.049839705,0.06973851
2049,0.1183212,0.21858191,-0.007857382,-0.106996596,0.18798587,-0.019103646,0.1947992,0.08029934,0.18056935,-0.093898356,-0.3095254,0.09948993,-0.27454317,0.06358169,0.044497848,1.3476658,-0.041403323,0.08598524,-0.6431302,0.07247847,0.062143385,0.23208922,-0.02879481,-0.011812121,3.3070111,0.5215234,0.554621,0.19174999,0.15461178,0.14829671,1.7000964,0.78987074,0.117162585,0.3203153,0.03582108,-0.00482285
2050,0.24574636,-0.09118664,-0.093079925,0.29952052,-0.20362473,-0.10470444,-0.0891729,0.18022929,-0.07327622,-0.098689556,-0.063029975,0.04164678,-0.22606945,-0.2641911,-0.17220229,0.90210885,0.2070619,0.09586871,-0.527845,0.027983844,-0.14297718,0.7237293,0.4631621,0.06996167,1.430714,0.4712004,0.14785314,-0.11475359,-0.16757229,0.07258928,0.42993093,0.24257028,0.18336886,-0.039168715,0.02868098,-0.016281068
2051,0.066130415,-0.08865927,-0.055223644,-0.113272786,0.04415772,-0.02163142,0.21987551,-0.36173308,0.04854101,-0.086015105,0.11966826,0.08716625,-0.494842,-0.38492087,0.01827088,-0.19307208,-0.18396387,0.15051013,-0.2117716,-0.045613617,0.17622769,-0.39664206,0.52947414,-0.008547306,0.2103629,-0.082861975,-0.1811148,-0.25547555,0.05980036,0.09586561,0.22759771,0.0028902292,-0.17666414,0.22331119,-0.0028196052,-0.45445806
2052,-0.26234236,0.36845514,0.13169253,0.66802824,0.11429699,0.103125334,1.0450852,0.17446566,0.035243332,-0.12786165,-0.45186386,-0.08461386,-0.0736178,-0.023042679,0.08359659,0.2030711,0.1376661,0.06503576,0.02875799,-0.18225178,-0.08523363,-0.6863549,0.033686757,-0.007890284,0.50039303,0.5726856,0.10963595,0.018353932,0.17325369,0.11835992,0.1616225,0.19339222,0.22657841,-0.1979332,-0.2651903,0.09566736
2053,0.024301171,0.027925104,0.031970263,0.09225434,-0.41316175,-0.16857916,0.00019621849,0.07954022,-0.0026738048,-0.026767269,-0.15356976,-0.051985204,0.003273107,-0.025751323,-0.25520304,0.08556646,2.5775788,-0.0838328,-0.2447521,-0.12288639,-0.09864628,-3.034883,-0.023673251,-0.1266459,-0.13998358,0.0650792,0.15517522,-0.027414143,0.56997526,-0.05549133,-0.13810344,-0.037553806,0.16649309,-0.0033878908,-0.120508045,0.037344635
2054,0.37961036,0.017707303,-0.0024812222,0.5283912,0.0044401735,-0.0146356225,0.087905884,-0.099396765,-0.1599856,0.68816084,-0.43062165,0.016453922,-0.060738146,-0.35039294,0.040878356,-0.15258723,-0.103284515,0.09401256,-0.22593814,0.1457462,0.1539824,0.3190387,0.0016983151,0.34363985,-0.09310058,-0.08939168,0.11929083,-0.075315475,0.18345734,-0.14163017,-0.11372048,-0.27413255,0.08987647,0.02631241,0.0956468,0.0704819
2055,-0.19376713,-0.33231136,0.019540071,0.10301942,0.023989856,-0.08799338,-0.46191776,0.21705055,0.096411765,-0.38390744,0.13295825,-0.020036697,-0.5027106,-0.043379165,-0.18312305,0.34610635,0.3818093,-0.18304247,-0.08447659,0.028884709,0.009699881,-0.24798274,-0.10344702,-0.05668533,-0.20401877,-0.364419,0.045232415,0.28373015,0.025616914,0.13676655,0.17793393,-0.47557098,-0.18885756,0.16549295,-0.06425297,0.08051276
2056,0.4102615,-0.15930256,0.20840997,0.042310223,-0.32694697,-0.14185423,-0.10593623,0.3788044,-0.26617414,0.6608548,0.24263132,0.24239042,0.69417393,0.472258,0.02628693,0.59854984,0.64563227,-0.072199166,0.073087215,0.004977107,-0.0005822778,0.08847532,0.16529013,0.0016892552,0.18543395,0.040665153,-0.102231026,-0.12232911,0.19477528,-0.062265098,0.18411374,0.52689755,0.010709584,0.076176375,0.19375429,-0.06062138
2057,-0.033699095,-0.05886796,-0.1648534,0.37085402,-0.49130198,-0.096037745,0.111380994,-0.0036721826,-0.14069599,0.33182406,0.0785307,-0.0006749034,-0.017726064,-0.3653624,0.05091995,0.11685777,-0.30267745,0.22560763,0.124824405,-0.13243365,-0.1706469,0.35389858,-0.12629035,0.26183277,-0.20721698,0.031907696,-0.15323657,0.4846971,-0.07912716,-0.20536578,0.43938345,0.19785619,0.23129159,0.28781188,0.39655262,0.20787203
2058,0.22984943,0.1887863,-0.33666784,-0.07957339,0.0463378,0.09720445,-0.7740336,-0.16206717,0.01565218,0.36742502,0.20234221,0.04239285,0.33878154,0.09143887,-0.13299736,-0.2509224,-0.1512483,0.02533865,-0.21970981,-0.004867971,0.12418121,-0.67818874,-0.018282354,0.1816178,0.039045215,0.20126823,0.032513916,0.06182164,-0.022502065,-0.12177056,0.09432423,-0.04883635,0.015361041,-0.0138396025,-0.18741465,-0.2869957
2059,-0.100889266,0.22130439,-0.05460167,-0.7456994,0.012637451,0.34274864,0.040365756,0.048459888,-0.08881897,0.41684592,-0.38099116,-0.09671697,-0.4482067,-0.29659262,0.015202701,-0.1471762,-0.010754347,-0.03198406,0.56813896,0.113164246,0.028265357,0.11695039,0.42079875,-0.046524465,-0.3175233,-0.13481921,-0.21788296,0.04416144,0.6153688,0.22284526,0.18574011,-0.4064336,0.5078684,0.1492148,0.44985643,0.08023554
2060,0.44663927,-0.09695204,-0.08621454,-0.18728733,-0.027915448,0.1318844,-0.12964594,0.061282843,0.10614425,-0.3606924,-0.27299958,-0.033970594,-0.34997976,-0.50876147,0.37337327,-0.12371218,-0.20830141,0.24427378,-0.011305094,-0.04656923,-0.06771237,0.2849757,-0.05928746,-0.24824291,0.035906315,-0.31275663,0.044131875,0.06816232,0.25465828,-0.26713133,0.09933329,-0.5238106,0.15308845,-0.68229824,0.03635928,0.00052148104
2061,-0.3484435,0.111754596,0.16756892,0.3039664,0.0782541,0.07734048,0.4305045,0.3608956,-0.005620897,0.24019599,-0.254507,-0.16298002,-0.025639296,-0.40559956,0.12890685,0.06534213,0.17366709,-0.1719876,-0.17885894,-0.22624838,0.13992566,0.103818536,-0.14939176,0.0139347315,-0.31964624,0.01769884,-0.0034370422,-0.15473145,-0.22874373,0.08317888,-0.11659318,-0.08327663,0.028707266,-0.08863926,-0.029475987,0.06594777
2062,-0.37511837,0.07117173,-0.047934413,0.098558664,-0.3439249,0.008801699,0.35201555,0.09340224,0.082824945,-0.08459371,0.29163307,0.5422851,0.30501568,0.038423263,0.19980085,-0.29487336,-0.09891144,-0.07799286,-0.11449075,0.009230107,-0.07824004,0.037114024,0.23993899,-0.0053010583,-0.6525068,-0.15578432,0.0051504374,0.16589232,0.048478596,-0.022561908,-0.034037948,0.081731424,-0.067566335,-0.06683302,0.107821345,-0.044062674
2063,-0.0930568,0.20490076,0.04600048,-0.15737134,-0.21591118,-0.075371504,0.15800525,-0.17221577,-0.04636985,0.3239807,-0.017010361,0.030534983,-0.32735217,-0.4169829,0.31497443,0.47120422,-0.19989212,-0.05786422,-0.44616508,-0.016331285,-0.17029107,-0.59276855,0.0758104,-0.11453295,0.29902554,0.25480902,0.21093982,0.018357188,-0.19451918,-0.11726695,0.22942638,-0.08982087,-0.066688925,0.18055627,0.031201214,-0.41908145
2064,-0.17230654,-0.073495835,0.109040976,0.78233075,0.18294178,0.14421964,0.49615782,-0.05235845,-0.14883256,-0.057296395,-0.14398926,-0.09018922,-0.16576177,-0.31056893,-0.028244913,0.097513914,0.06255739,0.029065847,0.1483455,-0.066112995,0.019379973,0.27352452,0.489957,-0.045396447,0.014279544,-0.1489937,0.03428769,0.6041657,0.21946102,0.03412664,0.34501743,0.46229672,0.13898492,0.05011034,0.09339106,0.06311965
2065,-0.028205514,-0.15941906,0.014361024,-0.514794,0.059501708,0.02924931,0.099356055,-0.09522715,0.18831539,-0.47487438,0.21506979,0.026346385,-0.11139715,-0.1303448,-0.038780153,-0.33325148,-0.24691372,0.08225721,0.119998336,0.006955445,0.09818852,-0.083256006,-0.37016326,-0.022069097,0.02659607,-0.35007367,-0.2202822,-0.27297735,0.017135292,0.05192256,-0.33388314,-0.09474391,-0.06329736,-0.1609143,-0.10088578,-0.14097369
2066,0.68348545,-0.12070897,0.116353154,0.06448853,-0.42971456,0.04363233,0.06558759,0.13795531,-0.007125318,-0.60329986,-0.07034187,0.033055782,-0.06317745,0.52958906,-0.29832608,0.02505296,0.22395137,-0.011616886,-0.2948187,0.3533833,-0.054756224,-0.33613098,-0.9017668,-0.08740246,0.053871974,-0.11122988,0.064848065,0.348493,0.020569313,0.5266733,0.3955803,-0.09967053,0.19506347,-0.5533112,0.09084642,0.1401434
2067,-0.42071036,0.26019195,0.097197354,0.13914847,0.5036282,0.21447414,-0.5423764,0.08720873,0.2991433,0.14397812,-0.13825445,-0.26745826,0.15920387,0.19605672,-0.0853346,-0.14722359,-0.58473,-0.2429725,-0.030190825,-0.5890951,0.15942127,-0.16591464,0.046551384,-0.1784513,-0.3266231,-0.34672654,-0.000744164,-0.08969748,-0.37332925,-0.11722326,-0.20734155,-0.58523524,0.29200625,-0.22281958,0.103976905,-0.24459398
2068,0.22287393,-0.52371556,-0.057748795,-0.48358095,-0.45809186,0.034602284,-0.37090072,-0.39727724,0.014110923,-0.3680902,-0.22950585,-0.086473525,-0.13492817,-0.15748625,0.020391524,-0.31304437,0.22134711,0.09245205,-0.29194793,-0.18724698,-0.14664668,-0.15894318,-0.40956426,0.04848057,-0.9003346,-0.11741192,0.094898164,-0.20706032,-0.33443803,-0.031668365,-0.07153684,-0.030459642,-0.05598104,-0.33462977,-0.1556462,0.05821967
2069,0.68094075,-0.098488234,0.23483068,-1.1994994,0.048813596,-0.0044626594,0.2725069,-0.34087205,0.13837606,-0.5410953,-0.46264726,0.08883083,-0.3181075,-0.25835612,0.18785295,0.7004613,-0.1270014,0.39317057,0.49171352,0.02056498,0.2652275,0.23255649,0.28418705,-0.22324306,0.728413,0.96107644,0.0075915456,0.07368995,-0.459779,-0.09280181,0.56718004,0.44948322,0.3633226,0.0991884,0.1027212,-0.03350562
2070,-0.22937119,-0.13342525,-0.34338388,0.2973311,-0.05992794,-0.015008867,0.31876874,0.19388022,0.13058186,-0.17634457,-0.012529969,0.07773444,-0.2259402,0.19167852,0.15804785,-0.004401326,-0.051932745,-0.09903556,0.57793504,-0.10704412,-0.24101144,-0.44420958,0.135638,-0.11569989,0.12286252,-0.27603436,0.6243711,-0.03259456,-0.23709667,-0.013012201,0.057902902,-0.3128267,-0.05408281,-0.057703257,-0.6794264,0.1289767
2071,-0.13090158,0.33517212,0.099579334,-0.28492308,-0.30860913,-0.08506769,-0.26110417,0.35329568,-0.14065158,0.22636473,-0.6756867,-0.1853106,0.14034109,0.16819368,-0.07344404,-0.44555,-0.47406584,0.09819007,0.06761025,-0.15622583,0.19215673,0.37762296,-0.3149509,-0.22143358,-0.27168512,-0.4957869,0.2605374,-0.05474359,-0.27069867,-0.08873433,-0.11844751,-0.3204756,-0.0029411614,0.5171539,0.020211369,-0.028300405
2072,0.01845947,0.19108483,0.5325174,-0.19267325,0.5333263,0.052807152,-0.20077723,0.33442008,0.30224884,0.04254648,0.6041212,-0.16726759,-0.42776632,-0.053269744,0.32420355,1.1756802,0.31725973,0.15171665,-0.30620763,-0.11069664,0.2801059,0.44505215,0.07488181,0.6129226,3.7920344,0.9432668,0.3892991,-0.059858233,0.04015237,0.24586165,1.2189009,0.83922875,0.59290063,0.016065717,0.34458962,0.76914394
2073,-0.37101144,0.06435639,0.027067631,-0.13230857,-0.32991004,-0.184116,0.13320357,-0.6507776,0.104102135,0.22890624,0.40617746,0.23296443,-0.24803254,-0.06785804,-0.5320977,0.3009658,0.09427337,-0.43162256,-0.1361061,-0.25691968,-0.4346549,0.41744155,0.7182347,0.14403558,0.8860445,0.09586638,0.23893231,-0.22932625,0.3349616,-0.00869602,0.6543842,0.11405136,0.025115848,-0.55001396,-0.50696015,-0.5715434
2074,-0.26299313,-0.14507279,0.2988782,-0.12785299,-0.57074636,-0.44655806,-0.34190273,-0.11306423,-0.3864984,0.38693658,-0.116930276,-0.06141448,-0.8169163,0.03106042,0.037591033,-0.1048737,-0.32539177,0.016894877,0.24254319,-0.49264413,0.35040468,-0.042909026,0.24866629,-0.19485426,0.21535829,0.01738374,-0.45774847,-0.41511422,-0.40369904,0.096791774,0.565741,0.43754226,0.13814062,0.40033725,-0.31559646,0.0543465
2075,-0.10594083,-0.058077574,-0.25322226,-0.041579142,-0.47222626,0.14224231,0.27050108,-0.27087724,0.13510156,0.38501877,-0.07302588,-0.18790686,-0.29505354,0.080724865,-0.1269756,0.25241488,0.17364699,0.2846128,-0.33927658,-0.43789914,-0.18542379,0.42165202,0.25822443,-0.076182455,0.79392534,0.50598055,0.18616709,0.07788336,-0.19864823,0.05118996,0.30950767,-0.06840584,-0.054146886,-0.23288497,-0.13415253,0.12879005
2076,-0.19319725,-0.025120318,0.11631161,-0.088621974,-0.017737955,-0.09924513,-0.22439623,0.13707817,-0.005566001,-0.051894963,-0.18567434,0.0430395,0.033234835,-0.06027174,-0.08837968,-0.18841732,-0.0758941,-0.07072574,-0.045090437,-0.048413515,0.036086082,0.026789963,-0.017749935,-0.027904868,0.070174575,-0.07962939,0.042396247,0.1922487,0.0073758066,0.012729287,0.08979845,-0.14522737,0.098866284,-0.01238066,0.0660522,0.0012421012
2077,-0.49015808,-0.059123904,0.026567578,-0.18721902,-0.17058022,0.03636104,-0.1970824,-0.07347572,0.028342605,-0.11097801,0.09188074,-0.0908674,-0.3008526,-0.08081948,0.044190288,0.38130236,-0.047038727,-0.099948704,0.015787125,-0.1286768,-0.16268957,0.2761088,0.054437507,-0.009622395,0.5598849,-0.15917653,0.106496215,-0.5304681,-0.25282302,0.1774497,0.03157735,0.11304119,0.16326565,0.037743688,-0.08898932,-0.17874771
2078,0.371086,-0.0008482635,-0.071136355,0.02869451,-0.14499383,0.045848906,0.20462,-0.22173399,-0.043752432,-0.24831319,-0.18462291,0.039485633,-0.039673686,-0.19121017,-0.031028569,0.82396495,-0.21775691,-0.103879094,-0.02652502,-0.1381612,0.0074800253,0.2252087,0.15344307,0.121735156,-0.0034829974,0.030381843,-0.18936783,0.01912719,0.37171614,-0.12308973,0.17031765,-0.1273211,0.06982413,0.13421518,-0.010901272,-0.12810737
2079,0.26664877,0.09881243,0.007403344,2.3706257,0.4594549,0.22959688,1.458764,0.46192273,-0.077483445,-0.016860962,0.16149269,-0.117856175,0.045114517,-0.11539267,-0.44054544,0.3482822,0.14441924,-0.08863613,-0.22516686,0.009547919,0.012161702,0.3558972,0.11922651,0.22064707,4.3716235,1.0257854,0.3741968,-0.015787616,-0.017198347,0.061692625,2.7873514,1.133577,0.29405174,0.078327976,0.11731389,-0.053949505
2080,-0.004551977,0.29337287,-0.044278637,-0.17295597,0.063049816,-0.29537392,0.22955146,-0.27352318,-0.026299298,-0.17460327,-2.54354,-0.24569148,0.08367446,0.1556556,-0.45897853,-0.15520164,-0.19301936,0.2728971,-0.0731653,0.49065962,-0.06488833,-0.0116380155,-0.13805428,-0.20954323,-0.11327272,0.11094956,-0.20609564,-3.9065409,-0.00090256333,-0.23754561,-0.26630288,-0.04149206,0.06303927,-0.319138,-0.093541816,0.119776614
2081,-0.41995963,0.24733958,0.087836236,0.56163305,0.049149513,0.11615306,0.39331827,0.035524487,-0.087124586,-0.062039256,-0.39519858,0.14131069,-0.66942847,-0.28020233,-0.21756527,-0.01168704,0.19476786,0.022131532,-0.038999468,-0.06414389,-0.4666685,-0.42238635,0.1193295,-0.19943827,-0.57174736,-0.21957773,0.05722928,0.2068136,0.16515209,0.07509768,-0.026391089,-0.040968392,-0.5967394,-0.201927,-0.15430258,0.13300955
