,2h(-7),2h(-7),2h(-7),2h(-7),ma(-7),ma(-7),ma(-7),ma(-7),2h(-7)+ma(-7),2h(-7)+ma(-7),2h(-7)+ma(-7),2h(-7)+ma(-7),2h(-5),2h(-5),2h(-5),2h(-5),1o3ol(-5),1o3ol(-5),1o3ol(-5),1o3ol(-5),2h(-5)+1o3ol(-5),2h(-5)+1o3ol(-5),2h(-5)+1o3ol(-5),2h(-5)+1o3ol(-5),ea(-5),ea(-5),ea(-5),ea(-5),eb(-5),eb(-5),eb(-5),eb(-5),ea(-5)+eb(-5),ea(-5)+eb(-5),ea(-5)+eb(-5),ea(-5)+eb(-5),PFO,PFO,PFO,PFO
0,0.0902766,-0.014629707,0.06409669,0.22704029,-0.07906841,-0.36132866,0.111665726,0.061115146,0.17508739,0.058803856,0.14561576,-0.09409243,-0.106277764,0.18830983,0.15370363,-0.2681479,-0.6003766,-0.19424996,-0.2213257,0.023127764,0.019145608,-0.20905209,-0.52802026,0.025350034,0.33924943,-0.23680824,-0.20357406,0.07358843,-0.01909864,-0.108934745,0.11446595,-0.23632607,0.74617016,0.33914292,0.11958903,-0.28667206,0.2792958,-0.2787989,0.18107551,-0.1445623
1,-0.2158854,-0.14767933,-0.065443516,0.12379801,-0.102120034,0.6310097,-0.3308895,0.022153378,0.044341534,0.5296579,0.36809435,0.14125979,0.3108306,-0.09840009,0.013050139,-0.08449054,-0.15294337,0.01919647,0.055114865,-0.080071926,-0.12195864,-0.32525247,-0.19945967,-0.11951399,-0.15903448,0.64648515,-0.07454169,-0.2226888,1.5074011,1.289174,0.6738111,0.62524766,0.7027962,0.119139194,0.14432698,-0.18173349,0.15614754,0.7366345,0.048923135,-0.10459757
2,-0.014304653,-0.09796728,-0.20350185,0.18966293,-0.1978845,0.12867045,0.5459109,0.09476435,-0.7555919,-0.38566405,-0.28306675,0.2124927,0.3284663,-0.09700437,-0.3307858,-0.22398254,-0.19842702,-0.13318247,-0.20194036,0.94776654,0.22984727,0.55185294,-0.8106375,-0.047646224,0.16999333,-0.32097918,0.3971605,0.18178743,-0.34655884,-0.02467981,1.5170583,-0.15966088,0.31948018,0.48798928,0.4674955,-0.26736084,-0.24223882,0.2853198,0.29039258,0.20350087
3,0.097009495,0.006141439,-0.1588494,0.5500971,0.31400135,0.11285812,0.71711934,0.08268452,0.17174377,-0.38075364,-0.5216081,0.20282304,-0.50789535,2.6952925,-0.24269688,-0.45887697,-0.106960654,0.054245584,-0.062589556,0.26115674,-0.53000814,0.38440472,-0.631352,-0.3003179,0.08783892,-0.19596064,-0.08890039,0.0824604,-0.23066318,0.5307869,-0.048442602,-0.23416376,0.45455283,-0.49643767,0.6095415,-0.07687527,0.0307042,0.08728093,-0.08063918,-0.21524084
4,-0.0855636,-0.3290915,0.11005622,0.039563358,0.37461653,0.1948849,0.15105487,0.12280464,0.25302055,0.838128,0.11056152,-0.19537169,-0.3726019,-0.1482208,-0.19246233,0.23946479,-0.051413596,-0.19315088,-0.13642806,0.08762807,-0.013664395,0.03183797,-0.2861335,-0.6717193,0.17144485,0.11819303,0.37329677,-0.055132985,-0.32094783,0.3732124,0.07727189,0.317154,0.5205877,0.617168,0.11912313,-0.07877663,-0.087162375,-0.45830825,0.5155398,0.20004421
5,-0.82208884,-0.43865895,-0.27363274,0.4033231,-0.53729916,-0.42136788,-0.2927063,0.23407769,-0.12602611,0.3520025,0.40027016,-0.011988163,-0.553901,-0.107325196,-0.51628476,-0.025142707,-0.57364583,-0.46481043,0.06733835,-0.06203544,-0.2264061,-0.21630484,0.027050793,-0.51874644,-0.21919729,-0.27749133,0.10099357,-0.015262365,-0.07178187,1.3198376,-0.0063917637,0.025147917,-0.12601072,-0.32808512,0.08095536,0.1220984,0.06828463,0.12138347,0.1626595,0.10143502
6,0.031952024,-0.029922396,0.022269666,-0.037016273,0.3558278,-0.00051903725,0.05677259,0.05362594,0.40617853,0.15910695,0.17794782,0.23346245,0.60860264,0.5832378,0.19054475,-0.03276077,-0.045629025,0.0861069,-0.10042989,0.056964517,0.8325014,0.18534026,0.2207579,-0.023966134,0.20707035,0.06017503,0.15495586,-0.034936428,-0.47347295,-0.13290572,-0.09950867,0.22713727,0.5390277,-0.10619664,0.00027948618,0.085565805,-0.17861244,-0.028331786,0.08361569,0.11639631
7,0.017082214,0.31373438,-0.23347434,-0.030790329,-0.005667001,0.153476,-0.048441574,-0.09216511,-0.0492301,-0.013933033,0.13525285,0.35900843,0.048101913,-0.78259885,0.1674691,-0.43255186,-0.15157117,-0.2476219,-0.18401617,-0.1552521,0.1559541,0.39443088,-0.3596866,-0.08437157,-0.08807167,-0.004458666,-0.13804936,0.17894322,-0.10899648,0.18987703,0.046210133,0.11872837,-0.328341,0.24077147,-0.109741956,-0.26304984,-0.13935709,0.04380682,0.18914956,-0.25756615
8,0.06531149,-0.025709316,-0.46914843,0.1782787,0.009917885,-0.19226944,-0.24120986,0.026801884,-0.22890997,0.134689,-0.0031989813,0.078550994,0.23599687,-0.06328738,-0.53438085,-0.37317306,1.8486023,0.35642597,0.3164298,-0.03621608,-0.2963907,0.18678898,0.06557074,0.27549976,0.55464077,-0.3984065,-0.6099024,-0.34374315,0.23564309,0.30535662,0.12405042,0.87203735,0.13168699,-0.49336994,-0.01970929,-0.037403405,0.19248392,0.6065874,0.1339665,-0.0009509921
9,0.13112536,-0.15980694,-0.007227361,0.16852337,0.042731553,-0.01071009,0.06320244,-0.004394084,-0.10880235,0.02113688,-0.07286337,0.023226023,-0.0037163496,-0.12772295,-0.051760703,-0.036983132,-0.009718478,0.26183754,0.021170288,-0.089597434,0.054555267,-0.07840717,0.100438565,-0.08316319,0.098228246,0.10706957,-0.06111425,-0.018069834,-0.060697258,0.024969384,-3.2968848,0.2737615,-0.07086559,0.014421478,-0.023489147,-0.25210857,0.0152667165,-0.4425696,0.33151457,-0.071217954
10,0.062170506,-0.3770023,-0.31787455,0.05499226,-0.07198018,0.086562365,0.20299652,-0.13527876,-0.2209943,0.3809025,-0.5604893,-0.105205536,-0.47989154,-0.12327266,0.33025512,-0.20171249,0.69369376,-0.44651824,-0.29675433,-0.09265727,0.26941738,-0.3790964,-0.04843259,-0.14317143,0.47216776,0.8830897,0.51111096,0.03698474,0.043879848,-0.21033336,0.05443096,0.005960673,0.63897204,0.71318936,0.48064527,0.010089815,0.30702746,0.005143851,-0.07290318,0.17597508
11,0.9984774,1.5657985,-0.32686603,0.112546384,0.15612069,-0.3807235,0.16094518,-0.30919516,0.16286351,-0.30890155,0.5037115,0.23095042,1.1586792,-0.04433316,0.8989457,-0.20509678,1.6402762,1.2016994,0.60654426,0.7341471,0.61143416,0.4561404,0.31847158,0.27259123,-0.12528832,0.3771175,0.102889955,0.17076606,0.6836139,0.28865874,0.5812035,-0.2962008,0.7295482,0.30767414,0.036497265,0.013691843,-0.026575133,0.70613503,0.1658181,-0.05431521
12,-0.60617274,-0.15053615,0.18823285,0.10896173,0.2504528,0.15048802,-0.054597676,0.03831616,-0.35072085,0.003338024,-0.2554437,0.37062824,0.2539578,-0.30619022,-0.099302396,0.14420536,0.30275872,0.94427794,0.20721163,0.42137986,-0.0794388,-0.032482795,-0.621076,-0.19619873,-0.29520473,-0.31162965,-0.2119556,-0.47401586,0.99585766,0.14701116,-0.17578077,0.028057635,-0.55898035,-0.47566906,-0.27540562,-0.34104615,0.55297375,0.9034718,-0.3442697,-0.10011554
13,0.3828274,-0.10001013,-0.050219774,0.20696288,0.019497186,0.29802835,-0.027064115,-0.12116587,0.89851135,0.82606024,-0.006945461,0.083405316,0.1068283,-0.08295287,0.23294908,0.18788293,-0.4596573,-0.3647008,-0.24611053,-0.21783341,-0.2090556,0.10448378,-0.09048858,0.24861878,2.3898945,0.0847493,0.4638042,0.16184586,-0.5277654,-0.13965777,-0.1118636,-0.1340751,0.39476907,0.64225715,0.14054248,-0.18238896,-0.097040534,0.21982908,-0.2678663,0.02829063
14,-0.04492832,0.15478292,0.06265181,0.025783628,0.022477612,0.73046064,-0.21503228,-0.07223219,0.03615932,-1.0651705,0.03092727,0.029449135,0.11418651,-0.05346279,0.0042671263,0.04805991,0.0939021,0.040815637,-0.08424398,-0.0022450984,-0.14745995,0.051552296,0.019278347,-0.057965755,0.16762972,1.1604024,0.14407459,0.06852999,0.4697703,-0.17246222,0.07135159,0.19124988,0.5363158,0.4819693,0.19012976,0.15161677,0.21815251,0.04570073,-0.021834165,-0.07569525
15,0.5917772,0.46439838,0.89947665,0.42960554,-0.07324782,-0.4677961,0.008103579,-0.07198936,0.5620181,0.2941886,0.31918183,0.7250972,4.209385,2.9275413,2.7542226,2.5588536,-0.10764992,-0.08611816,-0.13844675,-0.35252225,0.9827504,1.0886266,0.36971724,0.45358032,0.32372248,0.036813974,-0.23212653,0.07011089,-0.29874638,-0.10407436,-0.42203325,-0.1506502,-0.1769844,-0.16777676,0.012315154,-0.18572865,0.034147263,0.18081605,-0.042148948,0.05919689
16,0.5592145,0.8862157,0.5366936,0.1911115,0.19943526,0.0859479,0.12535483,0.11293852,1.4037248,1.3506807,0.5551037,0.11256462,0.7294691,0.53682554,0.12598443,0.10438812,-0.31127554,-0.04885199,-0.25237137,-0.20009261,0.07874909,0.0888022,-0.33995,0.11521411,0.83743477,0.09076738,0.3968699,0.079105735,0.37922156,-0.23459607,-0.0659135,-0.13741821,0.036789775,0.08105633,0.4305771,-0.017914891,0.0066537857,-0.040876977,-0.27653134,-0.059991956
17,0.20485462,0.3261101,0.043614507,0.16616619,0.32057592,-0.33506495,-0.09971911,0.104988635,0.1947551,0.25043803,0.36661863,0.34319463,1.0539907,-0.2360282,-0.012494177,0.011647463,-0.8648968,0.32714987,-0.30267373,0.34076518,-0.09313586,0.0129874945,-0.021662354,0.07485789,-0.18347642,-0.016622365,-0.057241738,0.15216672,-0.16516647,0.037614673,0.25722826,0.039074153,-0.6859263,-0.49646547,0.33604768,0.0007555187,-0.1500656,-0.28125608,-0.39232162,0.011961043
18,0.10126151,0.13406822,0.27569187,0.030898392,0.46497986,-0.17290872,-0.3032198,-0.0021113753,-0.4321482,0.011800781,-0.2624556,-0.07634157,-0.36919475,-0.4073012,-0.11277132,-0.3448814,-0.10671505,0.068585366,0.25510502,0.00083231926,-0.18526709,-0.17110673,-0.10305813,-0.21284321,0.07659091,0.4498129,0.3248055,0.07093531,0.30237702,0.33316398,-0.09669396,-0.025354266,0.37920535,0.4004557,0.3929455,0.014641792,1.5521191,-0.01480943,0.090450704,-0.016272962
19,-0.277946,-0.08719623,-0.34888166,0.34425393,0.29962415,-0.5620894,0.22280622,0.3997172,0.950037,-0.11030571,0.1068961,0.6057023,0.2837776,-0.014180899,0.118516214,0.16047281,-0.5593444,-0.019290954,-0.55644506,-0.19687831,-0.06786662,0.23881269,-0.34414458,-0.1761356,0.24642658,0.085584044,-0.2851225,-0.30253005,-0.51638365,-0.054127358,0.28753442,-0.09588385,-0.059103012,-0.34798315,0.01433295,0.060367823,-0.40242845,0.015662014,-0.046551958,-0.002673149
20,0.08600184,-0.42667413,0.52067363,-0.23341972,-1.3620448,0.18006706,-0.20128882,-0.20277339,-0.31515017,-0.29048905,-0.112926185,0.005273968,-0.049112797,-0.5514995,0.4173281,-0.2762296,-0.4537157,-0.7050487,-0.17623389,0.43214294,-0.18838485,-0.73855424,-0.044944376,0.085217535,0.3152166,0.53611296,-0.014404416,-0.19073603,0.1554307,0.0043632835,0.14308813,-0.2316863,1.1527458,0.51952213,-0.20245942,-0.0054822564,0.32948047,-0.12264769,0.06829512,-0.23566043
21,-0.124972105,-0.20855075,0.27551794,-0.1670481,0.3970185,-0.17696643,0.06805265,0.115238726,-0.16731918,0.058608532,0.0034993738,0.0044846535,-0.054610655,-0.10914886,-0.089387834,-0.14979076,0.2943009,-0.35336065,0.043881536,0.031431258,0.07385841,0.024130166,0.11580616,-0.0029594898,0.19109422,0.46394885,0.061478436,-0.14597017,0.18597138,0.6343376,-0.073961735,-0.20900452,0.4701923,-0.07459736,0.1055364,-0.044890046,-0.7741091,1.2799964,0.028213143,0.026435494
22,-0.18883584,-0.06152985,-0.06030923,0.07667178,-0.31353492,0.013982564,0.026816785,-0.031106055,0.03799829,-0.12353934,0.018155515,0.020252526,-0.16211057,0.67605245,-0.058024704,0.11248183,-0.18995047,0.30337918,0.027918816,-0.1371068,0.26603687,0.2204259,-0.3846063,-0.2728171,-0.44774058,0.2734374,-0.09065643,-0.1382438,0.5744102,-0.13175611,0.064097345,0.1411295,1.1495095,1.7055389,0.6017148,0.546997,-0.28444993,-0.6226053,0.21030027,0.08362889
23,-0.2390415,0.6774132,1.2824261,-0.05099976,-0.015503701,-0.15902907,-0.38405722,0.09086722,-0.7810876,0.77799886,-0.37910017,0.49167126,-0.3116395,0.14672428,-0.20688653,-0.29847652,-0.39418048,0.31779727,-0.2829843,0.000910759,-0.27442256,0.08457246,0.31969357,-0.07156971,-0.06180966,0.22158915,0.25602975,0.35199147,-0.07130249,0.20177764,-0.17244233,0.5068013,-0.13875936,-0.06766909,0.17600226,0.63676345,-0.40247983,-0.32520673,-0.18415682,0.24067181
24,0.009127617,-0.4795971,0.47853935,0.06710231,-0.2210331,-0.16494152,-0.21481252,0.028415818,-0.2279669,-0.121643364,-0.19016919,0.28029034,-0.5479719,0.11345494,-0.4695036,0.03534448,0.3173279,-0.10285619,-0.22745821,-0.015210509,-0.33354566,-0.2865395,-0.5201775,-0.16719735,0.18638486,0.11091074,0.07907748,0.04615426,-0.5003796,-0.06290066,-0.23274082,-0.12930751,0.052361846,0.11869818,-0.08540976,0.06308174,0.30585814,-0.07815878,0.31841433,-0.27311492
25,-0.5531018,-0.72555786,0.1566047,0.014240354,0.17510366,-0.31124508,0.090875566,0.24612534,0.38902974,-0.2880479,-0.059904456,-0.2520633,0.42718077,0.09592427,-0.5955151,-0.27192202,-0.28965497,-0.10860133,-0.15693627,-0.029338911,0.08010578,0.3076635,-0.56010723,0.47380006,-0.22912073,1.0054255,0.230769,-0.17787702,0.031690836,0.76075685,0.21923402,-0.05642712,0.13066906,0.4412073,0.3481951,-0.2764326,-0.2618148,-0.09138465,0.78367496,0.45069826
26,-0.57600844,0.14904037,2.0473733,0.26792866,-0.053717915,-0.050445028,-0.26205087,0.16376537,-0.25193977,-0.21356207,0.02910681,0.37223375,0.1017749,-0.09331386,-0.3732412,-0.29523304,-0.10228634,0.51724154,-0.14073038,-0.15536869,-0.025018573,0.10300401,-0.22349203,-0.0013149977,0.6093972,0.18250617,0.0132088065,0.21383381,-0.82820094,-0.033135116,-0.35748383,-0.09177241,0.08212271,0.23946446,-0.543774,-0.3280186,0.082241446,-0.27980617,0.10717374,-0.04935062
27,0.1153276,-0.29611087,0.5835921,-0.039923236,-0.111235574,-0.046952933,0.15789002,-0.34286898,-0.4440807,-0.13778049,-0.31696784,0.444628,-0.35993296,-0.41377836,-0.1529972,-0.055599168,-0.024709284,0.045953527,-0.4654091,-0.17913237,-0.0038231313,-0.664464,0.21515328,-0.49867386,-0.12204352,-0.032585114,0.07039577,0.2862179,0.7061341,0.5556072,-0.26697856,0.25349492,-0.33065575,-0.32871002,0.30220842,0.016255885,-0.18376413,0.18375733,0.044234127,-0.98489964
28,-0.027763426,-0.13909087,0.29575077,-0.2762792,0.4032724,0.16312335,-0.15028863,-0.0881917,-0.08442244,-0.37780333,-0.5987243,0.27651504,-0.117132425,-0.23803419,-0.08962995,0.042589545,-0.3129362,-0.32196775,-0.29085428,0.38029265,0.042606354,-0.22797939,-0.29869628,-0.03487885,-0.030518651,0.19544764,-0.15929395,-0.45443997,0.20800662,0.16210312,0.14966801,0.049827456,-0.3846181,0.3753701,0.14127454,0.10653055,0.27136168,0.10075631,0.6019294,1.5832704
29,-0.1947401,-0.116700545,-0.169121,-0.11432806,-0.024714395,-0.75030375,0.07787974,0.10990694,0.010326926,-0.097195506,-0.05492407,0.13560817,0.030044347,0.24714464,-0.62482697,0.35183966,-0.4526147,-0.85610604,-0.1272012,-0.13457355,-0.53324234,0.106334224,-0.28349674,-0.15265533,-0.033887148,-0.3285934,-0.15179113,-0.09449643,1.184569,0.15254307,0.5846463,0.32195264,0.39242473,-0.052755848,0.685543,0.022865579,-0.9488513,-0.1800746,0.048225045,-0.031694382
30,0.08719015,-0.11547354,-0.13096766,0.11253703,0.7704809,-0.026486278,0.09077716,0.3532622,-0.10185772,0.22231042,-0.084548056,0.16899174,-0.26925692,-0.044570744,-0.37881315,-0.3225366,0.0017858893,0.7576393,-0.16847225,-0.115490496,-0.19654238,-0.9710237,-0.08190167,0.038922995,-0.015153587,-0.25427687,0.19950946,0.07716417,0.12334509,0.5907744,0.11633268,0.16844743,-0.1903301,0.3084749,0.51614577,0.4933117,-0.041007333,-0.21447694,-0.046337426,-0.15429795
31,0.857148,0.42494217,0.06850201,0.09795737,0.6545475,-0.50247383,-0.3416627,0.12779367,-0.26855993,-0.079483986,-0.31701118,0.32712913,-0.41343847,-0.1491534,-0.07866694,-0.061968684,1.1177886,-0.3524477,0.15054622,0.2510134,-0.65768814,0.03580123,-0.51840115,0.06348932,0.8497303,-0.24037135,0.2537986,-0.056764722,-0.27161655,-0.04673755,-0.23577887,-0.08722979,0.15825036,-0.36045426,0.13600898,0.005440116,0.07508874,-0.4451008,0.17533249,0.0030898452
32,-0.5706923,0.29210064,0.08695988,0.12909317,0.10142213,-0.15001826,-0.036814004,-0.12531495,-0.11095298,0.4025366,0.39749664,-0.38124782,0.114938736,0.15996298,-0.03388707,0.030985594,0.6749735,-0.019178635,-0.25657448,-0.3032266,-0.0757736,0.4803122,0.32167634,0.07040852,-0.1744583,0.21412307,0.21273077,-0.016643643,-0.33332384,-0.353988,0.06922576,0.5856138,0.16516119,0.099137895,0.02214814,-0.7698974,0.57804865,0.12192327,-0.38765705,-0.041051537
33,0.24548867,-0.18984237,0.018845163,-0.37847617,0.021755278,-0.30646184,-0.10851647,-0.31128997,-0.10721123,-0.037895735,-0.266643,-0.527201,0.029738456,-0.01023823,-0.1264119,-0.47008097,-0.35642895,0.01447393,-0.21877785,-1.6257588,0.159004,0.20750974,-0.06936893,-1.3006241,-0.016301692,-0.15132853,-0.35037422,-0.076178774,-0.19470173,0.08253639,0.08077988,0.14460963,0.15905261,-0.45970312,0.18844542,-0.14972176,-0.04764676,-0.28196278,-0.37276837,0.09901798
34,0.049802303,3.3305023,-0.11815712,0.13631499,0.2227037,0.48444906,-0.07437678,0.15812777,-0.048113823,-0.07358609,-0.19067067,0.29685503,0.19447741,-0.034226216,0.19153178,0.51900244,-0.3057269,-0.11285114,-0.12211892,-0.55236644,0.4080991,0.17678131,0.2400071,-0.13737941,-0.22828202,0.10042597,-0.39082217,0.028932452,-0.038122833,0.13138926,-0.059659556,0.28791878,-0.05377473,-1.4095021,-0.12922803,-0.0018481687,0.17946693,-0.09524524,-0.12518555,0.07062884
35,0.20571816,0.56014144,-0.4139447,-0.070764184,0.14518203,0.080124274,0.18064722,-0.14350653,-0.026309341,-0.8262279,-0.15097591,0.46845675,-0.82492673,-0.05747193,-0.44376934,0.7882983,-0.38773733,-0.52240986,-0.32770663,-0.06741887,-0.43735927,-0.08386366,-0.24059552,0.2914728,0.2186605,1.1366436,0.10695164,-0.0474523,0.2778567,-0.24827725,-0.17406836,0.38025677,0.3727672,0.87496084,0.3059086,-0.18065876,0.19151989,-0.20059821,0.08519225,0.009844333
36,0.09922421,0.18735662,0.0912607,-0.11934012,0.98123467,0.41736773,0.16229111,0.028902352,0.32123291,0.5025276,0.22851661,0.17775917,0.112270355,0.12621209,-0.07486451,-0.058921278,-0.14281094,-0.085187435,-0.031038404,-0.11152804,-0.31344593,-0.09689295,-0.07247466,-0.06042707,-0.11483908,-0.08943303,-0.07782167,0.042075574,-0.07604718,0.14329582,-0.10027027,-0.023139656,0.023151398,-0.1738784,0.20380807,0.11651111,0.17546171,-0.011574209,0.011828899,0.06894821
37,0.45611805,0.15369543,-0.4968463,0.096379995,0.13539433,-0.18387347,-0.6042432,0.30646938,-0.68025935,-0.31443548,0.727636,0.5333709,-0.7753656,0.20932573,-0.29796612,-0.4144234,-0.2980014,-0.11255561,-0.022074733,-0.3507475,0.47608995,-0.63359195,-0.55665344,0.02199918,-0.14235795,-0.05546546,0.02021054,0.7170578,-0.19335389,-0.6171835,0.10175754,-0.5754272,0.084471926,-0.13859624,-0.449441,-0.09332305,0.9378809,0.6318041,-0.085537076,0.36693507
38,-3.2245758,0.14380394,0.17768866,0.2647944,-0.17467248,-0.28567803,-0.07688904,-0.112314254,0.017243803,-0.13126467,0.25304186,0.14379957,-0.20790386,0.2659926,0.19220674,-0.04412,0.45028156,0.63591385,0.40961438,-0.28456834,-0.1363329,-0.08215839,0.19404347,-0.42863905,-0.002516985,0.07380635,-0.16955155,-0.7478847,-0.31674153,-0.25017506,-0.019765884,0.5140284,0.36632597,0.53317535,-0.24822065,0.07836558,-0.14370753,-0.32605174,-0.41548166,-0.06649351
39,0.30151433,-0.007408984,-0.029771373,-0.091038674,-0.0490555,-0.03966038,-0.07430025,0.036754042,0.1250516,0.040558107,-0.043446563,-0.11301744,0.4652492,-0.07959871,-0.0040889382,0.048030145,0.27686083,0.018464193,0.078426465,0.032625437,0.01626204,0.02096863,-0.19013019,-0.10356861,-0.28025937,0.094996676,0.02964447,-3.5360332,-0.05181481,-0.11690026,0.13532218,-0.10064134,0.019154966,-0.069857515,-0.023454145,-0.020370305,-0.028792217,-0.14901151,0.05946037,0.022367716
40,-0.20844442,-0.21932313,0.1918802,0.39417475,-0.12129472,-0.097524375,0.004725307,-0.3311249,0.122401476,0.49191403,-0.3381907,0.42939615,-0.40180892,-0.053075746,-0.14028382,-0.34665972,-0.26571947,-0.4261041,-0.7136531,0.1889348,-0.24502844,-0.301627,0.38736305,-0.67036253,0.39255,1.4871187,1.5552496,1.1518507,0.20147815,0.358979,-0.20122124,0.7046046,0.13454318,0.5393976,0.53205395,0.99370754,-0.104748406,-0.050536297,0.5559308,-0.27823275
41,0.07322994,0.29078302,0.25905973,-0.23483068,0.32814968,-0.51995695,-0.48059234,-0.06062877,0.020778477,-0.49121234,-0.53367686,0.015311949,0.2410692,-0.24102598,-0.118931845,-0.41237608,0.43923414,-0.3418541,-0.2307558,-0.27855346,-0.47240227,-0.77985907,0.3181434,-0.025131315,0.81940806,0.1362848,-0.42337617,0.28452817,0.42891866,-0.043839328,0.09046997,-0.0022344291,0.34748197,0.3408692,-0.2080491,-0.17688927,0.07013574,0.4358253,-0.35850483,-0.35722867
42,-0.14569408,-0.18288445,0.087078124,-0.42615974,-0.0022346824,0.15459934,0.08151561,0.32182544,0.20988014,-0.2563777,-0.05063927,0.46489978,-0.14487942,0.27665475,0.32539105,-0.248748,-0.49280486,0.053514138,-0.92239237,0.1152913,-0.025338948,-0.73216015,-0.3182063,0.12721184,-0.22204703,-0.30039924,0.3742991,-0.6484045,0.83506143,-0.03727442,-1.7146287,-0.48528802,-0.10049632,0.079738766,0.01892712,0.07678002,-0.03947997,0.846547,-0.07328445,0.4111792
43,-0.5325771,-0.20608068,-0.04461986,0.28013486,-0.27483478,0.008198917,0.43271765,-0.08469355,0.1708035,-0.17831641,-0.8519356,-0.25909674,0.041577697,-0.15504932,-0.4702556,0.05490762,-0.23893726,-0.67343736,-0.13088971,0.04516142,-0.3265562,-0.35584542,-0.9549299,-0.46632534,0.015066683,-0.29197967,-0.03722924,0.15435776,0.99328005,0.48461652,0.21758509,0.32227367,1.5367808,0.58352625,0.9791693,0.7786881,-0.077424526,-0.040752172,-0.09034597,0.10624933
44,0.20644397,0.10009909,0.33753487,0.029589117,0.25644958,-0.51131356,-0.35675523,-0.05375111,-0.25350708,-0.35449028,-0.24475831,-0.043356538,0.2799917,0.057875723,-0.30207735,-0.021537066,0.21799058,0.5146079,0.19850254,0.2958383,-0.51231515,0.0025026351,-0.30300272,0.36373472,-0.7211493,0.044805765,-0.19272232,-0.22599569,0.20897162,0.40237784,0.13238013,-0.0014572144,0.5034554,0.32707974,0.30164236,0.060562134,0.42117837,-0.08262485,0.034965634,-0.007037461
45,-0.26359493,-0.16863048,-0.009326249,-0.41200787,0.2940407,-0.16000184,0.7345114,0.2175954,0.0032405257,0.058304373,-0.071540646,0.061574876,0.3730582,-0.22173457,0.09082487,-0.28966674,-0.9171127,-0.12686872,0.21253946,-0.09562373,-0.21467316,0.35342997,0.3018759,0.23603863,1.6346142,0.093394995,0.1437009,-0.2275129,0.37382364,0.48821133,0.25552663,0.061022356,-0.42999288,0.09642309,-0.11248425,-0.20099738,-0.3578661,-0.029781222,0.12598626,-0.17214352
46,-0.15354586,-0.61667174,0.10746008,0.76004654,-0.3137764,-0.08037287,-0.10598323,0.15977395,-0.85491365,-0.7677146,-0.025187314,0.2850653,-0.24026227,-0.28631318,0.15802848,0.17009646,-0.12539989,-0.008746743,-0.30393773,0.12297273,0.08891481,0.48681206,0.046895526,-0.41111165,0.38635463,-0.62726545,0.22075069,-0.14411956,-0.3650275,0.14383328,0.18898702,0.587497,-0.09501672,0.584574,-0.003948927,0.14678505,-0.5066016,-0.06266999,-0.27629954,-0.15779659
47,0.11207868,0.008487478,-0.16389653,0.39211947,1.124002,0.29767126,0.21805163,0.008218598,-0.32204014,0.02077511,0.022877038,0.15317635,-0.053516984,-0.13603689,-0.21350737,-0.2975416,0.20202756,0.1265807,-0.03690055,1.2780743,0.07194808,0.2832407,0.40337706,0.013441399,-0.35327154,0.23343666,0.32925493,0.35026088,0.049399197,0.2205112,0.24835628,0.3814463,0.03198731,-0.04383491,0.35929814,0.4066955,0.63730407,-0.24833351,0.31702006,-0.3314604
48,0.4336262,-0.17404278,0.27941123,0.5455133,-0.19474593,-0.6195209,-0.010463506,-0.7104101,0.18734425,0.17039609,-0.49315023,0.64034814,-0.18038017,-0.44130254,-0.32332036,-0.1483626,-0.27570862,-0.77146196,-0.4278878,0.042195916,-0.035420045,0.19356014,0.34727037,0.40094832,-0.3280137,0.85558414,0.17848146,0.28710663,0.28436977,-0.25519642,-0.79820615,0.44829106,0.1481908,-0.056455474,-0.15631096,0.064178675,0.19959594,0.22252381,0.18972127,-0.20349544
49,-0.23196611,-0.3810957,0.13190608,0.25184873,-0.019900203,-0.19094822,-0.32831615,0.21435875,-0.0025961995,0.30833596,0.34887826,0.53644055,-0.07660827,-0.09677029,-0.18053153,-0.10426984,-0.94145787,-0.07484758,-0.41167217,-0.39590198,0.24042642,-0.27002686,-0.9628373,-0.5138632,0.08392388,1.0591688,0.39061028,1.398814,-0.2762878,-0.27039498,-0.09290445,-0.423857,0.028057575,-0.76393765,-0.032399416,-0.58164036,0.08378428,-0.47282246,-0.5619239,0.12355727
50,0.034801662,-0.3573153,-0.20257407,0.090569556,0.12072241,-0.051992,0.30465317,-0.09701219,0.21388197,1.2012554,0.83693254,0.46533698,6.036903,4.5326095,3.3507237,1.9950775,0.010768414,0.026780427,-0.2971159,-0.2436606,2.8033087,3.1324723,1.0782421,1.0529282,-0.21494931,-0.890787,-0.20879006,-0.02904886,0.15738595,0.10045566,0.15807296,0.57391894,0.007021785,0.12058552,0.0062393844,-0.31939816,0.03746158,-0.20564424,-0.24558032,0.089421295
51,0.9251117,-0.009493113,0.20555604,0.015806854,-0.17450619,-0.41176584,-0.10681969,0.030885816,-0.4281268,0.18652196,0.060545623,0.11261034,1.081014,0.65391386,0.4381821,0.39968494,0.35843867,0.066818476,0.004172921,-0.0791015,2.4730594,1.2929896,0.3782319,0.31881863,0.28331113,0.21243314,0.017378658,-0.007872224,-0.2753104,-0.06029567,-0.22941297,0.13220608,-0.011161,0.3008755,-0.015860736,0.015223622,-0.18047832,0.06823626,-0.08047575,0.017273426
52,0.36066437,0.1420626,-0.123901,-0.017645955,-0.06783283,0.03727355,-0.60408115,0.118545055,0.59881645,-0.31556535,0.39167705,0.371547,0.19929081,0.04324037,0.22664961,0.33366996,-0.122214854,-0.088741004,-0.67762154,0.1064325,0.98472106,0.15672486,0.15009451,0.24774435,0.56115735,0.4624893,0.44878426,-0.13235909,-0.8116975,-0.45383817,-0.03291142,0.017688751,-0.16927868,0.43489233,-0.07058896,0.3723361,-0.7512583,-0.36502093,0.05424595,0.13291454
53,-0.16591036,0.07924038,0.11403248,-0.49364722,0.18743253,-0.14417541,-0.055578,-0.08110676,-0.5892997,0.105065644,0.21984193,0.36818928,0.06790066,0.07630056,0.092552125,-0.15907568,0.19500268,-0.32499874,0.3712085,0.022525132,0.426912,-0.24009424,0.20347403,-0.5609108,-0.5180263,0.40397283,0.15722524,0.23833731,0.36551523,0.16032928,0.07273185,0.025159962,-0.14279789,0.081235945,0.61155,0.24791032,-0.0358451,-0.002665013,0.10850644,-0.15256344
54,0.06722635,0.2211709,0.9828137,0.06256062,-0.07836676,-0.40834928,-0.1378918,-0.1710341,-0.03372675,-0.08095735,-0.44138882,-0.3362127,-0.09378505,0.20938933,-0.19460112,-0.6125714,0.5346313,1.7386103,1.1564326,0.7332842,-0.15441617,0.973475,1.3785763,0.41574845,-0.34188023,-0.15034175,-0.4050408,-0.32072577,-0.16281879,0.12909669,-0.24821013,-0.49939126,-0.27169126,0.007260941,-0.2306549,0.21071684,-0.28374857,-0.3571846,-0.43694127,0.014119625
55,0.11541277,-0.21375543,-0.2085155,-0.06061536,0.09258403,0.13459872,0.048867658,0.3500019,-0.2677694,-0.6334065,-0.090728655,0.19461492,-0.11778581,0.30881172,-0.28058475,-0.44506547,-0.15613657,-0.4670881,-0.13927647,-0.018800378,0.010590512,-0.16389185,-0.066316426,0.6476367,0.23654933,0.038943715,-0.6218717,0.33536702,-0.22264543,0.030285195,0.13191332,0.3248999,-0.13252887,0.37044466,0.35982963,-0.022703826,0.41534233,0.22674641,0.16506329,0.49574015
56,0.4473843,0.28795648,1.2237087,0.0013895631,0.2902044,-0.35314775,-0.06764346,-0.17327678,0.35438448,0.38552633,0.35592532,0.2824825,1.5869871,0.7588949,1.2913461,0.95240104,0.32228822,1.0169164,0.8309667,0.37473667,1.4752892,1.7319007,1.9602015,1.7765671,0.23803616,0.9597867,-0.07977617,0.16145995,0.35358906,-0.35755524,-0.39362964,-0.041573048,-0.2969771,-0.15131447,-0.051893294,-0.18939775,0.28650337,-0.106482446,-0.3406023,0.15267253
57,-0.40876785,-0.40737987,0.65519804,0.11356385,0.13623703,-0.14401203,0.24043725,-0.13304761,-0.09400046,0.08393435,0.08467696,0.17827718,-0.13442788,-0.44940677,0.23517236,0.5639591,-0.2544264,-0.04676819,0.4281963,-0.906391,-0.10423042,0.11949486,-0.118523255,0.16177642,-0.30950314,-0.368812,0.23140478,0.26944694,-0.1479878,-0.3548463,-0.7310741,-0.2581631,-0.7253466,-0.2657402,0.65806186,0.69701755,-0.16783969,0.09403822,-0.014893532,0.5695384
58,0.16529694,-0.18396279,0.23225269,0.064815894,0.39368555,-0.5248467,-0.4568668,0.19005418,0.12916829,-0.48627928,-0.099286795,0.14799589,0.39122152,-0.1960962,0.26406,-0.1469965,0.14561856,0.17549798,0.020786554,0.09566248,0.4011889,-0.049122155,0.05902493,0.035398383,0.020927846,0.3014588,0.22145307,-0.06717017,-0.10596171,0.18892479,-0.48122883,0.11914444,0.5155584,0.14224692,0.37730396,0.530732,0.01136601,0.3115549,0.05013284,0.056886613
59,-0.040318847,0.032487035,-0.035654545,-0.12941611,-0.20626064,-0.1299657,-0.22428942,-0.057404935,0.094094634,0.10322716,0.24741912,0.15629572,0.12870033,-0.13975392,0.06264812,-0.05530417,-0.7449452,-0.8042168,-0.3084135,0.033734024,0.026052006,-0.2613355,0.06281343,0.12396616,0.7356361,0.7071843,0.2351884,0.04916483,0.72390604,0.21188068,0.16783768,0.41944554,0.39889866,0.8711665,0.30779022,0.3746677,-0.024563432,-0.068988815,0.13640237,0.15107858
60,0.020905375,-0.008598149,0.18198726,-0.37311906,0.34303755,-0.6864768,-0.12065956,0.3860442,0.046316117,0.06898764,-0.277391,-0.07441273,0.14273365,0.5659518,-0.3334908,-0.32414624,0.5169645,0.17265263,-0.5164972,0.17862299,0.3768561,1.2507582,-0.05902493,0.034786433,0.4389026,0.26373988,0.30372843,0.10537641,-0.01209297,0.39246064,-0.2624055,-0.43308258,-0.06848905,-0.30140513,-0.12537432,-0.3974471,0.25539762,-0.40307298,-0.3809513,0.60814273
61,0.3227806,-0.1576387,0.11437929,-0.04107392,-0.34577906,-0.2160958,-0.017919004,0.04010713,-0.26406106,-0.19818991,-0.0018311143,0.25479084,0.66624224,0.74242836,0.708766,0.43207294,0.6889782,0.52852374,0.04030156,0.32337898,0.7914188,0.11950634,0.619144,0.36311513,0.1515894,-0.52861285,0.2920705,-0.04159856,-0.0367105,0.16611785,-0.27713045,-0.06732243,0.21965417,0.33674055,0.38236266,0.027083874,0.06317153,-0.15994048,0.12383321,-0.08362913
62,-0.14356238,0.017375648,0.40676945,0.00254637,-0.0071678013,1.124673,-0.08855677,0.08617622,-0.29771715,-0.007089466,0.15625507,0.16571492,-0.08199628,0.117893904,-0.39903903,-0.014573842,-0.20320515,0.20089965,-0.05130124,0.32357702,0.8586976,0.42816356,-0.05418104,0.19915688,-0.30784473,0.080998,0.5392651,-0.120194376,0.10380095,-0.45244884,-0.15480113,0.096395135,0.070522904,-0.004580915,0.30049002,-0.38648835,-0.04849419,0.42161506,-0.22983018,-0.0021855235
63,-0.1198318,0.14479335,0.01986146,0.13808012,0.13982967,-0.034239978,0.07085228,-0.09807998,-0.020509005,-0.07568071,0.11904341,0.015926778,0.04824519,-0.17141816,0.0052753687,0.008612692,-0.009483576,0.09637123,-0.008418679,-0.06747335,-0.12973261,-0.0644604,-0.09973842,-0.008620143,0.30380034,-0.085885994,0.057622254,-0.037661195,0.08341181,0.012963802,0.007938266,-0.054175317,-0.01629877,-0.13105562,0.020212889,0.11414045,0.10243988,0.075755626,0.041410565,0.050159514
64,1.1844535,0.83041155,-0.08376324,-0.15169889,0.34640157,-0.2844097,0.04633218,-0.05431807,0.2962502,0.07381004,0.19076908,0.079135954,4.1187873,1.9669745,2.79197,0.60486376,-0.5375515,0.07538076,0.050128847,-0.04421878,1.8112944,1.8298925,1.1143954,0.68961334,0.094941854,-0.28043607,-0.22406238,-0.072381675,-0.64327013,-0.05301732,-0.5208534,0.071444035,0.073904864,-0.15366255,0.19578391,-0.19852048,-0.4925,-0.12620337,-0.10095948,0.064294934
65,-0.15755999,-0.05549836,-0.027853012,-0.06792128,-0.18076387,0.14834923,-0.05219564,0.12560928,-0.20614862,0.12257126,0.014076829,-0.021888733,-0.14529252,0.1125988,-0.20912337,-0.4236372,0.3389549,0.695438,0.1686284,-0.20874465,-0.034211934,0.15031204,0.59042335,0.01883018,-0.63414264,-0.104242176,-0.6395472,0.079372704,1.1769798,-0.09760387,-0.12189317,0.14373237,0.23501015,-0.2106581,0.14857447,-0.04319203,-0.48589826,-0.5891761,-0.040891945,0.37748963
66,-0.13236433,0.010015398,0.33245665,0.009762049,-0.028083801,5.8337064,-0.23407364,-0.10447967,-0.2037707,-0.40981448,0.15841961,0.21778405,0.11010575,-0.5239879,0.13975778,0.2250902,-0.25608495,0.04102236,-0.07499678,0.1052344,0.35223383,0.025569111,0.07064519,0.040214956,0.41337454,0.13839477,-0.12995684,0.07564148,-0.26593465,-0.0036785603,-0.08333937,0.06658006,0.05105132,0.040920436,-0.14979282,-0.03242448,0.7558773,-0.33056834,-0.18867259,0.19658099
67,-0.24676198,0.28205395,0.34285262,-0.19240469,-0.30992496,-0.090904355,-0.2598989,-0.14583808,-0.38516802,-0.29064643,-0.06924611,-0.11224258,-0.28169668,-0.08369726,0.41580743,-0.21638054,-0.6428617,-0.10540359,-0.1615879,0.0969156,-0.34828115,-0.20453095,0.20427105,-0.036985278,-0.32474184,-0.18043128,-0.48918623,-0.39442706,-0.41776544,-0.23211864,-0.11016649,-0.12293041,-0.36403972,-0.6991805,-0.22486094,-0.27355224,0.0018761754,0.09930313,-0.45810875,-0.005684614
68,0.24586433,0.4347437,0.4141863,-0.077919245,0.4099319,-0.19946578,0.20720448,-0.41442847,-0.34226614,-0.2027308,-0.0537474,-0.15685341,-0.22618121,0.20455499,-0.32570064,-0.15818046,-0.15587479,-0.5284629,-0.08576894,0.09972882,-0.11328904,-0.6181133,-0.03196888,0.3786418,-0.32797757,-0.14358401,0.11730386,-0.36022422,0.31361496,0.22345002,-0.559757,-0.235524,0.30475992,-0.05654718,0.057715245,-0.1370861,0.1673528,-0.029758006,-0.51017106,-0.61699104
69,0.044570357,-0.034953535,0.2887888,0.18712196,-0.30976933,0.9895421,0.90872073,0.0074182153,-0.36015618,-0.101454854,0.035235286,-0.37553704,-0.11108774,-0.5253569,0.09984851,-0.38747114,0.015464455,-0.21491611,-0.1956603,-0.14449161,-0.38754687,0.085169554,-0.6192006,-0.26857018,-0.3663233,-1.2159154,-0.12024549,-0.18174356,0.15017503,1.0748595,0.6804402,0.52639157,0.41092348,-0.6223829,-0.49781212,-0.47851032,-0.36449426,0.41604418,-0.08502123,0.029024065
70,-0.07914722,0.20080866,-0.07398932,0.25759888,-0.15731767,0.13673946,0.28126612,-0.13535309,-0.4456405,0.1279144,-0.21915999,0.21017088,-0.15249687,0.08113825,-0.071827084,-0.12738675,0.8390373,-0.17677107,-0.09828429,-0.077144206,0.07818067,-0.35574755,0.31855077,-0.30059314,-0.038043857,-0.13798508,0.09609975,-0.30947363,-0.77082855,0.08685106,-0.43521747,0.082909465,0.009425819,-0.21282923,0.31399,0.008522332,0.16628814,-0.05053916,0.23148096,-0.12375288
71,-0.17748404,0.43585032,0.10190633,0.30639285,0.114933014,-0.09889299,-0.03132063,0.027237475,-0.27999905,0.012208313,0.2045142,-0.17018127,0.5286134,0.14285466,0.15264523,0.15827242,-0.0029052347,-0.24034703,0.03384927,-0.07202512,-0.07962553,0.06539258,0.13614656,-0.17522773,0.24198966,0.068990044,-0.14927793,-0.04297194,1.8729842,1.1659946,0.19310257,0.55282634,2.2944252,1.1980954,1.1485248,0.35811973,-0.57167745,-0.0038884282,0.27745563,-0.2622671
72,-0.782382,0.15632713,-0.10965061,-0.03846234,0.09168935,0.018547952,-0.02323702,0.33680776,0.13469782,0.30948326,0.27950943,0.19142467,-0.34073788,-0.34071925,-0.22658513,-0.058226883,-0.06842762,0.38623816,-0.038249254,-0.24132389,0.0054482818,0.48895416,-0.1823625,-0.3895067,-0.07355711,-0.096022986,-0.06773406,0.09018302,0.42688087,0.5775759,0.15171339,0.17447692,0.34561992,0.2873426,-0.006388277,0.2973321,-0.16880852,-0.2238738,0.016178966,0.047986925
73,-0.20769161,-0.088260174,-0.048060596,-0.22076252,0.015476912,-0.32582572,0.02488637,-0.07975596,-0.51018125,0.14586294,-0.015127838,0.0031309724,-0.3628649,-0.17395997,-0.14188534,0.08315432,2.096525,1.6770035,0.68266976,0.66133904,1.227334,2.0080185,0.99761486,0.87442935,0.01878643,0.44343385,0.5061557,0.29693604,0.33639622,0.26290175,0.07866526,0.21647567,0.12170397,0.03908278,0.01021862,-0.010805726,0.21860778,0.13481182,-0.16686472,-0.045324087
74,-0.11653644,-0.23430508,-0.25270078,0.5948565,0.18283415,0.3999474,-0.30009723,0.08298582,0.8473146,-0.38961768,0.16099495,0.03970903,0.30161536,0.20092143,-0.23588009,0.048054934,-0.14149916,0.18754904,-0.27457032,-0.089262724,0.044177085,0.13420364,0.12685023,0.13256705,0.46538007,-0.43401325,0.22693685,-0.06865099,0.3347253,0.24987078,0.16268453,-0.02196008,0.5234518,0.5072424,0.5124694,-0.010592669,0.0062915087,-0.20644483,0.023066998,0.089263916
75,-0.2530923,-0.12118113,0.21553837,-0.12993848,-0.19453117,-0.3172437,-0.005715251,0.11393738,0.7340067,0.75237334,0.32464933,0.13978851,0.3192606,0.32026595,0.04092092,-0.044831797,-0.47615132,-0.01857097,-0.4675851,-0.014002979,-0.42018884,0.35519832,-0.47016788,-1.0000577,0.2985307,-0.42083603,-0.20442769,-0.4235634,-0.08479684,0.98353624,0.31876552,-0.30087364,0.3790331,0.33065557,0.35343337,0.09206538,-0.3916684,0.22767922,0.20245773,-0.013851881
76,-0.80330914,0.28852847,0.08233389,-0.09194571,0.28579053,-0.12477358,-0.079113275,-0.46042952,-0.058773503,-0.15037616,-0.19616885,-0.056826234,-0.18005732,0.47984043,0.25348905,0.058448046,0.20545825,0.89057267,0.2892485,-0.120587125,0.39744172,0.23287082,-0.1209559,-0.08281857,-0.44107628,0.52084386,0.20577005,-0.00041487813,0.026631832,0.15990718,0.123122305,0.50191206,0.38849014,-0.056508847,0.5221978,0.06758836,0.37860015,0.533575,0.059068106,0.054333687
77,-0.1785562,0.091024995,0.36987633,-0.15924263,-0.09660596,-0.09504056,-0.28530467,0.22761774,0.34356213,0.6368107,0.014984965,0.53156877,0.20995663,-0.1880221,0.17349866,0.044865906,-0.2643267,0.17462169,-0.24738508,-0.10393113,0.15901172,-0.049110323,-0.09810156,0.10743767,-0.022377491,-0.08967075,0.097758055,0.048181593,0.25407362,-0.5628391,-0.20691133,0.16053283,0.47531593,-0.031824708,0.003824234,0.22491276,-0.5757891,1.1191525,0.09976685,0.41108033
78,-0.47935808,-0.31983164,0.11335966,-0.00027644634,-0.19299185,-0.3476403,0.17557651,-0.28383863,0.343445,0.21483746,0.3917639,-0.02545607,0.5254806,-0.7249936,-0.55781335,-0.2517665,-0.9254141,-0.24504253,-0.1933805,-0.44992003,-0.19339319,0.063038826,-0.43523222,0.21233962,-0.14536795,-0.17545108,-0.119867384,-0.31845155,0.3947388,-0.07265288,-0.13856614,0.08668637,0.62936306,-0.00017264485,0.40343666,-0.1966343,0.15865654,-0.110541284,0.060485303,0.18026412
79,0.20958143,0.21688643,0.19943604,-0.2352255,0.0896568,-0.044180155,0.079796344,-0.05599886,-0.40744767,-1.1181052,0.18509084,-0.23770767,0.78551364,-0.19781888,0.058844477,-0.4124977,-0.35944197,0.3635913,-0.73677915,-0.16330695,-0.14883825,0.43584263,-0.0093817115,-0.43673307,-0.63,-0.5097858,0.21194427,0.086233675,-0.0049903393,-0.4410787,-0.48651388,0.021153808,-0.679816,-0.010426335,0.2533765,0.08195049,0.19344598,0.30664515,0.39940882,0.37334818
80,-0.26905495,0.18290499,0.07258928,-0.039515555,-1.155503,-0.17597142,0.28758138,-0.08318287,0.1253046,0.43571323,0.19971436,0.2081579,0.46060944,-0.2357478,0.027480483,-0.15195817,-0.6086355,-0.183501,0.16906059,-0.13435495,0.0809088,-0.13156481,0.0046688616,-0.17231989,0.72583115,0.76316833,0.36328807,0.2316106,0.60843617,0.09155029,-0.08605716,0.116785586,2.8754137,1.0155954,1.0573577,0.3478582,0.25284398,-0.28662497,0.06445122,-0.09950328
81,0.05087835,-0.28192717,-0.22994885,0.24823657,0.7915192,0.16444097,0.2286917,-0.09137827,0.23869693,-0.27960163,-0.056304514,0.16264707,-0.79604775,0.41862786,-0.20529385,-0.47483614,0.004217349,0.095529765,-0.49127388,-0.36270317,0.37028417,0.117100485,-0.17982124,0.31753123,0.31368372,0.3741311,0.2665955,-0.32823828,0.15073162,-0.44780332,0.13758141,0.61667156,-0.14280128,-0.076649055,2.6458614,0.15053912,1.1729442,-0.064274855,0.02518043,-0.11071262
82,-1.9323404,0.054567397,0.03374452,-0.15217334,0.31873742,-0.8422375,-0.07834168,-0.7109194,-0.57363933,-0.09495106,0.036930352,0.34268862,0.22898692,1.4312456,0.13915625,-0.05497259,0.9855236,0.9826059,0.020032108,-0.018664002,0.32309157,0.09312752,0.20785175,0.32531103,0.2504721,-0.060385913,-0.1062561,-0.2757082,1.0497751,-0.12494416,-0.27052733,-0.07986453,-0.2976012,0.22279242,0.19529065,-0.2326113,0.14578535,0.22871457,0.27335092,-0.03890705
83,0.37792313,0.29864132,0.44132322,0.3480661,0.32637075,-0.3066063,0.32414317,0.13439572,0.24785146,0.1887011,-0.11525503,0.08444059,0.16208518,0.1389111,0.07518546,-0.2838441,-0.3058444,0.05780089,-0.2830296,-0.47231016,-0.13844119,-0.1483871,-0.02817142,0.23743957,-0.2351934,-0.10778791,0.2534427,-0.24801078,0.14448833,-0.023541957,-0.11411949,0.13068879,0.2606005,-0.072265625,0.66524124,-0.1567621,0.5672171,0.003850162,0.149096,0.17354646
84,0.9119376,0.11298041,0.068751216,0.19626993,0.7398497,0.77542233,0.38769117,0.06406826,0.82245064,0.6588342,0.8108952,0.101802826,1.0680175,0.0673569,0.32999057,0.2516027,-0.07054022,0.012979984,-0.14303255,-0.36642155,0.17285626,1.1780438,0.29084617,0.06394097,0.6564422,0.6790148,0.16790526,0.1512903,0.17897959,-0.21644947,-0.50202817,-0.07949644,-0.6396166,-0.06985709,0.34765244,-0.1893264,-0.19817543,0.13370983,0.16217473,-0.06063682
85,0.098397315,0.041472733,-0.05039054,0.27640665,0.024872907,-0.008452117,-0.07530382,0.098251045,0.045895934,0.18041605,-0.20311621,-0.0848344,-0.27580106,0.13681763,0.19783661,-0.15897381,-0.61687416,-0.32263216,-0.37960118,-0.21063381,-0.31438828,-0.28198028,-0.447876,-0.112691134,0.07364309,-0.31198105,-0.0719223,0.007864594,0.27925146,-0.61287785,-0.09633016,-0.034334302,1.2466091,0.55820596,0.071596086,-0.21270683,0.06436777,0.13077405,-0.0485695,0.036488175
86,-0.14058986,0.098447084,-0.43973935,0.27604222,0.064634785,0.4915579,-0.26464987,0.41810822,0.0435841,0.1362463,-0.04017061,0.3354538,-0.32827106,-0.5591881,0.10818577,0.09046276,-0.09662354,-0.22113603,-0.008455038,-0.16022974,-0.31443393,-0.42448264,-0.20870638,-0.051740408,-0.06420313,1.1982043,0.20391244,-0.14440852,1.0654496,1.7684778,0.5909183,1.4253185,0.12782139,0.5028244,0.40355757,0.060151696,0.09984939,1.1608241,0.13122833,-0.20566326
87,-0.35471356,0.17447972,0.08173354,0.0663892,-0.21742156,-0.5422652,-0.27375156,0.28546414,0.29260075,-0.19304931,0.0023153424,-0.15239638,-0.25465912,-0.13607004,-0.13794762,0.21333587,-0.3206836,0.7996119,-0.15725717,-0.3240506,0.70242393,-0.16620189,0.12899153,-0.437729,0.31350607,0.10332817,0.047519475,0.10973388,1.0587099,0.88124585,-0.17610753,0.006755173,0.3560475,1.0513837,0.21048816,0.18609005,0.030676484,-0.19943866,0.1408959,-0.1697222
88,0.14530492,0.571799,0.25957376,0.08746469,0.33300543,-0.24447173,-0.24861357,-0.033362746,-0.551708,-0.13553625,-0.36882955,0.15013611,0.65773916,0.07953107,0.028888762,0.01734358,0.103184104,-0.2064591,0.0772264,-0.083536565,0.17105669,0.48599952,0.087982595,0.011543691,0.2333492,-0.0837796,-0.037078306,0.22375208,-0.5789961,-0.02205041,0.0042574406,0.0004875064,0.3146358,0.031750858,0.08892542,-0.06469554,-0.024505317,0.121046215,0.023229122,-0.11232883
89,0.3069224,-0.34615633,-0.19786918,0.23590994,-0.0040882826,0.23017007,0.26422843,0.059340715,-0.83578986,-0.47235197,-0.9263843,0.30822003,0.42197677,-0.30960798,-0.09806023,-0.194189,-0.016072154,-0.16581327,-0.15101248,1.8175095,-0.014440358,0.3358467,-0.8453126,-0.38024145,-0.06624895,-0.554341,-0.27134886,0.22397995,-0.3338347,0.18309799,2.3839512,-0.025718816,0.11521804,0.62453836,0.6779162,-0.36604553,-0.21085684,0.2555287,0.21209374,0.37302178
90,0.017648458,0.22948316,0.04997015,0.0018489361,-0.100168526,-0.0738378,-0.33832365,-0.0842883,-0.0072880983,-0.13469955,-0.0029315352,-0.12617725,0.35592258,0.003614191,-0.15235382,-0.03803593,-0.18874556,-0.17805046,-0.09908317,-0.280486,-0.39315543,0.5885364,-0.12348196,0.005978912,0.3214427,0.5989103,0.1861152,0.19518393,0.94897634,-0.012401462,-0.10196681,-0.06873691,0.8662893,0.7634959,0.50466466,0.19156736,0.4125545,-0.18025213,0.10538298,-0.024174511
91,-0.24785541,-0.5974649,-0.023609042,0.27235037,0.94768596,0.7528977,0.0312595,0.49801263,0.5887066,0.5652573,0.13729149,0.0013433695,-0.5026984,-0.83675945,-0.2799335,-0.26084656,-0.2020782,0.4572185,-0.19954601,-0.3496172,-0.12327398,-0.5332296,0.03172922,-0.0705388,0.20660731,0.10960299,-0.016548697,-0.024410486,0.05904439,0.50945175,0.25036037,0.092179656,0.3925835,0.69535303,0.01812929,-0.07928038,-0.05890423,-0.036340356,0.4883362,0.0542233
92,-0.12140873,0.25175098,0.12269825,1.5424155,-0.068562955,-0.07014158,0.39890015,-0.020602643,-0.013401061,0.32978377,-0.22956645,-0.0012380481,-0.35150632,2.6751504,-0.24469984,-0.23392433,-0.22248983,0.07955423,-0.26374447,-0.30686423,-0.52926123,0.30329138,-0.31977588,0.053323433,-0.23285031,-0.38930053,-0.15718412,-0.16069388,0.037552744,0.092377216,-0.025282204,0.12437689,0.66285264,-0.905403,0.12895417,0.020377457,0.02229786,0.14969438,0.17433931,0.0633136
93,-0.86415184,-0.7910032,0.0048075914,0.2749974,-0.23482224,-0.48524123,-0.383342,0.35549766,0.048560888,-0.031918906,0.25339264,0.017793894,-0.4148391,-0.14678979,-0.40002656,-0.70689607,-0.47055104,-0.15696469,0.10066819,-0.39338386,0.22079793,-0.36516467,-0.09198707,-0.4601812,-0.0033511817,-0.70979315,0.22210556,0.29911467,0.40155143,1.6027961,0.13308695,-0.17336595,-0.11149722,-0.17182654,0.059872925,-0.112818204,-0.28173697,-0.07650876,0.16701323,-0.051125668
94,-0.021995455,0.019765735,0.061563432,0.17880756,0.32307243,-0.31110635,0.010612309,0.06762618,0.3901266,0.3958501,0.26563853,0.20798874,0.79698074,0.5038873,0.3231448,0.15120573,-0.11313963,0.06169516,-0.18091178,-0.073002994,0.9948667,0.38684392,0.09742159,0.031189322,0.1917584,0.023548007,0.08143264,0.12663233,-0.23899043,0.048955202,-0.07515973,0.3741179,0.39626777,-0.017722368,-0.0051913857,0.05215603,-0.24325415,-0.044285804,0.0076295435,0.03654945
95,-0.073040634,0.022688866,-0.3781207,0.10732669,0.14901185,-0.45256686,-0.17748848,-0.00022983551,-0.074522376,0.07878238,-0.04397756,0.012942135,0.113589406,-0.66144806,-0.060440086,-0.24357867,-0.051771104,0.22773507,-0.15749091,-0.20592189,-0.03947544,0.34539413,-0.3954095,-0.23596212,0.0021859705,0.09831055,0.05387771,0.0016939044,-0.3393056,0.1095466,0.219157,0.11852901,-0.9081789,0.081225276,-0.026212081,-0.44727445,-0.034469306,0.12215601,0.42010704,-0.6533421
96,0.22254592,0.3358273,-0.09049326,-0.037613153,0.21937063,-0.2246514,0.045663714,-0.007445395,-0.36465472,-0.079071224,-0.023211896,0.08321619,0.15447411,0.08053756,-0.08211225,-0.04706335,3.8358207,1.45402,0.45390484,0.20848775,0.5415268,1.372458,0.34884435,0.15682733,-0.3065107,-0.1965194,0.09322287,0.053982377,0.5945122,0.52020204,0.29459962,-0.045485377,0.10782981,0.14080028,0.18388307,-0.0011432767,0.11653009,0.43799245,0.3616784,0.032322526
97,-0.15223923,-0.3399446,0.082285166,0.28199106,-0.17299378,-0.26504415,0.3556401,0.108210504,-0.53152734,0.012878656,-0.17707461,-0.001609683,-0.5106773,-0.43787593,0.055818975,-0.27905124,2.426076,0.60495526,0.77405596,0.34527433,0.36141953,0.37241584,0.13196117,0.7579751,0.258938,0.121144295,-0.003883034,-0.76565725,0.75572944,1.2191012,-0.41180724,1.1718819,0.029476523,-0.0006260872,-0.32927787,-0.11042801,0.37432513,0.0044344068,0.18606639,-0.12620977
98,0.02135691,-0.05540374,-0.019529343,0.1275641,-0.028525144,-0.17012207,-0.03977558,-0.019255042,-0.01627323,-0.02613175,-0.071231544,0.08657486,-0.061745226,-0.05312413,-0.007907838,-0.17791414,0.033329457,0.028203905,0.04851681,-0.12508777,0.06852153,-0.09237364,-0.0024773479,-0.08769065,0.078832895,0.016096205,0.044050634,-0.08701837,-0.07137117,0.06729397,-2.6973524,0.18534064,0.0032069385,0.10139066,0.010445595,-0.24310923,0.082556725,-0.36283118,0.29182222,-0.09552477
99,-0.011455536,-0.15813333,-0.33514446,0.4419154,0.5539037,-0.096226275,-0.0072159767,-0.2566437,-0.2181654,0.44918358,-0.8052683,-0.058200598,0.14563628,-0.29435188,0.2827932,0.11374146,0.6477323,-0.41018373,-0.25215358,-0.5172811,0.15000772,-0.5808972,-0.481549,-0.4120432,0.36461362,0.9261626,0.61762047,0.8949132,0.31315634,-0.26533923,-0.36841917,0.29891592,1.3438423,1.4815247,0.5567045,0.26839668,0.24513113,-0.21954317,0.12190937,0.00846453
100,-0.63944054,-0.088070676,-0.083730996,-0.09967497,0.066202044,-0.00044214725,0.6762331,0.47465798,0.012060374,0.17250541,-0.15475255,-0.06249234,0.08708584,-0.6176121,0.5367137,-0.2717398,0.5194776,1.1259534,0.79802,0.46334136,0.00987494,-0.36023694,-1.3008316,-0.10097808,-0.19225574,-0.15015057,-0.050320566,-0.3154741,0.7678411,0.3745631,-0.21789622,0.11049873,-0.1495119,0.36986643,0.19386321,-0.3167236,0.55297935,0.42602065,-0.32724893,0.04231155
101,1.0749178,1.9538378,-0.82257736,0.4510488,0.1679964,-0.16005902,-0.06602886,-0.05425036,-0.13357031,0.34453207,0.081697404,0.24129432,1.2800345,-0.1617842,1.0456575,-0.089759946,2.1233873,1.1093726,0.7390593,0.62761885,0.6209632,0.9229934,0.6961454,0.80243236,0.08090529,1.0674233,0.060625732,-0.10788375,0.21779096,0.09264587,0.68288445,0.053759933,-0.09595737,-0.013927698,0.22776869,-0.22225873,-0.031092575,0.24451414,0.004279375,0.14729184
102,-0.348608,0.29530492,0.07043409,0.14890143,0.098730505,0.005278278,-0.106623515,0.17220062,1.1024916,0.41327506,0.37422043,0.71792203,0.3986086,0.01816976,0.26942274,0.1696252,2.5465565,0.7445942,0.45687985,-0.092704535,2.4967597,1.2364942,1.3040307,0.48554796,-0.044296026,0.13456756,0.4817247,0.36667848,-0.052075565,-0.20122197,-0.1271472,0.26962,-0.22854108,-0.18966617,-0.04782641,0.19429922,-0.50895345,-0.2791838,0.08204815,-0.03720498
103,0.07493585,-0.3031626,0.11538607,0.019352734,0.19095764,0.054901212,-0.03300801,0.09191942,0.57030505,0.50673175,-0.102219366,0.14514494,0.21616632,0.4897918,0.14189553,0.18287987,-0.7183449,-0.29042467,-0.5305355,-0.2912683,0.014328867,-0.16370738,-0.07420954,0.19132334,2.6860495,0.18705392,1.0090805,0.6090379,-0.17618155,-0.38898772,-0.056522235,0.12791741,0.41966808,1.161683,0.5189948,0.05157256,0.29540682,0.35750124,-0.2710607,-0.013406396
104,-0.013076857,0.14483383,0.06758276,0.08260581,0.12722756,0.879971,-0.028047413,-0.00314942,0.016060352,-1.1741692,-0.0389283,0.0013541579,0.14234826,-0.078463,-0.0012262166,0.049022496,0.033022597,-0.08221432,-0.07088733,-0.1342377,-0.095314234,-0.0517406,0.03575945,-0.07120671,0.16683625,1.0397484,0.056616187,0.13349205,0.4252749,-0.3567512,0.20678605,0.22189645,0.5070974,0.4591541,0.21246876,-0.029824287,0.13822854,-0.045858145,-0.007476151,-0.057314336
105,0.4786703,0.6409775,0.612942,0.32319272,0.016359061,-0.4406638,-0.090957224,-0.028028727,0.5766164,0.017924309,0.43387568,0.6019566,3.6889908,2.441325,2.7232118,2.777564,0.053921223,-0.025581837,-0.16504103,-0.3611859,0.72979957,1.0870376,0.637243,0.587038,0.38343847,-0.046061456,-0.33602077,0.12749872,-0.39622393,-0.180058,-0.4686275,-0.297014,-0.11191231,0.035603732,0.011483669,-0.34777063,0.03943476,0.054312706,0.0028204918,0.04669279
106,-0.12834692,-0.009950217,0.5548823,-0.07937975,-0.2374481,0.2647611,-0.30745673,0.19258943,-0.30655974,0.45240536,0.18427476,0.23035945,0.34698918,-0.041758154,0.12508148,0.31573308,0.04414735,0.07303154,-0.35965657,-0.1716555,0.005396068,-0.2290417,-0.2636031,-0.102519095,0.09431569,-0.15540418,-0.009659119,-0.38068852,-0.6071414,-0.0055333227,-0.2592045,-0.1316208,-0.19882986,0.31840575,-0.6187676,0.24569285,0.6537779,0.19749035,0.032967076,-0.27689588
107,0.48247933,1.189193,0.8168868,0.24258447,0.07052846,-0.18812981,0.07886329,0.17302829,1.6185851,1.7675946,0.38107184,0.26168388,0.7407526,0.23223215,-0.014014125,-0.19452935,-0.1549317,0.06318936,-0.4714887,-0.23873788,0.23366262,0.41750377,-0.178411,0.1181587,1.041606,-0.0031690001,0.4650426,0.015386641,0.41215664,-0.11136209,-0.013743937,0.07096279,-0.101050794,-0.21596783,0.35508984,0.07852334,0.1714201,-0.105610594,-0.08900833,0.029897809
108,0.23001128,0.042764336,0.30042,0.020416223,0.09933829,-0.119766936,0.16944224,-0.05318576,0.162642,-0.019254953,0.044059098,0.021294862,0.7427631,0.24682236,0.16018257,0.20623147,-0.553848,0.17289832,-0.04615137,0.18288067,-0.11192903,-0.19142759,0.3302552,0.15768999,-0.22896162,-0.0046886206,0.112592556,0.14363912,-0.07260259,0.08788077,0.29452303,0.17319027,-0.63643247,-0.6207084,0.24617839,-0.062348068,-0.18584651,-0.52368927,-0.33735645,-0.004564762
109,-0.034479305,0.09051192,0.1553771,-0.011245728,0.40450197,-0.22315907,-0.19375086,0.060370803,-0.43139628,0.11794615,-0.3070062,-0.23113722,-0.5569358,-0.51851535,-0.19917682,-0.1880126,-0.14589497,0.24932414,0.0788122,-0.0042929053,-0.17045176,-0.2632927,-0.13032737,-0.106595665,0.03441283,0.751977,0.20422031,-0.23851615,0.2961023,0.2757536,0.018741503,-0.028270638,0.4241958,0.31329316,0.4134002,0.16671747,1.4820662,0.08899671,0.05015938,0.09189439
110,-0.005646035,-0.08062142,-0.29388863,0.08088213,0.43097454,-0.47321928,-0.05408722,0.53921807,1.3790132,0.07825833,0.053271905,0.40799296,0.31286287,0.10644722,0.1802758,0.1592629,-0.4169318,-0.11870691,-1.0028139,0.2219187,-0.060555823,0.1410414,-0.37319314,-0.022544026,0.0725317,-0.16359365,-0.27396917,-0.4284149,-0.6129787,0.08316122,0.52580273,0.003014326,0.08043498,-0.12373838,0.10314047,0.13918251,-0.3274486,0.35385132,-0.22453538,-0.30645347
111,0.09415951,0.19008106,-0.050922304,0.04013166,-0.01357672,-0.20329899,0.21740815,0.021163404,-0.04541883,0.16098619,0.027934872,0.52742434,0.00262627,-0.090549976,-0.283741,0.72030723,0.53264767,0.09786588,0.04553771,0.04668492,0.13468087,0.08712019,-0.06299332,-0.2156586,0.07585597,-0.17078319,-0.05978501,-0.08536196,-0.2978778,0.44231167,0.49765265,0.66539466,1.9606415,2.00314,0.66472733,0.67262655,-0.10309214,-0.0020709038,0.32623833,-0.2776243
112,-0.23957121,-0.082746804,-0.21038848,-0.053171515,0.14802781,-0.103390336,-0.1173169,0.03498149,-0.2353797,0.011832148,-0.5058107,0.12572348,-0.08000186,0.13902831,-0.020508587,0.017134309,0.08623374,-0.22859341,0.037052274,-0.17843956,0.08016208,0.19853684,-0.13851237,0.10974258,-0.116209626,0.3482837,0.104061544,-0.39725983,0.3018818,0.46030053,-0.065781236,0.031614244,0.3810059,0.10043478,0.38486224,-0.25219455,-0.30847478,0.7909801,0.11025149,0.086233914
113,-0.03272882,-0.16960675,0.98923886,-0.46701974,-0.9714503,0.052295685,0.07952759,-0.2778436,-0.2588321,-0.31628776,-0.3041972,0.040098816,-0.26241684,-0.5717826,0.7234346,0.08053422,-0.49559557,-0.34236005,-0.19598222,0.43643472,-0.33444914,-0.90731394,-0.0547297,-0.032304943,0.46280774,0.37410408,0.17466795,-0.2180267,-0.036501177,0.16755694,-0.052463777,-0.027555525,1.3623464,0.7207289,0.24100941,0.19833815,0.057770282,0.27525055,-0.13723874,-0.4817022
114,-0.28622842,-0.21866612,-0.016613364,0.12076366,-0.40264523,-0.44433028,-0.05423951,0.11112785,0.101802945,-0.2239007,-0.36909318,0.08181012,0.04053572,0.37213883,-0.03134787,-0.081059396,-0.22988588,-0.06201279,0.11913633,0.2154916,0.014280379,0.08154772,-0.5356395,-0.23905571,-0.07026696,0.22852997,-0.02467981,-0.20210868,0.73266935,-0.12102838,-0.09911084,-0.18225706,1.1283189,1.189545,1.3623483,0.6099371,-0.27941322,-0.2046833,-0.073972404,0.21934658
115,-0.15155643,0.5955804,1.708138,-0.27602273,-0.19729134,0.052640557,-0.022752762,0.16880953,-0.539503,0.4041826,-0.023337454,0.58600277,-0.44333076,0.17229396,-0.089122355,-0.28905365,-0.3305654,0.22904728,-0.14516696,-0.18903118,0.11478901,0.14710547,-0.12283369,-0.12562706,0.0030799508,0.26658466,0.5103904,-0.06449807,-0.021369457,0.13122186,0.18680799,0.40804276,0.15395123,0.113653764,-0.108231544,0.63396895,-0.08741824,0.33471084,-0.08676941,0.2843103
116,-0.034860253,-0.44457328,0.7078998,0.057793736,-0.05250734,-0.15657851,-0.15441525,-0.32974586,-0.2822305,-0.030535042,-0.31016746,0.19057132,-0.6092427,0.15425801,-0.5659007,-0.031037807,0.31404078,0.07151248,-0.13980263,-0.1289326,-0.3483203,-0.24471818,-0.22542894,-0.16637588,-0.013512654,0.17922801,-0.2352283,0.06988454,-0.3128932,0.20478329,-0.3295093,-0.30571377,0.3212353,0.16672581,-0.31344545,0.15130162,-0.05000019,-0.28115648,0.35808277,-0.31022638
117,-0.06366563,-0.41092622,0.07445389,-0.05368066,-0.010032177,-0.49661967,0.1586057,0.07476574,0.2870041,-0.078698516,-0.091061234,-0.105785996,0.07285082,0.33501709,-0.5839504,-0.25671542,0.03585756,0.09225905,0.103154555,-0.15691897,0.4685247,-0.009722382,-0.25300634,0.13302362,-0.08645922,1.0952835,-0.29069656,-0.8529469,0.010115147,0.69883686,0.32402924,0.23849237,0.41394162,-0.08509481,0.36089608,-0.4267248,0.006422162,-0.51116383,0.987834,-0.16437176
118,-0.7149005,-0.16661963,1.866039,0.15302378,-0.0027191043,-0.16942893,-0.053686827,0.14442039,0.13871402,0.07093635,-0.40302372,0.17866397,0.11806363,0.008489758,-0.4845264,-0.33919558,-0.056684412,0.21856076,-0.4477591,-0.18892258,-0.37266326,0.2626682,-0.0013456941,-0.22445342,0.1864179,-0.011227906,-0.20734131,-0.3089137,-0.811106,-0.10820204,-0.18614286,-0.350209,0.030003361,0.15326628,-0.5867434,0.009435177,-0.063690014,-0.1898699,0.042025805,0.13558704
119,-0.009857714,-0.30096233,0.10577309,-0.20027712,0.02891469,0.069622636,0.0047652125,-0.114631906,-0.2976784,0.1471228,-0.21669203,0.17959487,-0.3985949,-0.25739273,-0.17386785,-0.15722248,0.04777518,0.26816285,-0.410369,0.025987193,-0.18999362,-0.03296089,0.11316872,-0.06456959,-0.09899995,-0.35042283,0.39821893,0.46367696,0.6307539,0.66155857,-0.023914859,0.32949805,-0.19248027,-0.37340638,0.4725762,-0.012691066,0.1972669,-0.19629385,-0.05588697,-0.77024627
120,-0.4549337,0.019020617,-0.15705746,-0.07412772,-0.18572915,-0.69954777,-0.109874725,0.045945555,-0.037058294,0.025744021,0.2527709,0.10203332,-0.187977,-0.06703627,-0.7360796,0.051608652,-0.54109424,-0.45125353,-0.43814754,-0.5289643,-0.2922548,0.16647828,-0.16664177,-0.02245897,0.13681692,-0.07517329,0.009938359,-0.31189877,1.1330295,0.060111135,0.25564867,0.24375004,0.25570646,0.08665544,0.6631473,-0.23323846,-0.22573516,0.5573166,0.024276555,0.050659772
121,0.10181826,0.20259804,0.19614556,0.27334213,-0.018818498,0.15490317,-0.26116925,-0.07790531,0.041257024,-0.11588663,-0.21021783,0.22620127,-0.2537954,-0.2853512,0.03645107,-0.18040216,-0.17517471,-0.58986294,-0.044582576,0.33902693,-0.03213668,-0.35153836,-0.049174666,0.09187442,-0.02257502,0.1985442,-0.41225943,-0.5449877,0.24008489,0.026464343,-0.0104857385,0.05142939,-0.070372164,0.39771846,0.03545794,0.005190134,0.25836927,0.10090716,0.5811714,1.734366
122,0.0652003,-0.06220901,-0.044865757,0.13377434,0.9640455,0.036484346,-0.201799,0.4558326,-0.13427478,0.47032106,0.38833582,0.21770734,-0.34922597,0.013652533,-0.2843713,-0.3046545,-0.20281547,1.3724389,-0.097651124,-0.2547497,0.113857806,-0.747285,-0.21423912,0.09445995,-0.033716798,-0.009729356,0.19565767,0.064454794,0.15522173,0.5015271,0.27482602,0.14171189,-0.3733761,0.37030375,0.63996935,0.43723616,-0.022197828,-0.28617823,0.07642579,-0.21466398
123,0.66581595,0.23234925,-0.044119805,0.13740641,0.31457263,-0.09360059,-0.43850005,0.17705399,-0.47007382,-0.053753734,-0.46588922,0.13306764,-0.66240954,-0.23640761,0.24943277,0.21074736,1.393431,-0.09207767,-0.16465294,0.055582523,-1.2678356,-0.040948033,-0.2811617,0.16547859,0.6841651,-0.09668398,0.2226752,0.181763,0.09939319,-0.017043412,-0.09125218,-0.09283507,-0.1773398,-0.17101926,0.2455612,0.04328358,0.5143116,-0.12573496,0.27386335,-0.082856745
124,0.07324228,-0.18264228,0.36232877,0.11810911,0.04322049,-0.10990637,0.251231,0.0576123,-0.15664063,0.44049528,0.36165023,0.2644974,0.07416966,0.13442995,0.22939391,-0.5786232,0.1967885,0.027048381,-0.66415817,-0.3305776,0.19462174,0.038887262,0.09471324,0.22984028,0.29473394,0.21796446,0.40280208,-0.26694822,0.39987707,-0.26086974,0.026223391,0.3584095,-0.02666974,0.06621417,0.573862,-1.0026726,-0.18717039,-0.115725055,-0.31767172,-0.51251525
125,0.041615725,3.1171594,-0.26127437,0.0020611286,-0.08702354,0.9773961,-0.19954038,0.18359745,0.27557927,-0.11018148,0.052754194,0.050137162,0.37663615,-0.24522723,-0.024337374,0.10764362,-0.27257735,-0.17016795,0.12987256,-0.3398305,0.16882679,0.22917326,-0.005416155,0.13606334,-0.023465514,-0.0021308064,-0.06558254,0.1549536,-0.010238618,0.44674507,-0.02576013,0.3775816,-0.03302148,-1.5175974,0.27746248,-0.0038509816,0.005606368,0.056818992,0.08381137,0.039693862
126,-0.638705,-0.1042794,-0.41578335,-0.09755877,0.042310297,-0.18285905,-0.29548162,0.14654872,0.17310724,-0.84090924,-0.26995412,0.49684814,-0.42908576,-0.24754673,0.07258311,-0.0461709,-0.021600842,0.15234175,-0.07534939,-0.1267398,-0.38404346,0.28289422,-0.14423531,-0.32633814,0.0031157285,1.5066017,0.34165862,-0.1837686,0.28504393,0.11824921,-0.1847821,0.42302668,0.31859034,0.9500284,0.19199754,-0.04668559,-0.08909953,0.11208522,-0.4461987,-0.3070056
127,0.26171684,0.2701603,0.027594864,-0.0009781718,0.8740312,0.5704413,0.15253693,0.15052342,0.12785482,0.64628124,0.2849244,0.19907862,0.19877744,0.02924946,0.03551531,0.03693664,-0.47168803,-0.050746232,-0.13906926,-0.07593608,-0.046759367,-0.29067242,0.048607826,0.02576232,0.31054163,-0.3673904,-0.16773707,-0.027072966,0.08132517,0.13234654,-0.08522844,-0.018600523,0.1685878,-0.20530555,0.12201676,0.017979383,0.08510488,0.015969127,0.00809294,-0.020110786
128,0.46639043,-0.10275452,-0.1665991,0.0052512884,-0.1467987,-0.08131081,-0.63392615,0.3881064,-0.7340619,-0.29586732,0.7584276,0.6273304,-0.7223389,0.11379841,-0.13553762,-0.6218777,-0.24829829,-0.06250942,0.04119511,-0.31619576,0.43286365,-0.67672205,-0.82829136,-0.056690097,-0.08617449,-0.11107612,0.02292557,0.7423853,-0.13808298,-0.54529643,0.19337976,-0.53721166,-0.06411639,-0.47658074,-0.48732483,-0.26897904,0.52398515,0.5603246,0.1848216,0.40530714
129,0.004554361,-0.095407695,-0.00088085234,-0.030766144,-0.10729872,-0.004644692,0.057037,0.040682226,0.21322216,-0.024993531,0.011527047,-0.002171278,0.43145785,-0.06544595,0.04290214,0.0026584938,0.21719773,0.0021615028,-0.023445705,-0.0065012574,-0.053851612,-0.06711003,-0.19171698,0.012373224,-0.22646853,0.058640406,-0.084745236,-3.892867,-0.003535986,0.10122103,0.06614989,-0.08535801,0.038163945,0.055465844,0.036948115,-0.09845123,0.05189471,0.029490504,-0.09705384,0.06268191
130,0.1298086,0.45978922,0.4665913,0.07960492,-0.019592881,0.14906156,-0.24441999,-0.6547616,-0.20604324,0.5812242,-0.24160786,0.38110688,-0.39372766,-0.11752182,-0.6526139,-0.22570622,-0.12945461,-0.63553363,-0.59491694,0.7520288,-0.27439022,-0.30230814,0.16984351,0.11034882,0.013791561,1.1052681,1.5660709,0.48854172,-0.15267068,0.032973766,0.087501466,0.936038,-0.18709236,0.54694295,0.44241053,1.1291027,0.2651351,0.39604518,-0.07705657,-0.18295
131,-0.07230562,-0.27838093,0.40728375,0.5516074,-0.5003986,-0.11086446,-0.16053852,-0.12370384,-0.2268964,-0.009771556,-0.15081485,0.27003002,-0.2687009,-0.30281615,0.23274434,-0.56108767,0.16966423,-0.23769219,-0.15974964,0.067312874,-0.11223829,0.14573763,0.57456267,0.047339976,1.0956194,-0.0658266,-0.17561369,0.15786472,0.35658222,0.20532744,-0.020178735,0.03289056,-0.029249549,0.11125052,0.3254118,-0.43015337,-0.43821836,-0.22774112,-0.06452918,-0.24164492
132,-0.6391785,-0.20386231,-0.42478508,-0.17253834,0.14769652,-0.15225503,0.023794979,0.5661183,0.64321697,-0.07880973,-0.117277764,0.18234265,-0.15573928,-0.08834233,0.43453258,-0.33425683,0.34414756,0.2946735,-0.55362564,-0.7391306,-0.18566105,-1.148821,-0.16632813,-0.15531582,-0.3539139,-0.14233813,-0.22489297,-0.3091691,0.17181754,-0.4359033,-1.2562175,-0.19737071,-0.15976101,-0.07594774,0.38198903,0.1710766,0.051707126,0.81069547,-0.19517887,0.25755858
133,-0.53004056,-0.15238637,-0.039970517,-0.23022002,0.02000171,0.010323614,0.19352633,-0.20243222,-0.15430738,0.16678336,-0.6023151,0.046040773,-0.1973517,-0.34618282,-0.6310134,-0.31859696,-0.2703315,-0.6122595,-0.13529418,0.1529687,-0.38156217,-0.38931042,-0.86126304,-0.5799469,0.35985994,0.1912484,0.12011558,0.047108248,0.9857441,0.61200416,0.12991303,0.21442997,1.5792493,0.6269135,0.70568544,0.87761486,-0.16856968,0.058674395,-0.21718287,0.15387529
134,0.04956138,0.0056378543,-0.1468932,0.20210147,1.0695741,-0.6187332,-0.3494134,0.028206348,-0.35727268,-0.64432234,0.081421286,-0.2629466,-0.039757967,0.47544134,0.038917124,-0.18721813,-0.06519008,0.6813953,-0.32875407,0.06654352,0.22069788,0.2278597,-0.21485573,0.20424986,0.1282345,-0.045983106,0.00078612566,-0.117795765,0.3050859,0.4958012,-0.08217418,0.048289657,0.47591355,0.46086133,0.4159288,-0.0650571,0.8738517,-0.19538972,0.14353359,-0.080782175
135,-0.5810188,-0.34881008,-0.04590471,0.06914002,0.1199916,-0.11826645,1.0933614,0.36755377,0.052080333,-0.14912651,0.20010306,-0.011290789,0.40475953,-0.42518067,0.021438539,0.11477889,-1.2348776,-0.096199214,-0.059034944,-0.42547983,-0.2641589,0.11560589,-0.12369287,0.29464632,2.2791715,0.23717238,0.05759275,-0.22533548,0.16369367,0.64068455,0.061727047,-0.12723815,-0.58318734,0.12912819,0.3466651,-0.40851042,-0.4181879,-0.043571472,0.39605576,-0.09265286
136,0.06987436,-0.36754853,0.47625902,-0.03554868,0.47474802,-0.4566503,0.23919463,0.15892982,-0.11401756,0.21179748,-0.22122698,0.048828132,-0.9742999,-0.0042120963,0.003556135,-0.37339798,0.07483547,0.23064217,-0.023420155,1.5300792,-0.1128546,0.030134887,0.1738554,-0.36373267,-0.35178468,0.3825685,0.3374995,0.61126405,-0.29320073,-0.19291505,0.30762464,0.19982979,0.31730184,0.03175238,0.16636948,0.29261908,-0.161778,0.3987464,-0.01773329,0.2803616
137,-0.13529444,-0.09332378,0.17425837,0.24392158,-0.25247234,0.2983507,-0.23149726,0.4760419,0.0042054057,0.13367313,0.46983778,0.04865697,-0.09621239,-0.06151253,0.12840328,0.28385538,-0.28551516,-0.7135705,-0.4219217,-0.48888385,-0.02830112,-0.32555407,-0.34939158,-0.4796254,0.3062572,1.4337406,0.33182535,0.71419173,-0.3010983,-0.26647708,0.20302355,-0.20231485,0.15776771,-0.25951567,-0.06081029,-0.11340976,0.020073414,-0.42892933,-0.3252205,0.1607087
138,0.07883024,-0.44747245,-0.17864287,0.096639544,0.104072094,-0.05265385,-0.072068095,-0.35633144,0.2080372,1.2846036,0.8753769,0.5490248,5.430258,5.001504,3.3602087,2.0571506,-0.1534946,-0.025098383,-0.33556554,-0.38556036,2.8027115,3.182664,1.3307776,1.5982835,-0.21467257,-0.7475393,-0.19231859,-0.09787518,0.1712445,0.10334446,-0.12503545,0.5325422,-0.005021572,-0.10943123,-0.030406594,-0.5452634,0.17733723,-0.1438697,-0.15806943,0.021532863
139,0.822737,0.06866813,0.33162764,-0.03858155,-0.049042076,-0.055108845,0.07433975,0.05994785,-0.15782255,0.49363875,0.006311357,0.1478914,0.92710996,1.024445,0.6794746,0.32429326,0.63943785,0.06090468,-0.06825608,0.022245467,2.1827216,1.6087638,0.6786457,0.56457865,-0.09615183,0.11169207,0.112638324,-0.048998058,-0.18195748,-0.09532401,-0.16326174,0.28624615,-0.0578364,-0.012639996,0.033717155,0.07310063,-0.07968704,-0.03424269,0.05694905,-0.0070224404
140,-0.07194519,0.40838242,0.6561771,0.33243936,-0.14624119,0.26262462,-0.06577516,-0.18119627,0.6408078,-0.21079403,-0.057735004,0.6143005,-0.05879605,0.46713558,0.4172393,0.5751647,-0.49152598,-0.09125108,-0.43897107,-0.22674239,1.0722728,0.4138934,0.33092082,0.33079726,0.64829457,1.2724757,0.8660054,0.21338248,-0.6614089,-0.7334674,0.3006035,-0.26934218,-0.026316091,0.31476325,0.41620845,0.30612954,-0.6077152,-0.3412041,0.3311172,0.07354325
141,-0.22719157,-0.2738793,-0.19787207,0.06654543,0.7356199,-0.006977856,-0.25541532,-0.02915304,-0.5876039,0.16673255,0.3095236,0.2140362,0.45848846,0.34952587,0.30671382,0.0027530193,0.41513085,0.099701524,0.65533483,0.05613208,0.5328481,-0.14684916,-0.025768667,0.16459817,0.20114493,0.09626019,0.0065081716,0.20635259,0.5319463,0.27854323,0.055794805,0.39989835,-0.4464958,0.21341789,0.14439729,0.14341141,0.26777756,0.004162699,0.34660944,0.3060637
142,-0.01918763,0.12494755,-0.112437844,0.10673416,-0.22545454,0.38551313,0.13305607,-0.077961326,0.123642385,-0.314376,-0.53562474,0.027784646,0.015097283,0.76965916,0.14279327,0.082482636,-0.44130597,-0.33025128,-0.12781367,-0.07040739,-0.22629872,0.46469188,-0.3481866,0.0122795105,-0.0005424619,0.911757,0.29135478,0.29163152,0.004165828,0.16347992,0.060035884,0.18490902,0.40547943,-0.009019762,0.15892737,0.11025113,1.0320857,0.4429556,-0.17530578,0.1338551
143,0.058559,0.12166715,0.84282446,-0.21243909,0.031091213,-0.65501726,0.03197526,-0.6091649,-0.47096297,-0.11108661,-0.5896087,-0.15172037,-0.12198806,-0.10324252,-0.100807846,-0.6615848,0.5837064,2.107789,0.56083167,0.79699904,0.07390651,0.9654614,1.6912506,0.47865278,-0.46240708,-0.51116383,-0.9096112,0.011234775,-0.22456849,-0.14225113,-0.26340485,-0.502776,-0.43918666,-0.16298817,-0.3631886,0.116572574,-0.3851747,-0.34088618,-0.8897568,0.103603125
144,-0.18217006,0.32145685,0.3464472,0.4197374,-0.2080452,-0.027789682,-0.21079136,0.54251695,0.108505785,-0.41392785,0.03677711,-0.07446155,0.25463414,-0.047386467,-0.6510997,-0.013880253,0.37652797,-0.105740815,-0.14829019,-0.5540154,0.06875965,0.2790199,0.16654575,0.88549197,0.52177763,0.03407892,-0.44365335,0.36541244,-0.35930604,0.37811798,0.12567087,0.39148486,0.30337366,0.2759237,0.10731916,-0.18593138,-0.3585723,0.5080545,0.51030165,0.8747513
145,0.57974744,0.40993458,1.1922197,0.5868469,0.13889325,-0.15747376,0.018318474,-0.08724457,0.2836358,0.55891,0.3386451,0.08793938,1.65766,0.956192,1.355913,0.90779924,0.5507153,0.9309586,0.69604045,0.5899404,1.006051,2.033581,2.1359198,1.555784,-0.09803033,1.1517224,0.28661585,-0.009395033,0.33670068,-0.2271667,-0.2688785,0.18907139,-0.40954944,-0.17425704,-0.09460348,-0.19077244,0.051875114,-0.33022895,-0.3460005,-0.00043272972
146,0.23179899,0.25775704,0.1018306,-0.07504237,-0.37519336,0.5048874,0.16493964,0.015262127,0.05369596,-0.46917897,-0.1253435,-0.09318918,1.665266,0.30017784,0.18895648,0.41142464,-0.37256026,-0.21385527,0.08977562,-0.18195757,0.39085045,0.24688643,0.07833904,0.0968076,-0.65428317,-0.09100199,-0.25039124,-0.16557217,-0.3042748,-0.024575949,-0.140111,0.06690484,0.6127081,-0.29049927,0.030840516,-0.036072552,0.337196,-0.28961283,-0.15876323,-0.07497504
147,-0.04822561,-0.2748043,0.67147404,-0.33607328,0.09491387,-0.20201978,0.108781986,-0.17275763,-0.082775,0.21131873,-0.69807804,0.40103006,-0.27280134,-0.5779778,-0.08425254,0.24229984,0.2601323,-0.39592475,0.6570199,-0.7234805,-0.56577814,0.2818473,0.06400642,-0.18582219,-0.43504646,-0.18635419,-0.6393831,0.4199107,-0.64826703,-0.6554285,-0.4075716,-0.49972153,-0.65944284,0.74832666,0.02103138,1.0149531,-0.117309004,0.21765697,-0.5839282,0.3578499
148,0.2227068,0.16682482,-0.1864073,0.08163226,-0.70730454,0.027064128,-0.5042265,-0.102648675,-0.058170795,0.27233317,0.2965433,0.03457594,0.25072286,-0.234445,-0.013162732,-0.20795734,-0.89674056,-0.5676067,-0.8203688,-0.21922725,-0.21107018,-0.3050845,0.107842475,0.24038765,0.6652632,1.2741363,0.26851046,-0.14825779,0.94627523,0.50295234,0.0091462135,0.5843871,0.40394175,1.1571128,0.16120705,1.028933,0.012788892,-0.18840748,0.15361089,0.15891683
149,-0.13386512,0.33622724,0.23214161,-0.44892085,-0.50275016,-0.6575986,-0.36859882,-0.07149777,-0.07180774,-0.03216423,-0.31462193,0.10694599,0.12903076,0.104653195,0.14240456,0.3375957,0.07930344,-0.14962035,0.70676404,0.0028900802,0.37549955,0.31993878,-0.16765293,-0.2806195,-0.09897196,0.553028,0.4549083,0.3788356,0.25043672,-0.14474717,-0.28376192,0.0754869,1.197468,-0.557602,0.5288429,0.5008737,-0.361524,0.19455168,0.44158274,0.21982723
150,0.185911,-0.013071358,0.5164152,-0.8203157,0.10897063,-0.85248655,-0.3381644,-0.34984246,-0.14576319,0.08725746,0.1301682,-0.28204426,0.22232333,0.69629717,0.11608389,-0.48227748,0.6247469,0.0828937,-0.052813724,0.33912784,-0.039626524,1.6389132,-0.34299397,-0.07939032,0.37558258,0.024692953,0.5543952,0.48592895,-0.20342685,0.05051422,-0.3466925,0.20432088,0.056969106,-0.07836646,0.28995824,-0.21450657,0.0756239,0.04466346,0.1040757,-0.34930137
151,0.21076053,-0.46119875,0.124480605,0.028500378,3.721292,1.4837015,0.39461827,0.26321468,3.3844295,1.6372252,0.8743913,0.32673752,0.84882957,0.4043828,0.36769795,0.059102237,-0.37976837,0.356181,0.090529084,0.09030044,0.24184158,0.33705473,-0.14536816,0.039346337,0.3654887,0.05529055,0.2617535,0.039483666,0.018787384,0.08277762,-0.050587595,-0.15020317,0.21007228,0.19834313,-0.1071139,-0.22157234,-0.3932167,-0.16485964,-0.10062724,0.10691136
152,0.09656727,-0.021558613,0.14977631,0.031759977,-0.15111576,-0.023926377,0.11942732,0.069960594,0.04104747,-0.29445505,0.34746772,0.056821227,0.9250577,1.1059865,1.4783878,0.8575373,0.45824337,0.39560044,0.24432905,0.41558164,0.9684794,0.45685333,0.6649451,0.79645014,-0.0879854,-0.53652096,0.09491755,-0.13320863,0.16875815,0.17851561,0.060828157,-0.04834628,0.014410615,0.30253682,0.38174188,-0.22521433,-0.034793437,-0.047500193,0.3330819,-0.06836927
153,-0.14683005,-0.18931219,0.28763077,-0.016441897,-0.02183491,1.6013813,-0.039735436,0.06655747,-0.21071216,0.29831424,0.20235914,-0.10048962,-0.12413862,0.14042853,-0.6515721,-0.44532022,-0.07262209,0.5126257,0.073399454,0.35333484,0.72928184,0.34192345,0.041489065,0.14656436,-0.1881167,-0.1344707,0.5461451,0.08202082,0.070983,-0.4018736,-0.10687056,0.17748904,-0.30313691,-0.03423208,0.27191445,-0.2284038,-0.105683625,0.62732095,0.09669685,-0.15146935
154,-0.12174392,0.042528704,0.029475987,-0.021781266,0.12587982,0.047306508,0.021342695,0.014112532,-0.1210264,-0.09714014,0.024775863,0.11044198,0.00972259,-0.07530916,-0.10653418,-0.09051126,-0.15293503,0.12878567,0.010734588,-0.11894423,0.10327685,-0.20060927,-0.07718074,-0.11755848,0.031870008,-0.15587245,-0.08244997,0.050616264,0.06381726,0.15455458,0.015073478,-0.014231622,0.16486633,0.023567498,0.09149814,-0.020657837,-0.088956416,0.1332401,-0.03592953,0.052900314
155,1.3241787,0.6300447,0.17174444,0.2632802,0.09300476,-0.0013685822,-0.050001442,-0.041157126,0.1297047,0.20025182,0.100111485,-0.04023254,4.376197,2.1589723,3.534474,0.8867665,-0.7206292,-0.07121928,0.04286185,-0.16745302,2.3015661,2.218718,2.465196,1.4397018,-0.1292702,-0.4160278,-0.15255345,-0.046750724,-0.47634304,0.071695626,-0.41840208,0.13689566,-0.20190242,0.00059631467,0.14218098,-0.18576133,-0.66353714,-0.11373818,-0.08446449,-0.19093734
156,0.24359065,0.041902214,0.31809083,-0.11998117,-0.17381328,5.821367,-0.07419713,0.1475212,-0.3873196,-0.4212678,0.30243027,0.065499604,-0.14813435,-0.80249786,0.30572775,0.09164029,-0.21964547,0.046845704,0.19633591,0.07337072,0.40484154,0.009417862,-0.049972154,0.20269725,0.05561483,-0.027262747,-0.074457794,0.1583229,-0.31708097,0.14887375,0.1521809,0.13206697,-0.24955088,0.009347737,-0.23955189,-0.01883918,0.76593447,-0.20278874,-0.29500252,0.17551112
157,-0.0068763494,-0.13495678,-0.38134396,0.057089925,-0.070287555,-0.27746168,-0.2885151,0.14895053,-0.37737632,0.17409942,-0.07376844,-0.2998904,0.1101045,-0.117519796,-0.45098156,-0.56184155,0.33722544,0.86382675,0.37090057,0.020001292,-0.2912742,0.029101431,1.4544975,0.15584695,-0.72035754,-0.14158887,-0.60522354,0.079497635,1.7075546,-0.11931297,-0.14470002,-0.035456,-0.18943584,-0.38762194,0.43374127,-0.2447421,-0.7187133,-0.78339946,-0.2121655,0.06320253
158,-0.02004078,-0.5453528,-0.2488131,0.04696393,0.067335844,-0.090498865,-0.23834558,0.07033384,0.44145447,-0.13674793,1.3264804,0.007422209,-0.72043,-0.28192994,-1.1546628,-0.12769507,0.25497502,0.12348609,-0.055468082,-0.18807206,-0.18396512,0.06905546,-0.3417188,-0.19368073,-0.40134177,0.44489345,-0.120844066,0.09894931,0.10617916,0.591084,0.3596151,0.3037816,-0.092393205,0.12840985,0.25403368,-0.31632614,0.7686057,0.11669594,-0.007552743,-0.06148216
159,0.22604707,0.0514974,0.19142765,-0.04334733,-0.36405075,0.09971261,-0.6990293,0.08616868,0.043180645,-0.4968895,0.2182374,0.2197111,-0.85135937,0.16712493,0.38850254,-0.26430404,-0.6376181,-0.13181192,0.3734784,-0.017581552,-0.48343596,-0.33843362,0.26147887,-0.4618896,-0.54287434,-0.21447583,-0.39951313,-0.20278135,-0.0979937,-0.265428,-0.10305005,-0.15963066,-0.8672544,-0.3157888,-0.37168944,-0.3898865,-0.17766523,0.07354852,-0.43099156,-0.09255344
160,-0.3701408,0.10946083,-0.10265347,-0.21354896,0.89636433,0.11098322,0.35240716,-0.1985735,0.03604109,-0.11519326,-0.26925915,0.17268628,-0.101608396,-0.15093353,-0.022712976,0.14239305,-0.6394111,-0.19749618,0.22960207,0.14084679,-0.11197233,-0.15042406,0.32081708,-0.05378461,-0.3075407,0.3619741,-0.021460503,0.027942896,0.022751212,-0.09212574,-0.105088204,0.35524163,0.21876323,-0.40641707,-0.09632048,-0.12136465,0.1544042,0.13938046,-0.23336512,0.16726619
161,-0.17758557,0.07728514,-0.34881368,-0.6113345,0.59331685,-0.24638243,-0.123085454,-0.19424662,-0.5303669,-0.08080328,-0.5224592,0.1498025,-0.55849445,-0.2750852,-0.43826616,-0.3132014,-0.04759735,0.36238286,0.1977688,0.9307381,0.1776335,0.086285785,-0.18801445,-0.43922085,0.05010429,-0.33314967,0.11379342,-0.2276092,0.17240101,-0.2271326,-0.6083423,-0.41933024,0.09777121,0.052571505,0.3717054,-0.008371238,-0.10060966,-0.25663412,0.04851158,-0.00995779
162,-0.012548208,-0.39310896,-0.13706188,0.025803566,-0.38798326,-0.29420215,0.24856879,-0.030007243,-0.31305134,0.3037958,-0.06439835,0.6883844,-0.10462497,-0.37030113,0.09947754,0.0392341,0.84894466,-0.1423331,-0.03537518,0.23214078,0.17600882,0.5654677,-0.092997044,-0.21105659,-0.45129454,-0.0320099,0.091169745,-0.23166668,-0.38738716,0.022890855,0.06066318,0.15596014,-0.43719405,-0.19226384,0.2983304,0.020471156,-0.38416964,-0.30500078,0.2701313,-0.09883076
163,-0.124929875,-0.19805932,0.31403714,0.20831716,0.23226947,1.4136169,1.0057353,0.2939024,-0.06845978,-0.3007934,0.095142454,0.343548,-0.33405548,-0.45960933,-0.13185537,-0.5814985,-0.47969335,0.06263095,0.10600373,-0.42299134,-0.46777546,0.40622422,-0.09928048,0.049527764,-0.27520093,-0.7505878,-0.06916964,-0.15569347,0.6965902,1.1253495,0.27590787,0.6286132,0.14977276,-0.3935138,-0.077650905,-0.2848578,0.16237026,-0.13068375,0.043431878,0.001369834
164,-0.46742135,0.27866858,-0.23482615,0.14696795,-0.37718305,-0.09508604,0.23193815,0.073726,-0.058150396,0.15217263,-0.015413135,-0.07199466,0.003907323,-0.08613661,-0.03439194,0.005568385,-0.23943236,-0.22034442,-0.157451,-0.2418114,0.21972609,-0.04692164,0.22294739,-0.14054775,0.13464262,0.07513395,0.16206229,0.14391351,1.4744288,1.6137638,0.39133212,0.73828644,2.7236867,1.8579268,1.733903,0.3729814,-0.38574386,0.25534946,0.18085065,-0.038461745
165,-0.23046595,-0.039821,-0.15591562,0.03472683,2.51828,0.84558797,0.48818904,0.8017059,0.72452515,0.27180728,0.87091285,0.111737,-0.004689425,0.5719477,-0.25128192,-0.13829517,0.058738887,-0.19260752,-0.120379984,0.19111568,-0.35590097,-0.45347798,-0.21425971,-0.14060101,1.2817786,0.63131493,-0.036696643,0.32871917,-0.56503683,-0.52816236,0.2970003,0.477586,0.5046467,-0.16786566,0.30111307,-0.30409548,-0.1251882,0.2505982,-0.50351816,-0.3596188
166,-0.22380179,-0.09415573,0.114566624,-0.22572854,0.035603106,-0.31373847,0.065274656,-0.09479737,-0.3780441,0.0222556,0.0022649765,-0.12123108,-0.2634906,-0.4330076,-0.101557255,-0.028554618,2.3785198,2.1536767,1.1265913,0.9304727,1.3351679,2.3619537,1.5283017,1.6074743,0.23193848,0.5710962,0.4424107,0.31283188,0.45795894,0.684134,0.26096654,0.2942524,0.10177386,0.33586693,-0.04386598,0.09729558,-0.084536314,-0.11227083,-0.28401545,0.054402947
167,-0.11017159,0.1041878,-0.032677412,0.024757415,-0.033775687,-0.04724908,-0.20634386,-0.11114022,0.04745254,-0.27321666,-0.08535719,0.034602467,0.7337069,0.08692916,0.017245114,0.60010874,-0.08474964,0.054347396,0.35218352,0.050236464,0.25970873,-0.15536636,-0.8361979,-0.43105447,0.19490033,0.07822989,0.23731947,0.9846712,0.124004394,-0.06969243,0.0106827915,0.07641631,-0.034172386,0.15522663,0.29706177,-0.8635398,0.97963405,-0.17796898,0.89385575,0.01672864
168,0.181806,-0.038506836,0.61193347,0.47574717,-0.16362046,-0.24701643,-0.08119775,0.33161238,0.25017926,0.37231517,0.23551172,-0.43819755,-0.9873361,0.3110393,-0.2918322,-0.23592916,-0.064601935,0.29148653,-0.5651637,0.016322352,-0.06495726,-0.3210207,0.16532904,0.38206738,-0.22018155,0.106174976,0.036650874,-0.11419797,0.04775828,0.40892026,-0.26569012,0.5669204,-0.17192434,-0.022996873,-0.15229255,0.2901545,-0.0031327903,-0.13730806,0.12991177,0.0059814304
169,0.19706178,-0.22051607,-0.34165037,0.760355,0.08723557,-0.2421894,-0.31884927,0.31466937,0.9268304,-0.0719676,0.2081897,-0.09699148,0.13223588,-3.299117e-05,-0.22483578,-0.0440138,-0.08143732,0.24260938,0.043783695,-0.23524025,-0.0369021,-0.04028272,-0.027828693,0.25722593,0.17469598,-0.10542339,0.14133856,-0.19833046,0.33073604,0.2915272,0.19319685,0.048389196,0.3041802,0.5105063,0.56224346,0.11595057,-0.099522784,-0.08984777,0.06378329,0.25411972
170,-0.47596112,0.044552393,-0.41335738,-0.024354637,0.25525564,-0.5106294,-0.30333388,0.09041512,0.18320237,0.3116185,0.100043416,0.2688241,0.61035967,-0.31947726,0.13266866,0.07077247,0.08536965,-0.19826037,0.30177784,0.031046987,-0.388073,-0.41633376,-0.2243881,-0.07768196,0.6355505,-0.39055753,0.29094252,0.35152826,-0.21261072,-0.05645603,-0.34958526,0.12985158,0.33291414,0.056266733,0.37751406,0.28978068,-0.04040444,-0.14592123,0.019909412,0.0011718273
171,-0.14425552,0.17146444,0.011530101,-0.0011879206,-0.086380005,-0.36364847,0.2751069,0.14410865,0.19990796,-0.31550935,-0.07254857,0.18025756,0.06283784,0.027625263,0.09024185,-0.2755971,-0.0041871667,0.20278859,-0.15999636,0.21862257,-0.09390384,-0.052897125,-0.58033454,-0.24455214,0.10225618,-0.43274036,0.09386963,-0.3949616,-0.23005664,-0.18299222,0.23598373,0.21845835,0.0379892,-0.26957297,-0.09854564,-0.05704236,-0.03629619,0.08925852,0.1643529,0.12963694
172,-0.3524242,-0.15860677,-0.07826856,0.33819333,0.614679,0.14833051,-0.14645243,0.14416544,0.3507054,0.26576155,0.80751455,0.88645303,0.19631019,0.34368485,-0.20488998,-0.30884957,-0.5617609,-0.18444276,-0.43339372,-0.32776254,-1.0212152,-0.70848846,-0.7996718,-0.93581116,-0.07249868,0.3463763,-0.2506917,-0.04839742,-0.10756272,0.63078743,-0.08047412,0.11825171,0.33843663,0.46181104,0.5713006,-0.2751158,0.1839104,0.33311093,0.36184728,-0.32855737
173,-0.25641286,0.2431103,-0.033002913,0.1633786,0.17079657,0.15398844,0.40325806,-0.15138295,-0.1456427,-0.14285296,0.22401965,0.090251595,-0.017439246,-0.49156135,-0.04189331,-0.22163194,-0.19581771,0.13595164,0.6293547,0.6071111,-0.08120692,0.12652187,0.1043375,0.077214986,0.022538662,-0.1564448,-0.23247045,-0.063218355,0.08635455,-0.20530999,0.40537748,0.033269167,-0.15106356,-0.28125727,-0.142956,0.047644734,0.080489755,0.41960114,0.5688714,0.14146452
174,-0.057108622,-0.4861699,0.23097397,0.3304044,1.132798,1.790837,0.32973188,-0.29851925,0.887015,0.543815,0.74880713,0.12483871,0.60571,-0.031232785,0.39757454,-0.095537744,-0.30149317,-0.6213969,-0.4199615,-0.0070393085,-0.15490496,-0.18949571,0.07519162,0.18206984,1.4515148,0.8746315,0.28588063,0.48513195,-0.28002495,0.16571048,0.009935528,0.35737094,0.027642563,-0.28709817,0.6294628,-0.08072813,0.08842787,-0.16719192,0.073786095,-0.22439831
175,-0.6998401,0.10052064,0.0022696257,-0.39531133,-0.08182567,-0.19859056,-0.3209268,-0.5430845,-0.61367273,-0.21452615,-0.32169634,-0.06999755,-0.08217768,-0.41997668,-0.25084224,-0.2358503,-0.13650502,1.0298189,0.60459477,0.30219418,0.7553651,0.052680254,0.5531761,0.39454436,-0.59926516,1.4748905,0.1855816,0.2622304,0.5921671,0.008641332,0.21473384,0.3729143,-0.016711988,-0.480036,0.2516448,-0.47182655,0.43417075,0.67743003,0.31737858,0.065686226
176,0.24091241,0.06751037,0.044664063,0.24467438,-0.21664481,-0.29459274,-0.37575638,-0.21305129,-0.15635383,-0.22446099,0.071798384,0.030299932,0.16700304,0.1795978,0.16695514,0.016009629,-0.37002572,0.0069378763,-0.17052037,0.263161,0.057016872,0.013345189,-0.4136239,-0.17821395,0.009995222,0.0774863,0.17584953,0.08037874,0.2117733,0.094896875,0.24184114,-0.4252192,-0.3725207,0.28648543,-0.07939431,-0.25359482,-0.42171198,0.1874167,0.46346626,0.18803206
177,4.588564,-0.031442925,-0.06988028,-0.11376983,0.004322171,-0.17608741,-0.08748925,0.34771672,-0.95182925,0.05619538,0.078160316,0.17100391,0.22284722,0.065776594,-0.3446955,0.055060208,-0.03104499,0.4712205,0.02164948,0.009701312,-0.017169476,-0.3754396,-0.09366968,0.23099244,0.097506195,-0.051083356,0.11417118,0.03440848,-0.02501005,0.060428128,-0.4631909,-0.05564314,-0.00095671415,-0.020562202,0.11295459,-0.081406474,-0.4276301,-0.09319705,-0.13562125,-0.22715631
178,-0.24086912,0.10353172,0.040806115,-0.22187246,0.72949004,0.014610048,-0.06470588,0.036235034,-0.10822378,0.27965546,0.07281846,0.0026635528,-0.42855507,-0.4960456,0.10299045,-0.057087243,2.3837297,1.5027217,0.8893089,0.734946,0.21179247,1.3464983,0.9405135,0.4579134,-0.57381344,-0.07599878,-0.047958843,-0.04020375,-0.025245667,0.06253469,-0.051376402,0.056569695,-0.18003242,-0.08213204,-0.099060535,-0.06576854,-0.0766834,-0.09891307,-0.23775163,-0.11496377
179,-0.40683973,-0.0055607706,0.21132208,-0.08779323,0.13302064,0.4908228,-0.21665366,-0.0031613708,-0.7438801,-0.37172806,0.1032798,-0.038619697,-0.006318666,-0.17584589,0.11216134,-0.11891657,1.8886247,2.0697405,0.9117312,0.4769709,0.6321478,1.5169673,1.3936396,0.9193784,-0.26071286,-0.2546759,-0.060296655,0.04251349,0.53043234,0.34061778,-0.030813932,0.038972914,0.11773428,0.15501615,-0.29475784,-0.071376085,-0.62218624,-0.035083815,-0.2335102,-0.062995195
180,0.08938667,0.8350665,0.5735489,-0.19345367,0.007415008,-0.48599243,-0.5300236,0.72505724,-0.22995055,0.88717836,-0.2521788,0.029964566,-0.18641977,1.0460393,0.10010126,0.3439567,0.7425608,1.0114616,1.3667119,0.2761012,0.4459188,1.2455487,0.3141611,0.29742956,-0.2806815,-0.24718446,0.23244649,-0.13158143,-0.06921856,-0.39958045,-0.3523987,-0.19593953,0.32063925,-0.046232864,-0.3373177,0.11506915,0.5797105,-0.80193895,0.036837034,-0.12465513
181,-0.53680265,0.35101745,0.3777157,0.41350055,-0.31212425,0.346263,-0.27231464,0.004738927,0.3794482,0.29613432,0.19067574,0.5623802,0.36996076,-0.5379947,0.3069847,0.018217534,-0.15298761,-0.063012734,-0.56069714,-0.41717198,0.13126698,0.112222135,0.03255385,0.050901532,0.16979313,0.25642884,0.40962315,0.095455825,0.19736004,-0.24660563,0.14515197,-0.16617918,0.28893793,-0.1566174,0.14809224,0.16073558,-1.1842366,2.1365561,0.34567556,0.62722814
182,-0.09185684,0.51920074,-0.020096198,-0.008275628,-0.31883436,-0.28306884,0.0076781213,0.41323674,0.25395292,0.17631441,-0.46978673,-0.24158245,0.106736846,0.25475365,0.046466403,0.13768056,-0.1860761,-0.5887617,-0.20977616,0.10578179,0.25135446,0.062480927,-0.43208754,0.13205305,-0.47075874,0.2613641,0.13564396,-0.04135555,0.9025819,0.13904202,0.47004774,0.21800047,2.771902,1.240318,0.7922119,0.22905526,0.3356192,0.022693723,-0.06805259,0.15286368
183,-0.3739363,0.07100546,0.30409074,0.29517955,-0.29827386,0.165012,0.028562248,-0.058151126,-0.7770778,-0.28536767,-0.07577515,-0.012903094,0.8315004,-0.6933172,-0.6212961,-0.3943845,-1.2519556,-0.1992364,-0.09821844,-1.3051568,0.066911854,0.5606945,-0.042367816,0.8814444,0.098557144,-0.23357034,0.047824025,0.16637242,0.73567754,-0.06132394,0.014262497,0.20595247,0.5900573,0.09946437,0.39841083,-0.22191268,-0.1458273,-0.12853968,0.0408751,0.117024004
184,0.6078478,0.2144512,-0.18214634,0.052030683,0.30232298,0.24881765,-0.13384643,-0.15774533,-0.13766003,-0.89954036,0.090434834,-0.14359003,0.1782906,0.19702846,-0.1664894,-0.4440143,-0.12514563,0.51296794,-0.84268665,0.35122323,-0.036908254,-0.16923289,0.08337337,-0.5487448,-0.17839375,0.1314556,-0.2687737,0.3491227,-0.4373126,-0.26402232,-0.763466,0.8158854,-0.6007107,-0.50822043,0.1721648,-0.5865664,0.13516077,-0.07663506,0.43634814,0.37368944
185,0.10317159,0.24383314,0.002159357,-0.2350066,-0.0043182373,0.17428046,0.2489633,0.37713957,-0.39396417,-0.35224754,-0.045033336,0.03235483,0.15486705,-0.1300908,-0.4247865,0.018723577,-0.97953916,0.15045354,0.05855179,0.015963495,-0.14766753,-0.08833909,-0.17432556,0.07336587,0.19546251,-0.025306225,0.1598683,-0.0057533383,0.35796747,-0.42401838,-0.327446,0.04429096,0.5293457,-0.276468,-0.103116155,0.1598525,-0.3316517,0.1128847,0.20432365,-0.083336234
186,-0.034294337,-0.13866353,-0.1895926,-0.09277442,-1.2947962,0.019898593,0.8311585,0.18524516,0.019206658,0.22975194,0.42553654,0.51493496,0.40116563,0.404063,0.058559626,-0.19538033,-0.2804432,-0.024372697,-0.039015293,0.106107146,-0.1710088,-0.01821421,-0.20741355,-0.3847022,0.61635864,0.90608644,0.52041286,0.38217103,0.44358483,0.7132567,0.22449476,0.1751858,2.8995283,1.1575205,1.4364955,0.46686107,0.16508198,-0.034917474,0.3730839,-0.0964061
187,0.12431553,0.5599599,0.12815714,0.20561999,-0.09688146,0.16945392,-0.49559563,0.066891074,0.16242564,0.49420458,-0.2518194,0.1818487,0.75095063,-0.20707199,0.17035608,-0.07159418,-0.40811914,0.24103525,0.051754653,-0.42361534,0.1738698,0.34269452,0.47802082,0.1767784,-0.35452294,-0.19535023,0.17562687,-0.12179285,-0.09705341,-0.6284592,-0.26128158,-0.08308011,-0.12661922,0.1751476,0.25433666,-0.20238385,0.22390464,0.7106843,-0.027640253,-0.08244166
188,-1.5240448,0.13680436,0.14043775,-0.0021503419,0.07177777,-0.95227253,0.17355779,-1.3034592,-0.10624033,-0.002203852,0.14730674,0.21810603,0.129216,1.9671092,0.57919264,-0.048040926,1.2366182,0.4835074,0.03934282,0.6430721,0.37560773,0.16678342,0.28040153,-0.13194433,0.19247752,0.0669387,0.06141287,-0.1277386,0.32067633,-0.107513934,-0.2258705,-0.42088848,-0.6248591,-0.2060381,-0.093075044,-0.21762764,0.23503378,-0.0302836,0.014968842,-0.07344192
189,-0.2519018,0.16402572,-0.4845254,0.36087865,0.66024196,-0.2939732,-0.037665516,0.015599057,0.0930841,0.22455007,0.02924323,-0.13605748,-0.7612078,0.429355,-0.5364848,-0.5589148,0.18559206,-0.14911854,-0.37229457,-0.54182726,0.0755582,-0.36283097,0.16919021,0.59826297,-0.086649835,0.02859044,-0.3992343,-0.12746954,0.42161456,-0.22965926,-0.122457415,0.9828078,0.22837475,0.3868467,3.5341268,0.3908585,0.67416793,0.0018702745,0.39136133,-0.023333073
190,0.043792605,0.58996797,0.8167452,0.057695977,0.0022980869,0.07563597,0.35936332,0.47441614,0.5915802,0.23575991,-0.16097215,0.24465546,0.6888246,-0.11640456,0.14255568,-0.47416556,-0.11142722,-0.17575923,-0.43508935,-0.72117925,-0.6230157,-0.20128714,-0.88306284,-0.49467126,0.7039597,0.035340607,-0.22460541,0.31493297,-0.24874319,-0.123759136,-0.28425333,-0.36641198,0.06413321,-0.35816061,-0.47288942,-0.119865805,0.16640274,-0.18979916,-0.07602386,0.11541924
191,0.41335386,0.45956382,0.064875364,-0.41017514,-0.30363816,-0.24431598,-0.5863687,-0.108189225,-0.18119514,-0.070304126,-0.08493626,0.13040996,0.3492595,-0.53360665,0.051855184,-0.48898596,0.16073608,0.45834512,-0.419311,-0.6320639,-0.24592608,0.2570048,-0.39049256,-0.19400668,-0.011965677,-0.0070044845,0.24485521,0.004398346,-0.14407468,-0.085692436,-0.037501007,-0.35823113,0.47186005,-0.1591245,0.4753066,-0.24391979,0.60717416,0.49273962,-0.3012956,-0.06677407
192,-0.8060702,0.0292155,-0.6565907,0.33223188,0.37513295,-0.073418885,0.45576409,0.171334,-0.7499149,0.010314256,0.4936245,-0.2264852,-0.034186542,-0.2813697,0.16640222,-0.27772814,0.2731701,-0.015175417,-0.099202454,-0.29303467,0.508261,1.0107762,0.19166955,0.3218186,-0.6319198,-0.04809034,0.04771328,-0.032635346,0.31098542,0.11688033,0.19494957,-0.12057024,0.11740723,-0.11147536,-0.19859761,0.12369038,0.082420945,-0.3380224,-0.40476054,0.40555286
193,-1.4882524,-0.17468761,-0.09096396,-0.0364179,-0.37814415,0.018551588,-0.12517399,-0.0034017563,-0.1297465,-0.3935923,-0.14544523,-0.11209005,0.32104322,-0.22318406,0.074938476,0.18831176,-1.6440055,-0.09366053,-0.035581514,-0.000616109,0.35509408,0.07769993,-0.17469421,0.06516966,0.53395647,0.15801731,0.15437579,0.29878327,1.2301431,0.09764223,-0.04292783,-0.07318461,0.051731974,0.12536286,0.22535563,-0.025590718,0.06688711,0.24261025,0.03735745,0.00046670437
194,-0.228971,0.12232995,-0.1679709,0.05347398,0.024893105,-0.65850556,-0.1384154,0.10399607,-0.14753224,-0.0068389177,-0.18989992,0.4218343,0.06188476,3.2970989,0.090063214,-0.19391593,0.08696622,0.014707863,0.11344752,-0.14820454,0.07080302,1.0393345,0.21357566,0.23471305,-0.012865171,-0.095329404,0.056359828,-0.1255835,-0.14020455,0.01480186,-0.006847799,-0.117554665,0.08309184,-0.10776116,0.44667315,0.07936466,0.14452842,-0.0677733,0.0072616637,-0.18742998
195,1.1244948,0.24939743,-0.031290248,0.25442508,0.826524,0.5952664,0.5756369,0.2970853,0.026445866,0.8923239,0.7580217,0.317981,0.68349195,-0.06563017,0.71851194,0.6321054,-0.13290149,0.0341779,0.005656153,-0.008939952,0.12204617,1.3317285,0.39318547,0.18096888,0.39184773,0.39515567,0.12696525,0.31158835,-0.053879306,-0.078361645,-0.152428,0.032194257,-0.8821341,0.04757175,0.20080355,-0.25242984,-0.10207251,-0.14308949,-0.035923332,0.15541226
196,0.12599152,0.07089186,-0.09159994,0.2972951,-0.04215598,0.15413381,-0.3126096,0.52553874,0.18211925,0.4831405,0.14166188,-0.3301046,0.17749734,-0.113314524,0.1798141,-0.46545672,-0.09358542,-0.10039382,-0.06339157,-0.24701309,-0.13433781,-0.28211275,0.02593273,0.21624106,0.018395457,0.72581905,-0.27978057,-0.10457665,0.65395224,1.6750149,0.5463042,1.7319164,0.5813666,0.19947374,0.1452567,0.020790368,0.16560334,1.3857133,0.07676524,-0.359017
197,0.11355908,-0.18331349,-0.07869494,0.41491967,0.033752322,-0.6417436,-0.18680726,0.08696163,0.23516417,0.12437719,-0.058777824,0.0022262335,-0.14544183,0.25828215,0.41353357,-0.62846124,-1.2230879,-0.35691196,-0.5360756,-0.6328106,-0.24398041,-0.22092009,-0.77713364,-0.4047473,-0.001200676,-0.08465324,0.48162708,-0.15878168,0.15186062,-0.0680598,-0.19585821,0.21268916,0.8895613,0.6488292,0.4184227,-0.011355579,0.37464237,-0.50804317,0.14887142,0.11926663
198,-0.34701246,0.5576354,0.44848076,-0.017509878,0.12073034,-0.26377964,0.18033522,0.32725832,0.21829674,-0.7553901,-0.027146786,-0.009902835,-0.37637287,-0.6050283,-0.16679406,0.068033636,-0.19506419,0.5596621,-0.53170586,-0.63313,0.993267,-0.38088772,0.46553832,-0.51061904,0.5137485,0.9497007,0.43401557,0.35186237,1.5094244,1.0161378,0.30473801,-0.15475401,0.5002642,1.6240494,0.50266457,0.4999753,-0.39895108,-0.15115657,0.42254442,0.02683428
199,0.42143476,0.519176,0.3398453,0.08158398,0.02858068,-0.1576094,-0.6909566,0.33443785,-0.44381166,0.19823152,-0.039020106,-0.02092278,0.24284616,-0.10456574,0.37795833,0.17484614,-0.033272445,-0.23709226,0.0063446164,-0.14226508,0.2535277,0.31656957,-0.06887585,0.12156725,0.22363472,-0.2464776,0.0033628345,0.20907062,-0.18983442,0.2593996,-0.21474266,0.07909179,-0.12746924,0.23596701,0.11993885,-0.18700391,-0.23310494,-0.12953453,0.22441345,-0.13329351
200,0.15272379,-0.64798886,-0.119218886,0.2981035,0.08730602,0.17724752,0.40987003,0.049924254,-0.79759073,-0.6233138,-0.67033017,-0.18030357,0.3683157,-0.049710244,-0.07002692,-0.09020451,-0.23272884,-0.21624652,-0.11484429,1.9689318,-0.14358723,0.054335415,-0.83927125,-0.4320312,-0.35544986,-0.3529408,-0.4002208,0.48915938,-0.49741006,-0.4305483,2.3190184,-0.21015039,0.27073658,0.2737737,0.9079524,-0.040385783,-0.25473195,-0.03389077,0.7272738,0.20330957
201,-0.09434104,0.55381674,0.16308314,-0.053754926,-0.14697678,0.034518965,-0.24280596,0.11253315,-0.12888592,-0.26995385,-0.0018314123,-0.23519605,0.32116935,-0.18342452,-0.009422123,0.07915044,-0.24713469,-0.29078102,-0.6095385,-0.20104635,-0.22224313,0.31040496,-0.14480524,0.080982834,0.30629075,0.91154146,0.42240041,-0.026498914,0.9613313,0.27424613,-0.41230792,-0.1218099,0.96583956,0.7412266,1.0178717,0.33539712,0.049435616,-0.034543984,0.19609433,-0.01601544
202,-0.17905179,-0.38416165,0.16945821,-0.21881688,1.0646547,0.6847721,-0.13820726,0.642279,0.36320657,0.29523098,-0.09993982,0.04175672,-0.5005399,-0.7401036,0.029008217,-0.4012427,-0.18741715,0.18218017,-0.08639276,-0.6890463,-0.068648815,-0.6078192,-0.10216587,-0.15503877,-0.032782435,0.27034637,-0.32765764,-0.50319064,-0.2052031,0.47343767,-0.033427328,-0.30047175,0.024894178,0.4563479,0.13298136,0.1354951,-0.06837733,-0.4547216,0.9464376,-0.21157025
203,-0.11454326,-0.5450238,-0.017568111,2.4547355,0.0561682,-0.05005951,0.21066758,0.36500496,0.2215994,0.056275267,-0.3827864,-0.4145519,-0.36934042,2.2493737,-0.59967023,-0.20883338,-0.3919177,-0.45657623,-0.1121189,-0.26671153,-0.08126688,0.41669428,0.271106,-0.3219589,0.2631358,0.095180705,-0.21320021,-0.056340188,-0.024819493,0.8679199,-0.20588067,0.24886264,0.15082178,-0.6432318,0.2507285,-0.109719574,-0.13165498,0.52977103,-0.009595647,-0.040980518
204,-1.2446866,-0.22321865,-0.06292415,0.047441393,0.3283082,-0.28486916,-0.3908605,0.06581992,0.108097926,0.019141003,0.8357275,0.09924874,-0.042773932,-0.10213034,-0.100518316,-0.07144147,0.1997969,-0.4572823,-0.47012275,-0.17084965,0.37135,-0.15972409,0.1702578,-0.06917459,2.1613083,0.7254743,0.6866488,0.3062506,0.10685474,-0.07897458,-0.050500393,0.16631356,-0.28303808,-0.037404746,0.50789243,0.2653167,-0.2559381,0.10161698,-0.07362604,0.13176385
205,-0.57307917,-0.74541104,-0.16659397,0.55381596,-0.4384351,-0.3584468,-0.46318418,0.36202443,-0.24680322,0.10054615,0.41003752,-0.21823712,-0.12476071,-0.45630246,-0.47043228,-1.0278033,-0.49197832,-0.2436662,-0.17718288,-0.4531952,-0.18860301,-0.1344091,0.07084942,-0.58012354,0.0086658,-0.6537689,0.420999,0.015272126,0.18455091,1.9543602,0.33031422,0.14468247,-0.107959166,-0.33836037,-0.39189827,0.17320281,-0.2121896,0.15222973,-0.31318808,0.02065456
206,0.017177343,0.22301377,0.7534348,0.28765202,-0.26865807,-0.08216378,-0.4575473,-0.11366069,0.11403939,-0.16627324,0.09474856,0.41422525,-0.19182426,-0.019091725,-0.92906237,-0.13092491,0.5819441,0.0022835322,-0.39163613,-0.2587809,0.27326563,0.32419336,0.17255592,-0.35342336,-0.028858915,2.157648,1.5909503,0.5343371,-0.1423828,0.41360527,0.31101444,1.2804694,0.9295939,0.99632764,2.9204473,0.9901441,0.15681468,0.5093338,0.13373716,0.1924931
207,0.08114156,-0.010320067,0.057046175,0.10874218,0.3854645,-0.18574435,0.09671582,0.17481208,0.8130137,0.6111816,0.25509214,0.5425286,0.62167,0.9239087,0.4863199,0.31299707,-0.024284244,-0.03502953,-0.0131998435,-0.1387102,0.91469955,0.49342686,0.43991992,0.10032898,-0.08048034,0.16669306,0.27468786,0.24986035,-0.46239746,-0.098224044,-0.22100663,0.56399214,0.4282558,-0.062480688,0.010801256,-0.012961775,-0.2851788,0.16437414,-0.050388575,0.021613657
208,0.0009964062,0.011621326,-0.55039,0.21422046,0.13065779,-0.44382715,-0.14211594,-0.16581824,-0.28584152,-0.11596137,-0.34578368,0.548929,-0.07020044,-0.62702215,-0.087450966,-0.22164914,0.18780923,-0.05108607,-0.09749466,-0.3178059,-0.12506008,-0.44770503,-0.113663316,-0.43481806,-0.28237075,-0.08739373,-0.052482486,0.030763712,-0.12946856,0.34139454,-0.23017219,0.17973483,-0.74098575,-0.44594005,-0.20237976,-0.46589234,0.10183,0.62870896,0.44826463,-1.1213619
209,0.10245833,0.6845078,-0.029850483,0.13342285,0.1895533,0.17671204,-0.14292896,-9.089708e-05,-0.2575262,-0.048261166,0.10890865,-0.0455482,0.22359923,-0.010997176,-0.050211072,-0.09741074,3.6522164,1.6521451,0.7863729,0.18230331,1.1229252,2.3221226,0.9044988,0.3278982,-0.25559002,-0.20392296,0.111475945,0.0010378361,0.43499246,0.5840429,0.40195167,0.16213977,0.12205239,-0.11855571,0.2988153,-0.12640607,0.14512846,1.1868709,-0.06921139,-0.08778757
210,-0.15171057,-0.5333563,-0.37548637,0.0784429,0.013021708,-0.37304497,-0.3498233,-0.18486497,-0.34547913,-0.041179307,-0.18648258,0.03200589,-0.5874124,-0.3019317,-0.34949923,-0.6449103,1.2843754,0.74156535,0.9599112,0.0029268265,0.28737524,0.36636472,0.36865318,0.71836525,-0.30048233,-0.14809063,0.19808032,-0.29433885,0.26051348,0.9217961,-0.16631153,0.8977869,-0.3321879,0.07357976,0.13477433,-0.11291624,0.13069332,-0.006715834,-0.42890114,-0.036219336
211,0.030419856,-0.04837808,0.0033649504,0.0083112065,-0.050839633,0.032251924,0.0021543205,-0.003663689,0.06485063,0.050840914,-0.019006908,0.13760641,-0.09537795,-0.06474438,-0.0059954226,-0.082981825,-0.016136408,0.1869421,0.037561566,-0.09150331,0.032684177,-0.050044656,0.04225406,0.07934755,0.029560328,-0.012489468,0.008371234,-0.11900085,0.032615244,0.0725179,-2.4631703,0.16184998,0.056649715,0.0053061843,-0.034217685,-0.21134293,0.031523466,-0.244986,0.27449548,-0.13329694
212,-0.39102918,-0.3000791,-0.47448248,0.5213327,-0.05999303,-0.046114743,-0.037211537,-0.26651216,0.05562246,0.535552,-1.1771746,-0.30572933,0.0284459,-0.10484079,-0.053386196,-0.022642672,0.8657564,-0.34869838,-0.09136084,-0.37208778,-0.07163525,-0.14440846,-0.19896176,-0.1995782,0.049350858,0.4271717,0.42051032,0.8149047,-0.2878579,-0.18235242,-0.16201091,-0.2129164,1.1615477,0.8497556,0.4594872,0.23835455,0.10487753,-0.30342254,-0.5795323,0.65540045
213,-0.39506462,-0.093244374,-0.516466,-0.30377054,-0.21791732,0.2682776,0.71463287,0.24318022,0.1017735,0.048566878,-0.24218458,-0.019974008,0.1159451,-0.37205112,0.41344494,-0.16918898,0.5056268,1.2782986,1.6872303,0.59470636,0.08617413,-0.20927098,-0.9802872,-0.15017682,-0.39407068,-0.3847439,-0.15891099,-0.3053658,0.42254764,0.30465293,-0.29172873,0.30957597,-0.34443533,-0.34846786,-0.66078645,-0.32226193,0.35978758,0.51560116,-0.22047019,0.07447439
214,0.5004062,1.435207,-0.17401147,0.52125674,-0.24363506,-0.3475385,-0.0008135289,-0.12842184,0.075284585,0.83840644,0.4052111,-0.07320228,0.8515024,0.08229911,0.44050023,0.16689599,2.38734,1.784353,1.2418501,0.80845606,1.137194,1.3422096,0.96618515,0.937667,-0.24389777,0.40251958,-0.4987476,0.37769717,-0.28276262,-0.018915921,0.50621235,-0.0039738417,0.43445757,-0.12404101,-0.04301411,-0.10104934,-0.0037940294,0.22501439,0.11300227,-0.1862455
215,-0.39009482,0.17301999,0.08384496,0.030007333,-0.040820353,-0.2638079,-0.1333681,-0.106952965,0.440252,-0.0023454577,0.48085213,0.3607027,0.67456,-0.009360611,0.24796686,0.08452946,2.9137106,1.0023286,0.27430087,0.09988901,2.259434,1.8148055,1.0962696,0.91578126,0.032980204,0.32933366,0.19344804,0.42221218,-0.2755034,-0.103262484,-0.10041809,-0.074898005,-0.042918324,-0.13868761,0.092476666,-0.16241431,-0.013248146,-0.06596141,-0.13508773,-0.05153179
216,0.1895878,-0.2358714,0.22724006,0.08640507,0.087967396,0.38515753,-0.026955962,0.4546013,0.7764485,0.9363229,0.5636947,0.08471802,0.517966,0.3498665,0.8271068,-0.031083822,-0.51199484,-0.32004234,-0.58878946,-0.59006083,0.28931105,-0.121398225,0.22705096,0.27244577,1.9710299,0.751158,1.3564618,0.6319996,-0.6962509,-0.070243716,-0.42739514,0.041979566,0.5093153,1.033057,0.4822817,0.8648698,-0.26537478,0.40970802,0.33674622,0.006948471
217,0.11312196,0.59128934,0.4547879,0.30350542,-0.35792345,-0.47405565,-0.16525072,-0.14831209,0.9385983,-0.004709065,0.4337078,0.79339266,1.7381575,1.4621965,2.4216192,2.156355,0.19899148,-0.2135094,-0.022208512,-0.48410285,0.16700089,0.38036817,1.0505455,0.31291223,0.5551071,0.15839179,-0.712099,0.29387185,-0.31581065,-0.054642648,-0.5481423,-0.15572727,-0.17264795,-0.3928244,-0.10824078,-0.026263893,-0.17214039,-0.16804695,0.034564734,-0.13102001
218,0.013668001,0.17987499,-0.022095919,-0.02946058,-0.068556905,1.0614896,-0.0063560903,-0.034820765,0.094720304,-1.1700191,-0.012848198,0.07582049,0.10617274,-0.043439418,-0.008509994,-0.0062176287,0.023529679,-0.093573496,-0.06286384,-0.118562534,-0.064401954,0.05382575,0.0074025095,0.008224994,0.16297005,0.99256516,0.05119884,0.31614032,0.4220798,-0.21921182,0.14838436,0.34424582,0.5812327,0.51568377,0.14981788,0.17259601,0.23047183,0.05721715,0.011536241,0.018562198
219,0.7620183,1.6554016,1.5054138,0.88875604,-0.16510436,-0.023364212,0.22359872,0.04584402,1.8761971,1.8943127,0.71176714,0.06681122,0.97026587,0.27344328,0.24902299,-0.21156055,-0.372444,-0.050959855,-0.6598795,-0.6279048,-0.13327205,0.6750378,-0.3667351,0.66485167,0.9645796,0.45943177,1.1097989,0.5904937,0.11669866,-0.08004859,0.06353313,0.34083468,-0.22920728,-0.12022871,0.08829567,0.15187126,0.060734987,-0.17017096,0.07433897,0.05268538
220,0.035683393,-0.33305806,-0.22000477,0.56913424,0.22077656,-0.62550193,0.21052599,0.76966196,1.425809,0.17386165,0.16793934,0.33212185,0.6522662,0.17305827,0.22951879,0.52755165,-0.48467547,-0.21579584,-0.5582358,-0.0946711,0.08578062,0.26535538,0.18373787,-0.57589674,0.19833732,0.29338592,-0.71452576,-0.24880163,-0.54218924,-0.23369381,0.40343273,-0.2599033,0.032756418,-0.25303122,0.0648607,0.005914971,-0.78063416,0.29238015,-0.4721545,-0.16987759
221,-0.17528093,0.11622739,-0.23013355,0.19620457,-0.19392395,0.1397419,0.3287004,0.09234923,-0.21512079,0.48322827,0.28510606,0.053505182,0.31389642,-0.57610226,-0.20666179,0.25172144,0.19231725,0.18219733,0.07831687,-0.54610217,-0.00028029084,0.17690998,-0.03174022,-0.32545546,0.46199095,-0.56355584,-0.20792246,-0.2206681,0.27525693,0.75110316,1.152544,0.34978276,1.6893395,3.0744336,1.2687984,0.9925686,-0.3047507,-0.22553492,0.014898181,0.37536097
222,-0.41601002,-0.24041642,0.2669273,0.08653633,-0.27273637,-0.08259782,-0.13023156,0.099644035,0.12043917,-0.056328923,-0.21444261,0.018338025,-0.23132497,0.35272723,0.29345375,0.00814414,-0.05741793,-0.045836806,-0.015424073,-0.017340815,0.16754568,0.111505106,-0.68801177,0.04583381,0.056828678,0.3063177,-0.0032020211,-0.05786726,0.30283576,0.011404365,0.05297637,-0.052301645,0.62342167,1.2350878,1.026373,0.87906885,-0.32820883,-0.29097056,-0.31452188,0.26168802
223,0.08045611,0.61685336,1.9779027,-0.16098765,-0.42170888,0.12053661,-0.15914404,-0.31399566,-0.55446583,0.060928896,-0.58830905,0.19231567,-0.41807485,-0.23480305,-0.26719955,0.03711768,-0.27622604,0.24585351,-0.49406222,0.011864901,-0.15167081,-0.17972824,0.5229436,0.3197429,0.300372,0.17170271,-0.111211106,0.13849121,0.04328561,-0.10862824,0.064313814,0.38956463,0.16227007,0.090179205,-0.64483714,0.6076273,-0.045807898,0.35591048,-0.36592704,-0.094034135
224,-0.0561527,-0.34594226,0.1693232,0.12647343,0.051285505,-0.31046227,0.26446882,0.10608107,0.37427664,-0.39598572,-0.23811585,-0.5054345,0.6487378,-0.008461326,-0.5548359,-0.36919802,0.032699466,-0.023187041,-0.2760414,-0.009871103,0.16454196,0.22350228,-0.29898345,0.16393197,0.22163945,1.041602,-0.22557631,-0.833254,-0.16156721,0.39250702,0.65085787,0.32934874,0.21763492,0.33247066,0.26121935,-1.02079,-0.1729706,-0.5608057,1.0678301,-0.17020944
225,-0.24214756,-0.59475946,0.3856678,-0.16774249,-0.22991417,-0.34137726,-0.21830928,-0.0832839,-0.36962402,-0.18533456,-0.38451213,0.059708714,-0.7664026,0.13742256,-0.44810343,0.0071958303,0.18944833,-0.08708896,-0.3322043,-0.08090955,-0.20267104,-0.3201325,-0.19269876,-0.36256057,-0.1872077,0.15382525,0.201509,-0.018646717,-0.23504047,0.07144329,-0.24416408,-0.52955097,-0.16688961,0.10884023,-0.4096471,0.31021547,-0.39065766,-0.3890368,0.32440177,-0.38098308
226,-0.5828049,0.12742415,1.7576504,0.034455046,0.011401236,-0.09441015,-0.38090703,0.09935126,-0.065000296,0.16580226,-0.21845779,-0.5289483,-0.10306686,-0.12204078,-0.4719202,-0.43578783,0.15845609,0.48250175,0.2794286,-0.12181014,0.14324778,0.1842741,-0.23207515,-0.41081247,0.2850938,0.20865671,0.00012034178,0.03756982,-0.6631323,-0.14098997,-0.25379893,-0.093334496,0.23865257,-0.024794668,-1.1628311,-0.07626361,0.08111668,-0.33196995,0.13974738,-0.068012565
227,0.026132822,-0.4000625,0.0013656914,-0.36647013,-0.35854512,0.18064553,0.02038762,-0.14283824,-0.22917137,-0.096004725,0.09589053,0.13956717,-0.34127006,-0.05509442,-0.09203148,0.20540091,-0.040240407,0.33244684,-0.36202052,0.20178552,0.024188876,-0.16739225,0.20284265,-0.06193103,-0.34912896,-0.12246892,0.3947236,0.55899215,0.4207347,0.44827482,0.021588504,0.06175504,-0.35533425,-0.71643007,0.23942885,-0.012150176,-0.090958655,-0.051519603,-0.099146694,-0.9614289
228,-0.2944172,-0.50995845,-0.10601786,0.07619926,0.09557128,-0.16438913,-0.21531743,0.2332072,-0.34050432,-0.22874135,0.11386126,-0.248024,-0.41438937,-0.4159832,-0.7705055,-0.06515491,-0.58319986,-0.34660673,-0.21690482,-0.43128496,-0.64828545,0.33964658,-0.33647394,-0.27971947,0.09400582,-0.17115034,0.29222578,-0.27528512,0.5307214,0.2719715,0.253601,0.2130385,0.13349968,-0.015762448,0.577294,0.0051792264,-0.09482383,0.14269137,0.027493477,-0.22266039
229,-0.4082767,-0.2866186,0.13015588,-0.08027792,0.5906713,0.25728709,-0.11739147,0.53544796,0.06353301,-0.29405746,0.18588126,0.1227631,-0.56667197,0.057862163,-0.5696447,-0.48542076,0.06916863,1.2396735,-0.37127772,-0.36525774,-0.06700325,-0.64799774,-0.38300386,-0.21228532,-0.122436285,0.28821287,0.18505043,0.09301722,-0.18048549,0.33780622,0.021960765,-0.021982968,-0.5769637,0.78635937,0.803907,0.7300639,-0.032926917,0.089279175,0.10875541,-0.26067007
230,1.0765824,0.23173267,0.015017778,0.74925566,0.23722088,-0.31018153,-0.484344,-0.0062677413,-0.7114138,-0.15500891,-0.41033977,-0.06495824,-0.62782836,-0.28432378,0.5635255,0.08430767,1.3134923,-0.33877784,-0.0779773,-0.13248086,-0.8918273,0.018987775,-0.86658645,-0.1702106,-0.04022628,-0.034923315,0.19482473,-0.016955018,-0.096874,-0.15772319,0.03692454,-0.19735289,0.06517941,0.23508576,0.44766632,-0.36766768,0.73734456,-0.11884008,0.16161901,0.09079946
231,0.08627564,-0.05691836,-0.20002347,0.083467185,0.1539532,-0.0028153658,0.24556659,-0.17152074,-0.24513556,-0.16946104,-0.15974995,-0.04010865,0.22755003,0.06539121,0.5970346,-0.51442003,0.28670186,-0.32655233,-0.37795496,-0.08205107,-0.055498004,-0.037536137,0.22946368,0.35689822,0.08552742,0.038352787,0.650841,-0.06781906,0.20153308,-0.18387279,-0.011170328,1.3590467,0.13537765,0.09321213,0.34983727,-0.6019717,0.10492706,-0.00080661476,0.09398322,-0.51170623
232,-0.040930927,0.101098776,0.17112117,0.42371857,-0.18293655,1.67033,-0.3155427,0.030720621,-0.2641046,-0.16869277,0.029353961,0.28371245,1.3166715,0.21820363,-0.15164155,-0.09085487,0.18871331,-0.056521837,0.03319484,-0.33464462,0.3406215,-0.29416403,-0.11604802,-0.8002463,-0.22633055,-0.10163832,-0.013412625,0.33548534,0.07034773,1.594156,0.34725386,0.8625752,-0.36524603,-0.7894403,-0.27720964,0.06914461,0.096723184,0.45828605,0.32448378,-0.012523353
233,0.12702326,0.15652661,0.008598089,0.0733183,-0.2162028,-0.20551223,-0.045241088,-0.019959569,-0.060902044,-0.18959379,0.115959555,-0.025716662,0.19679904,-0.19833834,0.19165617,-0.021929145,-0.10348582,-0.19364814,-0.15760642,-0.14784753,-0.42775273,0.65540993,-0.0032487512,-0.058592558,-0.10046673,-0.121290654,-0.0018189251,-0.036831975,-0.70532846,0.048189223,0.03171885,0.09486693,0.10613623,0.17322601,-0.08188085,-0.054483593,-0.028565854,0.20790026,0.245983,-0.09517676
234,0.21777284,-0.12324479,0.17928313,-0.24400003,-0.0009912252,-0.041371807,-0.4770434,0.14966089,-0.13379961,-0.19827387,0.40834418,0.53963715,-0.46981084,-0.04459274,-0.14487028,-0.5442526,-0.09027386,-0.14263505,0.24507466,-0.19648641,0.26060605,-0.4519012,-0.3786127,0.09216261,-0.05513668,0.073263586,-0.05482185,0.27548063,-0.06822562,-0.26529476,0.14877018,-0.89949656,-0.0022668839,-0.13733119,-0.9119173,-0.058675468,0.30112457,0.30620438,-0.0959003,0.3164526
235,0.15582883,0.24431103,-0.16688055,0.07447302,1.0539964,0.707856,0.43666923,0.610949,0.5673646,0.9721417,0.4106269,0.4633718,-0.09072828,0.092697024,0.20835721,-0.15713143,-0.31831473,0.0052757263,-0.1913997,-0.15511608,-0.27817643,-0.6818409,-0.3500588,0.05133283,0.34078413,-0.62519956,-0.012358218,0.09650266,0.025766134,0.18746375,-0.2185941,-0.11512458,-0.107209206,-0.43559864,0.19329426,0.19728684,-0.121202946,0.18670177,0.08246654,-0.16430861
236,0.45563042,0.6230122,-0.03055501,0.39551213,1.7313522,0.7814443,0.15989447,0.24734385,1.0258203,0.5939875,0.14980441,0.1477975,2.7753353,0.5178624,0.61406404,0.43793845,1.5390527,0.20078215,0.13536292,-0.11473122,1.3504952,1.3604513,0.24278033,0.5590757,1.2518225,1.3916559,0.5369276,-0.24487323,1.4800463,0.45028496,0.58186466,0.21424904,1.9245379,0.40010312,0.4017343,0.4123809,1.2814554,0.28757596,0.21107695,0.15444994
237,-0.07808161,0.10615015,0.25840843,0.1461758,-0.12648726,0.046206206,0.18036744,-0.13328135,0.14900833,0.055505633,-0.28052777,0.13215327,-0.028681517,0.05483669,-0.10597038,-0.3950804,-0.22361785,-0.07602528,-0.6949357,0.09545505,-0.40059066,-0.3451526,-0.28562692,-0.0948087,-0.21859097,0.71033627,1.3667802,1.067983,-0.08457613,0.07271999,0.08841902,0.8076602,-0.05725348,0.19025806,-0.06774733,0.9412084,0.09077746,-0.05982569,-0.17422134,-0.02356267
238,0.13879955,0.08390259,-0.26167285,0.045337945,-0.021517158,-0.22318825,-0.5525251,-0.49838567,-0.10467543,0.44062853,0.114286736,-0.64780724,0.115613595,-0.20367095,0.23865673,-0.35295677,-0.011430323,0.2124333,-0.0707004,-0.07545108,-0.048006117,0.12883341,-0.14210546,-0.098081365,0.007110428,-0.44252774,-0.21450336,-0.038186446,0.0004937947,0.21902786,0.17762575,0.30052292,0.018723398,-0.29871434,-0.24536261,0.07776669,-0.15091288,0.46436673,0.07815027,0.48734027
239,0.1866343,-0.16209412,0.08559792,0.12602311,0.84103,-0.85206354,-0.16695005,-0.086336255,0.063262284,0.06175646,-0.078651205,-0.20040804,0.19256835,0.19100308,-0.37081403,-0.28414536,-0.09664017,1.2151173,-0.4267003,0.120425224,-0.20873076,0.52934843,-0.19369155,0.20813823,-0.05104029,-0.15665731,0.20068526,-0.2258529,0.6630675,1.0381432,-0.16998202,0.21925282,0.7578039,0.4592144,-0.06969271,0.09980446,0.16245005,-0.26913977,0.3020146,0.1395768
240,-0.48885858,-0.6907029,0.10858491,0.0058748424,0.08827114,-0.10732743,1.832362,0.26802245,-0.11326941,0.035827428,-0.04371059,0.13822776,0.5618682,-0.4397362,0.103951395,0.27440226,-1.0681994,-0.1515133,-0.23639013,-0.381769,0.00016200542,-0.11210185,0.22709018,0.7082922,1.8615065,0.2891308,0.3186335,0.03558457,0.1978097,0.11896475,0.1724758,-0.2033391,-0.45209217,0.07697606,-0.7566099,-0.20129378,-0.16695008,-0.16699499,0.045987874,0.07095611
241,-0.08685207,0.28193253,0.13715619,0.2143381,0.17826557,-0.2267206,-0.021372676,0.011568546,-0.21350951,0.16408764,0.051163197,0.021743417,0.27057886,-0.15120247,-0.035930574,-0.15016502,0.8620167,0.32603765,0.099357605,0.07489318,-0.1738615,0.17229636,-0.05966288,0.010308981,-0.10111356,-0.10703242,-0.01644659,-0.030444562,0.28582367,0.3604862,0.05972886,0.19459288,-0.023817062,-0.10861483,0.02665788,-0.1570062,-0.12698725,-0.014641255,0.14297384,0.032746136
242,-0.039194703,-0.60756767,0.09701395,-0.2748428,-0.057987094,-0.14482582,0.024369508,-0.40696806,0.2115022,1.1396372,0.74667716,0.47261322,3.7075448,4.1123786,3.1394298,2.0260465,0.040127397,0.13580132,-0.30899757,-0.25082493,2.137863,2.4140956,1.137584,0.97166383,0.040567636,-0.4302522,-0.07012074,0.30150616,0.23635048,0.101584546,-0.029110685,0.37096342,-0.16877937,-0.18153289,-0.12176132,-0.2582116,0.012654394,0.020469353,-0.05244392,0.237234
243,1.0170012,0.1591264,0.59875643,0.1149537,-0.15148056,-0.112624705,0.05659467,0.16141474,-0.058750093,0.4690202,-0.010459006,0.16613781,1.1108017,1.0592253,1.0931597,0.7881742,0.45731914,-0.19666263,0.049471617,-0.024531692,2.1179817,1.8184452,0.9062521,1.0536145,-0.1532228,0.43352547,-0.15191591,-0.06916171,-0.33231378,-0.028265774,-0.29260466,0.2391492,0.07435897,0.2890129,-0.0048103333,0.20027767,-0.103084564,0.10160971,0.17132932,-0.073785305
244,-0.10060322,-0.22721294,0.092413545,0.05369836,-0.16496894,-0.12783778,-0.032728463,0.24731004,-0.17505473,0.60105884,0.13619044,0.17395318,0.10047436,0.19971961,-0.5109349,-0.32017165,-0.0066070557,-0.2714456,0.004320264,-0.110701144,-1.2008103,-0.1280289,-0.12143451,0.0667516,0.18796968,-0.48287773,-0.04730606,0.15504694,-0.56607676,-0.03694454,-0.34268638,-0.119217455,-0.21582064,0.24739705,0.10954505,-0.083493054,0.09421113,-0.5860837,0.2703554,-0.07750583
245,0.15305948,0.0066324025,-0.24263752,-0.106386244,0.34735942,0.03513463,-0.13290882,-0.28559697,0.13168311,0.18331593,-0.21842778,0.23000501,0.32704282,0.48686704,-0.141258,-0.032070022,0.652163,-0.12853497,-0.060492814,0.08265144,0.893001,0.064095974,-0.13228458,-0.2956779,0.37381208,0.26869845,0.06693226,0.25866655,-0.051100492,-0.08967912,-0.024722159,0.07036871,0.05101621,-0.30422133,0.731927,0.16767412,0.14216658,-0.17435783,0.048862517,-0.08802563
246,0.8524846,0.19637373,0.088874064,-0.018322915,-0.027887583,0.26948684,-0.055113964,0.00118047,0.20117064,-0.05360522,-0.43237644,0.19309807,1.192723,0.03733313,0.12671825,0.6384876,1.1057023,0.45666158,-0.048139542,-0.17337286,2.051008,1.7041938,0.33048514,0.883361,-0.15620595,0.31276068,0.94154274,-0.044741213,-0.28170097,-0.031998295,0.29729512,0.026437819,-0.015216265,0.1257394,-0.115442984,0.85248816,-0.13260138,-0.2552058,0.07913679,-0.027671158
247,-0.4523133,0.1590581,0.21547219,-0.10032663,0.014844775,-0.26359302,0.41578114,0.3306353,0.054026663,0.090506375,-0.36118478,0.3614388,-0.79012454,-0.3449782,0.111796945,-0.6897246,-0.25385976,0.84969103,0.3466872,0.02091083,0.45371112,-0.3895014,0.15071556,0.37655053,-0.29611713,-0.3354516,-0.15210834,-0.17690004,-0.08833644,-0.48252666,-0.21347502,0.6058559,0.022452295,0.92421854,-0.042457454,0.1992,0.00795868,-0.19503954,-0.033295758,0.41227812
248,-0.15231994,0.052526504,0.58937144,-0.602985,-0.25838596,0.05796,-0.19309373,0.0036565214,0.28794158,0.109618075,-0.45794028,-0.33598316,-0.19323868,-0.5596564,0.06458485,-0.05631697,0.37608278,0.4046411,-0.013006806,0.39718613,-0.37895018,0.39286998,-0.09980589,0.22966366,0.14386332,-0.3658172,-0.48215422,0.08201969,0.15350667,0.19723685,-0.2371444,-0.16150865,-0.32041863,0.2421787,0.13555351,0.052900657,0.17882445,0.18076143,-0.27025113,-0.06217888
249,0.18869257,0.031462133,0.098330945,-0.025859714,0.6744309,0.12401563,-0.124376625,0.090245664,-0.030471921,-0.12087813,0.10345346,-0.02053368,0.2709036,0.08426519,0.014892161,0.027588725,-0.56564784,-0.06134388,0.089637935,0.08250117,0.75234914,0.57584006,0.018060803,0.037246287,0.07145393,-0.09057653,0.15491953,0.0032969713,0.46735704,0.062357277,0.15849426,0.10782266,0.20866561,0.091388196,0.1356427,-0.06326717,0.142464,0.11385548,-0.14893341,-0.13330352
250,0.10660902,-0.17849958,0.20628422,-0.019074261,-0.33531758,0.6739098,0.36936086,-0.062001586,0.014314784,-0.35672188,-0.014798626,-0.04625249,1.6912031,0.5930072,0.49557483,0.098040834,0.06840491,-0.60152346,-0.21311003,-0.10662609,0.11160475,0.27909726,0.020107895,-0.038047135,-0.20044786,0.38353324,-0.20753491,-0.2806418,-0.41239592,-0.13026035,0.28414765,0.29172754,0.16190508,-0.39163232,-0.15368979,0.1372807,0.14083377,-0.30675003,-0.107039034,-0.08017367
251,0.4864508,0.40526116,1.0686393,0.5066104,0.26412377,-0.26021582,-0.2109853,-0.3007605,0.14809377,0.32317448,0.17469949,-0.0759418,1.0428121,0.6463479,1.1629534,1.0551862,0.31493807,0.80885315,0.57073724,0.9947573,0.86082613,1.4648578,2.0097947,1.4034595,0.15871537,1.191897,-0.03443408,0.26815867,0.2360959,-0.33964634,-0.17431463,-0.1186637,-0.24874151,0.03014177,-0.047750056,0.09805275,-0.06991428,-0.32637104,0.11305758,0.06918037
252,-0.06083083,-0.61640966,0.2092858,-0.61929786,0.015578076,0.20473224,-0.3265689,0.6734204,-0.22245306,0.080815375,-0.2544402,-0.339991,-0.5253099,-0.26000452,-0.053082854,-0.1059932,-0.0342949,-0.34674752,-0.009587869,-0.35188732,-0.349391,-0.8772024,-0.18764085,-0.12399697,-0.6541455,0.29223034,-0.5185069,-0.22222942,-1.3000598,-0.090485066,0.17707115,-0.26253027,-0.939177,0.26398587,0.040496588,-0.54663587,0.22765963,0.3498552,-0.41637504,0.50340825
253,-0.24664995,0.040953696,-0.009354562,1.3619332,0.102452815,-0.37038898,0.21033883,0.6780758,0.42354947,-0.16692671,-0.35864094,-0.08542199,-0.56933385,0.26898238,-0.07182968,-0.29440844,-0.071914434,-0.97507906,-0.61894774,-0.5329458,-0.42666057,-0.33707413,-0.9371627,-0.19793206,0.2608497,0.015434235,-0.26644093,-0.03684631,-0.1882861,-0.2291665,0.31793332,-0.08753711,0.53935456,-0.4338763,-0.0790919,-0.15739241,1.1852252,0.091350794,0.18474644,0.21620393
254,0.17235148,0.05294971,0.061689913,0.05469978,0.5791451,0.24636179,0.046972424,0.05946964,0.2037375,0.19758411,-0.0069284737,0.03069377,0.26800537,-0.21704195,0.016297936,-0.11685628,0.10263991,-0.2019532,0.028158665,0.0053792,0.021361351,-0.14484614,-0.04733193,0.048399568,0.014435291,-0.033609394,0.06582284,0.07399881,-0.26700878,-0.16896291,0.07044476,0.14508772,0.035179615,0.0551043,-0.013581097,-0.021017015,-0.21696225,0.02173531,0.0540061,0.0546031
255,0.10933666,-0.34784374,0.4619008,0.04379952,3.8447893,1.7128881,1.6277997,0.81189084,4.8107514,1.7594526,2.3186193,0.8464433,1.0410866,0.11903873,0.72145975,0.058581173,-0.100871265,0.19638443,-0.0905962,0.04550922,0.087099135,0.14645228,-0.024116874,0.08526367,0.100938484,0.31371173,0.13989082,0.052924633,-0.21860564,-0.3239776,-0.3375538,0.048716843,-0.34954506,-0.21848089,-0.5662959,0.11703089,0.05402246,0.12402493,0.05519402,0.013052076
256,0.2687803,0.11589217,-0.13924898,0.04244882,-0.7804096,-0.3572313,-0.6508278,0.26147544,0.0076339245,0.09231374,-0.042493165,0.031849623,0.33650497,-0.12836975,-0.028034031,-0.10111323,-0.36469263,-0.53721595,-0.45029098,-0.030889094,-0.30717623,-0.43669072,0.081339344,0.004501641,0.6793222,0.87043023,0.14964403,-0.0609259,0.45190418,0.023032427,0.11113578,0.60934186,0.50316703,0.9858247,-0.04293426,1.0600529,0.93336767,0.17197193,0.41693902,0.13351673
257,0.005235538,0.16903016,0.15012726,-0.45044982,-0.28353792,-0.7101226,-0.41230622,-0.20564824,-0.054212265,0.081762195,0.13729082,-0.1211409,0.13159299,0.48463464,0.03728977,0.14896178,0.2332733,0.3151108,-0.2226294,-0.34630585,-0.15777877,2.3579671,-0.3172475,0.099374935,0.5922385,-0.26037055,0.72743386,0.07107112,0.3536958,-0.089346945,-0.8168731,-0.09916145,-0.13789672,-0.44440985,-0.14542466,-0.37303466,0.030922115,0.29209715,-0.0860619,-0.5233904
258,0.2713235,0.04575461,0.07369001,0.26334283,-0.23716715,-0.097720265,0.20424044,0.112876296,-0.16130844,-0.2543553,0.56339365,0.06277889,0.4400131,1.1838086,2.1203387,1.9367621,0.52918696,0.73435867,0.2744984,0.37205765,1.20009,0.50214756,1.401142,1.4121261,0.32021564,-0.7735718,-0.10565281,0.24566779,0.42594117,0.14928997,-0.10905546,-0.42789707,-0.08481209,0.30264735,0.2687528,-0.27388197,-0.1767233,-0.30718416,0.3509515,-0.36946929
259,0.07932544,0.25366092,-0.27689973,-0.0104987025,0.20287625,0.10596454,0.059248596,-0.023501515,-0.018180966,-0.0836294,-0.0604856,0.06708789,-0.03709948,-0.31098598,-0.31266958,-0.1229378,-0.03291607,-0.032901585,0.09494232,-0.20216483,0.29373932,-0.23547184,-0.17799532,-0.21285915,-0.10082197,-0.2329166,-0.105912566,0.09537846,0.25673938,0.07454422,0.062660456,-0.073387906,0.17606544,-0.005423963,-0.023528814,0.10882789,0.0048609376,0.19592454,-0.13293256,-0.10068321
260,-0.15333652,0.103133515,0.12535381,0.24567193,0.026335478,-0.19365981,-0.14123926,-0.16573322,-0.6448413,-0.18366611,-0.3025939,-0.13454953,-0.57964873,-0.35289127,-0.13716501,-0.07020736,0.56927526,-0.3400895,0.09994143,-0.22750533,-0.7542176,0.024025602,-0.4692885,-0.13564593,-0.68444765,-0.005083084,-0.036551118,0.08356154,0.10568035,-0.0004734099,-0.11020023,0.032541394,-0.05283904,-0.20043834,-0.17641747,0.05621296,-0.006743908,0.20125262,0.025577068,0.04124409
261,1.3704097,0.9885056,-0.09248415,0.28560722,0.06713843,-0.19978446,-0.3209843,0.14762837,0.3072245,0.3551338,0.13985956,-0.28548652,3.6348498,2.4785762,4.5879574,1.3776214,-0.09778738,-0.043936655,0.039722726,-0.22352111,1.9628083,2.2536306,3.9994457,2.3134482,-0.45890296,-0.55226797,-0.6667671,-0.005948633,-0.5408243,-0.063999474,-0.298415,0.26925105,0.048033893,0.017691135,0.23153865,-0.15598825,-0.9510219,0.015277684,-0.18560904,-0.28596514
262,0.12865788,-0.5222225,-0.25816023,-0.11187172,0.11427297,-0.06064421,0.0010770708,0.0017036796,0.11864537,-0.8041373,-0.58621526,0.04835403,0.3420344,-0.3958748,-0.3060341,0.05138156,-0.10117056,-0.40379,-0.39443725,-0.33417892,-0.09023729,-0.63579047,-0.05414316,-0.54074395,-0.23544794,-0.5674075,-0.37205082,0.31044996,0.40086204,0.035699666,0.11401901,0.45127782,0.37958542,-0.030680656,0.5527133,0.43400452,-0.10769594,-0.57800645,-0.40797576,0.02199161
263,0.14285049,-0.2704535,-0.25393596,-0.11597729,-0.087415844,-0.25867543,0.0889495,-0.09662539,-0.27150357,-0.107907146,0.13653731,-0.4515118,-0.09406075,-0.27309495,-0.60092247,-0.5468059,0.3443719,0.8305443,0.6415102,-0.16173393,-0.13667434,-0.06139958,1.4814651,-0.0827378,-0.20983475,-0.35666245,-1.3087199,-0.08410606,1.3043809,-0.43672848,-0.09318079,0.14945886,-0.48080134,-0.42659006,-0.16885507,-0.6230369,-0.71739763,-1.0908437,-0.513463,0.70487255
264,0.15440744,0.0028936863,0.5609681,-0.1082708,-0.07884717,5.299098,-0.4680421,-0.20309734,-0.4709823,-0.47263402,0.38877445,0.4973973,0.042241335,-0.7397696,0.15591179,0.44597387,-0.26424885,0.10165721,0.0530532,-0.00255543,0.25867528,-0.041478813,0.21574956,0.082053065,0.21268097,0.11982471,-0.09504241,0.079108566,-0.15595728,-0.033970237,0.18901643,-0.0078069866,-0.149944,0.008789599,-0.4413128,0.0032625124,0.6288347,-0.32195228,-0.46726722,0.26140326
265,0.15607993,0.2445569,-0.37797427,-0.021838188,-0.12113562,0.68146116,-0.4336631,0.16805705,-0.40741006,-0.6183671,0.08829647,-0.098138325,-0.9465365,-0.31715012,0.38758233,-0.26959816,0.16372234,-0.29724118,0.18513522,-0.085099384,0.022969501,-0.27876365,0.74745715,0.16183099,0.0358411,-0.3044455,-0.92715615,-0.8711906,-0.18543267,0.10725084,-0.34704757,-0.27938268,-0.39331266,-0.060795784,-0.14035222,-0.3248062,0.20621312,-0.1068597,-0.90924364,-0.18639044
266,0.41010544,0.038420945,-0.11318833,0.09614885,1.550877,1.3805441,0.9972576,1.579625,3.1252441,1.5898615,1.2809913,1.227902,-0.54728985,0.08091831,0.21124782,-0.10200083,-0.26655352,-0.05452758,-0.41917816,-0.060127735,0.06589073,-0.27201274,-0.18806341,-0.058200657,0.54848886,0.59028447,1.2906467,0.3256688,0.03537248,-0.2744406,-0.24128142,-0.34371302,1.123201,-0.02915278,0.7637023,0.03433335,-0.37362254,0.2752819,-0.32913414,0.0020520687
267,0.004229486,-0.4338524,0.3230027,0.4173004,0.04596734,-0.28020886,-0.22092126,-0.20877045,-0.04098293,-0.15091304,-0.7110987,-0.18805492,-0.2530725,-0.25442338,-0.7578033,-0.17102475,-0.37089378,0.34779176,0.025908887,0.2161659,-0.3935297,0.28469256,0.22406374,0.238641,-0.32336503,-0.15151966,0.19409199,0.39273673,0.13871968,0.19587325,0.021951795,-0.218189,0.38465875,0.24433064,0.04018858,-0.27822608,-0.29363787,-0.023817748,-0.14258048,-0.20988017
268,0.07903327,-0.2286917,0.4905792,0.11461559,0.1861589,1.3415518,1.0316939,0.25060964,-0.16772485,-0.41427624,0.30665535,0.057889342,-0.03884983,-0.6967611,0.047767162,-0.9022293,-0.4378497,0.029215276,0.34362167,-0.39162993,-0.121991694,0.2655697,-0.5948208,0.101905525,-0.53184897,-0.76021576,-0.29071188,-0.3459236,0.9692191,0.86259496,0.3751518,1.0315545,0.15505579,-0.57597065,-0.5679686,-0.32445306,0.053440213,-0.284955,0.020525217,0.3765634
269,0.7616991,0.73753166,0.43891335,0.49705034,0.30628622,0.0042013526,0.38044322,0.0776276,0.3532941,-0.093519926,0.2814703,0.22322398,2.663279,1.3297752,1.1768787,1.0484066,-0.26315784,-0.5857399,-0.28174233,-0.47883165,0.22315252,0.3409536,-0.050289452,0.2806989,2.149396,1.2415979,0.41543683,0.52426475,0.6424465,0.04527235,-0.14959693,0.5133562,1.5200717,1.1668184,0.21276471,0.43712068,-0.065671414,0.64144117,0.035717517,0.72534335
270,-0.3411076,0.254391,-0.630666,-0.067984164,-0.30672687,-0.10353297,0.028580457,0.15683204,-0.23123243,0.16845322,-0.0006265491,-0.23351324,0.4977455,-0.38015664,-0.20511478,0.046420544,-0.06823456,0.0060002804,0.03494975,-0.20358606,-0.018185973,-0.15606695,0.6660225,-0.27933347,0.24776548,0.14168897,0.051824987,0.20667571,1.5782912,2.1093388,1.0586374,0.99649864,2.932463,1.7040733,1.9763546,0.7761209,-0.5223477,0.2899549,0.39217904,0.07285488
271,0.21099883,0.031927347,0.11980057,-0.072113514,0.1469764,0.45740673,-0.40281272,0.118406415,-0.13630801,-0.20977427,-0.24805981,-0.19215214,0.28321812,-0.5159228,0.24370739,-0.11359212,2.370099,0.56058264,0.7752186,-0.015851974,0.56223404,1.8676784,0.7487318,0.2051962,0.16327852,-0.3699292,-0.25488582,-0.18222529,-0.010172188,0.3932973,-0.19316348,0.11905563,0.5288905,0.2833147,-0.19325137,-0.18044248,-0.27392834,-0.15589052,0.062653154,-0.0466969
272,0.23115942,0.33384976,-0.25785223,0.19012773,0.15659362,-0.029880315,0.038705602,-0.05474633,0.4092623,0.08612661,0.23920009,-0.008585662,-0.4147499,-0.23594874,0.24825987,0.7918939,0.059864283,0.6488253,0.046525896,0.19085401,-0.26095843,-0.12903237,0.25570065,0.56539917,-0.2648437,-0.66391957,0.29707116,-0.26524103,-0.033884823,-0.44833192,-0.55046076,0.34935805,-0.18872853,0.16135472,0.71759737,-0.044804722,-0.19937533,0.3025321,0.5459549,0.7570444
273,-0.17702845,-0.09397882,0.20782918,-0.28429648,-0.18861306,-0.26644835,0.130225,-0.033367217,-0.31473446,-0.09815493,-0.09639007,-0.21386236,-0.15490335,-0.4257586,-0.17823845,-0.059579194,2.092086,2.2860153,1.4296348,1.5301675,1.1458516,2.5314317,2.2389894,2.008187,0.22965205,0.73060054,0.742651,0.46736914,0.54260635,0.5531819,0.12577724,0.5249497,0.14202166,0.074445136,-0.15355845,0.029773116,-0.08390701,-0.022786736,-0.06292495,0.020020843
274,-0.08484852,0.017328054,0.23934644,-0.31140715,-0.11979735,0.047205985,-0.20941722,0.11544037,0.3057861,-0.0033159703,-0.13056287,0.0779331,0.4005468,-0.07282612,0.12803313,1.0184164,-0.19543964,-0.16655666,-0.32980055,-0.25637472,0.1908924,-0.06834936,-0.4130499,-0.6617674,0.2077075,-0.032514066,0.02387014,0.59120536,-0.026732802,0.023190588,-0.07275486,0.107611775,0.13067928,0.122511536,0.0017495155,-0.671283,0.3590948,-0.48201376,0.86179113,-0.08750656
275,0.17692037,0.02260226,-0.21999997,0.9782777,0.2744221,-0.09950733,-0.15377809,0.18442082,0.9577215,-0.34560537,-0.01600784,-0.1384974,0.040046632,0.2734267,-0.2070289,-0.33745262,0.1897811,-0.010482803,-0.16768381,-0.19446507,0.336301,0.04617566,0.09542653,0.033337384,0.37152547,-0.36106956,-0.0058924556,0.12083849,0.20319864,0.28868347,0.56296587,0.07254398,0.03304398,0.48647004,0.40552443,0.23883583,-0.14282541,0.10436851,0.14476246,0.32235762
276,0.08483368,-0.19541097,0.1970337,0.13660431,-0.26087713,0.1195555,-0.20882925,0.4513066,-0.059948146,-0.5749127,0.16602659,0.16469628,0.29451555,0.04034877,0.16156632,-0.39159846,-0.24666238,-0.27797008,-0.013887227,-0.43055207,0.56796914,-0.676872,-0.08197525,-0.31424153,0.61379284,1.7555203,0.13455296,0.39376926,-0.5064518,0.18062256,0.012315065,-0.10819251,0.71878505,0.96606064,0.008978091,-0.17957288,-1.1315305,-0.48597452,0.33537817,-0.042695224
277,-0.084234774,0.23002824,0.08438778,-0.12953317,0.07542646,-0.26739955,0.18352515,-0.030756235,-0.0101566315,0.12793678,0.11848839,0.36443317,-0.0876466,-0.22731006,-0.053207755,-0.14576901,0.22752613,-0.16213858,-0.21288425,-0.09305298,0.025286973,0.12964049,-0.5281875,-0.6775509,-0.10157925,-0.2980376,0.17315999,-0.22299314,-0.21789855,0.04316476,0.17068782,0.20528784,0.02795422,-0.063831314,-0.2629838,0.074334025,0.007573962,-0.03825581,-0.0065134615,-0.021003902
278,-0.4528249,-0.38985586,0.011000335,0.495978,0.776184,0.36200452,0.09557575,0.25900024,0.41018403,0.7614992,0.5060158,0.6162851,0.09319335,0.29430318,0.38737983,0.28390962,-0.78929627,-0.44287658,-0.19769722,-0.37902305,-0.35288835,-0.6143122,-0.48019642,-2.1376984,-0.25804657,0.36279368,0.19543374,-0.11301088,0.32006025,0.9787086,0.46223778,-0.066170156,-0.06115689,0.2419487,-0.20620951,0.3324042,-0.22057635,0.11801737,0.15036607,-0.49772573
279,-0.047937572,0.37252215,-0.11990592,0.09676492,0.22387254,0.16221502,0.22556579,-0.52592933,-0.04450059,-0.071152925,-0.024966538,-0.17742291,-0.14037049,-0.4629059,0.062495112,-0.106120855,-0.128847,0.19965082,0.23234612,0.5069283,-0.05737114,0.07922667,-0.13086313,0.4404384,-0.012296557,-0.039579242,-0.29391187,-0.11728907,0.052160263,-0.22757266,0.19311847,0.024686545,-0.2541256,-0.26954472,-0.10266934,-0.0392071,0.13338548,0.4439919,0.59985566,0.35054246
280,-0.5619328,-0.21077424,-0.057100892,0.044929683,0.6220989,-0.33835965,-0.52069557,-0.15675083,0.19633818,0.35577416,-0.11147106,-0.3975829,-0.28100836,0.43988115,0.45875064,-0.516868,-0.05655715,0.12756652,-0.19960421,-0.5021776,-0.45383656,-0.027445078,-0.20527127,-0.07192098,-0.056810215,-0.0039207935,-0.05063826,0.2539005,-0.09390767,-0.66928077,0.4815015,-9.447336e-06,0.33922464,-0.18322575,-0.019909084,0.042148292,0.020881832,-0.1937359,-0.101714805,-0.5019523
281,0.0434061,0.051465623,0.50279087,-0.24026209,0.10005605,2.7288914,1.2460799,1.2960949,0.7129328,0.33349577,0.98570955,0.68383515,-0.12306561,-0.015850931,-0.055679962,-0.1944015,-0.08142049,-0.4000879,-0.2617626,-0.48834917,0.50822926,-0.7339825,-0.30369604,-0.42073002,1.5765669,0.7148714,0.2971155,0.5809417,-0.3732577,-0.47563997,-0.019918494,0.05862242,0.07825497,-0.2153731,0.5391342,-0.38732398,0.07829495,0.1758766,0.33442858,-0.27821657
282,-0.37331638,0.0499942,-0.07852118,-0.10236949,0.44443518,0.02240941,-0.13930848,0.02423197,-0.30381203,0.21568564,0.39121526,-0.19932151,-0.08744431,0.48093516,-0.057369992,-0.24437928,-0.090688944,0.051496476,-0.28582376,-0.20291474,-0.25359774,-0.1673902,-0.06853102,-0.42628586,0.36007157,0.2750752,0.023372918,-0.2857834,-0.31252265,-0.3183823,0.22197405,0.09263478,0.14390655,-0.16943634,-0.15317217,-0.5047946,0.09661966,0.36863232,-0.27531698,0.03253466
283,3.7683423,-0.06444621,0.094908774,-0.65818596,0.1807478,-0.13707545,-0.07528019,0.45129883,-0.55144304,0.1248987,-0.032245398,0.09264493,0.15817493,-0.09864113,-0.33465508,-0.0068569183,-0.21064422,0.201316,-0.10687369,-0.21908557,-0.07203287,-0.30207357,-0.32390544,0.17632475,0.051029205,-0.0019477904,-0.36688435,0.4761241,0.15027529,-0.04889813,-0.7339547,-0.061411917,-0.13841358,0.06516236,-0.16373765,0.029502034,-0.33068484,-0.17201814,-0.6648851,0.09022099
284,-0.12281613,-0.2507182,-0.033639845,0.060024202,-0.039563775,-0.41346663,0.18576987,0.1601524,-0.2948014,-0.30314922,-0.08626309,-0.20376664,-0.19522595,-0.05256012,0.22541927,-0.12446675,0.13193703,0.2990222,0.17898327,-0.29140276,-0.6642863,-0.32199445,0.24186972,-0.14082474,0.15978009,-0.16440131,-0.09657711,0.35600418,0.37876344,-0.22027342,-0.020987153,0.09344953,0.29507676,0.038987756,0.0056171417,-0.09131536,-0.26413867,-0.30691928,-0.013512865,0.07629222
285,-0.21565342,0.097524285,-0.1677677,-0.43410462,0.6866771,-0.06506745,0.11367628,-0.036709487,0.050616767,0.28585985,0.073794544,0.040454686,-0.47446424,-0.5779937,0.038494527,-0.106128454,2.1301076,1.7613127,1.3837357,1.249747,0.095085144,1.4443482,1.2634698,0.7885432,-0.57249594,-0.058692217,0.017291307,-0.15193304,-0.15167832,0.06079179,0.16800469,0.050201952,-0.057889014,-0.039524198,-0.17626204,-0.02072972,-0.14721626,-0.20981508,-0.41199893,-0.13672358
286,-0.11577153,0.16859348,-0.08347961,-0.063345194,-0.1342721,-0.039386034,-0.004328996,-0.13407177,0.05058205,-0.36479947,0.42893717,0.006925702,0.06725705,0.16163504,0.080724806,-0.30499792,-0.056827098,-0.24330096,0.013337836,-0.29096442,0.07123001,0.40720007,0.0015611947,-0.59646535,0.43381888,-0.03102991,-0.17776677,0.13232452,0.736922,0.15447591,0.22659716,0.33167744,0.22901481,-0.2516966,0.14604604,0.6695601,0.1790719,0.316631,0.084613025,0.73871344
287,-0.20433092,0.14404882,0.14173988,-0.33268702,0.14505392,0.5649869,-0.7556021,0.11827481,-0.76591474,-0.7047414,-0.061384827,-0.21115434,-0.052817687,-0.3233138,-0.072099924,-0.20130676,2.3461194,2.6526585,1.5429975,0.82756674,0.5166054,1.7850943,2.0636778,1.6416421,-0.2206415,-0.28813043,-0.34215504,-0.15979522,0.18627942,0.87901783,0.41455585,-0.10090381,0.004057795,0.2553845,-0.30640864,-0.063328266,-0.45346227,-0.21866184,-0.29428363,-0.040615678
288,0.095357955,1.3058658,0.69824183,0.7645184,-0.7064184,-0.7392543,0.254973,0.17598124,-0.09589136,0.3121339,1.003788,-0.1635239,0.18053639,0.042287692,-0.5653179,0.74866056,-0.078704536,0.21735957,-0.4207687,-0.45317397,0.037059963,-0.4393949,-0.08241171,0.16539574,0.11098051,-0.1177907,-0.85146916,-0.14911377,-0.016859889,-0.2971881,-0.7859068,-0.16720393,-0.2086494,0.7018565,0.778305,-0.6777125,0.046309054,-0.14254117,0.31535676,-0.25497496
289,-0.39782843,0.17998958,-5.108118e-05,0.054909468,0.5260739,-0.14290237,-0.19967997,0.19805443,0.47237682,-0.20721984,0.39665347,0.027406454,-0.42525536,0.4827333,0.00079518557,-0.123648465,0.025734976,0.22915453,-0.39066654,0.122047424,0.40643656,-0.09514418,0.3032136,-0.02734387,-0.054391265,-0.2639963,0.22231567,-0.088513315,0.02740252,0.31415996,0.09611386,0.040193796,-0.69011426,-0.26489365,-0.19557616,-0.012517035,-0.29658633,-0.21143311,-0.07411212,-0.05200541
290,0.8196229,-0.25137147,0.07634723,-0.17045778,-0.31477925,0.26845393,0.3120212,0.047193944,-0.3112877,-0.22905782,-0.054744393,-0.007890105,-0.15935744,-0.17963967,-0.3272415,0.013794124,0.20290905,0.10030419,-0.0024112463,-0.10756081,-0.22824907,0.12261957,-0.37000763,-0.035318434,0.30885077,0.667198,-0.12748551,0.22240067,0.32658255,-0.816044,-0.043435663,0.09502274,0.96395063,0.08109754,0.029533923,-0.06703675,0.44129092,-0.1818901,0.25558722,-0.17181942
291,-0.37646326,0.32147676,-0.22520363,-0.18305904,-0.31352052,-0.07709885,0.13619745,0.15509814,-0.34280324,0.09819308,-0.16866826,0.25688988,-0.09496014,-0.73855317,-0.49665168,-0.20674703,-0.05427283,-0.3788182,-0.51749,-0.1579724,-0.37590727,-0.29684,-0.3419035,-0.1692749,-0.4885708,-0.024272174,-0.4210391,-0.008733906,-1.5205357,0.59196955,-0.005437985,-0.29535353,-0.26986197,0.10816622,0.10597864,0.03795408,1.1328331,0.74946386,0.7803639,0.009145081
292,0.11084022,0.050248325,0.2482692,0.48991674,-0.6756865,0.454754,-0.1677336,0.30056787,-0.19831228,-0.09381074,-0.075048834,0.09778613,0.32746512,-0.216066,0.040042967,-0.24755102,0.03369403,0.16807416,0.22964826,-0.48217067,-0.031831622,-0.07909987,1.0136672,-0.14329505,1.2891688,0.9323464,-0.30853015,0.12410879,0.5080254,-0.0788987,-0.014626831,0.593312,0.76622194,-0.34136468,0.22379331,0.11364114,-0.02794464,0.4163522,0.14923243,-0.2630134
293,0.089128554,0.546356,0.4291277,-0.33043572,0.09789652,0.1513009,-0.06640899,1.4120221,0.037427664,0.68038946,0.1436007,0.14930654,0.17088592,0.57235885,0.16861463,1.1361213,0.22925365,1.0773513,2.384973,0.3213135,0.47465545,1.4966525,0.9920839,0.8758582,0.04946935,0.207663,0.21259487,0.060267568,0.11588311,-0.23483989,-0.04016626,-0.07548541,-0.09279388,-0.10378481,-0.46399766,0.73195535,0.087251544,-0.5857,-0.29331905,0.22268122
294,-0.0821327,1.1550121,-0.13007836,0.021054685,0.09643841,-0.10452998,0.028303683,0.19888234,0.029708892,0.37953883,-0.31065857,0.43136582,-0.3512604,-1.3271399,-0.054234147,-0.53485066,0.05722022,0.07838152,-0.2496534,-0.3310934,-0.39814505,0.25967962,-0.22491783,-0.45192093,-0.07258397,-0.16805756,-0.16219622,-0.093134254,0.25359666,-0.16265786,-0.40414095,-0.05085683,0.11464274,0.21980411,0.8639059,-0.05779937,0.013774931,0.15229228,0.11108914,0.0034906268
295,-0.4594919,0.42551893,-0.19385833,0.17340136,0.6777507,-0.4581759,0.31822255,0.2333107,-0.08101261,0.10784346,-0.39019623,0.17683911,-0.26691166,0.23708147,-0.05824417,-0.05723232,0.5928421,0.34262323,-0.10202426,-0.16591275,0.06664884,-0.6625923,-0.42950648,-0.16522849,0.49720764,-0.55746365,-0.25620583,0.053887784,-0.017887235,-0.39488965,-0.20766601,0.093358874,-0.07682544,-0.08396843,0.01737529,-0.13528955,-0.01022464,0.25716674,-0.0027242303,0.04388976
296,0.05498582,-0.17554596,0.15210341,0.05449897,-0.37750053,-0.27274975,-0.23730572,0.18588823,-0.15515079,0.20891905,-0.44476163,0.18665797,-0.24373771,-0.39230856,-0.15781116,-0.034035563,-0.35631007,0.18710242,-0.4516182,-0.7326308,-0.16754296,-0.1321135,-0.23386274,0.112997055,0.14056835,0.3066907,0.76841867,0.20296457,-0.3116384,-0.07144868,-0.4373989,0.04767713,3.011162,-0.012883462,0.1497499,-0.1771569,-0.7328412,0.042288363,-0.13167982,-0.111164324
297,0.11581868,0.36376554,0.19114739,0.14034697,0.061392225,-0.11913693,-0.27004015,0.2122214,-0.1883679,-0.20710278,-0.37133533,0.060207188,-0.04648012,0.36473143,0.09035748,-0.021666676,-0.25093108,0.12915093,-0.0064100623,-0.3516128,-0.040723383,-0.5409087,1.1795601,-0.22136529,-0.158912,-0.059194673,-0.59193796,-0.35959014,0.190261,0.3703638,0.025403678,0.14394337,0.42466682,-0.09836937,0.25213212,0.05447738,0.20180589,0.873271,0.043863356,-0.121409714
298,-0.4225533,-0.18126819,-0.10594618,-0.036209643,0.06957982,-0.06182906,-0.20440097,0.12821752,0.066079736,0.4683844,0.36813557,0.0040526986,0.012906894,0.17553103,-0.23041496,-0.085280776,-0.04603447,0.20270124,-0.2780894,-0.29445535,-0.29713547,0.71600944,0.26260275,0.59457344,0.15599072,0.14463349,-0.30358216,0.1629991,-0.2842133,0.45638776,-0.2010982,-0.050531864,-0.16258961,0.078182936,0.7202269,-0.17936325,0.022517145,0.057074424,-0.077048354,0.005540848
299,2.3913238,2.7987957,1.62579,1.284245,0.07830536,0.8047277,-0.040157974,0.32778823,1.4637828,1.467125,1.6159856,0.9829902,1.0658069,0.009982944,0.9538832,0.41557693,3.7570324,1.6713972,0.9912159,0.5705892,1.5477715,3.4867558,1.829462,1.2752888,-0.253547,0.27001318,0.10261005,-0.05758562,-0.40691125,0.19361666,0.2189575,0.2781917,-0.17766315,-0.3800287,-0.35600203,-0.55525,1.8642585,0.6155162,0.4184779,0.05856085
300,-0.3964611,-0.06369443,-0.057651877,0.5412309,-0.018179417,0.19192952,-0.46968842,0.12700051,0.55972624,0.29052955,-0.07067728,0.75362015,-0.022285819,-0.55603623,-0.03790769,-0.010639377,-0.08577585,-0.11888778,-0.06748608,-0.38875914,0.3989225,0.3296218,0.08700228,0.004681647,-0.36590067,-0.1793915,-0.29579884,-0.07335976,0.05623755,-1.2030643,-0.6102824,-0.46106702,0.086090565,-0.3516059,0.00870055,0.960736,-1.212546,2.0423622,0.3534136,1.0298045
301,0.15029398,-0.1890116,0.21842867,-0.24957907,-0.05416429,0.28666508,-0.25354725,0.6028619,-0.0710367,-0.1424997,-0.8518666,-0.41023445,0.22414052,0.0009765029,-0.3613677,0.12956545,0.13851833,-0.50104845,-0.32235652,-0.24093789,0.21107824,-0.4709887,-0.34010625,-0.15756547,-0.5194491,0.26287672,-0.3468002,-0.29768384,0.5258846,0.31194603,0.5149517,0.3863467,1.8741666,1.6489258,0.56271315,0.22116053,0.05914247,-0.36139953,-0.073170535,0.0605368
302,0.2642191,0.099006966,0.038220644,-0.02434498,0.20079497,-0.3189242,-0.05958587,0.11964065,-0.13622445,0.3141601,-7.587671e-05,0.051653504,1.2459403,1.0893896,0.13270259,0.28064683,-0.42611718,0.350119,0.08225924,0.028855324,1.2278285,0.47349587,-0.0065659583,-0.03533566,0.21584749,-0.11831643,0.056340873,-0.18737966,-0.17787766,0.0049877763,0.17733274,-0.10911614,-0.12595361,0.06761515,0.09097779,-0.14574754,0.12909773,-0.03792867,0.19560987,0.16430837
303,-0.002928719,0.047299802,-0.15462843,0.3954146,-0.20712739,0.08727613,-0.24398452,-0.22098508,-0.16570093,-0.06808372,-0.09221083,0.09560475,0.26969063,-0.48554832,-1.0991037,-0.879835,-0.7514043,-0.3132028,0.13659367,-1.1029618,-0.053940535,0.07318172,-0.4665011,1.2717535,-0.29807508,-0.32395542,0.120954484,-0.026817083,0.57565165,-0.05701244,0.1676183,0.25410318,0.20266548,-0.17745638,-0.471234,-0.22574855,-0.3624384,0.015974998,0.40729243,0.17928767
304,0.25041234,0.14004004,0.28237915,0.26556265,-0.37245387,0.17737544,-0.16245589,0.09732583,-0.31256837,-0.7377225,-0.16159296,0.342359,-0.28383553,0.02224952,0.01450716,0.04087645,-0.33085525,-0.568949,-0.34793073,-0.5723794,-0.1480335,-0.36859837,-0.10092527,-0.16190368,3.5734978,1.6655167,1.0221934,0.8243297,-0.19341671,-0.11757034,-0.42764163,-0.29270834,0.08425377,-0.1682949,0.3464222,-0.03850627,-0.3866328,-0.16890731,-0.1254248,0.16798878
305,-0.13912766,0.2892388,-0.2736025,-0.0442407,-0.19423556,0.32278258,0.30542913,-0.25634927,0.48268083,-0.42163152,-0.07711065,-0.22210543,-0.18556783,0.3299886,-0.21190244,0.1960321,-0.45008463,-0.25423768,0.2417863,-0.2510616,-0.59793663,0.2880741,-0.3226357,0.1713127,-0.8225585,-0.10802901,0.6430057,0.47325286,0.027867198,0.016835272,0.17095649,0.688135,0.13609222,0.19681293,0.08271871,-0.0034667253,0.52620864,0.09042996,-0.38751897,0.09158236
306,-0.8127066,0.22025853,0.33685955,0.19114497,-0.12175,-0.08650556,-0.066473275,0.05929315,0.3579654,0.3240497,-0.3102796,0.046358585,0.1934681,-0.4498585,-0.115867496,-0.32030532,1.8255923,-0.036062714,0.8740193,0.5068438,-0.6011863,0.46680027,0.21485367,0.22213817,0.3294958,0.12521216,-0.057556868,0.26964217,-0.85066104,-0.21706733,0.17922324,-0.20616013,0.14031467,0.10377434,0.12585258,0.15194938,1.5768943,0.7545879,-0.03067869,0.18650746
307,0.08396906,-0.4403351,-0.28879482,-0.64799774,-1.1303189,-0.024390772,1.172236,0.114997,0.006362289,0.67953646,0.33477753,0.22830372,0.6384424,0.041620173,0.13022226,-0.22163117,-0.13711165,-0.6141577,-0.1964474,0.60824513,-0.42747635,-0.6737308,-0.25174838,-0.1399233,0.3970492,1.4513342,0.29063594,0.7796705,0.19710428,-0.26779968,-0.0818637,0.6782516,2.0303936,1.2074893,1.4308088,0.34022066,0.10309446,-0.16765952,0.37908274,-0.12626547
308,0.47744802,0.20569503,-0.3016027,0.09913051,-0.2623105,-0.3130684,0.043378532,-0.08155644,0.08852899,-0.26489872,-0.411781,0.13046372,-0.09181163,-0.072365314,-0.1903891,-0.029336572,0.0752863,0.18597436,-0.2155776,-0.0893504,0.35652235,-0.10017693,-0.25582093,-0.11231351,0.2912507,0.42368752,0.25517744,0.27651525,-0.069774434,0.40176827,-0.26920232,-0.19198236,1.3627706,0.8099824,0.17753235,0.04044074,0.18726087,-0.69909996,0.04726386,0.087285876
309,0.032023817,1.2770283,0.022262335,0.74912065,-0.23252523,0.062817246,-0.8161274,-0.33510387,0.18068698,-0.28130108,-0.2369644,0.21217072,0.5553874,0.34528863,0.7699952,0.46300116,0.3713294,-0.06965504,-0.13389969,-1.230464,0.09855586,0.72372854,0.45826823,0.9181664,-0.57319725,-0.75736535,0.33021232,-0.35698193,-0.24527492,-0.314265,-0.38010052,0.051003337,-0.27509344,-0.099965155,0.5841672,-0.5096917,-0.1952267,0.45081413,-0.39577433,0.23427755
310,0.6859784,0.70354587,0.47131974,0.335226,0.20819929,-0.5777153,0.23614904,-0.060387433,-0.3574992,-0.09997049,0.3134235,0.49312574,4.3638544,1.4544373,2.7652023,1.1703575,-0.4495042,-0.093770415,-0.2862076,-0.36549738,0.40501064,1.0748107,0.07491316,0.32408053,0.15744697,0.13681993,-0.161014,0.18341464,-0.2703296,0.18968907,-0.25226855,0.22027147,-0.25925228,0.072054,0.18147877,0.16274764,-0.34485203,0.12375885,0.42068732,0.029042125
311,-0.36313775,-0.071631715,-0.53055304,0.35697722,0.17198288,0.05284044,1.3385961,-0.24574496,-0.90339726,-0.23640212,2.022989,-0.06405917,0.07778221,-0.25637817,0.075448275,-0.22846901,0.11713672,0.19843331,-0.037476584,-0.6935878,0.65450245,0.96338975,0.8362913,0.2406213,-0.092127964,0.082009345,-0.38055998,-0.37676302,0.083134174,-0.3018852,0.10529053,0.39817196,0.31430706,0.28056765,-0.1399374,0.27072757,0.20100474,-0.2810135,0.37987816,0.7260812
312,-0.10499194,0.14753982,-0.08868456,-1.0597286,-0.29392767,0.4286149,-0.63931054,-0.10967845,-0.44928646,-0.54216576,-0.12416873,-0.070081115,0.20380366,-0.1934861,-0.515514,-0.18507984,-0.3771168,0.043460906,0.09570068,-0.21478853,-0.3918752,-0.084570795,-0.18185204,-0.05062148,0.03647235,-0.25692743,0.2724042,-0.3727314,0.040655494,-0.6132703,-0.15142284,-1.3864186,-0.34894004,0.015866995,0.36088836,-0.48392254,0.43846312,0.6508739,0.16047472,-0.035725832
313,-0.9079106,-0.1891895,0.025533497,-0.5040413,0.13604677,-0.23415105,-0.24911793,-1.1880665,-0.27744612,-0.03580302,-0.13093357,0.08308242,-0.03015092,1.0114827,0.17741543,0.023180306,0.5626614,0.3877108,0.4884129,0.97974926,0.054611847,-0.10214415,0.1656093,-0.33720925,-0.47087628,0.45073467,-0.0008861907,-0.13592744,0.16357286,-0.3490571,-0.35007578,0.0022021532,-0.037632555,0.009114325,-0.13503194,-0.11590576,-0.024069786,0.05914563,0.039910376,-0.05179614
314,0.8712667,0.26929918,0.031575322,0.48225158,0.39123556,0.7891854,1.03724,0.49087676,0.39808655,1.0879569,2.218758,0.88022393,0.63297653,-0.03183147,1.1477329,1.3442023,-0.23547986,-0.07734305,-0.14855638,-0.15816617,0.11189893,1.17865,0.68160945,0.32349735,0.358697,0.41580823,-0.30983487,0.21695817,0.38511598,-0.17995173,-0.16305725,-0.008646101,-0.6034459,0.07323811,-0.20175295,-0.5248659,0.07768762,-0.30328402,-0.054698244,0.010177404
315,0.5672741,-0.4338586,0.16133842,0.23305625,0.28288305,-0.08739988,-0.18628529,-0.016254604,0.56465054,0.42162535,-0.27795067,-0.05405747,0.5813222,0.060561746,0.6273066,-0.2051593,-0.5163593,-0.5125829,-0.35945046,-0.79533464,-0.07995027,0.24602818,-0.58027166,-0.32217908,0.7209033,-0.072318316,0.22136909,-0.5023954,0.41161603,-0.29377633,0.04997641,0.10885835,0.7179064,0.7465946,0.2780937,0.3613801,0.38005278,-0.534223,0.27154905,0.22616725
316,0.31197098,0.2456164,0.39876097,0.051611662,0.0069520473,-0.21812317,0.03799057,0.049340606,-1.041997,0.3942979,-0.15166393,0.25546485,0.84732985,0.8529278,0.481185,-0.090446025,0.35496998,0.15480949,0.019813359,0.17853433,-0.1806882,0.48976952,0.19430886,0.22405905,-0.9569714,0.3264442,-0.39485028,0.38630396,0.21708307,0.10540739,0.010376319,0.42516482,0.16321553,0.16346419,0.33209175,0.18303585,0.59193754,-0.42509452,0.0474343,0.026460707
317,0.5134028,-0.31427765,-0.11645681,0.49022686,0.32395107,0.5131763,-0.40881258,1.1800303,0.43535608,0.57380897,0.13471186,0.08258271,-0.09006864,-0.17185724,0.3732195,0.263516,-0.15670249,0.050996453,-0.05652237,-0.37418598,0.455514,-0.00047439337,-0.09313321,0.24510908,0.10463424,0.86590254,-0.15183151,-0.17808425,-0.31543154,0.5047573,0.37067005,0.77360797,0.004036844,-0.040435478,-0.24893981,0.41466135,-0.03665924,0.40677673,-0.03530848,-0.33562592
318,-0.07054123,0.20531374,0.13614672,-0.23854885,0.41468096,-0.686273,0.0674635,0.20642292,-0.37561634,-0.44944775,0.25632045,0.1826446,-0.30730987,-0.34439817,-0.018114418,0.20195413,-0.34991205,-0.066176295,-0.36057428,-1.0450928,0.8111874,-0.23737879,1.0385958,-0.5601918,0.12455255,0.2292724,0.44989938,0.46858504,0.28337517,0.8763427,0.46292472,-0.51354057,0.5765205,0.8100259,0.16726604,1.098799,0.21449631,-0.51102227,0.33631027,0.0828325
319,-0.07257053,0.33394396,0.6024892,0.28862238,0.18280521,0.44802362,-1.2842498,0.095574975,-0.1620524,-0.21683756,-0.40444535,-0.19047618,0.22610563,0.34900838,0.65270966,0.93057394,-0.114320636,-0.7801814,0.04142797,-0.1171149,-0.076238126,0.46141508,0.047779083,0.12530291,0.8862822,0.48405752,-0.34672046,0.32328427,-0.42373192,-0.039204925,-0.22504157,0.5949565,0.07017571,0.12618133,0.054718435,0.25759596,-0.15187916,-0.23452622,0.48963112,0.1643736
320,-0.1122805,0.040737152,0.30962312,-0.122597575,-0.02107507,0.1408007,-0.30631328,0.35173905,-0.05160711,-0.39160407,-0.06980264,-0.46349838,-0.06704742,-0.031215549,-0.20222545,0.3191036,-0.105011106,-0.63509464,-1.1282264,-0.70172906,-0.0428313,0.2378644,-0.3449654,0.081502706,0.39305562,0.8718478,0.490799,0.21891099,0.54264206,0.22867066,-0.40166998,-0.47188246,0.6817591,1.0629694,0.8037247,0.6042914,-0.089190006,-0.43416905,0.180827,-0.17214021
321,0.033232152,-0.2965768,0.4010984,0.62655616,-0.059642553,-0.06765464,0.40011734,-0.040094107,-0.26380292,-0.26031753,-0.12321362,-0.16853261,-0.1585505,0.026323352,0.00093239546,-0.37747872,-0.087394714,-0.33703375,-0.14595458,-0.23394102,0.29142404,-0.10311586,0.1584636,-0.19432133,-0.047411084,0.33812886,-0.40781128,-0.026376426,0.21817172,0.20605569,0.58135664,0.13630968,-0.33575338,0.23147717,0.14599246,-0.5018307,-0.13252962,0.02434387,-0.013486743,-0.08070449
322,-1.1018062,-0.3742292,0.08539045,-0.036925256,0.31075868,-0.4118503,-0.17351791,-0.14474529,-0.2784719,-0.04230742,1.2064219,0.048716187,-0.24753755,-0.07252051,-0.18414396,-0.085115075,-0.1534243,-0.43133137,-0.88309526,-0.45418864,0.62588996,-0.06422515,0.10305524,0.100752145,1.5461264,0.5558809,0.7289481,0.28950247,-0.12293434,-0.010271981,-0.1123628,0.020960271,-0.44118127,0.45268017,0.4693822,0.2105043,-0.22277118,0.15786415,-0.29901367,0.08797765
323,-0.45261538,0.09583938,0.094123244,-0.07498908,0.06664622,0.06827995,-0.07794672,-0.14531541,-0.0028554797,-0.2110357,-0.03606981,0.023945272,-0.1751473,-0.07839256,0.023303017,-0.018824697,-0.21136403,-0.25578305,-0.24686024,0.05078131,-0.06279175,-0.049194068,-0.21400934,0.037751794,3.8241777,1.9502149,0.89559245,0.7701744,1.0582001,0.8274589,0.23876224,0.30767626,2.9306133,2.2112944,1.4300339,1.0138599,-0.07680869,-0.14211378,0.060721457,0.0897215
324,-0.051601574,-0.39947397,-0.56416637,-0.13768235,-0.11815292,-0.36775622,0.59024656,0.21130157,-0.6835568,-0.022777393,-0.35949904,0.14373793,-0.109410286,-0.5589983,0.31396088,0.08323777,0.052962184,-0.04024736,-0.013336571,0.6318382,-0.094272316,-0.10668102,-0.29999307,0.07136323,0.19982779,-0.13597691,-0.24336344,0.13878065,-0.3608454,-0.5403379,0.44693375,-0.5071186,-0.20812333,0.07256627,0.04080518,0.44582647,-0.31890726,0.35475332,0.5562401,0.28687117
325,-0.32215297,-0.5983729,-0.3384549,0.23251082,-0.5267066,-0.14009732,-0.3123504,0.28529516,-0.14472282,-0.12679482,0.15738821,-0.43359885,-0.33954757,-0.4145643,-0.22768503,-0.96838903,-0.19961667,-0.25939518,-0.033054397,-0.50957894,-0.11573112,-0.23584637,-0.171031,-0.56110644,-0.06692135,-0.4351583,0.20278525,-0.09696901,0.12426734,1.1065574,0.15643737,-0.013652325,-0.10742849,-0.35454842,-0.49588943,-0.07811594,-0.08413613,0.22531086,-0.06584263,0.07524085
326,-0.44866192,-0.056634158,0.07095578,0.060883045,0.21936312,0.083486706,0.15745565,0.6870759,0.35892272,0.32016474,-0.23222125,-0.3676771,0.28489697,-0.41057426,-0.016574591,-0.3433815,-0.2548198,-0.03794107,0.25037867,-0.14689031,-0.21622759,-0.35342503,-0.36537653,0.11256233,-0.5891877,0.2771194,-0.41441074,-0.30155498,-0.32038283,0.35959,-0.13483703,0.0067441463,-0.09127957,-0.11606547,-0.38636738,-0.46776667,-0.1845277,-0.5844655,0.5984702,-0.045978665
327,0.19033384,0.18507034,-0.7462696,-0.01926589,-0.11848104,-0.17193443,-0.022304386,-0.480129,0.029667668,-0.17039919,-0.14174512,0.2601474,-0.19426008,-0.4705565,-0.18217921,-0.5275003,-0.10961735,-0.056900762,0.1218822,-0.2730792,-0.20758253,0.11749196,0.06643501,-0.1371715,-0.22498357,-0.23341388,-0.075065136,-0.1655212,-0.06703889,0.23549539,0.0043287277,-0.55375195,-0.45640853,0.033944353,-0.18438199,-0.19367626,-0.09576729,0.24256149,0.8716815,-1.0402076
328,0.010954827,0.38007057,-0.100780845,0.18654865,0.14413983,0.21186584,-0.24182534,0.06993097,-0.28789735,-0.16873825,0.22089684,-0.009111822,0.021778405,-0.1230818,0.13343927,-0.07388002,2.2513247,2.0822678,1.7211367,0.78679156,0.49832922,2.13112,1.6929643,0.7368936,-0.23120905,-0.042724993,0.14716941,-0.02284205,0.2844753,0.7252755,0.5850739,0.533903,-0.11638492,-0.12891689,0.06060636,-0.13522518,0.070233405,1.1684175,-0.4723221,-0.014710665
329,0.09721708,0.04726109,-0.031465203,0.03048718,-0.020639181,0.07413435,-0.050667107,0.06642432,-0.0010439157,-0.05389923,-0.14486948,-0.1291856,0.017797053,-0.18915,-0.087062776,0.17965984,-0.07521579,-0.009765685,-0.16294971,-0.1516066,0.14986938,-0.17243008,-0.029224396,-0.027582467,-0.22556728,-0.07804188,-0.07970768,-0.17643572,-0.0045028925,0.08152622,-2.5277538,-0.11894512,-0.005251333,-0.13242659,-0.09594229,-0.08330536,0.040147066,-0.10130295,0.19932976,-0.17246276
330,-0.36124817,0.056212246,0.0806396,-0.22445597,-0.108960494,-0.242916,-0.08405575,-0.27683836,0.169505,-0.18341187,0.13451749,-0.010128081,0.78268045,-0.1875872,0.55486804,0.3327127,3.1322045,1.5915259,1.2118361,0.56454563,2.171484,2.3863163,2.5719008,1.4701127,-0.65459514,0.27513784,-0.14820093,-0.101914436,-0.16211224,-0.13852406,-0.077730864,-0.046466887,-0.27771404,-0.10387188,-0.22409546,-0.09945461,-0.0928511,-0.24533935,-0.24503839,-0.09087002
331,0.22342706,-0.12027088,0.046783388,0.10492483,0.45144773,-0.1075957,0.0028485358,-0.024276435,-0.33514953,-0.11126524,0.061535656,0.026652873,-0.11518574,-0.011748329,0.08567807,0.0017904043,0.14006865,-0.17618284,-0.28127372,-0.030159295,0.231951,-0.27939227,0.117382854,0.01730758,0.07495499,-0.08115649,0.1731782,-0.035279155,-0.023313105,-0.11940867,-0.06419855,-0.147356,-0.11703426,0.037709147,0.08935565,-0.123505116,0.055682495,-0.11432083,0.048906833,0.09473705
332,0.1902813,0.34696147,-0.031262383,0.23238,0.5010504,0.6333251,0.28581178,-0.021265388,0.4928848,0.8433982,-0.29925656,0.42456293,-0.11207596,0.7726328,0.7331012,0.09612486,-0.17619431,0.04423225,-0.18978754,-0.16206688,-0.6145827,-0.54182374,0.019318342,-0.02917397,-0.1918801,-0.16900422,-0.3548278,-0.6024081,-0.3648875,0.4192462,-0.051432878,-0.007101178,-0.50393295,-0.05325138,-0.5888967,0.43033,0.54218036,-0.2148161,0.18746811,0.33729762
333,0.5082982,1.0157402,-0.17373243,0.8542981,-0.29477358,-0.4246743,0.39968377,0.0055012107,-0.5832108,0.065546416,0.435677,-0.16522866,0.111791074,0.25224873,0.02507494,0.29517496,1.1810396,1.3100775,0.84563154,1.3812077,1.3966296,1.3526136,1.176189,0.9183749,0.058993697,0.5386652,-0.3723079,1.8963964,0.071663976,-0.29409683,0.21280205,-0.010648429,-0.39265627,0.14659357,-0.60167,-0.16331711,0.2209651,0.43785366,0.47461528,0.5327992
334,-0.06886352,0.18085885,-0.03706932,-0.15712357,-0.34970963,-0.14650595,-0.24325739,-0.016274333,0.38018024,-0.16619027,0.11485992,0.15354812,0.060025126,0.12542906,0.6272028,0.16288453,0.004517168,-0.23084891,-0.1580689,-0.09619209,-0.1260657,-0.112548135,1.488347,-0.23172633,0.6109586,0.23555124,-1.3324134,0.27492806,-0.07363352,0.03595017,-0.0060786903,-0.23716319,0.13525951,0.46638715,-0.07338148,0.14106226,-0.33335906,-0.13405585,-0.052243352,-0.20080529
335,-0.30681586,-0.19335502,0.18821216,0.11083865,0.7104074,0.18285382,0.108181536,0.4379626,0.46684754,0.30953085,0.20676959,0.16133964,0.019352883,-0.07908249,0.23149699,-0.28104788,0.6369974,0.25779033,0.44566303,-0.106395006,0.16302145,0.22711389,0.6352725,0.5448424,0.50190425,-0.47716582,-0.13010663,-0.1475904,-0.21290529,-0.058893144,-0.31783217,-0.20402797,-0.2187568,-0.17272261,0.30725718,-0.25349036,-0.26270083,0.53155804,-0.009655237,0.029090405
336,-0.20427877,-0.06631157,0.4097146,0.35815477,0.5980271,0.1470626,0.5392454,-0.38695502,-0.3836891,0.2605996,-0.14054102,0.5864837,-0.057064593,-0.55212903,-0.39902335,0.38170403,1.4064438,0.64367455,0.57657456,0.5206135,0.024414659,0.46714658,0.017181799,0.3075234,0.30250025,-0.4949268,-0.33163607,-0.31222963,-0.24131817,0.4807759,0.9850517,0.6207147,1.4368291,2.2655718,0.87258196,0.90631115,-0.44612366,-0.2659552,0.34189647,0.5433929
337,0.6053124,0.5314811,0.7304145,0.8982561,0.106874466,-0.4371723,0.18203159,0.49004346,0.6037504,-0.31653604,0.2945145,0.67239034,3.4411826,1.9978883,1.117339,1.464028,-0.7069608,0.01455462,-0.20819065,-0.45178193,0.30301833,0.366908,-0.04802081,-0.0676789,-0.44919002,-0.30370405,-0.32818782,-0.21644038,-0.69570744,-0.18104243,-0.101141065,-0.3176183,-0.25035954,-0.20950627,-0.09255323,-0.30578595,-0.261235,0.078366175,0.33770686,0.0849424
338,-0.1532653,0.0060769618,-0.10158217,-0.04396999,-0.049776793,-0.37300223,0.22434604,-0.11394008,0.10886347,-0.10645056,-0.111343026,-0.6330869,-0.031111717,0.08747339,-0.28129417,-0.06770048,0.12056482,-0.8753693,-0.24103688,0.15663162,0.011830628,-0.17245394,-0.34911692,-0.14223766,1.9843576,3.116633,0.68398553,0.2377482,0.0165174,-0.44499257,0.27459154,-0.024120867,0.8142221,1.4210254,0.34027082,0.239826,-0.27500123,-0.5647162,0.44319677,0.26525608
339,0.26091358,-0.5087894,0.1491187,-0.04722783,0.714645,0.5223163,-0.09195399,0.7777396,0.091379225,-0.47681955,0.24805075,0.12799191,-0.4584274,-1.1403259,-0.36714122,-1.0767224,-0.13068366,-0.5638652,0.28873813,-0.21797001,-0.08533114,-0.18648246,-0.5314922,-0.11768954,-0.33099568,-0.262521,-0.7451805,-0.47789577,0.4585514,1.3111135,0.13185853,-0.09393647,0.29161862,-0.13773012,-0.25975993,-0.029593825,-1.0080636,-0.018482804,1.3119476,-0.7653692
340,-0.27197132,0.04417497,1.5288324,-0.18932927,-0.161259,-0.22294703,0.11458331,-0.009128362,-0.045806557,-0.053556494,0.027618282,-0.34895724,0.053478897,0.21870911,0.10783675,-0.36502236,-0.03141904,0.8155372,0.11045705,0.16538721,0.100580335,0.3221541,-0.22540352,0.100177616,0.03556341,-0.021729827,-0.2607418,-0.009148464,-0.2913902,-0.16003788,0.010989249,0.10144168,0.13063657,0.25870577,-0.44853932,-0.45573065,-0.18795383,-0.17969573,-0.012900755,0.16350225
341,0.013569161,0.035667926,-0.04377544,0.2677688,0.15502413,-0.170098,0.108324066,0.32782018,0.039432853,0.40249965,-0.07347262,-0.06520534,-0.67195594,-0.14994726,-0.2824604,-0.357836,-0.17272967,-0.22604263,-0.012930043,-0.15083629,-0.32734886,-0.078915894,-0.19935861,-0.42371926,-0.15170729,-0.24672504,0.16662109,-0.22832786,-0.14601141,-0.77581614,0.034589574,0.09120445,-1.0467176,-0.16199964,0.35558635,-0.020901382,-0.5552231,0.45596358,0.09101482,0.049969893
342,0.8238047,-0.055196583,0.01629728,0.29108027,0.26110345,-0.035034016,-0.019984752,0.013703309,-0.030318856,-0.6842514,-0.11433455,0.082694605,0.03549856,-0.5791942,0.4880436,-0.10461551,2.675696,1.258889,0.053418353,0.6480428,1.4168867,1.1942279,0.48962417,1.0100121,-0.78135395,0.9106937,0.025035232,-0.19087008,-0.49579585,-0.09962475,0.1548891,0.30518767,0.52109754,0.1086604,-0.12855709,-0.09179407,0.017543852,0.16582972,1.2614859,0.09610152
343,-0.17874992,-0.23065278,-0.13751441,-0.36387897,1.1517458,-0.44850284,0.25739813,-1.0722665,-0.06785023,-0.1514921,-1.1247141,-0.31807995,0.7748339,-0.13385116,-0.3956921,-0.6190373,0.8542967,-0.03046757,-0.15139577,0.046466526,-0.7466468,0.048053496,0.053974114,-0.0095538795,0.11002213,-0.39154336,0.025761724,0.52809745,-0.18269312,0.3404162,0.22763106,0.08461422,-0.12508571,-0.26183355,-0.0673635,-0.22498345,-0.06565565,-0.66949093,0.089574724,-0.119347274
344,-0.06739372,0.49615812,-0.00774318,0.079341605,0.22833645,-0.30997574,0.24520516,0.20445505,-0.039523408,0.54880893,0.1897595,-0.1525146,0.072558224,0.6668919,-0.12731525,-0.0639545,0.09254724,0.081134975,-0.36453012,-0.20349109,0.85325754,-0.30130804,0.17582688,-0.13799426,-0.03445757,-0.48083407,0.17283541,0.27613214,0.10211146,0.72205544,0.019661851,-0.1597854,0.6254804,0.21827424,0.38959217,-0.44395757,-0.15601212,0.666666,-0.03398311,0.19696271
345,0.5161674,0.37084898,-0.2712373,0.022242516,0.14415087,-0.29429403,0.023728073,0.06853905,-0.1875295,0.13610995,-0.8802452,0.3572147,-0.18734963,-0.18780434,-0.18562312,-0.4321975,-0.27920443,-0.30802676,0.23414831,-0.9363752,-0.06518859,-0.53029567,-0.25438255,0.24981695,0.18562055,-0.32326192,-0.39852852,0.7312344,0.21513668,-0.28840235,-0.21355912,-0.10529257,0.21667126,-0.064339794,-0.20311019,-0.31177878,0.39784136,0.065123916,0.43582293,-0.7384211
346,-0.28655615,0.23700571,0.062049814,-0.21809489,-0.3884688,-0.30842537,0.035088874,-0.24174777,0.3871478,-0.34248334,0.06324936,-0.097139716,-0.054481745,-0.35521087,-0.0022943914,-0.14290985,-0.025343895,-0.3745289,-0.059784383,-0.26467657,-0.41857553,0.75240445,0.17168856,-0.099978685,0.21384466,-0.07181126,-0.080660045,-0.0029137135,-1.3221941,0.06712121,-0.18947971,0.038864404,0.013818473,-0.24094574,-0.2668877,-0.003985107,-0.108184844,0.12272805,-0.2748841,-0.09151457
347,0.031512618,0.1486687,0.13352422,0.9348526,0.23012632,1.5356916,-0.5672153,0.16358846,-0.17218167,-0.049581945,-0.28399724,0.41259918,0.8386209,-0.25065473,0.29576826,0.0640243,0.12306625,-0.25431326,-0.28221384,-1.0744705,0.032841012,-0.1631408,-0.21114561,-0.6102042,0.0009371042,0.17334342,-0.4344123,0.51002836,0.029345334,1.3686097,0.60613614,0.30932465,-0.25781927,-0.30420208,-0.009196258,-0.10817391,0.31154683,0.001254946,-0.069928445,-0.23568237
348,0.54530114,0.06931183,-0.3913893,-0.11926639,0.99006873,1.1773509,0.6050257,1.2806871,0.8103682,1.4210755,1.0125821,1.1013142,-0.24065906,0.11584985,0.19945231,-0.22471344,-0.13635713,0.044730425,-0.32883662,-0.18876386,-0.420145,-1.1074352,-0.23936725,-0.08658826,-0.30358738,-0.5042452,-0.33027524,-0.11775023,0.118793726,0.552695,-0.12653306,-0.26360673,-0.015425563,-0.43197754,0.29907548,0.29431236,-0.04876077,0.14763516,0.2243163,0.11468974
349,-0.39446527,-0.14375123,-0.014875323,-0.13408972,-0.016399875,0.01218063,-0.066482335,-0.032467633,-0.030939996,0.008847117,-0.0061608255,-0.051726878,0.07285495,0.098624244,0.046349496,-0.0140918195,-0.026054382,-0.039570656,-0.4828356,-0.1663439,1.6785666,-0.19392142,-0.12624353,-0.0844309,-1.5362264,-0.14620946,-0.114212856,0.0033946335,-0.009818241,0.025122061,-0.1643106,-0.05379133,0.17734966,-0.06112747,0.089790165,-0.27023154,0.105813,-3.3842423,0.1752536,0.015569389
350,1.0850871,0.7445216,0.611775,0.7329101,1.6375766,1.4634639,0.71005,0.7855426,1.251528,0.893147,0.5666621,1.0804105,3.5988064,1.0527442,1.6321474,0.91994417,1.7127476,0.821647,0.13239133,0.70896584,1.7485341,2.360632,1.8508236,1.277364,1.8695924,2.2401185,1.3711793,0.44640625,1.9677236,1.179684,1.6095748,0.78495336,2.3187702,0.39668733,1.577199,0.8803172,1.4249754,0.65013117,0.36017227,0.4757154
351,0.160873,0.087974906,-0.1856679,-0.16652519,0.26584882,0.40998837,1.0041648,-0.001332581,0.058583856,0.0018284619,0.092622995,-0.21093208,-0.0653798,-0.18620121,-0.21913554,-0.07832622,0.13255507,0.07682027,0.73699415,-0.115199536,-0.32716095,0.13750458,-0.20160976,0.14536917,0.6890998,0.5163517,0.41102302,0.21245575,-0.006175399,0.4728483,0.84648204,0.40031338,0.100981474,0.5400057,0.35745072,0.557733,0.18874717,0.29519752,0.042224765,0.6049686
352,-0.004783362,-0.16337293,-0.25219053,-0.3354349,-0.6830198,0.097107336,-0.18537284,-0.068624124,-0.23998906,-0.35356748,-0.6647751,-0.32229915,-0.63906336,-0.48714668,-0.09134993,0.13678305,-0.47758257,-0.053739548,-0.2598077,-0.23852648,-0.25959092,-0.37620035,-0.3721977,0.02668482,-0.29121524,-0.017044783,-0.056785047,-0.17285459,0.520967,-0.7286378,0.13899586,0.6364312,-0.47822002,-0.30158496,0.09707984,0.6139871,-0.31475118,0.11449158,0.44699723,-0.1527769
353,-0.05460231,-0.20702714,-0.6298827,-0.36532426,-0.48335993,0.73896456,0.29411334,0.67564654,1.522255,0.49832913,0.054630816,0.32786256,-0.2749207,-0.41238594,-0.15648478,-1.2048717,0.23694861,0.101145595,-0.6385584,-0.70732254,-0.21119094,-2.5007534,-0.73014396,-0.11446828,-0.21115214,-0.4195099,-0.6348771,-0.023628183,-0.093312114,-0.058816135,-0.020917818,-0.62536585,-0.2653169,0.17045337,0.029853046,0.021601886,0.41693053,0.38683528,0.29635566,0.5755568
354,0.15332389,0.41246712,-0.22231936,0.100625634,-0.19109112,0.10247779,-0.20686775,0.17714918,-0.7168155,-0.24978852,-0.03750874,0.20386058,-0.3208424,0.14961019,-0.07365751,-0.121041834,-1.1834769,0.16781974,-0.40490502,-1.5738808,-0.2722504,-0.21599792,-0.17276236,0.21953428,-0.6942326,-0.3371233,0.18058237,-0.112181544,-0.09352578,-0.24632937,0.13911077,-0.22526276,0.8099134,-0.80806404,0.00323838,-0.10749346,-0.106805265,0.6279855,-0.619404,0.43546912
355,-0.30808032,-0.23883238,-0.39771572,-0.095015675,0.105290204,-0.29202217,-0.050824255,0.022752166,-0.6520998,-0.18023853,0.19936663,0.150792,-0.1583777,0.0056881905,0.13302141,-0.13861603,1.2232604,0.95270157,0.12723339,0.33817393,0.5984081,1.0845684,0.45264596,0.49166396,0.018475652,0.17132378,-0.10440284,0.2606982,-0.11889374,-0.012935832,-0.21222696,0.1594764,0.085945606,-0.08366001,0.29427493,-0.3996452,0.051025838,0.08401176,-0.13383804,-0.100351214
356,-0.36410338,-0.30303848,0.02609235,-0.015050173,-0.49991906,-0.2792145,-0.21838391,0.2791431,0.09452629,-0.040088654,-0.32452485,0.516117,-0.34156436,-0.22384942,0.06482729,-0.42884988,0.1503129,0.18240273,1.3225482,-0.24777669,-0.10996145,-0.26627314,0.058924526,-0.3406016,-0.07652199,0.040910646,-0.19489485,-0.18342716,-0.111753404,-0.232497,-0.033408552,-0.07999021,0.48468405,0.87811553,0.011054277,-0.19875628,-0.21609277,-0.48205298,-0.31582326,-0.22767097
357,-0.038643684,-0.24077004,0.1981644,-0.06066376,0.13894206,-0.53806347,0.0032533742,-0.17478114,-0.21705234,-0.46270266,-0.23175427,-0.13556269,-0.014997125,0.15608141,-0.5550332,-0.22857761,-0.03657365,0.46506417,-0.30218303,0.44601363,-0.25926107,0.07906932,-0.14385782,0.1703754,1.1115203,1.1551555,0.7372808,0.18884741,1.7073569,1.5737073,0.28487933,0.2654176,3.2439494,2.5074074,1.4799496,1.1561654,0.26446223,-0.31022727,0.17402464,0.17742473
358,0.012983918,0.35869873,0.0035524368,0.23156339,0.053347826,-0.27726695,-0.023919642,-0.05271423,-0.31182694,0.0009674877,0.19808239,-0.029081285,-0.017797232,-0.24089736,-0.25434414,-0.03407401,0.7969005,0.65171146,0.212208,0.34982485,-0.3318076,0.25407633,0.04866332,0.0949226,-0.23500389,-0.31679633,-0.13554507,-0.020353198,0.27892455,0.75293237,0.28821513,0.34918773,-0.18644565,-0.15812665,0.0035143495,-0.36193767,-0.23745131,-0.15481924,0.18366915,-0.014021099
359,-0.05551815,0.07632078,-0.2164955,-0.06366408,0.06879437,-0.20362748,-0.66762733,0.18654987,-0.2937498,-0.14144644,-0.20672193,0.061351717,-0.043441176,0.109906524,0.38890418,-0.87459296,-0.3193704,0.19994643,-0.26963305,0.28183717,-0.3269258,-0.22935246,0.034006536,-0.19302976,-0.13479555,0.05531946,0.17343333,0.6686051,-0.05427581,0.15582648,-0.023083657,0.37444344,0.08473095,0.13449293,-0.45608017,0.016978502,-0.16661991,0.032852445,-0.17599618,0.9804694
360,-0.3508137,0.29874033,0.17321911,-0.05795467,-0.42425025,0.05590251,-0.029604822,0.27947962,-0.31488597,-0.18164831,0.20625594,-0.055473953,0.39813042,0.015552938,-0.034771636,0.022735357,-0.268936,0.024472333,-0.35180715,0.10089606,-0.44045714,0.6176445,-0.2844814,-0.26890615,4.9395223,3.5814817,2.904061,2.5812802,0.15625864,-0.49755204,-0.53572476,-0.050599277,4.5545087,2.7093673,1.9758825,1.4891627,-0.11328304,-0.21257383,0.029025674,-0.098085046
361,-0.03131196,-0.3073576,-0.038891375,-0.29856116,-0.067581356,-0.04348606,-0.02564925,-0.14566144,-0.2156668,0.04831153,0.0134013,-0.04255283,-0.017715573,0.03763528,0.018464833,0.38300002,2.1911407,3.963911,3.3741727,2.308923,1.0800436,2.1401567,3.5055416,1.8261544,-0.36739603,-0.13273689,-0.20987737,-0.44417936,0.8234165,0.6193079,0.49222568,0.5952806,0.44299123,-0.023661315,-0.11271471,0.08046357,0.39467487,-0.08548969,-0.24748522,-0.14010918
362,-0.17993952,0.028697014,-0.07673794,0.13850278,-0.39740634,-0.67285275,-0.24315631,-0.088505626,0.16326529,-0.055513024,0.011256516,0.39225337,0.25164366,0.535406,-0.27013338,0.2453016,0.30244672,-0.34062952,0.0015341938,0.27487594,1.4383974,-0.19267815,0.21829295,0.12076065,1.0563781,0.99260414,0.17656702,0.7635056,-0.24867615,-0.07948503,-0.02700299,-0.31221104,-0.12076004,-0.4172236,0.39397243,0.2768175,0.24147081,-0.33235866,0.40697455,-0.031612575
363,0.30171597,-0.054311097,0.026158243,0.1758799,0.29451686,0.054228783,0.022039786,-0.148013,-0.13876301,-0.21748686,0.24504833,-0.032854795,-0.46867633,0.07766992,-0.045457363,-0.37051666,0.2203083,-0.41293502,-0.24427581,-0.3477298,-0.53171563,0.15566984,-0.015334308,0.01669085,0.036179245,-0.1016088,0.06507492,0.13088554,-0.5876409,-0.17823651,-0.32400146,-0.21969527,-0.540067,0.43379277,0.3959457,0.09465343,-0.103494346,-0.4548701,0.08199352,0.08865088
364,-0.39883563,-0.18236262,-0.2681015,-0.16343021,0.19345444,-0.48351586,-0.24572322,-0.18430625,-0.10924867,-0.025409818,-0.2574051,-0.081246555,-0.081373096,-0.24920052,0.01900804,0.1049664,0.027528644,-0.3608886,-0.123070985,-0.15287751,0.12992682,0.04149151,-0.3968567,0.27114516,0.31383938,1.0740466,0.46807814,0.52334726,0.048047,0.3288508,-0.042183086,-0.091296434,0.48442757,0.68829757,0.5332536,0.09993029,-0.20292497,0.28371322,-0.17989773,-0.03724891
365,-0.33304214,0.20275614,-0.11252043,0.16745102,0.48802853,-0.06552407,-0.123373404,-0.036794305,-0.08470005,-0.02343595,0.09130111,-0.068730235,-0.00514102,-0.3049488,0.19918665,-0.17970788,0.0624758,-0.37645143,0.13809597,-0.12753099,0.08021283,0.10631843,0.16137642,0.13377851,0.28292266,0.26784006,-0.15506071,0.070750296,0.019312859,0.047052078,0.73198897,0.17777777,0.18185693,0.16498098,0.30374056,-0.11346388,-0.2769639,-0.2005131,0.13444352,0.035470366
366,0.3162372,-0.07599819,0.21688673,-0.2163207,0.17283833,0.5199162,0.11724669,-0.30019718,0.37287092,-0.5499748,-0.116130084,0.34083498,0.4737847,0.11952251,0.074823886,-0.31160676,-0.08056176,-0.6059475,0.8421445,-0.26878226,0.4980262,-0.021792889,-0.07171041,-0.11389738,0.10351467,0.29005527,0.45753813,0.17280707,0.2135346,0.45604742,0.0058818758,0.055563867,0.4439577,0.2061263,0.66535974,-0.06841773,0.70741653,0.054925025,-0.30952412,-0.09541023
367,-0.12176921,-0.13527595,-0.1558944,0.43690225,1.9081938,1.4772769,0.7681257,1.7464635,2.353669,1.6558745,1.260333,1.2079283,-0.33337575,-0.30529994,-0.10427598,-0.71079993,-0.44972414,-0.5279565,-0.25255108,-0.9009559,-0.18401647,-0.69459736,-0.46813044,-0.9146738,1.1738703,0.15067825,0.044112086,1.1919305,-0.11836669,0.7463398,0.21911138,-0.027805865,0.8241789,1.4152193,0.809625,0.60883796,-0.071784765,0.113155395,-0.19905597,-0.048678488
368,0.09285188,0.23989491,0.09476,-0.019872189,0.13618875,0.1509018,0.0013026372,0.10468948,-0.0030411482,-0.03705877,-0.08111355,-0.077867925,0.42378235,0.087350845,0.0447672,-0.1339783,-0.056619406,0.012359649,-0.031351626,-0.016959786,0.14102197,0.45655578,0.035223454,-0.018646836,0.26366484,0.0037902147,0.0071781576,0.12274611,0.2493372,0.15146634,0.15233147,0.06890601,-0.03624165,0.23440923,0.22422184,0.0234465,-0.019102514,0.14412522,0.041469336,-0.036297202
369,-0.29588646,-0.26657635,0.48242894,-0.030348755,-0.10240555,-0.26252174,0.13926773,-0.24126755,0.3325094,-0.15739278,0.20242244,-0.02587878,0.27463138,0.50171214,-0.026609093,0.13390806,0.058372736,-0.2768169,0.33698475,0.31970197,0.2205885,-0.30159163,0.6798908,-0.17689753,1.0281842,0.70231843,0.13286114,0.6234982,0.49961984,-0.06670406,-0.25498942,0.22486319,0.38636154,1.322047,0.54118264,0.4957037,-0.0768307,-0.16487609,0.2179961,0.1636973
370,-0.11519733,0.27222595,0.24068053,-0.66763765,-0.10162779,-0.3842083,-0.5011174,-0.0061067343,-0.04263556,-0.267311,0.023710303,-0.101649836,-0.45017666,-0.023774862,-0.22259621,-0.17008479,0.22188371,-0.16257739,0.12422708,-0.10330424,0.18341282,0.25127685,0.47626913,0.6978066,0.68589365,-0.0063655674,0.37104547,0.39419943,0.27128333,-0.27359122,-0.39044747,-0.14324111,-0.4252921,0.37800127,-0.12528974,-0.2863744,0.072852135,0.22065835,-0.37010387,0.14080623
371,0.30409777,0.17685506,0.18608496,-0.40490872,-0.38071722,-0.1529638,0.92687845,0.38868043,0.22599849,0.08456953,0.8359353,0.014318496,-0.6446582,-0.14479485,0.12679453,-0.14938061,-0.1350022,0.32680792,-0.05885786,-0.46459317,-0.2953195,-0.49571338,0.21830451,-0.29134315,-0.3572805,-0.059294254,-0.09675951,-0.5563414,-0.34956294,0.64733076,-0.05861044,-0.74046457,-0.76330423,-0.38667965,0.062786326,-0.25950575,-0.59963655,-0.09553467,-0.078226924,0.1886679
372,0.14742136,0.075979725,-0.032563806,-0.03552109,0.3632121,0.12604687,0.032373145,0.024620533,0.33620048,0.34606093,0.19417027,0.14644837,-0.0015919209,-0.08547839,-0.09601271,-0.13866293,-0.09158778,-0.07633424,-0.09485716,-0.10223079,-0.19337761,-0.150672,-0.049264133,0.03452605,-0.025901556,0.043202758,0.08518508,0.076969326,-0.18435407,-0.12664792,0.05754161,0.013309836,-0.2687881,-0.08385733,-0.00344041,-0.02031082,-0.0032590926,0.19916242,0.08338565,0.0026931763
373,0.09491166,-0.2522242,0.23311064,-0.47918725,0.20696062,0.10309824,0.16639802,0.39475963,-0.26517308,0.16208693,-0.12619713,-0.24776527,0.3763166,0.49868602,-0.0870027,0.5558596,0.119501054,-0.23455487,-0.20952852,-0.14877558,-0.14994133,0.16591698,-0.062709846,-0.70662093,0.52708066,1.2129375,0.48740268,-0.24024096,-0.15888894,-0.17896071,-0.09534086,0.22931135,-0.25764197,0.1911607,-1.0086559,0.3281834,0.60063636,0.10632202,-0.011464581,-0.35085365
374,0.45429444,0.11943416,-0.25733224,0.22800282,-0.08390978,0.04970911,-0.1352961,-0.44638288,-0.17463589,0.02409929,-0.056758046,0.119288206,-0.17049968,-0.3283704,-0.31039733,-0.3238457,-0.09491831,-0.29689544,0.27068764,-0.1526097,0.10404706,-0.81967616,0.044982314,-0.47593552,-0.024954557,0.04671067,-0.07952083,0.22980149,0.12485701,-0.012940288,0.106538296,-0.30523416,-0.111198425,0.13499242,0.13547659,0.2517979,-0.13626778,0.31324992,0.17652719,-0.14619935
375,-0.60292256,-0.039188802,-0.16893914,-0.04962343,-0.22684366,0.34667933,0.14012307,-0.1534855,-0.10298687,-0.68751633,0.44449222,-0.41907823,-0.23502588,0.4929042,1.6193451,2.1849194,0.3933893,0.34496686,0.28326768,0.92522526,0.3938144,0.3190762,1.8813345,1.7399406,-0.034030125,-0.5882996,0.0013946891,0.14025745,-0.06433607,0.25578958,-0.3494087,-0.5907779,-0.3944227,-0.0051664114,0.13368005,-0.046538293,-0.064047456,-0.4606989,-0.3724144,-0.5887107
376,0.030320346,0.9192671,0.19540226,0.23109359,0.5306893,-0.08088414,-0.21153623,0.0343346,-0.2880714,-0.0437001,0.24248096,-0.15372425,1.6104646,0.7856364,1.2802842,-0.7552244,3.1241946,0.68448675,1.1187068,0.14131162,1.0249431,1.2667482,1.394665,1.3469334,-0.45422712,-0.6457629,-0.57387704,-0.15316251,0.03238547,-0.56247795,-0.20856315,2.6931434,0.04549223,-0.4615792,0.38084126,-0.26241434,0.9226945,0.26772678,0.16076225,0.11993046
377,0.0006631911,0.12692583,-0.26674876,-0.18684003,0.069839984,-0.42853642,-0.121488854,-0.35510263,-0.4567048,-0.9509712,-1.0012951,-0.065592885,-0.29528922,0.11244786,0.43980587,-0.49896234,-0.1934487,-0.55410105,-0.047483772,0.05174762,0.08163303,-0.5503331,-0.071646765,-0.42452392,-0.192821,-0.50965154,-0.122339025,0.10862747,-0.5427473,0.42283916,0.2680398,0.48004055,-0.22282308,0.17944068,0.12992615,-0.65876937,0.10122499,-0.15163459,-0.29089212,0.17435902
378,0.09202433,-0.19034009,-0.5352297,0.049690366,-0.36838937,-0.17347682,-0.04035294,0.17986128,-0.27980542,-0.6500962,-0.42937532,-0.5127151,-0.8464217,-0.21811795,-0.38826522,-0.31900984,0.50558424,-0.18851142,0.43561673,-0.56161076,-0.9989931,-0.17650706,-0.13708597,-0.38257462,-0.8842571,-0.010023311,-0.3693611,-0.042208314,0.2925203,-0.052452404,-0.25822943,-0.052592218,0.2130568,-0.13154604,-0.70555556,-0.6383525,0.28336424,0.27898192,0.1692824,-0.03379011
379,-0.016003862,0.1492103,-0.12161289,-0.09807384,-0.78949994,0.064269535,-1.0672542,-0.85943353,0.008641392,0.21192983,-0.9961872,0.1096203,-0.0845564,0.36311087,-0.118303776,-0.14146057,-0.415058,0.11127451,-0.25544626,0.13039583,0.025871739,-0.18911788,-0.45784792,-0.575839,0.34429306,0.09392965,-0.16163152,-0.5371509,-1.3012867,0.5898688,1.3293722,-0.22845036,0.32407984,0.06086719,-0.23877299,-0.6189176,-0.50570416,0.32297742,0.073349044,-0.5326287
380,0.17840879,0.16455957,-0.15796857,-0.008575714,0.662544,0.32497087,0.31239447,-0.28708595,0.6257211,0.52664244,0.30052137,-0.44165018,0.098679245,0.01916632,-0.15532899,-0.35301656,-0.19070742,0.52717966,0.2884938,-0.10555798,-0.2895726,0.3055194,1.1502181,-0.027769268,0.40321884,-0.5656941,-0.98350304,-0.14038637,0.093756914,-0.629052,0.18964864,-0.32341757,-0.31721175,-0.344463,-0.24954504,-0.12004881,-0.12160442,0.5025786,0.2085855,-0.41609156
381,0.22722822,-0.6500427,-0.17834298,-0.047747612,-0.23822129,-0.30266392,-0.039580315,0.0889287,-0.22444381,-0.2555826,-0.12963124,0.17630017,-0.007868528,-0.21780932,-0.1618303,-0.22165906,0.09719682,-0.4652816,-0.12423456,-0.10147411,-0.13282949,-0.3700261,0.07945666,-0.06968753,0.20876515,-0.5556891,-0.04928565,-0.10275,0.74817884,0.3623979,-0.4053719,0.1696682,0.44804627,0.04892157,0.762617,0.3949678,0.51361585,0.05442995,-0.047424316,0.173214
382,-0.19599646,0.6265636,-0.21512064,0.13089788,0.5722575,0.40318772,-0.10742199,0.19393623,0.84469044,0.73222756,0.2742074,-0.017834604,-0.29563248,0.18104783,-0.24755692,0.1681521,0.065196514,-0.2801922,-0.0338199,-0.14000797,-0.2879307,-0.13020918,0.3220823,0.014226675,-0.119454026,-0.48035985,0.34239998,0.19797468,-0.39016485,0.18432999,-0.052314326,-0.09182119,0.4667065,0.43491232,0.61962056,-0.085223794,-0.044532478,0.15874767,0.50961167,-0.14881542
383,-0.01878941,-0.12578419,-0.048642933,0.013844669,-0.11212395,-0.19680089,0.11158268,-0.07336724,0.34620488,-0.40849778,0.21326742,0.44390208,0.36919937,-0.26258135,0.19574487,-0.06545818,0.9226253,0.21896347,0.17149477,-0.27848116,1.3449525,0.29700875,0.3523621,-0.016122848,-0.40428078,-0.28133148,0.38332728,0.28388166,0.55924714,0.24983348,0.0904026,0.12533045,0.21102542,0.021340907,-0.40133405,0.15886322,0.24824733,0.0033527315,0.31103095,0.09924185
384,0.10603353,-0.18165378,0.32267475,-0.41921788,0.3914032,1.3872647,1.4416803,0.037843585,-0.053878456,-0.38766056,0.17370561,-0.12525594,-0.19802707,-0.7258884,-0.21810943,-0.6116286,-0.44477487,0.25489002,0.43910167,-0.29305112,-0.40792912,0.024441183,-0.52057433,0.26229167,-0.24147809,-0.820719,-0.3447975,-0.8035836,1.131057,1.0077238,0.57041764,1.3934653,0.14684036,-0.69210184,-0.8213237,-0.17935199,0.23657519,-0.27354395,0.0799309,0.33895308
385,0.05233729,-0.07301066,-0.11528993,-0.01633048,-0.080774665,-0.36959225,-0.1603428,-0.006354451,-0.12842226,-0.077821985,-0.27557608,0.037050545,-0.24534512,-0.07314408,0.1784122,-0.13038635,0.009661555,-0.054968804,-0.027851224,0.028476954,-0.30219042,-0.331949,0.010360956,0.06216365,-0.15430617,-0.3292223,-0.20446432,-0.16131431,0.07985246,-0.03861189,0.12734145,0.03736806,-0.07356393,-0.1401838,-0.08678752,-0.19709384,-0.23860103,0.117539525,0.11072937,-0.06149423
386,0.8522099,0.48483485,0.46579364,0.7463833,0.2394433,-0.08702269,0.65106815,-0.044712007,0.49565673,-0.5820472,0.35383344,-0.24992514,2.0747552,0.9959725,1.4609115,1.8555796,-0.27286386,-0.23847476,-0.22927868,-0.41741288,0.10111433,0.07139748,-0.14104518,-0.12191847,3.3404877,2.2975776,0.5373219,0.6587535,0.32547426,0.2494862,-0.24836312,0.21289825,1.1360089,1.3688947,0.33169162,0.4378274,-0.48517805,-0.03650807,-0.045606613,1.1179667
387,-0.076675355,-0.06650519,-0.86665606,-0.06633943,-0.5003065,-0.21365845,0.050985098,0.25368026,-0.1317246,0.10950446,0.09119164,-0.27023625,1.2460178,-0.07121761,0.121935844,0.26745453,-0.0054879785,0.0051362514,-0.11908758,-0.36641616,0.53940594,0.3714459,1.2717919,-0.24479306,-0.26460105,0.15745762,0.3562729,-0.14767984,1.5429559,1.9569709,1.0822647,1.2945254,2.2618437,1.7043257,2.1228623,0.96211934,-0.65091085,0.33554763,0.3520857,0.22547472
388,-0.08793214,0.39177388,-0.09669998,0.12289798,-0.5091767,-0.089931495,0.39895964,0.029536724,0.227862,-0.20778805,-0.22824478,-0.36502147,-0.13531286,0.03413993,0.1294826,0.04754445,0.3219376,-0.05641526,-0.15398265,-0.4192044,0.0033325106,0.56253076,0.268024,0.163625,0.43365175,-0.08321771,0.6179367,-0.15379989,-0.4143682,-0.27914995,0.38037512,0.09831187,-0.0034493208,-0.22863495,0.6899406,-0.0861702,0.18088406,0.14898956,0.08888912,-0.00841701
389,0.17865106,-1.3152521,0.089449644,0.07693192,-0.4266935,-0.41303214,-0.5005553,-0.2101216,-0.20628138,0.10568632,-0.43502724,0.07188374,-0.24871123,0.14503583,0.2577951,-0.69702995,0.13791792,-0.058805004,0.5529362,0.007177435,0.023789886,-0.017270744,0.6804375,-0.0818704,0.13995561,-0.30557302,-0.71369076,-1.5152339,0.09343156,0.2610545,-0.19724125,0.11520028,-0.47887373,-0.05791062,0.463085,0.17754477,-0.19603038,-0.17966852,0.07924822,-0.07736257
390,0.18647352,0.039754838,0.1091111,-0.45677048,0.07723662,0.08818422,-0.23112118,-0.2536859,0.071620345,-0.43194374,0.061508417,-0.49296176,0.20390773,-0.9870206,-0.2157259,-0.601305,3.1942527,1.266655,2.242716,0.9580834,1.6020801,2.5596788,1.9858017,0.7116941,-0.7155856,-0.06868321,-0.18779784,-0.10340208,-0.5577587,-0.025293767,0.0042996407,0.3469293,0.8225145,0.41145897,0.0125106275,-0.0008522272,-0.19073206,-0.50186366,0.17841303,-0.26567394
391,0.16700584,0.04404235,0.12292212,-0.6883506,-0.10981226,-0.19969362,0.00030881166,-0.025678754,-0.1436075,-0.09497376,0.10097343,-0.1341278,-0.14606017,0.046251655,-0.15663934,-0.3584885,1.3586975,2.2219183,1.8776278,2.2681231,1.0232184,1.8636134,2.2877285,2.3643193,0.85084945,1.1860101,0.70753497,0.7214792,0.023109138,0.56315154,0.44740307,0.57425255,0.26624846,0.27515465,-0.17878139,0.44509694,0.086972654,-0.09261823,-0.53010345,0.39314604
392,0.07227528,-0.13724212,-0.26041,-0.18000439,0.071808636,0.37912464,0.033516824,0.21708351,-0.37487093,0.07680499,0.007875681,0.14292201,0.2076115,-0.04871431,0.48132238,0.6629548,-0.61443216,-0.2521243,-0.1909303,0.13687992,0.65998656,-0.51522666,-0.7957525,-0.37332278,-0.4411698,0.31896114,0.05346036,0.5076829,0.26897934,0.051064998,-0.22705024,-0.12548286,-0.031970173,-0.45242763,-0.32334512,-1.0150009,-0.29269242,-0.30818468,0.8252752,0.07351163
393,-0.3085767,-0.5589652,0.39549947,-0.31738532,-0.5089922,0.46572337,0.16038698,0.68651015,0.34338152,0.18510807,-0.045277536,1.4466381,-0.47814876,0.5865808,0.37838262,-0.25048748,-0.6981522,-0.52220076,0.011455476,-0.27223396,-0.27558482,-0.75497025,-0.10470685,-0.66913754,0.940985,-0.053908348,-0.31797042,0.6085482,1.6344641,1.0824895,0.3179649,-0.02603543,1.0838225,1.3336099,1.5981272,1.251554,-0.34662864,0.52288324,0.14601174,-0.13859582
394,0.04881624,-0.26206905,0.4554781,-0.10244465,-0.24904919,0.08389169,-0.56325275,0.5790473,-0.26731455,-0.5882765,0.10332793,-0.1539726,0.12923312,0.16591632,0.13302505,-0.5145752,-0.30122602,-0.7383958,-0.48865002,-0.41253775,0.2429828,-0.5301504,-0.45599896,-0.48183686,0.32270795,1.5036336,0.2450254,0.54324734,-0.296476,0.14433022,-0.32369673,-0.07127184,0.25471157,1.2140107,0.012668427,-0.27472234,-1.1165392,-0.6271732,0.72835803,-0.14081012
395,0.04767728,-0.0021455288,-0.08892876,0.271191,0.10796316,0.32401702,0.11041667,-0.06045562,0.21874821,0.3085142,0.27833915,0.24538344,0.04888447,0.25422448,-0.049825117,-0.0839957,0.121129036,-0.2795603,-0.13265155,-0.052711964,-0.29286674,-0.053783134,-0.24658233,-0.12522537,3.158085,1.0636628,1.2853601,0.61433566,-0.2499106,-0.1549744,0.019900143,-0.2252025,0.08821654,0.49408624,0.5722095,0.33949578,0.2000308,-0.22381437,0.0926128,-0.022339106
396,-0.23219001,-0.24998471,-0.30704257,-0.01686357,0.76014256,0.43534583,0.39104444,0.46645427,0.3431937,0.35665062,0.45998597,0.4802657,0.13340032,0.44598323,-0.08114326,0.2888872,-0.27171743,0.050627083,-0.25856793,-0.36935747,-0.06685257,-0.6393184,-0.56805,-1.4525634,-0.097501636,0.12988678,-0.07473326,-0.0335294,0.0615834,0.8462542,0.026367031,-0.40248048,-0.10320711,-0.02008155,-0.26674712,0.07526803,-0.17637965,-0.024477065,0.36933187,-0.17890412
397,-0.0017848015,0.15263483,-0.14274304,0.21957505,0.00564909,0.27794564,0.8069709,-0.23470005,0.06494671,0.217107,0.6248723,0.30677974,-0.1471498,-0.22814146,0.093412794,-0.20679626,0.12599206,0.16910963,0.25840816,0.4329056,-0.010283947,-0.13510665,-0.009131551,0.13371396,-0.048032284,-0.24485779,-0.1295169,-0.07911897,-0.12665486,-0.06822935,0.36289635,-0.05268521,-0.12429947,-0.12529907,-0.16565119,-0.022044957,-0.12292135,0.29977486,0.39447224,0.54075277
398,-0.3961354,-0.14677209,0.25378585,-0.10899997,0.31383318,-0.051435508,-0.004595399,-0.45443374,0.14671606,0.16659793,0.16635072,-0.70790744,-0.09700549,-0.115310654,0.5350749,0.010560423,-0.37619656,-0.08390713,-0.021747649,-1.1500472,-0.30985308,0.3163237,-0.7256454,0.48040766,0.39121866,-0.37133077,-0.3219455,0.37970477,-0.4339577,-0.88884336,0.52383775,-0.18677711,0.30267382,0.11971468,0.3292914,0.4547664,0.14545554,-0.045322537,0.17411911,-0.4421373
399,-0.4275338,-0.16561517,0.20907065,0.13406014,0.22113949,-0.14998358,0.5042316,-0.088564396,0.190126,-0.23084043,0.14908502,-0.03376746,-0.08516109,-0.04342401,0.23701993,-0.013365924,-0.2934097,-0.061439067,-0.31854355,0.18861008,0.014971614,-0.17441201,-0.051613316,-0.06806362,0.33069992,0.30801067,-0.16425483,-0.3814113,-0.036276102,0.068488255,0.49572638,0.4658414,-0.23408842,-0.03731087,-0.102544755,0.0237149,0.20394635,-0.10099721,-0.031711906,-0.04345244
400,-0.026061237,-0.3016963,0.26777557,0.08675486,2.5425348,-0.31672806,0.5909978,0.004459381,1.4449775,-0.36009288,-0.07464993,-0.0152106285,0.052576542,0.006276846,-0.3273009,-0.23893267,-0.22943836,0.7093933,-0.06014219,0.16770935,0.18742086,0.32906032,-0.17889047,0.012635171,-0.619865,0.012366936,-0.04842776,0.043426096,-0.21571265,-0.2416204,-0.42733097,-0.17600513,-0.40034866,-0.13676651,0.3522491,-0.2640434,0.08241463,-0.3871271,-0.09303546,0.1191867
401,0.7335024,1.2921062,0.33948773,0.2610575,0.2705037,-0.17188752,-0.25414872,0.20203026,0.88089395,0.074668765,0.52183425,0.1304089,1.4566209,0.16896248,0.76421785,0.8699799,1.0012754,0.012191296,-0.2536999,0.031767488,1.3324355,1.6044333,1.3370355,0.8002696,-0.2563975,-0.13671744,-0.37468487,0.091070116,0.020194888,-0.23225093,0.21867414,0.14226943,-0.20342126,-0.6192732,0.040997267,0.26024118,0.24952096,0.07913184,0.057117105,0.072977334
402,0.034696937,0.028902054,-0.16252357,0.04948476,0.507604,-0.20064135,-0.012855142,-0.04799521,-0.1364595,-0.35194257,0.025402695,0.065318525,0.008593321,-0.13438284,0.07578397,0.03016591,0.34493136,0.29860094,0.026319087,0.116386,-0.34765053,0.18118502,0.18628004,0.15753642,-1.1149457,-0.23193476,0.044083297,-0.06502786,0.6700286,-0.02786696,-0.092109084,0.24036032,0.07831022,0.1414715,0.15123075,0.006755829,0.11063716,-0.067266345,-0.14207973,-0.034583688
403,0.072469264,0.018888708,0.14164554,-0.32599065,-0.040415853,-0.29111582,-0.14690083,-0.044276774,-0.20933509,0.27460665,-0.21074806,-0.38726336,-0.09883943,-0.1307747,0.24634975,-0.16722414,0.11269224,-0.7227677,-0.03619215,-0.021593273,-0.6622935,0.13469833,0.18478215,-0.31735724,-0.42108452,-0.11415094,0.013100773,0.33898115,-0.15631342,0.13539267,-0.91814685,0.047886312,-0.17145117,0.1433805,-0.4050399,-0.03769821,-0.08523342,-0.22218117,0.45064795,-0.28692192
404,0.13094509,-0.40678477,-0.25443602,-0.072803706,-0.28809687,-0.3147099,-0.11428213,-0.07149321,0.23562428,-0.76465946,-0.42404902,0.03591132,-0.10599133,-0.32338396,-0.5553456,-0.24185818,-0.41688967,0.43018925,-0.20259035,-0.56267565,-0.077762194,-0.35576314,0.37134522,0.2483061,-0.07007669,0.7358322,0.2203728,0.19312418,0.021152586,-0.055437207,-0.14770782,0.8682031,0.43576044,0.21554336,0.0326339,-0.13884777,0.17710704,0.028790772,0.009411597,0.3028369
405,0.02922517,0.099648476,0.037095003,-0.15614045,0.11789966,0.19122612,1.1511699,0.31036246,-0.2715547,0.023106575,-0.6546234,0.24586695,0.53938156,-0.014482662,-0.22272499,0.39525098,0.98668176,-0.9495236,-0.54743075,-0.14260381,0.7892007,0.31260762,0.6348064,0.35470212,-0.37543115,-0.22301567,0.24082774,0.17475021,-0.6692396,-0.1795669,0.05126278,-0.2585215,-0.734999,0.2096951,-0.15839309,0.110145986,0.112169504,-0.01767052,0.5431177,0.096038654
406,-0.08061804,0.121670306,-0.13973156,-0.7419648,0.6350696,-0.03992185,0.13005742,-0.08504325,-0.090278916,0.21082565,0.07309818,0.09023833,-0.4230444,-0.5876381,0.11369318,-0.22928756,1.7836614,1.8801162,1.7657825,1.7011478,-0.019782782,1.4610536,1.6705158,1.0377666,-0.3755647,-0.12126076,-0.14655447,-0.26995942,-0.16699791,0.049735606,0.16179788,0.10615903,-0.056710392,-0.07392329,-0.24665985,0.008181334,-0.19015527,-0.15210658,-0.75617695,-0.1941204
407,-0.36575383,-0.21108979,-0.41071156,-0.13898343,-0.00985384,0.14112353,-0.20458324,0.21344382,-0.19885647,-0.19563654,0.39348108,0.25138867,-0.09174621,-0.32191,0.16853467,-0.93631005,-0.22462577,-0.13348153,0.5185137,-0.26832294,-0.029707372,0.7371466,-0.07814859,-0.33747387,0.30722558,0.07975781,-0.26978433,-0.08205104,0.56419456,0.5034348,0.2516609,0.40832067,0.37434673,-0.2764566,0.21793193,0.5969666,-0.08702904,0.12705812,-0.17595375,0.8681295
408,-0.005907178,1.0977335,0.6538704,1.5271403,-0.31103444,-0.80893713,-0.3794309,-0.09008664,0.08731997,0.1039961,0.83934647,-0.4484238,-0.21038723,0.20583075,-0.28693724,0.7426721,-0.20033073,0.09939067,-0.21833163,-0.93249637,0.0066028237,-0.33297583,-0.48612487,0.57072437,0.21022213,0.14063162,-1.0218244,-0.32520252,0.029574633,0.196778,-0.80505645,-0.22159484,0.006473124,0.053082973,0.40592778,-0.47596288,0.22435576,-0.33703882,0.44847336,0.108714655
409,-0.1456413,0.43738276,-0.004253626,0.44254276,0.34564734,0.41032004,0.22299439,0.812996,0.47614408,0.8108834,0.17391497,-0.24476178,-0.05639726,-0.2339102,0.08863461,0.00523901,0.32165328,0.11884543,-0.19812614,-0.07193333,-0.64986825,0.2958938,0.48187315,0.105439484,0.60990703,-0.5989132,-0.010211319,0.5498656,-0.04902196,-0.095359564,0.14305633,0.13312644,0.29560933,-0.04355623,-0.09536505,0.12824064,-0.10510583,-0.5162162,-0.004364848,0.50259376
410,-0.17309508,-0.65325606,-0.11541206,0.14951554,0.6734241,-0.1371684,0.16236475,-0.006676197,0.54064095,-0.025898397,0.3605635,-0.047521472,0.09165767,-0.5501144,-0.17673746,-0.64005536,0.2762324,0.2801767,-1.1158646,-0.44962806,0.40040353,0.302981,0.23306322,-0.011397421,-0.051665187,-0.50666374,-0.12600335,-0.7979805,0.08734536,0.3418125,-0.14097625,-0.41933638,-0.35072017,-0.4487085,-0.3635794,-0.21345818,-0.2575258,-0.05496903,-0.47501504,-0.122110605
411,-0.036258876,0.22397858,-0.5411852,0.38320592,-0.06004542,-0.031412184,0.74347603,-0.47543526,0.10387343,-0.07639897,0.638349,0.11762959,-0.2083965,-0.3201434,0.30997002,0.08866623,-0.49873865,0.0017265677,-0.4890176,-0.11998513,-0.2225945,-0.21034329,-0.46843645,-0.5870545,0.2044884,0.38829702,0.5418714,0.12873411,-0.48307168,-0.28694618,-0.5213908,0.1332328,-0.13322133,0.21306658,0.2570692,0.08575192,-0.29727098,0.73468196,-0.12293625,-0.1584965
412,-0.16785479,0.19563256,-0.24705085,-0.19312117,-0.31475258,-0.30189586,-0.2515002,-0.13712442,-0.16235292,0.43923524,0.2189545,-0.19397378,-0.033432648,0.91963536,0.10418243,-0.47411838,0.05848652,0.5540384,0.031820416,0.0134984255,-0.011002898,0.002054572,0.039759055,-0.12742102,-0.82090604,-0.14625734,0.014971495,0.17511737,0.22299576,-0.07897633,0.0699704,0.022289515,-0.65845066,-0.20258218,0.283984,-0.013110727,-0.077265695,-0.10669461,-0.1206063,0.1343497
413,0.034050137,-0.5036417,-0.12113932,0.05093977,-0.059640348,-0.050438643,-0.24000597,0.051253855,-0.011909574,0.07618425,-0.040057614,0.105555594,-0.083426565,0.05478268,-0.09831685,0.013206899,-0.050219983,0.068448305,0.034611255,-0.31122714,-0.016019762,-0.020963304,-0.036046162,6.569285,0.017695874,0.259394,0.16048418,0.090563744,-0.010752371,0.31656602,-0.13501588,0.028156817,0.08166934,-0.06744551,3.2414756,0.22180474,-0.08030517,-0.19668898,0.09547788,0.10269201
414,-0.24711823,-0.10007131,-0.046654224,0.06890482,0.031551242,-0.4824233,-0.24151614,0.10886675,-0.09203166,0.09919536,0.0074154735,0.13037539,0.14424789,0.27655435,0.2079098,0.2395438,-0.65375316,0.28400517,-0.14093927,-0.024662554,-0.34257758,0.03333194,-0.16427532,-0.109959245,-0.15177166,-0.44844466,-0.2817956,0.047167003,-0.010872722,0.4030252,-0.23103762,-0.17048848,0.015874684,0.09601399,-0.124061435,-0.047226608,0.69570464,0.13794038,-0.027316868,-0.14299196
415,-0.38603655,0.5820518,0.0009277463,-0.2038166,0.38489288,-0.21016294,-0.2674816,-0.014007449,0.29109657,-0.16908163,-0.17935902,0.2234227,-0.26231754,0.17881042,-0.2854071,-0.284076,0.5181576,0.25482965,-0.008479297,-0.3648003,0.5701182,0.087681666,-0.18314879,-0.22048965,0.0060125887,-0.39946592,0.1343075,0.43735826,-0.18236405,-0.17976542,-0.09520608,-0.23438552,0.29088014,-0.25014985,0.18289018,-0.44319433,0.87657785,-0.036043145,-0.0032951236,-0.41609213
416,-0.00564757,0.038100034,0.013562709,-0.0031358302,0.3238019,0.36944324,-0.062607616,0.21380097,0.49267238,0.41090304,0.7195924,0.22264844,0.2663824,0.68547004,0.14215237,-0.102894604,-0.09872246,-0.24689925,-0.3220895,-0.25222504,-0.16789931,0.14130312,0.70810664,-0.0037535727,-0.41315028,-0.04070787,0.13691643,-0.023141652,0.026942268,0.41834506,0.31023028,-0.022446096,0.91095275,0.2816923,-0.11697665,0.09507942,-0.2261385,-0.08775526,0.33931988,-0.28512043
417,0.3790288,0.39834756,0.07677168,0.16031563,0.6630288,-0.14998958,0.23137772,0.14532286,-0.37392974,-0.24496663,-0.26574284,0.048832297,0.086981505,0.15999505,0.35199133,-0.19382012,0.11596787,-0.17726633,-0.349297,-0.1085462,0.035349756,-0.3314653,-0.037830383,-0.14713486,0.35370374,-0.11541128,0.042091727,0.09189701,0.08264798,-0.092008114,0.0048809648,0.22073919,0.32049727,0.44827482,0.30286798,-0.0107444525,0.77163553,-0.23006067,-0.11163145,0.23300338
418,0.06250751,0.015378967,0.27261013,0.5710563,-0.25256228,-0.23166564,0.07762653,0.2642122,-0.4975381,0.06086448,0.049713343,0.15088886,0.7608577,0.45687833,0.27766952,0.23738223,-0.27814132,0.0064466298,-0.21862158,0.03402728,0.026156068,-0.016763128,-0.08883998,0.14739627,0.0009471178,0.09042421,0.22960028,-0.03120029,0.49257684,-0.33572897,-0.039138615,-0.35301143,0.23430884,-0.123174086,-0.05098331,0.075119436,0.1193074,-0.26836064,0.06082672,-0.14677674
419,-0.10760528,0.024970993,0.34050137,-0.10020608,0.13872442,-0.2802912,-0.2544847,-0.10958612,-0.5607075,-0.14211738,-0.37293965,0.050216794,-0.020690471,-0.025163062,-0.012754768,-1.1933204,0.13526504,-0.43675223,-0.6199696,0.066577196,-0.3852268,0.13185973,-0.030563153,0.12225771,-0.47341692,-0.35843843,0.15515584,-0.0075339675,0.15269548,0.27524176,-0.1635164,0.5119884,0.058558106,-0.029381543,-0.14342043,-0.28975177,0.4117768,-0.09940475,-0.2222403,0.19544834
420,0.85052216,-0.165128,0.03062737,-0.12123841,0.14767683,-0.07345851,0.5436638,0.26341516,-0.099623024,-0.41704324,-0.04008676,0.34128764,0.0021980107,-0.050139785,-0.012858197,-0.22370535,-0.27529028,0.49663025,-0.22620028,-0.17798716,-0.106807746,0.03287381,-0.1438602,-0.307719,0.15572703,0.41504514,-0.19618565,-0.058543384,0.1102215,-1.1449556,-0.627301,-0.16066313,0.99159646,0.088067114,-0.1988852,-0.42438376,-0.19314694,0.11672717,0.3307053,-0.4151764
421,-0.14831734,0.040236395,0.021712095,-0.6015223,-0.072152376,-0.3108409,0.4051779,0.09679713,0.09818202,0.029877067,0.3068878,0.3048494,-0.14038992,-0.5823898,-0.40270627,-0.75955904,-0.02696085,-0.7302716,-0.097117454,-0.23620535,-0.18990862,-0.46670225,-0.47203895,-0.3819955,-0.2779801,-0.26071456,-0.3918767,-0.34990478,-0.677143,0.064705655,-0.017249316,-0.36806476,-0.15602309,-0.24136105,-0.5128465,-0.78616667,1.067147,1.344845,0.65384084,-0.20265287
422,0.44333103,0.5262376,0.064721406,0.32446238,3.206736,1.3254161,1.3775802,0.022979248,0.6392609,1.5439306,0.62520754,0.36573648,-0.044751883,0.24103747,-0.3157444,-0.1701907,-0.49329418,0.43343624,0.31864572,-0.030765444,-0.2095173,0.5525899,-0.12608792,-0.7543914,-0.7612046,-0.39933497,0.8619321,-0.308082,-0.11424966,-0.11219969,-0.26234984,-0.20717996,-0.07710168,-0.3965822,0.115164846,-0.3829129,0.32450593,-0.5044828,0.10667661,0.33426303
423,0.12656772,0.2063111,0.43646124,0.22266401,-0.1579937,0.59848994,0.17438516,-0.034470797,-0.9917191,-0.4680214,-0.13834172,0.33303624,-0.28811678,0.53589237,0.06293589,0.17376566,0.35204294,0.4893169,-0.32733732,0.020776331,0.12677228,-0.061848402,0.21075489,-0.19056553,0.085946664,0.37531137,0.30611244,-0.021031618,0.20311761,-0.081593424,0.026201785,-0.23807767,0.10114309,-0.40902787,0.0916339,-0.25393528,0.14741242,-0.06942868,-0.04383354,0.046195507
424,-0.07258546,-0.039667755,-0.07977241,0.010762654,0.30626023,0.0006465912,-0.04061064,-0.059456468,-0.51180065,-0.019124448,-0.10413134,0.07135141,-0.0998314,-0.30873838,-0.046464622,-0.044852436,3.2470572,1.4995617,0.5327188,0.22372411,1.1095626,1.0496231,0.37607902,0.33892712,-0.4386487,-0.1712462,0.036396623,-0.0856455,-0.010310531,-0.05184877,-0.028841317,0.006708801,-0.18822151,-0.04968241,-0.037537932,-0.09597838,-0.056861013,-0.18285659,-0.06467453,-0.005865574
425,-0.34321713,-0.06862903,0.080435514,0.024715453,0.78432196,-0.31755498,-0.043326467,-0.04884076,0.77860165,0.18716626,-0.094099104,0.117694736,0.42901555,-0.05189705,-0.11663404,0.046553075,-0.2900581,0.07976991,-0.3221805,-0.14878379,1.0926819,0.68913245,0.3021542,0.3782516,-0.062405705,0.028092593,-0.10458784,-0.038766205,-0.012407184,0.33376068,0.12323004,0.18193239,-0.43964577,-0.20436743,0.35829943,0.037307084,-0.11602683,0.11832133,0.066167116,-0.052906454
426,-0.36635345,-0.013728976,-0.33829474,-0.38169193,0.082176745,-0.6136542,-0.39807534,-0.10668069,-0.058653027,-0.10992,-0.4523724,0.034852266,-0.129016,-0.69606525,0.21378152,0.41079667,-0.097055584,0.98617387,0.012296237,-0.23348093,0.30344594,-0.3560977,-0.16351777,-0.16251671,-0.022622585,-0.12990302,0.033597767,-0.10603392,0.16799161,0.055887517,-0.13341516,-0.71774864,0.21279886,0.05830428,0.11430445,-0.5354037,0.6576263,0.27661777,0.02085787,0.05535859
427,-0.3526126,-0.29646543,0.39471215,1.1358925,-1.2291327,-0.17345545,-0.24439465,-0.29115933,-0.06273854,0.617578,0.04582131,0.07933289,-0.68300074,-0.2673923,-0.049352475,-0.45683664,-1.0961057,-0.20028202,-0.21825638,-0.1259898,0.26084122,-0.04318291,-0.28398156,-0.66113096,-0.16522366,0.0831843,0.333009,-0.2175011,0.30707356,0.08124608,-0.021564662,-1.0981663,1.3720524,1.0132679,1.6420088,0.5125941,-0.3198706,-0.032841563,-0.23390904,0.11643374
428,0.0040682405,1.1856645,-0.31956935,-0.2760712,1.2603054,-0.37695342,0.6535628,0.2907659,0.11168355,0.3163535,-0.8525105,0.6518368,-0.6342697,0.8080607,-0.29641438,-0.2493428,0.7534509,0.7871305,-0.41820574,-0.31894445,0.13979858,-1.4686792,-0.57140917,-0.33501926,0.23386757,-1.2297469,-0.053185128,-0.13943577,-0.7758849,-0.93452597,-0.14966,-0.48865283,-0.7852754,-0.22579631,-0.49577183,-0.42724836,-0.10063359,0.32643163,0.08559343,-0.48782197
429,-0.075419545,-0.38494503,-0.3274933,-0.027269363,-0.36461693,-0.27749515,-0.074448705,-0.016884625,-0.36281765,-0.10364258,-0.6736956,0.07633263,-0.4406746,-0.2471413,-0.77007115,-0.76747763,0.08856776,-0.080828846,-0.3713468,-0.54997784,0.26081276,-0.0702934,-0.00912156,-0.017911315,0.17963272,0.4995278,0.36539158,0.20123285,-0.31702894,0.6767583,-0.2069493,0.44592065,2.098228,-0.2647343,0.028172016,-0.5804069,0.14275706,0.28208077,-0.35428518,-0.18337625
430,-0.2299431,0.33708692,0.19129884,0.21073163,0.22859871,-0.10710317,-0.24781856,-0.10513012,0.21037635,-0.19972676,-0.38283366,0.15615195,0.0018220544,0.6047433,-0.15515488,0.14299269,-0.14288598,-0.10634607,-0.044399142,0.11211133,-0.06725335,-0.4848738,1.3385879,-0.39781487,-0.18777394,-0.30677974,-0.5338057,-0.4667097,-0.056090295,-0.08524981,-0.14725214,-0.14220044,0.3698279,-0.030891225,0.14980602,0.12306553,0.06862154,0.598984,0.10162789,-0.11443336
431,-0.21254408,-0.26415718,-0.34220585,0.05230242,0.063566424,-0.25806716,-0.48244673,0.08504882,-0.086640954,0.49853736,0.58942086,0.29956597,0.16207303,0.12392545,-0.27076396,0.06880987,-0.18005449,0.4161008,-0.3257859,-0.49524954,-0.439247,0.5704682,0.70736337,0.6910032,0.17618155,0.31481737,-0.35500517,0.1804524,-0.1737448,0.820262,-0.1200465,-0.20983738,-0.38444614,0.1576665,0.31571427,-0.09065795,-0.21256934,-0.0055799037,-0.40381333,0.0011860724
432,-0.14876413,0.8303888,-0.6648728,-0.15800378,-0.09927726,-0.044964314,0.14185977,-0.10334307,0.08230299,0.44241884,-0.2726394,0.29927456,-0.26821315,-1.6783658,-0.18967777,-0.43755633,-0.13608861,-0.3354872,-0.1208874,-0.70861346,-0.2608031,0.067242175,-0.4200476,-0.5300114,-0.13806185,-0.23632923,-0.10686636,-0.2516666,-0.06906468,0.14181441,-0.20874496,0.09268237,-0.13212353,0.096494436,0.25188226,-0.09858596,-0.43561125,0.19603518,0.084133975,-0.13668132
433,0.43336034,0.43168718,0.059498966,0.09768954,0.12506056,-0.306829,-0.056613028,0.019249141,0.37772447,0.40776742,0.17958784,-0.0113790035,1.0835483,1.0462025,0.22252536,0.12119675,1.0447309,0.22276938,0.15615228,0.027777195,0.66242254,0.6000938,0.107051075,0.08030492,-0.22887993,0.024094608,0.02660811,-0.07542229,0.09050375,0.03146389,0.016126096,0.037011683,0.17899403,-0.010847896,-0.027140498,0.015587509,-0.10128828,0.11994851,0.017787933,0.06605041
434,2.259437,2.8731384,1.9830108,1.4252706,0.0112576485,0.7858555,0.3002164,0.42853785,1.2451589,1.2971218,1.9013704,1.5305294,0.86612403,-0.10933256,0.9190818,0.80384946,2.636149,1.6365569,1.0249852,1.1256721,1.273262,2.7908127,2.3238873,2.3378751,-0.4125294,0.0033999681,0.116552114,-0.33471024,-0.37651044,0.3439458,0.20344041,0.29121947,-0.26878214,-0.4205657,-0.35878658,-0.5392847,1.6758578,0.61820954,0.22826913,0.1748035
435,0.5317772,0.5544847,0.08656037,0.028039515,-0.11443609,-0.4301008,-0.18588898,0.084730625,0.3816392,0.12045932,0.28902555,0.07299566,1.3744737,2.1651444,0.98037314,0.57535404,-0.42969966,0.0011485219,-0.10077199,-0.3150279,1.8327867,0.7589701,0.39874697,0.25681683,-0.06797743,-0.19559023,0.058118552,-0.22116566,-0.47417712,0.19613329,0.5208751,0.07074165,-0.35385156,0.0058969855,0.011608958,-0.2972666,0.17952818,-0.0328058,0.06811923,-0.09359938
436,-0.11837572,0.025477406,0.17376003,0.54003274,-0.037715137,-0.10268211,-0.6433039,-0.22558117,0.12887537,0.2724169,0.28940937,0.6646851,-0.066954315,-0.13146573,0.24457937,0.15079612,0.056506753,0.29353896,0.09689596,-0.48984104,1.4345348,0.14637196,0.16436581,-0.27084586,-1.0156367,-0.51182544,0.23548597,0.0005184412,-0.0676595,-1.5783556,-0.35915184,0.119216196,-0.3377037,-0.22774428,-0.20150533,0.5778953,-0.894148,0.96315837,-0.28613955,0.80466723
437,0.45978975,0.18317378,0.17032772,-0.3771311,-0.24699074,0.7395836,-0.22488472,0.7334248,-0.052423045,-0.15932345,-0.25851882,-0.5590673,0.84499085,0.648463,0.0068470538,0.48005632,0.05787772,-0.030686904,-0.3186373,-0.73220795,0.0807299,0.31703463,-0.021229148,-0.047920495,-0.12374866,0.10844499,-0.66526186,0.043461442,-0.2380724,0.59980357,0.13502845,0.1569566,0.7698338,0.5245067,0.70338726,0.5191252,0.5442958,-0.07935998,0.11157191,0.014401317
438,0.44297838,0.30425262,0.1370259,-0.17690644,-0.19252908,-0.66148686,-0.132074,0.32152855,-0.0019004345,-0.4722085,0.010776341,-0.06795728,0.011286795,-0.052814823,0.2445867,-0.036875725,-0.27246988,-0.6681918,-0.12500554,-0.4210055,-0.4408881,-0.018352643,0.0047970414,-0.049434423,2.5804613,0.9360143,0.7464781,0.30046064,-0.76751333,0.8009647,-0.54664606,-0.13469332,0.82960284,0.12180358,0.6469194,0.22332138,-0.033049375,-0.16527471,-0.20122102,0.25690347
439,-0.32603782,0.21453798,0.07076207,-0.44012874,-0.20433524,-0.46674836,-0.7228666,-0.7625671,-0.2562714,-0.19393152,-0.24064311,-0.35782042,-0.36837518,-0.44160774,0.15357786,-0.44241613,-0.6105231,0.39858985,0.30442774,0.35604864,-0.24451044,-1.15967,-0.7382223,-0.6785947,-0.16328797,0.21718785,-0.3641944,-0.50414574,-0.34891188,-0.23031841,0.42051667,-0.08225429,-0.47760516,-0.67553616,-0.89970493,-0.55576456,0.01441933,0.30776387,-0.4779896,0.12200767
440,-0.17194238,-0.17626846,-0.16899502,0.37089014,-0.23670077,-0.06512788,-0.113965794,-0.57140523,-0.06220533,-0.03435476,-0.17915283,-0.081285864,0.075806245,-0.2313959,-0.7608351,-0.56159014,-0.41617134,-0.16738772,0.26723853,-0.69022954,-0.017823994,-0.0442397,-0.24281423,1.2397308,-0.30756652,-0.62322044,-0.3042419,-0.6041063,0.18664008,0.0078725815,-0.08982074,0.01377444,0.012869358,0.011455834,-0.43418515,-0.36559156,-0.47948122,-0.058086038,0.18206641,0.20413709
441,0.2052635,0.26479006,0.08905971,1.0325685,-0.043661535,-0.14818919,-0.037130773,0.3891491,0.256696,0.3746643,-0.182203,0.22467744,1.1137738,0.71871644,0.54871565,-0.07201064,1.1202953,0.73071015,0.42084992,-0.11056745,0.9494138,0.9495993,1.1072471,0.055199742,-0.7590078,-0.18710461,-1.076852,-0.27584636,0.2295785,-0.16555327,0.2222059,-0.122427076,-0.32240295,-0.2366133,0.08476567,-0.2229619,0.18843386,0.08617908,0.55136615,-0.26636326
442,-1.1597397,-0.035103858,0.20936856,-0.09838152,0.15860055,-0.69752127,0.16584167,0.12566513,-0.13630277,-0.0873346,-0.4459535,0.38282618,-0.07913008,-0.43021005,0.13787812,-0.22146076,1.785999,0.68498135,2.154404,2.6351602,-0.667064,0.31915823,0.16642632,-0.33248368,-0.085977376,-0.16160524,0.26230544,0.097790495,-0.7827282,-0.25005597,0.13907647,-0.4018352,-0.42226577,-0.31986853,-0.081781626,-0.699517,1.7915955,2.0815058,0.048612297,0.33109224
443,0.43964258,0.0027614832,-0.21135691,-0.2036947,-0.014562637,-0.5073856,-0.37105668,0.11289835,-0.06674892,0.12738681,-0.21992365,0.096446395,0.036233366,-0.13014671,-0.47123337,-0.4388983,0.1499124,0.30660927,0.08520284,-0.0058097243,0.03732261,-0.11925614,-0.43164176,-0.33898112,0.57000536,0.7294857,0.1454215,0.47890824,-0.10259947,0.11051303,0.08388114,0.23936051,1.0168265,1.1587532,0.49524033,0.035005838,0.04071915,-0.5174968,0.08246046,0.016071081
444,-0.26826423,0.102578044,-0.11019054,-0.3032561,-0.44578618,-0.5410958,0.032009184,-0.057177544,-0.2731074,-0.20253342,-0.06459153,0.23917896,0.08634114,0.31108508,0.5189548,-0.16789001,-0.90435576,-0.03988111,-0.03686613,-0.35302758,-0.1565308,-0.0054967403,0.39921808,0.21709025,-0.040951252,0.05479455,0.08615643,0.23979819,0.17344314,-0.3401963,0.11995364,-0.517007,-0.5936906,0.10735345,0.03542982,-0.33483315,0.5870507,-0.008702993,-0.21304676,1.1064987
445,-0.084126234,-0.24661767,-0.21208492,-0.7001989,-0.62181795,-0.45682234,0.7226653,-0.7981906,-0.19222951,-0.41783482,-0.18093218,0.06303181,-0.034953788,-0.8050061,-0.22316822,-0.05816126,0.38129658,-0.20924038,-0.21829659,-0.01682732,-0.44281438,-0.21253371,0.32427508,-0.115960106,-0.45363414,0.4010517,-0.17815974,0.20251974,0.51657087,0.11958564,-0.15117076,0.03658536,1.2841873,0.52182,0.38742176,0.65541947,0.10391003,0.5203313,2.2481458,-0.4254713
446,0.4787529,0.66719043,0.1281892,0.65612304,0.36540294,-0.48345065,0.16264266,-0.047627077,-0.1312564,0.16278976,0.20542935,0.54831326,3.423391,1.5799736,3.7420003,2.437254,-0.3551849,0.046993792,-0.38340747,-0.7358792,0.40000987,0.89463806,0.2668085,0.475707,-0.047831774,-0.09389889,-0.72762775,-0.22926752,-0.24563524,-0.2670406,-0.4107554,-0.16614512,-0.29333353,0.2374979,0.54628515,-0.47336602,-0.3795216,0.3860889,0.113793924,0.12667088
447,-0.31656688,-0.050592422,-0.20883396,-0.17981583,-0.020599723,-0.375065,-0.04144126,0.4196285,-0.30231214,-0.29707247,-0.1202634,0.20069048,0.36921364,0.69539595,-0.056572676,-0.0051130652,1.4730381,1.1565022,0.57929444,-0.052651584,1.185166,2.2950873,0.9575985,1.1424628,-0.6431372,0.018648267,-0.24696308,-0.4289105,0.4370237,-0.12795383,0.23471504,0.65114206,-0.49625337,-0.1301437,0.27748463,0.03475499,0.02093172,-0.37819576,0.33007765,-0.16388892
448,-0.17714834,0.1733518,-0.38389194,-0.30531436,-0.23563069,0.34305555,-0.46193177,-0.31558177,-0.052333668,-0.42178643,-0.37875178,-0.4814024,0.088287234,-0.32592016,0.16125926,-0.58850014,-0.2282775,0.30390564,0.31866705,0.3179242,-0.19282192,0.20936126,-0.3235245,0.04200855,-0.9224918,-0.18066922,0.38214117,-0.21156728,0.15884644,0.4508048,0.31158388,-1.4110689,-0.31003362,-0.46951663,0.32916367,0.19058168,0.04230077,0.32425123,-0.2160021,0.004105389
449,0.29382876,0.14768076,0.06325215,0.039840937,-0.010016993,0.1878664,0.01382339,0.006162524,-0.40709448,0.13009638,0.051472574,0.075654656,0.27906838,0.020439148,0.018767923,-0.01305151,-0.1223142,-0.075475335,-0.018449903,-0.01916352,0.030044913,0.056342512,0.026153117,-0.013631642,0.07115008,-0.016964585,-0.06730461,-0.04241669,-0.05325772,0.006435424,-0.03673953,-0.06414947,0.9865134,-0.17413235,-0.009524941,0.008763194,0.34829485,-0.07804313,0.008377761,0.044217825
450,-0.71631074,-0.05450903,0.16368926,0.13695222,-0.46627292,-0.33091643,0.012881339,-0.081677735,-0.3849749,-0.35232309,-0.35563815,-0.33277383,0.037460707,-0.5387513,-0.26674044,-0.04043603,-1.2260212,-0.4325273,-0.10433626,0.3606402,-0.007196063,-0.5367632,-0.5832224,-0.034097493,-0.0029090643,0.0278593,0.21484779,-0.20989561,2.187976,0.61760825,0.47388673,0.03629929,1.7837667,1.7488725,0.6585505,0.56218886,0.23090458,-0.30611205,0.4795851,0.4106568
451,0.86813545,1.29298,0.24898773,0.1511792,-0.056325078,-0.45821851,-0.0060095787,-0.14458549,-1.010957,0.8831167,0.1277383,0.18123901,1.2596335,1.057988,0.5874667,0.36123887,-0.18745454,0.6373025,-0.18732405,-0.104973316,0.5641676,0.8913571,0.30201313,0.044814467,-0.48954713,-0.18172324,0.14816363,0.08177185,0.47036734,-0.3670786,-0.19106425,0.2311849,0.7857671,0.73262846,0.5907671,0.056658506,-0.16122903,-0.002586633,-0.03495741,0.116969705
452,1.6500667,0.9117253,0.8187859,1.0278127,-0.026752114,0.16974449,0.15863875,0.59456825,-0.12454337,0.2802117,0.45841157,0.48581523,0.2947768,0.64385694,1.0985693,0.9149797,-0.07306105,-0.015664458,-0.47781503,-0.2332136,-0.0088403225,-0.19073701,-0.11697054,-0.34282935,0.592635,0.43522087,-0.21802936,0.10153729,-0.060183905,0.04709357,0.0025388151,-0.35766545,-0.60669583,-0.37681815,0.06864703,0.50779164,0.5503727,0.5100361,-0.08350149,0.2603987
453,0.08178979,-0.021853924,-0.5346087,-0.20469993,0.038684726,0.14232159,0.5090379,-0.23421267,0.8308538,0.86364233,0.018079579,0.18977836,-0.080094695,-0.21732664,-0.18692577,0.043727636,-0.32980275,-0.3824824,-0.5219085,-0.16661337,-0.34825987,-0.2622775,0.11601576,-0.5041696,2.9422746,2.3156798,2.2055469,2.0245047,0.27376145,-0.10451394,0.14767976,0.027685285,2.0224223,1.046763,1.2337058,1.7684542,-0.07220361,-0.14307737,-0.34187627,0.18270634
454,0.082980715,-0.029461622,-0.22750112,-0.1015817,-0.27077478,0.1595347,0.12641011,0.43017486,0.14114004,0.13141367,0.02319917,-0.627949,-0.065752745,0.041472554,-0.48393357,-0.69424766,0.33805305,-0.1633156,0.071317345,0.24584365,-0.36345536,-0.005756572,0.19105154,0.06936857,-0.4421317,0.23123986,-0.33409527,0.052987702,0.06938568,0.13438131,-0.26531816,0.048319653,-0.3922218,-0.3581181,0.5088277,-0.032176986,0.29397565,-0.094588295,-0.32231498,-0.053956985
455,-0.087690055,0.30256224,0.1018585,-0.23386757,-0.19209027,-0.28384912,-0.3067152,-0.03276691,-0.16270739,-0.26539487,0.6468929,0.14177859,-0.16908813,0.04011178,0.47756332,-0.12536943,-0.23368263,-0.36997908,-0.31145906,-1.2200886,0.7134931,0.17869538,0.42706034,0.51377785,0.89697814,0.31735316,0.7806964,0.4333525,-0.2806584,0.27249765,-0.346564,-0.055062354,-0.025628,0.038958907,0.3233655,-0.10063191,-0.41773587,0.18603852,-0.54917854,0.01977837
456,0.4930446,0.124653354,0.06496811,0.58539283,-0.037606597,0.20917115,0.3911851,0.1808247,0.33680752,0.19106123,0.094495215,0.029554784,0.050965786,0.23145235,0.1983701,-0.1040802,0.0024437904,-0.3486058,-0.10152367,-0.45292288,0.23618531,-0.023435354,0.32722557,-0.29915884,-0.18012786,0.08146739,-0.47165382,0.21038973,-0.19319463,0.089516625,0.30092564,0.19164807,-0.20799278,0.20548162,0.1531527,-0.3522859,-0.13410878,-0.15221542,0.059509367,-0.108638234
457,0.042280868,-0.21363768,0.36303532,0.34518278,0.7651974,0.65708053,-0.083502054,0.25097322,0.16304874,0.15101431,-0.42740977,-0.03401473,-0.6140344,0.65364873,0.63898814,0.7989458,-0.38616812,-1.1613804,-0.19333082,0.15353745,-0.5434766,-0.11873788,0.10031277,-0.33997154,0.9755802,1.4848576,0.12690628,0.5934559,-0.34194028,-0.32113987,-0.39968473,0.50769347,-0.18324411,0.45966524,0.23178911,-0.065445006,-0.119571164,-0.34761208,-0.26665124,-0.060447276
458,-0.3046165,-0.07974303,-0.064121485,-0.061059177,0.14029765,0.09311211,-0.18086302,-0.10089177,-0.026341021,-0.2133876,0.033687234,-0.12834466,-0.02660054,-0.24228974,-0.2747531,-0.04602766,-0.16838199,-0.6242059,-0.2895286,-0.10528782,-0.14087403,-0.052248448,-0.27115688,-0.0747841,3.4350204,2.2411594,1.5175836,1.3837037,0.94564724,0.9508057,0.27522102,0.2705195,2.995713,2.9461849,2.3459425,1.44644,-0.21283698,-0.18648669,-0.031927466,0.002164781
459,-0.2048411,0.36621076,0.07147992,0.009647906,-0.1318863,0.15549088,-0.19087781,0.14418226,-0.2579229,-0.44749224,-0.009122491,-0.43253478,-0.17775929,-0.046946704,0.14166307,0.33926806,-0.09582353,-0.59701645,-0.8391858,-0.801783,-0.1581533,0.10816224,-0.42768916,0.02937293,0.110278845,0.8378811,0.61980474,0.42954555,0.4504131,-0.1116756,-0.6435867,-0.48890132,0.12030387,0.6039628,0.76713383,0.38447893,0.028709173,-0.13508712,0.3084345,-0.18785518
460,-0.38945916,-0.6208849,-0.53897476,0.41583392,0.054989696,-0.4184317,0.077449486,-0.11594182,-1.1437786,-0.9307686,0.46186623,0.2750479,0.26967925,-1.0221777,-0.21066767,-0.31173664,-0.17153364,0.47850707,0.26207623,-0.17656025,-0.35177663,0.44954985,-0.24777022,0.074866325,0.15270126,0.20907365,-0.39052993,-0.49787563,-0.30379364,-0.3239608,0.15417886,0.04111056,-0.3901143,0.13930398,1.3414063,0.06757453,-0.37559792,-0.055339083,0.15051012,-0.24092095
461,0.07610917,0.21248311,-0.10563562,0.1708917,0.046940327,0.45169327,-0.27199805,0.06434649,-0.248725,-0.21112226,0.2307772,-0.030931115,0.018876195,-0.15037662,0.073863834,0.055877805,1.4519722,1.9127955,1.959036,1.2103229,0.3415169,1.7700442,1.7173767,0.9322003,-0.20750415,0.09864057,-0.032651544,0.13844877,0.22251439,0.6354387,0.55406827,0.5890629,0.00082701445,-0.09415209,0.03566423,-0.19727454,-0.030812144,1.2055397,-0.45427752,-0.026044518
462,-0.013502181,0.6552453,0.060125023,0.5677548,0.05289206,0.9325063,0.15218496,-0.118303955,0.8098135,0.7666811,-0.15237193,0.15662766,0.5298456,-0.14047894,-0.50424474,0.48164168,0.96791714,-0.14198041,-0.17587996,0.31510824,0.5260632,0.5114602,0.5959322,0.17368507,0.8835713,1.0135794,1.4683045,0.6977385,0.36125287,-0.0033451319,0.40873903,0.2895438,0.88359344,0.40391082,0.09401256,-0.012105346,0.10196024,0.377397,0.06614244,-0.06210971
463,-0.50155747,-0.19168146,-0.29878125,0.40215263,-0.030379891,-0.27894318,-0.34401214,0.22238821,-0.5531936,-0.17204845,-0.039073586,-0.091650546,-0.3244124,-0.48482627,-0.22335494,-0.83549917,-0.13576174,-0.13414255,0.14354116,-0.14601544,-0.36019742,-0.23754525,-0.3454016,-0.5479577,0.9160898,0.4124109,0.39651397,-0.009146333,-0.0059987903,0.28602153,-0.059827074,0.18470198,0.28809667,0.47857612,-0.28616363,0.28728205,-0.25490534,-0.10040891,-0.49273795,0.009987235
464,0.4881966,0.17054379,-0.2306998,0.16387886,0.006026149,-0.23576868,-0.5605133,-0.08549036,0.10397279,-0.29152954,0.43731967,-0.32907224,-0.018774271,-0.6671918,0.103753515,-0.59060013,-0.06010115,-0.17406967,-0.024910212,-0.51646787,0.06687158,-0.19580188,-0.014648467,-0.20275593,0.16415548,-0.19275415,-0.4422887,-0.15475518,0.10516214,0.06900821,-0.31363744,-0.12403071,-0.3609814,0.5846423,-0.17695065,-0.39634553,-0.084774256,0.07691017,0.34393525,-0.17441511
465,0.39617002,-0.020251185,0.014962971,0.022771597,0.28046083,-0.19474259,0.11302833,-0.050371885,-0.32212102,-0.025145203,-0.07863361,0.11452502,-0.22698522,-0.1994662,-0.032028317,0.03175646,-0.02648604,-0.17945415,-0.20703894,-0.12476492,0.19148517,0.030202568,-0.18790436,0.033164084,-0.09651744,-0.3357882,-0.02281648,-0.010330737,0.1504988,-0.14183179,-0.24845248,-0.3278557,-0.4296059,-0.29210696,0.046272516,-0.047338963,0.17744666,-0.023558736,0.23219444,0.01895684
466,0.07620233,-0.2627545,-0.042879134,0.0062552094,0.19175673,-0.49468783,2.6283684,-0.18467835,0.31222945,0.2730215,-0.19070053,0.33260292,-0.07660997,-0.08074206,0.26691312,0.31381166,-0.10196316,0.050815314,0.8957047,0.2784812,0.16756898,-0.09197265,-0.4405389,-0.16346338,-0.18852508,-0.31952783,0.09700009,-0.2900495,0.035695016,0.10826546,0.2938038,0.14982444,-0.39651203,0.36886403,0.012224093,-0.12650985,0.31149948,0.19096911,-0.49161017,-0.21320382
467,-0.3723763,0.038330346,-0.10064927,-0.00019291043,-0.2927264,-0.17572144,-0.22933736,0.04903905,-0.25034183,-0.2848804,0.31072915,0.2871578,-0.12052262,-0.4851963,0.18466,-0.10041672,-0.04154384,-0.5335748,-0.12811548,-0.022611551,-0.25871724,-0.026011385,1.4143074,-0.2763766,1.0172448,0.37073666,-0.9919957,0.2597122,0.0072517246,0.117248535,-0.03742976,-0.09035468,0.6129942,0.88056195,0.13374096,0.6232843,-0.2942153,0.122562855,-0.017372727,-0.07392779
468,0.5938026,0.010013819,0.13785934,0.46483827,0.24005774,-1.2508872,0.84253275,-0.82263625,0.0662936,0.011046499,-1.1954762,-0.04027319,-0.0664905,0.82234937,-1.3233757,-0.6722195,-0.18614793,-0.21793976,-0.74177426,0.118656635,0.11536968,-0.09800491,0.24804997,-0.61611694,-0.3776813,0.52987957,0.55505013,-0.6421672,0.13069248,-1.507503,1.4048097,-0.11751725,-0.842278,-0.24803782,-0.30950928,-0.4954996,-0.44377828,0.6070389,-0.69767106,0.21902059
469,-0.14887702,-0.25402534,0.15694544,-0.21533662,-0.7810912,0.93446815,-0.6699203,0.1273508,-0.7301791,-1.386666,-0.48660213,-0.31673166,-0.9601666,-0.35805815,-0.7140942,3.8164098,-0.33675778,0.3189336,0.15224284,-0.26039195,-0.8158386,-1.0287782,-0.3433294,-0.55460054,-0.22034386,-0.24145982,-0.30411482,0.07471478,0.21461482,0.08242494,0.30139422,-0.22331975,-0.15912974,0.33797362,0.033433914,-0.18134934,0.12985675,0.30849043,-0.37154222,0.024302311
470,0.4623891,0.19936325,-0.0921419,0.06968337,-0.3125568,-0.43512303,-0.16270941,0.06043294,-0.28548867,-0.16349323,0.04145801,-0.1740328,-0.088879764,0.11557982,-0.020967484,-0.1302489,-0.14862412,0.02755864,-0.0043978486,-0.17640212,-0.59038043,0.3562547,-0.2081795,0.4222902,-0.071920514,0.20024285,-0.45977148,-0.14993551,-0.13672549,0.15548818,-0.56349915,-0.030283988,0.25249195,0.13341078,0.39000988,-0.05463606,-0.5535048,0.39978856,0.012115717,-0.14053503
471,0.5285303,0.49890703,0.45156047,1.262743,-0.11421156,-0.17621529,0.15468791,0.17500484,0.20090586,-0.6035776,0.27139872,0.6228086,3.318221,1.9339763,1.0741389,1.8499597,-0.78311086,0.080248,-0.15013012,-0.32201695,-0.060133457,0.5017113,0.030826315,-0.1567977,-0.38044322,-0.16868435,-0.68773866,-0.09322369,-0.64410645,0.0280658,0.0223777,-0.4144428,-0.19920135,-0.122954965,-0.3560841,0.10461187,-0.1666038,0.17050844,0.2661491,0.035713524
472,0.83997947,0.44449547,0.12116635,0.6135069,0.015224144,-0.61612356,0.051341236,0.17537475,-0.13947576,0.6533366,0.31203437,0.26263356,2.6786292,0.87777156,1.3021238,0.9183668,-0.7117592,0.4928049,-0.22102985,-0.38651642,0.297844,0.38756627,-0.0701662,0.10017389,-0.5495565,-0.41541106,-0.13298953,-0.09559512,-0.47109622,-0.015561521,-0.3859554,0.17328358,-0.185366,-0.47997782,0.06877923,-0.407093,-0.0548189,-0.24747926,0.18252236,0.007216215
473,-1.5527331,-0.287748,-0.061029077,-0.2948504,-0.59444547,-0.20271455,-0.21263611,-0.44734663,-1.0401729,-0.45396572,0.025086544,-0.4989594,-0.40312558,-0.2266398,-0.35387355,-0.5989272,0.3081848,0.33704257,-0.20249462,-0.5371855,-0.24668881,-0.41395968,-0.15582126,0.38666564,-0.10578334,-0.16968906,-0.12012935,0.2632587,0.043083347,0.11534628,-0.012129843,-0.2023782,0.15300247,0.6348398,-0.5444979,-0.18814659,0.10872784,-0.10162178,-0.14837942,0.014556035
474,-0.5421905,-0.22510326,-0.26890025,-0.22547668,0.14850825,0.3153165,-0.37332904,0.09225595,0.5511085,-0.45082483,0.038531035,0.03008467,-0.2719977,0.16281652,-0.33888274,0.8408586,0.15534458,-0.7115921,0.47761422,1.066539,-0.40959805,0.8609663,0.05843836,-0.07212159,0.3674511,0.123651624,-0.046245337,-0.05281055,0.29336756,-0.5488306,-1.0820142,-0.25853488,-0.7479671,2.0549526,0.55329657,0.46859342,-0.009773999,1.3566518,0.4044993,-0.012337804
475,-0.13715744,0.12071968,0.28275266,0.087280646,0.23924568,-0.22070907,0.18943259,0.51096076,0.09059501,0.41200274,-0.1464977,-0.20042819,-0.4457994,-0.0076817274,-0.19578472,-0.3720978,-0.11916548,-0.23611808,-0.15716049,-0.12315541,-0.13454455,-0.16412133,0.02324289,-0.3604557,0.013307154,-0.27637404,0.06417741,-0.19322509,-0.20738703,-0.9248464,-0.0020611286,-0.03162314,-1.8369026,-0.20902559,-0.040323853,-0.26290885,-0.855739,-0.37901527,0.18455622,-0.083840564
476,0.7153825,0.18759131,0.08287814,0.058025032,0.21261626,0.19137093,-0.17572233,-0.14146978,-0.09681904,-0.20949718,0.14639062,-0.015566513,0.20722973,-0.6449189,0.40132982,-0.058662802,3.3265939,2.166584,0.66423446,0.35420215,1.8891013,1.7586981,1.6968439,1.9339107,-0.7197355,0.60143274,-0.08443481,-0.101367466,-0.2083188,0.07206464,0.013661981,-0.0971452,0.18595648,-0.0063824654,0.07373351,-0.20079926,-0.011007369,-0.3347594,0.5097207,-0.10190436
477,-1.1302099,0.11288308,1.0578516,-0.46504182,-0.14496768,-0.48411453,-0.85601526,0.5375306,-0.84110564,-0.16283602,0.48896396,0.24632603,0.04443015,0.080043435,-0.3798113,0.19982964,0.19289234,3.08384,0.39505428,0.7315721,-0.17541254,-0.041605473,-0.5287734,-0.16164117,0.5027786,-0.07960431,-0.18641716,0.03571555,-0.35161188,0.49485388,-0.27583864,-0.13717848,0.54384214,0.172825,0.22205444,0.12139651,-0.04792835,0.04069233,0.10024768,-0.4390321
478,-0.049099207,-0.05906242,0.14688373,-0.014091015,0.06189692,0.09563388,0.20587432,0.4594568,0.24777025,0.49850094,0.31761765,-0.06306648,0.010098338,0.6228806,-0.14866376,0.38772896,-0.16981813,-0.13260621,-0.30419156,-0.32131475,0.37333238,-0.07099581,0.09965435,-0.0035406053,-0.15588675,-0.28119874,-0.21459377,-0.20679514,0.38509142,0.73146325,-0.18213966,0.2355574,-0.29687756,-0.27905327,0.5030187,-0.011112571,0.10489941,0.46472606,0.16898805,0.73741287
479,0.7850008,0.24322861,0.015302464,0.5897521,-0.23171186,0.3986735,-0.44863975,0.19544463,-0.24096835,0.27155507,0.21859789,0.8109417,0.3382021,0.010374367,-0.43030286,-0.5888915,-0.88654494,0.1510119,-0.056792915,-0.12305448,-0.2228381,-0.48220855,0.15495998,0.1799823,0.23592722,-0.07710183,-0.2837925,0.008058712,0.07190919,0.6591573,0.20211361,-0.042083785,0.47141558,0.25255194,-0.30904526,0.22087201,0.736077,-0.17522071,0.56426096,0.5405781
480,-0.535807,-0.15020323,-1.4309037,0.4632653,0.06309277,-0.2313313,-0.24062973,-0.25409287,0.20809215,-0.9240006,0.34044313,-0.04429946,-0.046958447,-1.6238402,-0.20723212,-0.8400944,-0.14866786,-0.5697721,0.17798263,-0.2909394,0.3019608,0.60460275,-0.400658,0.17440802,-0.96075773,-0.17730057,-0.41087547,0.3447349,-0.36967394,-0.15851367,0.102787256,0.100542784,-0.031202972,0.08770126,-0.35549456,-0.5867719,-0.38462126,-0.2514159,0.61182636,-0.1500897
481,-0.09297335,-0.20062602,-0.31848586,-0.4522073,0.5271256,0.011578381,0.33763093,-1.0131829,-0.51494515,-0.6128715,-0.36338508,-0.16326767,0.2837664,0.15405834,-0.28772643,-0.44001245,-0.095090926,-0.27564743,0.05734323,0.37125212,-0.10782379,-0.19893855,0.090997554,0.16965777,0.04172051,-0.43107682,-0.3583336,-0.17471957,-0.334324,0.86081207,0.047380388,0.15792567,0.073655546,-0.8052803,0.02909872,-0.38499248,0.24579147,-0.7675012,0.5618156,0.05897254
482,-0.0977844,-0.2762644,-0.097218096,-0.48224968,0.56019604,0.018676996,-0.4127093,-0.117296755,-0.34526777,-0.25239235,-0.262464,-0.2407574,-0.22452736,0.1829977,-0.08628998,-0.24378169,-0.1029343,0.44626737,-0.29844344,0.21611232,0.10149521,0.21135175,0.2671339,-0.28482914,-0.22162119,-0.01968646,-0.22947338,0.058235288,0.12060426,0.05132556,0.104531676,0.2705931,-0.15448827,-0.16660786,0.5552645,-0.20443499,0.29508907,-0.038290948,0.08976209,0.098015666
483,-0.009138167,-0.32925576,-0.17063107,-0.011062652,-0.08910149,0.30648968,-0.01656723,0.41953668,-0.7746702,-0.5219592,0.06458575,-0.019960076,0.07869303,0.2021206,-0.25261185,-0.07395673,-0.32839388,0.057302043,-0.4722954,-0.51927644,-0.22654921,-0.49625412,1.1010826,-0.19127679,0.021782994,-0.26499027,-0.62882924,-0.5503035,-0.25971156,-0.58824384,-0.594588,0.46897843,0.2110768,-0.01591909,0.38275486,-0.12187147,0.05872172,0.19422449,0.30489308,0.25124094
484,-0.26924723,-0.16076714,0.042137206,-0.032255307,-0.013954401,-0.21365845,-0.022882909,-0.004567623,-0.068923056,0.023657575,-0.009194218,0.0004337728,0.03730458,-0.02807334,-0.026442677,0.013824061,-0.06089756,-0.16901682,-0.7273629,-0.13992718,1.6150002,-0.07863182,-0.14643657,0.05930467,-1.2704806,-0.12347396,-0.09181756,0.01878567,-0.05300361,-0.031373374,-0.09974755,-0.17881712,0.030979306,-0.13538189,-0.060857564,-0.25340593,0.10584772,-3.2313251,0.080087826,0.017270267
485,0.56960166,0.7189679,0.48011538,0.8554809,1.9262283,1.1802174,1.065273,0.80127907,0.8595533,0.9631788,0.49472412,1.0957222,2.7982607,1.1463249,1.5770516,1.0752686,1.6887141,0.7411965,0.5014322,0.8565062,1.4431407,2.3136144,1.780067,1.4453602,1.6801691,1.5369625,1.5403149,0.22081554,1.2795632,0.9523006,1.3589683,0.9730471,2.3758848,1.0686889,1.2255449,1.5715752,0.8401243,0.99363285,0.16034856,0.49504635
486,0.015430853,-0.4934879,-0.341941,-0.4302615,-0.7773868,0.3992035,0.21552676,0.62168163,0.25742477,-0.17144579,0.28954148,0.41300124,-0.30846173,-0.26638222,-0.08153604,-0.50556993,-0.35591868,0.108086966,0.026652455,-0.27391434,-0.04037994,-1.4338386,-0.41875213,0.059315324,-0.04967022,0.36188385,-0.028675944,-0.5822586,-0.22620684,0.094162226,0.11219421,-0.31612808,-0.63919395,-0.12987757,-0.18091233,0.12480833,0.13356838,0.10618976,0.7850819,0.42510203
487,-0.15705323,0.06940836,-0.55380595,0.014769986,0.39391482,-0.3264699,0.12391582,0.12918127,-0.45965922,-0.35657197,0.14042088,-0.020907938,-0.44453764,-0.09223911,0.09162104,-0.18674386,1.4082179,1.106113,0.28050303,0.2513069,0.39631033,1.5781097,0.8522582,0.7571995,-0.039236784,-0.18809104,-0.047796965,0.13190877,-0.1456691,-0.19328526,-0.10050744,-0.009997606,-0.17592585,-0.060169384,0.14096478,-0.26840788,-0.009734243,0.011467509,-0.27944276,0.04197842
488,-0.15986672,-0.4627699,0.17787543,0.17964724,-0.08532381,-0.39115837,-0.019130275,-0.13169679,-0.085603,-0.09984225,0.012455583,-0.1326037,-0.007980466,-0.048752572,-0.5029236,-0.17818087,-0.090360045,-0.34089863,-0.15346384,-0.008925706,0.0670445,-0.21322204,-0.552667,0.13005191,1.3265162,1.7885478,0.84113,0.7723615,1.4275668,1.4067305,0.5513881,0.85512996,3.3269753,2.86055,2.448228,1.7882471,-0.3196808,-0.20976853,0.031540215,0.1574074
489,-0.096166015,-0.06654602,0.22024614,-0.19858786,1.3036755,1.1691004,0.57862985,0.8883312,0.41074133,0.52088034,1.5128422,1.5113039,-0.45443988,0.52081996,-0.04492788,0.32704943,-0.25109327,0.21004185,0.74663705,-0.7050056,-0.07479066,-0.15580669,-0.291807,0.4765561,-0.5747832,0.37015703,1.0739843,0.26951447,-0.19596267,-0.1814423,0.1030854,0.05936718,0.26321438,-0.53500175,-0.05067584,0.17674088,0.3512116,0.2641558,-1.0042105,-0.31306317
490,-0.16121173,0.341894,0.13469112,0.3436703,-0.077717304,-0.21318346,-0.16536403,-0.062618315,-0.34214285,0.12633932,0.19868284,-0.005111575,-0.11950731,-0.28979763,-0.3339914,-0.052864492,0.8609638,0.86133283,0.40993038,0.5246261,-0.39468718,0.32115135,0.0033299923,0.11735129,-0.17202973,-0.434113,-0.25917852,0.0068588853,0.29610163,0.8377502,0.362033,0.24128035,-0.15460283,-0.20223835,0.07827029,-0.30290127,-0.090875685,-0.27871904,0.32328856,-0.013805568
491,-0.3494031,0.14209259,-0.06777468,-0.0034481287,-0.09760404,-0.058786333,-0.11383864,0.5095704,-0.2592658,-0.102359235,0.43255848,0.14922066,0.12223238,-0.032005608,0.16215001,-0.0427123,-0.21012592,-0.11508669,-0.19705923,-0.06328642,0.14560246,-0.052772984,-0.13966985,-0.5511009,5.138664,3.9894094,3.7167864,3.5760245,0.321525,-0.3794388,-0.4382408,-0.052806944,4.4223514,2.8435779,2.2006283,2.155313,-0.43414697,-0.20884055,-0.08176023,-0.31340346
492,0.006840527,-0.7381697,0.038924903,0.09575367,-0.78980786,0.21849224,0.26687214,0.056852788,-0.58717346,-0.027503222,-0.12686765,-0.35242093,-0.19763756,0.1284253,-0.03011024,0.3279417,1.1013563,2.8891575,2.2800019,1.9433935,0.9965733,1.1328962,2.0445857,1.1677177,-0.62584054,-0.028604552,-0.51269466,-0.5293623,0.6422422,0.34291363,0.49759278,0.30037618,0.6268307,0.23764658,-0.043824747,-0.4227869,0.85940206,-0.40433484,0.38728976,0.06618887
493,0.1418672,-0.16966534,-0.0308429,-0.11153191,-1.0132091,-0.37376747,-0.42426962,-0.104207456,0.19473681,-0.19016945,0.014925301,0.31253043,0.2457279,0.643706,-0.5037478,0.13557923,0.22473896,-0.40241218,0.25696498,0.210267,0.99981034,-0.23171955,-0.17755407,-0.072441995,2.0428984,2.091652,0.74125195,1.0733451,-0.57303095,-0.33092305,-0.16434127,-0.11231887,-0.010665968,0.009768367,0.6290687,0.008504748,-0.038599655,-0.59878933,0.34418404,-0.09698063
494,0.05320242,-0.8099611,0.0845578,0.2670021,0.23176402,0.047837913,-0.6287979,0.1567986,-0.9290084,-0.73204064,-0.45420226,-0.35170734,-0.4010371,-0.16171634,0.30075595,-0.5093136,-0.06569171,-0.19926338,0.3417529,-0.15757442,0.17777935,-0.9763071,-0.18394744,-0.49595672,-0.26482117,1.2430956,0.3307542,-0.3747525,0.36193997,0.15080455,-0.6261398,0.04511094,0.7443293,0.14807333,0.65514183,1.8577467,0.2863117,-0.07871926,0.16070494,-0.03417603
495,0.30824697,0.043103218,-0.17660795,0.17767572,0.93488616,0.057060122,0.15309396,-0.19237763,0.090699434,-0.15569544,0.39802167,0.04376173,-0.08796978,0.013210475,-0.14229235,-0.24357086,0.760597,-0.6083257,-0.17198181,-0.33072525,-0.09367621,0.8224994,-0.30020076,-0.026171207,0.013737619,-0.15804443,0.07010043,0.28398544,-0.25884256,-0.07122448,-0.47945437,-0.34159368,-0.40630907,0.15664196,0.055116236,-0.008112788,-0.46070078,-0.13238956,0.12039113,-0.047778845
496,-0.15300035,-0.26314494,-0.19749868,0.04192725,0.33769658,-0.6730789,-0.26593098,-0.41561607,0.011751831,-0.0826031,-0.21412396,0.19462052,0.08490825,0.042480588,-0.026277006,0.028229654,0.14197892,-0.3148632,0.038939178,0.016554952,0.12395272,-0.5973556,-0.36338174,0.20098561,0.95469224,1.3936257,0.72607994,0.74471235,-0.024803743,0.22187686,-0.22451466,-0.018912435,0.7150332,0.7475016,0.8485773,0.4175042,0.4024142,-0.48466134,-0.09270054,0.14215273
497,-0.11634463,-0.17876443,0.06741521,0.26886022,0.62245774,0.08330864,-0.017972022,0.13394576,0.00157094,-0.15566587,0.09829371,0.18261528,-0.05103767,-0.6829796,0.1940299,0.032911837,0.5328742,-0.12660724,0.053117335,-0.24580258,-0.27551997,0.20028926,0.06814504,0.37056935,0.23682228,0.2823277,-0.04481727,-0.0692873,0.065612614,0.5522066,0.89935064,-0.23498607,-0.24742037,0.10334566,0.19684847,0.10439861,-0.25965947,-0.23788482,0.32038486,-0.0468055
498,0.8788704,-0.07651611,0.119098246,0.09279525,0.6954475,0.12554419,-0.00224936,-0.31301808,0.06513703,-0.48302084,0.009278357,0.06361914,0.40845507,0.34400874,-0.0683275,-0.066399574,-0.47130728,-0.20633505,1.8515158,-0.28485554,0.79963106,0.18728113,0.0027090907,0.19663733,-0.20884639,0.88532865,0.42707136,0.16021448,0.505211,0.021474093,-0.04199329,-0.0041649938,-0.22201833,0.3067382,0.49926937,-0.123954356,0.22573358,-0.18597025,0.30288792,-0.54412675
499,-0.007834643,0.54408497,0.07496506,0.13491815,0.80368376,1.2385833,0.04948753,0.69430274,1.6246777,0.37080824,0.38549012,0.6975919,-0.7565546,0.070243046,-0.2129816,-0.1442827,0.057060927,-0.131707,0.2797419,-0.059717745,-0.11272842,-0.3173899,0.08959821,-0.08925557,1.5877898,-0.17838094,0.5646875,-0.28316155,-0.24527651,-0.0570423,0.1529195,-0.2615019,0.13258111,-0.09792789,0.18961139,0.0056193173,0.10254012,-0.008598357,0.21611637,-0.36667323
500,0.3306155,-0.23214793,0.07698968,-0.23623016,1.9467742,-0.3514913,1.1754353,0.49706793,0.46827587,0.44416684,0.06672025,0.143697,1.3241813,0.3654454,0.19319603,0.33957535,0.64858854,0.5919989,-0.13524172,0.44331545,1.8664886,1.0595106,1.5346072,1.7640593,-0.7320117,0.10442428,-0.7112235,-0.007122159,-0.18786117,-0.10315713,1.4063683,0.086749375,2.4754603,0.9268232,1.3226172,0.5511584,0.25035518,-0.06847921,0.3522666,-0.01418519
501,-0.10279262,-0.4657356,-0.0938043,0.12271255,0.59635544,-0.0949195,0.22537786,-0.3217461,-0.34870118,-0.2857939,0.15707907,-0.14420173,0.3056292,0.4506559,0.24112886,0.237901,-0.3636515,0.1335035,-0.3470858,-0.92910635,0.46328542,0.9631065,0.4782533,0.63983244,2.9102087,2.0070524,1.9782827,1.0085168,-0.4398055,0.097410455,0.27680966,0.29361838,2.9394534,1.5456364,1.8763518,0.56247973,-1.19684,-0.64633614,0.25171185,-0.084252745
502,-0.40338305,0.5399833,0.2390433,-0.016357452,0.11379695,-0.48635554,-0.20051892,0.020889878,0.0948776,-0.22434972,-0.21938843,0.38867906,0.734125,-0.036091134,-0.5022495,-0.092258096,0.7124493,2.4467711,0.8111074,-0.22549042,-0.12453966,0.7642492,0.22509158,0.57866913,-0.10952198,0.07381518,0.1796006,0.42798045,-0.5848917,-0.11785722,-0.31774396,-0.28367263,-0.13566351,-0.59308827,0.029957592,-0.5394856,-0.77240014,-0.0044642687,0.22566399,-0.5698196
503,-0.22974683,-0.25761577,0.13272986,0.5487712,1.5890675,1.4116864,0.869689,1.8118271,2.4214032,1.1895527,1.5938141,1.7074909,-0.6219072,-0.22074637,-0.32462734,-0.4703647,-0.43055093,-0.61136985,-0.50377077,-0.75368136,-0.27646518,-0.42278016,-0.21025985,-0.6331675,0.90603703,0.17976359,0.2123394,0.96997374,0.027100086,0.60254663,0.29368252,-0.009561896,0.71656996,1.7111672,0.990304,0.701615,-0.3224944,0.2492469,0.09953034,0.16043048
504,0.20640874,0.15113524,0.0862959,0.054389477,0.3514732,0.20375612,0.06974707,0.049171686,0.09448624,-0.1935674,0.007958591,0.053819418,0.20947552,-0.09159525,0.18786794,-0.09010628,-0.08799386,0.09954052,-0.0013074875,0.016842365,0.1532526,0.54371387,0.0033285022,0.21456844,0.16428196,0.020406812,-0.16642451,0.12952924,0.4211564,0.18128586,0.21754432,0.14606625,-0.23549187,0.1274762,0.083816074,-0.0638631,-0.05330856,0.19413128,0.15905619,0.07984626
505,-0.13099094,0.79127836,-0.025768489,0.08647773,0.92133296,0.25304794,-0.11629653,0.20573741,0.3379328,-0.39886993,-0.10625821,0.14177027,0.4947767,0.44008785,0.3209935,-0.8810136,0.096096545,-0.546813,-0.25056297,-0.32441503,1.1665994,0.13280112,0.5037176,0.17827868,-0.118797764,0.019016117,-0.010156244,-0.019849002,0.42883334,-0.08247405,0.042363137,0.16155271,-0.22080076,-0.17377311,0.48209763,-0.09785086,-0.04835674,0.3687891,0.14744875,-0.19027871
506,-0.49552912,-0.26469213,-0.12931591,0.15409943,-0.20244944,0.076012984,-0.3912714,-0.057965457,0.7639946,-0.46188486,-0.37490636,-0.20716083,-0.20179546,0.7410785,-0.13528174,-0.4506821,-0.043876767,-1.1039882,-0.20144233,-0.4786806,-0.21054924,-0.22837424,0.22417724,-0.37693536,1.1683255,0.91868436,0.5910714,0.4857275,0.22969782,0.534281,0.118460014,0.60304236,0.921961,2.5368881,1.0632441,0.97359467,0.0129003525,0.19091225,0.32425055,-0.39254534
507,-0.14710167,0.3391487,-0.103640854,-0.105649024,-0.18407536,-0.12981945,0.21270365,-0.21394561,0.01477617,-0.25776207,0.16290165,0.29499525,-0.121795,-0.13315985,-0.063598216,-0.39964288,0.20570111,-0.43631238,0.1867003,-0.010437708,-0.01458922,-0.046960354,-0.42165565,-0.20334935,-0.20069999,-0.27287105,-0.033412784,-0.38804314,1.6513448,1.1672963,1.6683184,1.5013963,5.7817554,4.543587,2.877296,2.2110248,-0.48838353,-0.1946771,0.5630321,0.2748387
508,-0.3342191,-0.27753976,0.05824852,0.108251564,0.02022916,-0.34594932,0.09526825,0.44008595,-0.0702616,-0.42198098,-0.45049772,-0.0746451,-0.13836211,0.33918303,0.4711517,0.06705414,1.3107705,1.1547806,0.7378336,0.025077045,-0.30882174,0.15252942,0.3550715,-0.2647529,-0.42725718,-0.06634483,-0.16478354,-0.1946848,1.4153974,0.926203,0.29925418,1.0785993,0.28450978,0.2829183,0.08938144,1.092747,0.22853242,-0.20565948,-0.07421512,0.37120026
509,0.031764627,0.16378462,-0.13035089,-0.32792372,0.078042,0.16219944,-0.05820056,0.015684366,-0.28499028,-0.03809035,0.5450147,-0.19781303,0.17402238,-0.3028729,-0.19655827,-0.6668242,-0.25017697,-0.44576216,0.26996434,-0.08629948,0.3558315,0.102140784,-0.5069944,-0.0011035204,-0.038850784,-0.23067316,-0.03932199,0.07330835,0.2551828,-0.1344508,0.26649296,0.31779897,0.42913848,0.09256457,0.095315725,0.17051184,-0.052628234,0.5874255,0.8318604,-0.093058586
510,-0.06177485,-0.05295212,0.19826972,0.36749434,-0.19276279,-0.38007748,0.98538625,0.52632797,0.37180915,0.32972074,1.2779305,1.5759758,-0.48515522,-0.14705244,-0.6413667,-0.3961836,-0.066084385,0.17457183,0.060148537,-0.6035696,0.22709161,-0.094665945,-0.75688386,-0.34995875,-0.39501816,-0.034109443,0.009158883,-0.5284785,0.20848233,0.1834999,-0.3545507,-0.49578157,-0.49913388,-0.165165,-0.030696139,-0.13394809,-0.008654058,0.06713091,-0.72039515,0.01792121
511,0.18337333,-0.07284421,-0.19594957,-0.10145438,0.2471745,0.18478724,0.014470547,0.042853713,0.18434775,0.40660474,0.31366175,0.24633151,-0.17658806,-0.18326925,-0.111851215,-0.011757672,-0.080700636,-0.15470392,-0.07333273,-0.08297169,-0.19388258,-0.15545556,-0.09390944,0.041113913,0.07208884,-0.10682498,-0.026407897,0.02520281,-0.09070468,-0.07993706,0.14205372,-0.035229236,-0.07570338,-0.32906663,-0.0838612,-0.05613911,0.015876293,0.15938991,0.19853789,-0.027761996
512,-0.6745502,0.23233044,0.2121778,0.05034795,-0.57798874,-0.7010238,-0.668032,-0.6348143,-0.21528828,-0.25089073,-0.66847605,0.47593716,-0.45159957,-0.05082661,0.059084266,-0.29165834,0.80286676,0.38550532,0.16344038,0.11472027,-0.102385074,0.17237878,0.12475029,-0.31905487,2.9008458,1.0339876,0.3785288,1.1093867,-0.49484384,0.0015443899,-0.49699223,-0.73855966,0.6170771,-0.11170807,0.21172869,0.07969695,0.34132856,0.025468672,0.61062384,-0.21558695
513,0.17421862,-0.42369676,-0.20195925,-0.31192905,-0.3161552,-0.23926026,-0.22637975,0.33156365,0.26727924,-0.0039134696,0.11280358,-0.29546934,-0.22922438,0.44072783,-0.24938206,0.36770025,0.1630925,0.010786228,0.15173362,-0.004193295,-0.030416012,-0.24384435,0.77076066,-0.51584184,2.124565,2.4244227,0.8443811,0.37806192,-0.27166533,0.34471136,0.29464442,0.4094249,0.30554318,0.027898148,-0.5576613,-0.010661036,0.16814065,-0.22540036,0.44522533,-0.07805166
514,-0.14437559,-0.27242303,0.20014238,-0.1548598,1.4070728,0.47655424,0.02758193,0.17489958,1.0865126,0.35864252,0.17380297,0.004751742,-0.22147092,-0.46168122,-0.35149997,0.15417933,0.08281103,0.5472351,0.17648429,-0.05598712,0.09017666,0.014766842,0.3175552,-0.060578465,0.36863863,-1.1232891,-0.08954084,-0.023869634,1.176958,-0.24299681,-0.18195355,-0.20648545,0.13502507,-0.9520024,0.22651994,0.66012895,-0.10602753,-0.14627832,0.3849132,-0.2794168
515,-0.008117974,-0.06553304,0.039531603,0.18607683,0.25621718,0.23595181,0.019847795,-0.23299922,0.32179582,-0.2966904,0.24525934,0.2660552,0.1268537,-0.15825796,-0.7593322,0.10526878,-0.30377322,-0.3163807,-0.34614182,0.051989675,-0.22347939,-0.13849598,-0.10385473,-0.39287978,1.613313,1.374944,1.9734153,0.58157766,0.714774,0.6275828,0.43882784,0.5085609,4.1103935,2.50639,2.4806254,1.5818031,-0.30780625,0.08470051,-0.16360486,-0.18483657
516,-0.32488707,-0.33423224,0.04527603,0.20734876,0.6401991,0.41478807,0.45028093,0.14250565,1.285639,1.0153557,1.3578495,0.8039483,2.2914557,0.16414714,2.2216256,0.51574683,-0.38251,0.41630614,-0.14288443,-0.37105253,0.3576992,0.67653286,0.22662851,0.3323024,1.057913,0.75108784,-0.22998145,0.09440845,-0.5190971,0.076741874,-0.010663569,-0.48826963,0.39992422,-0.06659481,-0.50870335,-0.20420775,-0.18532759,0.031992476,-0.25369444,0.077174366
517,0.40370572,0.6186121,0.3307687,0.22127846,0.24878937,0.13471615,0.12804657,-0.123606384,-0.35508388,-0.5056782,-0.071342856,-0.025558412,0.7101834,0.26421005,-0.22836943,-0.7008769,2.7555995,0.6199931,1.2512345,0.13625088,0.4863088,0.3937704,0.12513897,0.14578933,-0.12316424,-0.20236024,-0.24042681,0.11004418,-0.040272027,-0.44159672,-0.2278069,3.0501933,-0.0942059,-0.6263988,0.22174595,-0.47919834,0.76382685,0.45052865,0.50414526,0.44509992
518,0.703887,0.5592732,0.60971826,0.12572746,-0.5512883,0.1438958,-0.07703698,-0.33698115,-0.16646582,-0.06950623,-0.32496294,-0.062115908,-0.32506794,-0.13026509,-0.576942,-0.43944603,-0.3975851,-0.6358012,0.42915043,-0.53372324,-0.23699051,-1.0556686,-0.46494538,-0.26695403,-0.55101156,0.10050133,-0.39096063,0.37698764,0.016345054,0.33945537,-0.38405192,-0.5431688,0.15296683,-0.06706846,-0.16376913,0.40826672,0.24946475,0.29900795,-0.1951155,-0.014925778
519,-0.3933604,-0.585036,-0.14623764,-0.25563356,0.15437168,0.21441054,0.0935359,-0.7509916,0.16056597,-0.7580032,-0.79784787,-0.42033583,0.07638824,-0.38463622,-0.48233885,-0.28593543,-0.6643087,0.18434128,-0.25587195,0.10930461,0.124423325,-0.32084846,-0.25300586,0.034763813,0.13342422,-0.33395046,-0.29555264,0.23869985,-0.32493716,0.12478918,0.46779788,-0.28805292,-0.093453705,-0.22823198,0.28260294,-0.7798773,-0.43621477,-0.046513714,-0.7571543,0.06484705
520,-0.0650918,0.1984038,-0.15782644,-0.31115782,-0.13114452,0.0046220124,-0.595258,-0.02202189,-0.31181872,-0.18514758,-0.06199801,-0.4949155,-0.6286342,0.16017994,0.11504108,-0.4057337,-0.015365601,-0.2510642,0.32342744,-0.4530316,-0.8993487,0.02803851,-0.33669052,-0.29615176,-0.61489284,-0.116218776,-0.23079216,0.086505234,0.2571672,-0.37676507,-0.14161178,-0.497139,-0.64995337,-0.18915004,-0.7381048,-0.23022151,0.2007232,0.65408266,-0.29007816,-0.32718796
521,-0.2637547,0.12126,-0.44047105,-0.30855423,-0.92976445,0.07441172,-0.93858325,-1.2709031,-0.35581172,-0.40708956,-0.9811411,-0.10020447,-0.4477265,0.45361024,-0.4370651,-0.14581534,0.021786392,-0.66038835,0.22575444,0.43301883,-0.17604679,-0.4430587,-0.4663849,-0.6806353,0.24761754,-0.19139215,-0.59645236,-0.61914223,-1.1406114,0.4764341,2.0492325,-0.2509303,0.6028485,0.10130817,-0.34860408,-0.61956245,-0.065654665,-0.14644128,-0.52320915,-0.8781885
522,-0.7257302,0.08422157,-0.11198446,-0.022514224,-0.08206084,-1.3311589,-0.043150187,-0.1445092,-0.80706346,-0.060570784,-0.057872713,0.075941026,0.15337613,-0.14379108,0.2019141,-0.24135989,0.08745855,0.15663588,0.029337576,-0.13864914,0.72179174,0.64191705,0.07229847,0.31017357,0.32262146,0.25957027,-0.013980508,0.15421695,2.843252,1.207108,0.09101012,0.16300213,0.1379422,-0.3265155,0.19967788,-0.03352678,0.09887129,-0.22485173,0.31962517,0.005037546
523,-0.09498525,0.06283736,-0.08008975,0.1857993,-0.29748407,-0.14467609,-0.017336011,0.10258184,-0.13229781,-0.05549279,-0.08847651,0.027872622,0.21403515,-0.10911,-0.12111199,-0.3159389,-0.08801931,-0.44966006,-0.1557405,0.27232507,0.065374464,-0.22650366,-0.4375167,0.87343633,1.2239147,0.2041834,-0.057831764,0.3261948,0.20835806,0.28970748,-0.09639439,0.4604012,0.45151043,0.97147727,0.9703487,0.6632211,1.0256273,-0.00021076202,0.016456515,-0.063128516
524,0.07955408,-0.39977938,-0.16197228,0.13267994,-0.015771627,-0.21927638,0.1309849,-0.04621194,-0.058059156,-0.057680756,-0.11053735,-0.1654872,0.073878884,-0.41289216,-0.16826224,-0.16725127,-0.11317229,-0.345576,-0.11314726,-0.04320261,-0.09128225,-0.40029204,-0.0775184,-0.11297414,0.30585128,-0.64947283,-0.07610017,-0.09768632,0.69098365,0.39700797,-0.12596679,0.6695582,0.18052176,0.384947,0.917354,0.37544525,0.43312,0.066999614,0.11023474,0.19176172
525,-0.41312814,0.27717578,0.14014332,0.15404946,0.17337501,0.050162494,-0.27306157,-0.14415061,-0.41597408,0.3594476,-0.22701249,-0.65703416,0.16807139,0.19319126,1.3961861,0.2792979,-0.04568161,-0.18628511,-0.60492915,-0.29019397,-0.4079892,0.3578958,0.24450514,0.6128545,-0.010225445,-0.51534307,0.096288204,-0.24516058,0.26426044,1.1191669,0.6846629,0.7346537,0.564014,-0.19097534,0.43515128,-0.12393877,0.09322289,0.3722859,-0.25809103,-0.40937838
526,0.43509144,0.10012114,-0.058421195,-0.032977283,-0.07431412,0.06290751,-0.20990281,0.2349728,-0.18039525,-0.17797995,-0.11553007,0.26894072,0.18333697,0.0064867437,-0.017895617,0.023153663,-0.31371474,-0.06394725,-0.14740646,-0.041573346,-0.49925423,-0.22812337,-0.14982545,-0.18345445,-0.23907846,-0.08994612,0.101073146,-0.028505087,0.15283012,-0.1810633,-0.21701834,-0.0657987,-0.25085294,0.044217512,0.26594812,0.056319654,0.2774645,-0.032663137,-0.10027349,0.048321366
527,0.92452735,0.14407498,0.18501467,0.18083352,1.0742706,0.07114923,0.45146382,-0.045076072,0.6708934,0.9148735,0.51250947,0.22327343,-0.27413005,0.28109422,-0.5542264,0.03555894,-0.3465261,-0.3028912,0.1202448,-0.037499487,-0.106091775,-0.17222197,0.44525558,-0.36045632,0.09008868,-0.106221974,0.10639782,-0.038797557,-0.23650496,0.14222476,-0.20334211,-0.1472925,-0.17063175,0.32048565,0.37446976,-0.39946517,0.4445039,-0.14599684,0.89327,-0.07551175
528,-0.21793127,-0.10142782,0.028001308,0.037616253,0.48497075,-0.11643395,-0.026816487,0.07845968,-0.008135319,-0.037684858,0.2727781,0.09006816,0.21812865,-0.3634382,0.01346159,0.08841008,1.085774,0.4150241,0.23215532,-0.088527754,1.6093122,1.1144453,0.21162793,0.47284147,-0.65135515,-0.056536615,0.026241511,-0.13220054,1.2161295,0.6981229,-0.095829785,-0.12867248,0.22579932,0.038532853,-0.05304575,0.46119487,0.7402581,-0.22424959,0.17797726,0.073897004
529,0.3481874,-0.13896833,0.16352732,-0.2498183,0.088739455,-0.07879824,0.024837822,-0.35190818,-0.40998337,-0.070044644,-0.012344196,-0.21562552,1.8619391,0.22054166,-0.30708465,-0.1436266,0.7199849,-0.051944584,-0.13824272,0.2731978,1.0816504,1.769028,-0.24671903,0.42832497,0.49137762,0.10016018,-0.27684212,-0.14888689,1.2045901,0.030551333,0.20405084,0.03392824,-0.21713173,-0.1071603,-0.13384351,0.22059822,0.27425352,0.24294087,0.9664739,-0.119006395
530,-0.9556042,-0.5850667,0.6052486,0.050901596,0.6550451,0.50829697,1.381198,0.11445844,0.44464546,-0.39736354,0.1123763,-0.18886715,0.0038808584,-0.7119976,-0.5770063,-0.3228892,-0.24324685,-0.26070774,0.20625626,-0.30260503,-0.36207482,0.20372486,0.27869692,0.12816226,-0.42986727,-0.30836603,0.11709964,-0.12786615,-0.06246215,0.98793495,0.10789561,1.1601052,0.44686666,-0.6074788,-1.3861821,-0.38174653,-0.14024317,-0.09573376,0.4095404,0.2192877
531,0.04139564,0.19793956,-0.7779379,0.2340144,0.008105278,-0.42170757,-0.6134165,0.04309317,-0.08464506,0.4816314,-0.25976765,-0.51666296,2.7644386,0.2538471,-0.13933784,0.17611417,-0.4400158,-0.019212842,0.21731535,-0.2881617,0.72734946,0.75383,1.3936869,-0.22011113,-0.6835716,-0.68774253,0.49187773,-0.1475444,1.5552018,1.3773834,1.2076557,1.3887433,1.4912362,1.6241702,1.7489483,0.49494332,-0.7972757,0.16547185,0.23509362,0.093551815
532,-0.029562928,0.2842219,-0.48244214,-0.16534746,-0.38613692,0.042276844,0.39039874,0.11503112,0.13791102,0.66220516,-0.39192075,-0.24337018,0.06505104,0.082289726,-0.17805943,0.057559773,0.4365201,-0.066375434,0.16817847,-0.24054787,-0.21890956,0.15605885,-0.13815436,-0.013768736,0.35944995,0.3917101,0.2697401,-0.5546346,-0.34470865,-0.3507056,0.7140109,-0.39614683,0.15723747,-0.66126543,0.26293063,-0.20917901,0.58922595,0.03616345,0.09053141,-0.0033702552
533,-0.36605924,-1.3149235,0.04297611,0.37994727,0.04269409,0.10105762,-1.5100298,-0.35460162,-0.11403674,-0.19701006,-0.1487506,-0.28667328,0.25822073,0.41220474,-0.1792472,-0.31627244,0.5407496,0.28956348,0.47880793,0.032787636,-0.38612676,-0.15982929,0.8939042,0.008432761,-0.051304802,-0.46388227,-0.7062571,-1.3267207,0.010521978,0.13897902,-0.14669919,0.005695015,0.19123638,0.35096347,0.17437035,0.14659925,-0.0574421,-0.28859913,-0.16122219,-0.15003327
534,-0.1479804,0.14717358,0.10493396,-0.37796766,-0.50080174,-0.083079204,-0.10649967,-0.7208786,0.06387363,0.17722921,-0.17385142,-0.3686236,-0.2438764,-0.99710447,-0.22574776,-0.14968002,3.019637,0.8610219,2.3653924,1.4350286,1.3166938,1.8985738,2.483648,0.95194566,-0.41092518,-0.2894934,-0.6506996,-0.14721574,-0.5298298,0.05231592,-0.33532548,-0.31410736,0.27885434,-0.44094953,0.028984278,-0.11568928,-0.034573525,-0.08307186,-0.26793012,-0.117922425
535,0.117737085,-0.026164994,-0.16688111,0.098672904,-0.15448675,-0.027497947,0.4998979,0.1041779,0.27218327,-0.10168826,-0.1036609,0.4239186,-0.05357465,-0.38446555,-0.40287855,-0.31700012,0.0053988397,-0.18559793,-0.43300334,0.24857357,0.013626099,0.0040179193,-0.14357713,-0.22515379,-0.019781947,0.017100155,-0.26405817,0.123487204,0.2584351,-0.049352527,0.46083477,-0.07634154,-0.04723233,-0.16317715,0.2554907,-0.2708055,-0.05464658,-0.027777448,0.67808664,1.5190957
536,0.3852825,-0.37977034,0.062182605,-0.5436314,0.39232314,0.6756486,0.09784275,-0.21746534,-0.24380636,0.15071689,0.21470976,-0.48535806,0.18746096,-0.16614181,-0.27607274,0.075225055,-0.47279787,-0.30316663,0.04555446,0.12888905,0.42605188,-0.4480595,-0.28971538,-0.103744715,-0.994124,-0.2837872,0.17270672,0.19732405,-0.006658539,0.17226207,-0.5445986,-0.24416769,0.17731386,-0.4682902,-0.22819471,-0.1409823,0.24331677,0.3919049,0.39982194,-0.07018519
537,0.15873711,0.2191492,0.3179737,-0.14458102,-0.367127,0.101867944,-0.76167125,0.587114,-0.3111829,-0.73117435,-0.03762734,0.24409173,-0.2865373,-0.054050326,0.07294649,-0.0077819824,-0.52717745,-0.4276545,-0.30919325,-0.20768404,0.49230486,-0.3898772,-0.23258588,-0.7602371,0.32645845,0.9135172,0.03811735,0.1180588,0.0067442656,0.013737328,-0.3582651,0.0248003,0.5561782,0.40457204,-0.5022402,0.046437368,-0.7602638,-0.3643732,0.8474046,-0.07735163
538,-0.0897793,-0.74246967,-0.783581,0.2523324,-0.35469222,0.19905883,-0.3209453,0.080381155,-0.06859113,0.2714832,0.04020393,0.16865078,0.11068922,0.09867564,-0.056336597,0.3018989,0.750436,0.6089949,0.26330894,-0.03393343,-1.0366075,0.30446592,-0.6033864,0.00934498,0.048550725,-0.009901419,-0.37025318,-0.11345768,0.035274744,0.2767306,0.2751392,0.32393873,0.37129366,-0.32975703,0.1882627,0.23204592,0.19013256,0.35820478,0.4515552,0.60833544
539,0.8043745,0.45230705,0.8122186,0.38433185,-0.042875648,-0.627514,-0.11404073,-0.31711006,0.07344812,-0.26378775,0.096502244,0.020847082,0.1418544,1.1818638,0.38479328,0.35198396,-0.06633687,-0.022039056,-0.4058444,-0.21246463,0.3838706,0.51480305,0.40987605,0.26730347,0.2079773,1.6818507,1.2505052,0.9043622,0.7112012,0.22040364,0.41436183,0.65329874,1.6757717,2.1818538,1.825641,1.110605,0.3373114,0.22764164,-0.059411168,0.025547326
540,1.3339698,0.31461123,0.13741386,1.5040051,0.8092892,0.81815434,0.53965694,0.44329953,1.3159181,0.33646056,0.67112523,0.8974581,0.21197894,0.67877877,0.13513958,0.4678261,0.7832941,0.8722821,0.6301297,0.6980037,0.47355086,-0.33792347,0.24664447,0.34994903,0.54440194,0.45729786,0.7675626,0.01592046,0.4249822,0.03574097,0.31364876,0.13492364,0.4249821,-0.09003085,0.4924884,-0.41091523,0.396316,0.49348384,0.92515844,0.3676387
541,0.004573226,0.14662749,-0.006948513,0.39851958,-0.16798854,0.14817703,0.7512883,0.2786531,0.039426774,0.11063278,0.4801035,0.21377054,-0.11552805,0.019830137,0.012970537,-0.21167156,-0.11540365,0.014096439,-0.083330356,0.51936907,-0.045351267,0.073556215,-0.019991577,0.10653511,-0.16019166,-0.3162291,-0.3591226,-0.24132788,-0.011206746,0.028044276,0.1455303,-0.22329985,-0.23378259,-0.3252853,-0.21263868,0.06277007,-0.042016447,0.12368679,0.19614264,1.0400745
542,-0.05779153,-0.07247722,-0.036387622,0.46742702,0.14605442,-0.142214,0.10586852,-0.41414225,-0.062020242,-0.4164222,0.041138172,-0.4075188,0.1454587,-0.33414045,0.39671943,0.41115108,-0.03306192,-0.25630754,-0.036450166,-0.65157396,-0.29825968,0.25416434,-0.49145395,0.29676366,0.67425495,0.5034149,0.07944304,-0.023359537,0.23520026,-0.6490891,0.9256416,-0.50198805,0.89848906,0.23651671,0.4829474,0.7709756,0.029330432,-0.11985457,-0.020229042,-0.41973057
543,-0.13526496,0.19345681,0.20055288,-0.20471776,2.5447037,-0.19667923,1.3423826,-0.06763673,1.760703,-0.31128016,0.020980492,-0.03071177,0.19028151,-0.72434986,-0.1466797,-0.11556059,0.15303361,1.0515391,-0.118905306,-0.16854179,0.3386304,0.5435032,-0.3424188,-0.012155652,-0.5372161,-0.1345109,0.29509717,-0.22050345,0.057381704,-0.26361412,-0.10005097,-0.19981223,-0.3525079,-0.07662476,-0.016703635,-0.35055882,0.057860166,-0.1445212,-0.1017043,0.23280752
544,-0.24261057,-0.059140503,0.19555396,-0.107943416,0.24234241,0.005906403,0.22514832,-0.11998236,0.14706546,-0.44629854,0.91689575,0.12440169,-0.2878838,-0.124364555,0.21300274,0.29696375,-0.1668809,0.35126966,0.024219751,-0.5561704,-0.16070217,-0.3412193,-0.3161,-0.4204011,-0.12955368,0.10107455,-0.038542166,0.45980257,-0.09904331,0.04953547,0.3987679,-0.08944446,-0.043945014,-0.33606726,-0.08055364,0.42860085,0.1247257,-0.04904142,0.10295048,-0.16044962
545,0.49948782,1.3922396,0.57339644,0.11991586,0.16718219,-0.039326906,-0.32773185,0.09486237,0.79359794,0.06776515,0.6323297,-0.06728852,1.3564527,-0.1481483,0.38186926,0.99227047,0.864995,0.4313749,-0.48701608,-0.16800344,1.1442528,1.9942651,1.2547611,1.4254925,-0.847453,-0.23519003,-0.57122624,0.022511326,-0.19660926,0.1948874,-0.015709162,-0.4418671,-0.4633457,-0.7393542,-0.15366504,-0.2583815,0.0731439,-0.02177298,-0.013418615,0.030210942
546,0.33956182,-0.61404526,-0.0067747235,-0.22975534,0.11142051,0.25265723,-0.14902192,0.20018727,0.12461841,-0.32489863,-0.2860659,0.39682543,0.3912549,0.2233271,-0.48875022,0.23336995,-0.3920526,-0.18440224,0.0829958,-1.0077085,-0.32706314,-0.32154602,-0.38213956,0.16205043,0.005167246,0.76808035,0.15821654,-0.19762361,-0.3102014,-0.30077812,-0.1839076,-0.004753828,0.02598226,0.03283529,-0.08939397,-0.0900324,-0.03359276,0.38835138,0.36413598,-0.10038817
547,0.070441425,-0.03926474,-0.24814993,0.023087382,0.2891949,-0.15096684,0.017505765,-0.10270381,-0.30826584,-0.2708001,0.10220148,-0.03817159,-0.41563606,-0.44173217,0.022147834,0.0885793,0.44708276,0.09852946,0.09588382,-0.061233535,-0.7946565,0.14034753,0.23367006,0.19031563,-1.024486,-0.23656917,0.048593134,-0.17445213,0.43661964,0.0819478,0.060220957,0.037672877,0.1579842,0.10715738,0.076778054,-0.12713176,-0.02102694,0.044105947,-0.06040941,-0.014959991
548,0.39824694,-0.2922024,-0.036049485,-0.49185586,-0.7961356,-0.5729734,0.29394495,0.016946837,-1.1873596,-0.90400994,0.13296127,0.28509626,0.09822343,-0.3190055,-0.78559077,-0.34589842,-0.78803664,-0.11368173,-0.09684467,-0.7730931,-0.1641128,-0.78167355,-0.07682064,-0.32135317,0.42058206,1.4903262,-0.073577166,0.19369602,-0.6317817,0.24159506,0.13805169,0.11710288,0.07560165,0.31230384,-0.35016406,-0.053723514,-0.009619921,-0.04785146,-0.13300148,0.5389883
549,0.342671,-0.089124694,-0.2527069,0.2657717,-0.13200383,-0.118305445,-0.16062887,0.47328025,-0.04944694,-0.29727387,0.009084899,-0.46186903,0.023218825,-0.5455768,-0.22864467,-0.014805287,0.33440053,0.021689117,-0.046746686,-0.24290055,-0.82014567,-0.17042464,0.33859506,-0.11568931,0.3209483,0.2722723,-0.10434529,-0.36669704,-0.060943127,0.03290111,-1.0531766,0.042270124,-0.15269017,-0.008457363,-0.16538641,-0.057954516,0.21109495,-0.16942723,0.59291345,-0.12780243
550,0.13183159,-0.03150907,0.22513035,-0.13244438,0.579318,-0.039643705,1.0313205,0.51805794,0.43028718,0.0064150393,-0.12673414,0.21794891,1.2004898,0.2325247,-0.091041945,-0.23390663,1.8982725,0.8415365,0.5282723,0.041162074,1.0717857,1.121555,0.68147945,0.76045114,-0.21757863,-0.2931128,-0.8368329,-0.18765604,-0.032441854,-0.16208571,-0.3763969,-0.2512849,-0.7108066,0.42798543,-0.13166824,-0.13318805,0.33693025,-0.06329596,-0.012963295,0.19085647
551,-0.22324389,0.8849838,0.0023576021,-0.20608798,0.041224442,-0.73052204,-0.22693427,0.15682745,-0.36535507,-0.40213484,0.015461475,-0.3238607,0.036969304,0.42298296,-0.18547189,0.24949677,-1.314775,0.3358527,-0.4801154,0.069998145,-0.026711345,-0.009194182,-0.7665721,-0.21893695,0.58181363,-0.4988469,0.011560202,0.042532414,-0.21769565,0.12675963,-0.15329671,0.2098954,-0.40739393,-0.6245208,0.777411,-0.5702558,0.40827435,0.86434233,0.022175372,-0.11121857
552,-0.23699056,-0.086256385,-0.31533328,-0.0030641556,0.04110849,0.27393538,-0.31135187,-0.006793797,0.00055909157,-0.018097818,0.37987214,-0.04893151,-0.14321768,0.10343115,0.13583487,-0.73347664,-0.2603221,-0.41911098,-0.001833871,-0.32572332,-0.24627358,0.09250331,0.029969111,-0.8037951,-0.03159666,0.13736293,-0.28189784,-0.14834961,0.4483922,0.38731572,0.07792651,0.7280736,0.106327295,-0.032911062,0.025064051,0.25987327,-0.13433039,-0.08233874,0.19058174,0.7657391
553,-0.10549067,0.17789423,-0.0988031,-0.6306075,0.17926493,0.15616715,-0.14485124,0.11246675,-0.05311156,0.119166434,0.30990297,-0.0125537515,-0.16566235,-0.8341007,0.10651976,-0.23200893,1.0985199,1.3532794,1.8460357,1.7264427,0.27399898,1.3974502,1.886493,1.0481323,0.12499821,-0.30075753,-0.08569938,-0.3953689,-0.22364861,-0.0882532,-0.040866673,0.0055299997,0.15481007,-0.3297161,-0.48832577,-0.12451124,-0.14426339,0.19896,-0.72676677,-0.22937444
554,0.18713109,0.14957258,-0.2554325,0.6106461,0.27260613,0.6685533,0.2490688,1.0322909,0.11023116,0.73132396,0.12981874,-0.20462784,-0.04754579,-0.3155291,0.0013490915,-0.079698086,0.34322786,-0.06614384,-0.46215168,0.356739,0.09008688,0.013827324,0.45611048,0.41756058,0.27499652,-0.41150856,0.06143135,0.3101663,0.04277301,-0.0937888,-0.034949005,-0.11618352,0.049605608,-0.22879958,-0.12419224,0.13882434,-0.2024619,-0.24074101,0.12227152,0.6764845
555,-0.13643804,-0.5421543,-0.19736677,0.42680058,0.91877097,-0.2208792,-0.0756018,0.051197827,0.5547093,0.073107496,0.20833728,0.12124699,0.07857713,-0.7206981,-0.23514208,0.014744937,0.78099203,0.05582726,-0.6620848,-0.14979699,0.2763241,0.2642395,0.4368153,-0.14588064,-0.39011627,0.10134053,0.22763306,-1.0124456,-0.14504007,0.2816388,-0.057629287,-0.32034957,-0.99379116,-0.6565706,-0.694153,0.11303985,-0.38164154,-0.02058991,-0.3465516,-0.30536675
556,-0.1160568,-0.14614348,-0.8974182,0.102452934,-0.273138,4.36306e-05,0.31634486,-0.3210827,-0.028903127,-0.07881689,0.0750031,0.19371718,-0.22054267,-0.16238078,0.019091994,-0.3710081,-0.102255344,0.3868218,0.060961008,-0.5373245,-0.30846894,-0.2933404,-0.41802874,-0.807119,-0.32743192,0.5503892,-0.04474169,-0.88205075,0.088980794,-0.024100482,-0.17487985,0.14428575,0.071325555,0.5121999,-0.09398586,-0.42183715,-0.081721544,0.58980274,-0.090669334,-0.08400476
557,-0.54332924,0.16081339,0.17614385,-0.48312277,-0.61530375,-0.24564056,-0.14577723,-0.22932863,-0.48096004,-0.082894266,-0.020236552,0.025538921,0.11138323,0.8948288,-0.21178597,-0.25029278,0.07692194,0.5578564,0.37643543,0.33440673,-0.5436572,0.20896351,-0.17691688,-0.11255467,-1.0948224,-0.42326686,0.4078942,0.019497812,0.4535241,-0.25674427,-0.15695995,-0.1803554,-0.8879284,-0.3629722,0.053657323,-0.40339452,0.17939407,-0.0035000741,-0.057234466,-0.04891026
558,-0.08269429,-0.7364471,-0.07214302,-0.03603244,-0.02159375,-0.13502055,-0.23345268,-0.01868245,-0.048748612,0.0860416,0.015318662,0.10489316,-0.02766946,0.00015881658,-0.14993912,0.017099306,-0.002853185,-0.1626811,-0.041616008,-0.42590952,0.015104055,0.015134186,-0.030521676,7.0767574,-0.0025574863,0.29783973,0.17289983,0.0010771751,-0.08459772,-0.035028763,0.09711014,-0.049666822,0.060569793,-0.08503709,3.0313385,0.20051783,0.13358146,-0.13411438,-0.01712951,0.0074855685
559,0.29132366,0.7092768,0.22910017,-0.14752144,0.0030715605,0.0725922,-0.026708655,0.13321012,-0.09193744,0.34129095,-0.344455,0.08940965,0.17193154,-0.21171367,-0.6974617,0.0147871375,0.19007516,0.18514737,-0.06287348,0.20260692,0.3371144,-1.0053111,-0.10118765,-0.2491476,0.05202183,-0.09526116,-0.33202696,-0.06467843,0.6793573,-0.19480884,-0.15291059,0.01670149,0.15556213,-0.08060485,0.45044774,0.098685764,0.7825692,1.7040869,-0.11254519,-0.18411863
560,-0.25939184,0.19339168,-0.1513305,0.05831623,-0.0014280081,-0.27898788,0.11311844,-0.07971394,-0.099692464,-0.031102657,-0.08015299,-0.029190063,-0.01202333,0.098128974,-0.011937618,-0.19171214,-0.114938855,-0.17936584,-0.09037626,-0.12068093,-0.6930404,-0.045953095,-0.06343329,-0.18968678,0.023415327,-0.080084205,-0.0029233694,-0.19079441,0.22703028,-0.2597602,-0.18061617,0.015543044,0.6464678,-0.0988577,0.20445397,-0.118946254,0.1845944,-0.029358834,0.11433539,0.032634914
561,0.05372429,0.2881586,-0.08210027,-0.38056576,0.072422266,0.3757617,-0.21292636,-0.49542588,0.2912243,-0.23833951,-0.07380676,-0.4872889,-0.003520131,-0.08093679,-0.24970242,-0.5473208,0.5531597,0.4162966,-0.2925733,-0.28770995,0.30890447,-0.40429726,-0.1567862,-0.2915094,0.2287389,0.093314074,0.29871327,0.5093051,-0.1812346,-0.104975775,-0.11380772,0.06585649,0.054389913,-0.091285706,-0.30765736,-0.34833312,0.98317647,-0.18451977,0.004352033,-0.03937258
562,0.3900989,0.25325578,0.6362504,0.028322577,-0.2526641,0.15238772,0.1838893,-0.012656003,0.2570756,-0.12537065,1.0406405,-0.3510778,0.5843621,0.21187896,0.35445663,0.20628527,0.076057605,-0.11531216,0.1348579,0.040827274,-0.39517534,-1.6450882e-05,0.51330304,0.42552,-0.48464912,0.07670522,-0.1768384,-0.20022732,0.053114593,0.016647518,0.5690402,-0.2581481,0.43918914,0.012949407,-0.18037915,-0.12945563,0.81399864,0.08823413,-0.009849787,-0.4847055
563,0.054808497,0.34699258,-0.12025887,0.09884751,-0.041103065,-0.065330386,0.05897987,-0.05923462,0.13597941,-0.117444396,-0.18257487,0.012280583,0.17608184,0.0005159676,0.032204717,-0.24137294,-0.25835693,-0.17105538,-0.090494335,-0.020905435,-0.0069451556,-0.22302175,0.061036766,-0.108307794,0.23037523,-0.016039848,0.09406257,0.008726954,0.4773094,0.101385,-0.03954819,0.26632065,0.6274898,0.05812478,0.41957036,0.21663542,0.64718246,0.1585506,0.050588667,0.3000329
564,-0.123805285,-0.123769924,-0.21737859,0.44635406,0.29768127,0.12756431,0.27654812,0.022988081,0.16083485,0.30725372,0.23487395,0.29357547,1.0038487,0.31758544,0.43636304,0.15691942,-0.5536456,0.39259857,-0.45842648,-0.0917902,0.49620956,0.09368779,0.42848212,0.114097536,-0.2903152,0.2506361,0.95926654,0.17351183,0.47520357,0.013917655,-0.26830027,0.09621441,-0.1447146,-0.4033093,-0.16889107,-0.30574352,-0.39158332,0.06911759,0.12900877,-0.0041326284
565,-0.06628389,0.1288802,-0.14218286,0.31401867,-0.25719392,0.13487968,0.396338,-0.124168605,-0.56524736,-0.37348932,-0.27297264,-0.09490037,-0.4271556,0.15946062,-0.096407026,-2.1630394,-0.37975508,-0.5624368,-0.66585386,0.20915985,-0.38185373,-0.10000113,-0.5430888,0.06537336,0.075763166,-0.23325202,0.07361892,-0.37146264,0.10974511,0.475231,-0.31630397,1.5109025,-0.11606202,0.28647384,-0.021440133,-0.14215627,0.022382796,0.52930915,-0.096477516,0.15903628
566,-0.014599949,-0.18483517,-0.8053714,-0.362011,0.44734997,0.41603392,0.8322882,0.3013283,0.37145898,1.106957,0.47036278,0.26059073,-0.37851635,-1.315138,-0.87525904,-0.68407476,-0.23155922,-0.3495338,0.10999051,-0.16996771,-0.41178393,-0.05408752,-0.13843042,-0.8162337,2.917264,2.3971884,1.3317361,0.7153062,-0.21671414,-0.41460228,-0.006922066,0.15435976,0.20004794,1.4076138,0.79406625,0.20491788,-0.9002166,0.084213495,-0.21631426,-0.020700216
567,-0.07628,-0.1479012,0.017168999,0.024451554,0.29623383,-0.06405528,-0.14887759,-0.15568948,-0.36085615,-0.027646571,-0.015376031,0.06873989,-0.3674437,-0.11267865,0.037433624,-0.080911696,3.1425135,1.8006066,1.3669715,0.54858947,0.9185269,1.2660072,0.5868453,0.8798596,-0.4682908,-0.08131684,0.10163838,-0.16431835,-0.26077104,-0.07454309,0.04243493,0.067435026,-0.20053582,0.0114219785,0.02035588,-0.20693171,-0.12433931,-0.14043787,-0.026613593,-0.07976085
568,0.1614573,-0.23658314,-0.2690453,0.1052523,0.7355037,-0.34254402,-0.18039817,-0.11457294,0.9409096,-0.12325047,0.386957,0.11436632,0.52350456,0.7504933,0.45212728,0.54250854,-0.53746766,-0.50317305,-0.42253232,-0.11967975,0.56511897,1.0417325,0.3158306,0.26780453,-0.25741822,0.00929755,-0.124717474,0.0042675734,0.22675788,0.12239924,-0.27945292,-0.044076324,-0.33987474,0.3808413,0.1106683,-0.51739335,-0.036800474,0.2408199,0.028029561,-0.10667145
569,-0.054635346,-0.23236406,0.53667814,0.451575,0.040224254,0.6929197,0.55169904,0.07506168,-0.45381272,-0.37652183,0.015421048,0.0010718107,-0.054444015,-0.11663194,-0.23141456,0.05713889,0.16025922,0.040707532,0.20289372,0.14681542,-0.09777701,-0.039053977,0.193698,-0.60691977,0.28212956,0.20639485,-0.021113455,0.15173453,-0.24732012,-0.19611537,0.13687879,-0.31684282,0.12828834,-0.54307353,-0.4591984,-0.20037904,0.48150378,-0.709821,0.2947844,-0.16578901
570,0.042635098,0.54378164,-0.098812625,-0.0862205,0.4889024,0.31338114,0.06680918,-0.19068712,-0.24097615,0.170809,-0.19625363,0.2605042,-0.10058054,-0.08989681,0.20258379,-0.083362,-0.20978722,0.05997725,-0.022247106,0.085913956,0.04915859,0.18059766,-0.67628634,0.16044864,0.016314447,0.1313779,0.37643915,-0.44828582,-0.124557674,-0.20040846,0.40246093,0.38952717,-0.42839134,-0.12778376,0.4926028,-0.39525223,-0.005415112,0.23178355,-0.12091872,0.09341428
571,0.3518079,0.79539925,1.2377665,0.6988356,0.22330947,0.15158637,0.2692522,-0.04489185,-0.2252394,0.07917001,0.3272219,0.1416936,1.7369428,1.0734501,0.22803804,0.48631042,-0.55056036,-0.22493616,-0.5178004,-0.25563383,0.19444472,-0.31963557,0.25587657,0.33930683,-0.6484037,-0.02443844,-0.17194892,0.32804537,0.9457907,-0.0012237877,-0.083704464,-0.3101927,0.010999203,0.4945135,0.34084004,0.08277419,0.6123959,0.18019384,0.3481081,-0.052323878
572,-0.27218837,-0.096251845,0.089125335,0.043031394,0.5922608,0.3130501,0.011290133,-0.031766593,0.026713848,0.12028128,0.04935041,0.039979994,1.429488,0.1976471,0.13977864,-0.06134802,2.7454581,0.9998443,0.44840568,0.37221113,1.3599658,1.6046197,0.4760605,0.13866532,0.30890226,0.03709188,0.05796209,0.06873065,0.08481455,0.12060703,0.006949961,-0.027824104,-0.2611168,0.03296578,-0.06603742,-0.06484133,0.32722515,-0.030494377,-0.059880078,0.09777957
573,-0.04543601,-0.11482317,0.094780475,0.12611547,-0.05762343,-0.022009522,-0.27548507,0.021841139,0.009843111,-0.008480936,0.1399681,-0.03684652,-0.12900859,0.28600708,0.11842013,0.5370319,-0.19035706,-0.5403381,-0.48737282,-0.39556283,0.003139615,-0.009117365,0.07144107,0.25835964,5.8589373,4.2022805,3.2794812,1.4915092,0.76335156,0.16270125,0.16653752,0.071781695,2.7445192,2.2683847,1.7864795,1.5095081,-0.022652611,0.12251803,-0.35836974,-0.11695087
574,-0.65198034,-0.38819367,0.6687706,0.8739728,-1.1797361,0.18545163,-0.18685834,0.17899257,0.18774822,0.06431547,-0.38208127,-0.006569028,-0.58997834,-0.5559607,0.04121551,-4.941225e-05,-0.6711899,-0.26622805,-0.0863605,0.38089257,-0.2568667,-0.39889228,0.1425659,-0.49490178,-0.64358175,0.33041507,0.38255015,-0.17270738,0.50075024,0.245422,-0.32249585,-1.0231508,1.6202191,0.95248586,1.6645952,0.84867024,-0.9230474,-0.30679765,-0.3171192,0.002575606
575,-0.1118767,0.85322756,-0.4868843,-0.22779742,0.6882328,-0.07084221,0.49043182,0.18619227,0.11453152,0.17027058,-0.4407413,0.37927043,-0.8718279,0.8299496,-0.49073434,0.071995,0.29009143,0.33511317,-0.4301786,-0.036465526,0.32252485,-1.1996397,-0.5290821,-0.45951927,0.108784914,-1.2654738,-0.33548933,-0.40095317,-0.5665581,-0.97767675,-0.4095376,-0.53774554,-0.79211754,-0.29338044,-0.8084717,-0.80691946,-0.36254975,0.34847844,0.00043965876,-0.29689705
576,0.017050862,0.19206256,0.04370582,-0.035620093,0.64640176,-0.121927164,0.26402545,0.17504233,-0.09000647,-0.08033419,-0.32267106,0.2047166,0.21122277,0.34045526,-0.14999992,0.2504414,-0.19217569,-0.22307914,-0.13404703,0.32284927,-0.14278877,-0.050902843,0.9395606,-0.073527575,0.07692087,-0.03715685,-0.17797858,-0.53457224,-0.040526748,-0.007830501,-0.038585544,-0.057527125,0.1874417,3.1381845e-05,0.4155689,0.23685211,-0.14346145,0.26010108,0.21536848,-0.423783
577,0.5767115,0.52262485,0.022199571,0.07792264,0.15224767,-0.40957406,-0.02908498,-0.041783333,0.33380675,0.38093528,0.2024346,-0.07543558,1.1131933,0.7584747,0.33113047,0.1670137,1.0033084,0.35397065,0.1765602,0.030115783,0.7603942,0.90533715,0.23164317,0.11010826,-0.43433595,0.031155508,0.012791693,0.019712925,-0.13580424,-0.06618433,-0.10214752,-0.025386214,0.35636437,-0.14896673,0.0071780086,-0.06253487,-0.004491776,-0.01567036,-0.005906284,0.016313493
578,0.9013838,0.7280911,0.6931623,0.6259061,0.11476934,0.26514095,0.10857093,1.2151873,0.18288445,0.40925896,0.45481062,0.6906979,0.09003389,0.016496636,0.13192114,0.53971124,0.10582197,0.4283946,1.534339,0.38654733,-0.23787296,0.10408968,0.6294619,0.6549564,0.007966161,-0.28272113,0.09018555,-0.09879571,-0.13537341,0.05299492,-0.25697714,-0.6939755,-0.36386284,-0.12809962,-0.06247744,0.28737187,0.85558987,-0.13301212,-0.5772451,0.20554084
579,0.58067375,0.9272533,0.18583643,0.09543151,0.103342354,-0.5780562,0.11376849,-0.06628752,0.42244148,0.10436487,0.5521178,0.28741568,1.3817146,2.3392215,1.2993505,1.305102,-0.4566688,0.060732603,-0.036184758,0.013445973,2.0913558,0.9538157,0.43084964,1.3433723,0.21181619,-0.18112935,-0.09313914,-0.40945178,-0.40012532,0.086771786,0.53537303,-0.1147244,-0.26689154,-0.08206919,0.4222123,-0.2927326,0.013118982,-0.07182127,-0.06545365,0.1749891
580,0.41098192,0.86790615,0.10824248,-0.4110661,1.9950024,0.16694605,0.7383727,0.19752336,0.006163746,0.5357981,-0.3093502,-0.061093777,-0.09027976,0.065867126,0.080049604,-0.077957496,4.197662,1.516038,0.5529325,0.58091307,0.2338197,1.53164,-0.701114,0.25227958,-1.4122922,-0.33726785,-0.4285162,0.5561891,-0.19189686,-0.35435194,-0.87394637,0.18172064,-0.2739082,-0.19013694,-0.22570957,-0.6492984,0.2611484,0.17167588,-0.13327238,0.023947954
581,-0.12256354,-0.009086549,-0.289801,0.5078259,-0.3092382,-0.26598948,-0.24468468,-0.5142962,0.322293,0.13833444,0.11988664,0.08606814,-0.01607275,0.04446256,0.035597444,0.55185586,0.3910025,0.18942088,0.43689534,-0.27060568,1.5738277,0.3943668,-0.13968545,0.29650727,-0.54630995,0.27461678,-0.7010398,-0.14805913,-0.088567615,-0.9468671,0.31325,-0.49322408,-0.2002886,-0.17864451,0.30789337,0.16419595,-0.33060765,0.081178665,0.1349036,-0.2646702
582,0.08650197,0.16964051,0.06566656,0.23096052,-0.065123424,-0.28951532,0.28816685,-0.034962356,-0.700754,0.28052115,-0.06780991,-0.0113479495,0.08404899,-0.47359598,-0.07892722,-0.23414695,3.7805684,3.7289498,2.4053278,1.0268948,3.804134,2.8177125,1.7895079,0.8984087,-1.1632214,0.02008681,-0.3481261,-0.50695014,-0.7634239,0.17882523,-0.17893279,-0.18050182,0.1812078,-0.0871584,-0.053572446,0.02103281,0.24969462,-0.12727731,-0.3358559,0.03208697
583,0.17192113,0.1755988,-0.05389303,0.43743226,-0.16772866,0.049533278,-0.13510758,-0.10147667,0.23756295,-0.06386605,-0.13760263,0.015080094,0.96120113,0.51301587,0.42574334,0.05627799,1.3961188,1.052997,0.20189603,0.010149419,1.368003,1.3398756,1.0643241,0.2452077,-0.9942696,-0.39850593,-0.6498785,-0.15576923,0.2107712,-0.12610787,-0.057133734,0.012767196,-0.36635348,-0.3449318,-0.080800176,-0.31176758,0.44971263,0.21741658,0.23505571,-0.04974109
584,-0.061056525,0.2860633,-0.080610394,-0.055427313,-0.4041373,-0.33522832,-0.17145878,-0.17233807,-0.18113399,-0.050631486,-0.31240022,0.17785746,0.48316088,0.43331012,0.050739247,-0.1680135,-0.42147782,-0.44543958,-0.092225775,0.0256778,0.0070779324,-0.032693923,-0.42989913,-0.6441518,-0.30414557,0.17520946,-0.10776092,-0.06741622,0.019570827,0.087592594,-0.19567317,-0.014683008,0.45371044,-0.38413382,0.1675533,-0.20398554,0.014248967,0.017379344,0.5022043,0.13440666
585,-0.47084156,-0.00042253733,0.2645326,-0.7863582,-0.21203399,-0.007141173,0.25402358,0.08929193,-0.61561996,-0.4426878,-0.042826623,-0.058755785,-0.18187582,-1.0062121,-0.2739424,-0.6477771,0.087557614,0.16731349,-0.16631573,0.02229482,-0.0054681003,0.30564246,-0.63584924,-0.15174663,-0.5388177,0.8119781,-0.44173342,0.12465003,-0.36358982,0.23239824,0.2175205,0.045291185,-0.5571271,-0.3934415,-0.3379431,-0.33521026,1.1497701,-0.04418975,0.26260367,-0.21346772
586,0.22113943,0.4880109,-0.42060488,-0.35735512,-0.38554657,0.9722977,-0.39847836,-0.038762897,-0.47071213,-0.42286235,0.4166932,-0.1836895,0.90535426,1.0288239,0.5504899,0.6803416,0.3476987,-0.0022851527,-0.4503064,-0.0107373,-0.061430275,1.1484628,0.050796628,-0.09929642,-0.29402024,0.13587472,-1.0508451,-0.1610266,-0.6859123,-0.06575391,0.58748215,0.086620376,0.016899288,-0.1356309,0.48705935,-0.18891242,1.1246284,-0.08930026,0.040817916,-0.1369797
587,0.16207331,-0.4248153,-0.5542865,0.24135,-0.24883336,-0.26623863,-0.29947123,0.09660888,-0.15926754,-0.1643503,-0.23535278,0.127536,-0.37942362,-0.1796601,-0.73966384,-0.79013956,0.15304255,0.09592414,0.34420574,-0.14690733,0.0025311708,-0.2983154,-0.74885094,-0.37957418,0.5986037,0.6781255,0.2604301,0.2334925,0.00327909,0.07670346,-0.047695994,0.522996,0.8074901,0.6076276,0.725487,0.3215802,0.2896375,-0.21878374,-0.0845349,-0.054820597
588,-0.6039725,-0.05547285,0.47950688,-0.6747725,0.14685899,-0.06764327,-0.09501614,-0.021395653,0.3271383,0.17184135,-0.5535437,0.2140431,0.5214566,-0.3952096,0.16904074,0.10723606,1.5590489,0.5421019,2.6204624,3.3491886,-0.179979,0.05944416,0.06695671,-0.32725534,0.2827517,-0.29733005,-0.10112639,-0.26058206,-0.40863308,-0.1116012,0.2964522,-0.89894897,-0.24819285,-0.5815157,0.22278547,-0.8071158,1.7993617,1.7576346,0.09113759,0.32732213
589,0.017105877,0.41837776,-0.30212024,-0.07127738,-0.23788619,-0.24651411,-0.11956495,-0.12605818,-0.22492671,0.036152303,-0.039168,-0.282422,0.03791505,0.071899086,0.23928842,-0.23480499,-0.21663257,0.04577738,-0.050596476,-0.14349681,-0.37401554,-0.27687323,0.25358874,0.110006064,-0.27363503,0.1442293,-0.3960387,0.407914,-0.26754975,-0.14268994,-0.10457124,-0.37140468,-0.8955088,-0.037885785,-0.41428986,-0.519434,0.62781763,0.23062891,-0.3241105,0.8446924
590,0.15840253,-0.32822728,-0.03264481,-0.24876863,-0.5255283,-0.10603519,0.4165846,-0.15787327,-0.13966997,0.3253061,0.086574435,-0.11348814,0.21874301,-0.61670125,-0.17446528,0.12205714,0.24514258,-0.40052193,-0.3531192,-0.19780447,-0.8885286,-0.04128754,0.37325907,-0.45453122,-0.13078374,0.12900528,-0.2629192,0.21994442,1.073097,0.4200284,-0.20211709,0.02569142,0.9464918,0.06271353,0.09780961,0.008036256,0.22735612,0.2564719,2.453623,-0.20318364
591,0.3083006,0.3994627,0.24274175,0.5509377,0.105997324,-0.35861185,0.22191209,-0.119813055,-0.14304113,-0.039877653,0.48995182,0.5836952,2.0501695,0.8254409,3.5654304,2.0974598,-0.08649671,0.005688876,-0.39314997,-0.21499175,0.23174256,0.5865976,0.20142475,0.29848176,-0.021333218,-0.29032016,0.007968485,0.0058769956,-0.18257904,-0.25662464,-0.2390303,-0.25329122,-0.100230634,0.22611612,0.26781303,-0.54604363,-0.3893538,0.2441886,0.31122342,-0.21760014
592,-1.6111898,0.066172436,0.05462265,0.39795825,-0.12642014,0.18432897,0.09089117,0.10125649,-0.23845762,-0.14059392,-0.27049786,-0.3675246,-0.013566971,0.05925548,0.26447332,-0.28877306,0.49917662,0.6586789,0.27464646,-0.06207896,0.27134383,0.2594661,0.24709402,-0.10264201,-1.5910172,-0.23435465,-0.12225361,-0.36035532,0.21000677,0.7580824,0.21005684,-0.1026032,0.034142733,-0.45077384,0.19977756,-0.16880083,0.05915916,0.08700067,0.13037302,0.015524901
593,-0.24069026,-0.015823066,-0.08666462,-0.08138877,-0.09415305,-0.14418757,0.06924307,0.37122288,-0.26002496,-0.264978,-0.00013935566,0.037380338,0.45703882,0.09885788,-0.0026265383,0.15307397,1.4342493,1.5294099,0.51382035,0.056918383,1.2841107,2.519527,1.075479,1.4885404,-0.73767483,0.097310364,-0.5082902,-0.36287242,0.13219482,0.017965198,0.13833684,0.82921576,-0.32588834,-0.21990293,0.13353676,-0.20983803,0.07272655,-0.38742414,0.41969126,-0.13968357
594,0.59161663,0.29638118,2.0100315,1.1521899,-0.11520958,-0.051264614,0.041485906,0.5056194,1.1886706,1.2954671,1.2662748,1.2325978,1.6281271,2.2571874,1.1045341,1.0672092,-0.31403717,-0.427145,0.101783544,-0.10446361,-0.11434418,0.22322032,0.028401136,0.13088837,-0.38844442,0.26921213,-0.17376333,-0.29477686,-0.21054977,0.4934786,0.08198288,-0.15518159,-0.29754347,-0.10260916,-0.008480936,-0.57660675,0.0782769,-0.07293999,0.76650286,0.18748987
595,0.15785839,0.2836934,-0.0044616163,0.028605223,-0.05202648,0.29090655,-0.07420522,0.061830997,0.13985395,-0.13856131,0.052854598,0.0063183904,0.228659,-0.14767271,0.06853914,0.032544404,-0.070748985,-0.0052238405,-0.036615133,0.019334406,0.0027301311,0.0777129,-0.004335493,-0.05382344,0.032538667,0.024599671,-0.029661924,0.010633707,0.065265074,0.065757886,-0.0024444163,-0.045639604,0.8724179,-0.22387311,0.03929794,-0.12147832,0.22221124,-0.015045702,0.0053573847,-0.02126503
596,1.2538986,0.41947293,1.0270516,1.0570493,0.106263995,0.42619133,-0.3391257,0.07311788,1.3265626,1.0263312,0.64296585,0.93039405,1.6164176,0.7737357,1.4843588,1.2844379,-0.04277104,-0.122733355,-0.5372367,-0.49314928,0.86116683,1.7824738,0.90557647,0.7905636,1.2149038,1.2341714,1.1590734,0.37946972,0.34987473,-0.44827914,-0.2834723,-0.1250568,0.09141213,0.26718152,0.06202823,0.32038063,0.23911536,-0.05451095,-0.08868387,-0.18209098
597,-0.23342574,-0.13590096,-0.20371026,0.31337982,-0.34020445,-0.2450332,0.22627795,0.39115745,0.016015377,-0.20603888,0.001971214,-0.50407386,0.069165334,-0.069286585,-0.17337874,0.8802173,-0.8841318,-0.9588803,-0.3498851,-0.11047417,-0.2538511,-0.52553284,-0.54276913,-0.10752877,-0.2683848,0.18230885,-0.40393516,-0.46333215,2.1674097,0.44583514,0.79305744,0.16816509,1.9342539,1.2885578,1.2137158,0.7970134,0.41482425,-0.7000692,0.5825056,0.04139805
598,1.3325025,1.3648468,1.1818805,0.8910646,0.051622033,-0.060222864,0.077568725,0.9498141,0.18793568,0.06215343,1.0489253,0.5333172,0.40840542,0.77780807,1.7386787,1.1427358,-0.220415,-0.21274412,-0.6772894,-0.8605402,-0.024013638,-0.16071689,-0.3942468,-0.4433087,0.27531984,0.10020333,-0.16484103,0.37492087,-0.46920136,0.11761374,-0.21010968,-0.42026013,-0.56301636,-0.48699674,0.39739543,0.8294061,0.20758563,0.579075,0.12705916,0.037249558
599,0.8596099,-0.17603643,-0.07976216,0.30690235,0.17555523,0.20731801,-0.012756407,0.3731035,1.1092533,0.7665573,0.7480727,0.55055207,0.30036664,0.24682495,0.19901845,-0.11298734,-0.24594676,-0.38760465,-0.005713403,-0.8214545,-0.0069260597,-0.13560176,0.5218614,-0.039797664,-0.20566237,0.29918605,0.08467555,-0.011093855,-0.42797947,0.004955791,0.1608854,0.0077231526,-0.9303709,-0.003967464,0.14028138,-0.15479541,-0.21472383,0.002172038,-0.09894839,-0.098709345
600,1.060819,1.8054585,0.21390669,0.019934654,-0.14616542,-0.51640874,-0.2118802,0.012943387,-0.26645714,1.0782881,-0.052460313,0.040089726,1.024568,1.070678,1.1181189,0.831066,-0.009310067,0.9174641,-0.52659106,-0.06913602,0.7455716,1.2444174,0.73704547,0.13259739,0.009683013,-0.39558828,0.12060046,0.16998541,0.4442937,-0.45679396,-0.26526034,0.104569435,0.8111163,1.0289433,0.9143313,0.33251828,-0.2854254,-0.3789444,-0.118839085,0.12972355
601,-0.073528826,0.20959562,-0.08034575,-0.22455215,0.34592175,-0.045630515,0.02903539,0.0779102,-0.4842847,-0.20155925,0.4682355,-0.11656502,-0.22300923,-0.29410744,0.06359136,-0.08451879,0.5378013,-0.011849165,0.78872824,-0.083584055,0.21226192,0.23321079,-0.24507374,0.7356789,0.7027489,0.8453732,1.3502669,0.7726313,0.51003414,0.49583113,0.7911185,-0.54710823,1.4690778,1.0016832,1.0229228,0.9083052,0.6892717,-0.47940564,0.18959528,0.69820637
602,0.8909707,0.8696203,0.47672415,0.24331915,0.025140643,0.15381366,0.155,0.63282716,1.2891469,0.6668366,1.0235112,0.9172267,1.1776948,0.629128,0.5098551,0.038544595,-0.4030778,-0.5431436,0.114682734,-0.44318733,0.48602772,0.42954305,-0.12451655,0.2204375,-0.52212965,0.22072929,-0.67622924,-0.07090485,0.03123431,-0.00061354414,0.23387921,-0.127078,-0.58612657,-0.70952594,-0.7646769,-0.004768908,0.4230251,-0.008609384,-0.34911296,0.83879054
603,0.37561128,0.24922921,0.07316899,-0.17533898,-0.12049222,-0.25163317,-0.21728212,-0.013927326,-0.18212953,-0.08684003,0.23339483,0.09274453,-0.13716674,-0.066285014,0.40646803,0.28243667,-0.05508977,-0.08865981,-0.28026843,-1.1752722,0.60826266,0.25354862,0.5448584,0.8272055,0.15908074,0.050624978,0.42449012,0.35024333,-0.21872392,0.33234894,-0.25194263,0.1774072,0.08427656,0.1209946,0.29067934,0.060682155,-0.38298663,0.19447187,-0.49879912,0.011103749
604,0.025673777,0.21594554,0.12203756,0.34854358,-0.21597205,-0.3670451,-0.21712427,0.08807865,-0.87005186,0.15138397,-0.14504862,-0.18925887,0.06316848,-0.15670884,-0.455369,-0.9204967,-0.6244719,-1.0079362,-0.12322645,0.30328518,-0.94119895,-0.44815466,-0.047411114,-0.6197323,0.10796772,-0.5304085,0.19138998,-0.11425924,2.2339919,-0.106476605,0.037742577,2.6725461,-0.6105189,-0.13033813,0.1285796,-0.06577576,0.10424264,0.039697483,-0.05380042,-0.0051181912
605,-0.06507188,-0.36481246,0.42294776,0.5578473,0.6222807,0.7642515,0.13281822,0.2497788,0.24712265,-0.026078783,-0.11252493,0.38730145,-0.8172593,0.84934914,0.21237671,0.5288023,-0.22122896,-0.6851108,-0.062924325,-0.10723746,-0.41679174,0.15146658,0.3240904,-0.1115669,1.4590602,2.5823326,1.2476956,1.0110013,-0.32981881,0.050172567,-0.03720826,0.20589924,0.5628933,0.3385097,0.46034384,0.08119205,0.21216264,0.09899676,0.5985395,-0.05241643
606,-0.09939623,-0.18760258,-0.04226792,-0.12123644,0.0446409,-0.10612732,-0.12905991,-0.15490672,-0.035777688,-0.2492533,-0.070860386,-0.025765598,-0.20639157,-0.15438965,-0.24922723,-0.058962226,-0.13652992,-0.7584008,-0.24305828,-0.17868903,0.012033641,-0.08948496,-0.056049675,-0.13992101,3.111323,2.3852868,2.02755,2.107392,0.9044818,1.084391,0.6166556,0.5027893,2.9328895,3.2054493,2.7782807,2.410464,-0.5063193,-0.18200953,-0.0059664845,-0.029466808
607,-0.02787447,0.16284317,-0.20397076,0.6918139,-0.26254082,-0.19671887,-0.25442827,0.3570928,-0.5581367,0.08558777,-0.104189396,-0.0005607605,-0.8996942,-0.3367956,-0.08766189,-0.32250896,-0.50861084,-0.084316984,-0.08558041,-0.2567147,-0.18652081,0.06342325,-0.23146728,0.027291566,-0.102025926,0.1088057,0.19608676,0.102303684,0.3470381,0.20649518,-0.11999977,-0.12328443,-0.24033237,0.05016552,1.1673807,-0.13628066,-0.14711407,0.14308462,-0.26342303,-0.2278828
608,-0.10496795,-0.3492968,-0.20596361,0.19610208,-0.19251692,-0.13180369,-0.2123834,-0.34324694,-0.32097536,0.24667117,-0.044365168,-0.06347555,0.068968415,-0.229581,-0.2245413,-0.4805237,-0.16585565,-0.536015,-0.07825863,-0.2846969,-0.374735,-0.197272,-0.22760579,-0.34672207,1.6974523,1.8512985,0.82616323,0.70467436,-0.2261985,-0.7490422,-0.06271723,0.34460807,0.34326458,0.30349404,0.2912819,0.60577744,0.022354528,-0.34977642,-0.5487491,0.033232808
609,0.0927909,0.55209565,0.0039544106,0.21081614,-0.5710766,0.050742894,0.09448734,-0.5749297,-0.08390783,0.18627219,0.010354042,-0.17629099,0.07622105,0.12178752,0.2619129,-0.5066873,-0.02783233,-0.22759977,-0.34367248,-0.12799877,-0.543044,0.22780572,-0.50359637,0.28730923,-0.6814168,1.3040265,0.25374544,0.8297445,-0.45494026,0.13486966,0.19067675,-0.29221097,-0.40597373,-0.5635723,-0.5187657,-0.27200025,0.19742554,0.012099981,-0.09874193,0.08985734
610,-0.23228991,-0.36082852,0.3192804,0.026369005,0.18780056,-0.3910922,0.14246222,0.03663423,-1.0476755,-0.52619785,0.28202033,0.24225569,0.039144278,-1.0407631,0.16428816,-0.074912846,0.052165926,0.67721915,0.30651584,-0.23366916,-0.017794073,0.17217013,0.19899815,0.6343106,0.28068313,0.9353204,-0.20106795,0.09691678,0.19549036,-0.17014068,0.055220846,-0.4162211,-0.14524725,-0.094911605,1.2405359,-0.157668,-0.16965705,-0.52906936,-0.19950669,0.0103209615
611,0.00017160177,0.08873466,-0.075030215,0.122826755,-0.00891602,0.35255185,-0.08586931,0.097356796,-0.20264208,-0.17409179,0.13699543,-0.16542172,-0.0053732395,-0.2157956,0.018096045,0.07920867,0.775545,1.3748248,1.9587905,1.4196427,0.15498787,1.0797622,1.929255,1.0737976,-0.2216028,-0.010130346,-0.01497221,-0.030136332,0.123387456,0.32537133,0.54810655,0.43539593,-0.050410986,-0.099399924,-0.042322725,-0.16985197,0.063642144,1.2498138,-0.37043786,-0.047052115
612,0.5655947,0.6443267,0.31591293,-0.30195558,-0.13286132,0.41470298,-0.35155243,-0.11597176,0.3583573,-0.5160515,-0.15300876,-0.7839081,-0.29148865,-0.60864145,0.007601917,-1.0303448,-0.03352797,-0.38895595,-0.09192467,-0.77319396,-0.25304538,-0.26618725,0.108795434,0.14402768,0.08990848,-0.18071264,-0.5920285,0.107682034,0.040056825,-0.09578586,-0.5067411,-0.29131496,-0.29833448,0.60375047,-0.20537151,-0.2682405,-0.1578142,-0.4083889,0.9623321,1.0194448
613,1.5650301,0.6258483,0.02992326,0.4230945,1.9601861,0.53692746,0.10218201,0.29615662,3.5687702,1.5736641,1.4035993,0.7010671,0.8213817,0.6171704,0.6627093,0.6059531,-0.28675282,0.055005908,-0.0012166798,0.045280807,1.2122288,0.76886135,0.21471179,0.35053062,-0.7318098,-0.5383167,0.2668682,0.06563401,-0.08897925,0.18458366,-0.2554383,-0.15118739,-0.4535594,-0.20885909,-0.067754924,-0.26278174,-0.03458643,-0.07408267,0.24363953,0.0722847
614,0.6172681,-0.14773253,-0.10022509,0.042724043,0.21460819,-0.12180129,0.2582726,-0.013989508,-0.18712318,0.07971384,-0.25451952,-0.15776974,-0.4755404,-0.21568426,0.028590024,0.1206522,0.031261563,-0.18836826,-0.22339198,-0.116684794,0.18890119,-0.49945825,-0.1289677,-0.12188387,0.00028944016,-0.20551029,0.092858106,-0.1939519,0.164558,-0.05145801,-0.13459009,-0.1862542,0.06990716,-0.16525161,0.12643641,-0.19949782,0.20100433,-0.050108373,0.10939637,0.09438968
615,2.3966122,1.1508181,0.7651105,0.8054772,0.18154883,-0.24898943,-0.34161887,0.07729134,0.7669497,1.4659812,0.19785699,0.0402866,3.263842,2.146204,1.268346,2.0414412,0.64311683,-0.024508119,-0.3421596,-0.08546427,2.1306958,1.4004031,1.1899561,0.48104152,0.13321126,-0.14991775,0.07614681,0.0604524,0.07211727,0.075473085,-0.028465487,-0.19250506,-0.18918511,0.14240202,0.23972073,0.173261,0.35126573,-0.022597492,-0.08107668,-0.1460768
616,-0.27735126,0.507742,-0.14175168,-0.2853642,-0.29625988,-0.10864997,-0.23763993,0.14043814,-0.2780739,0.15412164,-0.13121504,-0.13879764,-0.012037396,-0.9431189,0.021243036,-0.43488425,-0.36946502,-0.12792069,-0.066815495,0.2050718,0.23684192,0.22658241,0.08073628,-0.30314255,-0.5648787,0.02460444,-0.6283748,-0.044451416,-0.18781966,0.36788353,-0.24168348,-0.39604375,-0.4057712,-0.43459165,0.1387474,0.43940192,-0.14489704,-0.05096966,0.18634999,0.37548432
617,-1.0517534,-0.14856404,0.2989977,-0.33146358,-0.15001863,-0.08873969,0.0686779,-0.2307316,3.9956317,-0.065426886,-0.05838257,-0.009840846,0.104269624,0.09474147,0.08983826,0.08038372,1.1192025,0.51658785,0.9276027,0.31791654,1.1869488,1.1043844,1.38834,0.602947,-0.38802576,0.16175342,0.04631318,0.071945846,1.3658073,-0.014744282,0.1517481,0.10862017,-0.23522711,0.04221016,0.29683685,0.18702438,-0.10556102,-0.51705664,-0.7023599,0.0015010834
618,-0.10808128,0.18359241,-0.12508649,0.059239656,-0.056448698,-0.122541666,0.23817,0.059812695,-0.24124062,0.103937596,0.17867629,-0.009079576,0.038612068,0.06356907,-0.17968546,0.036206394,0.1298508,-0.7573372,0.08476275,0.05896213,0.14912403,-0.21498957,-0.070178434,-0.20805681,2.784203,1.7782754,1.3259895,2.4871168,0.05207008,0.02133557,0.24526958,0.19845194,2.5880752,3.6755989,1.4973501,1.5839827,-0.18523239,-0.11148521,0.05686608,0.16890591
619,0.54262376,1.1633098,-0.20814252,-0.38215646,0.12357885,-0.046665907,0.42195287,0.5399823,0.26219746,-0.5162238,-0.15970302,0.30252987,0.06662762,-0.08948892,-0.033145294,0.18899664,0.40058708,0.36787975,0.27863342,-0.5747515,0.8645278,-0.8254323,0.09864938,0.046356857,-0.04914324,0.1787005,0.39075416,-0.3158633,-0.11308092,-0.3720096,-0.34778437,-0.17236343,0.48084846,-0.04609999,0.10118866,0.32279888,-0.44616854,-0.11019939,0.17135105,0.43875948
620,3.8638673,3.0074196,1.6708579,1.9150372,1.3884469,0.17256129,0.24922156,0.32034612,2.501944,2.192507,1.6847013,1.606928,3.4011867,2.3949487,2.024836,1.9958429,0.41461718,-0.11598259,0.06568228,0.25302333,0.45196876,1.285425,0.79592085,1.0791552,0.41505668,0.2102616,0.11217767,-0.023822352,0.58705413,0.33091047,0.33461016,-0.02563572,-0.47594637,-0.27426326,-0.10741991,-0.20159775,1.1317222,0.437908,0.4604261,0.38619936
621,0.085115194,-0.061478138,0.10939463,0.48104846,0.057297766,-1.2707388,0.82850766,-0.5736394,0.014311373,0.35681283,-0.9952981,-0.35260934,0.17291014,0.6894357,-0.9955108,-0.24161136,-0.017703652,-0.35441297,-0.8442896,-0.055122852,-0.049497843,-0.089651614,-0.14987326,-0.58007085,-0.2298072,0.5059705,0.7398865,-0.40987808,-0.0051971674,-1.2726384,1.3066801,-0.46212804,-0.62993515,-0.12895729,-0.42108083,-0.63176006,-0.27539036,0.5538794,-1.0438238,0.21964532
622,0.61938107,0.20745723,0.30823043,-0.7602433,-0.23202312,-0.12540916,-0.10124369,-0.19726005,-0.64419365,0.3051813,-0.12912527,-0.47025138,0.30430067,0.745057,0.04274317,-0.35287887,0.31663862,0.84469795,0.43229985,0.405362,0.66432416,1.0012448,0.48995954,0.18796176,0.022969566,0.27487215,0.069276154,-0.07881391,0.04245439,-0.3282554,-0.5639673,0.10786277,-0.4136714,-0.7082471,-0.34060088,0.15880984,-0.56433916,0.025662512,-0.5479549,-0.522765
623,-0.082445264,-0.4417111,0.15452038,-0.25555164,-0.37086618,0.6565467,-0.06871368,-0.4632835,-0.15169436,-0.31260753,-0.24630879,0.074132755,0.7486162,-0.2032724,-0.5919627,-0.3442378,-0.03095603,-0.40082675,-0.8359109,0.01702416,-0.06868464,-0.16842823,0.13373032,-0.36676815,0.29427138,-0.30558792,-0.099055946,0.040192693,0.53301513,-0.15287758,-0.078334324,-0.1745466,0.61299443,-0.37376422,0.4314468,0.022267789,0.14297265,-0.015740514,0.019811288,-0.9646401
624,0.5859144,0.73124135,2.4281676,0.9966756,0.016512573,0.3249094,-0.3085054,0.5802633,0.22873291,0.35590342,0.8510549,1.0874989,2.0802126,1.5802221,2.8787878,1.6307917,0.18660295,0.80558145,1.0592619,0.44177228,0.17362028,1.3742173,2.425066,1.4576068,0.17345953,0.14957899,0.014722586,0.3927157,0.32271013,-0.17538658,0.00401181,0.18021816,-0.3933814,0.274073,0.1413544,-0.24327035,0.061990798,-0.3390023,0.32520372,0.0683375
625,0.4864385,0.38770044,0.5719127,1.6306542,-0.2725786,-0.17471826,0.033244133,-0.049075842,0.19565868,-0.32278493,0.45584506,0.57320505,2.9769435,1.7684224,1.4844682,2.1911137,-0.91771877,-0.047667384,-0.11087373,-0.38769186,0.0040813684,0.2616288,-0.0046379566,-0.25909635,-0.26584634,-0.4408602,-0.48881245,-0.119808495,-0.40840486,-0.38863468,-0.24148996,-0.11404723,-0.20874786,-0.21767187,-0.21876429,0.13401443,-0.20230532,0.4740476,0.6109618,-0.33160686
626,0.9258367,0.5275073,0.3929988,1.1059127,-0.35173956,-0.6920398,-0.050620794,0.20261359,-0.056709766,0.5618408,0.76316226,0.3785506,2.7624605,1.0801709,1.8812903,1.6179056,-0.7585152,0.334865,0.012881368,-0.3284853,0.23468079,0.56757534,0.05363539,0.21552429,-0.8691448,-0.2164107,-0.0057206154,-0.2767695,-0.13920319,-0.27422136,-0.4112969,0.15839142,-0.18163352,-0.036064073,0.0561769,-0.5763419,0.21909776,-0.038095117,-0.05436039,0.10935342
627,-0.14632723,0.28226805,0.021476246,-0.47333103,-0.21316314,-0.50552475,0.2949121,-0.36815155,-0.03603959,-0.6708902,-0.0955231,-0.1718103,0.044065475,-0.38804707,-0.16625687,0.09422115,-0.028535306,0.082425356,0.70830846,1.1391187,0.012035131,-0.6446778,-0.5022809,-0.37531036,0.5866409,2.2837062,0.9197844,0.8228368,-0.5861508,-0.4050147,-0.37532276,0.3721872,0.39570272,0.68142605,0.10189331,0.14517042,-1.5264536,-0.36298075,0.037988298,-0.1937004
628,0.060592808,0.07225913,-0.30634832,0.032157898,-0.25796565,-0.16528958,-0.23586738,-0.21852042,-0.5736585,-0.065146804,-0.113076985,-0.15953279,-0.0762434,-0.26867032,-0.34749737,0.11177516,-0.142604,0.026909113,-0.20628673,-0.2654534,-0.14000696,0.058104396,-0.22871119,-0.17930233,-0.24542254,-0.08559209,-0.04263573,-0.16698724,-0.5026835,-0.13451254,-0.15451337,0.00378412,0.15768805,0.07397786,0.19846022,0.0160411,0.61860275,-0.063580155,0.19770515,0.17936671
629,0.24666896,0.14893526,0.22875024,-0.054706395,0.15129721,0.1475353,-0.08657521,-0.08284411,0.0023980439,-0.15104066,0.19047755,0.08249581,0.392847,-0.57226145,0.43844992,0.090266794,2.864485,2.1120386,1.1942765,0.64289415,1.53671,1.762487,2.2934132,2.7471156,-0.4452564,0.19313562,0.0075489283,0.045976505,-0.4088514,0.042196095,-0.21862373,-0.085874915,-0.03304565,-0.076870024,-0.12120092,-0.12099409,0.0777027,-0.2940292,-0.1278345,-0.09331405
630,0.29555532,0.39809316,0.049024165,0.43014997,0.20182133,0.48432788,0.13932514,0.2856433,-0.23016784,0.24561352,-0.21898699,0.39868367,-0.03621185,-0.22880596,-0.48962986,-0.28192723,-0.41258937,-0.29390356,0.026311368,0.23530552,-0.3607267,-0.5528543,-0.13023734,-0.19762701,0.8301509,-0.05333817,0.09620696,-0.0018690117,0.20247161,0.29824919,0.16341603,-0.39535338,0.59470123,0.37282416,-0.64808553,0.112075046,0.70862126,-0.13689616,0.42565778,0.4411648
631,-0.7271325,-0.18574107,-0.14414296,-0.52333546,-0.22998399,-0.514025,-0.52527547,0.21194172,-0.9419235,-0.49587804,0.4358568,0.08230555,-0.48585457,0.27411157,-0.332055,-0.1790086,0.47195163,4.069204,0.4850292,1.0546843,-0.60925937,0.28039622,-0.4349239,-0.15474784,-0.14086027,-0.3406308,-0.031913042,-0.38040406,-0.44718373,0.22883932,-0.2992924,-0.3759461,0.1426785,0.36078104,-0.0042147636,0.17390165,-0.4593015,-0.16813815,-0.22576493,-0.26338628
632,-0.20913374,-0.33799362,-0.011039555,-0.30480933,0.09891963,0.21328276,0.7273653,-0.24506937,-0.20861137,-0.18782765,-0.19811362,-0.25932017,-0.2930058,-0.5964991,0.15213838,-0.50542825,-0.26872373,-0.3693248,-0.5361783,-0.22385025,0.09424305,0.33461088,0.444008,0.13797444,-0.124868035,-0.27431017,-0.42602766,-0.93096983,-0.31233335,0.90379363,-0.36776334,0.053860486,-0.06390709,-0.56908226,0.002797395,-0.47954544,0.19242263,-0.57476324,0.20574367,0.094103515
633,0.17024797,0.34884864,0.096781194,-0.050943792,-0.3355837,-1.0442047,-0.23100519,-0.1811769,-0.07465206,-0.22156361,0.18034124,-0.26332587,-0.29854977,0.27761966,-0.48150095,-1.1712084,-0.41681993,-0.4872269,-0.020773768,-0.4306149,0.04375255,0.07064824,-0.77107835,-0.63934505,0.55007887,-0.6603222,0.16331978,-0.15177625,-0.6294822,0.73924094,-0.032272607,0.5136315,-0.54839444,-0.682829,-0.24418655,-0.021356776,-0.44425833,0.13887863,0.25431097,-0.064845145
634,0.17575169,-0.076698005,0.013098717,-0.3297251,0.5190838,-0.077546716,-0.18865097,-0.2574631,-0.29989266,-0.25356996,0.03426399,-0.2380141,-0.4629228,0.15242696,-0.3598857,-0.051757455,-0.08373046,0.25060678,-0.2886895,0.28458342,-0.033200204,0.09629381,0.27387118,-0.05407977,-0.023083419,0.012784243,-0.25217736,-0.01742196,-0.04141146,0.2554046,0.23029453,0.25275314,-0.36877167,-0.06444329,0.39380515,0.036497414,0.3991811,0.07157409,0.07891083,0.16058505
635,-0.9695452,0.75697523,0.4669577,0.40857464,-0.07623756,-0.52222365,0.37208766,-0.3662954,-0.4303426,0.19026333,0.35829926,0.43184382,-0.13358271,-0.19408287,0.43259284,0.35198608,-0.1471659,-0.008971572,-0.6636923,-0.4737119,-0.3529427,0.24813291,-0.24824864,-0.46263483,0.01657033,-0.35667577,0.24410176,-0.028846055,-0.18954408,-0.34320444,-0.048956305,-0.044595927,-0.17275083,-0.4596295,0.06802237,-0.70573074,0.48249385,0.13113976,-0.37819386,-0.10839422
636,-0.14861226,-0.29198092,-0.29799715,0.09643403,-0.18828806,-0.44773322,-0.43617663,-0.006020546,1.3677061,0.026015729,-0.3007484,0.35023305,0.42746502,-0.3459605,0.03531289,-0.1967211,0.19605757,0.7492789,0.028005421,-0.02006486,0.04487337,0.08329028,-0.06723368,-0.01428467,0.08126396,-0.411883,-0.16589475,-0.070668936,0.65990674,0.27640504,-0.32487023,-0.12121025,0.029503524,-0.19937211,-0.10555911,-0.10806605,0.03386289,-0.39743346,-0.011432499,-0.40324524
637,-0.2209999,-0.040209174,0.022979356,-0.4582967,-0.18223608,-0.2950198,-0.17205751,-0.31587666,-0.903162,0.032918513,-0.12287626,0.01712799,-0.17048943,0.13753402,-0.23310739,-0.4062904,-0.19118714,-0.34243977,-0.7236543,-0.17878328,0.18417364,-0.5486471,0.5366658,-0.014666319,-0.11005026,0.1107209,-0.8125038,0.057023507,-1.1887767,-0.30325893,-0.26538363,-0.17189983,-0.19762778,0.62248915,-0.3280145,0.08929634,0.14002395,-0.06965463,0.30519,-0.40055162
638,-0.19605497,-0.14399968,-0.014524788,-0.3109607,0.0071997643,0.14196879,0.18649575,-0.24292712,-0.01642704,-0.0867161,-0.16022113,0.09570578,-0.13853276,0.05883956,0.08013435,0.035328038,-0.020064294,-0.05164194,-0.6611771,-0.11057931,1.3340719,-0.08949286,-0.16813523,-0.069084466,-1.5072299,-0.21482891,-0.27249902,-0.019820806,0.041098,-0.14102331,-0.23958503,-0.056484327,0.045408577,-0.04700786,-0.20866042,-0.38867274,0.055478275,-3.3257976,0.25853604,-0.17860541
639,-0.4362699,0.41459304,0.24834603,0.33355856,-0.7652743,-0.061990142,-0.32300633,-0.05159998,0.17695773,-0.44908437,0.010712177,-0.06772721,-0.27771795,-0.19114685,0.24543571,0.7846188,-0.34423608,-0.5329497,-0.25041205,-0.4548409,-0.44947207,0.27495974,-0.25489363,-0.12874478,-0.8725791,0.21241054,-0.10549745,-0.18609539,-0.4136815,-0.4597919,-0.3330313,-0.4909649,-0.44808716,0.28472131,-0.07480492,-0.48374507,-0.30580246,0.20076618,0.30598086,0.008374035
640,0.8087218,0.4085166,0.40870535,0.35293508,0.44694132,0.36261338,0.26725835,0.127004,-0.04054928,-0.4906485,0.29931512,-0.33809876,-0.38645065,-0.19357184,-0.5377574,-0.8795646,0.6180631,0.3408311,-0.9669793,0.13678804,0.107565045,0.35376376,-0.28864995,-0.2675494,3.3775952,2.103208,1.3622705,0.32801405,0.31698042,0.24099395,-0.25437427,0.54818755,-0.10467756,-0.1307432,-0.035235763,0.27932507,0.5067869,1.4149802,0.52389395,0.21813215
641,0.13278484,-0.8540787,-0.32726553,0.004026562,-0.06349474,0.2709577,0.5114603,0.389449,0.061246663,0.15748078,-0.038372457,-0.10168973,-0.37021083,-0.4029996,0.015920192,-0.3536039,-0.26926303,0.037043273,0.07301307,-0.13910908,0.030012473,-0.06403926,-0.30822015,0.59131974,-0.054980308,0.4673628,0.097637296,-0.21330512,-0.1086261,0.4124484,-0.5069754,-0.14856914,-0.5716504,0.37259483,0.22727042,-0.105930805,0.27168775,0.13192034,0.20423953,0.14485684
642,-0.17914402,0.32329994,0.46965313,-0.35964963,0.34493262,0.17912003,0.41132364,0.21970902,-0.18204927,0.24017659,0.16796665,-0.018181935,0.12433326,-0.50350636,-0.3614866,-0.6272039,-0.41105768,-0.08215892,0.27055144,-0.216367,0.043328702,0.05900523,-0.49330288,-0.39981276,0.1440708,0.22746843,-0.26302218,-0.18682988,0.0148563385,0.3966748,0.15680844,0.3152486,0.011835635,-0.28690422,-0.5431937,-0.9228529,0.42417076,0.09569994,1.3959565,0.3179077
643,0.21821877,-0.017852306,-0.1991834,0.5399538,-0.2743209,-0.44635966,0.018568076,0.4892428,-0.144413,-0.049928844,0.08941907,-0.07364428,-0.051338255,0.06937647,-0.29521492,-0.65705466,-0.28834063,-0.35691923,-0.5039001,-0.17917165,-0.039787143,-0.29862756,0.0911721,0.11292818,-0.21060151,0.17486626,-0.5009536,-0.36005056,0.117979914,0.090755485,0.11395779,0.10600802,-0.15960672,-0.5340984,-0.058720052,0.14352022,-0.010660723,0.07104793,0.13541979,-0.37565333
644,-0.5525834,0.6167511,0.1591227,-0.34471375,0.28790116,0.42856428,0.9449508,0.24900502,0.328838,-0.034027785,-0.29275417,0.023091346,-0.69636965,-0.15951097,0.4492526,-0.27501673,-0.27891693,-0.1801033,0.33335686,0.27468744,-0.1335139,-0.6126747,0.1310476,0.058846593,0.3805522,0.47366428,-0.006295711,0.5459442,0.036532357,0.19207582,0.2269339,0.35462952,-0.4432085,0.087892294,-0.2696504,0.122215904,-0.18342614,-0.28017855,0.3878201,0.42539313
645,-0.20902729,0.13163757,-0.3381009,-0.2822848,0.538725,-0.17398947,0.071381375,-0.12042296,-1.0203327,-0.4741919,0.18428582,-0.096333206,-0.57004523,-0.37679982,-0.27624196,0.07001984,1.6841401,1.4950839,0.58276665,0.4614669,0.5328474,1.8295367,1.4432862,1.5728383,-0.1670996,-0.19455355,-0.46169233,0.3406226,-0.025252461,-0.18191084,-0.2534597,0.050583124,-0.36809024,-0.17148879,-0.15287255,-0.1684404,-0.051415026,0.05682704,-0.4966529,-0.10061765
646,0.09916132,0.8224919,0.22476882,-0.1868208,1.1146497,0.09810972,-0.12468183,-0.33665532,0.17184362,-0.12594253,0.0029784143,0.054099392,-0.17510037,-0.6988182,-0.073515624,-0.37909937,-0.09215462,-0.4455039,-0.04584825,-0.14944345,0.23785368,-0.02976475,-0.05179143,-0.4768006,0.35091552,0.0053515136,-0.5244473,-0.8256149,0.66858923,0.21670869,0.24847206,0.40746915,0.6919799,0.0121792555,0.98355484,0.8168912,0.021178078,0.35065854,0.0037941933,0.26765716
647,-0.1522516,-0.41921246,-0.0028675199,-0.14247447,0.0016077757,-0.13046426,0.14647543,0.14801925,-0.21441036,-0.11261791,-0.08282536,-0.12415099,-0.0031388998,0.15369177,-0.2351929,-0.16572028,-0.15432608,-0.34324157,-0.34610277,-0.21545687,0.03079617,-0.09942542,-0.43567944,0.008544803,1.233424,1.6949009,1.0441346,0.8377831,1.3121278,1.3875729,0.46871573,1.1136533,2.791983,2.8339782,2.6106255,2.4466887,-0.43133318,-0.5875149,0.035009027,0.33464965
648,0.054702997,0.17887762,0.19691473,0.59065276,-0.17921746,-0.47899303,-0.14628977,-0.05923587,-0.28453267,0.08557168,0.27744734,0.03322047,-0.07469058,-0.4235313,-0.46410856,0.24276954,1.0712163,1.0492085,0.29999092,0.7388076,-0.19403577,0.4430684,0.037353992,0.16159052,-0.18571657,-0.37829325,-0.38058597,0.026064634,0.50087756,1.0174496,0.60453403,0.2188681,-0.44265014,-0.4589221,-0.2110153,-0.48741788,-0.50391906,-0.42629224,0.59885895,-0.060142756
649,-0.03567463,-0.4010115,-0.18691552,0.03793925,0.5474465,0.92166626,0.44449311,0.86785483,1.1567806,0.7509696,1.4017339,1.0350754,-0.2418778,0.30141002,0.22381698,0.14742908,-0.3401006,0.34118173,1.0892398,-0.53875893,0.13989043,0.013936415,0.48375317,-0.03566593,-0.46377194,0.09752788,0.3449399,0.3539234,-0.29438335,-0.13611858,0.56877416,-0.10169661,-0.41095,-0.3322305,-0.30623722,0.22433865,0.20524424,0.18812245,-0.69735724,-0.23989323
650,0.36709774,0.05960168,-0.20233601,0.3436591,-0.05131954,0.039542735,-0.14724854,0.016566545,-0.4458363,-0.19120707,-0.42430973,-0.36599085,-0.23364168,0.22931975,0.4734838,-0.06979528,-0.061267912,-0.24681962,0.2764104,-0.45773783,0.1885891,-0.37196016,-0.10530189,0.61415905,0.13242131,0.393775,-0.46447778,0.06256773,-0.10876268,0.12969533,-0.025077105,0.41791803,-0.13187078,0.14144093,-0.04697247,0.06628105,0.82847697,-0.24219653,-0.11725214,0.1835855
651,-0.18490715,-0.09414035,-0.13792676,-0.08817148,-0.04372406,-0.33265853,-0.036126927,0.32399523,0.022065662,-0.124949574,0.22701527,-0.10646627,-0.0046365857,-0.095621645,-0.12925903,-0.16147965,-0.20364809,0.09150021,-0.39285973,0.10691625,-0.058649838,0.41079876,-0.12685,-0.67188585,4.7923727,4.127861,4.0355673,4.2936635,0.24776821,-0.1880422,-0.45708662,-0.08032566,4.2067695,3.099619,2.3075738,2.3821003,-0.50955284,-0.33008763,0.030779779,-0.24674639
652,0.33912873,0.13590181,0.6606407,0.26070875,0.049207807,-0.2800541,0.32494217,-0.22739705,-0.7228995,0.081464976,-0.23377538,-0.35972327,3.68404,1.0019494,0.4545958,1.8457282,0.7911876,0.71382034,-0.08664885,-0.011324942,1.2608654,1.9637389,0.5952849,0.6597757,-0.27879673,-0.3794737,-0.1490044,-0.0068798065,0.948787,0.2951255,-0.38504967,0.36254656,-0.19449031,-0.6701215,-0.2051531,-0.26522896,0.28154725,0.32676497,-0.32375747,0.29731554
653,-0.05134338,-0.8772913,-0.069909655,-0.14328939,-0.7043241,-0.28334898,0.17210834,0.32949725,-0.14386678,0.01038884,-0.23821345,-0.36333284,-0.059094906,0.4203775,-0.5300411,0.0493235,0.14570975,0.7721089,0.66370606,1.3615144,0.27188075,0.22674596,0.37582254,-0.06338954,-0.4951892,-0.59444344,-0.37288505,-0.43115982,0.23605573,0.11372399,0.44849285,-0.39887762,0.6539442,-0.1837495,-0.35351562,-0.31772408,0.05438275,0.038521767,0.2644621,-0.12741351
654,0.47552732,-0.71177304,-6.901473e-05,0.09983277,0.18337762,-0.040087104,-0.50738084,0.11915526,-0.6667168,-0.8037987,-0.4853442,-0.6509937,-0.31770825,-0.020329475,0.0203631,0.0066862106,-0.12260878,-0.565601,0.56808186,0.2065284,0.36374113,-0.24040726,-0.5228493,-0.6490092,-0.10404289,1.4113541,0.48429254,0.24476826,0.06689417,0.6823545,-0.38080227,0.62441266,1.1332381,0.34913042,0.56052375,1.8846796,0.1579206,0.09788373,0.05206141,-0.21876414
655,0.04220611,1.0656451,-0.52411914,0.25094104,-0.6844686,-0.088944435,-0.11284387,-0.5023688,-0.8446548,-0.39224494,-0.07139224,-0.21596384,-0.48673636,-0.20360422,0.06927264,-0.2965176,-0.18245058,0.5014546,0.30415744,0.07384503,1.3982135,-0.55037636,-0.16121724,0.6443962,-0.34756863,0.14928788,0.044462204,0.07420647,-0.25727952,-0.47349006,-0.2734651,-0.3901031,-1.0910718,-0.60415614,-0.56072843,-0.40996403,-0.35649025,0.36413953,0.18403816,-0.44527954
656,0.43575102,-0.21224159,-0.31442517,-0.079341054,0.7983499,-0.012306035,0.31973714,-0.1913138,0.303232,-0.20369124,0.62923074,-0.02853264,-0.10081315,0.51683426,0.058800682,-0.17581397,0.61947685,-0.4328054,-0.13709849,-0.3683228,-0.08280933,0.9185381,-0.20923033,0.1909638,-0.28243273,-0.321718,-0.17082822,0.33216852,-0.17943011,0.16746658,-0.6409052,-0.3643868,-0.71259886,0.18744692,-0.34738666,-0.0695039,-0.5016742,-0.09110145,0.25945204,-0.18446624
657,-0.023609221,-0.20727587,-0.030242562,-0.17770284,0.051783323,-0.36319864,-0.40479568,-0.22194862,-0.1085552,-0.109639764,-0.061745405,-0.113452435,-0.003758669,0.07534027,0.0010336637,-0.074955344,0.078547955,-0.20273793,-0.06556198,-0.22189963,0.058194995,-0.4095533,-0.48157614,0.32675064,0.8118881,1.3739164,0.71325743,1.0179008,-0.09037745,0.257778,-0.0946154,-0.089025676,0.8323922,0.61423457,0.9443571,0.40866208,0.11520541,-0.43802357,0.024814188,0.05490911
658,0.0034815073,-0.09675172,0.07179189,0.013698339,-0.9844364,0.0066275597,-1.4936502,-0.4070781,-0.8864619,-0.023383752,-0.17998672,-0.38967228,-0.45060086,-0.38314176,0.3828411,0.39717066,-0.22730058,-1.0443861,0.22151375,0.19914657,-0.0871799,-0.5962664,-1.0102305,-0.51760185,-0.17842835,1.2041411,1.5237119,0.48928368,-0.5984564,-0.09259886,-0.19199592,-1.4176878,0.87276256,0.29359528,0.054781377,-0.13914344,0.3962905,-0.27791435,0.0451027,0.056151778
659,0.2338888,0.27315396,0.5575375,-0.1636931,-0.66979504,-0.23580617,-0.34957445,-0.30796504,0.23521942,-0.4378255,-0.07360613,-0.036840618,0.084061205,0.6174522,-0.5203862,0.18679446,0.060842037,-0.37945336,-0.3067837,0.2461595,0.7385254,-0.1941526,-0.07838328,0.2110523,3.6805186,4.2523017,2.8965762,2.475595,-0.21033356,-0.10644415,-0.19071156,-0.42589694,0.63267446,0.39729744,0.6415467,0.23594761,0.13937731,-0.7392671,0.22921455,-0.17935294
660,-0.6626107,0.31268817,-0.45938087,0.58684707,-0.060704514,0.13593654,0.103757784,-0.16455358,-0.12537074,0.46196365,0.032861203,0.16259134,-0.259719,-0.17844512,0.41602832,-0.112148345,0.182697,-0.43903834,0.046427637,0.34970713,-0.10083507,0.2781617,0.6761224,0.40827942,-0.07905638,-0.32747164,0.14810893,-0.059997797,-0.41169488,-0.15558352,0.041317314,0.118046105,0.67400146,0.19465998,-0.24331269,-0.5752988,3.1809554,0.26085597,-0.2909907,-0.36777082
661,-0.33128846,-0.16422868,0.5290232,0.15351737,0.51621205,0.047323704,-0.59346104,0.057716668,0.0277583,0.32027265,-0.11793384,0.38669744,-0.12072313,-0.2550524,0.12233099,-0.17957008,0.5517843,-0.3004994,0.311719,-0.29609925,-0.20203137,0.58771425,0.16637996,0.28026998,0.55900073,0.039190233,-0.313466,0.04804945,-0.24233168,0.13193487,1.0000465,-0.016348302,-0.1963366,-0.23454045,0.13832617,-0.016754031,-0.22859444,-0.11035329,0.62646943,-0.35849643
662,0.77975893,-0.3421695,0.2143516,-0.09372598,0.34398615,0.40050995,0.14111099,0.041260615,-0.34434777,-0.19278616,0.3453604,-0.38644916,0.3214816,-0.3592822,0.7005489,-0.51846826,-0.24105954,-0.26970562,2.3338726,-0.24243361,0.96075433,-0.1458171,0.14122248,0.64696056,0.07706997,0.09389746,0.21155357,0.16093035,0.5656477,0.2750795,0.19303188,0.052846074,-0.6158849,0.2587059,0.17869902,0.49049687,0.30300924,0.10202944,0.5270762,-0.35626698
663,-0.06589104,-0.1484827,-0.4789765,0.050285753,2.7724216,0.79295224,2.7205396,1.0200315,0.48888388,0.6085186,-0.053339347,0.79270434,0.35006982,0.065441936,-0.048258126,0.02493114,-0.09603356,-0.4732408,0.2313025,-0.1410929,0.62341774,0.11720544,1.3670702,1.0008036,-0.22233468,-0.051133275,-0.17427297,0.326633,-0.5318266,-0.23864491,0.14214517,-0.04585156,2.3577874,1.8751206,1.9954885,1.8778912,-0.16532972,-0.14270467,-0.12163079,-0.067380145
664,-0.029877663,0.02657561,-0.13064694,0.06272748,0.008154511,-0.43091574,-0.50072694,0.22905931,0.70704484,0.09098715,-0.07594928,0.2909839,0.6854335,-0.43471372,-0.2535748,0.16920424,1.2614446,2.5835679,0.61932194,-0.03693746,-0.078370884,1.3754792,0.3442977,1.328735,0.26816547,0.08670002,-0.083057344,0.39660794,-0.45467988,-0.35859233,-0.22686148,-0.7234862,-0.18745032,-0.41499096,-0.05162914,-0.42150474,-0.6477808,-0.53868306,-0.12921977,-0.51209366
665,0.456168,0.1688134,0.35604733,-0.10776049,0.33157972,0.93090963,0.25994813,0.071905255,0.09932004,0.29804027,0.5957084,0.28589028,0.09526831,0.22985482,-0.03245447,-0.2795141,-0.19039196,0.4231528,-0.42525235,-0.6467546,0.061315723,0.42668176,0.7822927,0.37956297,1.2911428,1.141346,1.4632269,0.3034573,-0.016727239,-0.018194199,0.4436702,0.03255163,0.86215717,0.26581293,0.3728255,0.28677654,-0.6072846,0.19380048,-0.13206232,0.21107554
666,0.3705244,0.17622489,0.14502975,0.15249252,0.6209786,-0.029499173,-0.03527586,0.2224232,0.009914756,-0.14390251,-0.17989177,0.061105072,0.17836666,-0.041012466,0.05898583,-0.17441086,0.024587035,-0.07628308,0.040712714,0.17262143,0.37259448,0.6629104,0.19131064,0.1755575,-0.033281267,-0.12478256,-0.095922135,0.15750504,0.56041473,0.05571437,0.44903722,0.3489786,-0.33730257,0.48335737,-0.03720425,0.18128242,-0.29398385,0.40502134,-0.0501104,0.1678139
667,0.124409586,0.8486563,-0.015723538,-0.20915477,0.25306872,0.6467432,-0.11398841,0.12119424,-0.0036295652,-0.13226342,0.25738287,0.59748864,0.25186545,0.3974145,0.2000357,-0.36486673,-0.13050514,-0.5338807,0.0032808036,-0.44168407,0.5718036,0.102478296,0.1339258,0.25531322,0.020938724,0.30162597,-0.1020959,0.30177897,0.54528815,0.39614397,0.6960788,0.19557917,-0.2741994,-0.23403817,0.3072257,-0.02535513,-0.19293618,0.04652524,0.26813373,0.109725654
668,-0.08718234,-0.91657865,-0.39760938,0.21815407,0.99104065,0.06662971,0.18824679,0.16547354,1.3534808,0.65105397,-0.27069768,0.1921655,-0.07826376,0.050279167,-0.0075533986,-0.605255,-0.09225589,-1.3502796,-0.20235527,-0.19049546,-0.28805876,-0.7720414,0.3272129,-0.6851223,1.9512806,1.2356131,1.2087322,0.48069763,-0.29792017,0.2783785,-0.30284482,0.48474035,0.7869739,2.5258312,1.0319273,1.2720199,0.123102665,0.43206754,0.11825979,-0.28821993
669,-0.41341785,-0.5990362,-0.6054889,-0.5873398,0.4870789,-0.18452588,0.63568455,0.86533356,0.0062253475,-0.937176,0.047750056,-0.23859966,0.06371093,0.29314882,0.59707403,0.017437905,0.28179356,0.43670744,0.35587227,0.4011533,-0.2846008,-0.02464199,0.98955274,-0.62431973,-0.57478064,-0.25903302,0.04361981,-0.41855538,1.5617818,1.7538185,1.0590748,0.4788056,0.7370758,0.82565933,1.483202,1.6741823,0.91822976,0.5307181,-0.007595867,0.03877523
670,0.046011567,-0.22407356,-0.084435485,0.09806456,-0.09581539,-0.23555905,-0.2827009,-0.121593826,0.059400886,0.33576083,-0.23182824,-0.111013144,-0.43106273,0.21439508,-0.37180784,-0.13837662,-0.08831373,0.03573045,-0.30395222,-0.4539341,0.14674059,-0.02632147,0.055225894,-0.270416,-0.37787288,0.14500047,-0.20621654,-0.4592811,-0.1224359,-0.377764,-0.25291204,0.41115978,0.6281454,-0.37521902,0.11175007,-0.25415024,-0.16768882,0.34735736,-0.16150656,0.092174284
671,-0.20324308,0.42529958,-0.12675896,-0.05507666,0.95806104,0.1050989,0.41989982,-0.27096173,0.58680737,0.12836581,0.5048212,0.4465676,-0.21652716,0.06720793,-0.48865333,-0.40994507,0.23493725,-0.44137454,0.037377477,0.06633678,0.14218545,0.031181008,-0.2401922,-0.09624994,0.17591435,-0.46475816,-0.5129441,-0.2798075,2.4683719,1.2218102,1.5833594,1.393604,6.1993895,4.3780637,3.5155382,2.4614823,-0.634496,-0.09432098,-0.09428428,0.14279725
672,0.44038188,0.11469793,0.28438947,0.06466347,0.14548361,0.16235445,0.1388869,-0.007933378,-0.040011287,0.19412875,0.031265914,0.043178797,0.4535061,0.62771857,0.25702065,0.42214006,-0.08905375,-0.34702933,0.1397152,0.009680986,0.47472703,0.42911845,0.3181042,0.29065537,-0.32474375,-0.31794405,-0.045891225,0.08011198,0.23335582,0.10496426,0.0946008,-0.11332965,-0.31032783,-0.20289958,-0.20436488,-0.015012264,0.056782197,-0.45525998,-0.4566421,0.29841995
673,0.12884074,0.2400594,0.093905,-0.10673298,-0.10779148,-0.22827192,0.0830217,-0.18396911,-0.3928799,-0.07432026,0.10110837,0.088554144,0.78960454,-0.02118415,0.946039,0.0033573806,5.8323493,4.4882255,2.7274573,2.580063,1.9735656,2.9133391,2.5479908,2.5908003,-0.46352834,-0.3013805,-0.42674384,-0.15689659,-0.0036176145,0.05618292,-0.27910423,0.001832217,-0.22472218,-0.08462623,-0.15639082,0.04742658,0.19085479,0.038939346,0.077064544,-0.1267584
674,0.48151207,0.09962332,-0.22105521,0.007278681,-1.2125578,-0.2373772,-0.4590756,-0.46273595,-0.4766515,0.032962292,0.068521395,-0.019725442,0.000734061,-0.2040058,-0.09107551,0.03859231,-0.00998503,-1.0656992,-0.07560408,-0.32996327,-0.25199956,0.21281773,-0.46970165,-0.6662156,0.69152796,0.42700884,1.0476811,0.5694258,0.38265964,0.54557645,-0.2981007,0.5741681,1.4417862,1.2579904,0.7398768,1.1871842,-0.3239379,0.048209563,-0.0677017,0.013480604
675,-0.13986039,-0.8153018,-0.138017,-0.18915948,-0.4812658,-0.2068867,0.0095790215,-0.017239705,-0.36081377,-0.24120359,-0.23645963,-0.20418106,-0.8938423,-0.44179767,-0.39358026,-0.77809757,-0.35156074,-0.12801892,-1.0713853,-0.13947563,-0.3155021,-0.9025276,-0.4213767,-0.6451533,-0.042089567,0.29481027,0.21942623,0.47530502,-0.320294,0.01905267,0.48538494,0.76037693,0.20466767,0.23269299,0.27993426,0.49626777,0.13353062,0.22162527,0.28066617,-0.0022695065
676,-0.39752853,0.1140953,-0.1585198,-0.29593378,-0.040786535,0.011528105,0.05566576,0.38780308,-0.25368783,0.046755195,1.0350372,-0.1736666,0.41733253,-0.39251125,0.019646883,-0.546903,-0.023785293,-0.12140465,0.32500046,-0.3576683,0.73412764,0.11240175,-0.4632595,-0.1536594,-0.7889759,-0.053004682,-0.42031145,0.14910817,0.43574065,0.2755826,0.59125674,0.43782952,0.3645535,0.332845,-0.25798306,-0.29073894,-0.2724818,0.907677,0.36165127,0.04693353
677,-0.12919676,-0.47536695,0.12846829,-0.06105542,-0.14057058,0.1606586,-0.14199908,0.07993895,-0.58126014,0.025546134,-0.14502159,-0.003638804,0.043617487,0.07779333,-0.24478996,-0.1068493,0.065754175,-0.6331637,-0.21445999,-0.08347523,-0.06572181,-0.14544646,-0.5461217,-0.41680777,0.14084661,0.4421094,0.40754175,0.38696423,2.448572,2.1512196,1.5180025,1.4634639,2.576319,3.0622091,2.4355848,1.1959779,0.0756582,-0.15520912,-0.010940313,0.060035884
678,-0.49016854,0.12708127,0.21312654,-0.018809557,0.15173462,-0.20118792,0.034871012,0.31062514,-0.6934496,-0.24424735,-0.4376017,0.41579282,0.011598587,-0.33801234,0.45735115,-0.32577115,0.36262733,0.3041668,-0.36815467,-0.17130972,0.08991331,0.12580228,0.63069165,-0.17637607,0.16100037,0.49386302,0.34616107,0.1180802,0.25657225,0.15990083,-0.089488,0.090262026,0.47350463,0.41698167,0.17019752,0.38196895,0.25420845,0.36692822,-0.07143703,0.17314643
679,0.25644252,-0.12884599,0.007198006,0.44054508,0.2384901,0.025827795,0.8282312,0.50494343,0.48022163,0.6113245,0.8041129,1.1213292,-0.24309462,0.22713211,-0.55117655,-0.21834296,-0.16318208,-0.76156235,-0.657008,0.275983,-0.18967527,-0.53297687,-0.39898825,0.14278579,1.3135266,1.8020401,2.3697865,1.105283,0.1876531,0.50090057,0.34909225,0.5393565,3.5006733,1.8987131,2.3749502,1.9534798,-1.0522445,0.24233523,0.20664227,-0.2191825
680,-0.23009685,-0.012596987,0.12443519,-0.19546145,-1.0711576,-0.026729971,-0.5404796,-0.23060322,-0.64314264,-0.14412662,0.11018795,-0.2016856,-0.25082865,0.07898837,-0.060472727,-0.29104915,0.1022405,-0.27770442,-0.2321582,-0.14976743,-0.16449353,-0.5750855,0.057559997,-0.41659522,3.469921,1.9285448,1.4135958,2.6081798,-0.3510796,-0.5602852,-0.39911675,-0.55398774,0.81469053,0.20393908,0.29871625,-0.28202432,-0.3392505,-0.2577633,0.31396857,-0.26334748
681,0.3673212,0.17486376,-0.30346143,-0.03888937,-0.37921637,-0.11470212,0.1532587,0.22826946,-0.294649,0.32517475,-0.19970292,-0.2213169,-0.112284474,-0.7439821,-0.50577074,-0.26497146,-0.06907911,0.81934536,0.57394224,0.54784244,-1.8276105,0.3184629,0.3480506,-0.103002965,0.2711538,1.0682456,-0.17645253,0.05113533,-0.20280981,0.06501071,0.09805402,-0.180612,-0.123704225,0.17483804,0.3025625,0.053332776,-0.02428794,-0.3911428,0.07443756,0.17667487
682,-0.06344938,0.35654488,0.04993528,0.18059915,-0.39082313,0.6766007,1.0560502,0.32967627,0.74001026,0.5331603,1.6434757,1.0785338,1.6879145,0.014968216,1.8995986,0.45245832,-0.12694076,0.3675648,-0.022761844,-0.40871295,-0.030492142,0.38330156,-0.23092622,-0.21972135,2.6088316,1.9241692,0.5841509,1.288124,-0.49827895,-0.38766867,-0.54195344,0.07042311,0.45237845,-0.11221967,1.0109484,-0.38763005,0.0136992335,0.1171642,0.339175,-0.3018983
683,-0.027597755,-0.38418412,0.30846345,-0.39200172,2.3639753,1.5336803,3.2254486,1.6166755,-0.24681345,0.6518577,0.21597223,0.6350441,-0.80914986,-0.278585,-0.5033634,-1.1108447,-0.17703226,0.38437584,0.38277057,-0.07607645,-0.15480399,-0.41345903,-0.1606047,0.119666934,0.6708754,-0.56955457,0.20197272,0.30344528,0.38146967,-0.57602996,0.1266712,0.03605692,-0.25407636,-0.48076546,-0.2501855,0.016421378,-0.05434916,0.053199843,0.047273688,0.7873617
684,0.42869288,0.47143853,0.2884605,0.23374021,-0.067312256,0.17006493,-0.28344756,-0.008824408,-0.48006213,-0.27936617,-0.19262587,-0.09249723,0.36100638,-0.20545161,-0.67459416,-1.297463,1.4285432,0.6888449,1.3322158,0.17418714,0.06215854,0.3513554,-0.24724561,-0.041977078,-0.09012574,-0.3477119,-0.07244143,-0.2168552,-0.043048054,-0.46504334,-0.21193296,2.96393,0.10254313,-0.36565652,0.053058922,-0.61668885,0.7196597,0.12062843,0.39517564,0.297478
685,-0.8210178,-0.050849825,0.029184163,0.0031758547,0.040378273,-1.0280269,0.0813559,-0.05072552,-0.7886045,0.023731373,-0.08592349,-0.06451893,0.20447087,-0.13487297,0.14966336,-0.16205049,0.024971157,0.45286107,0.22183146,0.0010428429,0.565212,0.6777335,-0.32609615,0.6464203,0.9901754,1.2686749,0.25377333,0.46927154,2.2860188,0.9623343,0.22986227,0.043536544,0.5084189,0.33008274,0.5510317,-0.055206418,0.12668681,0.1421281,0.25049192,0.094454885
686,-0.601946,-0.5509218,0.090852514,-0.6248004,-0.05075115,0.0145729,0.48690003,-0.26000947,-0.14743164,-0.463046,-0.45845774,-0.45498702,0.038191438,0.08613768,-0.25559208,-0.33109078,-0.5240168,-0.20017415,-0.54136246,-0.7077267,0.15895253,-0.73104155,-0.5386552,-0.1978702,-0.14042503,-1.1357305,-0.424528,-0.55694807,1.3707263,0.11818063,0.2983845,0.1555713,1.116812,0.92349124,0.95788884,-0.18219581,-0.0787206,-0.33195257,-0.12800188,-0.21634755
687,-0.26354134,-0.34937322,-0.3592051,0.34358537,0.2369819,-0.20768058,-0.23073661,-0.053951778,-0.58005786,-0.3484094,-0.43650946,-0.9749351,-0.4917714,-0.25638106,0.25871632,-0.24574569,-0.2559504,0.02279222,0.21889943,-0.52396154,-0.3149261,-0.4150428,-0.24338943,-0.1126551,-0.25571203,-0.64078474,-0.019716442,-0.48353457,0.71981466,-0.26357102,-0.8498879,0.26419818,-0.39608926,-0.14129278,-0.3150026,0.19025591,-0.39272654,0.28848273,-0.29414147,-0.111768186
688,0.014303207,-0.32462344,-0.1848439,0.06402019,0.38519377,0.24813446,0.20004341,-0.060229182,0.16116744,0.05672738,-0.09391087,0.04025781,-0.18547821,-0.29501614,-0.12278229,-0.08216866,-0.16464543,-0.39684558,-0.18837386,-0.32593736,-0.09465802,-0.21710849,-0.15665868,-0.075098455,0.81241524,-0.042844355,0.04330328,0.3025994,0.46618396,0.15244561,-0.36045933,0.43847704,0.19543007,0.1984841,0.5941484,0.41304386,0.12510943,0.08900708,0.27749807,0.24403445
689,0.39658058,0.1955682,0.32570517,0.3662097,-0.1086517,0.024413288,0.40015897,-0.11823559,-0.54099244,-0.26840526,-0.24630755,0.010772541,0.25097483,-0.030601926,-0.20966595,0.5576805,0.08769798,0.2660489,-0.2413218,-0.39667988,-0.45311952,0.28597152,0.065258294,0.23751754,0.11993629,0.4731223,0.38351983,0.14406845,-0.41204423,-0.17586756,-0.60230666,-0.13469774,-0.015573531,0.2996187,-0.012668133,0.23699981,0.5768553,-0.091213584,0.26557475,0.22165379
690,-0.4353671,-0.6256803,0.025253057,0.40526658,-0.3495053,0.24243224,0.0019023418,-0.16651005,-0.18508059,0.10597607,-0.21316972,-0.49926725,-0.45455903,-0.55459666,0.3432131,-0.38639262,0.1387806,-0.2651257,-0.269143,-0.45761332,-0.81348556,-0.18183851,-0.051523477,0.16931222,-0.74803823,-0.44450855,-0.23539445,-0.22365475,0.7636726,0.7919239,0.7413409,0.9842765,0.03894441,-0.55755585,0.8410384,-0.4794597,-0.29449373,1.1992458,-0.5235075,-0.3510078
691,-0.5320368,0.34418017,-0.5296563,-0.017997086,-0.13545954,0.035231277,-0.28253308,0.042592436,-0.68396354,-0.07487069,0.5843937,-0.21875459,0.32452226,-0.35953313,-0.41829446,-0.23181464,-0.6162815,0.110918164,0.41245687,-0.027797103,-0.45014286,-0.33832937,-0.25073445,0.15911436,-0.08738637,-0.66532356,-0.18220603,-0.0630306,0.08700529,-0.37270632,-0.058745563,0.05935584,-0.85491955,-0.29719758,-0.5677508,-0.5405958,0.065485656,0.35470307,-0.41930073,0.13683344
692,-0.07102603,-0.15241557,-0.26280987,0.17131932,-0.17477962,-0.122006565,-0.0811086,-0.06264587,-0.20774883,0.00898543,-0.008785322,0.3522541,2.8096201,0.118309096,-0.14866583,0.13211131,-0.4322968,0.08779213,-0.18155318,-0.028842658,0.079579234,-0.19030848,-0.22587636,0.04899347,-0.097901106,-0.0991213,0.18887898,-0.5315279,0.2065885,-0.258117,0.34844774,-0.10726294,-0.19637573,-0.17061956,-0.36088485,-0.352121,-0.036651343,-0.112230405,0.17192169,0.47366673
693,0.41451085,0.22398299,7.8976154e-05,0.0058312416,-0.017799854,0.13170573,-0.16610445,0.17901564,-0.25658143,-0.064065754,-0.20455675,0.24906337,-0.30716467,-0.12932774,-0.11729682,0.03223014,-0.09472275,-0.15867381,-0.020073533,0.04752657,-0.77025414,-0.40302056,-0.22783089,-0.062441707,-0.5612755,-0.21389419,0.047223687,-0.15254414,-0.097213924,-0.25715226,-0.093051165,-0.07999611,-0.31031132,-0.026411861,0.09793165,-0.1531766,0.2671798,-0.054924548,-0.037742615,0.08469215
694,0.39531115,0.47504342,-0.2032854,0.17863292,2.5349102,1.1428266,1.3744913,0.45040455,2.2781916,2.0766096,1.0877731,0.83497804,0.14844424,0.040801108,0.18513066,0.47286952,-0.22587556,-0.035663515,0.54133326,-0.10565126,-0.07677698,-0.4015467,0.244447,-0.36664483,-0.11003888,-0.52307904,0.3698383,-0.16319364,-0.14588508,0.39104977,-0.103008375,-0.5209682,-0.12130484,0.18008241,0.4352308,-0.497957,0.28259382,-0.41024065,0.85043246,0.33397484
695,-0.14084709,-0.1511541,-0.0058394074,-0.003410995,0.55858743,0.035164237,0.13974696,-0.013844341,0.23399115,-0.14683965,0.15597647,0.10514432,0.14589715,-0.019833922,0.15449941,-0.0057628155,1.5090697,0.80910426,0.74808127,0.30447787,1.3893236,1.5346917,0.68786395,0.83404374,-0.27386832,0.036866963,0.50822157,-0.24127257,1.4588311,0.86318153,0.23295075,0.0076414943,-0.26699263,-0.0035916567,0.051289916,0.79783285,0.44593328,-0.20552734,-0.013037652,-0.029941082
696,-0.04023829,0.261284,-0.01857309,-0.0034558177,0.8228093,0.45832044,0.6938571,0.26801386,-0.46424803,-0.119002104,0.30211464,0.3493937,1.5919992,-0.38419884,0.141428,-0.052609324,-0.10429931,-0.06916702,-0.29277888,-0.12064171,-0.086642325,0.030308828,-0.61094946,-0.68052346,-0.569162,-0.5777308,0.20925528,-0.04930836,0.73559314,0.42649016,-0.031595804,0.080828905,0.76688284,-0.5964391,-0.6048223,-0.5168817,-0.4067829,0.20536736,0.8338889,0.047204196
697,-0.0791997,-0.40231562,-0.23795706,-0.26147026,-0.023938805,0.46594134,-0.18629886,0.350281,0.4968716,0.29591706,0.5443894,-0.1390848,0.18359336,0.060985282,-0.052448988,0.03673467,0.14367059,-0.08253628,0.23985282,-0.38962987,0.006326854,-0.08218624,-0.22208811,-0.041757558,7.315441,3.5062914,1.9151682,3.249313,-0.89253044,-0.158355,-0.099292636,-0.05984363,0.99186766,0.32832366,0.53766966,0.33297655,-0.020494282,-0.15989257,-0.029188484,0.31935918
698,-0.16715728,-0.049957365,-0.15452859,0.33932388,0.07041699,-0.045558453,0.35680115,0.08411822,0.13775188,0.59393996,-0.20872125,-0.5741117,-0.19235873,-0.14281112,0.022813559,-0.9927708,0.17571992,-0.14056349,-0.3376034,0.0075142533,-0.010918856,-0.0024469495,-0.062390983,-0.31579968,0.119318485,0.13937598,0.2530719,0.121546865,0.7606294,-0.03655058,1.2535119,0.10533807,0.3462158,-0.011683494,0.48035297,-0.09197405,-0.31925058,-0.08979842,0.7676187,0.73423004
699,-0.36444724,-1.5244066,-0.94952863,0.0011442304,-0.23392707,-0.20186406,-1.0699537,-0.5168625,-0.41481426,-0.2817529,0.2692678,0.1147452,-0.5893702,0.8078854,-0.07939744,-0.7115872,1.1693946,0.59414166,0.8378005,0.24059978,-1.0632102,-0.3716883,0.27878654,-0.57603604,0.118740425,-0.46483028,-1.0641072,-0.9448913,-0.7281846,-0.32984054,-0.18558234,-0.3943081,-0.3369557,0.29510373,-0.41029412,-0.23435201,0.72748876,0.31028888,0.027784735,-0.13972002
700,-0.12221172,-0.12617567,-0.16093984,-0.19347405,-0.19221604,-0.42220372,-0.47020888,0.40903354,-0.20055857,-0.038164303,0.0068041123,0.18519044,-0.09689963,-0.33477786,-0.2858076,-0.59211123,-0.7948366,-0.3168165,-0.30293575,-0.3410648,0.05831662,0.10365402,-0.54079956,-0.056500897,-0.1473118,-0.1628927,-0.06690666,-0.32796997,-0.17581016,-0.4735343,-0.1491164,-0.112303734,-0.22468299,-0.095755614,0.24506205,-0.31793356,0.5755765,0.14719763,-0.024102628,0.08239558
701,-0.47132233,-0.35093305,-0.14872009,0.01581186,-0.8521888,0.29075623,-0.40328515,0.341764,-0.19566086,-0.46661237,-0.3709407,-0.22481884,-0.3560406,-0.034267902,0.585566,0.19150034,-0.3347605,-0.54919887,-0.035885453,-0.3027624,-0.06544912,-0.43236002,0.059170425,-0.39214912,-0.22922242,0.2600016,-0.6183306,-0.036444932,0.72310865,0.31140515,0.0060938895,0.028333843,-0.35635903,-0.26465642,-0.065515995,-0.037780464,0.2902844,-0.063515365,0.6157898,0.21690929
702,0.6221345,0.34632665,0.96557295,0.6382475,-0.04827261,-0.32764697,-0.08075607,-0.46775353,0.05206132,-0.13026631,0.10835886,-0.14194131,0.2695166,0.6974038,0.3524177,0.6112391,-0.057462692,-0.48123044,-0.1626945,0.06844472,0.29642022,0.33950388,0.36606115,0.61047703,0.26300603,1.7695979,1.1836402,1.6207614,0.7738369,0.43144798,0.4510852,0.918209,1.8036268,1.9955325,2.0504217,1.3547709,0.23219037,0.17895317,-0.046768427,0.08703381
703,-0.23880923,0.22096848,-0.13103741,-0.19854844,0.05678314,0.762444,0.39261562,-0.11795731,0.23813355,0.034024604,0.5751053,0.13645002,-0.36801457,0.07064605,-0.4826698,-0.19848245,0.28848523,0.21329981,0.26667526,0.15435612,-0.26082852,-0.2669116,-0.45525473,-0.1286267,3.8754282,2.3341024,2.3447428,1.8925633,-0.26925087,-0.09504023,-0.059950203,-0.24751186,0.46849287,1.041451,1.316591,0.68773735,-0.41114444,-0.081630826,-0.2982816,0.018960297
704,0.9785634,0.17755014,-0.11242898,0.88304746,0.8193759,0.20936146,0.18101898,-0.1639694,0.70280945,0.16146836,0.5560294,0.36675155,0.5198133,0.0496355,0.3595598,0.3395676,0.54041463,1.1256542,0.8107364,1.202767,0.18913537,-0.14332765,0.14064163,0.17627658,0.24373499,-0.16024637,0.13681544,0.24006695,-0.21895805,0.108278126,0.22398841,0.19185352,0.038960095,0.3967443,0.49776846,0.013304368,0.6663323,0.43194297,0.8145292,0.86801624
705,-0.07921207,-0.08568159,-0.28805977,-0.066957854,-0.13726902,-0.1867049,0.7403748,0.022627965,-0.22574034,-0.11104298,0.8702941,0.33970535,-0.027719855,-0.31703502,0.22653404,-0.7944302,-0.051837623,0.011052549,0.03549903,0.2515049,0.17965025,-0.28047052,-0.27662104,0.4417128,-0.45223945,-0.16565594,-0.24726596,-0.45799112,-0.1562044,0.14196885,0.06285262,-0.23317659,-0.27991065,0.09063594,-0.13152269,-0.119511425,-0.20156616,0.12350267,0.23517187,0.56987786
706,-0.69899285,-0.07702633,-0.032894433,0.2405421,0.024375856,-0.20449695,-0.04455298,-0.2931727,-0.33517742,0.04831607,-0.1896097,-0.103364766,-0.15049142,-0.11485854,-0.12346435,0.23230338,0.67131376,-0.048220098,-0.09697801,-0.13055387,-0.4726897,-0.09350443,0.014934063,-0.10983884,1.8670216,0.8831585,0.6724243,0.06844072,-0.25816345,-0.49620882,-0.093473315,-0.19320035,0.587522,0.3428248,0.7767236,0.095466495,-0.40874264,-0.5776207,-0.37328687,-0.1184476
707,-0.4632273,-0.1753658,-0.08674982,-0.032700554,2.4700015,-0.28746986,1.3253669,0.023111224,1.4555368,-0.2103485,-0.058099456,0.050558567,-0.04739064,-0.69573134,-0.5909689,-0.27367628,1.4331603,1.9237963,0.061528385,-0.18198985,1.4452381,1.4501901,-0.25192398,0.0014007092,-0.6596105,0.44611967,0.38228405,-0.30788264,-0.017105758,-0.035401106,-0.26936734,-0.06801221,0.2253097,0.12630507,-0.089586616,-0.10447723,0.592293,-0.22962391,0.06347704,-0.36472464
708,-0.08527732,0.18435594,0.35612342,-0.17252013,0.33061576,0.30404222,-0.16462666,-0.077797815,0.47111076,-0.021214887,-0.073721245,-0.051721394,0.31822065,0.2859155,-0.33937204,0.18304813,-0.37132126,-0.5177686,0.12956598,-0.9243413,-0.03282231,-0.40951544,-0.62633985,0.18188202,0.37059027,1.5959284,0.5206817,0.18414903,-0.091023386,-0.976756,-0.49318755,-0.39914477,-0.04079491,-0.28041336,-0.049849987,-0.05126989,-0.06375378,0.01850766,-0.26149887,-0.1642583
709,-0.033499002,-0.024489284,-0.21159604,-0.077445865,0.2509045,-0.072425105,0.013122678,-0.13780457,-0.37413073,-0.43526936,0.02063369,0.07199901,-0.5262437,-0.4233642,-0.014904141,-0.018650293,0.45052147,0.06639665,0.13043755,-0.008873463,-0.37581134,0.1385003,0.07223964,0.101486444,-1.0782741,-0.35554382,0.11287165,-0.14740741,0.49244153,0.045710623,0.037138104,-0.014766872,0.023163944,0.11794472,0.03539431,-0.09256667,0.02957949,-0.17304665,-0.05186799,-0.017823458
710,-0.37744838,-0.010451883,-0.6532351,0.19593501,-0.10867387,-0.2637887,0.4627456,-0.11706649,-0.84939015,-0.14899094,0.07831946,-0.000536263,0.03526461,-0.1857872,-0.09994924,-0.1351232,-0.65846205,0.17403892,0.18697327,-0.25969046,0.06376076,0.61762524,-0.6110758,0.10093278,-0.099247396,0.11397755,-0.053863734,-0.09774593,-1.0441792,-0.30665457,0.0056714863,0.2741344,-0.74342835,-0.30330276,0.16035621,-0.21049905,-0.17415646,0.5270056,0.42123306,0.4114185
711,-0.068843365,0.006385207,-0.12864238,-0.064259745,0.24428028,-0.1803175,-0.072200954,-0.04424101,-0.22860962,-0.11423108,0.09036851,0.071822524,0.035577297,-0.45765215,-0.08696234,-0.015179634,1.7583123,1.0618635,0.4461685,0.22726123,-0.35490632,0.85665756,0.049529195,-0.067072034,-0.65016246,0.2513231,-0.09232326,-0.06707208,0.24893439,0.042346656,0.07341468,0.045153916,-0.31092542,-0.060744286,0.111302555,-0.15684828,-0.27723068,0.13435991,-0.08310187,-0.016842842
712,-0.28834033,-0.041698337,0.0403412,0.1316939,1.0077643,-0.29752773,0.36832136,0.11196025,-0.23233777,0.00542102,-0.1624195,-0.015736625,-0.207878,-0.3276562,0.12979877,-0.13167363,0.24083376,0.71682173,0.21255302,0.40362,-0.35896206,0.6092189,-0.047525644,0.14406079,-0.5646411,-0.22490704,-0.18893676,-0.3271721,0.036983967,0.01612258,0.24058712,0.021406949,-0.22971144,-0.02113378,-0.13534015,-0.13804698,-0.061295033,-0.3119264,0.18875447,-0.35477224
713,-0.36143705,-0.2320461,0.05168566,-0.258193,-8.016825e-05,-0.1395456,0.084558874,-0.13925505,-0.08828813,0.028761059,-0.15200007,0.39235556,1.0702544,0.6772313,0.14083505,-0.08714709,3.2392929,3.3559678,1.4128008,0.8261914,2.0773282,2.243449,1.0556635,1.4371133,-0.38264573,-0.024306387,-0.41416636,-0.30892813,-0.8778869,-0.3569849,-0.07383624,0.07692072,-0.28419122,-0.03264737,-0.07644585,-0.12023577,-0.056396037,-0.09080437,0.2441739,-0.43739352
714,-0.31028664,0.28142637,-0.5717331,-0.24085774,-0.028328538,0.40815246,-0.0942609,0.25131074,-0.4573424,-0.27569255,0.044888854,-0.35772488,-0.375351,-0.053536773,-0.1187644,0.36535275,-1.5341682,0.64162606,0.3704145,0.47102123,-0.15510327,-0.07946175,-0.7337079,-0.4753636,-0.1212886,0.01285474,0.15481639,0.2244517,-0.29601714,-0.019568622,-0.40961492,0.30538106,-0.14533752,-0.8839656,0.5312135,-0.032352567,0.10489631,0.8241533,0.63558626,-0.044979095
715,0.3349896,-0.024935722,-0.3559603,-0.4840305,-0.8328439,-0.022594035,-0.5941414,-0.28866833,-0.91755795,-0.54006904,-0.103743345,0.38031554,0.567343,-0.48773548,-0.52832973,-0.35133058,-0.47714543,-0.33468005,-0.10163891,0.022556126,-0.3431363,-0.8709378,-0.45669794,-0.13829288,0.19563663,1.1271574,0.104845405,0.16671276,-0.6777706,-0.2913588,0.17656142,-0.06250468,0.11050455,0.29962292,-0.5081325,0.12345332,0.04083389,0.0036407113,-0.049280167,0.43384326
716,-0.36256823,-0.66546655,-0.6051592,-0.22334999,0.117748976,0.06433532,-0.5128989,-0.4750195,0.111539066,-0.5014371,0.22295235,0.20823619,-0.23329586,0.26038113,0.030149728,-0.620618,-0.25554127,-0.80347073,-0.25498635,-0.604922,-0.3926198,-0.06591773,0.21313775,-0.7031499,-0.021371424,0.2117514,-0.01219146,0.39118028,0.16846156,0.56772864,0.040052366,-0.42423916,0.048665583,0.17377412,-0.50762033,0.7694762,0.09549874,0.42244437,-0.037287414,0.9425558
717,-0.106794596,0.04546821,0.44648585,0.14538307,0.046988565,-0.13838367,-0.1079453,0.04655695,-0.04293847,0.084317535,0.1899966,0.21428394,1.4171567,0.017791986,0.29692662,0.6486152,2.7772784,2.0033488,1.0863712,0.6903599,1.7488136,2.562921,2.5968778,1.510647,-0.6781151,-0.21555924,-0.40282273,-0.35028315,0.15348047,0.100500345,-0.08087087,0.19273734,-0.028948009,0.03783667,-0.11357349,-0.1579062,-0.10653442,-0.18116048,-0.16755193,0.092620194
718,-0.20823735,0.40445164,-0.18680759,-0.019496456,-0.05161202,0.29324812,-0.060073614,-0.38621104,0.2637089,0.013004571,-0.6106226,0.2198006,0.038441777,0.06624067,-0.32618722,0.34811574,0.045348883,-0.27066875,-0.08298707,-0.36475754,-0.033398032,-0.23683238,0.6424086,0.06944767,0.11905658,0.13557856,-0.66388285,0.07656479,-0.072107434,0.10461238,0.16317356,0.5607338,-0.078799546,-0.2992341,-0.066327095,-0.099545956,0.024631321,-0.29189932,-0.3399343,0.06012407
719,-0.105086446,-0.5149978,-0.049796984,-0.11496936,-0.018751204,-0.08177265,-0.13724479,-0.08969469,0.06513107,0.01593098,0.094405174,0.10187191,0.020579934,-0.05737637,-0.17131878,0.14054984,-0.032987833,-0.012696743,-0.11030531,-0.5477989,0.007360041,-0.08165075,-0.03556411,6.780952,0.08686048,0.012972752,0.038120955,0.015235007,-0.008964032,0.032703668,-0.14363,0.019894496,0.101204455,0.08845437,2.6823795,0.33734226,0.07097292,-0.23891985,-0.090850055,0.064107746
720,-0.15890193,0.9459562,0.22281462,-0.15670079,0.18867445,0.17746684,0.21383783,0.008620173,-0.13861507,-0.00055420026,-0.3111138,-0.18347117,-0.10600671,0.11537729,0.32507762,-0.58936113,-0.36849132,-0.030636221,-0.18338934,0.0031712055,0.049155235,-0.16618152,-0.24272773,-0.3789323,0.45795566,0.21584587,-0.113143325,-0.6393376,-0.049181044,-0.20987915,-0.059727237,0.33607832,0.2124741,-0.004415676,-0.042998105,-0.43446147,0.36368674,0.09177774,-0.3181497,0.1278575
721,-0.13500798,0.059517503,-0.042490244,-0.09249896,0.11184153,0.19459306,0.018195093,0.04057306,0.19289696,0.2043873,-0.09883481,-0.22103155,-0.23179355,0.13142279,0.13921091,-0.09971088,-0.5075295,-0.24709427,0.0654822,-0.05379796,0.008913249,0.09381989,-0.022667468,-0.09847665,0.23823927,-0.066974685,0.22624147,-0.032133937,0.76963973,-0.094923556,-0.5760923,-0.090792,0.009471893,0.04504633,-0.076146275,0.18071002,0.1607588,-0.1863724,-0.12465608,-0.059529364
722,0.77955294,0.06314549,0.050587997,0.03878337,1.1249549,0.8054479,0.35962847,0.04905027,3.2610419,2.1434097,0.63771975,0.7439381,2.4993448,1.0309745,1.5767758,0.15729326,-1.0337687,-0.18767649,-0.16881636,-0.054698825,-0.08280754,0.46959624,-0.20415151,-0.22221404,0.69318664,-0.21615608,0.64626944,-0.028018236,0.38740647,0.06568426,-0.5927526,-0.03296238,-0.12144649,0.072609544,0.17131159,-0.1771273,-0.05798409,0.20321032,-0.21043101,-0.12627119
723,-0.44588417,-0.43082243,-0.18679978,-0.27628523,1.6378732,0.7709601,0.5882342,-0.14467442,1.5490246,0.8968637,0.44314665,0.29733634,0.18744327,-0.10384506,0.5607158,-0.12040812,-0.29388797,-0.49640256,0.066054285,-0.25499564,-0.4373324,-0.6425383,-0.033554614,-0.39003855,0.9895226,0.5521613,0.45823866,0.4077291,0.42359287,0.38792163,-0.115024894,0.4555726,2.2322297,1.341663,1.6957989,0.5653179,0.6178756,0.003233403,0.067257464,0.13542843
724,0.027722895,0.2953461,-0.039886743,-0.24500209,-0.05937791,0.4558199,-0.65711737,-0.24471475,-0.3780105,0.47219375,-0.21306908,0.36718115,0.2747981,-0.10062744,-0.7302166,0.26994067,0.24216065,-0.021442115,-0.039276958,-0.18748733,0.34707373,-0.6166826,-0.43800893,-0.38154745,-0.009602249,-0.12033865,0.06818047,-0.040697902,0.514413,0.3090042,-0.2932148,-0.2711587,0.16987836,-0.26625463,0.5309962,-0.122636676,0.39498195,1.818258,0.021976322,-0.2894892
725,0.011414111,0.49212784,-0.59301114,-0.047647253,0.18051863,0.24789858,-0.40576065,-0.5963967,-0.027818024,-0.48696125,0.04141438,-0.40092108,-0.15836006,0.33606663,-0.232025,-0.49036622,-0.08732486,-0.082322,0.6755428,0.34513444,-0.17358917,0.29679728,0.01025255,-0.36231405,0.121604145,-0.12099394,-0.017210692,-0.37223133,0.38617224,0.14643526,-0.056483567,-0.3931034,0.17030996,-0.50069004,0.27261007,-0.29840782,-0.068519235,-0.1301462,-0.12503567,-0.034546375
726,1.1719756,-0.35840684,-0.15184036,-0.4817587,0.03719734,-0.39593172,0.18493623,0.085881084,0.19811866,0.023903206,0.41653267,0.25157613,0.20291424,0.17204356,-0.48220205,-0.12020159,-0.64217025,0.21263692,-0.0464949,-0.17089579,-0.4973252,-1.0384486,0.037299693,0.041207373,0.49920732,-0.37168354,0.118777454,-0.16043898,0.28844896,-0.021710329,-0.28853953,0.22064641,-0.62139267,0.21815607,0.2885257,0.013450384,0.6446982,-0.021779865,0.42037886,0.02463317
727,-0.40825427,0.039033175,0.58964044,-0.3179192,0.676875,-0.3109328,-0.20338061,0.15574813,-0.003845185,0.14907043,-0.15572199,-0.18107119,-0.21805328,0.7544896,0.23247069,-0.3488036,1.8212469,1.4272449,0.6950465,0.3256626,0.011118472,0.64620423,-0.53693515,-0.59634453,-0.5601968,-0.1125802,-0.0044858456,-0.43483055,-0.24048418,-1.0444671,-0.23196036,0.014492422,0.31353027,-0.67051387,-0.2493388,-0.80564684,0.12438616,0.65785545,0.23701915,0.11943805
728,-0.13551879,0.23471089,0.12863553,0.0031920671,0.89988256,0.022383668,0.04794088,-0.098722935,-0.4306947,-0.21357855,0.03802523,0.074099004,-0.027832747,0.061961018,-0.14312288,-0.06626588,-0.22261369,-0.043015264,-0.10538328,-0.12345153,-0.5059544,-0.6191857,-0.0709753,0.14222372,-0.28848195,0.026131362,-0.016711056,-0.08347303,0.06535363,0.0040395856,-0.121454775,-0.19570392,0.6212426,0.3877914,0.24852604,-0.060802042,0.33163032,0.04173942,-0.037124276,0.11919531
729,0.032016635,-0.18555471,0.1397556,-0.31580952,0.047436714,-0.027176946,-0.13339515,-0.54719055,0.54605484,0.068312794,-0.11985007,-0.6331871,-0.29327238,-0.09903878,-0.43442532,-0.31157756,0.16415119,-0.01585561,-0.27332258,0.113297045,0.12783873,-0.27126643,0.06122744,-0.16810107,-0.114907146,-0.11293045,0.22248149,0.40849388,0.027717829,-0.09768331,-0.04297941,0.049916983,-0.13562182,-0.40640005,-0.13640527,-0.5309106,-0.09999907,0.056865685,0.21764778,0.42261904
730,-0.21801572,-0.30181265,-0.20572479,-0.022828937,-0.19895029,-0.014340639,0.1929202,-0.1794318,-0.034295447,0.18936938,0.005895257,0.21378481,-0.37543243,-0.13013524,-0.12861463,-0.22396624,-0.37099984,-0.3714761,-0.06405991,-0.26962125,-0.5185162,0.19754645,-0.1637879,-0.4679759,0.12642539,0.17865145,0.04729806,0.014570594,0.07773578,0.04822254,-0.08022842,-0.07721287,0.0052523613,-0.11213982,-0.08578311,-0.5653499,-0.09419215,0.017478675,0.0835072,0.017195106
731,0.16824749,0.29175782,0.7647202,-0.0041099787,0.262932,0.4172355,-0.029797882,-0.03170806,0.057864726,-0.25567353,0.5797419,-0.4752617,0.15404642,0.1154156,-0.12652534,0.22157007,0.14346635,-0.12132418,0.24606562,0.2183913,0.16114888,0.23135945,0.37805307,0.73228276,-0.29728302,-0.25649315,-0.33525193,-0.031599283,0.19499171,0.030214012,0.5604672,-0.36464822,0.3236305,-0.22013557,-0.5928668,0.004948005,0.14579844,0.070819855,-0.21194118,-0.27352452
732,0.3400609,0.46172318,0.008364379,0.40417212,-0.06628877,0.2294038,0.26365364,-0.19392765,0.43995744,0.010694981,-0.7167851,-0.33449164,-0.078280926,0.09827134,-0.2438868,-0.51595026,-0.28826725,-0.2008025,-0.52010447,-0.05842942,-0.11039007,0.009644963,0.008925259,-0.41827518,0.26872957,-0.19949174,0.16721427,-0.096580446,0.57289064,0.22810006,-0.01573214,0.87705594,0.56979823,0.27243447,0.16294493,0.08433658,0.47002685,0.34508017,0.22591314,0.5675234
733,0.049905032,0.02410081,-0.04061105,0.31418842,-0.080599874,0.1614602,0.17717543,-0.30392426,0.06334141,0.15219238,-0.030594237,-0.0127340555,-0.036455125,-0.0031148493,-0.3253151,-0.067799896,0.032223552,-0.037487686,-0.14059317,0.032526314,0.027690887,0.2874674,0.5051227,0.14809139,0.040495396,0.25423735,0.6781985,0.1388933,-0.024910718,0.124856904,0.09844005,0.031962812,-0.19929224,0.07261551,-1.1582656,-0.0471389,-0.11737162,-0.18214735,-0.02717197,0.13007936
734,-0.5032991,-0.44466555,-0.021416008,0.031970322,0.55298114,-0.17715928,0.0043538213,0.036561906,0.14984214,-0.20642506,-0.073661864,0.0793947,1.8384815,0.06555517,-0.07347813,0.21847731,-0.37960184,0.11814222,-0.19782382,-0.006473124,-0.11541045,0.054293603,-0.21446198,-0.32095814,0.21786642,0.35048285,-0.0984419,-0.10484725,0.6145555,0.3710935,0.15910426,0.1158005,1.7102069,0.42836797,0.31317407,0.26832107,-0.0425328,0.2145565,0.07126278,0.01832217
735,1.558541,0.5615571,0.67744887,1.0883591,0.134475,-0.05303496,0.29751998,-0.18954527,0.99164814,0.6613178,0.4248477,0.48286733,2.5738816,0.8774426,1.1089919,0.6641668,-0.2793901,0.19994774,-0.77382773,-0.015939742,0.063920826,-0.2283093,0.53859127,0.37309358,0.020173892,0.38715875,1.794559,0.3445475,-0.37202907,0.081404194,-0.11104098,-0.18722528,-0.23039842,-0.12141776,-0.4083047,0.006090086,-0.036287546,-0.14943105,0.33743227,0.28165638
736,0.23067784,0.6733953,0.1820156,-0.08744979,-0.42108715,0.58316636,0.19755119,-0.15688652,-0.27540088,0.02839595,-0.29472706,0.22856843,2.0408738,1.8940208,2.0903769,1.0197837,-0.5425086,-0.1887166,-0.43772286,-0.23222685,1.8118522,0.09930074,-0.14487213,0.25264567,1.0392824,-0.40968257,0.3482322,-0.1098811,2.1130672,0.6052244,1.0700653,0.34079173,0.30567288,0.0066212416,0.3344941,-0.023560405,-0.7160371,0.2960518,0.06604898,0.14432961
737,-0.17838573,0.22355933,0.098128915,-0.2725855,0.11964136,-0.060608983,-0.041477814,-0.031001091,-0.25168645,-0.18016979,-0.106438875,-0.3041724,0.4474861,0.0063911676,-0.29587305,0.38653457,0.06458169,0.6358795,0.13664883,-0.9674344,-0.0007701814,-0.04845476,-0.20432317,-0.27354002,-0.20067945,0.1316337,-0.20025747,-0.13081998,0.6314293,0.2552172,-0.112175465,0.12039143,0.14516222,0.4599191,-0.32567155,-0.39763057,-0.056583285,-0.11989167,-0.18062761,0.44220817
738,0.23163001,-0.110464215,0.49465892,-0.029058218,-0.24900341,0.08178638,0.14793354,-0.14230603,0.16963112,0.011225801,-0.40839368,-0.21012041,-0.040559053,-0.019582123,-0.12027418,-1.7138193,0.04379928,-0.16355744,-0.6870897,-0.23609373,0.15245533,-0.29200667,-0.33632058,-0.06965223,0.64364755,0.2044165,-0.14920144,0.44562617,-0.25486705,0.18012045,0.12775224,1.623575,-0.12125555,-0.2170564,-0.2770479,-0.014636099,-0.10517213,0.32657397,0.07359174,0.25476876
739,-0.04018438,-0.37582636,-1.1165572,-0.75657195,0.2410301,0.6063617,1.4564284,0.70478976,0.3906294,1.3409894,0.44799078,0.84506977,-0.20195973,-1.2812742,-1.1228217,-1.2935462,-0.37455106,-0.18458903,0.016100846,0.15128854,-0.3788103,0.028329372,-0.32342818,-0.6700962,2.3063161,2.7876258,2.1185513,1.8808455,-0.4068295,-0.6658912,0.062090874,0.18235075,0.5117965,1.277035,1.1958739,0.6272255,-0.88207746,0.052174926,-0.14428622,-0.026479006
740,2.7335787,1.8636923,2.2972367,1.3210064,0.027256846,0.5919746,0.0025485158,-0.18605953,2.31387,2.3846245,1.4492712,0.15147993,2.5931392,1.952834,2.2159536,2.1537683,-0.4026425,-0.23850858,0.21482772,1.1355987,0.7544281,1.3497066,0.42640805,0.4740594,0.43195656,1.3317771,0.3043921,1.2128818,-0.123856604,0.70267147,0.67228246,0.2252594,0.7074974,0.23224065,0.057619035,0.08515556,0.13700862,0.1024515,-0.032645375,-0.09180015
741,0.15834326,0.2716185,0.5874043,0.7106221,0.34258217,0.14819519,0.3129072,-0.10988212,-0.28706253,0.1011768,-0.4326568,-0.32271338,0.5073703,-0.020484641,0.017768174,0.07824004,-0.9667412,-0.051198393,-0.11683058,-0.18575943,-0.33903944,-0.41910842,-0.41081536,-0.5478302,-1.1093656,-0.6045221,-0.37454575,0.54396904,-0.3349442,-0.16036023,0.6714104,0.30026662,-0.46877956,-0.37996352,-0.025197804,-0.2914909,0.8149052,0.0075351,0.043851584,-0.57455736
742,-0.27294594,-0.7168312,-0.4951807,-0.25224346,0.26509804,-0.082338884,0.015478224,0.17073673,0.951514,0.037704065,-0.23513037,-0.10518539,0.4080605,-0.9300668,-0.61009616,-0.6219971,-0.21462727,-0.01649201,-0.0335809,-0.4428552,-0.84343356,-0.88499075,0.4435138,-0.17677596,0.29705626,0.51151943,0.19729179,0.2623115,-0.028976649,0.10261667,-0.28730625,0.06534779,0.6735269,-0.23706052,0.17336124,-0.21264872,0.015593,0.39126292,0.2939508,0.15921187
743,0.7794641,0.3861493,0.11117852,0.020813107,0.009024233,-0.015100598,-0.016663015,-0.06467116,0.3825224,0.083288014,0.046276987,0.0693267,0.034366965,0.16458833,-0.06215805,-0.092992306,-0.13464665,-0.19396585,-0.30136073,-0.09672153,-0.10222844,0.14678317,-0.04150009,-0.11392844,3.1360252,1.8356215,1.2545842,0.5664815,-0.012014151,0.032894492,-0.16808495,0.043166697,1.2845905,0.45147467,0.69151944,0.22358322,0.19450712,0.05658281,0.109508514,-0.012980759
744,-0.101585425,-0.16938555,-0.0045933127,0.040698767,0.27005333,-0.052738026,-0.15136437,-0.15425265,-0.41659448,-0.10754496,-0.19395232,0.13789791,-0.090358466,-0.37948874,0.03731805,-0.0042411685,2.6785188,1.9847889,2.1026764,1.3134956,0.905673,1.6681299,0.949022,1.6436026,-0.5179031,0.09754649,0.12784946,-0.35299,-0.0970332,-0.0055808425,-0.040769696,-0.06232488,-0.19499418,0.006713748,-0.063034,-0.21737689,-0.17242473,-0.3017123,-0.33907634,-0.232445
745,-0.22028737,-0.3026393,0.05388969,0.042077184,-0.029772937,0.14395455,-0.15962237,-0.14447388,-0.103327036,-0.3343863,-0.19131872,0.27474302,0.12738281,0.109148264,-0.025545478,-0.19841492,-0.0007427335,-0.5530234,-0.054127246,-0.12492773,-0.054436445,-0.14455771,0.18884954,-0.44879842,0.5381943,1.2973802,1.0327113,0.46036386,3.4219067,2.0764284,1.119222,1.6909871,4.493451,3.7089152,3.2252917,2.7523606,-0.35607025,-0.56370366,0.20541549,0.071721196
746,0.6893965,1.5675559,1.9223537,1.0192792,0.28600538,-0.3278634,0.21657825,0.0010226965,0.9689584,1.1935325,0.48726186,0.8265892,3.621201,1.2160369,2.387719,1.0947378,-1.1476688,-0.33249673,-0.11780141,-0.6428436,-0.24264842,0.6863591,0.19027346,0.3019317,-0.09028013,0.15198956,0.0031437278,-0.13629875,2.0237324,0.40628114,0.45735717,0.15576154,0.11617291,0.62757444,0.7657323,0.22434738,0.5224143,-0.27387023,0.1135596,0.009509325
747,-0.2922628,-0.39526474,-0.26002204,0.102029964,-0.18949515,0.10124332,0.08881128,-0.26542628,-0.13732266,-0.17307818,-0.21068615,-0.17324758,-0.044839144,-0.5889214,-0.6926209,-0.037735283,-0.2304573,-0.03671834,-0.11935445,-0.33091247,-0.6164367,-0.3540234,-0.08699766,-0.68425083,0.008344412,-0.16798255,-0.5838832,-0.18877752,0.18880618,0.8114366,0.09669101,-0.23093481,0.23846161,-0.29616845,-0.34009093,0.4025886,0.16776234,-0.037321568,0.48805064,-0.041885436
748,0.009211063,-0.07672277,-0.29233116,-0.03285539,-0.5487194,-0.2709687,-0.31940788,-0.12014896,-0.2421335,-0.566261,0.37962306,0.122042894,-0.057804823,-0.20590451,-0.23799998,0.09179151,-0.07964942,0.8572401,0.32279414,0.23870474,-0.18238008,0.18346201,0.2642452,-0.06105256,-0.30237353,0.14043272,0.017687708,-0.043019652,0.116526365,0.069579765,-0.39692235,-0.01769185,-0.6294625,-0.169433,0.27313977,-0.17318022,-0.22331813,-0.035706855,-0.0656904,0.023456097
749,-0.4730338,-0.027892888,-0.14497364,0.03795737,1.3152275,0.38848975,0.10020059,-0.02054751,0.21600975,0.12695774,0.012580812,0.0013816953,0.84850824,0.30743146,0.056957185,0.06763363,3.0663123,1.8273046,1.1447955,1.1384972,1.5791218,2.1878655,0.9967189,0.47786897,0.5131476,0.28203636,-0.001926329,0.17346925,0.44218814,0.19483091,-0.06631553,0.099372864,0.07573722,-0.06370717,-0.07422632,-0.066073775,0.19177318,-0.07288783,-0.058917373,0.09244752
750,0.17313325,-0.32714576,-0.3561966,0.51920927,0.29247075,0.27212194,0.60087776,0.17897531,-0.07279551,-0.045090407,0.36654413,-0.04909242,0.0523389,-0.39011165,0.097808205,-0.18260705,0.18640631,-0.3098681,-0.3409342,-0.22727965,0.12226361,0.55807143,0.2756359,-1.1175811,0.20279193,0.12958902,-0.08398861,0.20482145,0.0035015345,0.014855772,-0.06355117,0.337655,-0.044489384,-0.029188903,-0.17488015,0.23156786,-0.49014574,0.14594665,0.041059256,0.5113835
751,2.2595563,2.806293,2.409927,1.337545,2.3634398,2.5192277,1.9122794,0.6911596,2.1985016,4.3297563,2.2753394,1.9514852,1.6243179,0.47079927,0.29011244,0.89795023,1.1482966,0.6756373,-0.0056023863,0.50809735,-0.23019218,0.09516883,-0.045213223,0.23389989,1.2260704,3.3039637,1.4920461,1.3015746,0.2935195,0.4658671,0.7039999,0.5210531,0.6924786,0.5304289,-0.027334139,0.5677781,2.3702974,1.2157283,0.48047283,0.34695494
752,0.014066043,-0.15851033,-0.14342421,-0.23232472,0.19501111,-0.61698544,0.2825504,-0.25980175,-0.6957387,0.25565657,-0.22986296,0.16639489,-0.26464146,-0.17743802,-0.6363888,-0.27939147,-0.21115348,-0.38560808,-0.3693071,-0.029440582,-0.112125576,-0.13943589,0.11036849,-0.13457537,0.9182432,1.5000001,0.85549504,0.54257953,0.6466724,0.18016732,0.16269553,0.18205005,0.6919763,0.9721302,0.23616892,-0.07868528,0.3392856,-0.14499772,0.064615846,-0.07621819
753,-0.05883486,-1.7234,-0.050270915,0.01815921,-0.1328256,-0.37117174,-0.09151542,-0.36770457,0.20490639,0.0152288675,-0.16356504,-0.24945694,0.14742327,0.08343503,-0.14612052,-0.093069315,-0.027823359,-0.30299923,-0.4072585,-0.05626118,-0.19210774,-0.21886575,0.0106425285,0.07867998,2.492288,2.2256992,1.9988102,1.2145911,0.73174626,0.50220644,-0.10008904,0.22885495,1.4783943,1.1890544,1.2844207,1.0435162,-0.46061456,0.012154579,0.36460632,-0.3316101
754,-0.100735664,-0.06609457,-0.006896615,0.36763534,0.025798649,-0.14795369,0.3862585,-0.29367688,0.20813388,-0.17764422,-0.41037875,-0.025294662,-0.17544839,-1.0696039,-0.030622974,-0.5687158,-0.19180334,0.16696177,-0.3141247,-0.12892258,0.012760162,0.0025615692,-0.23916523,-0.26930416,0.20502868,-0.08865774,-0.53612316,0.09504339,-0.47221953,0.0946679,0.11067742,-0.22872758,0.19050509,-0.248491,-0.5925678,0.5474089,-0.061849564,-0.38729274,0.5276274,0.25243592
755,-0.2902686,0.34232277,-0.18918064,-0.2451402,-0.1387575,-0.17795067,0.33528823,0.28116703,0.01619625,-0.20700583,-0.2900916,-0.2707672,-0.42301995,0.37180686,-0.115484655,0.10145727,-0.045074463,0.23603341,-0.31435242,-0.08022568,-0.09470439,-0.6402085,-0.30620718,-0.026269913,-0.2392965,-0.7661508,-0.17533022,-0.48159248,-0.24370104,-0.39122826,-0.17005605,-0.35667837,-0.47711605,-0.21908545,-0.2590232,-0.19019827,-0.24028862,0.4149543,0.32500103,-0.23351407
756,-0.35173416,-0.14744109,0.38340166,0.037348747,-0.52193844,0.5069201,0.09922539,-0.84035504,-0.21724662,0.014415473,0.09290573,0.018756628,-0.3886329,-0.5845653,0.14685026,-0.30980492,-0.31718975,-0.3744753,-0.06709921,0.48754424,-0.20998691,-0.48993513,0.19047618,-0.35821703,-0.07422155,0.31495285,0.38948148,-0.006484568,0.8272424,-0.23219553,0.055796146,-0.26278695,0.38322115,0.47645602,0.30971414,0.5699736,-1.5910541,-0.16887702,-0.33102483,0.2269306
757,-0.11187878,0.034212437,-0.14885706,0.13901561,0.2323446,-0.06813192,-0.46160355,-0.044248432,-0.24098843,-0.31530833,-0.24015492,-0.17364883,-0.44204476,-0.41443837,-0.26429194,-0.10622805,4.4120736,3.508543,3.043583,2.4497013,0.7386254,1.9939756,1.6368172,1.4841576,-0.22049671,0.37460357,0.13100642,-0.31687903,-0.11633706,-0.020094454,-0.07718378,0.58867866,-0.17810488,0.044825196,0.33385465,0.13520095,0.29214785,-1.0194678,-0.38632536,0.16675085
758,0.046392083,0.08809218,-0.51163787,0.111442566,0.5084349,-0.03329432,0.10985035,0.14379919,2.2541242,1.1203761,0.5624976,0.10968512,-0.20808059,-0.011262178,-0.25828463,-0.11406815,-0.232505,-0.33829162,-0.42031252,-0.0071395636,-0.081205755,-0.07112825,0.1813353,0.022834063,3.5929701,3.259498,2.1794107,1.6574634,0.288777,0.17084117,0.19968432,0.081416726,2.8534575,2.307219,1.7604527,1.018817,-0.40118027,-0.07690257,-0.41376135,0.027729511
759,2.5539277,2.3368392,0.9365843,0.21382326,-0.057112515,-0.035555124,0.05935824,0.19311047,-0.4576251,1.6998842,1.207385,0.13174361,2.8154278,2.8815763,2.364606,0.9843478,0.9065192,0.29795152,0.20777738,0.03320545,2.1745846,3.1961544,1.5499915,0.83461064,-0.40033925,-0.16730031,-0.18511797,-0.11220211,0.70602506,0.41397166,0.3423767,0.28449827,0.12614822,-0.06586635,0.14125729,-0.20645732,0.084105074,-0.07000089,-0.054526627,0.09953731
760,-0.2555598,0.041188642,0.02604121,0.01891911,0.018778652,-0.20049848,-0.019406796,0.0726428,-0.5654826,0.010464504,-0.0961355,0.092672735,0.9021509,0.10506864,0.037836194,-0.0700621,0.14919972,0.36687434,0.1669868,0.06599271,0.036133528,0.60901564,0.1732462,0.08578259,0.1654402,-0.13202533,-0.20584431,0.04016298,0.16510749,-0.051463246,-0.075357676,-0.2334224,-0.03137669,-0.09444693,0.12985262,-0.3159585,-0.4331265,0.028697282,0.23880753,0.022154525
761,0.536669,0.113116205,-0.13256347,-0.100517154,-0.034486055,-0.1588166,-0.17517805,0.036250725,-0.25816265,-0.23469579,-0.14948952,-0.16467011,-0.026496887,-0.05141802,-0.031335592,-0.14694244,-0.10969722,-0.1559301,-0.20040181,-0.14671618,-0.3674624,-0.48405087,0.056427777,-0.23978229,2.4655666,1.3217367,0.22097939,0.5624938,1.7605324,1.8876671,0.836857,0.44105738,1.2880208,1.7811582,1.3798418,1.1241109,-0.4142687,-0.12896366,-0.14291379,-0.043426514
762,0.2649535,0.18079871,-0.06351256,0.30008352,-0.16397023,-1.2863865,-0.09942752,0.008584678,0.25706446,-0.28062522,0.27680233,0.28118473,-0.39082587,-0.29333347,0.07541335,0.17399381,-0.07358062,-0.57043123,-0.1953665,-0.9465609,-0.3717295,-0.12218577,-0.42597753,0.0032448173,0.5124996,0.18149364,-0.085997336,0.10736728,-0.67090535,1.6323185,-0.2722888,0.0027515292,0.6527103,0.4184844,0.3956983,1.0680245,-0.24859625,-0.020264328,-1.091271,-0.022088528
763,-0.35735807,0.36754513,-0.026662529,-0.11646432,0.1070472,-0.32637227,0.4578432,-0.32506543,0.13068101,0.02137351,-1.8119812e-05,-0.21714199,0.027750313,-0.44889265,0.00404191,0.032071054,0.60286576,0.51834327,0.95242584,1.0803041,0.18411303,0.58565676,0.98092794,0.021389365,-0.33684897,-0.11077151,0.22171156,0.45561546,-0.3747056,0.22004563,0.07717043,0.064337626,-0.049744368,-0.111769974,-0.1242671,0.08420485,-0.39307913,-0.08916134,-0.48823217,-0.048638463
764,0.0019208789,0.4468922,0.874926,1.3745682,1.1812133,0.106521726,0.24911256,0.40431285,2.6906617,2.1172698,0.87041235,1.322187,-0.009741902,0.1488074,0.2460508,0.24604721,-0.53836155,0.04211571,0.13649368,-0.36957628,-0.19218123,-0.13840492,0.025363892,0.30757156,-0.055783004,-0.524153,0.45800585,-0.099522606,-0.4892827,-0.033712238,0.147735,0.06197375,-0.9921253,-0.002129592,-0.08581272,0.10489459,1.1381576,-0.098699,-0.08504686,-0.022422254
765,0.020700097,0.0150860995,0.18067434,-0.8435948,0.58773863,0.09074551,0.61091304,1.1559697,0.22139153,0.14735717,0.19573157,0.34951264,0.2056176,0.2032391,-0.5692704,0.10196672,-0.54718405,-0.029334009,-0.46744877,0.4432931,-0.5002825,-0.20881972,0.33539927,-0.21820891,-0.28661358,-0.6672998,0.52577764,-0.4822747,0.012120128,0.111235976,-0.30590785,0.27381027,0.35207844,-0.06307906,0.517887,0.7005621,-0.50340503,-0.26667458,0.09267533,-0.5636537
766,0.00014793873,-0.029543519,-0.15400624,0.028827757,0.19424608,0.05058542,0.30437866,0.06414877,0.06842074,-0.038814604,1.5129745,0.036970586,-0.1177932,0.09570354,-0.16227138,-0.13725418,-0.106502235,-0.037028983,-0.019787133,-0.07336247,-0.030563831,0.049789935,-0.71960706,-0.17268369,0.44944185,0.7082993,0.66654295,0.6246971,-0.03143549,0.06428993,0.1063894,0.32301775,0.39362413,0.40110785,0.8645991,0.43365812,-0.013788402,-0.0018470287,1.1092467,0.038179874
767,0.8425262,0.18545413,0.0449062,-0.45924777,0.6074369,-0.23346168,1.3158731,0.9175427,0.36095345,0.81689274,-0.31340453,-0.4643794,0.3736829,-0.1894499,-0.22281802,-0.362904,2.3350606,0.8960262,0.41748968,0.43878672,-0.38071984,1.2642676,0.29684415,0.3786065,-1.2083647,0.04020989,-0.0697144,0.33385003,0.06073284,-0.050226986,-0.5409063,0.3919947,-0.40903395,0.0289191,-0.041869402,-0.4907893,0.11987996,-0.10747485,-0.28850394,0.4574029
768,0.6698122,0.6284011,0.4581313,-0.38779706,-0.24249154,-0.31695142,-0.21274993,-0.41190678,-0.25014925,-0.05521144,0.08009088,-0.16847262,0.49200377,-0.03582573,0.60268617,0.2254187,2.446581,0.65613794,0.81741834,0.40803045,2.7530196,2.1719394,1.6904545,1.0991243,-1.3383803,-0.57150865,-0.33662814,-0.27868238,-0.29920462,-0.05626604,-0.017469049,-0.29328895,0.3746896,-0.09893131,-0.040450096,-0.44480634,0.0016349554,0.054757237,-0.053443074,0.20991607
769,0.95351386,0.95608544,0.42002013,0.23702164,1.3443394,0.9956891,0.82320786,-0.059406042,0.81862676,0.41939995,0.9906013,0.46791682,1.104193,0.8233791,-0.14315265,0.3713728,1.4229869,0.40951723,-0.11017117,0.094518244,0.6989422,-0.6642992,-0.31012422,0.34281942,2.8823133,2.0151083,0.5983108,0.543194,1.0300634,0.40240812,0.5148872,0.1442492,0.6828113,0.7255182,0.60745275,0.3879433,0.74844074,0.5943134,-0.20470977,0.14109623
770,-0.31591183,-0.21664408,0.16297308,-0.23597899,0.093458295,0.5685995,-0.0568465,0.31502685,-0.19110882,-0.50851154,-0.15539671,-0.04339561,-0.26491034,-0.0012822151,-0.24141607,-0.47247106,1.5411166,3.0640852,1.1639034,0.35892397,2.3148222,2.424778,1.5698462,0.928952,-0.16970146,1.4222169,1.0768366,-0.28083748,3.8651006,2.607334,3.3731647,1.1301613,3.2098618,0.88591915,1.6850904,1.6529446,-0.011418045,0.19020456,-0.41876042,-0.074724555
771,0.9816513,1.4546863,2.140874,1.6386344,0.6480973,0.16824353,0.27789927,0.28054258,0.26447392,0.7324132,0.53817034,1.0325631,2.3782024,-0.73511046,0.25937754,0.6996568,1.6087147,1.357698,0.8279432,1.5118144,0.17891777,1.3495493,1.3668799,1.6457905,0.26160902,0.8308284,0.23245823,-0.14702374,0.12166629,0.7921604,0.30870706,0.81569046,0.25861382,-0.121682,0.18531147,-0.12872446,0.87407935,0.9116051,-0.036871314,1.3625944
772,-0.21932876,0.018827498,-0.17367691,0.39689943,-0.45719045,0.016592741,-0.15237178,0.023990035,0.10670167,0.015666328,-0.21405274,0.39268738,0.48478085,0.45402688,0.19398049,-0.087650165,-0.378933,-0.37242424,0.07925511,-0.03584731,0.17475772,-0.28870618,-0.10802577,-0.30645806,-0.45308274,-0.22656074,0.052218452,0.0911424,-0.0009943843,-0.38862038,0.13647398,-0.034323633,0.07337946,-0.40540564,-0.1621781,-0.15100652,0.011068463,0.13497847,0.53018796,-0.126046
773,-0.23283449,0.6041037,0.12860341,0.03895229,0.6044748,0.033639222,0.14412278,-0.079423964,-0.025429845,0.13636893,-0.14312485,0.14100218,0.0026831254,-0.0020832717,-0.090683684,-0.06492883,-0.18609956,-0.49247944,0.11562413,-0.009546876,-0.63257587,-0.50473946,-0.05969195,-0.069212794,-0.65897024,0.18525869,-0.050812304,0.04824269,-0.012347385,0.0985363,-0.28966376,0.08530086,0.21947536,0.5140083,-0.036135152,-0.21848604,0.17385665,-0.19470988,-0.10025938,0.10275966
774,0.5546927,-0.04223936,0.21184859,-0.11660638,-0.2649743,-0.037448347,-0.05171767,0.108061105,-0.12045035,0.2825697,-0.13413504,0.008018136,-0.07536745,-0.18277088,-0.09822284,0.034166098,3.369443,4.362771,4.3000836,2.228942,3.8010986,3.124366,2.546862,1.5986099,-0.83933043,0.28574497,-0.0826167,-0.31048957,-0.046865165,-0.07945262,-0.30289027,-0.30778953,-0.033091843,0.42336112,-0.126454,-0.053774238,0.19517475,-0.25022742,-0.38331443,-0.19793007
775,0.17449366,0.16899645,0.07322514,-0.26311564,-0.18328784,0.096889496,-0.3358019,-0.18267179,0.40318277,-0.3279423,0.10703689,0.008880973,0.7942407,0.49590647,0.3001018,0.66297215,0.99200356,1.6452942,0.5301582,0.27350375,1.3439832,1.7192934,1.6326385,0.89074767,-1.059542,-0.297696,-0.20731926,0.19711345,0.26237684,-0.4532395,-0.48161566,0.13049096,-0.39361364,-0.36972058,0.17947495,-0.42987663,0.03906871,0.47965443,0.0093666315,0.2513758
776,0.3803928,-0.0012000203,-0.49638844,-0.56712854,0.89702106,0.9383194,1.0856545,0.29027632,0.25104228,0.43027171,0.4330914,0.26325214,0.695268,0.3625858,0.774722,0.79725754,0.07481723,0.16607791,-0.10865188,-0.252455,-0.16358519,0.061719477,0.05834025,-0.24790259,-0.4783103,-0.22488081,-0.8913329,-0.07615578,0.20162594,0.400963,0.6850697,0.07332271,-0.31854308,-0.16697967,-0.32642937,-0.23519742,0.70696115,0.69582206,0.2218836,0.33957034
777,0.14122951,-0.19871745,-0.2507954,-0.09399911,-0.12519431,-0.21007043,-0.04334998,-0.29574692,-0.06677258,-0.46765268,-0.33320433,-0.35253087,-0.15649116,-0.18145901,-0.4940782,-0.68932354,-0.26645648,-0.018325448,0.32814965,-0.26350302,0.16726518,-0.12885801,-0.35491315,-0.28063446,0.4891448,0.58339536,0.16968703,0.21904401,0.22869933,-0.052601226,-0.24305165,0.71453154,0.7818395,0.4671288,0.2555179,0.055187106,0.0036615133,-0.32510555,-0.08124393,0.3070594
778,-0.5084032,0.008515179,-0.10922027,-0.23696116,1.1433059,0.38065368,0.21833351,0.09467924,-0.27588904,-0.6181355,0.29379064,0.23330785,-0.3518333,0.3047547,-0.24715865,-0.2970131,0.07708472,0.16752082,-0.1546377,-0.6065346,0.17348412,-0.16020536,-0.41016424,-0.030984975,-0.06522074,0.023635596,-0.019285297,0.21890041,1.2789292,0.45835495,0.25741574,0.4099686,0.66017836,-0.12237857,0.22629893,-0.038183764,-0.1697916,0.3651106,-0.14052698,0.028563082
779,0.11574465,0.48294532,0.0038711932,0.19932191,0.057416916,0.049475767,0.12126458,0.23725785,0.1333561,0.061362788,0.1893957,-0.282915,0.053947806,-0.27303797,-0.37015462,-0.15384448,0.34739122,-0.4460203,-0.0064434,0.080634475,-0.061725795,0.17015249,0.068612576,-0.1530807,1.0300269,0.14963561,0.57925254,0.05334335,0.07416344,0.5263044,-0.266504,0.1984533,0.89978594,-0.08366569,0.70605195,0.5608032,-0.29089737,-0.177086,0.3627602,-0.22099346
780,-0.041943073,-0.6850939,0.091840506,0.31531417,-0.10825795,0.19247338,-0.21845576,0.15188494,0.0077916384,-0.08442205,0.10718426,-0.31247905,0.45326447,-0.17979994,-0.07960394,-0.2740935,-0.80591345,-0.45859775,0.043849707,-0.2900353,-0.41451028,-0.75286806,-0.3943839,-0.56202453,-0.0052428246,-0.28163734,-0.41306072,0.3335055,-0.024154454,-0.21396941,-0.0338856,0.5716487,0.14195266,-0.28772193,0.0575473,0.3215034,0.17188159,0.7778778,-0.18524677,-0.14548561
781,0.08383939,-0.25784224,-0.8121841,0.8237121,-0.20980883,0.12664558,1.0251803,0.65003026,-0.50024366,0.08033848,0.040720448,0.605392,0.50372833,-0.20313561,0.21437132,-0.09396663,-0.3763495,-0.5150338,-0.24182206,-0.5209337,-0.8816117,0.25841653,-0.41342834,-0.37249142,-0.4111423,-0.72868013,-0.30136728,-0.36867416,1.6374536,1.5027546,0.1769906,0.29124638,1.2590263,0.061026722,0.6496978,0.07156941,-0.33371818,0.04147345,0.9305891,0.33046374
782,-1.9339265,-0.04679929,-0.05920607,0.08422169,-0.1653648,0.06145376,-0.34013277,-0.11430173,-0.07570326,-0.12389922,-0.36424726,-0.7370255,0.025938988,0.23934305,0.12903537,0.021215156,0.21204637,0.3219177,0.5491662,-0.05522549,0.51053435,-0.10277063,0.07463619,0.046764895,-1.7559121,-0.10944402,0.03758934,-0.2507511,0.18013528,0.5031806,0.36377347,0.32020548,0.12946767,-0.3393417,0.54895914,0.038035452,-0.43667704,0.13289443,-0.122038655,0.12084125
783,2.1211748,0.7274742,1.2174575,0.54483235,1.5313966,0.5600797,0.2766171,0.16667765,2.55334,3.1162329,1.332664,2.0594826,4.3910775,1.5070466,1.9732169,2.00071,-0.20202959,-0.08300662,0.21712303,0.5955289,1.0787508,1.3423352,0.08303735,0.47826436,0.8387649,-0.20024852,0.10831724,0.29491264,-0.08497131,-0.119711995,0.4888567,0.10085794,-0.4058023,0.5198113,-0.025093973,-0.10179361,0.52923214,0.2947049,0.4823567,0.35930234
784,-0.044683516,-0.06484944,0.25640512,-0.27681434,-0.13826025,0.2977598,-0.115181506,0.43291095,-0.42500395,-0.61214215,-0.06983626,-0.2622229,0.006829262,-0.40532184,0.36349744,-0.046612024,-0.15542674,0.21804872,0.3777508,-0.6885707,-0.14960617,-0.097960174,-0.098159865,-0.55178165,-0.6131366,0.5881171,0.41606513,0.064732134,-0.13414896,0.1486457,0.07102746,0.10592711,0.16935164,-0.11295046,-0.26845303,0.37916732,0.07420361,-0.08735961,0.12292069,-0.043688297
785,-0.053560495,-0.26629174,0.47191367,0.01003772,-0.6783265,-0.047260463,-0.077790976,0.5383873,1.7563769,-0.07469073,0.5264163,-0.29026443,0.0380401,-0.12196526,0.65959626,-0.5410743,0.34065825,0.25337058,-0.32000136,0.067381054,-0.66934323,-1.7511106,-0.24560052,0.040441394,-0.0776837,0.40620586,0.047839314,-0.2769128,-0.0070508122,-0.010006934,0.25507432,0.29379252,0.25007764,-0.04320523,0.18242115,-0.27745646,-0.5175862,-0.074500084,0.014589369,-0.0617114
786,-0.037403375,-0.93614364,0.5803543,-0.100716054,-0.25028884,-0.47565085,-0.4213657,-0.07735169,0.30115077,0.17509085,0.05446832,0.3765884,0.42814985,0.87273717,0.26155746,0.8417373,-0.41676152,-0.8959266,-0.5017614,0.06637883,-0.08982581,-0.5559523,-0.11755034,0.030595124,-0.07610679,0.5029303,-0.29389858,-0.10329729,-0.38581178,-0.09452593,-0.32169726,-0.026318379,-0.0023918152,-0.28707552,0.9910455,-0.54517615,-0.15196294,0.07189524,0.8703573,0.3144986
787,-0.01999247,0.3851214,0.09295499,-0.092444256,0.14452302,-0.28638333,0.13092148,0.50646394,-0.24731281,-0.12851754,-0.15613574,-0.067340136,0.4052937,-0.052910566,0.0521542,0.046748996,0.91899496,0.9391996,0.32621694,0.2561111,0.4281057,1.933852,0.78769016,1.9097447,-0.21300006,0.11809462,-0.25672042,-0.34467995,0.5711159,0.082778335,0.39340323,1.172265,-0.08163297,0.05356282,0.23827368,-0.17450911,-0.24637845,-0.23858823,0.21647823,-0.05560106
788,0.020915002,0.06332627,0.050319195,0.041470885,-0.038009554,0.43057373,-0.010107964,-0.1545068,0.3867097,-0.10181975,0.006505251,0.16533574,0.14290072,-0.03142394,0.029829383,0.041405916,-0.08353612,-0.0060097873,-0.026957363,-0.08018026,0.09371662,0.10185495,0.022508293,0.008640736,-0.05701992,-0.107029855,-0.05102825,-0.09377101,-0.023572624,0.059071355,0.08713415,-0.13005883,0.5637281,-0.29339126,-0.05533248,-0.034471035,-0.015043974,0.013205588,-0.08524671,0.010431677
789,1.6006238,0.26584095,1.7106109,1.2320644,0.17991316,1.5470788,0.061638284,-0.062626764,3.4393103,1.2235148,2.2830336,1.8338581,2.27381,0.95025945,2.2403283,2.324471,-0.1332187,-0.0803287,-0.9060544,-0.16274464,0.65642744,1.3680077,0.7641641,0.6850891,1.7437723,1.5835094,1.4459122,1.158547,-0.01614064,-0.5465032,-0.09783769,-0.1153636,-0.22566843,0.24730897,0.436826,0.62436825,0.22055447,-0.12865865,-0.024979234,-0.15318957
790,1.0931523,-0.1450985,1.5168201,1.1522624,0.07060027,0.034143925,0.115092635,-0.014701098,1.7050011,0.713546,1.0098112,1.3845309,1.583828,0.5309193,0.86911505,0.5597061,-0.30841988,0.18866557,0.36087176,-0.8422099,1.0024316,0.66279376,0.97124904,0.7084439,1.2254411,1.2098953,0.15264666,1.0739969,0.26240212,1.2427162,-0.35114086,-0.034452792,0.3938703,0.521989,0.3066765,0.7852392,0.05634904,-0.30247343,-0.47225767,1.2298559
791,-0.13938576,-0.4709098,0.0040494204,-0.324757,1.7654135,1.2874241,0.46573204,0.33364016,1.2513463,0.040184796,0.06163682,0.7857993,-0.3329866,-0.42980766,-0.53665507,-0.6742446,0.44995326,-0.50607306,-0.45726344,0.23912373,-0.5963917,-0.60528576,-0.10972446,-0.38872975,-0.6001878,-0.17523837,0.18155044,0.31106943,-0.5316423,0.12480608,-0.12897384,0.2533936,0.1862059,0.30653232,0.03519711,-0.2392875,0.6066791,0.22750002,-0.19433412,0.05399072
792,0.68441945,0.37301666,-0.46023822,0.022287786,0.19845164,0.5713023,-0.13918589,0.49551466,1.4609947,0.61345816,1.5041463,1.2809634,0.16037709,0.68110055,0.15565288,0.57343024,-0.10107738,-0.199307,-0.25517786,-0.24745423,-0.1376698,-0.19078606,0.36175922,-0.052588567,0.013153672,0.5297241,-0.32361457,0.3118683,-0.053073585,0.15459287,-0.83470714,-0.30046833,-0.57288885,-0.030239046,0.22581953,0.093597144,-0.36061674,0.054281592,-0.27027002,0.12421018
793,-0.8812016,-0.42303002,-0.1765199,-0.14838928,-0.16499618,-0.479947,-0.34974197,0.5805858,-0.84005636,-0.3484283,-0.16168284,-0.12348157,-0.75951135,-0.4394638,-0.3386867,-0.29479897,-0.8189389,-0.44288224,0.07313466,0.2869194,-0.88427085,-1.2333021,-0.03884071,-0.23584771,-0.07791841,-0.49352562,0.10491249,0.4555564,1.0702287,-0.1350896,-0.41665724,2.2944593,-0.49242544,-0.1656833,-0.5333636,0.055582017,-0.4335236,-0.2744825,0.13255191,-0.39317116
794,1.0085144,1.7239587,0.3741682,0.09243983,0.089035034,-0.23257929,-0.13500062,-0.087616324,0.101317674,1.0480903,0.24688,0.107216954,0.8206066,1.1015433,1.418777,1.4388113,-0.12874454,1.296346,-0.15653642,-0.050845325,0.63603497,1.4399477,0.87945217,0.02027136,0.31618598,-0.36740696,-0.074833035,0.02536881,0.28008842,-0.47490346,-0.40376076,0.3313511,0.72354096,1.2089756,1.2813209,0.9581888,-0.10091179,-0.25527304,-0.2459892,0.06336331
795,-0.17010662,-0.3137759,-0.3400413,-0.12116939,0.08578277,-0.061226845,-0.39684033,0.066550955,-0.18954545,-0.11563218,0.99224913,-0.08699942,-0.47496098,-0.34724402,0.100096196,-0.14326876,0.8690885,0.40247703,1.493269,0.38245064,0.43436652,0.6065233,1.7625005,0.9295107,0.21842772,0.79049975,0.8484467,0.53967774,0.38577533,0.9851469,1.1800835,-0.14117731,1.0791771,1.0837365,0.9028106,0.94263685,0.0058336556,-0.026633024,-0.013153136,0.7867731
796,-0.006740298,-0.47928602,-0.28262907,-0.069132,0.41267407,0.22245598,-0.09033093,-0.33973706,-0.25031078,-0.547591,-0.2115506,-0.46121043,-0.25476885,-0.67500144,-0.5226866,-0.34091395,0.2869872,-0.6019722,-0.27509397,-0.16521361,-0.3694507,-0.7628898,-0.52915484,-0.32869112,2.120709,2.39792,2.6649835,2.7269042,0.6270332,1.3000245,0.82066345,0.638768,1.9281929,3.2356493,3.1278691,2.593591,0.40294397,-0.1883631,0.16837895,0.097783715
797,-0.035208523,-0.5521772,0.18819994,0.4070985,0.7815237,0.37872112,0.10091254,0.3127385,0.5380367,0.08650978,0.2666612,-0.08185594,-0.3957653,1.0571424,0.35853642,-0.18965644,-0.07484174,-0.84950453,-0.14056075,0.4616627,-0.12671673,-0.27120936,0.26932108,0.63173264,0.6681662,1.8830733,1.0675027,0.5368359,-0.39567733,0.13145651,0.19528365,0.81431854,0.1197702,0.75763345,0.15340841,0.81291527,-0.05335176,-0.07857311,0.17370461,-0.035029978
798,0.44001496,0.1043185,0.50074935,0.080206275,-0.22716337,-0.13569695,0.042714715,-0.619068,0.7029795,0.3319813,0.1996597,0.12859869,1.4835343,1.7836779,0.5468432,0.6209808,2.240327,1.4426994,0.47425395,0.26215795,1.2746013,1.3871715,1.2961545,0.881204,-0.2324717,0.1651702,-0.07761225,0.13000453,-0.27895677,0.075213194,-0.34752387,-0.06295121,0.040433384,-0.07227224,-0.046603054,-0.023322165,0.29564187,-0.08362776,-0.012727857,0.090248644
799,-0.74124944,-0.36749482,-0.07358758,-0.103369296,-0.21883321,-0.13048124,0.1506863,-0.50933945,-0.6392472,-0.1360836,-0.8075205,-0.10448873,-0.08216512,-0.35699826,-0.6733785,-0.80497414,-0.32167077,-0.31818882,-0.123147726,-0.20911433,-0.37692058,-0.602415,-0.44525456,-0.83568794,0.9231909,1.23878,0.9950564,1.1665087,-0.05037713,-0.34428576,0.13417947,0.3371731,0.3422474,0.47233015,0.20477985,0.85049725,-0.30444825,-0.16792515,-0.0035768747,0.01650393
800,0.20797515,0.8231714,1.1334434,0.46719778,-0.23036075,-0.015663326,-0.018511593,-0.76284546,-0.14786243,0.62705404,0.26035324,-0.2247895,0.25652647,0.79070115,0.8096084,0.31163508,0.31442076,0.3080422,0.5674773,0.16822857,-0.02007699,0.46277338,0.26215798,0.45408624,0.6486707,3.020632,1.7976809,1.5316784,-0.5642796,-0.1693076,0.1606113,-0.06961417,-0.055260062,0.23820262,0.1941292,0.46748108,-0.2983184,-0.048187673,0.043639287,0.16569203
801,-0.4487152,0.3304818,-0.20304692,-0.09440237,-0.29710698,-0.25922126,-0.118356764,0.08507395,0.4798886,-0.83820546,-0.32298076,-0.19877239,-0.7891729,-0.39982677,-0.6977181,0.13082102,-1.0805068,-0.28318095,-0.49096084,0.24624103,-0.94064057,-1.1075832,-0.60545444,0.075862646,-0.2755161,-0.2505269,0.31825694,-0.13468951,-0.01001817,-0.047679693,-0.7057966,-0.0043758154,0.18194526,-0.42145878,0.79200435,-0.35042042,-0.36702427,0.14739376,-0.42749512,0.27450782
802,1.4357283,0.45975778,-0.010399491,0.46001816,1.8383563,1.2501853,0.25237674,0.5662489,3.6041613,2.2347922,1.8226404,1.1613398,0.76225424,0.71796167,0.7359585,0.5204481,-0.43189263,0.116233766,-0.10748686,-0.10938804,1.6579115,0.7585378,0.35298422,0.60124886,-0.7031317,-0.24719623,0.33094865,0.42253315,-0.1244106,0.04058492,-0.07355714,-0.06762642,-0.6474961,-0.30264676,0.017233253,-0.3442036,-0.06323683,0.061511815,0.24438134,0.05510372
803,-0.07001293,-0.0663027,-0.5331912,-0.53701997,-0.17589325,-0.28177267,0.089622974,-0.10352638,-0.48987857,-0.14445633,0.12584907,0.023504049,-0.14660811,-0.70424247,-0.47295582,0.5429939,0.78127885,2.5234187,1.3307934,0.5887333,0.080648005,0.8474048,0.40471786,0.40183827,0.09287089,-0.08150005,-0.23587948,-0.43954074,-0.23281908,-0.27350748,-0.37128538,-0.18526912,-0.62667,0.32134372,0.4344114,-0.24354702,-0.059161164,0.22300339,-0.19231829,-0.6368063
804,-0.25128293,-0.56518817,-0.60879546,-0.4721823,-0.4463169,0.14297235,-0.035965443,0.041167706,-0.7802309,-0.094661765,-0.3208418,-0.6348389,-1.3305558,-0.60051346,-0.19994554,-0.93143165,-0.28632665,-0.41744983,0.0735302,0.37117305,-0.17771626,-0.034894045,-0.29357365,-0.34888172,-0.8357323,-0.736722,-0.14145505,-0.1331724,-0.68302315,1.018516,0.12180871,-0.118202046,-0.61329895,-0.60544014,0.15075737,-0.1448968,-0.0758051,-0.07004994,1.0153238,0.3510043
805,-0.20568377,-0.6060004,-0.48009405,0.10637687,1.0486615,0.32282305,1.2635262,0.5310517,0.61933756,0.8447056,0.6887481,0.87005365,0.05302137,0.06924695,0.45019016,-0.6784557,-0.29897234,0.005671084,-0.40965718,0.33418095,-0.33420914,-0.58806205,-0.38906273,-0.40896574,0.11062968,1.0700365,0.4851557,-0.2673397,-0.14468527,0.0375458,-0.010511756,-0.54523444,-0.3324315,0.06848249,-0.21711177,0.32706133,-0.24792701,0.10945892,0.25986707,0.3808838
806,0.71291256,0.265418,0.27891558,0.41450804,0.49120402,-0.5278275,0.0732868,-0.06514597,-0.5513557,-0.17335665,-0.12767822,0.27459544,-0.23222458,-0.08727947,0.11536199,0.0974797,-0.1995287,0.041522384,0.026326835,0.20519298,-0.19207501,-0.4492333,-0.23804608,-0.14138597,-0.12535948,-0.74092317,-0.017760754,-0.10050011,0.08645111,-0.23941463,-0.36725157,-0.15480584,-0.36832675,-0.19773275,0.20761222,-0.11503893,-0.5226457,-0.17006287,-0.04494533,0.1819095
807,0.3149882,-0.014239579,-0.072431326,-0.6603534,-0.0066761374,-0.42037567,-0.43618733,-0.27775472,-0.28650182,0.1151052,-0.1129902,-0.062101364,0.0914458,-0.3428265,0.20481718,-0.42372808,1.6743019,1.7547221,1.5299222,0.64279294,2.7968647,3.368694,2.2226932,1.6932937,0.093318045,0.4168759,0.0550375,0.18676883,-0.012695956,-0.04229532,0.2657408,0.04193428,-0.1220116,-0.094291866,-0.085585415,-0.24106774,0.24176309,-0.4722014,-0.32157636,0.17502889
808,-0.71364677,-0.06321174,-0.097926974,-0.48719418,0.062493026,0.40926832,-0.008885086,-0.7462936,4.993595,0.12773979,0.016568843,-0.19297156,-0.15411127,0.06476298,-0.20002176,-0.13775504,0.48221853,-0.18332028,0.6786499,-0.15055971,0.20795098,0.49054298,-0.088426225,-0.44581428,-0.016976357,0.103643656,0.0698317,0.39100623,1.1397886,0.05159393,0.5124544,0.20901874,0.11236498,0.24163423,0.34402448,0.14458162,-0.32738984,-0.38951677,-0.64732707,-0.15463752
809,-0.22233753,-0.2330546,-0.3932026,-0.13217734,0.23087579,0.3028539,0.26744345,0.09911336,-0.45723242,-0.14618425,-0.16208813,0.85250366,0.6973016,-0.2646096,0.014114261,-0.17298833,2.709157,-0.18719481,-0.5290141,0.20113643,1.4683332,0.8039868,-0.273042,0.063734874,0.9703452,0.062470734,-0.19079834,-0.1946763,0.55103934,-0.29991475,0.18404524,-0.14094651,-0.8212981,0.030531019,-0.18512428,0.17804557,0.7174444,-0.35352388,0.1678834,-0.0312377
810,0.11205053,0.54219,0.0802663,-0.5618138,-0.12864023,0.14621514,0.09842488,-0.030819058,-0.14750373,-0.5230292,0.0019289255,-0.17887285,0.14830172,0.05440873,-0.2117359,0.23951036,0.011176765,0.67641646,0.40356976,0.041378547,0.0686478,-1.9475427,-0.09464553,0.19913095,0.1756638,-0.2586279,0.026097387,0.20406991,0.16201967,-0.12437296,0.037960276,0.06640729,0.28020152,0.3176815,0.32784796,0.13236731,-0.04132861,0.06486252,-0.011525288,0.11705148
811,0.041043878,0.09249061,-0.13853478,-0.054551005,0.1986506,0.1926421,-0.15506539,-0.043490097,0.09318769,-0.018235207,-0.06987126,0.15952516,0.06985402,-0.11200847,-0.1709792,-0.3567786,0.06541133,-0.07386732,-0.12840009,-0.47363508,-0.22200379,0.23966365,0.06290156,-0.07353485,0.13309431,0.035553515,-0.047210336,0.013545752,0.2187413,-0.1838274,-0.33354932,0.13017988,0.27217352,-0.43642783,0.6646211,-0.42764318,0.8832989,-0.38385397,0.4067381,-0.27233618
812,0.64448434,0.3647921,0.676041,1.4750856,-0.14935899,-0.2880441,-0.1581983,0.23401934,-0.10265693,0.90034,0.9604327,0.2889052,0.9033228,0.9274775,2.3669856,2.3523917,-0.1770619,1.5148015,0.61264145,-0.48560202,-0.49891216,0.07214558,0.13268492,-0.00011527538,-1.0525372,-0.36274794,-0.3275342,-0.34022516,-0.09567329,-0.1482749,-0.33202687,0.16058242,-0.09880075,-0.37277576,-0.1475228,-0.6772597,0.43255442,-0.35569477,-0.6755132,0.1669487
813,-0.5194551,-0.18283948,-0.28189427,-0.07877922,-0.32217264,-0.4359771,-0.058292866,0.034931958,-0.39100242,-0.24858242,-0.32377535,-0.10363519,-0.2284112,-0.36047846,0.06668764,0.78061336,-0.12097001,0.013066232,0.026699483,-0.12255728,-0.3181106,-0.53629625,-0.35911626,-0.32929394,-0.5662434,-0.16642582,-0.032955885,-0.07568693,-0.4006558,-0.36951977,-0.6568811,-0.17159235,-0.066836834,-0.04260853,-0.044426113,0.0949361,-0.6198611,0.051007867,-0.21271318,-0.20479646
814,-0.41660053,0.14734983,0.111041695,-0.72301173,0.1587236,-0.081430286,-0.7495917,-0.59091145,0.25187773,0.0949747,0.01862508,-0.052126884,-0.078618884,-0.07070795,-0.11083791,-0.55029416,1.1610534,2.759109,2.2019734,1.9849379,-0.4915365,0.3673103,0.56625867,0.18031323,-0.13885558,-0.3880983,0.16529125,-0.21119046,0.02054286,0.009852499,-0.39140257,0.11635753,0.19613236,0.17498317,-0.18325624,-0.9133098,-0.3482417,-0.40900707,-0.29056367,0.3320892
815,0.92255557,1.2598008,0.20152766,0.43176556,-0.7068815,-0.6177217,-0.23865373,-0.22939903,1.599576,0.14333332,-0.1621328,0.36721963,-0.2048491,0.89944065,-0.083854094,0.436458,0.41864538,0.63978076,-0.17721933,0.15914965,-0.38823044,-2.6661532,-0.30208647,-0.1492494,0.0789485,0.030330427,0.26384336,-0.40260202,0.30795312,0.06123448,0.5304797,0.10269743,-0.01734507,0.19709021,0.68004036,0.08951908,0.44209415,0.15757406,0.55506057,0.1865713
816,-0.015526161,0.14525038,-0.30490854,0.17136644,-0.4100296,-0.026623726,-0.22919554,-0.17657223,-0.51980245,0.0036129951,-0.4509459,-0.3411986,0.073171206,-0.3263375,-0.5835541,0.38785142,-0.101889074,-0.12591243,-0.26198816,0.014749944,-0.08530316,-0.41661537,-0.15661344,-0.23984653,-0.322321,-0.061913133,-0.09783363,-0.016443007,-0.4115438,-0.2423855,-0.17871982,-0.07640433,-0.03582284,-0.023874462,0.6583454,-0.13100797,0.2602682,-0.058970332,0.0989877,0.026130557
817,-0.30140102,-0.19222872,-0.047305673,0.14205247,-0.29980004,-0.15121096,0.4390092,0.3529799,-0.109960675,-0.12763882,-0.21033764,0.16051602,-0.2648722,-0.39238924,-0.39960694,-0.48206913,-0.24318564,-0.3001305,-0.6353419,-0.5079205,0.2557432,-0.45168996,-0.22826827,-0.3361479,0.19321974,0.06325136,-0.2767317,-0.57882243,-0.44443917,-0.45930594,-0.5317641,-0.56488526,-0.7940931,-0.09542453,-0.18416882,-0.1786984,-0.25616193,0.6569784,-0.55357605,-0.5569284
818,0.19469318,0.028190494,0.5296925,-0.20488942,1.0757684,0.5010127,0.44476724,0.1018538,0.7009096,0.2669304,0.57539684,0.2659469,0.6470162,-0.37357992,0.62122136,0.51280534,1.7557441,1.0282835,0.9531239,0.6554048,0.50354874,1.0436735,2.168149,3.174311,-0.18152031,0.07162285,-0.07998347,0.08515789,-0.3013883,0.3961235,-0.11995807,0.058523715,0.118314564,0.0033313036,0.08561236,0.44227383,0.107468665,-0.21872371,-0.13665819,0.1474869
819,0.35475537,0.47652665,-0.008120239,0.22224955,-0.14463294,0.5704208,-0.40231204,0.07453045,-0.21590105,0.24632417,0.34607553,-0.06322229,-0.14294748,0.09845531,-0.14004518,-0.13460132,-0.42824906,-0.15859887,0.056065023,-0.034707546,-0.2043916,-0.43266362,-0.07872352,0.03658499,0.47979796,-0.32548732,-0.20182359,0.021236032,-0.017916799,0.42436114,0.3227104,0.010995388,0.3852414,0.22421029,-0.8225942,0.26761904,0.67606306,-0.16902186,0.32184878,0.54763854
820,-0.4925465,-0.30559513,-0.030676574,-0.71958816,-0.5826834,-0.38414788,-0.6866226,0.108389795,-0.75693184,-0.61661667,0.7139269,0.16094267,-0.5557649,-0.24443564,-0.4447052,0.1247744,0.070198655,4.1389756,1.0010556,1.6526155,-0.6125874,0.6078694,-0.5199263,0.0031575263,-0.21826917,-0.66330004,-0.21600857,-0.6074061,-0.22310495,0.0005153194,-0.4270001,-0.24054432,0.021363106,0.44389465,-0.39310306,0.26189914,-0.23819953,-0.15183127,-0.6703372,-0.047454044
821,-0.06469005,-0.6266263,-0.17915067,0.33142278,0.20653266,-0.19911829,-0.16183269,-0.27774054,0.4535684,0.3951802,-0.033100724,-0.16866913,-0.19831795,-0.53626364,0.049713217,-0.93173945,-0.15872812,0.726025,-0.022400811,-0.029425144,-0.13724971,0.106413044,0.16990991,0.38890886,0.44932294,0.5431757,-0.8860915,-0.10304594,0.33588046,0.33313435,0.78756857,1.2640272,0.14381379,0.1775288,0.69758517,0.07158989,-0.079094365,0.6034411,-0.032732293,0.21171424
822,-0.31320667,0.17853816,0.16693258,-0.2813486,-0.22418025,-0.44836923,-0.10493368,-0.14383441,0.24520716,-0.14022326,0.016294748,0.011913747,-0.30742234,-0.17544007,-0.02343855,-0.0681324,-0.082495034,-0.52670515,-0.2592708,-0.24963906,-0.3118286,0.31504318,-0.07791692,0.08856248,0.04432577,-0.21975109,-1.3322377,-0.3174388,-0.26287693,-0.33628756,0.18630677,0.28416878,-0.38655663,0.122147456,0.2787674,-0.0048507154,-0.67147,0.8758298,0.34086347,0.21044308
823,-0.29990906,0.0061371922,-0.27014098,0.06465542,-0.169301,-0.3424848,-0.3131854,0.18030776,0.25087965,-0.040668488,0.25646216,-0.23719442,0.008307755,-0.37142098,-0.31368065,-0.057297975,-0.2342239,0.14432278,0.24373424,0.11609754,0.06547356,-0.3896385,0.0298661,0.09715468,-0.2616838,-0.057338618,0.102842405,0.06019897,0.111267865,0.03935191,0.078383,-0.47216892,0.19236898,-0.21841595,-1.5971984,0.16377604,-0.1569072,1.0219294,-0.3279925,0.1752032
824,0.07458079,0.63733333,-0.092248976,-0.033350945,-0.3205017,-0.55718714,-0.24659392,0.10172707,0.11457446,-0.3229812,-0.12848264,-0.27237725,0.054921627,0.5638248,0.0864546,-0.6180093,-0.10014284,-0.91243076,-0.11815056,-0.8920373,-0.20294178,0.16126758,-0.0792598,-0.3641342,0.14427018,-0.7582721,0.20018072,-0.39596865,-0.0017343163,0.43540522,0.17137161,0.31763,-0.7035448,-0.54446363,-0.29301995,0.4471216,-0.5214871,0.23895566,-0.045735978,-0.13760841
825,-0.50476706,0.34119943,0.18240571,-0.4197585,0.44784534,-0.37907583,0.28297657,-0.6126044,-0.23053658,-0.6787331,0.252828,-0.26980597,-0.41970766,-0.18455887,-0.39572233,-0.23569992,-0.17904794,-0.12901005,-0.23211989,-0.45541903,-0.288799,0.54496425,-0.13932192,-0.25694454,0.12912738,-0.13502225,0.084282994,-0.27799505,-0.2779436,-0.0797084,-0.2178273,0.37079307,0.034205556,-0.39279836,-0.013800144,-0.5089842,0.48753518,-0.1779784,-0.6449799,-0.12561083
826,-0.60074365,-0.1937043,-0.19448696,-0.27202934,-0.05080521,-0.5714872,-0.77254164,-0.16231906,1.9981642,-0.1475338,-0.30843377,0.32943574,0.06363523,-0.8813602,-0.33529767,-0.092063606,-0.012065136,0.5337235,-0.008927047,0.07239762,-0.033394925,-0.041210614,0.0064299703,-0.00061804056,-0.086857826,-0.586385,-0.060498536,-0.080533236,1.0396464,-0.14118779,-0.4877215,-0.19527024,-0.16796723,-0.21955395,-0.3190897,0.030154288,-0.17199251,-0.55248713,-0.4080276,-0.23573118
827,-0.3674798,-0.0649139,-0.10649083,-0.685041,-0.1719734,-0.53300685,-0.35964894,-0.053325057,-1.2025312,-0.028057814,-0.6927004,-0.02862832,-0.24379244,-0.014176071,-0.21898884,-0.46985543,0.08044118,0.131886,-0.8741572,0.055470675,-0.10854232,-0.50276774,-0.24134043,0.75258696,-0.26107132,-0.16722175,-0.5164312,-0.10882878,-1.0235591,-0.34945235,-0.3488637,-0.078438714,-0.21240199,-0.10623881,-0.48932198,-0.18927628,-0.09881562,0.076595545,0.47942752,-0.07813841
828,-0.2643615,-0.30882615,0.17436832,-0.6506405,-0.23900867,-0.1304968,-0.23846999,0.3351549,-0.035832345,-0.4047261,-0.73582673,-1.0575933,0.1542427,0.020534426,-0.56324536,-0.23734242,-0.18074034,-0.19470385,0.19141409,-0.39588022,-0.022587188,-0.8226586,0.6447818,-0.46798873,-0.2818647,-0.17405973,-1.0239567,-0.3396262,0.96619576,0.51115686,0.2150692,0.46178845,0.114005476,0.41651148,0.3334161,-0.44846195,-0.080112934,0.14768836,0.30096003,0.4541816
829,-0.26322955,0.5079255,-0.4889861,0.30431968,-0.2628704,-0.14042118,-0.35079706,0.45841685,-0.42894524,-0.025460958,-0.5514462,-0.5287778,0.27641362,0.07122171,-0.32108432,-0.88459194,-0.15253907,-0.30633703,-0.11638385,-0.44618267,-0.057546675,0.10961774,0.33966535,0.045667402,0.19896567,-0.12724227,0.036527395,0.20398426,-0.30368805,-0.2873577,0.060675845,-0.254485,-0.59674346,-0.09340745,-0.10310805,-0.21038043,-0.1800338,-0.38540357,0.4022923,-0.4312594
830,0.052953362,-0.3068959,-0.14956665,0.32685468,0.03600265,0.36833614,-0.15758348,0.16390431,0.99292177,0.70592666,0.37189537,1.5282176,0.16625115,0.013531268,0.962136,0.11216554,-0.64075446,-0.011466175,0.44712868,-0.18096584,-0.11343476,0.05685705,-0.66701555,0.33992115,-0.016315639,0.17103547,-0.017898977,-0.28194132,-1.0039263,0.022164464,-0.27850488,-0.17728837,0.06650151,-0.14888585,0.17085978,-0.10101783,0.2429648,0.4024599,1.2166232,0.46692407
831,-0.1184957,0.2690578,-0.43643174,-0.21425998,0.4439268,-0.16637251,-0.14374179,-0.22696185,-0.743834,-0.44425002,0.36465305,-0.18026239,-0.8198581,-0.37894934,-0.11132479,0.098783016,1.6226523,1.3705024,0.97843707,0.9393849,0.56849873,2.0286188,2.007897,1.8778586,-0.3514328,-0.21584356,-0.36712152,0.31255662,-0.0037224293,-0.24073875,0.016336799,0.017357826,-0.53214014,0.037197948,-0.3322511,-0.27729946,-0.20650387,-0.08845878,-0.5822854,0.09625864
832,-0.29110974,-0.2575119,-0.17159218,0.12563688,0.05126041,-0.06967002,0.6396941,0.13420779,0.12731639,-0.3388791,-0.043883674,0.06668593,-0.22783175,0.2536723,-0.12909067,-0.13423336,-0.34737596,0.23796839,-0.013952583,-0.3775518,-0.19591153,-0.1581931,0.21865895,-1.6710489,0.39817744,0.3603291,0.91965324,0.17305481,0.6164046,-0.06807712,0.08037686,0.12738037,-0.34538168,0.116829574,0.2646421,0.12730408,-0.14267872,0.5550072,0.37542433,-0.11938402
833,0.18646652,0.26458785,0.18777096,0.20718785,0.9929707,0.35501385,0.36016595,-0.5020247,0.115279496,-0.0022892356,-0.13629729,0.18982163,-0.5716329,-0.45383435,0.1498977,-0.34431595,-0.1638133,-0.44000483,0.23172927,-0.16963822,0.43560678,-0.33719328,0.00033938885,-0.44867915,0.8779129,0.009830654,-0.2898289,-0.81929946,0.6374989,-0.06599277,0.31692004,0.76972073,0.7631993,0.17399454,0.9630071,1.1716924,0.02654239,0.40889764,0.19424093,0.040379316
834,0.15827215,-0.27297196,-0.06155479,-0.4326232,-0.17572442,0.32724226,0.037103355,0.38394326,-0.055865943,0.45151407,-0.80620104,-0.45840052,-0.10238165,0.015301287,0.13280928,-0.30982387,0.010015249,0.14562309,-0.4290092,0.1742774,0.0416373,-0.10825896,0.20971555,0.6579021,0.2117688,0.42243654,-0.20740122,0.0444543,-0.31237632,0.14066355,0.6093982,0.20939386,0.08030304,-0.28359798,-0.25511897,-0.08613798,0.10977548,0.08109254,-0.24931616,-0.0054406375
835,-0.08143319,-0.15674013,0.25310892,0.023351192,-0.036473513,0.15827155,-0.04393296,0.45898163,-0.020479232,0.1372087,0.28745273,-0.2966319,-0.19282162,-0.3397835,0.17897013,0.36855015,0.10950661,0.17228104,-0.30088606,0.023565203,-0.043754578,0.05406657,-0.15970892,-0.71727204,3.5023923,2.6103861,3.5398896,4.6722717,0.20370302,-0.28041047,-0.46310747,0.039027676,2.788318,2.210931,1.5513229,2.4521375,0.019303735,-0.34678727,0.08340411,0.039863467
836,0.4638709,-0.29476303,-0.25274324,0.45884657,-0.5554956,0.80875105,-0.050655648,0.90543896,-0.6896661,0.5758343,-0.050649434,0.38439417,-0.14329904,-0.10319081,0.22062194,0.30202997,0.07439956,-0.17730647,0.06776555,0.10501096,0.11278838,-0.3746325,0.09241879,0.42400658,-0.3342136,-0.60077167,-0.65435666,-0.29313126,-0.3185671,-0.31900615,0.32058862,-0.88413984,-1.1341994,-0.46825057,-0.13392052,-0.4285624,0.59341556,0.071778476,0.0071834326,0.12346578
837,-0.066156626,-0.3878071,-0.42918324,-0.22457239,-0.55106884,0.370154,0.06839155,0.85904807,-0.08017832,0.21378586,0.09456444,0.2670313,-0.37234592,-0.101160765,-0.067913726,-0.060123708,0.010609031,-0.038738728,-0.073973835,0.079033256,-0.21907777,-0.27956477,-0.2062493,-0.65973514,2.3163993,3.503941,1.8663656,3.5919352,-0.31900936,0.27847934,0.030219816,-0.6314157,2.8101714,2.2130837,1.3664654,2.4126866,-0.07500702,-0.054093342,-0.26883063,0.19880249
838,0.015682936,-0.43805254,1.280954,0.07310897,0.39851254,-0.18582922,0.5125493,-0.06426138,-0.29848632,-0.2990839,0.09746988,-0.29529423,2.6256478,1.0302612,0.9621365,1.907977,0.28268945,0.44254458,-0.50789726,0.13991365,1.3190339,1.1784219,0.83377963,0.7953789,-0.48415163,-0.3400626,-0.27465028,-0.21792233,0.84544873,0.19491619,-0.23892967,0.25977418,-0.6978653,-0.37257338,-0.14887911,0.1104548,0.3113842,0.5063845,0.15275127,0.21934074
839,0.3820945,-0.05266883,0.35871044,0.07006776,0.14469402,0.56567276,0.17888567,0.37150097,0.13598824,0.9153659,0.7306254,0.58871394,-0.17170814,0.063590236,0.048321806,-0.13777521,-0.45984808,0.10419631,0.31539702,-0.132837,-0.24873513,0.043247893,0.16376296,0.07550189,-0.13805798,0.03633921,-0.040356293,0.061204255,-0.25755334,0.45204094,-0.09337261,0.2007917,0.23496228,-0.73473215,0.10383919,-0.5835101,0.3884163,0.022358697,0.1761254,-0.17309082
840,-0.049626037,0.854504,1.4881895,0.18358204,-0.12319881,-1.1091005,-0.28947037,-0.2704981,0.17480257,-0.43607074,0.064005345,-0.37098393,3.1743631,1.2848662,0.4778424,1.3914651,-0.07048535,0.12631512,-0.12123741,0.106036544,-0.055663902,0.3250383,-0.16630167,0.42037153,0.47259718,-0.19561389,0.7913361,0.2011739,0.64401007,-0.39177302,-0.029524833,-0.2725084,3.4913764,0.47797364,1.8651211,-0.2447668,0.7460736,0.09436265,0.11303228,0.47854638
841,0.0718758,0.52835,-0.33413523,0.075045764,-0.30563805,0.051519632,0.15756655,-0.35823762,-0.3853014,-0.34256154,0.17513174,-0.034109518,-0.24609125,-0.14954114,0.22236931,-0.30193448,-0.084007144,0.53548217,-0.11441326,0.11281121,0.663422,-0.21056415,-0.30335167,-0.108035326,-0.24287236,-0.21776211,-0.13989031,-0.40410507,-0.16642839,-0.3472622,0.095443785,-0.37384212,-0.7584605,-0.5660861,-0.37842944,-0.2660823,-0.15812469,0.6951584,0.33240357,-0.34348035
842,0.39898038,-0.6667633,0.14607981,-0.10079607,0.25984275,0.09705329,-0.29920876,-0.049356878,-0.91997206,-0.6309668,-0.39307642,-0.63205767,-0.2202338,0.0035296082,0.40077993,-0.13540614,-0.07434642,-0.07312665,1.0289351,0.25663346,0.09944874,-0.36374316,-0.16623834,-0.32739347,-0.030084252,1.1055932,0.6268192,-0.21011768,0.22371405,0.61056626,-0.16373801,-0.18371153,0.61430067,0.46553537,0.5262775,1.9389989,-0.039719835,-0.42643997,0.22276938,0.0523538
843,-0.39232078,-0.47021472,-0.2748094,-0.28693768,3.830129,3.1280105,3.3651023,3.1774695,2.9916227,2.01737,2.8476405,2.7784095,-0.5698543,-0.12825349,0.004102245,-0.122253776,-0.27107134,-0.012884349,0.0019120872,-0.33983108,-0.20211992,-0.06830788,-0.4246323,-0.25380015,-0.11498019,-0.2714128,-0.4567064,-0.26765382,-0.28697228,0.07761356,-0.201432,-0.14635207,-0.6931422,-0.01834631,-0.054093793,-0.3154092,0.24634194,0.18799435,-0.19551578,0.58143395
844,-0.0026373863,-0.06936583,0.03650689,-0.38038623,0.011213303,-0.48962206,-0.41530803,-0.5757687,0.061593294,-0.1692357,-0.15137923,-0.2577151,-0.08806431,-0.13108769,0.10950971,-0.25568008,-0.08465874,-0.29114288,-0.0005111098,-0.2688254,0.04933703,-0.27280295,-0.27537644,0.2626133,0.64211464,1.2962205,0.92197466,1.0107951,-0.019122481,0.17738464,0.13231415,-0.0032935739,0.46657592,0.4176426,0.6973805,0.6794431,0.13440764,-0.291022,0.04549706,0.10567644
845,-0.2460221,-0.16585144,-0.59302825,0.47616884,-0.17700666,0.34682631,-0.018557906,0.1610888,-0.29145983,0.52735233,-0.19186237,-0.09678885,-0.3686561,-0.1588319,0.74373907,0.30013946,0.19684607,-0.6571863,-0.16005068,0.034719944,-0.12234169,0.16174644,1.4165857,0.32780075,0.20598751,-0.20429632,0.11921547,-0.23545368,-0.11803341,-0.61952114,0.19591796,0.08899459,0.69628763,0.06880784,-0.40646255,-0.34340727,3.2474663,0.6179565,-0.29179737,-0.37803376
846,-0.05351782,-0.22872293,0.079180375,-0.11226231,-0.3967243,-0.19524828,-0.18653747,-0.29090357,0.44670618,-0.19107093,-0.17817008,-0.3915301,0.23168397,-0.03196752,-0.26930955,0.27501282,0.08382088,-0.57264733,-0.7265099,-0.020598471,0.28490388,-0.23631394,-0.36343944,-0.087337315,4.7048917,4.6390285,4.770733,3.09193,0.6613832,-0.20729741,0.13119304,-0.03671038,1.4448293,1.2338428,0.95816076,0.8674994,-0.23002422,-0.33886075,-0.11371687,-0.005731523
847,-0.346093,-0.10259259,-0.12841648,-0.027763367,0.065393515,-0.4201392,-0.051817417,-0.20687592,0.21131842,-0.061484694,-0.20916939,-0.20353317,-0.022650462,0.23234558,0.016273737,-0.093835115,-0.41344857,-0.18819296,-0.27794912,0.039484322,-0.116166174,0.053115606,-0.119158745,-0.052995563,1.6723422,0.5164298,-0.1411156,0.3537153,0.2850741,0.28014493,-0.020345688,0.22571737,1.4720948,1.0703627,0.7805556,0.24521743,0.0011832714,-0.42875564,0.034866653,-0.029864967
848,-0.23862916,-0.19558357,0.30066204,-0.19094373,2.2135286,1.3695831,2.724231,1.012283,1.2750415,0.7742277,0.8008039,1.0433677,-0.012475014,0.19867977,-0.035423517,-0.49801135,-0.35692143,-0.05741304,-0.32581136,-0.28516108,-0.06520337,0.028068021,0.11687413,0.36962637,1.9893291,-0.064234406,0.22225416,0.25062025,-0.24052134,-0.038769897,-0.22236872,-0.114496976,1.3866615,1.1895912,0.6494004,1.5326085,-0.10730745,-0.033634424,-0.22003323,-0.4929381
849,0.32537216,0.061260983,0.25211275,-0.111105174,-0.090340376,-0.19785586,-0.45060596,0.013724625,0.03577885,-0.1770365,-0.019872975,-0.40646422,0.53465295,-0.3906676,-0.4486019,-0.13141978,0.9568454,2.1661725,0.9804069,0.2797362,-0.32985187,0.4673606,0.66295815,1.1116117,-0.34245467,0.02363038,0.025067449,0.24445038,-0.4843989,0.04464215,-0.5025026,-0.683954,-0.3305686,-0.64182436,-0.15477988,-0.41476882,-0.61644655,-0.16320884,0.09464973,-0.6798482
850,2.1917043,1.430964,0.8966665,0.35247552,-0.2731313,-0.17795193,-0.20459104,-0.18369931,-0.53610235,0.060444474,0.658389,0.35530436,0.9355973,1.6210791,1.3697648,1.3023593,0.39346847,-0.22280775,-0.45363694,-0.46282837,0.37167245,0.30954254,0.28206113,0.7984665,0.51874167,0.6609367,0.7007867,0.25595775,0.96844137,-0.22680908,0.051234126,0.19312924,0.7405826,0.16090953,0.111195385,-0.2860281,0.08847934,-0.2665525,0.10050106,-0.044126213
851,-0.25449082,0.80902785,-0.045284167,-0.006099403,0.56015104,0.9785172,-0.13275467,0.22320175,0.315109,-0.2912054,1.0652199,0.3959054,-0.14142162,0.35871398,0.3486601,-0.35776365,0.09546709,-0.26318344,0.018451653,-0.03106165,0.7231809,0.7344564,0.53757715,0.5005428,-0.15225497,-0.31245455,0.0834046,-0.18776381,0.11121166,-0.07446396,0.67293173,0.45562482,0.09872538,-0.23552057,0.20132923,0.35202786,0.019291341,0.1134814,0.03604107,-0.15616709
852,-0.059359193,-0.14341292,0.10344799,0.19962871,3.7679005,1.7328583,2.1418788,1.4881978,3.9745448,2.4106328,1.4842975,1.1074557,-0.1591363,-0.22015691,0.013217777,0.100301206,-0.007993937,-0.3248772,0.28289974,-0.28006086,0.23878878,-0.5075809,0.3522653,0.025413312,2.0079246,0.31651,2.0110462,0.47772762,0.73333085,0.23773143,-0.01695934,0.18263406,-0.14095387,0.34366065,0.7172876,0.7973406,-0.049034238,0.5556485,0.4024719,-0.51454234
853,0.0928185,-1.014395,-0.41389102,-0.7212689,1.9316095,0.7542355,0.68160033,0.85541564,1.1591719,0.2124951,0.68950963,-0.035843693,-0.25213766,0.47509706,0.072422385,0.120464176,-0.32228273,-0.70252,0.01119411,-0.47889385,-0.27373815,-0.3682293,0.5175587,-0.37727797,0.7104487,0.75670093,0.76994014,0.17977493,0.72669446,1.6772504,1.081595,0.42320797,1.2567785,1.3668226,1.6939737,1.7945187,0.7873089,0.53056365,-0.18250799,0.0033440292
854,0.15212822,-0.41826928,-0.5512235,0.24889195,-0.17066759,0.0012581348,-0.082360625,-0.21981932,-0.22732595,-0.20217586,0.002539806,0.11085564,-0.48357224,0.07865554,-0.052991375,-0.049365148,0.07771397,-0.0016147494,-0.1559222,-0.16534491,-0.11881888,-0.086151555,0.11651075,0.1081242,0.049715936,0.07233636,0.062639125,0.030658081,0.107724965,-0.11398955,-0.1301085,-0.22644174,0.057285845,-0.22811787,-0.40749282,0.48576593,-0.21004811,-0.058851354,0.03782627,-0.3193938
855,0.44685346,0.3475173,-0.2001662,-0.2837033,3.5353544,1.2579726,2.0933743,0.3086002,1.6616249,0.71264714,1.4456117,0.17383286,-0.6207017,0.4362803,-0.19068122,0.29403627,0.30387473,0.1053679,-0.7676149,-0.73254836,0.40999022,-0.031941056,0.49401543,-0.29836053,0.33923763,4.413298,1.7937994,3.1310134,0.14120322,-0.020571053,-0.41917455,0.22058345,-0.26629248,0.22227319,0.49973145,0.32204553,0.19429761,-0.20206374,0.24668384,-0.0655583
856,-0.29278064,0.26932836,-0.39206344,-0.2054206,3.2944648,1.0733062,1.2937934,0.37895787,1.4404583,0.0034367144,1.3427774,1.2129756,-0.16721845,0.09002149,-0.10796332,-0.48667234,-0.11069137,-0.6888713,-0.40023285,-0.46819055,0.14973605,-0.5103978,-0.5437949,-0.6915617,1.3162401,-0.16873097,-0.2745619,0.1308551,2.6211333,0.73864377,0.94991225,0.8461509,3.9628053,2.4868402,2.9722767,1.7788389,-0.591938,-0.54190344,0.36189687,0.45519754
857,0.2696042,-0.03279715,-0.0740906,-0.23067695,0.75036657,0.20750657,0.5352003,-0.0053404868,0.045647293,-0.329634,-0.04631433,0.1016309,0.5909771,0.25695667,0.8358328,0.32725015,5.0420218,4.445236,3.1030931,3.3768108,1.9923141,2.860926,2.9207692,2.8841863,-0.3691831,-0.32032114,-0.24892752,-0.30745408,0.1007956,0.28892148,-0.1637043,0.04923135,0.48477894,0.041397154,0.14744022,-0.23145401,0.12057847,-0.021978136,-0.02686961,0.28920496
858,0.36454195,0.14438039,0.5823877,0.22245598,-0.24963027,0.1530306,0.36568567,-0.07817018,-0.22642598,-0.2279309,0.16727026,0.2643386,-0.17858696,0.1596873,-0.27836826,-0.164677,0.11019111,-0.590247,-0.45111096,0.25486964,-0.57097894,0.12911396,-0.055032015,-0.5422486,0.0013818741,-0.12854275,0.12758937,0.319225,0.16667983,-0.017462,-0.36911166,-0.10037181,0.32586753,-0.88912195,-0.21513157,-0.43133855,-0.27978987,0.09896445,-0.33979326,-0.12002677
859,0.44504273,0.113746494,0.19065386,-0.20921677,-0.44428468,0.035905823,-0.4627719,0.0062602162,-0.043499917,-0.182275,-0.15410016,0.030825138,-0.4924348,-0.333259,-0.3703039,-0.16608089,-0.245955,-1.1325994,-0.23059559,0.058344334,0.16232044,0.19091755,-0.79127336,-0.96382284,0.6093323,0.85243845,0.73875153,0.23471826,0.17471278,0.07383135,-0.12893856,0.9489209,0.9209008,1.382833,0.9337433,1.4199054,0.19465667,0.45318985,0.17599483,0.4255669
860,-0.38192296,-0.47072336,-0.49533743,0.13505481,0.9743762,0.36450475,0.11132485,1.1826167,1.8588395,0.062310785,0.3223931,0.54005516,0.027243376,-0.007685989,0.032381773,-0.4638248,-0.28558302,-0.53841287,-0.30405432,0.6788927,-0.3809613,-0.3944556,-0.29451904,-0.124967664,2.8120956,1.1461245,1.081383,1.2034458,-1.1174054,0.19884127,0.047019467,0.45462072,0.6318889,1.5170695,0.058946133,0.82650775,0.9849048,0.08014986,0.11348066,-0.1711872
861,-0.12495428,-0.6493262,0.23802292,0.011116296,-0.09700358,0.023728907,-0.050852656,0.7225288,0.16699481,-0.095088124,-0.7484577,0.31015456,-0.02503395,0.0020449758,-0.287637,-0.38142142,0.02499652,-0.10406768,-0.0071952045,-0.2723627,0.29423934,-0.13185698,-0.23590034,-0.14013658,-0.332465,-0.32881522,-0.1966343,0.0004856391,0.10230166,0.7034238,-0.15697232,-0.43855304,-0.14438605,0.29439932,-0.0601784,-0.42349216,0.11053872,-0.22857857,0.12671202,-0.14060497
862,-0.12408388,0.0067519546,-0.10396314,-0.47608918,0.04232952,0.23335575,0.11045766,0.18677282,-0.31083745,0.008086652,0.61676097,0.019668698,0.43251935,-0.64416426,-0.19154024,-0.7200712,1.7359148,0.8474361,1.1069149,0.20349926,0.45423007,-0.4440159,0.4012208,0.5617446,-0.9476502,-0.11238297,-0.38052458,0.045642495,0.18926933,0.08524139,0.56533635,0.06204003,0.13166776,0.23261032,-0.42004755,-0.025653303,-0.22600257,1.1540618,0.0020689815,-0.37299907
863,-0.3517776,0.098918855,0.15902221,0.462385,0.6647157,1.1422601,0.13650116,0.70848703,1.5923457,0.7892513,0.3823958,1.0470877,0.19050017,0.46408877,0.09468193,-0.03140524,-0.0409714,-0.1665796,-0.5282695,-0.16262934,-0.17821586,-0.09315243,0.20236754,0.01660569,4.2734203,2.926846,2.5748563,1.4169347,0.08763299,-0.39981937,0.19498947,0.39559782,0.7481243,-0.353774,0.46053058,0.3395655,-0.41917452,-0.040116012,-0.19768873,-0.33923924
864,-0.104105905,0.031012416,-0.21046638,0.14245097,-0.029221267,0.06569873,-0.533939,-0.096194,-0.29383537,-0.14418463,0.063203156,-0.32072148,0.14634088,-0.38196388,0.014631689,-0.21695833,-0.39529586,-0.8272817,-0.12710166,-0.6230134,-0.20773846,-0.7478138,-0.30700374,-0.5694765,0.43792218,0.16950214,0.62759614,-0.3715927,0.13374299,-0.24884576,-0.2042045,0.14176476,-0.091159075,-0.02104537,0.18334255,-0.39300546,1.0634863,-0.628734,-0.075668186,-0.2936294
865,-0.21579456,-0.35625616,-0.07449022,0.118484706,-0.16764793,-0.003375113,-0.05334405,0.016926348,0.19350648,-0.0646534,-0.110227324,-0.10274178,-0.119048215,-0.7145276,0.1358243,-0.1844542,-0.043881744,-0.107082725,-0.28243467,-0.32980096,-0.32693315,-0.11117852,-0.14864317,0.09454608,-0.0045422316,-0.09992698,0.039434165,-0.3526413,0.10547054,0.1942282,0.15079622,0.13713747,-0.5113001,-0.03894627,0.14198291,0.058079004,-0.39383686,0.2412892,0.025334746,-0.05791986
866,-0.12074953,-0.6794375,0.13912895,-0.15427282,0.025879145,0.033302546,-0.09618303,-0.002742827,-0.4497829,-0.10923037,-0.032133818,-0.082627,-0.06522226,0.2459512,-0.45206654,-0.18745144,0.05254233,-0.43657184,-0.1065329,-0.102845296,-0.25124192,-0.31874663,-0.5422409,-0.24784368,0.21348703,0.580374,0.5452434,0.44651213,2.6358573,2.2703784,1.5801493,1.5622789,2.8754895,3.1641126,2.4031515,1.5816764,-0.2710899,-0.33931148,-0.09638107,0.120937884
867,-0.2173882,-0.17702064,-0.104525745,-0.5113696,-0.21187364,0.115098655,-0.23201671,-0.023187041,0.12210685,-0.5392116,-0.36439112,0.29022843,-0.5718098,0.22187704,-0.006918341,-0.23634282,0.18305624,-0.039067745,-0.10227838,-0.20279655,-0.12064777,0.04095435,0.45582634,-0.24849495,-0.42855477,1.0023577,0.15165229,0.47289926,0.21605535,0.6309773,-0.10831536,0.22940128,0.6447358,0.03253144,0.19501542,0.20831642,0.047924593,0.12967001,0.017579988,0.3730222
868,-0.21005233,0.034538686,-0.15727435,-0.16001524,1.7632235,1.7933722,-0.0016165227,1.1833198,0.78889394,1.4681463,0.6023139,0.48402008,-0.71683496,-0.4318977,-0.29220617,0.022357762,0.12289095,0.0061101913,-0.21477711,-0.015811473,-0.43440968,-0.20905489,-0.19460732,-0.06550928,-1.9291403,-0.43508428,-0.64230615,-0.16777666,-0.26752308,-0.4320498,-0.22331324,-0.3351223,0.01299496,-0.7221496,-0.28716356,-0.14140025,0.7007991,0.7858284,0.03281808,0.074671656
869,0.7526964,0.17733596,-0.24908821,0.3129048,0.22299296,0.70761365,1.130475,1.5249035,0.4153361,0.54332954,1.2442846,1.5113101,-0.07487261,0.24064189,-0.41899613,-0.081781715,-0.25385576,-0.5987799,-0.22443369,-0.079802714,0.0708645,-0.9371697,-0.30840218,0.067780316,0.15689307,1.4693732,1.2433175,1.3084961,0.44113335,0.00418517,-0.20965713,-0.18239427,1.0687534,0.73185706,0.86025923,0.95434904,-0.49098158,0.8639031,0.20352745,-0.3808837
870,-0.15181667,0.23528495,0.24995893,0.22167341,0.005665064,1.4738322,1.1202903,-0.3004802,0.7613396,0.8586359,2.2897954,1.0633208,0.22282869,-0.06986591,-0.21722561,-0.23912078,0.52532196,-0.35949183,0.15772702,-0.23830165,0.23639998,-0.2227881,0.1705931,-0.24413686,3.918661,3.205447,2.249857,2.6330245,0.21183062,0.08998741,0.1966847,-0.1349774,1.2232234,-0.0021077394,1.2274277,0.17252411,0.11121017,-0.4370372,0.17105556,-0.27789798
871,-0.5724581,0.4357844,-0.03331961,-0.1932413,-0.38132828,-0.27172047,-0.9124287,-0.38996464,-1.1466031,-0.31660354,-0.07168019,-0.24664503,-0.26062497,0.18797228,-0.28866857,-0.17882329,0.15300438,-0.012745917,-0.063926995,-0.056801893,0.17989087,-0.49444938,0.9891546,0.3384928,2.3836622,1.5903898,1.7241626,2.1317222,0.4949804,-0.2720382,-0.24857694,0.14344996,-0.024202347,-0.13772872,0.0869639,-0.08516449,0.48196268,0.25406957,0.30119357,0.011565298
872,-0.097994186,-0.02561751,0.05689478,-0.01420863,-0.08731692,0.14678305,-0.75287545,-0.46596095,0.021645427,0.08783005,-0.07804632,-0.0051510334,-0.09947616,-0.27280992,-0.10948676,-0.18453625,-0.11724749,0.042026162,-0.12612063,-0.052905023,-0.05272472,0.25251806,0.044340253,-0.0531435,0.5555969,1.4192122,1.355136,1.7147903,0.5370617,1.1374152,1.1153262,1.6462934,2.642803,2.1998613,1.5517071,1.7992268,-0.19947481,0.65386635,-0.21455264,0.25821102
873,0.6362337,0.625461,-0.066849716,0.009134331,-0.0797534,0.22593887,0.055855393,-0.114934206,-0.41941988,0.5904593,0.24413529,0.24649993,0.17504165,-0.2715943,0.28493643,0.0011825487,0.76870835,1.106682,0.70382637,1.0879527,-1.2972189,-0.42364186,0.17210332,-0.25838143,-0.098831505,0.91775286,-0.3304559,-0.11046753,-0.21442604,-0.19405484,-0.12415143,-0.0075547397,-0.66922265,-0.16342314,-0.13611339,-0.1096205,0.04625237,-0.31592456,0.22228324,-0.24939081
874,0.085734665,-0.19387984,-0.09103416,-0.39940464,1.1580803,0.89795077,1.7902577,0.47507638,0.082889855,0.629184,0.17621014,0.51218426,-0.31845057,-0.22586656,-0.63737583,-0.2622175,0.23286426,0.7331531,1.739454,0.10617277,-0.3529833,-0.1642493,0.7681091,0.61706364,0.41424784,0.13148469,0.5092745,0.84516263,0.29915476,-0.21252409,-0.025786042,-0.020941712,0.07335228,-0.14373124,-0.8389504,-0.051987767,-0.378437,-0.47791576,0.14923233,-0.2469821
875,-0.064095855,-0.44264916,-0.28693667,-0.23455918,0.04908538,-0.18406433,0.18420908,-0.36352596,-0.10366297,0.04951203,0.19140568,0.3219822,0.34658507,-0.2738158,-0.07295221,0.117648914,-0.16296795,0.22079948,0.5996619,0.14032415,-0.09660104,-0.2226103,0.036716282,-0.3881495,0.6399298,-0.0224064,-0.13395916,-0.34127134,-1.2714252,0.18235058,-0.18363187,-0.37760323,-0.36465943,-0.40810606,-0.11031628,-0.1368426,1.8877411,-0.3246719,-1.1932123,-0.311236
876,0.17109829,-0.36101422,-0.84217286,0.19065316,-0.74300945,-0.6029798,0.11087257,0.03269436,-0.58137876,-0.6273011,-0.6894331,-0.43541145,0.24488494,-0.06490162,0.1417396,-0.066328555,0.14637077,-0.10106087,-0.16691807,-0.16254094,-0.33612323,0.49968603,0.30253702,0.6714845,0.37166828,1.2346725,1.2978909,0.35310146,0.46253362,0.052018583,-0.0849638,1.0619521,1.6511879,0.22335133,0.6543629,0.3186426,1.1863221,-0.8177453,0.27069482,0.32902518
877,-0.6050972,-0.14935136,0.083814025,0.41406357,-0.05445373,-0.45032114,-0.13828985,0.053968012,-0.07320532,0.1663607,-0.43864238,0.036126614,0.0052176714,-0.052170258,0.10986829,0.027965903,-0.012548566,-0.75256586,-0.11339328,-0.1639992,0.02629006,0.58642894,-0.34643254,0.25428164,3.045527,3.6627636,2.1628187,1.8454385,0.36576843,0.6152462,0.5957831,0.2161904,1.9602962,1.7466643,1.3256658,1.3412821,0.28510714,0.15516752,-0.057420537,0.19977558
878,-0.6767444,-0.41321123,-0.07438767,0.2418505,0.30059808,-0.27505824,0.31617793,-0.5606278,-0.20049864,-0.515507,-0.1697523,-0.45240217,-0.0031117797,-0.6077466,0.29462737,-0.096090466,0.10573214,-0.07976377,-0.18738063,-0.6204926,-0.18667775,-0.38654438,-0.011148214,0.25981224,-0.0034253001,-0.2291305,-0.3507476,-0.5134059,1.3390881,-0.36131063,-0.94531035,0.13754803,-0.22113939,-0.26595646,-0.22586685,-0.23952344,0.074556045,0.0248608,-0.31777495,0.02418992
879,0.42997533,-0.13012129,0.25361753,0.27968335,-0.48218143,-0.19220167,0.53285944,-0.1846736,-0.7421365,-0.37326616,-0.28711116,-0.46252835,0.27246618,0.2611232,-0.26947516,0.25629792,-0.077433944,-0.21257949,-0.28436425,-0.42444175,-0.3216765,-0.12712884,0.35382932,0.27648342,0.3955484,0.7560837,0.4818966,0.34599182,-0.12018168,-0.2182756,-0.7778963,0.06149727,0.49775493,0.14487511,0.06380725,0.39595646,0.401307,-0.06587279,0.23094022,0.24764816
880,-0.62285423,-0.2684053,0.16205087,0.18055296,-0.013617516,0.29314804,0.23665513,0.09131574,-0.10848409,-0.27278835,-0.11120321,-0.419574,0.041173458,-0.13746285,-0.78183687,-0.5352659,-0.39830136,-0.24233085,-0.12681645,-0.20576552,0.03806001,0.030901909,-0.15230247,-0.55317944,-0.1712141,-0.14157929,-0.2886458,0.028361142,3.8875778,1.7715136,1.643819,2.0511873,3.9405265,2.958012,1.6964347,1.3950522,-0.54117954,-0.5398189,0.10490799,-0.16349716
881,0.1272364,0.06218213,-0.6258341,0.31946334,-0.09921405,0.25729373,-0.010741107,-0.39973888,0.36785465,0.117840596,0.50892204,0.41124612,0.23706177,-0.54438996,-0.33540818,-0.19128358,-0.21060681,0.49688187,-0.20524389,-0.27660868,0.14607197,0.10628475,-0.7279693,0.2118173,0.9441256,0.9285398,0.10148826,-0.3397054,-0.41865385,-0.37126473,-1.2227339,-0.7068759,-0.21021442,0.24609235,0.54412544,-0.5135061,-0.18918723,-0.2056866,0.07059619,-0.09611398
882,-0.29646486,-0.69560975,-0.2552402,0.20028138,-0.35086733,0.37813258,0.26112163,-0.17166609,-0.12152642,0.22953495,-0.6425923,-0.5072031,-0.19484979,0.02759993,0.020268738,0.094822735,0.2341604,-0.009289026,-0.4833998,-0.3388412,-0.8572432,-0.30181628,0.20721968,0.028687455,-0.48922646,-0.444947,-0.1371099,-0.0048902035,0.85925317,0.726205,0.6762712,1.2026925,0.1716478,-0.22911471,0.6673887,-0.18556334,0.23612976,0.80592465,-0.3604172,-0.3335919
883,-0.00809437,-0.3432163,0.20523459,-0.37676907,0.14500093,-0.08969301,0.24636984,-0.41640252,-0.46572268,-0.07258028,-0.016638756,-0.19529283,-0.003937602,-0.09930259,0.013081431,-0.16559821,0.00959599,-0.3562979,-0.07739204,0.19144928,0.6807777,-0.054751635,-0.20980948,0.00350599,2.111274,1.142719,1.3017576,0.9744674,-0.16683698,-0.02470684,0.22507596,0.13100532,1.5723609,0.5804695,0.66762155,0.22709796,0.57536197,0.041325092,-0.15743703,-0.042789757
884,-0.09924364,-0.06153226,0.072694406,0.15348378,-0.6818502,-0.17971657,-0.4572501,0.12271178,-0.3283353,-0.08733266,0.52562475,0.12641361,2.4476035,-0.3043341,-0.04521066,-0.057083428,-0.55532044,-0.096171275,-0.37288696,-0.09295967,0.0898543,-0.21159096,-0.08718002,-0.10145581,-0.17354989,0.12408563,0.43407005,-0.5978462,0.2953128,-0.38136458,0.6671034,-0.5801692,-0.023522437,-0.3255154,-0.1228118,-0.1370084,-0.06532854,-0.41376525,0.21763454,0.62719154
885,0.45237312,0.15749812,-0.033350207,0.18194568,-0.13502502,-0.0495753,-0.43390477,0.4424539,-0.22884202,-0.03089261,-0.13379902,0.18093243,-0.45331872,-0.08690363,-0.03328702,0.18588191,-0.10872674,-0.38989612,0.037364244,-0.28866035,-0.5723332,-0.3983276,-0.14500394,0.014321227,-0.42598328,-0.08821201,0.04524207,-0.16305083,-0.18537286,-0.05578667,-0.32464302,-0.24465743,-0.4539774,-0.23596236,-0.2821539,-0.1681605,-0.27751034,0.043059528,-0.1348778,0.10864037
886,0.23245044,0.10089165,0.14720252,-0.022302866,0.12586391,0.057765782,-0.104620814,0.086568,-0.05670795,-0.16389078,-0.13756357,0.24835372,1.1518508,-0.28232163,0.24330458,0.51477873,-0.7558117,-0.09750843,-0.281303,-0.2942561,0.29068995,0.16915709,-0.24152058,-0.16494216,-0.11244607,0.083043754,0.57265174,0.08607304,0.018565267,0.5812905,-0.022908568,-0.19636941,0.95640403,0.099601656,0.010420948,-0.10693896,-0.65382826,0.18199661,0.5158578,0.02093345
887,-0.00033950806,-0.13647953,-0.5216116,0.15388429,3.4194586,2.1466575,2.5883985,1.1523333,3.4037797,2.6752756,1.2534328,2.2215128,0.02848573,0.15027928,-0.43852392,0.006207645,0.09909171,-0.2058275,-0.07328218,-0.21835393,0.09728861,0.07618835,-0.16061187,0.11212988,-0.07960743,-0.97620213,0.0027259588,-0.41903055,0.24618393,0.09341416,-0.20028526,-0.032605097,0.05496797,0.6720549,0.598297,0.10049683,0.24620408,0.04140079,0.113621265,0.66060865
888,-0.16757187,-0.040195704,0.032182753,-0.18998308,0.0032172203,-0.10866318,0.06959766,-0.06840289,-0.12508447,-0.09246871,-0.0657593,-0.14426297,0.36368302,-0.029449373,0.013981879,-0.5959071,4.1636343,3.3352687,2.762664,1.6684542,1.6842467,1.7097068,1.1912913,1.3941984,-0.8480988,-0.037653,-0.11441671,-0.28684175,-0.18595126,-0.0849074,-0.07313067,-0.12267417,-0.18448186,0.015316337,-0.18103093,-0.1026786,-0.023462504,-0.2991929,-0.60079485,-0.18181235
889,-0.2599088,-0.15035993,-0.00558722,0.16329926,0.3789642,-0.04594004,0.044514537,-0.033854395,-0.00075513124,-0.19826737,0.010495782,0.17087418,0.18656445,0.15033638,-0.09261054,0.13720399,1.5698628,0.8713889,0.73224014,0.44332647,1.3851519,1.4469159,0.8187054,1.2161452,-0.4004159,-0.013474166,0.5325012,-0.38294172,1.2756298,0.7871764,0.3265586,0.108178556,-0.14388251,-0.060264707,-0.08323896,0.8514241,0.4426211,-0.28082138,0.055366248,0.16651833
890,-0.24075158,-0.2602593,-0.3758096,-0.0632457,-0.33792543,0.05662471,-0.23045932,-0.14096405,-0.4741733,-0.3847804,-0.008142114,-0.16037142,0.15246284,0.17489356,-0.42455935,-0.25578827,-0.021342158,-0.11680545,-0.23313534,-0.14420176,0.10788524,-0.57047045,-0.40555632,-0.20526385,1.1873711,2.0147378,1.9088006,0.3556234,0.29902378,-0.11248574,0.76547515,0.5806235,1.6036841,0.41265208,2.60426,1.8285393,0.52179396,-0.28882673,0.041840255,0.041032866
891,0.6717146,-0.2091804,-0.042728603,-0.108055174,2.1946552,0.6787961,1.0824106,1.025416,1.4630537,1.9308219,0.907984,1.010026,-0.7792556,-0.010518491,0.061170816,-0.00036656857,-0.33795217,-0.39709786,-0.07397592,0.00491488,-0.18472809,0.13749337,0.18467855,0.21382874,0.3562057,-0.22086912,-0.13085997,-0.17573248,-0.3926993,0.13271321,0.033264898,0.07201135,-0.3070402,-0.20683998,-0.25647634,-0.041242093,0.46798256,-0.12720793,0.08176738,0.10250814
892,0.191237,1.5551182,0.5396615,0.16827661,0.33446324,0.53743935,0.41881174,0.15093559,0.4660617,0.37089503,0.4045056,0.05755931,-0.35025558,-0.046433523,-0.13248467,0.03947884,-0.05758077,0.17429692,0.010125011,0.1570589,0.16182657,0.2752444,-0.25123417,-0.06905687,0.013432801,-0.1905961,-0.06451321,-0.086999,0.18510902,0.05007092,0.045587152,-0.15396452,0.2016185,-0.8217447,0.043943852,-0.05157852,0.1341039,-0.052360773,0.017933965,0.19188112
893,-0.5593135,-0.15013531,-0.72054714,-0.042423904,0.41669512,-0.04673171,-0.3021692,-0.5001491,-0.7126732,0.0473938,-0.09116474,0.024312913,-0.03070712,0.7788818,-0.22220927,-0.45166558,2.902315,2.10034,1.4075855,1.0203767,0.14630377,0.4507732,0.27172226,0.29438683,-0.43127763,-0.4056843,-0.52082837,-0.5064597,0.4477421,-0.042551488,0.15968472,0.27202258,-0.60247654,0.12219131,-0.20567745,0.037175864,0.6659245,-0.32038692,-0.12903409,-0.20998839
894,-0.82650244,-0.77580875,-0.37990344,-0.36649013,1.4836466,1.0218098,0.98016846,0.45180607,0.26965526,-0.17891285,-0.20465702,-0.08676152,-0.07134411,-0.18973327,-0.24231577,-0.41370577,0.9537775,-0.005375147,0.059859544,-0.19212684,-0.57160044,0.31107426,0.17306757,-0.49822953,1.2376158,0.7704744,1.213285,0.48173177,2.6718936,1.9211142,1.8941195,1.4655712,2.05603,1.5737416,1.4054348,1.4335935,-0.3622219,-0.64782655,-0.0029446185,-0.26349705
895,2.9953198,1.3441691,1.6489071,1.9011157,-0.113770306,-0.9172132,0.11867392,-0.10506636,1.2492421,1.9789693,0.65207845,0.8752771,1.846377,2.3967214,2.343292,1.999129,-0.18520492,-0.11092888,-0.18090272,-0.38469285,0.64359355,1.8817978,2.147208,1.6108025,0.7348706,0.16750148,0.5688283,0.61930394,0.13184065,-0.0030753016,-0.3458706,0.2557469,1.9841142,0.7305016,1.56963,1.4730098,-0.38780135,-0.085184336,0.0083960295,0.21224469
896,0.5851508,-0.07857317,-0.11685909,-0.21389621,0.3132608,-0.13548827,0.18931575,0.06438494,0.06297064,0.21410388,-0.015974492,-0.07492924,-0.3217113,-0.37549415,0.15656102,0.019747972,-0.6579584,-0.29383057,0.043884456,-0.033307254,-0.18284556,-0.15185958,0.063635826,-0.097279966,-0.20835735,-0.21383062,0.10330343,-0.12353486,0.36094218,0.05375222,0.2095004,-0.111094356,-0.40669954,-0.5961496,-0.27406147,0.005199373,-0.19780666,-0.21681327,0.29753983,-0.033896506
897,0.10097408,-0.5178064,-0.47090375,-0.47781107,1.028121,1.9443922,1.932217,0.38055247,2.7170432,1.368433,2.0256658,1.1801938,-0.019859105,-0.015745759,-0.046070755,0.025664195,-0.04171467,0.23944634,-0.27776638,-0.076239526,0.11989874,0.2672972,-0.10323745,-0.06042266,4.4008484,2.322783,1.5542493,1.6480005,-0.5518424,-0.17441869,-0.024400711,-0.18700701,0.28404754,-0.0053150654,0.013972521,-0.2821418,-0.05428897,0.12393379,0.21201111,0.16955853
898,0.13427031,-0.38929102,-0.25509793,-0.18137716,-0.28081703,-0.20072377,0.070819065,-0.28790522,-0.26922402,-0.108810835,0.010430038,-0.62248826,-0.045776725,-0.42692965,-0.12614083,-0.09476581,-0.4152112,-0.38618845,-0.39110765,-0.37727186,0.0006816387,-0.22364654,-0.57745975,0.18854299,0.03423363,-0.31120336,0.017683744,-0.36322898,0.07755381,-0.5231055,-0.043798447,0.101967186,-0.012996033,-0.37634796,0.08830026,-0.03641188,0.22147489,0.46233568,-0.051629245,-0.02273798
899,0.6124835,0.2605388,0.7560158,0.5802806,-0.10432804,-0.09075251,-0.3757418,-0.50360644,-0.0041594505,-0.20228696,0.10430968,-0.117310405,0.21001458,0.4928881,0.5950136,0.4965328,-0.18332887,-0.42922097,-0.20462534,-0.13272405,0.15199637,0.20386726,0.32612932,0.50788593,0.7331563,2.067792,2.0298436,1.953204,0.65638745,0.31932324,0.22453475,0.75465107,1.7322468,1.8396065,1.6947631,1.4438374,0.14452481,-0.014653504,-0.20751548,0.28330877
900,-0.48972028,-0.16607594,-0.19559512,-0.05678487,0.27942473,0.16097748,-0.16481572,-0.14015508,-0.47091228,-0.28093836,-0.2771933,-0.12328589,0.040510178,0.119911365,-0.18434137,-0.0030292273,-0.2954781,-0.11180578,-0.111819506,0.008436501,0.47370517,-0.2865463,-0.14873213,0.06805003,-0.61362135,-0.19208157,-0.19188666,-0.06384379,-0.20445687,-0.026672393,0.06530151,-0.014502704,-0.9331916,-0.107223615,-0.098460585,-0.027608097,0.2350932,-0.17689009,0.17245722,-0.020183384
901,-0.04238206,0.06086976,0.16075248,-0.029373884,-0.17064261,0.059476867,0.041179474,0.26132524,-0.009561658,-0.048970327,-0.1606032,-0.029248238,-0.19463837,0.123434305,-0.2662338,-0.38665736,-0.2521729,0.21628696,0.15541056,0.031519175,0.074074745,-0.13898104,0.01576525,-0.024745464,0.21136141,-0.47776935,-0.074297726,0.098371625,-0.057121336,0.017459631,0.33410493,-0.16732883,0.13813442,-0.2733873,-0.40905237,-0.22129706,0.1745767,0.09679204,0.18353948,0.25384378
902,-0.10028079,-0.13215053,0.019124806,0.07989144,-0.2620815,0.046455026,-0.006410539,-0.25014055,-0.07812101,-0.27103856,-0.018879712,-0.088324904,-0.08062923,0.018333256,-0.6497797,-0.09136802,-0.38294774,-0.40645993,-0.35378155,-0.25015795,-0.15249813,-0.24026293,-0.26422936,-0.31485918,2.6703053,3.861851,3.1674964,3.2245512,0.13326266,-0.077549696,0.04998032,-0.08553581,2.0933073,2.2116249,3.213202,2.505638,-0.102792025,-0.30223492,-0.08401513,0.19663641
903,0.18676734,0.10515177,0.0950568,-0.5526644,-0.026215136,-0.2675705,0.112689376,-0.09357607,0.009000003,-0.045872405,0.55307066,0.14037836,1.2532772,1.0567158,0.97929364,1.1352699,3.8066556,3.3071282,2.530526,2.1989758,2.7981176,4.020155,3.5106173,3.4767451,-0.18615812,0.14091969,-0.6384282,0.0334931,-0.09216815,-0.14237231,-0.19088705,0.023584962,-0.14967251,0.029719412,-0.09096503,-0.23452157,0.22301525,-0.57651937,-0.17220601,0.041897118
904,-0.45276165,0.09480403,0.30375,-0.23619664,0.46182597,0.4114763,0.24906743,0.2473386,-0.63397884,-0.3462593,-0.2680457,-0.035560966,0.5264492,-0.20615754,-0.14689666,0.3576332,-0.98923004,-0.21037287,-0.34083903,-0.44292527,-0.19398871,-0.32986346,-0.09787163,-0.30996534,-0.37031302,-0.3879011,0.27383184,-0.43100187,0.5386795,-0.1335538,0.0899325,-0.112577856,-0.5869217,-0.28319368,-0.18069547,0.17329568,0.595065,0.23285404,-0.07979971,0.09337884
905,-0.21360728,-0.063850746,-0.9799025,0.06480746,-0.17184925,-0.21317863,-0.057994142,0.21881962,0.20061058,-0.43175435,-0.19832088,0.021180058,-0.20252866,-0.14956646,-0.10892432,-0.56066144,-0.17994872,-0.057936758,-0.6127176,-0.15443891,-0.29981044,-0.7661414,-0.06083318,-0.14235985,1.1400781,0.776313,0.5784013,0.22653405,0.2648791,-0.7819395,0.29243717,-0.38734832,0.3377247,-0.16448492,-0.3133313,0.43553984,0.35921302,0.013385177,-0.25961077,0.22602177
906,-0.30250648,0.36453706,0.23815554,0.31591058,0.24645829,-0.026257783,0.13484994,-0.0829799,0.24049193,-0.41165772,-0.00500232,-0.789123,1.2996509,0.66684294,-0.6265691,-0.23548764,0.34861144,-0.20906484,-0.10190219,-0.6097065,0.29115012,-0.13826835,-0.2629432,-0.36647093,0.7877825,0.0047263578,0.50729,-0.3685939,-0.050836504,-0.3915946,-0.6535598,-0.20378064,0.250967,-0.5416785,-0.0770995,-0.06254399,0.32470703,-0.90710413,0.74339163,-0.69305575
907,-0.6585954,-0.038573503,-0.07101345,0.46821746,-0.03246665,-0.26479474,-0.19058955,-0.35784513,-0.34434795,-0.4172436,-0.15980738,-0.4657848,-0.13354892,0.12916358,-0.20145273,0.004000485,0.2550767,0.08617365,0.08005178,-0.6278447,-0.5613345,-0.17762089,-0.015320897,-0.012419701,2.0400405,1.2865776,1.5864208,0.013409615,-0.10475266,-0.8248756,-0.3228284,-0.008869767,0.6777204,0.42361745,0.60246634,0.5384982,-0.5825194,-0.3718508,-0.1827746,-0.34481323
908,-0.284077,-0.047095895,-0.6921307,-0.5383052,0.45832396,0.80556333,0.9608678,0.51623714,0.84605455,-0.00682503,0.5125291,0.5273935,0.18989202,-0.22344844,-0.008946478,-0.2792226,-0.5429164,-0.08081299,0.13049775,-0.55805147,0.3743456,-0.34554332,-0.8368316,-0.28425527,-0.06075549,0.7023324,0.18900001,-0.016984075,0.053345323,-0.45153588,-0.5126699,-0.22731526,0.48298556,0.057261586,0.07364942,0.08938968,0.124495864,0.12614512,0.09318651,-0.026216596
909,-0.13307464,0.001870973,-0.46229324,0.34160507,0.19387603,-0.116469175,-0.64249665,-0.279026,0.37443274,-0.07118111,-0.21969879,0.0355739,0.10241431,-0.28479332,0.41066486,0.40696317,-0.22534108,0.3360141,-0.18543318,0.7049574,-0.23286712,-0.46246678,0.07614687,0.08000797,-0.5938823,-0.49321598,0.01168111,-0.18543485,-0.06009683,0.42123246,-0.6527999,0.14773628,0.0045034736,0.061810523,-0.36974367,-0.42004254,-0.13660645,-0.29083133,0.47356707,0.13719821
910,0.26054913,-0.101555176,0.15078145,-0.09247059,1.20526,0.45726666,0.26262856,-0.72947156,1.5699172,0.9920689,0.7539596,0.59277505,1.5136735,1.1727767,0.615003,1.0335134,-0.7019183,-0.3437252,-0.36232808,-0.12324278,-0.5016831,-0.38232368,-0.32293046,0.12710246,0.05203426,2.12543,0.47702017,-0.018559054,0.10924798,-0.6557628,-0.23153275,-0.04880047,-0.092229605,-0.14183697,-0.25167537,-0.29304045,-0.038923383,0.2297728,-0.26689577,-0.37811697
911,-0.2523623,-0.21845955,-0.04852563,-0.09510648,0.43788046,-0.2644105,0.11422396,-0.27800417,-0.49641502,-0.375872,-0.03435099,0.0053026676,-0.23214412,-0.43714082,-0.08440769,0.1381374,2.4666612,1.3990134,0.65772593,0.6397953,0.38527584,0.799276,0.25302783,0.0281429,-0.79027116,-0.053762436,-0.050535455,-0.30255607,0.017467797,-0.045737386,-0.24800545,-0.02325356,-0.44757578,-0.16455802,0.02673757,-0.12500948,-0.015687227,-0.38965493,-0.22336659,0.08012283
912,-0.0385617,0.07833421,0.17641324,0.20478368,1.0211041,-0.39690435,0.34958866,-0.044966638,-0.39896792,0.10448995,-0.12546086,-0.082198195,-0.14158809,-0.016844988,0.45370173,0.28449333,0.23704696,0.58149385,0.22983754,0.31837562,-0.22793078,0.9878694,0.44653282,0.5704006,-0.4558649,-0.15777141,-0.2807571,-0.42261824,-0.13087893,-0.09291422,0.1353797,-0.0054814816,-0.30633873,-0.007390976,-0.010899484,-0.23783624,-0.3111261,-0.2595884,-0.008499533,-0.22973567
913,0.4228839,0.18307288,-0.22460222,0.2888948,0.22244582,0.4984643,0.31618202,-0.11577049,-0.07668029,-0.77026397,0.03739783,-0.5177552,-0.08254108,0.41384622,-0.124886736,0.4340983,-0.4175174,0.82048625,-0.10981703,0.077837795,0.19191077,0.063060075,-0.05384171,0.53659844,0.30380166,-0.25189924,-0.6401402,0.12443054,-0.17221403,0.20802368,-0.22303882,-0.47008422,-0.29642162,0.4172859,-0.07963401,-0.12047219,-0.24042906,-0.15390974,0.6701122,0.23367237
914,0.22022001,-0.09774248,-0.13771829,-0.44758296,0.24280289,0.1759279,-0.3386229,-0.3368383,0.16753596,-0.22222207,-0.2627394,0.6571567,0.14176917,-0.033174086,0.28760344,-0.14971651,-0.07790458,0.7216318,0.11495259,0.6588065,0.39349657,0.19395521,0.9399044,0.02126889,-0.13890353,-0.20569083,-0.14787394,-0.4383458,-0.27602607,0.25299853,-0.16844332,0.06892197,0.47016782,-0.063387915,-0.11058234,-0.18521324,0.14769778,0.04873474,-0.8417008,-0.25005627
915,-0.079974085,-0.032604277,0.06150064,-0.26758996,-0.21820885,-0.479934,-0.07074314,-0.036851108,-0.0959512,0.06367159,0.25605065,0.34016004,1.2600166,-0.048633456,0.059252977,-0.2560846,3.4288106,3.010685,1.9443655,1.0448177,2.3671618,2.2561548,1.0944941,1.8159083,-0.6453583,-0.07187167,-0.590797,-0.19871396,-0.4869672,-0.39885336,-0.23704487,-0.24119239,-0.32586154,-0.273363,-0.14687866,-0.50355273,0.08946091,0.16818129,0.2291851,-0.12345794
916,0.10113269,0.23848867,-0.46654728,0.032169238,0.7343408,0.14058071,0.0044820905,-0.5627283,0.05640684,-0.076512754,0.2993788,0.16412705,-0.53928965,-0.40393382,-0.21066755,-0.20596224,-0.058944494,-0.36805838,-0.5410042,-0.741982,-0.1158545,-0.13730234,-0.8751023,-1.0101118,0.40315685,0.034409463,0.04590938,0.06105295,0.013023019,-0.13988674,0.24795815,-0.21948689,0.29277548,-0.3961489,0.32604977,0.034832716,0.5975024,-0.21214622,0.06383076,0.6225866
917,-0.31600535,0.17687356,0.072676025,-0.0404585,0.8572011,0.24592972,0.4894619,-0.21109363,-0.32199383,0.9376918,0.20640498,0.5559812,0.18576902,0.016117275,0.26100388,-0.17032486,-0.053015724,-0.009010971,-0.0019786283,-0.33240795,0.027582765,-0.04890749,-0.3275581,-0.7309685,0.049358845,0.13138756,0.26598984,-0.08388752,0.07039821,-0.25827238,-0.1640503,-0.22527832,-0.22097093,0.22336833,0.9215143,0.26828545,-0.8951536,-0.22904569,0.38807505,-0.022681624
918,0.6117731,-0.117553025,0.11637306,0.48488885,1.6629791,0.29683596,0.2750209,0.33420804,-0.14569709,0.74155855,0.46188802,-0.17343491,2.011029,0.84354496,-0.014217928,0.0001142323,0.71146035,-0.23220205,0.047276974,-0.54781663,0.6859845,0.6592738,-0.4478587,-0.5583148,0.16173565,-0.5381081,0.17836279,-0.320278,1.5613377,1.1094182,0.32851416,0.73024076,0.9213409,-0.14363617,0.3632867,-0.042900562,0.426819,0.5166008,0.57152796,0.23236
919,-0.042600214,-0.053292066,0.16527462,0.21298504,1.0639088,0.42308384,1.2594475,0.44026795,0.33653694,0.78862625,-0.28458595,0.1904079,-0.04047987,-0.094106674,0.44905323,0.2599406,-0.34267366,-0.58492804,-0.43329304,0.111394346,-0.19453001,0.045763284,-0.23995227,0.2891184,0.37736934,-0.107773274,0.58328116,0.75946134,1.1805528,0.3790227,-0.19676739,-0.55214524,-0.4541754,0.0043966174,0.013854802,-0.2971375,0.11458829,-0.116399765,-0.12555617,0.110758185
920,-0.4055395,-0.054547757,-0.11138058,-0.230492,-0.029604197,-0.32575125,0.0015786588,-0.25772724,0.26310343,-0.2416985,-0.15925354,-0.532857,-0.30918616,-0.63871026,0.24136421,-0.20761138,0.7192875,0.6541851,0.6494242,0.50310683,0.76560295,1.3541361,1.1461349,0.53909564,-0.7518897,-0.018079031,-0.30651283,-0.17692387,0.34647864,0.19728729,-0.073626995,0.17162263,0.12452325,-0.30597085,0.14496392,0.046019316,0.31308356,-0.37146917,-0.5642698,-0.2360359
921,-0.24620956,0.008648455,-0.22479087,0.022202969,0.41904163,-0.28072262,-0.30681998,-0.60610425,0.066449404,0.09507829,-0.047790617,1.0439768,-0.46020696,0.08788496,-0.057231225,-0.24302328,-0.12331253,0.1394473,-0.32207835,-0.22602881,-0.14560544,0.14368601,-0.44858873,0.13347355,0.085181296,0.3068469,0.23365852,-0.6686503,0.13330114,-0.16999692,0.4585426,0.12502623,0.10157424,-0.26109943,-0.7014507,-0.75777763,-0.36962086,0.100791305,-0.1764622,0.3655262
922,-0.25161043,-0.32243875,-0.20599097,-0.13244352,-0.038240075,-0.3944161,-0.12888235,-0.15404055,-0.17894632,-0.4543708,-0.47964743,0.41361248,-0.027546644,-0.23700154,-0.08362225,-0.3764123,0.9037336,0.30129004,0.30850452,-0.15238136,-0.5347388,0.78900915,0.3479392,-0.26030928,0.19288266,-0.17580694,-0.6744686,-0.22929372,-0.37631643,0.1171653,-0.081516504,-0.10320496,0.07056934,-0.22667038,0.052182555,-0.001104176,-0.25797993,-0.68819606,-0.23655117,-0.026162952
923,-0.96154726,0.040569663,0.13320702,0.3296277,-0.18086697,0.11266714,0.025802925,-0.018255264,0.18219909,-0.06549604,0.06329279,-0.09014958,0.5572098,-0.01916483,0.00562191,0.27858812,1.5100212,0.72530127,0.6311503,0.6430546,0.3870864,1.2046362,1.768539,0.5838078,-0.6136625,-0.16417614,-0.418952,-0.28838313,1.0272474,0.029349983,-0.13835272,0.26145482,0.039366722,0.36741394,-0.08112413,-0.24743094,0.19536853,-0.08137992,0.14358112,0.1503126
924,-0.40873152,0.11013496,0.056875717,0.18631756,0.12351352,0.23999834,0.21185261,-0.22896767,-0.3290153,-0.24076776,-0.24395329,0.25505632,-0.20938379,0.34224796,-0.084059834,0.45018685,-0.36241698,-0.123910725,0.3557608,-0.35550827,0.01601255,-0.17946783,-0.2752785,-0.014870644,0.22588062,-0.27128643,-0.24265826,0.07005525,-0.42428282,-0.006419182,-0.098979995,-0.12275791,0.1595627,-0.42127177,-0.042657174,-0.43178713,0.01329273,-0.04793513,0.31231287,-0.1765621
925,-0.2513262,-0.12914711,-0.17889607,-0.27462637,-0.15710962,-0.12052098,-0.20908085,-0.2987545,-0.30222878,-0.38210666,-0.098378524,0.32111812,-0.2473042,-0.43410438,0.19705841,-0.2559668,1.1416131,1.6166695,0.6655394,1.1485807,-0.16203648,0.4195537,0.20438877,0.5226242,-0.09560004,0.020268857,0.38685828,0.14647317,-0.32514656,-0.75225806,-0.33881897,-0.011908829,-0.09255979,-0.1540668,-0.21697113,-0.27977937,0.10918373,-0.18125492,-0.25337243,-0.49692982
926,0.121433884,-0.073099405,0.043321192,0.3784826,-0.06638573,-0.0642789,-0.68190837,0.036056876,-0.07590267,-0.39951113,0.14829439,0.13655916,0.09305781,0.8000945,-0.3087013,-0.37049276,-0.21564418,0.1799515,-0.24835044,0.019448996,0.18508345,-0.20950215,-0.0016967207,0.35948414,-0.26784045,-0.1307188,-0.1330927,-0.2080493,-0.23003876,0.12525365,0.16691577,-0.12784922,-0.28256536,-0.19071253,0.19772615,-0.27158332,-0.087596,-0.19048521,-0.34271938,0.08420065
927,-0.49873042,0.29486257,0.2935433,-0.074735254,-0.082101464,-0.18869828,-0.72875094,0.063384056,0.044799864,-0.20334536,-0.027222753,0.28791893,-0.15823287,-0.2916832,-0.43794018,0.11022282,0.79771405,2.949799,1.212202,0.37228775,0.1418744,1.1480725,0.9128717,0.7231352,0.048941016,-0.090363204,-0.2005617,-0.033275485,-0.2870009,-0.06539935,-0.48035538,0.19328696,0.54339546,-0.29715684,0.13655347,-0.69304985,-0.35857105,-0.58815575,-0.31039214,0.06966072
928,2.3018355,1.6705112,1.4442985,0.71409494,0.07670659,0.2639072,0.28137785,0.048332453,1.5350115,1.2409111,0.96496874,0.3285517,3.8483381,3.8306534,1.3142631,2.153893,0.81585693,0.2587217,0.28310642,-0.29624,2.559336,1.7444482,2.262223,1.5961992,-0.82352173,0.30348757,-0.47270364,0.054252744,1.791749,1.0303653,0.57145673,0.7007027,0.7233056,-0.09720658,0.31212866,-0.14024717,0.7096351,-0.010330439,0.22744648,-0.031975627
929,1.1153444,0.68319225,0.3777548,0.19066215,0.041384727,-0.04530561,-0.14818406,0.23137665,-0.1585091,0.071492866,-0.057098746,-0.0027803183,0.7046795,0.42282712,0.51587725,0.24558091,-0.1337584,-0.11400002,-0.6728728,-0.17928237,-0.28383085,0.16063806,-0.2906878,-0.13419734,1.5573388,0.9544472,0.19057046,0.008372784,-0.5191629,0.074620515,-0.29227984,-0.040884018,0.17110153,0.33940285,0.4288486,0.11719847,0.4222889,-0.33202928,-0.12469351,-0.035072565
930,-0.03681235,-0.14189276,0.086535364,-0.12313017,-0.1905212,-0.40525174,0.0014628768,-0.074450135,-0.011112541,-0.20149994,-0.097620964,0.09289968,0.074138656,0.21698594,-0.07483691,0.102852434,0.3685191,0.42262957,-0.20285378,-0.5127925,0.54295987,0.76878226,0.1250689,-0.077350676,-0.024023116,-0.21023005,-0.2934716,-0.20278704,0.22286996,-0.108760476,-0.15035534,0.28709987,-0.06577626,-0.26489383,0.11684793,-0.28809,0.10596907,-0.048833013,-0.2865798,0.0798465
931,-0.09723447,-0.010477636,-0.09141761,0.099838495,-0.26065737,-0.35948032,-0.21338114,0.1973814,-0.037413448,-0.510254,-0.11799207,0.13707733,-0.31995147,0.19433764,-0.43112534,0.005580008,-0.1968602,-0.15383738,-0.09650047,-0.16989887,-0.049939383,-0.16698885,0.27992445,0.016361475,-0.50307965,-0.5084654,-0.37994307,0.04251951,0.6044124,-0.1494404,-0.08313152,0.052886248,0.17272788,3.7019348,0.28607532,-0.40981328,0.32290623,0.05596617,0.098590344,-0.008437991
932,-0.25076532,0.9679599,0.2487228,-0.5033519,0.4507624,-0.2515781,-0.36561942,-0.54532707,-0.42509097,-0.25719643,-0.25516203,-0.48834363,-0.23142496,0.025610566,-0.30636775,-0.04965043,0.58969104,-0.17858884,-0.5971265,-0.26042375,-0.15994722,0.122146964,-0.035143867,0.162985,0.22890532,-0.15421467,0.023756571,-0.93179667,-0.18407565,-0.6323364,0.2873011,0.71176785,-0.09757936,0.10855198,-0.090517424,-0.32936862,0.08121106,-0.3259696,-0.10922137,0.36253673
933,2.9915996,1.8908155,0.72520155,0.3173322,0.052437782,-0.5458182,-0.20604002,-0.16015041,0.8426141,0.8506492,0.52432287,0.49928808,2.7244515,2.3343213,1.9045339,1.1864507,2.6432762,1.5966456,0.51929754,0.19083525,2.8831913,3.6435738,1.7762836,1.9437667,0.55688417,0.981093,0.54815763,0.18044245,-0.3254942,0.07448821,-0.392508,0.323808,0.08674738,0.03114447,0.058745265,0.19259375,-0.218759,-0.08315599,-0.10955995,0.09701574
934,-0.26643106,-0.41993544,-0.16115013,-0.31724095,-0.13140227,0.07889065,0.058316708,0.23040468,-0.38217133,-0.49667904,-0.39515084,0.1583882,0.65750426,0.014867231,0.06650503,-0.55812204,-0.4396069,0.011584945,-0.116245225,-0.22891802,-0.17902812,-0.58391184,-0.13322145,-0.24782693,0.46859938,-0.30246696,0.115012616,0.06364797,-0.0721112,-0.47467515,-0.35327807,-0.334764,-0.119786926,0.2358883,-0.25079095,-0.36566126,0.26062983,0.07922357,0.27689102,-0.036307722
935,0.27566117,-0.012376308,-0.23113275,0.06550276,0.2201321,0.41440976,0.15575558,0.08184242,0.26902097,0.20015404,-0.27649298,-0.06242597,-0.08377746,-0.1085324,0.19034724,-0.02288419,0.05927652,-0.15047503,-0.09632665,-0.001996696,-0.1300636,0.041259408,-0.2836705,-0.026614487,0.18115887,-0.14568236,0.2099644,0.06290877,0.45856956,-0.037734866,-0.398237,-0.13824075,0.23879504,-0.011312246,-0.3552857,-0.048855484,-0.019172788,0.023047805,-0.0044078827,0.050142646
936,-0.33757257,0.080913484,0.10890257,-0.114182234,0.017673343,0.30881867,-0.20872234,-0.085324824,0.04347895,-0.22591318,-0.48681006,0.10926598,-0.048380286,-0.21875574,-0.07169762,-0.33059353,-0.0824199,-1.0741765,-0.27282262,-0.23901415,-0.2321958,0.17759037,-0.12478186,-0.5215554,1.530362,1.5453652,0.6004187,0.5070015,0.47506323,0.20528215,-0.021874353,-0.33538544,1.1006207,1.8435652,0.53906137,-0.076557636,0.30376577,0.28914112,-0.30633146,0.0052828193
937,0.28686312,0.45973107,0.10539213,0.041486144,0.033258393,0.026594698,-0.2547327,0.04870701,-0.005902976,-0.20982866,-0.15304029,0.13518393,-0.11344495,-0.01525867,-0.11120653,-0.019641638,1.3597021,1.4721718,0.79566294,0.25596058,3.6911378,2.6049566,2.252102,0.28961766,-0.72303843,0.00667201,-0.067311674,0.13436478,-0.19363852,0.154085,-0.27524823,0.020462215,-0.30508935,-0.018521897,-0.12276578,-0.26642355,0.1743485,-0.033280004,0.10214436,0.173037
938,1.4592736,0.59877837,0.5201931,0.22041857,0.84313357,0.64323455,0.28140917,0.1840185,3.2590103,2.596943,1.0012112,2.212518,3.413237,1.3818911,2.3745756,0.40461385,-0.6941602,-0.078112304,-0.30445322,-0.11630392,0.38242954,0.42995465,0.0072259307,-0.14655745,0.5285485,0.075211,0.9886021,0.08735287,-0.070509434,0.10681799,-0.4899311,-0.1492419,-0.3104902,-0.3145311,0.109511375,-0.14776993,0.2372753,0.32441965,-0.48772216,-0.36881953
939,-0.3789075,0.18684435,-0.051650822,-0.09588178,-0.08745239,0.4785819,0.2686543,-0.16563272,-0.19108376,-0.18191715,-0.02365151,0.43640184,0.27380887,0.059496306,0.07890436,0.8693265,0.5043573,-0.039276004,0.7071173,0.14821422,0.68305385,0.6076084,0.5792783,0.58776486,0.09776217,-0.32809395,0.39070392,-0.19281048,-0.17464188,-0.36171508,-0.7496935,-0.76139617,0.32903913,0.1721304,0.043757528,0.07132726,-0.003999859,-0.12066531,0.7016255,-0.331242
940,0.22592925,0.15903637,-0.20967457,-0.1772715,-0.06074798,-0.14532802,-0.42190635,-0.11864638,-0.21103984,0.14025292,-0.10355432,-0.45006162,1.078952,0.62899363,-0.36587638,0.94671154,0.327962,-0.07997605,-0.5302093,-0.40037113,-0.35379687,0.47554103,0.037134483,-0.38557816,-0.111356795,0.2111321,0.06026124,-0.028691411,0.10852593,0.32860294,-0.09284952,-0.17629352,0.10657972,-0.13175184,0.02580212,-0.13760638,-0.3469018,1.1958402,-0.062438548,-0.11313629
941,-0.4622476,0.14469928,0.3832317,-0.07348925,0.18227483,-0.028036863,0.03792271,0.009027064,-0.33099687,-0.014945269,-0.45151675,0.1611713,-0.20157307,0.76448274,0.41585213,-0.16454041,0.99370325,1.1687299,1.0051804,0.5746873,-0.23365512,0.03712088,-0.57262576,-0.5093223,0.47324365,-0.32310945,-0.11827433,-0.8400262,0.47255182,-1.0379434,-0.16484219,0.30748233,0.7593481,-0.31428814,0.0009022951,-0.63556796,0.15964778,0.60810924,0.12606925,0.39168298
942,0.8842604,0.35132694,-0.28290805,-0.001982689,1.4869766,0.98382664,0.63010937,-0.00044733286,1.9548824,0.7983502,0.79659027,0.4369039,1.0166507,0.16422325,1.483472,0.19045222,-0.51651037,-0.71467155,0.03137195,-0.3628566,-0.3651142,-0.27422464,-0.080748275,-0.56603414,1.0973432,0.42409146,0.3365776,0.54082066,-0.19968265,0.539412,-0.17238355,0.8151589,1.8225381,1.477346,1.8991778,1.0675963,0.9782964,-0.11592102,-0.21992123,-0.106543005
943,-0.5243789,-0.08423641,0.024013877,-0.10394597,-0.041513354,-0.25823623,0.076536,-0.30027533,-0.25871366,-0.54154795,-0.11311643,-0.028773904,-0.14424157,-0.21374226,-0.18798658,0.18602079,3.0065622,2.7593741,1.4238133,1.0086117,0.64123595,2.2896016,1.8146586,0.8355768,0.20419312,0.9871514,0.517259,0.110195994,-0.77491415,-0.2218265,0.13917434,0.19906077,0.25361896,0.014530063,0.57286483,-0.036827922,0.48793006,0.16175836,-0.10017252,0.06348276
944,1.9917285,0.276805,0.23163438,0.19611141,0.15060264,-0.38470548,0.040433973,-0.2358684,-0.73607135,0.06591135,0.06121546,0.25533682,0.4137453,-0.16754839,0.12724355,0.0831444,2.9311442,1.648963,1.0482032,0.79697317,1.9135559,1.552419,2.0071368,1.7446625,-0.55963254,-0.0988369,0.48234954,-0.04168439,-0.26041996,0.09544724,-0.08923137,0.13439822,-0.018263996,-0.1736354,0.38992268,0.063060015,-0.09123528,0.028505862,0.02443286,-0.07527888
945,0.056396842,0.19701129,0.4003824,-0.23388112,0.25035155,0.14756632,-0.09378365,0.030096352,-0.8551977,-0.15876275,0.2645001,-0.15566164,0.06674719,-0.25453475,0.03525211,-0.26523212,0.12606883,-0.09301932,-0.17054468,-0.30267534,-0.009656429,-0.8783441,-0.22165054,0.46339557,-0.2587411,-0.23303735,0.14717948,-0.42147464,-0.24329948,0.07292035,-0.2176896,-0.16633582,0.67068446,0.1704207,0.22902077,-0.23430896,0.6661221,0.24037234,-0.14200377,0.41116658
946,-0.24216294,-1.0033002,-0.405573,-0.1204263,0.208255,0.38543022,0.60388744,-0.070290126,0.38846058,0.12142643,-0.13841146,0.41497427,-0.48544377,-0.10168743,-0.49686524,0.11045129,-0.14669144,-0.6069499,-0.092895776,0.04522252,-0.564258,0.0696367,-0.07834542,-0.3318955,0.13807368,-0.0046346188,-0.19555879,0.17224674,-0.21457118,-0.17523754,-0.033056796,-0.18130547,-0.042850986,-0.6468152,0.022751033,-0.24412286,-0.3680774,-0.20959094,0.113848686,-0.15685636
947,-0.24037462,1.3082297,0.33594656,0.1548491,-0.24367188,0.30929318,-0.018208534,0.069439635,-0.55814844,-0.4551133,-0.1382527,-0.66394746,0.01076486,-0.54286766,0.07595436,-0.35461974,-1.0467746,-0.84659624,-0.45958412,-0.52329963,-0.5382148,-0.53872603,-0.56777227,-0.09966916,0.48249847,-0.24420959,-0.270235,0.5432342,-0.25405312,0.05652982,0.17103818,-0.46722266,0.41215947,-0.04731345,-0.10369265,0.15635851,0.58592224,0.17386289,0.22241095,0.27760708
948,-0.14200354,-0.09021932,0.022990763,0.119334,0.078446686,0.12758836,-0.22908479,-0.28027004,-0.29777992,0.10145092,-0.2534936,-0.006754935,0.1177842,-0.10936384,-0.26191267,0.63719183,-0.12143445,-0.3703403,-0.08892593,0.04153809,0.27679765,0.16375299,0.27132726,0.080090865,0.018927455,0.086219795,0.6238185,-0.003387928,0.1551308,0.06713569,-0.20666903,-0.027680635,0.31200314,0.018030971,-1.6390619,-0.07006015,-0.27998915,0.42364013,-0.0949657,0.21697763
949,-0.01639995,-0.004838094,-0.19115192,0.33463737,-0.0058871508,0.34626952,0.5212341,0.04726453,0.15229863,-0.23827559,-0.38080376,-0.76113665,-0.3631338,-0.39931196,-0.14276145,0.08493471,-0.30094314,-0.22144814,-0.39952847,-0.17276827,-0.18339801,-0.14419815,-0.22630784,-0.2950607,0.15428472,-0.088044286,-0.123239815,-0.19016641,0.33905268,0.047379017,0.46738583,0.682841,0.10244119,0.18811938,0.22572249,0.4501778,-0.009106755,0.37130445,-0.25009057,0.97144103
950,0.011871487,0.07518917,0.38910925,0.6221204,0.37165022,0.46648568,0.13435712,0.091785155,-0.42358345,-0.15308404,-0.088546485,0.034629345,0.1178686,0.19620694,0.04878941,0.054408103,-0.23763095,0.19696915,0.07695365,0.28249758,0.021717941,-0.28789592,-0.26710537,0.3444463,-0.016832113,-0.15960452,0.064258695,-0.28346187,-0.30485302,0.19274285,0.7279687,0.0544631,0.3221368,-0.044712782,-0.77212256,0.0637727,0.21141452,0.5528395,-0.17886987,0.32934505
951,-0.5451318,-0.89068705,0.07114053,0.14401454,0.82063395,0.29843488,-0.05369681,0.30694157,-0.007387936,-0.45455593,-0.07189882,0.024150968,1.3172745,-0.035497427,-0.123549104,0.3087641,-0.38408875,-0.23325484,-0.18675888,-0.20290267,-0.5449853,-0.14429069,-0.31166276,-0.47004294,0.39393127,0.4216271,-0.07169938,-0.15847152,0.5738889,0.44133076,0.26400203,-0.18038154,1.6738107,0.5827034,0.35023445,0.71224,-0.2780742,0.34462488,0.14470088,0.009444177
952,0.22056288,0.5912815,0.23755258,0.31173176,-0.12775362,-0.17299145,-0.0011463801,-0.092861235,-0.06714928,-0.38825244,-0.15143514,-0.21617824,1.4630286,0.441671,0.110150814,0.32875097,1.0811467,0.7617315,0.5108712,-0.7388426,1.0459256,0.92619497,0.3420117,0.619998,-0.2763365,-0.0014876723,-0.22067565,-0.11094415,0.17262551,0.3013529,0.17629433,0.3773746,0.029572368,0.38977817,-0.3656031,-0.049662113,-0.026552796,-0.120915055,-0.44382682,0.20699295
953,0.35191438,0.62140584,0.3958733,0.44090104,0.88387257,0.9012869,0.214436,-0.02144456,0.027265728,-0.34310544,0.65633476,0.09767866,-0.17973974,0.088259,-0.03261876,-0.09102851,1.0961391,1.7486591,0.45310855,0.44481146,0.12916595,-0.33453774,-0.058947086,-0.1601618,-0.2423915,0.76958793,-0.2319392,-0.10331857,-0.054365635,-0.050461054,-0.25951114,-0.16387773,-0.071860075,-0.310512,-0.29816595,-0.6538898,1.630163,0.5588391,0.7723896,0.42091554
954,0.10449532,-0.22857723,0.7366719,0.43338668,0.9201189,0.5163336,-0.09081529,0.36549634,1.686552,1.1759756,0.40951794,1.6527127,-0.100550026,-0.35543364,0.34266433,0.025174856,0.4829113,0.46767262,0.51183414,0.118935585,0.366128,0.7830187,1.4474747,1.4293866,0.17075759,0.06076905,0.22591808,-0.04858847,-0.499645,-0.55763507,-0.06977421,0.07237491,-0.47122416,-0.30440548,-0.46918988,-0.06785101,0.2865647,0.21053758,-0.15580952,-0.16095036
955,0.7730579,0.1874367,0.6557401,0.33555055,0.038632587,0.032372594,-0.19507813,0.043014526,0.33789334,-0.118371904,0.34204346,0.08392298,-0.19073763,-0.25247884,-0.24125627,0.096348345,-0.2668317,-0.3517541,-0.3787254,-0.12700653,-0.034184396,0.22839892,-0.13984823,-0.1521291,3.1492844,2.9037087,3.2821152,1.5943822,-0.0033552647,-0.043539047,-0.2997609,0.180071,1.6660028,0.38517308,1.1091857,0.54628,0.040511847,-0.05811277,-0.065951645,-0.006901741
956,0.042818666,-0.51677537,-0.22236288,-0.03228733,-0.02311103,0.102191545,0.04856213,0.05431655,0.4770533,0.11815861,-0.25239626,-0.14760566,0.46360782,-0.31450516,-0.56609046,-0.21581826,-0.117637604,-0.01713562,0.0066031218,0.090133235,-0.6132633,-0.9223675,1.1258425,-0.9614525,0.34156206,0.6916487,0.29223308,0.19443779,0.05893184,0.18010212,0.3658531,-0.38957012,0.20560026,0.20154548,0.56421685,0.061275803,0.3019143,-0.45806292,-0.2893614,0.27747393
957,0.15364492,0.11542842,-0.29891336,0.08970462,0.105374634,0.6936195,-0.040822446,0.08372086,0.5927317,0.91424155,0.41752338,-0.27564877,0.88053167,0.37033957,0.14849606,-0.03402829,3.520909,1.6382786,0.34605968,0.15253522,0.5892435,-0.042439952,0.43732113,-0.097201094,0.11492005,-0.42100337,-0.06262703,-0.35287935,-0.68945634,-0.2757719,-0.14247477,-0.11435481,0.14512298,0.12714353,-0.29264775,-0.1310857,0.07767743,0.018664792,-0.11501326,0.17747007
958,0.09720746,-0.28200924,0.20866847,0.2301588,-0.22837889,-0.17126326,0.05099073,-0.23270555,-0.19635123,0.30694842,-0.45599562,0.2977687,0.09930819,-0.59160316,0.5060123,-0.08670509,1.1165059,1.2799159,2.1721964,1.079825,0.7699033,1.2416826,1.5038083,1.5087762,-0.30086625,0.17425653,0.14013709,0.17734873,-0.53272295,-0.13025355,-0.033193678,-0.077036455,-0.10506976,0.2240758,-0.23573035,-0.44695455,0.18493241,-0.26894534,-0.045842707,-0.44860274
959,-1.4368156,0.18018454,-0.45233992,0.0009075999,-0.6104496,-0.5441612,-0.6880286,-0.14670643,0.4337926,0.34821054,-0.39099142,-0.3447973,-0.055146992,-0.065873116,-0.00037309527,0.17538933,-0.07590234,-0.43354255,-0.3624571,-0.34658217,-0.2505315,-0.71514803,-0.3689209,-0.28758,0.28118068,-0.12064119,0.07945783,0.18552151,0.44201028,-0.68605703,0.17348593,0.015068537,0.27851966,-0.31749105,-0.17515637,-0.462576,0.2554555,-0.4146161,-0.24705184,-0.28593993
960,-0.1896792,-0.36617285,0.21229899,-0.032703042,0.20225531,0.012201905,-0.35000277,-7.915497e-05,-0.45598084,0.0012378097,-0.14638913,0.20137334,-0.38253027,-0.21589592,-0.7112696,-0.51419765,-0.033340394,-0.05369401,-0.38969767,-0.22348678,-0.3966254,-0.90996933,-0.0115490705,-0.15721002,0.41940588,0.6795136,0.43007267,0.12964547,1.1656376,0.53724253,1.4524155,0.5873181,1.5143183,1.209615,1.4842657,0.4301721,-0.57753277,-0.7347939,0.05915475,-0.034517765
961,-0.07726982,-0.4196148,-0.01618278,-0.10866344,-0.17991513,0.11952478,-0.23565498,-0.19777519,-0.02778387,-0.26962596,0.13945419,0.28435856,0.021623671,-0.10144991,-0.038419127,-0.21738236,-0.10334933,-0.72990555,0.026813298,-0.075487554,-0.057905436,-0.10306674,0.42284963,-0.7642396,0.4087677,1.2457179,1.322487,0.61075413,2.6138458,2.152221,1.3174016,2.2173686,3.564241,3.4214594,3.162602,3.5017645,-0.09012911,-0.36599725,0.24252546,0.08507621
962,0.016483486,-0.3284766,-1.1010456,-0.11243971,-0.17650986,0.39970717,-0.031963542,-0.05338693,0.118062556,0.026080936,0.28560585,-0.17664853,-0.124551,0.074564606,0.09838569,0.11030708,-0.057587683,-0.26105487,0.0044226944,0.50102556,0.059996307,-0.13652277,-0.26351377,-0.008239716,0.18041897,-0.21761386,-0.3569134,-0.17114572,0.07079399,0.2663045,0.2701938,-0.0019559264,0.4849102,0.17231825,-0.13517289,-0.4060917,0.2298767,0.25311866,0.037274815,0.020434916
963,0.19011529,0.47386754,-0.19751433,0.5206897,-0.09735927,0.58090395,-0.28921938,-0.06187007,-0.015506268,0.16108692,-0.09195946,0.07290417,-0.4432112,0.23528907,0.25194722,-0.2880798,-0.38089633,0.24022493,0.019892842,-0.46130538,-0.6314766,-0.2546943,0.2217954,-0.61146176,-0.15975368,-0.42018944,-0.19513804,-0.046363533,0.09112853,-0.06412199,-0.36661288,-0.32392186,-1.3533664,-0.6344716,0.17002448,0.57003987,-0.5881839,-0.15451032,0.38250732,-0.4099538
964,-0.0687623,-0.12087231,0.3594225,0.64497334,0.63139987,0.11605007,0.2659813,-0.1506836,-0.011762302,0.4247535,0.67530686,0.4622504,0.7529361,1.3240744,0.54463804,1.043308,-0.15795453,0.33917135,0.072863266,0.0029324144,0.37795055,-0.08654368,0.102608085,-0.09731084,0.6238956,0.60927165,-0.0255657,-0.31615317,-0.07689142,-0.4819538,-0.34386444,-0.14864412,0.120909125,0.24993318,-0.65028846,0.24432763,-0.019747287,0.06269497,0.050194263,0.24558686
965,-0.42061007,-0.21692246,-0.5793539,-0.08230978,-0.041794777,-0.39648205,-0.5182446,0.17601186,-0.8316339,-0.36641362,0.080008745,0.20188624,-0.17391509,-0.4509825,-0.24725968,-0.087502,-0.6240042,0.4282872,0.0005362332,0.029647827,-0.4020183,-0.08080386,0.1122452,-0.050118864,-0.5393698,-0.21916649,-0.108181864,-0.47484833,0.2574426,0.12380128,-0.27461687,-0.017068744,-0.774036,-0.25911164,-0.009717166,-0.2617615,-0.16132462,-0.45809585,-0.0650509,-0.13368142
966,-0.30627185,-0.9212806,-0.31468004,-0.16617014,0.09086549,-0.21626411,-0.30953592,-0.5329836,-0.33435088,0.21523355,-0.2162705,0.3273048,-0.029704452,-0.022859246,-0.8674168,-0.42316052,-0.13333237,-0.90236676,-0.4067968,0.21176782,-0.3896557,0.0056985617,0.08713661,-0.52358055,0.7376329,2.1455834,1.1395229,1.0360713,0.39173234,0.6582147,0.5587248,0.22601548,0.38397926,1.0093644,0.6570635,0.32232845,-0.16462374,-0.21568096,-0.05208713,-0.4085262
967,-0.29208103,-2.876608,-0.19581944,-0.0869132,-0.21113327,-0.3370772,-0.103123784,-0.47950846,-0.13157807,0.11177073,-0.16018024,-0.09456214,0.3372208,0.15800856,0.14040557,-0.11439896,0.19096765,-0.099325895,-0.11962313,-0.21528706,0.3254401,0.49459255,0.15733165,0.07963166,0.9195573,0.5618717,0.7008174,-0.1355936,0.5706554,0.2780763,0.035767317,0.24576421,0.39620322,0.3234712,0.61059034,0.2624498,0.07433498,-0.019697428,0.43172342,-0.1593958
968,-0.15400583,-0.013835341,-0.43615517,-0.8745317,0.14015114,-0.23886073,-0.2268611,-0.11842268,-0.772889,-0.47553718,-0.48499435,-0.40606722,-0.6741629,-0.31817698,-0.4798957,-0.04297222,1.882297,2.7249181,2.9821668,2.1306376,0.028617263,0.71452236,0.8950964,0.9407605,-0.6288687,0.112517744,-0.07313165,-0.49062353,-0.3512266,-0.14286888,0.022614121,-0.11765131,-0.37031585,-0.008939445,-0.3389228,-0.014887758,0.14917797,0.11156446,-0.71834517,0.20748354
969,-0.28148323,0.40851885,-0.0944861,-0.67172027,-0.08528352,-0.32483965,0.14718854,-0.6597115,-0.105109036,-0.48498112,-0.09714882,0.11410135,0.029674292,-0.4193701,-0.20657367,-0.31471956,-0.19649953,-0.5808614,-0.018152613,-0.0042962283,-0.5962734,0.1316707,0.4271439,-0.32315642,0.26231426,0.26699024,-0.14159253,1.8320888,-0.06908369,0.24263862,-0.23847544,0.07232726,0.8193774,0.2705437,0.1718791,0.24872208,0.60121965,-0.69071597,-0.08985466,-0.010927089
970,-0.223984,-0.07420625,0.13561423,-0.10156681,0.1976127,0.14876717,0.2205326,0.44289204,-0.2355692,-0.41275477,-0.25392914,-0.1841939,0.4790958,0.44820648,-0.14944714,-0.15017304,0.36030275,0.3030944,0.04564906,-0.2064951,-0.26377845,-0.07603227,-0.62327707,-0.8019781,-0.3166212,-0.2134493,0.14158627,-0.021685973,0.22702888,-0.29399642,-0.12479057,-0.062704384,-0.18086928,-0.4683974,-0.075845525,-0.58053744,1.3271935,-0.40490395,1.0199597,0.43959233
971,-0.5321344,-0.19275689,0.023234218,0.07333836,-0.16930598,-0.1735601,0.0070634335,0.05663708,-0.2921178,-0.0896472,-0.21722995,-0.3615963,-0.63111144,-0.55215234,-0.6195047,-0.44251633,-0.8265449,-0.107195996,0.02807419,-1.0684731,0.046113163,-0.23053923,-0.32591322,0.62265944,-0.1827981,-0.104065545,-0.021487027,0.040303707,-0.27876082,-0.39768308,-0.30126637,-1.1521795,-0.5825583,-0.5081065,-0.23586978,-0.25391555,-0.30265594,-0.42638287,-0.40784115,0.04760015
972,0.06360796,-0.3613948,-0.6572679,0.035575747,0.29678768,0.066822946,0.08299166,0.09735784,1.9486192,0.960243,0.6207125,0.33697504,-0.15838748,-0.049881876,-0.45013595,-0.09680551,-0.034637004,-0.41728005,-0.45917034,-0.03435886,-0.020288527,-0.06681585,0.238374,0.04798001,3.2177458,3.1000493,3.2006564,2.6455688,0.22521138,0.11542621,0.44821906,0.090339065,2.9892416,2.4254026,1.8398157,1.7068365,-0.98940253,-0.0761441,-0.3244724,-0.035691977
973,2.360022,2.2162957,1.636542,0.864522,-0.1610843,0.5783384,0.025465488,0.09320879,-0.32228312,1.4742099,1.516138,0.5286375,2.1006603,2.7423544,4.476912,2.2631574,0.6231861,0.5108646,0.49055547,0.11939208,1.6598756,3.2464838,2.7930975,2.266346,-0.15051442,-0.04151714,-0.32306924,-0.12161368,0.22209051,0.59543276,0.6343659,0.38383186,-0.055964887,-0.3600353,0.0125620365,-0.20312054,0.25122422,-0.015463471,0.15312046,0.032408953
974,-0.16248608,0.06690423,0.010637224,-0.21610576,-0.3044466,-0.43755296,-0.24025525,-0.0036723614,-0.50525784,-0.29751158,0.10030639,-0.024278969,0.68849856,-0.28547138,-0.1956425,-0.034471154,-0.05556321,0.7355451,-0.024184376,0.112885594,-0.31964743,0.46941733,0.50452816,0.020951867,-0.066926956,-0.29465568,-0.009204373,-0.2143153,-0.042987645,-0.088430524,-0.35970592,-0.21318048,0.017213076,-0.2846778,-0.07113981,-0.20605254,-0.1852431,-0.4428127,0.50128406,0.021545053
975,-0.31056082,0.12268549,-0.14380005,-0.28525195,-0.38878137,-0.52148914,0.20662266,0.16021977,-0.5141262,-0.45370877,-0.21555698,0.09530145,0.033349574,0.086444095,0.08867508,-0.45565006,-0.10236466,-0.26652646,-0.04534799,0.05999902,-0.40351665,-0.7682018,-0.41131514,-0.26559192,-0.010455549,-0.35733113,0.0058311224,-0.40075532,-0.5733162,-0.118186265,0.09805119,-0.09518868,0.050904155,0.0747582,-0.29983622,-0.10041231,-0.16963053,0.03477657,0.12349334,0.28110027
976,1.4729338,0.22896445,0.19784558,0.11437908,0.38103998,-0.3840098,0.30811745,-0.36666188,0.2716813,0.08849104,-0.2322464,-0.04834485,0.6236878,0.27890468,-0.13455564,-0.29018646,1.2043792,0.24115807,0.4959363,-0.10913509,-0.61385477,0.15152931,0.6947924,-0.04446298,-0.10574874,-0.6612663,0.10467583,0.04885006,0.7272914,0.16003406,0.003684163,0.030095764,-0.9908509,-0.090538144,0.42789558,-0.23397148,-0.16477078,-0.027032197,0.03232187,0.30160987
977,0.015314758,0.052915126,-0.52118444,0.076069295,0.0943495,-0.016599596,0.23933068,0.056966618,0.103978574,-0.004040301,1.6612785,-0.0971379,-0.065502286,0.15011159,-0.1343574,-0.19404629,-0.00977838,-0.07703203,0.014208168,-0.086577326,-0.030050635,-0.010208607,-0.6778512,-0.12759532,0.1718081,0.3588495,0.68163836,0.70579743,0.015127242,0.037747562,0.07983458,0.31927243,0.20670012,0.27539098,0.7735951,0.57089937,-0.0075948834,-0.03738746,1.1996701,0.022104144
978,-0.35411352,-0.13498127,0.42114514,-0.071016505,0.19639438,-0.0045728087,0.14800347,0.28727219,-0.19072169,-0.24672562,-0.44189233,-0.26350883,-0.091130495,-0.049943566,-0.4511363,-0.52067554,0.6914396,2.9291973,1.4158247,0.12677269,1.4672372,1.4901834,2.2593696,0.7505034,-0.31965846,1.3803637,0.93017447,-0.031696677,2.4301963,2.5312743,4.0892467,1.1954246,2.287853,0.4928339,1.3422756,2.5491283,0.8257339,-0.019518793,-0.16513768,0.1559755
979,0.22801107,0.717532,0.088023186,0.79926574,1.1125607,0.503857,0.5278894,0.37281728,4.0420384,2.8102763,1.7819061,1.0504749,-0.17823553,0.39854813,0.026395708,-0.23734587,-0.4444586,-0.14691779,-0.15862007,-0.12606275,0.007523477,-0.1641081,-0.19980694,0.204635,0.16116333,-0.5729021,0.31569543,0.11083871,-0.4920498,-0.23456216,0.15439084,-0.11091322,-1.1369897,-0.3561759,-0.41508153,0.14025263,0.6886285,0.16803,0.33297768,0.017344303
980,1.9267457,1.8950406,1.357066,0.3804038,1.9537325,1.580684,1.661928,1.2410848,0.9883517,1.1491406,1.6938878,0.8325784,2.2204509,0.8776754,0.8338091,1.9258606,2.1735144,1.2012628,1.1187778,0.910913,0.74273574,1.050672,0.53874934,1.4856852,3.8489728,3.961155,1.7805598,1.5402665,1.4051135,0.6671643,1.1050763,1.6166571,1.8007361,0.85914713,1.5267258,1.5618038,0.43923292,1.010793,0.24504356,0.19931924
981,3.8794827,2.0781834,0.66836923,0.7009911,-0.011146218,-0.36729366,0.07079595,0.10698256,0.6856685,0.20436186,0.05333942,0.023823708,3.156815,1.2816173,0.37015417,0.10183221,-0.13685033,-0.2192471,0.093844116,-0.12830299,1.2956072,0.26670358,-0.104462564,0.07820037,0.87311614,-0.13927582,0.18226708,0.035853207,3.4461093,1.4722397,0.9984523,0.4886041,2.417605,1.3220774,0.9557894,0.60048926,0.1943016,-0.41862294,-0.0019225478,-0.18296176
982,0.056376755,-0.037663966,-0.071867764,0.30965447,-0.11058366,-0.746827,0.098167844,-0.33561957,-0.17514977,-0.50931346,-0.46309373,-0.17013264,0.0347957,-0.075974345,-0.39062536,0.012622654,0.076233685,-0.21880186,0.42287982,0.3422991,-0.59681165,0.093872316,0.123191535,-0.2905297,-0.20065948,0.32598928,0.02267772,-0.16948438,-0.16616188,-0.22444898,-0.16140747,-0.13078883,0.027362645,-0.123563945,-0.02796787,-0.18103284,0.12494159,-0.091756314,-0.5110879,-0.32297978
983,0.65995634,0.092012614,0.84976053,-0.34733516,-0.17654055,-0.34150666,-0.28395388,-0.54040635,0.25013155,-0.048701078,0.46472088,-0.0613257,1.1982243,-0.021322519,0.6129988,0.37136674,2.4335825,0.76635075,1.1353537,0.8326466,3.8230205,3.0466964,3.565021,2.3169882,-1.3864746,-0.56075406,-0.6587674,-0.13801607,-0.08516118,0.14712018,-0.10729274,0.12362611,0.3234314,0.43390393,0.12180185,-0.13175228,-0.1831513,-0.14817035,0.115151405,0.0782063
984,-0.13724515,0.5886657,0.36089343,-0.09492868,0.44442192,0.1321695,0.33695084,-0.08850384,-0.21353573,0.13796648,-0.29484975,0.16162425,-0.14182654,0.23920503,-0.028761744,0.15771154,-0.16133463,-0.6275153,0.2876819,-0.18764901,-0.2743479,-0.44375986,-0.18667358,-0.15078247,-0.9891339,0.35814425,-0.24499118,0.17529672,0.06666216,0.1430237,-0.24950731,-0.20336837,0.2042321,0.4792881,-0.007052839,-0.0062099695,0.1948718,-0.22035328,-0.38560885,0.04488784
985,-0.22138935,0.08614619,-0.093239546,-0.4326764,-0.77564055,-0.28615195,-0.11240295,-0.074664496,-1.2491763,-0.21588519,-0.75463307,-0.11292529,-0.2522971,-0.46610016,-0.59935033,-0.52463937,-0.11535978,-0.33583605,0.1522507,-0.012124538,-0.26980534,-0.41649768,-0.81930095,-0.56396663,0.1397858,-0.34092307,-0.19896209,-0.15574722,0.37930423,0.18842085,0.38038737,0.6182579,0.060809672,0.014207184,0.084417105,-0.22068578,0.10584211,-0.27046752,-0.02409321,0.21382669
986,0.016359568,0.041526854,-0.028494537,-0.4900291,-0.45049185,0.31953743,-0.37986374,-0.3892125,-0.19602066,-0.45615676,-0.10216123,-0.0883356,0.37773806,0.34464067,0.22979468,0.8524704,0.4317066,1.0671006,0.58031726,0.33479142,0.6597239,1.0156721,1.622844,1.018164,-0.4551789,-0.25821733,-0.040428877,0.43436188,-0.02307865,-0.0039548874,-0.34193674,-0.1649647,-0.40069276,-0.29081547,0.018990576,-0.5173102,0.049203128,0.3313887,0.14965022,0.20970154
987,-0.24332112,-0.17778486,-0.18226999,0.101726055,0.19474941,0.6435331,-0.032622144,0.043061934,0.07675096,-0.27201563,0.10191822,-0.14239442,-0.52277505,0.35287154,0.04175824,-0.45776594,0.16246188,0.004814267,-0.17135648,-0.43123662,0.11983335,0.20947921,-0.2639402,-0.56190205,0.17718217,1.0581098,0.3940009,-0.098094285,2.0226383,1.6145654,1.210912,1.0052578,2.7043724,1.5421488,0.44255733,0.61372596,-0.099349976,0.14288878,0.44406486,0.011526823
988,-0.090557575,-0.2644032,0.028587282,0.19150564,-0.53177416,0.53155303,-0.26233995,-0.031178415,-0.11741865,-0.41943595,-0.48447293,0.46108276,0.26658887,0.1072008,0.32314828,0.24936205,-0.1897797,-0.28332442,-0.20879146,-0.42594525,0.2509089,-0.01114957,-0.18089885,-0.215079,-0.5366949,-0.11673908,-0.14468895,-0.18327531,0.6614449,-0.14325069,0.085903764,-0.25817397,-0.068228856,-0.46993738,-0.21500969,0.30751634,-0.17881453,-0.24734414,0.3672337,-0.10869924
989,0.17772114,-1.0365634,0.3198743,0.059680074,0.043937482,-0.6519022,-0.5897476,-0.3446851,-0.22097927,-0.2609722,0.46225372,-0.48392886,-0.6753431,-0.35080433,0.15411684,-0.690974,-0.6795509,-0.20637453,-0.070969254,-0.4561119,-0.420063,-0.8251358,-0.40439725,-0.53953815,0.02020818,-0.44193947,-0.33129832,-0.026782723,-0.029756337,-0.4874206,0.4427202,0.020352662,-0.2711792,-0.36189204,-0.042855144,-0.8197681,0.42786258,-0.44180012,-0.21331786,0.2730983
990,-0.16409022,-0.09296235,-0.11129695,0.117168665,0.419631,-0.24669707,-0.2991743,0.009857118,0.30852294,0.53083515,-0.056803048,0.10645726,-0.042542636,-0.32730073,-0.13107133,-0.17881191,-0.37783432,0.12063229,-0.4608711,-0.11280191,-0.17138784,-0.18342732,-0.385494,-0.30904976,2.4979506,1.5791645,1.1485833,0.8639817,-0.3892491,0.07605742,-0.002133131,-0.24094564,1.3975804,0.82919246,0.51570535,0.068273485,0.27358413,-0.29997435,-0.16918439,-0.16957957
991,0.019524843,-0.6386418,0.22810847,0.26403955,-0.5047359,0.0356929,-0.10168793,-0.3128652,-0.48631948,-0.116371945,-0.030317836,-0.7655052,0.20890641,-0.34884202,-0.9486915,0.01868534,-0.13212378,-0.26804936,0.21461898,0.2975931,-0.5726131,-0.47484344,-0.20233956,-0.23175164,0.37848288,-0.002578348,-0.5735091,-0.7795824,0.14577647,-0.42942718,-0.24371272,0.039151013,-0.7258869,-0.2895515,-0.30044776,-0.09005648,-0.075068325,0.6316385,0.40365478,-0.41881716
992,0.1850617,-0.29568005,-0.34023312,-0.338676,0.05955887,-0.043492496,0.46779534,0.41968453,0.18659651,0.0032868385,-0.09246585,-0.21264648,0.23788041,0.012367129,-0.4471531,-0.2871017,-0.41812068,0.21405736,-0.04007012,0.20430404,-0.035413027,0.081053466,-0.40487385,0.18095148,0.79505104,0.81592536,0.46332115,0.70678234,0.5808682,0.08946659,0.275387,0.29937077,0.6265731,0.4383611,0.35162792,0.60285974,-0.70072883,-0.27354765,-0.24801081,0.13856255
993,0.25040215,-0.023946613,0.13576646,0.48527563,-0.29031524,-0.25570795,0.535457,0.2366413,0.16295439,-0.14095655,0.6305584,-0.1780502,-0.29828274,-0.51381093,-0.55854106,-0.33643368,0.340888,-0.34155548,0.26523322,0.3295396,0.067112446,0.09361851,-0.3123899,-0.4232093,0.61319864,0.109628886,-0.07448268,-0.16073108,0.09302628,0.40581548,-0.39133674,0.4826152,0.96874464,0.024954021,0.8276018,0.82130754,-0.14896935,0.07374263,0.24459773,0.06539476
994,0.43857402,-0.3326354,-0.40990815,-0.04969138,1.5317099,2.811235,1.359344,1.6570482,1.8409493,2.913599,1.2324787,1.6988884,-0.068044394,0.273188,0.10058776,-0.019104093,-0.036807902,-0.68066305,-0.110551655,-0.43529323,-0.25117093,-0.32015824,-0.2963022,-0.5889049,-0.14493823,-0.44253677,0.089829266,-0.10374737,0.5973888,1.7200296,0.46382406,0.40092337,0.09510571,-0.029788375,0.18415079,-0.09638792,-0.1172843,0.35787174,0.52209204,0.78165174
995,2.2367554,0.96279734,2.0270693,1.2940197,1.4996347,0.6781517,0.3690099,0.35891983,2.8301976,2.8790286,2.2082784,3.2466207,3.6843264,1.812757,2.1813302,2.6240933,-0.43177533,-0.26504087,-0.335509,-0.003917873,0.91315174,1.4513882,0.2099945,0.7590654,1.6137288,0.08396973,0.32651162,0.43307185,0.025019646,-0.098630786,0.62492555,0.38638455,0.047749586,0.48631427,0.18855911,-0.019239813,0.45377183,0.14602733,0.30239886,0.6894248
996,0.43253326,1.0590116,0.32057,0.32894933,-0.07652664,-0.66388834,0.115709126,0.08260974,-0.8805686,-0.15453461,-0.4571479,0.43156993,0.18387777,-0.3295303,-0.50040317,-0.30871803,-0.1651,-0.5328665,-0.010755211,-0.10510689,-0.39876854,0.5655505,-0.3353061,0.1794132,0.38289866,0.26383725,0.14028466,0.23493356,0.92889905,0.4298626,0.7695259,0.73026556,-0.13858302,0.2771057,-0.00825119,-0.10406184,-0.1448791,-0.38375625,-0.22833675,0.61760134
997,-0.6275143,0.5202769,-0.13602334,-0.32199645,-0.5687306,0.06379226,-0.065163866,0.19980621,0.8994228,-0.1025701,0.34361222,-0.6722355,0.71947956,0.1720846,0.27509317,-0.13641587,-0.3078498,-0.14075732,-0.9809569,-0.30477685,-1.0746255,-1.54301,-0.5722649,-0.21811578,-0.18229505,0.15294413,-0.42024904,-0.0075876117,-0.82131624,-0.2296781,0.25102216,0.29065064,0.14139122,0.22385323,-0.2408216,-0.8347684,-0.770782,-0.19320804,0.22062409,-0.25451773
998,-0.3912393,0.4026324,0.21745422,-0.13099065,-0.1321094,0.11226964,-0.032409042,0.19717717,-0.28773564,-0.5655563,-0.32713336,0.12899107,0.55180025,0.22254941,-0.2414017,-0.15485358,-0.15896201,-0.40164343,0.23888063,-0.36436224,0.037866175,0.15847331,0.22446996,-0.47928905,0.076646805,0.58252007,0.27093917,0.26283884,0.0018628836,0.06899738,0.2701204,-0.08851421,0.36919814,-0.017794747,-0.32427397,0.06517768,0.01469177,0.14110407,0.018890142,-0.06635958
999,0.28289342,-0.06090316,-0.002056241,0.17892867,0.20137313,-0.053970188,-0.4014298,0.18480971,0.69043374,-0.0061178207,0.48465675,0.18479979,0.90815973,0.24877314,0.2218239,-0.11076057,1.3621215,-0.1278041,0.030189872,-0.20032722,0.23123288,-0.42455158,0.08915019,-0.16927582,-0.16955292,0.48680067,0.111287534,-0.36385316,-0.10652837,0.1501243,0.1950917,0.2373977,0.6226593,0.41524035,0.0009278059,0.031591207,0.32762417,0.11897323,0.16014862,-0.036376894
1000,-0.21628661,0.013707101,0.10837865,0.01678893,0.36512455,-0.15954709,-0.085279934,-0.058834024,0.08832544,-0.23394352,-0.2504611,0.30494207,-0.06566852,-0.47953475,-0.088961005,0.46522224,0.124019146,0.35367262,-0.549181,-0.04169543,-0.15495136,0.34173626,-0.042517245,0.09754792,2.7450147,2.7381408,0.39583746,1.0668125,0.17931616,-0.26073727,-0.40965417,0.07941103,1.0132834,0.75541186,0.40429008,0.68075454,0.50796175,-0.652613,-0.17874476,0.370795
1001,-0.22346196,-0.3913438,-0.20778479,0.3186428,-0.5804827,-0.35620064,0.5627861,-0.06458422,0.17221154,-0.27080187,-0.067010015,-0.032807708,0.27011988,0.041779645,0.1776324,0.124448694,-0.05101113,0.33277473,-0.49859965,-0.00837715,-0.58637255,-0.10898366,-0.51621,-0.51777315,0.04656917,-0.18821448,-0.64416826,0.2607768,-0.24568057,0.15575063,0.011253968,-0.09664187,-0.3456377,-0.18171862,0.29222998,0.044527948,0.34111112,0.07815695,-0.2773581,-0.27520517
1002,-0.13734627,-0.54596174,0.31948173,-0.28195253,2.0032234,1.5114515,0.92881167,0.12037033,1.7690033,0.51405495,0.26548898,1.2018954,-0.5696412,-0.051074922,-0.8363813,-0.926805,0.5594225,-0.3092994,-0.0031061769,0.1415109,-0.09485459,-0.5603734,-0.13744485,-0.63424003,-0.52330476,-0.33828336,0.060257524,0.4217477,-0.3704246,-0.018359542,-0.1307914,0.55829597,0.24367857,0.5913628,0.031625003,-0.26129013,0.24618214,0.005356878,-0.3221044,-0.4104004
1003,0.11365262,1.0895901,0.44688222,0.20096672,0.16789019,0.24069747,0.39731532,0.32638392,0.069637775,1.539772,0.30308294,0.009963732,0.41042036,0.5571197,1.1782825,0.92287093,-0.28653044,0.75453275,-0.56257516,-0.27638805,0.11978084,0.6504598,1.0823728,-0.12306306,-0.0031216145,-0.5695981,0.3621291,0.3337385,0.0017248392,-0.47844046,-0.07819006,0.4356787,0.095014215,0.7409319,0.7473682,0.7175435,0.18458791,0.25561535,-0.33571547,1.2231748
1004,0.21992958,-0.4950067,-0.44542176,0.23592627,0.09540293,0.29331794,-0.5117458,0.46458903,0.49961057,0.369058,1.047121,0.9238695,-0.12779194,0.06435057,-0.19482869,0.23648429,-0.20135278,-0.21368593,-0.26784772,-0.45966506,0.31206107,-0.17775273,-0.2666299,-0.16304679,0.22892118,0.5382776,-0.004108727,-0.034543514,0.031080127,0.42745423,-1.9110749,0.07707924,-0.15880637,-0.4096608,0.27833468,0.37002015,-0.41326344,0.07939088,-0.3167799,-0.11697751
1005,-0.74036646,-0.33646017,-0.055787683,-0.016946912,-0.7297975,-0.8807131,-0.24927498,-0.6647369,-0.3257168,-0.26931858,0.07339203,-0.03315693,-0.6608738,0.09217882,-0.3179031,-0.10201502,1.2082381,0.3515539,0.6221376,0.5647012,0.17605442,0.82019997,0.33486494,0.23033738,0.50723815,0.15285152,-0.27743408,-0.052959006,-0.047113,-0.14592315,0.27235776,0.27931938,0.95191413,0.2970181,0.50705826,0.09111738,0.15176672,-0.20245513,-0.051837176,0.14010549
1006,-0.3475533,-0.3970055,-0.23383397,-0.25270808,0.7115307,-0.08503276,0.051326692,0.24806538,0.35291335,0.25139517,0.040908754,0.0050911903,-0.2562722,-0.2644569,-0.055096492,-0.12882191,0.31459963,-0.25551695,0.6009064,0.18798476,-0.11396438,0.26462582,0.75933,0.56838816,0.65461385,0.26635194,0.4521385,0.2675676,2.4209967,1.6924285,1.1538111,0.55478936,3.231871,2.538086,2.1125367,1.2699431,-0.5130794,-0.14194566,-0.08656362,0.21531025
1007,0.05175847,-0.11153239,-0.032968104,0.10269571,3.074647,2.045466,0.59495187,0.87644196,4.6984005,1.7522483,0.9723849,0.9100594,0.41623348,0.40983674,0.29477906,0.5500436,0.17550083,-0.19297832,0.022891581,0.032652974,0.0054213703,-0.7354288,-0.080492094,0.10849929,2.7592077,0.91798794,0.42239323,0.20879614,0.055792272,0.12283808,-0.39207232,-0.18055364,0.9414212,0.66534305,0.5923921,0.851191,-0.21949907,-0.10630292,0.054836154,-0.29028642
1008,-0.109261334,0.17141984,0.14915153,0.18227743,-0.051716864,0.34164757,-0.29923812,0.42976475,0.49415356,-0.43842846,0.55251515,-7.7068806e-05,-0.52815443,0.16674525,-0.018012367,-0.29925236,-0.13397059,-0.3152194,-0.30137372,0.1106869,0.02066034,0.052145317,-0.32675853,0.6446463,0.381225,0.41311747,-0.6729548,-0.28724146,-0.012359142,-0.15843913,-0.22682327,0.10960388,0.24619025,0.53179204,-0.022413075,-0.5814219,0.27765214,0.81708723,-0.22956324,0.54942
1009,-0.12918553,0.044612713,-0.39289337,0.045220293,-0.2300787,-0.79187673,0.23216784,-0.42208594,-0.1802504,-0.2038846,0.9638699,-0.21891071,-0.17065871,-0.5507379,-0.011435613,-0.7961004,0.031790257,1.9518124,0.5129785,0.3377006,-0.05332744,0.46757007,-0.11311333,0.07630134,0.062089264,0.32508114,-0.24170433,0.1086574,0.09803516,-0.6210908,-0.62332696,0.41674304,0.073334455,-0.46581078,0.009937882,-0.5305943,-0.035661727,0.30608684,-0.32642204,-0.19334906
1010,-0.2322289,0.16463774,0.031499904,-0.055048704,-0.15870988,-0.33583757,0.28410026,-0.0216638,-0.14726299,0.24535601,0.06522676,0.27040166,0.041872323,0.02526331,-0.3546461,0.10757613,-0.14815766,0.18866122,-0.94316673,0.14092481,-0.18314826,-0.06685948,0.074581385,-0.16686076,-0.11817217,-0.21718216,-0.55164546,0.11099036,0.12333441,0.15141103,-0.14609158,-0.23400402,-0.5991218,-0.17403245,0.28848493,-0.3960294,0.20772876,0.17660052,-0.44319782,0.16593376
1011,0.43710303,-0.10271078,0.29793173,0.36833704,0.8647616,0.64821184,0.77455926,0.6050431,-0.19387668,0.075666465,0.3816804,0.050505936,-0.23676711,-0.0035737753,0.12552345,0.15978537,-0.41327515,0.01166594,0.040771782,-0.4041431,-0.35307813,0.05067129,0.15273061,-0.037802935,0.29872045,0.4840564,0.9340398,0.5600859,0.36574733,0.2949928,0.6377958,0.36633393,1.1860374,0.507867,0.19398236,0.7846071,-0.45530614,0.36673725,0.8353727,0.6499574
1012,-0.1490745,0.41088137,-0.158639,0.18098907,-0.038285017,0.1256029,-0.18131685,0.34617254,0.14094459,-0.6880444,-0.22599259,-0.19670649,-0.86612576,-0.6680808,-0.19089627,0.63465095,-0.6855664,-0.17565414,-0.5107127,0.09797615,-0.6776502,-0.8400797,-0.34746093,0.5210991,0.33171362,-0.5118619,0.29425693,-0.1420885,-0.12262434,-0.085740775,-0.1892528,0.07445806,-0.40495372,-0.45837092,0.1127162,-0.25527123,-0.15516736,0.1761939,-0.66991913,-0.57369787
1013,-0.18305081,0.108912975,0.11909027,0.31643197,0.13063586,-0.20965585,-0.81876713,0.298122,-0.43311834,0.31822008,-0.14841595,-0.3501641,-1.7352842,0.23209262,-0.30934623,0.03300488,0.08374913,-0.0076826215,0.122415006,-0.15761924,0.4717683,0.08759932,-0.22205189,-0.30933517,1.8421597,1.8589258,1.1077089,0.8070903,0.012272716,-0.11688328,0.003826946,0.2994301,1.0944675,1.2466192,0.91451883,-0.35202673,-0.5397224,-0.02663052,1.3485721,0.277727
1014,-0.15292162,-0.31454265,-0.4343539,0.37549,0.30965596,-0.13243806,-0.3484837,0.11177921,-0.6485387,-0.6391358,-0.61201936,-0.053138465,-0.19166964,-0.2479499,-0.8753252,-0.52950925,0.19391412,-0.49382395,-0.1285466,-0.2983178,0.22047126,-0.48758966,-0.8116463,-0.6554837,0.06394601,0.3591752,0.19006097,0.55528164,0.40517402,-0.3104219,0.085983515,-0.43830994,-0.22302517,0.015662909,0.0061540008,0.4346929,-0.10844219,-0.44985887,-0.051918507,0.14746755
1015,-0.14525372,0.4289897,-0.4220118,-0.042038977,-0.085767835,0.2200867,-0.01377438,0.26665553,-0.13014174,-0.35924208,0.2618223,0.09568437,-0.030393079,-0.13614973,0.15167616,0.0479123,0.11181754,-0.08010342,-0.80432934,-0.29950607,-0.06195083,-0.77586675,-0.085001916,-0.13892396,0.40455586,-0.6819934,0.46394297,-0.085371524,-0.8922488,-0.049318522,0.45426446,-0.19044015,-0.13594913,-0.36705458,0.59081006,-0.17061919,0.21105324,-0.23628673,0.55765676,-0.101876974
1016,-0.33800286,-1.3386278,-0.066494524,-0.0071187615,-0.5234492,-0.28635883,-0.35371017,0.14333719,-0.611263,-0.030905679,-0.23754963,-0.83176553,-0.45543155,-0.051455557,-0.26761943,-0.46367407,-0.2970867,-0.2870972,0.35237598,-0.11569688,-0.17864446,-0.41420296,0.11738229,-0.25478017,-0.25355488,-0.71401703,-0.22525153,0.40176788,-0.3699724,1.1855545,-0.31014672,0.29160675,-0.2646498,-0.042248696,0.12700099,0.12251282,-0.29628772,-0.05582291,0.762545,0.42646384
1017,-0.19435692,-0.3910461,-0.35659546,-0.468872,-0.12666327,-0.0130854845,0.23007584,-0.20481229,-0.90585107,-0.5393696,-0.889133,-0.79567707,-0.22069299,0.19245312,-0.3506174,-0.61528623,-0.08012253,-0.18255651,-0.09486067,-0.42451277,-0.023311734,-0.94840455,-0.35735658,-0.61516994,0.21567667,0.7134987,-0.38189286,-0.43890053,-0.356435,-0.15801263,0.052800626,-0.3985709,0.46773463,-0.27234232,0.059535205,-0.26566565,-0.6130617,0.001283139,0.22088972,0.579702
1018,-0.11790031,-0.073333144,-0.07147056,-0.86427355,-0.059028745,0.081368804,-0.3724932,-0.34740025,-0.19172099,0.52784085,-0.2402699,-0.29701477,-0.14956206,-0.30515254,-0.26165795,-0.6066902,1.6228752,1.7138741,2.157552,1.469639,2.2090683,2.9545712,2.4765377,2.1994002,0.08798441,0.2613071,0.27759326,0.07679884,0.16025224,-0.0450705,0.52270037,0.10626018,0.111255944,-0.20325571,-0.07603496,-0.36006388,-0.12844235,-0.4468385,-0.35444593,0.16049914
1019,0.2908959,-0.33803725,0.605974,-0.62520665,-0.014705479,-0.10610997,-0.20903379,-0.001660943,-0.006850183,0.20652407,0.19933566,-0.015337646,0.34903836,-0.104703814,-0.45552507,-0.15194628,-0.6482754,1.4635535,0.022162795,-0.011119187,-0.5100106,-0.73890257,0.047219783,-1.1283817,-0.35779417,-0.6217656,-0.16358155,-0.27914947,-0.66743743,0.7360997,-0.32485336,-0.20832646,0.18840791,-0.5267774,0.14438456,-0.76586497,-0.007522568,-0.26397318,0.2878672,-0.24493477
1020,0.21873617,0.15323758,0.07308163,-0.7313061,-0.15233088,0.39557838,0.17575969,-0.015020132,-0.19489145,-0.5947706,0.09776309,-0.2108196,-0.17323941,0.06782868,-0.23785579,0.16888954,0.010060608,0.7639189,0.48503,-0.15822676,0.14910987,-2.1514916,-0.06395537,0.010836929,0.012012303,-0.1465172,0.21594827,0.13144505,0.07726151,0.0026100874,-0.055237964,0.06062916,0.0013643801,0.1647022,0.3749356,0.08946723,-0.020807147,-0.12156821,-0.013773844,0.20511046
1021,-0.34963965,-0.056724593,0.034600675,0.066029906,-0.05860247,0.20058598,0.004456699,-0.03679943,-0.3341477,-0.27390403,-0.2147482,0.3493423,-0.22631678,-0.43796661,-0.04071176,-0.0009133816,2.406997,1.6676278,2.4283514,1.3594078,2.0591202,2.4285452,2.1417036,2.124216,0.7281549,0.76927143,0.3030063,-0.28443217,0.16465312,-0.05756098,-0.07797289,0.35519195,0.15870206,0.10163468,0.2525108,-0.040689826,-0.2630754,-0.15465151,-0.037206735,0.09153235
1022,-0.7310884,0.3396353,0.044401526,0.07041645,-0.32931083,0.19879979,-0.05214587,0.0022228956,0.5795053,0.20402253,0.045891464,0.027855992,0.22345416,0.20139861,0.029794067,0.20517266,0.5929315,0.35604241,0.016156763,-0.114115894,-0.39867663,0.13707423,-0.16615902,0.17069393,-0.04625544,0.36706263,0.015933245,0.15151435,1.026881,0.023457244,-0.0292525,0.25865346,-1.2834439,0.08342132,0.1407452,-0.06760973,0.021896586,-0.18431401,0.05614519,0.12955105
1023,0.48281896,-0.02189815,-0.13629335,0.10451305,0.124999315,0.20202217,-0.24459828,-0.08519536,-0.115942955,-0.15666771,-0.2817877,0.37331215,0.16715622,-0.16127807,-0.55784655,-0.09402993,0.45475173,-0.3933826,-0.0702585,-0.51924074,0.06815976,0.10393834,0.3282858,-0.32479143,0.22749227,-0.549126,-0.22025263,-0.085369885,0.18229413,-0.45386466,-0.34251994,-0.4311324,-0.03410378,-0.44964522,0.79370195,-0.31723183,0.4568658,-0.21096581,0.88520676,-0.46722758
1024,0.25483,0.3725295,0.015329957,1.3886924,-0.19229898,0.30831632,0.03655058,0.12142694,0.02530384,0.24168721,0.29453024,-0.14315751,-0.4414689,0.34679723,0.5661335,0.52357996,0.2905865,2.4997082,0.97426784,0.2478581,-0.10866809,0.13818753,0.15001962,0.046775192,-0.87299025,-0.087769,-0.7312621,-0.5021073,0.17872608,-0.08301976,-0.11334917,0.42539266,0.04523103,-0.14173046,0.08591056,-0.31075686,0.2844383,-0.3906327,-1.1061058,0.45120034
1025,0.104801774,0.35409817,0.60099113,0.35844305,-0.06902784,0.41905558,-0.5170094,0.16503453,0.10204637,-0.04652566,0.40255517,0.20675945,0.7352951,0.5451176,0.62812096,1.5857623,-0.22569945,0.039110497,0.47487473,0.23576915,-0.1630339,-0.41568887,1.0168344,0.36364013,0.22887218,-0.06875718,-0.48343253,0.34057176,0.60816777,-0.07418686,0.2600129,0.18892437,0.377878,0.38548803,0.5428928,-0.8327377,0.08612248,0.24108598,-0.19287181,0.13856041
1026,0.16734606,0.02599132,-0.03388092,0.10678427,-0.77091193,0.33113676,-0.027641304,-0.076191515,-0.23279768,-0.32086402,-0.08917852,-0.2692542,-0.47045755,-0.23093599,-0.09216651,-0.1073595,-0.9250729,-0.10152474,-0.08368695,0.14141433,-0.0022461414,0.17024922,-0.11294398,-0.38746005,0.18818414,0.15361167,-0.07697619,-0.22706793,-0.26042676,-0.37030432,-0.54890674,-0.39951146,0.13632232,0.25101775,-0.39659375,-0.12836108,-0.3762614,-0.15268362,-0.5887361,0.093746334
1027,-0.33791977,0.10454911,0.08136892,-0.6728102,-0.22684741,0.014504015,-0.6784237,-0.5717578,-0.24497461,0.10233746,0.21192324,-0.42290545,-0.27402902,-0.3443896,-0.18877795,-0.114946544,0.7425699,2.0111082,1.8476533,1.8457608,-0.48415172,0.23418844,0.45837942,0.6096306,-0.16953903,0.004243195,-0.032143563,-0.39078724,-0.07572913,-0.029510826,-0.21167345,0.2267578,0.05190754,0.05979705,-0.4696458,-1.0951139,-0.2655074,-0.6187948,-0.40572262,-0.40327728
1028,1.1409477,1.2365503,0.2985618,0.8099721,-0.43424755,-0.7498935,-0.2598979,-0.20464918,1.1379445,0.36905658,0.31037802,0.4664835,-0.03225243,0.70018834,0.16257325,0.62054044,0.3835559,0.95901126,-0.31871077,0.64999855,-0.1317299,-2.8840473,-0.2111776,-0.19837734,0.21470445,-0.5406721,0.0005260706,-0.8519482,0.40888143,0.4143738,-0.0011655688,0.17481124,-0.031400144,-0.22465128,-0.010409862,-0.13168545,0.7149927,0.56394583,1.0478507,0.5242662
1029,-0.28064644,-0.2981114,-0.5545584,-0.04763472,-0.29275203,-0.28971326,-0.09655395,-0.030527472,-0.17448401,-0.17178565,-0.37950516,-0.12974262,-0.71082413,-0.3461951,0.042942643,0.6611791,0.18370098,0.24611771,-0.028193474,-0.24810326,-0.052325964,-0.9100504,-0.3598721,-0.10534507,-0.4505785,-0.15344775,-0.02936232,-0.2355448,-0.19007698,-0.7020837,-0.6716176,-0.14270014,-0.065505624,-0.018347561,-0.161749,0.13287894,-0.5814328,-0.11705828,-0.16133666,-0.32570186
1030,0.03637898,0.32040396,0.71661085,0.22850227,1.5410776,0.25436777,0.80899155,0.30098575,0.91289985,0.1945566,0.5488336,0.13632613,0.19754024,-0.8711255,0.57666314,0.20064306,0.9224868,0.36765304,0.032686442,0.5174074,-0.050373554,1.1146317,0.8240936,1.7564455,0.41672617,0.37639278,0.56517994,0.38421997,0.15719324,0.063648224,0.009255707,0.03319332,-0.05831681,0.5024526,0.06526226,1.2192394,0.20787692,0.2027064,0.21398719,0.615198
1031,0.039905608,0.61454576,0.2269613,0.101956785,0.44821787,0.6724293,-0.17569187,0.26279652,0.15180302,0.4141422,0.26684576,0.19936013,0.05164808,0.39530864,-0.403696,0.18612587,0.48700166,0.3484585,-0.2701005,-0.18611091,-0.5058038,-0.27556333,-0.38903412,0.058574468,0.71570736,0.23171234,0.15637243,0.00899601,-0.007480979,0.5120592,0.16199218,-0.070997596,0.3802092,0.33624882,0.19386235,-0.16485149,-0.071228266,0.15717256,0.06289804,0.081837654
1032,0.25429523,-0.009410977,-0.6539288,0.13024436,-0.13481149,-0.0818094,-0.3504697,0.032867506,-0.3353877,-0.07915449,-0.16502374,-0.19604462,-0.1004422,-0.07206142,-0.4369826,0.2925108,-0.0697843,0.00065612793,-0.3508197,0.10452539,0.010639161,-0.32143474,-0.12138778,-0.17609015,-0.18266821,0.10543597,-0.059901893,0.17027092,-0.65770763,-0.31745148,0.10390279,-0.21588224,0.12326968,0.15221432,0.33029118,0.23642868,-0.37610233,-0.10189593,0.10894942,-0.014383078
1033,0.2212053,-0.24725711,0.028387025,-0.0049425773,-0.023114026,-0.55240285,-0.44817722,-0.15075064,-0.32990462,0.07668221,0.3781404,-0.21376802,0.035755277,-0.32374468,0.009390943,-1.1286833,-0.20029116,0.12439805,-0.14617975,0.33829707,-0.15707517,-0.15641204,0.008751154,0.033804134,0.062340736,0.44423917,-0.48237592,-0.5017686,0.45511904,0.4654538,0.12415862,1.4341811,-0.18410003,0.01708451,0.20926495,0.1820375,-0.3435632,0.75911427,0.51793617,-0.24306014
1034,-0.23958994,-0.030861199,-0.27865508,0.1441547,-0.28632367,-0.06996,0.40868193,0.4299572,0.23009795,-0.046495914,-0.0389708,0.21978056,-0.1105665,-0.48135397,-0.5755202,-0.35200295,-0.17897904,-0.23269355,-0.3438728,-0.22792089,0.122517705,-0.35705745,0.06950426,-0.5092256,0.017254472,-0.26690635,0.11066878,-0.3220564,-0.22900522,-0.3733781,-0.219431,-1.1103493,-0.6335307,0.027351439,-0.2528633,0.0860706,-0.2722522,0.37392133,-0.30428156,-0.8390876
1035,-0.32260203,-0.39383054,0.41190004,-0.59965515,-0.4882921,-0.043346405,-0.4299177,0.19061089,-0.44692403,-0.53489184,0.20602673,0.2503387,-0.052194834,0.022004023,-0.665867,-0.4539001,0.22980869,3.3792582,0.9400047,1.5180482,-0.31775135,0.38235474,-0.4786849,-0.005794823,-0.04249102,-0.53605807,-0.27608776,-0.76073706,-0.24236196,-0.13693938,0.25208312,-0.19369121,0.14737567,0.16217697,-0.28934443,0.588456,-0.40416324,0.017672837,-0.6744331,-0.21045566
1036,0.44479424,-0.10223788,-0.10176095,0.3505222,-0.1268946,0.6764782,0.018206239,0.29359278,-0.2472786,0.09074104,0.28358984,-0.018546343,-0.048919126,0.06744963,-0.14982004,-0.17842138,-0.28980774,0.028871119,0.3276153,-0.041056275,0.15081322,0.20658447,-0.09191412,0.29637825,0.24613768,-0.19200075,-0.24639481,0.04868266,-0.13527536,0.47134763,0.39744288,-0.1627891,0.17996356,0.24263537,-0.2660844,0.09532088,0.12782356,0.10771024,0.27613375,0.5265293
1037,-0.25554514,0.009330481,0.03974475,-0.09216836,-0.171197,-0.15323825,-0.34091705,-0.12268868,0.26417136,0.012066126,-0.104447484,-0.55579126,0.05397749,-0.4045608,-0.036932252,-0.31063128,-0.28769088,-0.34949708,0.0405488,-0.24421251,-0.2554527,0.26399112,-0.39164954,-0.3265653,-0.113682866,0.19111803,-1.1733762,-0.097887546,0.06292477,0.08827931,0.077500165,0.53338265,-0.37265795,-0.2635828,0.09197901,0.066461235,-0.11585158,0.24490267,-0.2445656,0.45313954
1038,-0.5696111,0.39279512,0.25259233,-0.30938196,0.0096081495,-0.40363142,0.4462648,-0.50462335,-0.2476809,-0.49172574,0.14681292,-0.40641254,-0.4092455,-0.3697757,-0.53089386,-0.059117436,-0.28901398,-0.05572097,-0.16790533,-0.19569299,-0.49534142,0.2765559,-0.197173,-0.014228344,0.29928488,-0.104062915,0.07648754,-0.12142122,-0.4046281,0.061617494,-0.20774809,0.55848384,-0.15609288,-0.6086529,-0.28817868,-0.40855083,0.08221948,0.13770229,-0.73324114,-0.25857562
1039,-0.37820816,-0.22929144,-0.47092155,-0.1201904,-0.32312042,-0.47935694,-1.1260376,0.051843524,1.7494876,0.106274165,-0.31718272,0.032864556,-0.23656693,-0.04373741,-0.027975649,-0.060162604,-0.015800387,0.53062433,0.19333735,-0.057404667,-0.20747815,0.5136782,-0.028779507,-0.017443895,-0.37731642,-0.7016139,-0.37938857,-0.17198253,1.0746753,-0.0401783,-0.457443,-0.28222936,-0.4833119,-0.3738169,-0.33408368,-0.16291448,-0.14473978,-0.6401785,-0.4363026,-0.49933404
1040,-0.034829736,0.07290441,-0.22509563,-0.3447899,0.40521383,-0.2558235,0.078639925,0.11318636,-0.34317994,-0.2635001,0.29245207,-0.29344016,-0.008283138,-0.5048537,-0.15951562,0.022664055,-0.27710783,-0.57501423,-0.28026158,0.06460583,-0.33883262,0.5002143,-0.08750123,-0.28734785,-0.16437864,0.079423845,0.059745133,-0.37986898,-0.045274377,-0.24636155,-0.084949255,0.46199638,-0.25672418,-0.17699148,-0.09168464,-0.4706963,-0.33414406,-0.2390027,-0.11042562,-0.08881074
1041,-0.1713059,0.05465004,0.8914581,-0.6154997,-0.082729936,-0.51894647,-0.84395164,0.34087694,-0.028687686,-0.20536679,-0.202793,-1.0436037,-0.018438935,-0.17374286,-0.8543421,-0.12157056,0.2268362,-0.4481072,-0.08347369,-0.32280734,-0.15797251,-0.07500614,0.22970927,-0.5143606,-0.14397258,-0.6224908,-0.75793505,-0.10311723,0.34621245,0.2110799,-0.31231833,0.74149203,-0.66662854,-0.32885534,0.19488928,-0.04419059,-0.22079164,0.16116032,-0.50720304,0.16123152
1042,0.0074313283,-0.27469403,-0.37441444,-0.58927095,0.31981373,0.3415063,0.14701805,0.16139665,-0.686252,-0.541614,0.5324514,-0.70587623,-0.85812634,-0.19294792,0.15497452,0.1486038,1.4260108,1.3040569,0.96375835,1.3298626,0.7717784,1.3353356,1.7610502,1.830809,-0.05410725,-0.23144037,-0.76017904,0.2210226,0.09761134,-0.08381009,-0.0052992105,0.08074528,-0.2246393,-7.098913e-05,0.060188487,-0.55830765,-0.378272,0.048866674,-0.6069766,0.14721072
1043,-0.22136676,-0.21302935,-0.16427356,0.38388306,-0.16806477,0.26424992,0.039465547,0.05948496,1.0162289,0.52188295,0.7122842,1.1588141,-0.15782857,-0.08636922,0.6116272,-0.23148158,-0.34606272,-0.05806312,0.43977985,0.77716607,-0.31385422,-0.044919193,-0.5958046,0.14229676,0.024448931,-0.034145296,-0.07340187,-0.081815004,-0.8338647,0.2090691,-0.48462513,-0.6224544,-0.16283497,-0.05704069,-0.071154095,-0.32555678,0.075500846,0.17105937,1.4890467,0.5753318
1044,-0.30184364,-0.59848523,-0.22890097,0.26586568,-0.51954824,0.14341718,0.08655852,0.021721482,-0.14089403,-0.30989754,-0.22546324,-0.07006568,-0.031511366,0.18980876,0.35689723,0.21188056,-0.43856934,0.28524646,0.061764866,0.10200757,0.02539742,0.113310896,0.7485763,-1.2930207,0.10460514,-0.16619277,0.5793853,0.14062005,0.38363317,-0.25272676,0.005732447,0.2029469,-0.1407873,-0.0984762,0.548393,0.1124956,-0.42707938,-0.28686136,0.6599851,-0.369558
1045,0.24965015,0.139454,0.33345354,0.24482967,0.9864325,0.19706362,0.21110469,-0.45086858,-0.12902302,0.036828876,-0.3803783,-0.11905074,-0.7653771,-0.45012438,0.090586394,-0.2623132,-0.2597723,-0.42650872,0.15143806,-0.18670668,0.08822948,-0.4588123,0.1976713,-0.5004597,0.52380747,0.09593409,-0.42769718,-1.069592,0.40346855,0.2382262,0.32694066,0.6359054,0.48346642,0.057162166,0.8239681,1.619334,-0.11316302,0.6428054,0.01993829,0.07701862
1046,0.85334194,0.24416101,0.01460433,-0.16880569,-0.17176111,0.52542627,-0.076281205,0.2936604,-0.21630639,0.011607319,-0.024875969,0.31975412,-0.15685892,0.052534997,-0.15504101,-0.48530948,-0.15594363,0.22103566,0.05608415,-0.036039054,-0.08519122,-0.034354478,-0.26313484,-0.012544498,-0.3970648,-0.17098805,-0.11528391,-0.5110497,-0.7133689,-0.28796342,-0.4235629,-0.31584948,-1.0091296,-0.36572212,-0.19965333,-0.91032314,0.25222507,0.46675605,0.3141127,0.35528043
1047,-0.17698672,0.17568207,-0.12791407,-0.10366173,0.06888616,-0.16730352,0.32002145,0.26081064,0.28832778,0.21045825,0.5859094,0.44873753,-0.4107529,0.6718633,-0.048370197,0.13511145,-0.07521527,0.078294456,0.17828795,0.13801086,0.09137636,0.02677285,0.44212472,0.023222927,0.37725785,0.24760854,0.4449861,0.29126427,-0.083165705,-0.9433213,-0.63440347,-0.0007073507,-0.4997821,0.5428498,0.009274751,0.48751178,-0.31300583,0.25371525,0.38479415,0.059589177
1048,0.09844035,0.12426651,-0.51352316,-0.051712632,-0.40285262,0.00243783,-0.34712553,-0.05267626,-0.358698,-0.24490839,-0.039493084,-0.24068761,-0.19871676,-0.2272768,0.28122163,0.2656144,-0.03814459,0.2300582,0.19751096,0.35703856,0.5073947,-0.32033917,-0.07763891,-0.09473872,0.02030325,-0.34188235,-0.17014271,-0.11039114,0.061980903,0.00057017803,-0.19098556,-0.39523292,-0.67017806,-0.32843632,-0.6288001,-0.10458338,-0.20570767,0.7387157,0.32977325,-0.25161988
1049,-0.10958445,0.83069634,1.534491,0.1773901,-0.2883532,-1.1557401,-0.320957,-0.40072072,0.54175925,-0.4791986,0.1835106,-0.46526462,2.7447546,1.3826034,0.29022747,1.7705574,0.149907,-0.0138614625,-0.64154625,-0.12463826,0.31932637,0.18457541,-0.35533667,0.27557838,0.36659557,0.17621674,0.5615137,0.44009262,0.53158426,-0.5032848,-0.40486705,-0.37285084,3.5521965,0.6477473,1.6114906,-0.45600408,0.76407737,0.3254598,-0.06979531,0.098677516
1050,0.022334427,0.12141313,-0.3989023,0.22583926,0.025900722,0.105021656,0.0018830299,0.11626308,-0.3132715,0.27608556,0.11145006,0.32867268,-0.26112473,-0.38456747,0.31699017,0.27523845,-0.07749158,-0.5124246,-0.051190615,0.14937332,0.019247234,-0.05569893,0.6433472,0.2944132,0.4081522,-0.13854882,-0.7457771,0.2833817,-0.32456353,0.031231582,0.26372463,0.08360866,0.14924318,-0.49042296,-0.0060499012,0.007269903,2.2102573,0.89724386,-0.1676723,-0.0016230047
1051,-0.04966235,-0.2581873,0.03873217,0.12241185,0.041671455,-0.20446205,-0.2801777,-0.80679405,0.015348911,-0.051245004,-0.109090745,-0.3846466,-0.14021695,0.046306685,-0.120188415,-0.0484038,0.035643697,0.16526443,-0.037838563,-0.30642855,0.0220685,-0.5931244,-0.20501739,0.4341135,0.45833147,0.9357081,0.6366584,1.3932605,-0.12909013,0.32518774,0.032918334,-0.10065046,0.25995702,0.51235545,0.582891,0.5408231,0.05593577,-0.1265471,-0.16771758,0.19648124
1052,0.035334617,0.1822626,0.2487159,0.16405872,-0.5091377,-0.476557,-0.20370787,-0.6780613,0.044411182,-0.05307412,-0.099478394,-0.28112963,0.26245055,0.23408577,-0.7513122,0.15215063,0.27585554,-0.3353738,-0.44880414,-0.026227683,0.113384366,-0.033575177,-0.30002242,-0.13260531,4.0780716,3.3713813,3.8370652,2.9460552,0.8553953,-0.027727664,-0.09550397,-0.3179542,1.6910074,0.92515147,0.2876687,1.0098151,-0.06529385,-0.6457561,0.12793723,0.19875598
1053,0.05465287,-0.54173684,0.088046804,-0.4045272,0.04400003,-0.35848272,0.39846325,-0.8436301,-0.33206457,-0.03053096,-0.14431128,-0.021523237,0.021148086,0.099199414,-0.48845845,-0.20520642,-0.25156468,-0.11594975,0.37693286,-0.15869236,0.1210562,-0.0849908,-0.37264055,-0.26009846,-0.45940244,-0.099055715,-0.2652486,0.38729578,0.03703803,-0.13994732,0.23668991,0.59784436,0.05604112,-0.23058021,-0.07650213,-0.3759329,0.31091368,0.020461172,-0.418859,0.3152267
1054,0.019776225,-0.3797177,-0.021307841,0.32163942,0.11880678,0.048928708,0.022330225,0.33803612,0.19094133,-0.04468447,-0.172337,1.731808,-0.06664938,0.56013024,-0.29745027,-0.27119052,0.41249758,0.6065434,0.42138326,0.3937748,-0.43457633,0.040077567,0.071034975,0.23954035,0.2455698,-0.07382679,-0.11144684,-0.21529323,-0.071520925,0.04127252,-0.2086711,-0.71865535,0.042985618,0.04558736,0.04894966,-0.39916223,0.0018296838,0.040047348,-0.6519195,-0.4236387
1055,-0.42076313,-0.054401845,-0.023880959,0.036576748,-0.12983371,-0.2679639,0.06473775,-0.35292634,0.054330304,-0.02532202,-0.34064972,-0.3236621,-0.11016402,0.3321763,0.053296685,-0.17438427,-0.19759023,-0.36328536,-0.40894556,0.024282455,0.021660104,-0.3678354,-0.2073316,-0.27817643,1.6335796,0.6169389,-0.20776635,0.8980127,0.45154202,0.21073487,0.11339033,0.28204238,1.4973128,0.8926536,0.6118172,0.46659863,-0.05333686,-0.3998574,0.09587899,0.059621394
1056,0.48720276,0.26323256,0.73560023,-0.41514978,-0.06250172,-0.13847935,-0.122986674,0.2451641,0.080510095,-0.09176195,0.20301712,0.22938034,-0.31824422,-0.6997814,0.15478589,0.24358854,-0.17280617,0.2831007,0.14635324,0.07052475,0.25439635,0.5201682,0.09239212,0.67125666,0.2830358,0.50420845,-0.2788282,0.35967034,-0.05285417,-0.5698555,-0.02774863,-0.096754864,0.0029301643,-0.22822066,-0.099116564,0.12542197,-0.19812588,1.0114434,0.4449757,0.4230881
1057,-0.05753547,-0.21701452,-0.33914554,-0.011020154,3.1577947,1.7135382,1.5378431,0.8888394,2.0578651,0.77671057,0.97814167,-0.0008241832,-0.23255664,-0.09076738,0.585249,0.16165765,1.3497623,1.9291441,2.0532184,1.8032765,0.80765945,1.3874182,1.2942464,1.4144769,-0.19357514,-0.16808653,0.5609831,-0.5384893,0.51887023,1.8959932,0.686694,0.5031527,0.8258933,0.7851406,0.4127102,0.35282254,0.3880854,0.0844644,0.14537433,0.6516763
1058,-0.08435643,0.37013716,0.26311088,-0.03621447,-0.037367344,0.32352665,0.24030481,-1.3777404,-0.069817245,-0.033245936,-0.030062199,0.15874767,0.07368612,-0.061083496,0.101834774,-0.11090386,0.10795832,-0.04404472,-0.024532005,-0.23535475,0.17022943,-0.12581196,-0.50886697,0.19172624,0.5671593,1.7825189,1.6582564,1.7713338,-0.4122229,0.042678237,1.0621963,-0.1419209,-0.15812272,0.68642306,0.99814475,0.3256418,4.297495e-05,0.46238315,-0.19336833,0.3378532
1059,1.997892,1.628669,0.7689967,0.7961321,-0.45468366,-0.38776118,-0.22725159,-0.2687245,-1.059986,0.042348087,0.49050888,0.12610608,1.2256432,1.693783,1.4737463,1.6079037,0.48267147,-0.32751662,-0.4111932,0.0134654045,0.5399959,0.5093821,0.16860722,1.1352087,0.43180153,0.8009376,0.57165,-0.09159899,0.8221464,0.24104828,-0.10778606,0.24261546,0.96570957,-0.18595836,-0.08369428,-0.08659831,-0.53596145,-0.021786898,-0.11510098,-0.20632291
1060,-0.45612365,0.04710132,-0.19096816,-0.0034835637,0.7105423,0.33406317,0.034020558,0.03528726,-0.12968631,-0.23861164,0.78597385,-0.07873213,0.34242105,-0.013158917,-0.19968939,0.15383786,0.89295787,0.40338194,-0.23817176,0.25547862,0.5364274,0.17220615,0.0816941,0.22593236,-0.32760704,-0.3764264,-0.2568439,-0.26234853,-0.36513948,-0.53986454,0.8524567,0.13724107,-0.6476236,0.08182806,-0.057219803,0.01903528,0.23482893,-0.06868601,-0.2740241,-0.17187035
1061,0.14972284,-0.08326451,0.022811733,-0.13906346,-0.2019813,-0.015443161,-0.48462844,0.04877767,0.03924696,0.75963616,0.12969509,-0.04204896,-0.14269248,0.29509157,-0.086505346,-1.039335,-0.17158921,-0.12351141,0.08285645,0.49965006,-0.2109404,0.35519302,0.005677581,0.062461346,0.036075413,-0.4574712,-0.23229775,-0.9668959,0.046014667,0.096293956,-0.22776268,-0.121305525,-0.9621197,-0.22504011,0.029113472,-0.65149695,0.085715204,-0.22942978,0.046575494,-0.17452317
1062,0.36525643,0.31929287,-0.043677717,0.016888306,-0.18598473,0.09947145,-0.33265597,0.25835025,-0.34704006,-0.20895457,0.56499225,0.015716344,0.0351218,-0.07147843,-0.333807,0.33403063,-0.13164365,-0.413571,0.42135876,0.26007876,-0.3766942,0.49222142,0.07710385,-0.35755962,-0.2547927,0.16801584,-0.3506625,-0.012074083,-0.0069981217,-0.10136095,0.015852332,0.13132614,0.6338039,-0.15790272,-0.48562443,-0.3370695,-0.52252764,0.5229112,0.11308962,-0.35015327
1063,-0.337082,-0.11938751,-0.109410346,-0.34297055,-0.27812162,-0.38731453,-0.0007099658,0.23183173,-0.7760707,-0.52415633,-0.20102613,-0.55588466,-0.50717103,0.22890489,-0.12747745,-0.3598494,-0.11102426,-0.21967822,-0.32247594,-0.11616587,0.17832083,-0.5972098,-0.16767564,-0.36682704,-0.08927715,0.36146218,1.4594256,0.46833605,0.27083206,-0.27980912,-0.23270822,-0.25954658,0.06594211,0.69371074,0.080621034,1.2763718,-0.45611343,0.73953426,0.55238825,0.29425728
1064,-0.12194216,0.4470971,0.028043479,0.06827369,1.2435052,0.61482334,0.58160496,-0.15482694,0.2622965,-0.114676,0.19515455,-0.29922655,-0.13122857,0.31167442,0.25824177,0.49906784,0.003654182,0.09726012,-0.95780283,-0.44349915,0.44046998,0.057739347,0.3909933,-0.1593197,0.56775796,4.898594,2.265827,3.507307,-0.11890337,-0.15604737,-0.32931805,0.37898165,0.028218746,0.04879126,0.48416907,0.60264754,0.1128228,-0.105173215,0.47463754,-0.13390076
1065,0.000644505,-0.105774045,0.21422756,0.022711061,0.9869887,0.55567724,0.24816233,0.4978791,0.3767251,0.9045712,-0.06625533,-0.3370304,0.3343137,0.10556489,0.29333645,0.06299353,-0.13010177,-0.7696847,-0.08017504,-0.2280902,-0.10018003,-0.389444,-0.245166,0.037863612,0.81758964,-0.2626065,0.14433914,-0.4256795,0.53616494,-0.04956302,-0.061033726,0.4519172,0.37999183,0.082062006,0.3475411,-0.035397828,0.97853744,-0.075081825,0.047642738,-0.060774714
1066,-0.066824436,-0.68778455,0.2319982,-0.015107006,0.02475679,-0.016469538,0.374403,0.5971458,-0.0022422075,-0.010091364,-0.73841345,0.13825822,-0.13623738,0.05537194,0.0643363,0.031205475,0.036793113,-0.49751413,0.02250018,-0.5086417,0.16541904,-0.010603607,-0.084080935,-0.44164944,-0.10596007,-0.23197061,-0.32109067,-0.25854453,0.040887654,0.5581044,-0.07705253,-0.44974637,-0.06073624,0.26982838,-0.1486631,-0.120238364,0.15914631,-0.38022465,0.27164137,0.24220157
1067,-0.3118723,-0.17956853,0.033758104,0.0037486255,0.70136666,0.479263,0.7543132,0.899334,1.9097986,1.5308816,1.1393926,1.4535439,0.3308525,0.5963607,0.27765718,0.10054669,0.02017188,-0.5596095,-0.155424,-0.4287193,-0.24169886,-0.29749426,-0.34753352,-0.22553769,3.4388738,1.5287932,1.9835382,2.3228598,-0.41206962,-0.07150841,0.06410012,0.00822258,0.45751068,0.47043467,0.40975624,1.1020765,-0.07747853,-0.26153588,-0.19978586,-0.44189632
1068,-1.4902245,-0.2549423,0.064682245,-0.30456567,-0.07275128,-0.022788808,-0.105112135,-0.38609627,-0.9589741,-0.0055594444,-0.057188153,-0.10760243,-0.08823657,0.09906036,-0.02182722,-0.20085406,0.23635256,0.7928724,-0.053379446,0.44443277,0.74582165,0.18138823,-0.30778366,0.42268226,-0.5999832,-0.12344599,0.18566091,-0.34604093,2.8214638,1.1238408,0.3373242,0.9430925,0.25382864,0.96828926,-0.024726331,0.08325523,0.056047678,-0.08269231,-0.31612173,0.2370215
1069,-0.12842849,-0.61052,0.16271523,-0.13028458,0.043506384,0.017087221,-0.13327527,-0.09348637,-0.36456537,-0.081121325,0.076951474,-0.1001215,-0.015708685,0.15736516,-0.4072523,-0.021185573,0.050174236,-0.4671837,-0.09578061,-0.046104223,-0.13705456,-0.47992086,-0.26149893,-0.27929354,0.14103758,0.511748,0.49184102,0.43065655,2.7227006,2.4103591,1.6095111,1.5552199,2.7812185,2.853601,2.3741877,1.8630362,-0.3330027,-0.28856766,-0.057772517,0.15438455
1070,0.045012027,-0.30487764,0.11195342,-0.8400038,0.17495048,-0.100651845,0.12239644,0.20721579,-0.13227049,-0.2441151,0.55299723,-0.22641638,-0.078920424,-0.039737567,-0.12721807,-0.35475865,4.8763494,3.189385,2.6393666,1.4579136,0.6481644,-0.1448241,1.3382012,1.4607975,-0.890224,-0.082819015,-0.8788632,-0.27278727,0.06757745,-0.049785018,0.062463105,0.0055070445,-0.084372595,0.28205496,-0.66484547,-0.30804145,-0.24103451,0.5140223,-0.39518133,-0.02281177
1071,-0.2929678,-0.34298068,0.27375898,0.35511154,-0.7337065,-0.11273229,-0.17790386,-0.11742318,0.03747976,-0.08509809,-0.2555006,-0.3478228,-0.1654849,-0.564811,-0.036967978,-0.07132214,-0.108076334,-0.14289284,-0.58548164,0.16593716,-0.09492397,0.18817925,0.09307641,0.008670926,-0.40034375,-0.0821985,-0.3020152,-0.43990225,-0.048968315,0.36271146,-0.18952239,0.03545159,-0.6013795,-0.25141215,-0.024155587,-0.035945535,-0.43272114,0.14991225,-0.23269156,-0.04597923
1072,0.17173196,-0.06704074,-0.062543154,0.29876876,-0.26579183,0.047121584,0.32822663,-0.060796916,0.34415168,0.37568834,0.81942195,1.4312919,0.09741351,-0.034479856,-0.59163004,0.2452134,-0.2319831,-0.4236227,-0.1937269,-0.26177853,0.4897581,-0.6839804,-0.03601639,-0.38059443,0.13202998,0.39590955,0.423491,0.69071704,0.11024231,-0.52259785,0.031230122,0.2091248,0.28534687,0.069221094,0.55856824,-0.086706944,-0.3860163,0.14089052,-0.26810563,-0.62665457
1073,-0.5257483,-0.3959328,0.078279465,0.15244415,-0.24361911,0.73889357,0.6981301,-0.4143439,0.3136237,0.49146482,2.2676997,1.1228983,-0.06283873,-0.4274996,-0.06484516,0.1802277,0.029341638,-0.19541796,-0.26214296,-0.0014620423,0.029159248,-0.08312401,0.09796402,-0.4351378,2.8250957,2.5525253,2.3999956,3.5819592,0.15708488,0.17924176,-0.30261022,0.03144657,0.57458854,0.5578934,0.7007013,0.048689708,0.04978025,-0.29791975,-0.47649288,0.39349034
1074,-0.3900142,0.033717778,0.1209003,-0.19443558,-0.06482169,-0.55851114,-0.08223453,0.162563,-1.0393909,-0.21234311,-0.18899655,-0.10987812,-0.16583854,0.86823976,-0.35585198,0.2160696,0.44145226,0.31894934,0.10474561,-0.7514763,0.25810695,-0.04520625,0.291424,0.30281055,0.98818016,0.40290508,0.6929558,1.4257082,0.3834722,-0.063125916,-0.18271887,-0.09163961,0.07135257,0.17384101,-0.2274402,0.008970201,0.26363105,0.28217664,0.21167082,0.036852337
1075,0.18843794,-0.0080592185,-0.093030274,0.023346186,0.2918233,-0.15959918,-0.045844793,0.091840744,-0.06766081,0.054681227,-0.029900849,-0.09304047,0.5487096,-0.13594162,0.070168614,-0.078582585,-0.13226843,0.043983787,-0.07779713,-0.057875752,-0.08625984,0.13699079,-0.1796804,-0.018393517,-0.55293727,-0.040036537,0.0052821636,-0.09730327,0.37616074,0.010219656,-0.36215156,-0.32072204,-0.5055236,-0.16326828,0.045745075,0.04395175,0.08315864,-0.12063094,0.061942816,0.03792411
1076,0.15285742,-0.16912816,0.09238267,-0.0074848533,-0.011088312,-0.05762446,-0.7124163,-0.31063473,0.267435,-0.027594551,-0.10101509,-0.018487811,0.4875399,-0.08981216,-0.03136468,-0.08156717,-0.25291348,-0.11334717,-0.17295444,-0.228926,0.010334864,0.08615887,-0.102087736,-0.022111893,0.5776815,1.1512916,1.0118625,1.4065304,0.33839804,0.9844297,0.7879846,1.2392858,2.0714025,1.8471215,0.98032343,1.4592084,-0.3479812,0.41340882,-0.09058982,0.020093113
1077,-0.058013856,-0.16537255,-0.032783717,0.007854164,0.4827237,0.6966612,0.64904153,0.29038024,0.30901188,-0.08070016,0.11181745,-0.117429584,0.073287666,0.20854229,-0.8812885,0.5799997,0.25437093,0.61989415,1.7422854,0.99087715,0.073096335,-0.02955024,1.449776,0.64104486,0.32736608,0.10211426,0.45624775,1.2763635,0.1727092,-0.3093434,-0.1886777,-0.10397339,0.16431284,-0.051844895,-0.009544551,0.2252872,0.56505734,-0.10911727,-0.34293568,0.29348704
1078,-0.051015332,-0.2997207,-0.22897682,0.14659524,0.4791839,-0.0029793978,-0.08212736,-0.3328482,-0.22083825,0.3847683,0.107760966,0.6158855,0.15828854,-0.5594989,-0.07761741,0.13512842,0.18837482,-0.047924757,0.81913877,0.25868636,0.3314697,0.12524235,-0.19238827,-0.32238865,0.66982746,0.01374197,0.10188773,0.04700908,-1.2364646,0.21860987,0.031800777,-0.12020157,-0.16864741,0.3450438,-0.0049280524,-0.045552075,1.6731544,0.15857291,-0.8757963,-0.10862404
1079,0.73502135,0.15582597,-0.100223064,-0.0060340166,0.7000334,0.15932792,-0.00735642,0.01590389,-0.3293755,-0.075129986,-0.06091547,0.09067321,-0.08677977,0.3535027,0.101139486,-0.028861701,0.8490412,0.80763406,0.1673196,0.014070809,0.29608834,0.5189887,0.0117537975,0.08847147,-0.07562506,-0.45066977,-0.2616399,-0.021371782,0.09747493,0.13882221,-0.12107754,-0.007170558,0.36398828,-0.116758846,-0.055680573,-0.02311194,-0.109086275,-0.04472302,-0.12638384,0.093120396
1080,-0.11396679,-0.06883085,0.19846228,0.2145957,-0.13162914,-0.40228537,0.008701205,-0.46064645,-0.2956589,-0.551124,-0.51574594,-0.60967326,0.38898098,-0.06505735,-0.19409883,0.1264408,-0.35418883,-0.95375466,0.05485159,-0.38935834,-0.33815885,0.12759621,-0.5375957,-0.3462386,-0.02386105,-0.58719474,-0.29878888,-0.13935173,1.513353,1.922727,2.3262348,1.043225,0.49618247,1.1637731,0.53708863,0.8804606,0.0070291758,0.1418094,0.1622369,0.21124521
1081,0.05145198,-0.20266294,0.05275011,0.056997538,0.07160987,-0.47972775,-0.06534812,-0.00084626675,0.11424434,-0.22105198,-0.033912778,-0.021866918,-0.018992603,0.5609627,0.029342175,-0.011288881,0.25660723,0.012159869,0.015059471,-0.008725643,-0.15602392,-0.03697139,0.034044087,0.074578464,0.24841964,0.25512,0.044831097,0.0062972307,0.4012254,0.048964225,-0.010475755,-0.002389729,0.88220394,0.269854,0.45821315,0.05807507,0.10774207,0.21493153,-0.048101127,0.0020403862
1082,-0.55378544,-0.24887198,-0.0031870604,0.40690723,-0.12266755,-0.35885757,-0.20095682,0.30144003,-0.01375702,-0.01193887,-0.2790649,-0.003486216,0.10299146,0.017268332,0.34325963,0.03673762,0.051190853,-0.6956359,-0.1699984,0.039436907,0.018547177,0.70455265,-0.37941143,0.30041903,3.2090244,3.7587602,2.056763,2.1913123,0.17003286,0.67771566,0.55309606,0.035919905,1.7264695,1.7165141,1.4599354,1.569044,0.24630713,0.3113414,0.24930906,0.33058387
1083,0.04669231,0.098775625,0.37962276,0.29991788,-0.3654629,-0.5633976,-0.183633,-0.9044071,-0.31758785,-0.79854405,-0.7462239,-0.19857751,0.13635218,0.0006045103,0.15855715,0.2057576,0.048563063,-0.1382488,0.009324551,0.5641308,-0.16844653,0.061383024,0.67433226,0.112722754,0.5081351,0.3871459,0.61834526,0.18551205,-0.28652596,0.097043335,-0.45054415,0.46304813,-0.017555594,0.11101959,-0.071913004,0.13151547,-0.4359292,0.21633863,0.28419542,0.17844903
1084,0.014940381,-0.18015535,0.009222209,-0.010959029,0.062161803,-0.1286658,-0.008940518,0.004626751,-0.0813638,-0.4770878,-0.0045820475,-0.000331223,-0.06868869,-0.25392795,-0.01802677,-0.010209799,-0.09517987,0.14974152,-0.105903625,0.06154716,0.03848797,0.13674712,0.05273801,0.013486803,1.7704769,-0.03140746,0.19813815,0.078062356,-0.38233292,-0.22797677,-0.027779102,0.030537367,0.3378706,0.11555809,0.49219728,0.0032410026,0.076791525,-0.21163853,-0.09178138,-0.027788639
1085,-0.34057796,0.005697459,-0.021937974,-0.30876774,0.03077054,-0.5221173,0.31779367,-0.57807744,-0.43612385,-0.2204349,-0.4955275,0.17499465,-0.45034933,-0.6251215,-0.343533,-0.5846699,0.0024174452,0.6475074,0.41865063,0.22909223,0.31486338,0.2557519,-0.049663365,0.10992223,2.8847883,1.9727271,0.6324849,0.7912803,-0.26484394,-0.60247576,-0.7387576,-0.90254676,1.1972563,0.38746914,1.0076815,0.055368744,-0.3335464,-0.4309919,0.23102878,-0.38044116
1086,0.2172963,-0.1517725,0.48093784,0.050610274,-0.08406454,-0.45748174,0.4527867,-0.073553145,-0.12649658,-0.45396438,-0.45139682,-0.8480085,0.8127263,-0.22715244,0.21835423,-0.7502609,-0.31936675,-0.21512294,-0.32415947,-0.2790932,-0.33592132,-0.02785502,-0.39812082,-0.52668,0.0016286373,-0.052877724,0.14139012,-0.508382,0.4337835,0.6225357,0.1120923,-0.12953168,-0.20124719,-0.4562995,0.071573555,-0.45727086,0.6392232,0.45351678,-0.0028308928,0.7560673
1087,0.1433987,-0.1287594,-0.3398199,0.049261153,-0.2465485,-0.41750753,-0.23528105,0.36937335,-0.5318984,1.4709613,-0.5036039,0.07102823,0.12044503,-0.06735557,-0.22642162,-0.42789036,-0.6102566,1.644627,0.20321678,0.12350017,0.017214239,-0.1657089,-0.05979003,-0.17498457,-0.40295136,-0.47420925,-0.16681662,0.09897041,0.4038155,0.4956183,0.97402257,0.49013656,-0.122992694,-0.16772735,0.24352098,0.050319687,-0.28326523,0.5560521,0.123132765,-0.48498023
1088,0.18410386,-0.23569745,0.13384247,-0.32008234,0.1313554,0.062903896,0.0664193,-0.19073421,-0.39746782,-0.3530041,0.047875524,-0.32743979,-0.07943481,-0.05156368,0.345505,-0.05711651,-0.050362647,-0.41119117,0.1513919,0.02759765,0.17375314,-0.5762725,0.016518027,0.11077462,1.6539006,1.3302544,1.5500968,1.490027,-0.23800111,0.19699574,0.31471923,-0.023468047,1.2340641,0.8482124,0.9546434,0.39659274,0.6218717,0.14269105,-0.34141642,0.026561767
1089,-0.3547161,-0.10704863,0.02914679,-0.30050325,-0.1455651,-0.40565604,-0.01153475,-0.091591656,-0.17413935,-0.21044451,-0.07680535,-0.41915643,0.31379664,0.026419267,-0.065481186,-0.5305962,3.9153676,3.0044718,2.6670134,1.9161439,1.6547784,2.3545742,1.2329664,1.5847654,-0.5600648,0.01364404,0.04031852,-0.12146671,0.039705902,-0.011760518,-0.22293651,-0.3917392,-0.2117337,-0.027814627,-0.20223588,-0.17575783,-0.11000204,-0.71347606,-0.95814157,-0.16049439
1090,0.032885194,-0.3236864,-0.33680832,0.18106842,3.3194592,1.9582559,2.6724203,1.5175066,3.071218,2.5717475,1.5889784,2.575419,0.035973504,-0.0206334,-0.35821387,0.16112995,0.0536502,-0.021286786,0.22267653,-0.3652073,0.056259155,0.13011916,-0.10154426,0.2671754,-0.004019022,-1.015863,-0.15031987,-0.15363848,0.12479246,0.23987487,0.13546568,-0.09470819,-0.13637215,0.60479844,0.5854933,-0.07230666,0.42241713,1.347065e-05,0.13110435,0.79712045
1091,0.15552334,0.25342923,0.10582051,-0.108585835,0.046859145,0.15031433,-0.0012603998,-0.071445346,-0.2512564,-0.2236824,-0.17204866,0.09858209,0.9337096,-0.16144943,0.34247383,0.31771266,-0.5399716,-0.31600964,-0.2529769,-0.4104285,0.2806058,0.25539795,-0.30195177,-0.27840084,-0.21999955,0.103085995,0.43409464,0.2998762,0.061735302,0.6808492,-0.097049475,0.08817792,1.225234,0.13625039,0.101680666,-0.5345621,-0.61802554,-0.031142354,0.41139826,0.039461493
1092,0.3929949,-0.42332554,0.15428597,0.02160281,2.403725,1.2718009,1.5149449,1.2876267,1.8500341,2.076323,0.802705,1.5544392,-0.54829407,-0.0073735714,0.289877,-0.104536,-0.76828843,-0.001208702,-0.22774327,0.12989044,-0.10655999,-0.21538627,0.21936607,0.02865696,0.5804571,-0.47323,-0.37842715,0.009457625,-0.047874585,-0.2539878,0.3371055,0.19918609,-0.5206789,-0.42054826,-0.35678163,-0.22336435,-0.14176589,-0.14463583,0.12682402,0.20952944
1093,-0.3255543,-0.6104457,-0.05320573,-0.33027864,0.15736711,-0.2100361,-0.07115412,-0.08906233,-0.052248776,-0.19724858,-0.19483781,0.1162982,-0.27046353,-0.6791908,-0.32550836,-0.27874762,-0.41737217,-0.464787,0.071932614,-0.042098477,0.25939304,-0.62819904,-0.45753342,-0.32104856,1.7289045,0.68242186,0.27409804,-0.1819533,0.21056348,1.4761951,-0.13310713,0.6258845,2.2103155,1.9889321,0.84297454,2.1592073,-0.088638306,-0.35722798,-0.021943688,-0.1501199
1094,0.23835282,1.6477597,0.5579953,0.30741373,-0.061834097,0.41441247,0.6212623,0.20353484,0.106302544,0.53658277,0.38130382,0.28543872,-0.31233466,0.13724172,-0.056909442,0.112071216,-0.06364429,0.15792489,-0.23721829,0.07201493,-0.014719307,0.094709456,-0.105214596,-0.19057214,-0.15319628,-0.049421564,0.032357037,-0.12501043,0.26644185,0.43774784,0.16614377,0.09374052,0.20739034,-1.3737972,-0.25086725,0.16247034,0.11447239,-0.15268993,0.10056214,0.13327426
1095,-0.08886838,0.1868588,0.19521661,0.036995202,-0.064991,0.11429548,-0.5107426,-0.12775576,-0.20569497,0.043538272,-0.33528823,0.023738205,0.17069781,-0.06352794,0.39758337,-0.30665484,0.15173185,-1.8916416,-0.527601,-0.19423585,-0.066771984,0.3460063,-0.3732164,-0.36021072,-0.03008455,2.220399,1.577354,0.62233436,-0.050124407,-0.34398484,-0.124542415,0.11938107,0.9537233,0.2640642,0.1785858,0.052317806,0.024291992,0.15181357,0.083672255,0.17886448
1096,-0.3179263,-0.41354817,-0.14097619,-0.5769692,1.4217105,1.2202959,0.7832696,0.33153442,0.080851376,-0.04209265,-0.2935955,-0.41662848,-0.02683115,-0.25023597,-0.19276953,-0.22170974,1.1944872,0.29327494,0.12800011,0.14629439,-0.3999287,0.41826606,0.11435598,-0.295016,1.8180134,0.860791,0.9775058,0.7304393,3.2046788,1.9552665,1.9545796,1.9644907,2.2641609,1.309755,1.709884,2.0487483,0.14659262,-0.5959244,0.11890495,0.08320367
1097,0.7137372,-0.12080529,0.0035543144,-0.24165764,0.4462707,-0.04974246,-0.10590555,0.058351398,0.6726711,0.20746562,-0.09058532,-0.08216649,-0.3274436,-0.12395702,0.23248827,-0.018844068,-0.7095715,-0.0077648014,-0.15766132,-0.018077552,0.13641593,0.05650705,0.081240594,0.22251588,-0.05046012,-0.068176314,-0.013551652,-0.19982296,0.47344455,0.11725325,0.26487088,-0.07109946,-0.39850688,-0.19716209,-0.1706048,0.34718597,-0.3105424,-0.096772134,0.26588055,-0.055615664
1098,-0.08601178,-0.36883146,-0.34964982,-0.50244665,0.00080919266,0.086410545,0.1776379,-0.27842754,-0.32138216,-0.0693585,-0.040846646,-0.19487844,-0.10555023,-0.2606297,0.06877482,-0.31120777,1.4559623,2.0580392,0.5405871,0.107885465,0.41358587,0.47032136,0.76730704,0.3750065,3.0016406,0.20381323,0.8091798,2.029577,1.5332304,0.047295332,-0.56749076,0.14109963,0.46840662,-0.4609292,-0.9475136,-0.03708157,0.79913366,-0.17195168,0.25477841,-0.25979266
1099,-0.054671884,-0.4159443,-0.7602998,0.051192597,0.95510626,1.6517959,1.6834278,0.34875232,2.5748694,0.84166765,1.7735034,0.9435391,0.18979052,0.16279078,-0.19018835,-0.09430684,0.04011026,-0.10788381,-0.28004825,-0.024730146,0.24450278,0.43541685,-0.12405056,-0.07735896,4.61046,1.9333916,1.5331995,1.5662812,-0.5950646,-0.2647071,-0.22127795,0.0059817433,0.34749913,-0.1702764,-0.28760457,-0.19736159,0.014921598,0.013895631,0.097155064,0.42440993
1100,-0.5723805,0.015301958,0.042640865,-0.14818186,-0.0506759,0.025532186,-0.22273815,-0.022862136,-0.27109042,-0.31488177,-0.031157851,0.023129702,0.22270067,0.040305078,-0.08688408,-0.07915461,2.0462978,1.5511957,0.3624317,0.3102384,0.92042613,0.9724945,0.23213556,0.3407278,0.06354189,0.36410695,0.19017115,0.014949381,-0.32281625,-0.044111818,-0.14359337,0.07641214,0.41994777,0.16460212,0.22935659,-0.059246123,0.05732336,-0.09614444,-0.12375814,-0.08907503
1101,0.5030198,0.20849131,-0.029055774,0.23235238,-0.0434767,-0.34766,-0.28892764,-0.039921522,0.14349237,0.025393039,0.19250754,-0.96398103,-0.10466021,0.24689674,-0.0029796064,-0.18158965,-0.45528585,-0.10649848,-0.22661334,-0.3200662,-0.32464606,0.10630061,-0.41154498,0.2874261,-0.82142115,-0.42702222,0.0734116,-1.1379809,0.48110756,-0.6335807,-0.33382988,0.16368783,-0.01526238,-0.43143016,0.3530722,-0.31202736,0.35393378,0.35341984,-0.70513093,0.14594555
1102,-0.08473089,-0.40556526,-0.2535328,0.08434367,0.06376207,0.51176053,-0.33651346,-0.004637122,-0.29547942,-0.43481296,-0.24800837,-0.24662822,-0.21205461,0.0008203089,-0.42111558,0.14966714,-0.18468988,-0.66988397,-0.06397718,-0.28793937,0.8279648,-0.16034053,-0.37203684,-0.17408562,-0.87083805,-0.28137392,-0.14830989,-0.055824846,-0.29468492,0.033835653,-0.2971422,0.005740881,-1.1790066,-0.3062146,0.012957007,-0.32646275,0.5929768,-0.28436255,0.22032738,0.124102
1103,-0.12401669,-0.3257701,-0.05902666,-0.11571562,-0.46759123,0.10297954,-0.1608125,-0.07197744,0.032172143,-0.3899405,-0.115641534,-0.087070525,-0.14915645,-0.078666985,-0.06567913,-0.10639715,-0.60422134,-0.093477964,0.08955604,-0.30062783,-0.03779137,-0.13226068,-0.21001387,-0.6060764,0.31058428,0.7226755,-0.059234023,0.4135247,0.4922685,1.2108054,0.9160026,0.2485888,0.26584142,0.2617287,0.34021547,0.38367954,0.18260491,-0.09244555,-0.24133283,0.31444573
1104,-0.19378161,0.12087351,-0.02969404,0.0676707,-0.2710526,0.053894177,0.27286804,0.35759318,-0.55536926,-0.22762407,-0.31269258,-0.226022,-0.5512079,0.10214758,-0.42913795,-0.22210565,-0.33184445,0.30935788,0.34896052,-0.0977149,-0.3285715,-0.18607706,0.03417504,0.37666982,-0.053221524,0.24445063,0.11270177,-0.11488247,0.072238505,-0.2912683,0.27676785,-0.40173346,-0.34219843,0.051874638,-0.2109063,-0.12084529,0.2657873,0.00731045,0.14669862,0.2085371
1105,0.3763039,0.15532571,0.6836184,0.61384547,-0.14462513,-0.14499839,-0.22018066,-0.477885,-0.111211896,-0.34049588,-0.019762218,-0.114994586,0.1469791,0.34466416,0.33684325,0.5366386,-0.14292526,-0.37841946,0.10647684,-0.1274299,0.014496684,-0.20432383,0.4105093,0.39009815,1.1488314,2.1600177,2.8746111,2.5602183,0.43760973,0.18530941,0.4127103,0.89859563,1.1999292,1.4124527,1.616982,1.5091097,-0.18651628,0.05092883,-0.53096867,0.18498111
1106,0.04525736,-0.2790516,0.092407495,-0.4610012,-0.014730096,-0.13607582,-0.11191076,-0.43808168,0.03132391,-0.21351378,0.5367727,0.13303924,1.3814579,0.99685055,1.0508647,0.7021054,3.7020772,3.0877218,2.088011,2.0474315,2.6670713,4.1194205,3.2225442,3.078739,-0.08510606,-0.14802401,-0.75284505,-0.055382192,0.20237029,-0.20111686,-0.3228606,-0.061005116,-0.108564764,0.4385101,-0.18401009,-0.44157943,-0.0017806888,-0.690983,-0.12037447,-0.21571419
1107,0.20571268,-0.20620966,0.49828607,0.099634886,-0.42694688,0.16078407,-0.19451469,-0.029160477,-0.03283924,-0.3470797,-0.6302089,-0.25786623,0.023803461,-0.12457776,-0.5407785,-0.3618396,-1.0038708,-0.15087932,0.23367493,-0.37642282,-0.11278784,-0.32766235,-0.2178255,-0.37066272,1.4129283,2.2424145,2.1381402,2.1377358,0.10702294,-0.06714462,0.01107946,-0.5040807,0.92358834,0.511958,2.1719143,2.4183846,-0.10905811,-0.10319102,0.3108077,0.197745
1108,-0.122421,0.08504603,-0.32596064,-0.25804,0.07803118,0.0041875094,0.39756927,0.011291146,-0.2317584,-0.032940153,-0.58982015,-0.26444006,-0.15413779,-0.3439332,-0.47563115,-0.58349967,0.3630811,-0.35029024,-0.24781394,0.407813,0.34679934,0.24234053,-0.2689854,-0.18584087,-0.13889384,-0.38158125,0.16983593,0.065705985,-0.29562104,0.038108185,-0.6334221,-0.7234672,-0.1963597,-0.11576705,-0.10455246,-0.2217256,-0.17925268,-0.078275785,0.48026797,-0.69178826
1109,-0.7005663,-0.23203366,-0.033384323,0.2042566,-0.11858833,-0.14546748,-0.22091311,-0.04971665,-0.13516776,-0.15810913,0.048216224,0.028859258,-0.19679642,-0.114433825,-0.05536717,-0.3989327,-0.40491462,-0.22236964,-0.09818417,-0.17627797,0.12941617,-0.026778232,-0.2093514,-0.32818353,1.9747045,2.1062386,0.9287963,0.2899549,2.4444122,1.1562005,0.6058638,1.2832853,2.049194,0.3712522,1.4071428,1.4834745,-0.14576721,-0.47438157,-0.0780825,-0.34317952
1110,-0.45753944,0.076469004,0.36403763,-0.19797593,0.195081,0.9670916,0.61059856,-0.004363358,-0.60376143,-0.08604826,0.24993491,-0.21563885,0.21764755,-0.20610112,-0.22169068,0.18871212,-0.69637275,-0.39422613,-0.7667283,-0.40533507,0.25111783,-0.48621726,-0.4860626,-0.9134809,0.036979526,-0.44969028,0.24651003,-0.86431825,0.5035833,-0.59436405,-0.16447826,-0.29673156,-0.43774688,-0.8595345,-0.8513607,0.01515609,0.851192,0.17192957,0.13685137,0.32028127
1111,0.17020032,0.29199106,-0.18324783,-0.04269442,0.17247438,0.74032044,0.12540689,0.3427143,0.66797006,0.18606389,0.24013227,0.30515254,-0.2299993,-0.008492857,0.253523,-0.37198353,-0.15352738,-0.25253248,0.054475904,-0.16600475,-0.051130176,-0.61933166,0.041792005,0.18064106,-0.19644034,-0.062057316,0.06894845,-0.08410472,-0.26872194,-0.5035125,-0.60416126,-0.5314745,0.6427978,-0.45190018,-0.41655478,0.06377947,0.23874485,0.24290016,0.34743086,0.15447545
1112,-0.17286628,-0.4527476,-0.2956583,-0.30112988,-0.068427026,0.049283266,-0.3884886,-0.19153272,-0.069051504,-0.15219301,-0.14978203,-0.48805448,-0.23546723,-0.2640888,-0.21445894,-0.37555242,-0.31590253,-0.75314397,-0.24914911,-0.3801698,-0.04745972,-0.15398307,-0.6530082,-0.29131767,1.1587117,0.5907651,0.50887865,-0.084708646,3.615927,2.0820565,1.8398716,2.6164644,2.4501257,4.1457906,3.6597147,2.0409672,-0.9330638,0.08867811,0.18826118,-0.0058775917
1113,0.10069546,-0.39009178,0.09172154,0.29854536,-0.43725213,0.026878357,0.1668542,-0.25152904,-0.1588957,-0.10372773,-0.14780065,-0.23792821,-0.420024,0.11555016,0.17250313,-0.19048022,-0.40342736,-0.29945403,-0.477337,-0.2202642,-0.13369969,0.0012440085,0.03503132,-0.30386645,-0.8987816,-0.6763562,-0.35711035,-0.031170309,0.12866294,-0.55134785,-0.18951018,-0.33687764,-0.11721472,0.20820537,-0.08160961,-0.35324165,0.15394422,-0.5739814,-0.021260217,0.35857582
1114,-0.33749864,0.12661698,-0.0547176,0.46875125,-0.0068165064,-0.16107816,-0.049987078,-0.3401651,-0.088487744,-0.14298624,-0.26268876,-0.4280263,-0.09634805,-0.4083333,-0.35213837,0.16997913,0.6344326,0.05376768,-0.0040574074,-0.039559007,-0.10365838,0.1443646,-0.0759747,0.3615402,1.751316,1.099867,1.4146283,0.37310058,-0.21243417,-0.6945456,-0.13171938,-0.015480757,0.5601245,0.4799055,0.5535895,0.56821066,-0.25331217,-0.39943993,-0.4712968,-0.23557988
1115,-0.11559111,0.01733327,-0.07071686,-0.098369464,-0.2053833,-0.22283337,-0.28473663,0.042013466,-0.047714427,0.022986978,-0.028191477,0.13081416,0.23546523,-0.64475346,-0.042479157,-0.011532843,3.745623,2.6639316,1.2750204,1.2118176,2.8861327,2.817442,2.7829947,1.6674236,-0.57593894,0.33258137,1.0583432,0.27181914,-0.22604343,-0.087210566,-0.20284566,-0.035365164,-0.13279435,-0.33845383,-0.039384723,-0.07703066,0.30691722,-0.5516126,-0.13836092,0.07602811
1116,-0.24834728,0.12130898,-0.29837084,-0.37488598,-0.35926175,-0.47834286,0.25842863,-0.20540488,-0.5178207,-0.7242571,-0.40170038,0.014936775,0.5773722,0.021684252,-0.3404576,0.15981117,3.0078502,1.0688547,0.16762075,0.064843535,1.241963,1.546941,1.1858971,1.0192512,-0.65767235,0.05090627,-0.2731588,-0.12715805,0.25199485,-0.5415502,-0.047370434,0.2928241,-0.13314396,-0.14219259,0.04309225,-0.046529382,-0.12384045,-0.9286425,-0.3266775,-0.023096919
1117,0.4572695,0.3905152,0.33743423,0.43861827,0.7732495,-0.29133373,0.15666258,-0.1252664,-0.3109336,0.46895844,0.25135624,0.19242606,0.177185,-0.07867098,1.0370101,0.58157444,0.17650366,0.5215124,0.25062847,0.073528886,0.44508064,1.8528483,1.2780625,1.4486529,-0.38824856,-0.19086441,-0.4394709,-0.30273187,-0.25618672,-0.051082194,0.3093043,-0.21751118,-0.54614174,-0.19663751,-0.028140187,-0.41395015,0.11157447,-0.06969017,-0.012507796,-0.033627123
1118,0.49075118,0.0945564,-0.26604727,0.644157,0.15006775,-0.06904027,0.14809321,-0.015156686,0.23722455,-0.36559302,-0.000110946596,-0.12641658,0.2260409,0.09356624,-0.061159782,0.01748544,-0.416448,1.2344906,-0.24558294,-0.48961267,0.2707488,0.13613802,-0.42613977,0.30929926,0.3081181,0.18726616,-0.6725857,0.40139604,-0.011899948,-0.03405282,-0.55832994,-0.7532949,-0.05207011,0.05667028,-0.14200245,-0.295703,0.25327396,0.08577484,1.1196523,0.2965779
1119,0.021328807,-0.2160784,-0.006853342,-0.12192911,0.69561166,-0.22280146,0.1556617,-0.2661227,-0.42191374,-0.36440337,-0.14882666,-0.048259676,-0.026177645,-0.7436209,-0.024102867,0.09689766,2.4893358,1.7722735,0.5898456,0.6130748,0.026502848,0.91464007,0.557621,0.33166534,-0.60744774,-0.1799326,-0.09466653,-0.30449986,0.0010974407,-0.051236928,-0.21556032,-0.10448548,-0.5218932,-0.15083236,-0.10071248,-0.08318931,0.010131091,-0.53789973,-0.40920442,0.08172119
1120,-0.18699194,0.29557288,-0.18290538,-0.7007884,-0.2748294,-0.1318792,0.18737066,0.027249135,-0.08611342,0.04409524,0.09315403,0.10287158,0.54222995,-0.18218161,-0.16239429,0.051845275,0.2141115,0.69516444,0.51443213,1.0511241,0.87578714,-0.04780835,0.7016395,0.2895789,-0.082027525,-0.056310296,0.028229281,-0.02870828,-0.5160546,-0.057460427,-0.2646588,-0.17793885,-0.01824677,0.47704053,-0.049328864,0.051772445,0.42009515,0.033804707,0.07001129,-0.14304647
1121,-0.22146797,0.1924125,0.09265369,0.096713305,0.1668793,-0.24434024,-0.06860152,0.29155853,0.9380971,-0.1281583,0.6083601,-0.21044421,-0.026383936,-0.5349653,0.12781051,-0.011899024,3.864464,1.8414286,1.7317649,1.1239499,-0.31421822,0.7770213,0.6297312,0.094322234,-0.37219897,0.11295745,0.3194577,-0.28566617,0.07472566,-0.12226376,-0.25413024,-0.3250019,-0.59955776,-0.12521076,-0.074459195,0.34231657,0.36425364,0.24161518,0.10349563,-0.13017432
1122,0.0054674745,0.28640044,0.38310516,-0.51735353,0.074492455,-0.26505288,-0.010273337,-0.051774204,0.123584434,-0.27271387,0.014353514,0.738647,-0.48260146,-0.1510331,-0.06540862,0.060736552,-0.30445516,-0.122465014,-0.43553185,-0.53428876,-0.10992199,-0.14329925,-0.30427784,-0.22963083,0.32284874,0.5925189,0.27791914,0.25758618,0.21680593,-0.15628438,0.25316182,-0.11282258,0.5696124,0.19189148,0.17360264,0.14561266,0.20382524,-0.07725322,-0.058070302,-0.018826842
1123,-0.26889828,0.4713112,0.6070794,0.3408915,1.0055255,0.4456243,0.60932523,0.67992586,-0.38769752,0.6948895,0.54996294,1.0904776,-0.24077523,-0.46816817,-0.1555076,-0.19608772,-0.013132691,0.35647285,-0.48390496,-0.28482783,-0.59484833,0.34661132,-0.2767958,-0.6761749,0.11801386,-0.24888006,0.24790436,-0.13352323,-0.3682429,-0.48907673,0.14641339,0.16683324,0.18823773,-0.3313025,0.13284379,0.26686287,-1.2211235,-0.16456968,0.03752172,-0.028057456
1124,-0.11444343,-0.22507405,0.36622852,0.0313683,0.5998159,0.614924,1.4824158,0.57386094,0.3899306,0.5920354,-0.19603443,0.3023395,-0.06181729,0.037373006,0.26279145,-0.083518386,-0.100370646,-0.6466987,-0.057211637,-0.3354291,-0.1416974,-0.21751082,-0.19924974,0.37700427,0.5632209,0.28714806,0.9391534,0.54049486,0.9913542,-0.19171956,-0.19804108,-0.06476444,-0.8511412,-0.2577734,-0.30905753,-0.12948263,-0.0055335164,0.48430827,-0.2578138,-0.04516077
1125,0.22420949,0.2183828,0.42084348,0.10024749,0.21333474,0.078513026,-0.013105869,0.6523151,-0.37100965,-0.092859626,-0.31415915,-0.4786023,0.8009153,-0.11026204,-0.03591921,0.03757587,0.029411614,-0.941617,-0.39221382,-0.39139757,-0.15013328,-0.22261125,-0.48077875,-0.69376904,0.40447676,-0.17502105,-0.35169566,-0.30363736,2.3540673,0.94326854,0.65808845,0.70207506,1.3906279,0.26771063,0.39657044,0.2609017,0.5470345,0.8227545,0.87414,0.31506193
1126,0.10612595,-0.35677925,-0.2502421,-0.22307491,0.04527819,-0.07491875,-0.14813446,-0.35419378,0.003078401,-0.111148715,0.16208434,0.6702888,-0.35517627,0.25426328,-0.18566415,0.22394753,0.068649754,0.08905792,0.14256951,0.29960027,-0.14850628,0.13083094,-0.39754698,0.12862857,0.1441685,0.31998655,0.063851595,-0.21736276,0.04750377,-0.16754639,0.40812534,0.14950275,-0.21422601,-0.13557154,-0.64269376,-0.535184,0.042401075,-0.009194136,-0.11926815,-0.08065653
1127,-0.6412586,-0.12204862,0.21490213,-0.07804433,-0.15124023,-0.061409056,-0.00087186694,0.3118224,0.6569324,-0.6071497,0.02463071,-0.5123822,-0.08766115,-0.6079124,0.097034395,-0.26563495,0.48922536,0.4408731,0.57876,0.4521373,0.4664054,1.5210449,1.1491238,0.15597433,-0.7939451,0.1308145,-0.48673016,-0.27153432,0.22534752,-0.114985846,0.0073717833,0.42890033,0.005028844,-0.2603655,0.27399737,0.0026178956,0.024750203,-0.3950607,-0.5121302,-0.3841239
1128,-0.014009617,-0.29150903,-0.19618654,-0.3435073,-0.014936328,-0.26418737,-0.15974489,-0.26443312,-0.013455391,-0.3243853,-0.43033922,0.10469116,-0.1525392,-0.37161374,-0.07263297,-0.20952241,0.92760396,0.058983922,0.46743953,-0.1762476,-0.43993032,0.50411683,0.2845683,-0.03976649,-0.03425157,0.0089223385,-0.52467436,-0.16610411,-0.3992616,0.291942,-0.21187484,-0.041915264,0.12509596,-0.27746326,0.31081915,-0.1631394,-0.16639662,-0.70461154,-0.24928677,-0.1215523
1129,-0.12708122,0.2066895,0.6216289,0.627954,0.058493316,0.08772552,0.09648975,-0.25173867,-0.0029445887,-0.11948931,0.2732428,-0.29868752,0.08908641,-0.17483197,-0.2512867,0.594658,-0.34799087,-0.0037946403,0.036825478,-0.12026703,-0.10326272,-0.23428729,-0.34755155,0.04074371,0.11318946,0.3106125,-0.1487109,0.107780576,-0.5784543,-0.18609017,0.0016274899,-0.48577845,0.07316637,-0.52193034,-0.29096514,0.2341882,-0.19088978,0.18835314,0.05464226,-0.28681353
1130,-0.6218289,0.42077738,0.054536283,0.32577413,0.17948645,-0.41490114,0.33332646,-0.19595274,-0.21276024,0.05458021,0.1214884,0.14271724,-0.3558123,-0.0836907,-0.15569365,-0.17521064,-0.5093081,-0.4121774,-0.13724881,-0.3968141,0.20051706,-0.16662824,-0.672428,-0.46115872,-0.019913822,0.30156422,-0.07308936,-0.044997633,0.076226264,-0.1256053,0.3188992,-0.044732153,-0.09419751,0.06713635,-0.08511037,0.058112435,0.036230743,-0.5443536,0.31579074,0.06900865
1131,-0.22007048,0.66295433,-0.080765426,-0.09038374,0.16081727,-0.087222785,0.21092114,-0.33223,-0.06481299,0.37421,0.474815,-0.19244556,-0.4311097,-0.12215637,-0.21672755,-0.7289932,0.7218703,0.40126026,0.9204798,0.14904574,0.8141329,-0.31002325,0.31913298,0.24191128,0.07944417,0.49755323,0.5505052,0.45374686,0.23809472,0.002210468,-0.059411734,0.8099834,-0.07162331,-0.39604375,0.13774598,0.08476123,-1.0754395,-0.34424293,-0.47116262,0.2791375
1132,-0.41554725,-0.12536633,-0.006790638,-0.5595816,-0.15079653,-0.021288395,-0.80190104,-0.18790215,-0.52311635,-0.5553366,-0.055999756,0.24186298,-0.2488389,-0.59719545,-0.47641304,0.05844459,1.073096,3.4915125,1.8274157,1.1204041,0.121082485,1.1870357,1.152509,1.0248783,0.13196653,-0.020876527,-0.44026613,-0.3582771,-0.07733929,-0.3003869,-0.5349508,0.007629752,0.6050318,-0.36639318,-0.29391158,-0.42062348,-0.41586527,-0.4542697,0.004378531,0.081445
1133,0.7023519,0.00064367056,-0.37885255,-0.09585953,0.19751287,0.2918625,-0.06758186,-0.06950259,-0.71470857,-0.5634986,-0.3152222,0.32855022,0.11857358,-0.08672556,0.58973336,-0.19320536,-0.18368915,-0.16691372,0.06574392,-0.2192756,0.32911018,-0.09488739,-0.0711745,-0.37321985,0.5100051,-0.13872623,-0.060584307,0.009316981,-0.25963998,-0.90216005,-0.265747,0.17368543,-0.7300783,-0.17028305,0.20988034,-0.52353895,0.8018422,-0.37753576,0.031315982,0.22954348
1134,-0.33654797,0.1574313,-0.34143487,0.01126802,-0.25135165,-0.6593158,-0.34768292,-0.04193437,-0.7097125,-0.16297716,-0.072087824,-0.020174384,0.0021371543,-0.6565013,-0.2541378,-0.47523826,-0.15854791,-0.66666216,-0.06619406,-0.1585905,-0.5598501,-0.12573431,-0.1389516,-0.21422651,0.014012337,-0.31227446,0.06343669,0.052137673,2.6346061,2.1605554,0.9354162,1.4605167,2.2648492,2.7249756,1.3618788,0.74086744,0.18950683,-0.64476514,0.16588593,-0.045923173
1135,2.1083493,1.7633414,1.8829962,1.0795057,-0.117008805,0.237954,0.5766671,-0.07728028,1.5998213,1.3812988,1.6073039,0.65177035,3.3823602,3.9714792,1.7998598,3.0182974,1.2156383,0.25978106,0.4154899,-0.509566,2.568639,1.9292781,2.5871618,2.4537296,-0.7791056,0.5223728,-0.6259912,-0.08384478,1.6536913,1.0161093,1.0034428,1.321937,0.6537604,-0.5895549,0.18205398,-0.19480868,0.94672334,-0.042188525,0.32507914,0.027389646
1136,0.13255605,-0.21062505,0.04169455,0.1768803,0.12075022,0.0877603,0.98212177,-0.4347433,0.3034574,0.026441723,-0.5123699,0.039069176,1.3027499,0.2563935,0.03164652,0.036338717,-0.2391957,-0.3001696,0.11936271,-0.70110947,-0.18000345,0.013620645,-0.27246907,-0.29338998,0.23303257,1.0893116,0.7168883,0.27605817,0.12013474,0.06445679,0.09658166,0.7056916,1.2804794,1.764682,1.4312918,0.20735168,-0.38294047,0.16247317,0.1641235,0.11923641
1137,0.8579183,0.65232015,0.45606664,0.23803657,0.10040492,-0.018182635,-0.02827084,0.3748534,-0.06863181,0.14905983,0.09854883,-0.027075768,0.4390942,0.19753987,0.78531134,0.37861985,-0.138425,-0.10998359,-0.61093956,-0.31056207,-0.3619271,0.09169787,-0.33608282,-0.16182071,1.5897021,1.0147128,0.30187035,0.3421967,-0.60561687,0.05071163,-0.074543476,0.065470815,0.27579027,0.37826324,0.1597839,0.48560965,0.19480276,-0.15682891,-0.013617516,-0.032217145
1138,-0.22462635,0.12400508,0.1894244,0.08042021,0.009729445,-0.06357789,0.008167446,-0.21643531,-0.11677065,-0.6268594,-0.055331647,-0.04620236,0.2610461,0.4741186,0.028597534,0.12034193,1.1058568,0.56881803,0.135654,-0.26929125,1.3839406,1.7173338,0.8910397,0.43364522,-0.33822536,-0.40203047,-0.37156594,0.030594766,-0.14661117,-0.11991984,-0.047365338,0.3270796,-0.0436261,-0.07382184,0.05697936,-0.2825288,0.15223914,-0.117741644,0.091223195,-0.26622605
1139,-0.37892222,0.40900004,0.20651849,0.12942988,0.07391608,0.33072907,0.16980377,0.058300257,0.6098069,-0.053352527,0.15174773,0.0078096986,0.047988534,0.20044614,0.17380404,-0.08841187,-0.25843722,-0.03954938,-0.136922,0.29149103,0.16209191,-0.17770392,-0.048744857,0.062486112,-0.4810501,-0.08699448,-0.2755363,0.114954114,2.6969855,0.54899305,-0.2274062,0.13721842,-0.16299981,0.032693915,0.052680492,-0.211202,0.311933,-0.065624386,0.073388994,-0.18297815
1140,-0.07853079,-0.12972605,-0.013865486,-0.17260565,0.29122797,-0.12478407,0.3051085,-0.044776767,0.085954845,-0.085207164,-0.62678456,0.019708514,-0.43006462,-0.018467575,-0.41812092,-0.8886301,-0.22510844,0.33850765,-0.5110972,-0.7676051,0.26632118,0.25883582,-0.24725223,-0.3201943,-0.37956348,-0.13144407,-0.09275823,-1.5156392,0.011187911,-0.12924397,0.0023538768,0.89678884,-0.36320084,0.40686318,0.17489398,-0.4037579,0.03819135,-0.0017823875,0.0010454366,-0.12754834
1141,2.870839,1.9864794,0.9699329,0.84165514,0.44891584,-0.5923292,-0.07139361,-0.103001475,1.3259535,0.78016996,0.6996482,0.3597753,2.1357312,2.072772,2.1665041,1.804921,2.1389618,1.3532565,0.5713482,0.15800947,2.3579957,3.6298666,1.8656051,2.6682105,1.0896703,1.296275,0.60625625,0.17145139,0.19217625,0.34418947,-0.12565345,0.851534,0.7444536,0.5104204,0.499972,0.52839637,0.03232652,-0.2153126,-0.114363104,-0.03978324
1142,0.64338046,-0.044311464,-0.1874758,-0.20868468,-0.8958872,0.17778751,-0.6505779,-0.004681587,-0.5399276,-0.4315586,-0.28978166,-0.04565525,2.390165,1.1280239,0.7379178,0.558927,0.14287472,-0.30951428,0.0071169436,-0.1179986,0.80875134,0.85199684,0.2283287,0.046429038,-1.3689945,-0.38619494,-0.058718026,-0.094558835,0.31792024,0.13323452,-0.07779923,-0.28407663,0.26902694,-0.092130095,-0.01973188,-0.28469303,-0.4148058,-0.50313604,-0.12123525,-0.010280132
1143,0.6422002,0.28945002,0.25549325,0.11609584,0.40043828,0.36625355,-0.11359751,-0.15223312,0.07692997,-0.21948153,-0.16621177,-0.041307747,0.45359394,-0.48221344,-0.086775064,0.010710001,2.2545238,2.0079613,1.8794013,0.84710556,2.5409703,2.694452,2.467887,0.49663955,-0.5536649,0.047789507,-0.19527209,-0.065422356,-0.29375654,0.10262571,-0.04124701,-0.17460698,0.108982965,-0.6360308,0.2060106,-0.3244107,0.5881671,0.3074273,0.045048237,0.24727798
1144,-0.34778032,-0.19094636,0.09484906,-0.33547375,-0.19372332,-0.07540247,0.15930086,-0.5979347,0.17251933,-0.14725551,-0.103598535,-0.26231626,-0.09154016,0.29244298,0.03349018,-0.022340953,-0.37416285,-0.2254903,-1.0093613,-0.54372,-0.19429624,-0.27687877,0.04963559,-0.3127538,-0.082650185,-0.3341274,-0.7921301,0.6095432,-0.3132981,0.12121145,0.14708875,-0.25636885,-0.2010454,-0.19786793,-0.21296433,-0.021759361,-0.7171439,-0.10785061,0.5384129,0.19770646
1145,0.1951356,-0.258277,-0.0023527145,-0.48857498,0.3339374,-0.2380185,-0.40254536,0.24346569,0.31541577,-0.22665441,-0.13560396,0.03834957,0.22639045,0.20503226,0.29485413,0.06215781,-0.3762526,0.39504415,-0.072730035,1.7429485,-0.3315947,-0.30253696,0.14384854,-0.29474926,0.33547938,0.03961876,-0.2571772,-0.065649986,0.7548003,0.16794886,-0.5820749,0.53983736,0.019610357,0.43897387,0.092675745,-0.6012836,0.37142536,-0.14534092,0.2589164,0.08945328
1146,-0.52093565,-0.26477113,-0.116647005,-0.26135463,-0.2932086,-0.18476197,-0.2084347,-0.2813841,-0.021030009,-0.60006446,-0.30537513,-0.08878565,0.16098344,-0.32840914,-0.4024583,0.10389194,2.7756464,3.1626284,2.0405579,1.6351889,0.5562153,2.3705807,2.4545028,1.6478384,0.11196232,1.1938267,0.7223866,0.527742,-0.46216583,-0.11759296,0.23203146,0.03902465,0.21226001,0.19085562,0.7921229,0.14582744,0.42550117,0.28147382,-0.048372805,0.17456591
1147,0.100124374,-0.29458272,-0.02266952,-0.56848776,-0.21382678,-0.34882239,-0.10319706,0.520346,-0.33378318,-0.10667682,-0.11671457,-0.0022259355,-0.5090067,-0.14111769,-0.82940704,-0.41573912,-0.879257,-0.4452471,-0.33533576,-0.3138279,-0.5468964,-0.91837263,-0.61681986,-0.33570024,0.18056577,0.011643589,-0.088176936,-1.2718931,0.07282573,0.24118944,0.071614265,0.13796246,0.0032737553,0.06291133,0.3973996,-0.4388718,-0.066731334,-0.49336913,0.7677955,-0.07530533
1148,2.1956215,0.2797572,0.03776756,0.073525965,-0.19295585,-0.41235116,-0.2138609,0.15231073,-0.8932779,-0.028250337,-0.2947211,0.042052805,0.31473398,-0.57886434,-0.052582085,-0.048466653,2.7430787,1.5475527,1.4152361,0.9095779,1.5314629,1.502193,2.2382388,1.7853341,-0.40438688,-0.13953102,0.24265897,0.01586309,-0.11830938,-0.010305345,0.08987814,0.119093984,-0.022060871,-0.09006089,0.5719168,-0.3284054,-0.20862949,-0.057868302,0.08003037,-0.20683622
1149,-0.30194283,-0.008176565,-0.28940544,-0.21487528,-0.316807,0.25815666,0.3575099,0.1162585,0.42533088,0.07404572,-0.012678087,-0.20790666,-0.21724439,0.30792302,0.1303078,-0.02104792,-0.16421789,0.36783096,-0.08805549,-0.28833407,-0.63122827,-0.09347829,-0.40248078,-0.17384124,0.5992527,0.39760828,0.13459408,-0.020506859,0.24954426,-0.7255099,-0.12883973,0.16120262,0.632851,0.38070905,0.058000803,0.11901243,-0.049323916,0.8642172,0.20983961,0.23098014
1150,-0.08612704,0.04047498,0.119882524,-0.10868007,-0.16598523,-0.11656618,0.062189013,-0.030644894,-0.0002490878,0.23884504,-0.013950229,0.00019782782,0.25006872,0.16466624,0.28108332,0.14538848,2.2812793,1.4606937,0.29316074,0.024154007,1.5484413,2.2500253,0.90639275,0.3950548,-1.0012646,-0.29498452,-0.09488116,-0.0014054179,0.23671234,0.40192413,0.22298867,-0.07624036,-0.83229613,-0.11826408,-0.10190654,-0.038701177,0.18757007,0.06281699,0.013334155,0.08281529
1151,0.2740276,0.061092436,0.059776053,-0.07660118,0.084728956,0.12704921,-0.5233933,0.25808787,-0.74515444,-0.40796578,0.46775788,-0.29859835,-0.2564841,0.047771633,-0.25267535,-0.16773,1.2824353,-0.16747665,-0.12521452,-0.0945493,0.6356816,-0.7103174,-0.112506166,0.46801975,-0.07807377,-0.4595232,-0.5594473,-0.099758774,-0.025361806,-0.08941412,-0.44553986,0.060640693,0.6776765,0.118967354,0.1496158,0.008495748,0.54997814,0.32227463,-0.22125715,0.7785891
1152,0.03763262,-0.09867832,0.21081644,-0.4783588,-0.07097986,-0.14280966,0.07677946,0.3753074,0.48499465,-0.01502642,0.33476394,0.11835441,-0.07934767,-0.9141309,-0.51110065,-0.31078112,-0.054527313,-0.7665916,0.042611748,-0.4801672,-0.86583984,-0.52597404,0.4128002,-0.49942577,0.70499396,0.06007471,-0.077118345,-0.22426888,0.17575167,-0.040782183,-0.6545073,-0.058638733,0.49056625,0.008154467,0.59456646,-0.49362898,0.8502288,0.64968276,-0.010915391,0.17805359
1153,-0.2094176,0.03679558,0.4881829,-0.1761426,0.5050515,0.07793644,0.16244644,-0.13071823,-0.72747695,-0.041259676,-0.06824708,-0.30535567,-0.44369492,-0.27628556,0.025085747,-0.24893445,-0.59012955,-0.27152508,-0.16969585,-0.5554901,0.01437068,-0.34693375,-0.07816656,-0.5901856,1.0977753,0.5170572,-0.18549392,0.7542149,-0.10416192,0.23550099,-0.13546193,0.013402402,-0.36060345,0.25969782,-0.0079577565,-0.4596597,0.5697093,-0.34109706,0.043570425,0.57698554
1154,-0.2257911,-0.073786065,0.51175725,0.11889511,-0.3595153,-0.22340283,0.3184662,-0.029327333,-0.23821601,-0.046896547,-1.0358944,-0.43706763,0.89877427,0.13071704,0.08588803,1.7855577,0.4731923,-1.1518481,-0.20661637,-0.05199334,0.6580236,0.046640933,0.23655587,-0.18048143,0.09247249,0.06696004,-0.11853486,0.076946475,0.35607865,-0.040450543,-0.18980092,0.2178013,0.6740154,0.20030946,-1.1490347,-0.13378556,-0.08050303,0.59664154,-0.19939965,0.25641248
1155,0.36987588,0.3333208,0.11167866,0.02574715,2.2380097,0.13550892,0.11002675,0.074223235,0.058371454,-0.27845305,0.0028144121,-0.0047713816,0.8055119,-0.053031266,0.14865553,0.1771915,4.8423443,1.1784139,0.7372819,0.5656313,2.4981678,2.3324163,1.3297684,0.79388237,-0.018316269,0.003782779,-0.06490031,0.17198433,0.5890295,0.16005325,0.14950445,0.038451433,0.060011774,-0.0853923,-0.0063174367,-0.007358402,0.24480918,0.4574916,-0.004487497,-0.15071656
1156,1.9363277,0.84200567,0.5010836,1.0877962,-0.12434697,-0.14808512,0.017341018,-0.05028385,1.8676999,0.70751804,0.66290903,0.43836242,0.11867526,0.9557079,0.31024796,-0.014249682,1.1110084,1.303155,0.86356556,1.2143561,4.866616,3.072394,0.972028,2.3125727,-0.27155828,-0.43885875,-0.5836951,0.09398311,-0.36288363,0.026827753,-0.26937896,-0.06062889,-0.44412598,-0.47700584,-0.1720303,0.19916248,0.4284163,0.27876133,-0.023716062,-0.17015064
1157,-0.7454499,-0.8295645,-0.19378644,0.4625528,0.3188877,0.33287764,-0.07830107,0.11025351,-0.35880882,-0.4659474,-0.16099513,-0.3401202,1.2989415,0.14222294,-0.31976703,0.6232592,-0.6354351,-0.021437794,-0.10862726,-0.23582953,-0.38792443,0.24963492,-0.7340882,-0.55454123,0.26501453,0.34865677,-0.11700112,-0.49381137,0.42899603,0.62454295,0.55194217,0.14422894,1.8523514,0.46688455,0.97562414,1.1465961,-0.15469971,0.67813027,0.31012315,0.054013073
1158,-0.23950231,-0.71785706,-0.5133493,0.12618667,-0.15173489,-0.07444531,0.535424,-0.11800806,-0.14522654,0.12654062,-0.54633653,-0.44136155,-0.3304299,-0.20611846,-0.3253058,-0.27744132,-0.15954351,-0.50093335,-0.14903598,-0.2419109,-0.041532397,-0.2696464,-0.046896875,0.21338904,0.026505232,-0.19594678,-0.021867007,0.09602702,0.27837807,0.529804,-0.070768535,0.021818772,-0.11259358,-0.32360655,0.025076866,0.31248403,-0.19392778,0.48039266,0.121673025,0.71832937
1159,0.34590578,-0.0010295808,0.19598424,-0.4255321,2.382842,2.0608404,1.594027,0.86693245,3.7779083,2.5505414,3.1065266,2.4242995,3.2288892,1.3129082,1.2567143,2.5744374,4.3541074,1.9430205,1.1063712,0.226556,1.5525376,2.4205792,1.3698392,1.5784922,1.3815447,-0.3471278,0.6135803,-0.12292838,-0.017904203,-0.1872319,-0.23495263,0.085595906,0.13209051,0.14516878,0.07209864,0.19265215,0.1437777,-0.015458554,-0.028333187,-0.022542477
1160,0.8075045,0.8460051,0.6344132,0.2118853,0.14164668,0.11597192,0.0702509,-0.1622051,0.5124408,-0.4827056,0.5622549,0.10509169,2.1905732,0.6912005,0.6892333,1.3966993,1.9440633,0.78891736,0.6527494,-0.14554018,2.0683837,2.122013,1.5256803,1.7665842,-0.55542123,-0.13469976,-0.28139442,0.17802733,-0.07469565,0.3905388,0.2442433,0.34655234,-0.14980757,-0.044433564,-0.24727115,0.024196446,-0.1270796,0.16433555,-0.4781466,0.100720465
1161,0.3194989,1.7948751,0.5646737,0.5761694,0.8517061,0.8389956,0.74788773,0.13223886,0.2528564,-0.37897903,1.2555073,0.29070318,0.11549741,0.2114585,0.053723454,-0.5134195,1.6893003,2.7497735,0.8920523,1.1279261,0.53761035,0.22343776,-0.109553754,-0.24036211,-0.21632783,0.64180464,-0.18193156,-0.16281515,0.43578532,0.32855442,-0.19998652,-0.5181531,-0.12783876,-0.15149593,0.038489252,-0.5665373,1.6953311,0.5906851,1.0256972,1.2801576
1162,-0.55331635,-0.088621214,-0.20127916,0.118665814,-0.7837285,-0.009807587,-0.1332744,-0.06855363,-0.824988,0.36446357,0.24886653,0.25365573,0.31423482,-0.036039323,0.41964757,0.17560911,-1.0908731,-0.49382946,-0.7050717,-0.3425362,-0.067610756,-0.46653557,-0.074927874,0.32127032,-0.5425619,-0.57817435,-0.0796666,-0.41866732,-0.40997514,0.17041165,-0.18587363,-0.2489377,-0.37577423,0.041146934,-0.10107781,-1.0973461,-0.3581817,-0.025258105,0.4766003,-0.09849008
1163,0.11463237,-0.218683,0.23739691,1.0973126,-0.32861263,0.22391288,-0.14136663,-0.43983787,-0.1387142,0.3144405,-0.14761347,0.19484156,0.4205715,-0.45643216,1.6266873,0.8652782,0.24578768,-0.076786876,1.0834053,0.31881738,0.29139593,1.3259051,1.2099656,1.6020207,0.43271667,0.42037895,0.99380744,0.6978774,-0.54406375,-0.54049695,-0.4621452,-0.23564738,-0.25142556,-0.26273978,0.12336752,-0.55222106,-0.041827977,0.20953622,0.28852624,-0.18031156
1164,-1.2521226,0.050000846,-0.22004423,0.24429485,-0.6272534,-0.65673715,-0.027639158,-0.010481924,0.65112334,-0.017776549,0.18268958,-0.05957544,0.3025669,0.2686732,0.2985835,0.24031574,-0.26516414,-0.38896245,-0.62122774,-0.7348381,-0.17633736,-0.5468816,-0.80795485,-0.11077219,0.21642852,-0.10022951,-0.20164452,-0.38728747,-0.038749516,0.034097433,-0.16520047,-0.027450085,0.26576233,-0.04025346,-0.09677989,-0.09636927,-0.19061422,0.028137803,0.35840523,0.16707648
1165,0.62161696,0.6097841,0.8849032,0.1879139,-0.0025892556,-0.10478154,-0.35063872,-0.33794326,0.40204257,-0.21554154,0.22685537,-0.117320895,-0.089895785,-0.26929826,-0.5822935,-0.10709041,0.034006655,-0.22984469,-0.5369245,-0.3754122,-0.1676566,0.12308854,-0.20122325,-0.27370772,2.5929508,2.8693137,4.64751,2.8156886,-0.26392454,0.14981866,-0.6320246,0.29421872,1.1758174,0.38975704,1.7612796,1.2201507,-0.105063975,-0.17341527,0.07198101,0.05957842
1166,-0.23822844,0.41974068,1.1598042,0.45490414,1.7719227,0.9104464,1.0804318,1.0924675,3.7970676,2.2488422,3.0644193,1.5691483,3.2440999,1.9786427,2.336005,1.8734275,-1.1256764,-0.22170377,-0.35532582,-0.31949615,0.0497514,0.5173721,0.20374095,0.30105233,1.3650513,1.0031582,0.62955517,0.49362266,1.1859797,0.34378523,0.94325054,0.5289969,0.77899235,1.3925729,1.5706892,0.8323591,-0.09621394,-0.19902611,0.15052372,0.017780364
1167,-0.2104134,-0.752616,-0.15577784,-0.20039529,0.022253633,-0.08187494,-0.43116724,0.10833669,-0.31503427,-0.0064259768,-0.6935961,-0.3462509,-0.47827637,-0.49190396,-1.1207461,-0.39265752,0.155743,-0.23351538,-0.5920898,-0.67248654,-0.30766356,-0.6920532,-0.22492301,-0.5109759,0.27440763,0.57484263,0.80583125,0.21020901,1.2122177,1.0403509,2.5407166,1.5271007,1.1878026,1.352627,2.3977575,1.1245859,-0.56683886,-0.77363634,0.15991981,-0.3223902
1168,-0.27161464,-0.22490078,0.033369005,-0.26993752,0.27412313,0.4998001,0.030710332,0.5104729,-0.13944486,-0.6565703,-0.08400735,-0.29587528,-0.11535847,-0.52088886,-0.057575166,-0.6819179,-0.08666673,0.18660545,0.36950517,-0.88154984,0.07307191,0.017101496,0.070473805,-0.17494917,-0.13722911,-0.03453799,0.082126476,-0.506436,-0.45600405,0.17265311,-0.26504087,-0.2270401,-0.15761341,-0.23010242,-0.2827516,-0.7758434,0.3077465,-0.30737406,1.0295299,0.002077639
1169,-0.10240239,-0.4531244,-0.12745214,0.0794093,-0.112966835,0.13203095,-0.16601786,-0.2274543,-0.0536291,-0.19002336,0.100845,0.2639202,0.05567777,-0.025469959,0.02452755,-0.26235533,0.0042558312,-0.46880645,-0.09879607,-0.039007068,-0.026050389,-0.12812167,0.5576933,-0.66276777,0.35071224,1.2203658,1.1176362,0.62480146,2.1368983,1.975723,1.5114506,2.4188993,3.0082383,3.4119217,3.149066,3.6401744,-0.2620467,-0.38312617,0.30987,0.04401529
1170,-0.20640415,0.7364237,-0.020370997,0.25756627,-0.2878639,0.77690315,-0.2423712,0.011465281,-0.026121378,0.23246598,-0.22168183,0.3410474,-0.50230956,0.1731571,0.0069043487,0.05913043,0.40389353,0.04509139,-0.16394784,-0.34644842,-0.2912892,-0.68485093,0.42620987,-1.0352472,-0.21756463,0.18055692,0.12362206,-0.1877982,-0.2378385,-0.45580283,-0.32967418,-0.29590967,-0.76233935,-0.21608877,-0.3314827,1.5488986,0.070473194,-0.8112354,0.049271613,-0.34943968
1171,-0.25947732,-0.5914527,-1.3306577,-0.43947035,-0.072285414,0.17691278,0.65192413,-0.29159096,-0.25345093,0.019198671,0.20480794,-0.008601248,-0.33164763,-0.09660134,-0.41655853,-0.6050505,-0.3891356,-0.17001086,-0.6542597,-0.09764689,-0.39869785,-0.48786148,-0.5585902,-0.08782898,0.6658334,0.015319467,0.03563358,-0.21401939,0.17108312,0.37219664,0.16478033,-0.15373151,0.7759377,0.8543602,0.4556532,0.59690136,-0.18987834,-0.22238871,0.083851,0.14708298
1172,-0.49200523,-0.39544994,-0.8054801,-0.23850662,0.44218957,-0.10640222,-0.025411129,0.5359714,-0.6941594,-0.066244975,0.29338136,0.019735664,-0.40705198,0.13490415,-0.0569136,-0.22738925,-1.023397,-0.5354657,-0.103492856,-0.16154034,0.12921703,-0.81470567,0.1693396,-0.7395042,-0.58939135,-0.45767146,0.08130765,-0.5415496,0.47288895,0.06855625,-0.16759941,-0.1558196,-0.7981095,-0.6098501,-0.0030360818,-0.35628492,-0.47488427,-0.52641356,-0.11398679,0.017417103
1173,-0.18623877,0.15127897,-0.1070407,-0.4460585,0.8604781,-0.29399306,0.20038229,-0.34242204,-0.30014035,-0.19902658,0.47136226,0.11789602,-0.17813298,0.42691183,0.04549873,0.09110865,1.7490131,1.0468483,0.9691622,-0.27922106,0.53501344,0.12703204,2.2289581,1.3450834,0.35730875,-0.2578453,-0.08880958,0.09811133,0.62706506,1.2783091,1.431478,1.5473071,0.5271995,0.42318997,0.6418809,1.1883051,0.26597136,-0.21993732,-0.56510025,0.060710073
1174,-0.46085498,0.18242028,0.2997742,-0.027444035,2.3773468,1.7040852,0.21643022,0.42695436,0.21812145,0.44712037,0.14597085,0.2044658,-0.49793652,0.10253582,-0.16925049,-0.3842184,4.8079214,2.6253629,1.9281938,2.9771748,1.0716254,3.2694297,2.122844,1.074833,1.8484746,0.32722577,0.8659738,1.1031764,0.40535903,0.013709366,0.16076933,-0.1293517,-0.62225777,-0.40084922,-0.04535994,0.2843672,0.0066768527,-0.08555311,-0.034793496,-0.1872018
1175,1.900257,1.6568105,2.5547755,2.6159863,0.39142352,0.7852099,0.70935565,0.4298837,1.0448548,2.0992785,2.4649398,1.5340741,0.85980725,1.042141,1.6736801,1.9072881,0.7970339,1.7679543,0.68293095,0.6039941,0.48725802,1.5284684,1.7728571,1.4106444,0.10414848,0.88208306,0.5140995,0.18055785,-0.082513094,0.10603863,0.106485546,0.09539473,-0.01475513,-0.10512161,-0.15872937,-0.18252143,0.81291807,0.5826329,0.4033452,0.28503132
1176,-0.17994986,-1.773854,-0.034712076,-0.033210635,0.7568805,0.4841378,0.31193745,-0.052956104,0.6468128,1.0236154,0.07114345,-0.34580103,0.7713033,-0.24480182,0.15481347,0.36362535,1.413429,0.72438395,0.30947524,-0.19645616,1.3962786,2.3963344,1.7454448,1.3847117,1.9011807,1.9065254,0.8669912,0.49758458,0.35217035,0.29086185,0.20491701,0.23220971,-0.13444933,-0.026308924,0.19206727,0.016981661,0.20769425,-0.05770731,0.52705985,0.054932445
1177,-0.43437546,-0.28090996,-0.16467552,-0.19191773,-0.043009102,0.09263253,-0.13980429,-0.056604564,0.061388537,-0.4076926,-0.091830984,-0.091053545,-0.039925817,0.47306734,-0.12725091,-0.33155277,3.6075861,5.1126313,5.768951,1.5463631,0.91117746,0.80139536,1.0625069,1.7523848,0.31511945,-0.16162428,-0.11936346,0.35561526,0.021109402,-0.38837793,-0.05446601,0.013248995,0.17965235,-0.087759316,-0.085542254,0.15782663,0.010032788,-0.19497856,-0.13263632,-0.024705827
1178,0.13548827,0.0010652691,0.70394814,-0.027013779,-0.022895575,0.21409464,0.56814885,-0.06191814,0.1225754,0.20059189,-0.06564212,0.33727175,2.3817005,0.83157825,1.5780736,0.40462363,-0.32438344,-0.12274444,0.16425821,-0.5234113,0.711329,0.61117846,0.50192493,0.9301343,-0.015928537,-0.24527383,-0.1526095,0.046382904,2.6450572,0.833461,1.0939364,2.7671127,1.411284,1.3741062,2.1694055,1.9712017,0.4245332,0.33255088,0.10006702,0.14255494
1179,0.1860807,0.4340471,0.076495975,-0.19155572,0.42204055,-0.14245051,-0.17448898,-0.25873607,-0.5673884,-0.16239274,-0.067766346,-0.5420911,0.25272322,-0.44041073,-0.17832771,-0.6482012,3.5699184,2.5928788,1.6460177,1.4506862,-0.35967657,0.83884436,-0.09354651,-0.19430748,-0.56842965,-0.36054525,0.035998315,-0.2086877,-0.77387935,-0.56712806,-0.5727654,-0.069706425,-0.61581963,-0.27782258,0.28229976,-0.05454489,0.7110764,0.20729053,-0.08833134,0.16699691
1180,-0.37203342,0.07324177,0.12792057,-0.61164665,-0.28207564,-0.4595523,-0.2827865,-0.77046704,0.007881165,-0.10518488,-0.0192466,0.033673108,0.098234296,-0.2947552,-0.08238253,-0.049360633,-0.27223966,-0.36934268,0.06865853,0.15127084,-0.8424551,-0.5772385,0.21721643,-0.25967628,0.1403684,0.51247066,-0.30409953,2.7733352,0.016596556,0.0756205,-0.5403141,-0.40225247,0.6379822,-0.08831978,0.20339298,-0.13734531,0.88030934,-0.27087498,-0.3585105,-0.05781001
1181,0.10184169,-0.15623604,0.037391424,-0.20254591,-0.034681678,-0.2697076,-0.084834576,-0.056218505,0.10664131,-0.066085674,-0.06007731,-0.14360309,0.11851922,0.18752027,0.0389089,0.084898174,1.2732816,0.1802406,0.5228756,0.16101196,1.2251273,1.4623302,0.6510187,0.62788105,1.8233925,0.70128256,1.3719978,0.303861,1.347594,1.3160053,0.35959077,0.87541723,1.2677438,0.22852758,0.42204916,0.57446885,-0.5601237,-0.44808388,-0.054851033,0.034904838
1182,-0.32717544,-0.2996217,0.32759172,0.31485352,0.42052305,0.4805677,0.030787587,0.37969857,-0.458863,-0.22998029,-0.62510073,-0.06804971,-0.1896917,-0.43752325,-0.21850611,0.25237912,-0.3320614,0.15205799,-0.5408999,-1.3438807,-0.21139616,0.37528932,0.26391447,-0.44953668,-0.4927392,-0.22723427,-0.6362467,-0.17783871,-0.052236736,-1.2824634,0.17722017,-0.44419503,-0.26706287,-0.10224402,-0.33735436,0.026463836,0.09932163,0.4214933,-0.37252134,0.21070762
1183,-0.15792084,-0.14185977,-0.12886412,-0.1336518,0.35381114,0.3307647,0.23951694,-0.00030332804,0.70250845,-0.015468478,-0.4241913,0.14768288,-0.17489117,-0.3567271,0.6045201,0.1044305,-0.76263475,0.14769657,-0.26444978,-0.54850936,-0.47963554,-0.08710307,0.09899002,-0.37206373,0.012582898,0.41428423,-0.17266718,-0.5905003,0.25275278,-0.1393979,0.11577444,-0.20798638,0.11770797,-0.21713006,-0.038732827,-0.264094,-0.32155028,-0.2863056,-0.34839842,-0.1525344
1184,-0.37618706,-1.0012139,-0.12506074,0.8310942,-0.50563174,-0.13718587,-0.23045424,0.024155349,-0.38880306,-0.47340098,-0.36809558,-0.13924226,0.17139292,0.041282535,-0.21894413,-0.3389428,0.2289012,-0.95009375,-0.59252733,-0.16539043,0.3225602,-0.15062092,-0.16498543,-0.16259305,0.1549448,1.10868,1.503581,0.96390784,0.9165993,1.591561,1.2616986,1.3871267,3.5814588,4.242192,2.2296472,2.7243729,-0.7870051,-0.1657965,-0.35165063,0.26740757
1185,0.34721178,-0.16353895,-0.14981663,-0.18510616,-0.2403295,-0.54175717,-0.39378172,0.03833455,-0.16701122,-0.6334926,0.12991172,-0.054982774,1.0413113,-0.21554725,0.18417501,-0.12959272,-0.29696417,1.5918195,0.2252877,0.38006255,-0.2613016,0.51286215,0.33161572,0.20628655,-0.14694428,-0.3974666,-0.5227101,0.33552876,0.15807,-0.08351982,-0.37613195,-0.37926117,-0.065956965,-0.52093804,-0.34487015,-0.60151476,-0.49509403,-0.032032713,0.53755975,-0.023070574
1186,-0.2139529,-0.13694423,-0.8763021,0.20764431,0.26889068,0.1317718,-0.072854,0.27107966,1.8362988,0.7797025,0.4261425,0.27897125,0.026457936,-0.27783513,-0.56318855,-0.19124693,-0.0764637,-0.6211484,-0.48342925,0.34667495,0.16805568,-0.5581481,0.24715225,-0.070972264,2.2628455,2.8961115,2.9205227,2.7151747,0.34080303,-0.2604009,-0.16932255,0.06366187,1.6077825,2.000125,1.9408646,1.6202993,-0.6443888,0.049431145,-1.0434947,-0.1002357
1187,-0.047365367,0.28334725,-0.1683971,-0.09458846,-0.6147095,-0.23626375,-0.17355013,-0.081519514,-0.6334278,-0.22975963,-0.63763237,-0.028522432,0.14449555,-0.032242954,0.16452801,-0.25702557,-0.017277494,-0.8676392,0.06907523,0.0067935586,-0.7203103,-1.0148588,-0.7947701,-0.25332683,-0.06573725,-0.21111894,-0.27946433,-0.6058601,-0.8773276,-0.07242322,-0.1007458,0.11758722,-0.022821128,-0.12714745,0.27808207,-0.14318204,0.21897745,-0.19273639,-0.38990495,0.52315855
1188,0.43688238,0.41732353,-0.12805831,-0.35290134,-0.79304457,0.27133602,-0.24536017,0.037810206,-1.027127,0.07251531,-0.32893828,0.22521624,0.36141795,0.2719407,0.31803185,-0.42862007,-0.34351534,-0.10810441,-0.21503264,-0.0466125,-0.011502504,-0.62966657,-0.3999434,0.02996242,-0.17139068,-0.20664382,-0.40660205,-0.022393644,-0.087103486,0.02440545,0.041134894,0.6543333,-0.6704487,-0.42433304,0.06563383,-0.009362996,0.5559606,0.04513403,0.12486285,0.273133
1189,1.0686817,0.26207593,0.45895612,-0.2861752,0.24837965,0.3971918,-0.006608367,0.21851435,0.6285295,0.48629946,-0.0035910904,-0.18044996,-0.29845482,-0.10759918,0.3266068,0.6084245,-0.31684002,0.07190538,0.3342411,0.46831766,0.610504,0.34829998,0.32041076,-0.17723155,-0.34113824,1.5620958,0.17802092,0.058490396,-0.10864076,0.23294154,0.21493374,0.38419035,0.58249295,-0.043947212,0.12019336,0.024041355,0.1167375,0.62701285,0.13848847,-0.36656907
1190,3.3418887,2.6329393,0.9515574,0.82796526,0.033671618,-0.39272913,-0.04287994,0.037555218,0.45697662,0.4304947,0.04633844,0.08765626,3.286849,1.4509817,0.70928437,0.31048736,-0.043169837,-0.35751402,0.12531132,-0.110703886,1.3829547,0.7734131,-0.11431396,0.26860744,0.804654,-0.1437293,0.44792187,0.19775748,4.15296,1.9111118,1.1569693,0.9581548,2.7446752,2.0090618,0.9981766,0.8644811,-0.046430826,-0.13340946,-0.058269978,-0.03422731
1191,1.6978424,0.29421306,0.038618743,0.11171922,0.40655106,-0.24390593,-0.124107,-0.42959097,0.43032265,0.41968635,-0.36086407,0.1920731,0.44950855,0.27184117,0.32564855,0.0044100285,1.1549194,0.15848099,0.03240329,0.19382304,-0.5213336,0.2543026,0.6509003,-0.066957176,-0.31968704,-0.604529,0.21109241,-0.0715312,0.65737855,0.1282326,-0.04466459,0.07435483,-0.9923268,-0.021316707,-0.01606065,-0.19876254,0.42333853,0.006783128,0.20571288,0.08776653
1192,0.13461632,0.0995277,-0.37612382,0.8004476,1.0491693,0.5451186,0.51594436,0.59043705,3.7845852,2.3598664,1.4543215,0.8740937,-0.06773043,0.39682397,-0.27248433,0.15346962,-0.33994418,0.13472983,0.2068727,-0.041645408,-0.16230619,-0.42925155,-0.23512626,-0.23808894,0.015830398,-1.1727327,-0.15601397,-0.4282788,-0.11847311,0.013487384,-0.28768286,-0.06043279,-1.0940896,-0.25055856,-0.3049349,0.108116776,0.21783713,0.120094836,0.2580766,0.068290785
1193,1.3824141,1.3727463,1.5575643,0.4306414,2.1603458,1.3547736,1.3936207,1.4153893,1.0976738,0.9477234,2.287879,1.2677549,1.5178053,0.9746943,0.8083448,1.8982236,2.1033244,0.9138635,1.3713446,0.9383646,0.99055517,1.159302,0.6595098,1.1206061,3.2470784,3.0069194,2.1421375,2.21504,0.8033892,0.9463581,0.8379842,2.0890832,1.180013,0.7492929,1.2796663,1.8910258,0.7790895,1.200351,0.9198342,0.8586811
1194,-0.43277866,0.1393598,0.21367106,-0.21405727,0.6329364,1.145712,0.15000027,0.38451672,0.32884383,-0.22452675,0.053434163,0.22498792,-0.46999776,0.10257378,0.1999371,-0.040435553,-0.03146851,0.5819754,0.31596124,0.05136013,0.006767094,-0.12216273,-0.06976712,0.078727424,0.09470451,-0.067166656,0.023680568,0.10842115,0.25623226,-0.08504219,-0.23765028,-0.2071616,0.19812286,-0.1577771,-0.05601862,-0.046213746,0.25801992,-0.07692163,-0.64437413,0.03796205
1195,-0.11487821,-0.07135016,-0.14595968,0.33788553,-0.25296658,-0.6833599,0.056835175,-0.544804,-0.16230965,-0.4992705,-0.72770196,-0.36705792,-0.19331765,0.01247263,-0.365678,-0.15015125,-0.1719611,-0.43799818,-0.05363872,0.37606108,-0.5131805,-0.7122664,-0.08760762,-0.67818284,0.14767826,-0.009041607,-0.12306517,-0.009076156,0.09435417,-0.67779577,0.14253527,0.13916329,0.19182083,0.0007109642,0.23568606,0.2283802,-0.58969617,-0.34041613,-0.5305405,-0.21572204
1196,-0.092285454,0.089209944,0.4127528,-0.1541163,-0.08656967,0.3286819,0.2212567,0.24985324,0.101558626,-0.39317372,-0.38749748,-0.42715693,0.2797562,0.081457436,0.046825286,0.14342692,-0.23758847,2.5819435,1.0702747,0.24432425,0.44234973,0.99030817,1.2912363,0.2951206,-0.14535236,0.557269,0.6198514,-0.42709184,1.2970477,1.2886487,2.741494,1.0989769,1.0246062,0.09980559,0.439542,1.6797397,2.0747263,-0.9689413,0.110209405,-0.22195439
1197,0.24987811,-0.056278825,0.4398328,-0.2675823,0.13311791,0.10651776,0.8500954,-0.4332932,-0.08898783,0.1322071,-0.31689668,0.029571354,-0.32565975,0.12546957,-0.14913934,-0.06488858,-0.2003572,-0.4935201,0.06882852,-0.15819865,-0.15441346,-0.35083073,-0.1090478,-0.10737577,-0.8258468,0.18291607,-0.20262182,0.13079673,-0.24942076,0.18962716,-0.10968864,0.08173239,0.13135266,-0.01817894,-0.020932913,0.009891033,-0.061353147,-0.0748096,-0.20960575,0.119812
1198,0.5877913,0.16130584,0.5922485,-0.3731317,-0.10565758,0.05917834,-0.15729412,-0.26580268,0.042442262,0.11545271,0.06411728,-0.059611976,1.0403322,0.14857575,0.56258345,0.4889657,1.3184273,0.643918,0.9852902,0.6514957,2.7896056,2.4122074,2.9578745,1.9860737,-0.57929295,-0.37101817,-0.036465496,-0.29051214,-0.31219319,0.05066681,-0.34650367,0.019958228,0.10947138,-0.266922,-0.15516739,-0.08678338,0.3472559,0.18591946,-0.055201948,0.09926078
1199,-0.25713202,-0.4093302,0.11688638,0.1522612,0.13716042,0.58958244,0.23617809,0.18687415,0.12238896,-0.19211805,-0.035617113,-0.024008334,0.0015938282,0.23776817,-0.20286171,-0.23889136,0.04844284,0.45339012,-0.014264718,0.068027824,-0.010285497,-0.14654246,-0.32630983,-0.20736252,0.21014929,1.4066143,0.7548897,0.39707333,2.5719352,2.6936693,1.9866872,2.5679216,3.2414908,1.9689655,1.0086745,1.2965152,-0.6576495,-0.032892585,-0.360893,-0.25710797
1200,0.56401026,0.33683404,0.64609605,0.23804606,3.4299874,1.4721568,1.3571539,-0.26614782,0.98868096,0.12077649,0.5175571,-0.20235968,0.13946725,-0.54689264,-0.57953227,0.46725678,0.15898731,-0.28945762,-0.5385967,-0.20411514,-0.32997096,-0.048666924,-0.28578237,0.44148108,-0.65424013,-0.43357867,-0.045919865,0.38021266,-0.103729784,0.24595807,0.403039,-0.03101489,0.06761664,0.11574943,-0.18383545,-0.76517737,1.5418918,1.016305,0.5417141,1.171654
1201,-0.29463258,0.0898993,-0.43775687,-0.27971256,-1.2065116,-0.111209095,-0.36727592,0.41045165,-0.88913774,-0.016114563,-0.6715964,-0.2923173,-0.22374809,-0.51123077,-0.53671026,-0.4187477,-0.03813988,-0.44343016,-0.063803524,0.034435064,-0.9192453,-0.66102856,-0.90944123,-0.3119887,-0.10562205,-0.045849293,-0.08939135,-0.38732415,-0.2831598,0.050814226,0.38983142,0.44461313,-0.37703437,-0.14569265,-0.35893506,-0.0071748495,0.25625706,-0.55470324,-0.0079610795,0.31885296
1202,0.53212655,-0.665814,0.99061376,-0.08011882,0.18608272,-0.5382066,-0.18292814,-0.51563615,-0.46284062,-0.4527906,0.8680855,-0.25198025,-0.63418895,0.30797106,0.4358163,-0.47511935,-0.61445403,-0.08901477,-0.61233425,0.16007823,-0.41498476,-0.28460786,0.32190743,-0.0977622,0.1988439,0.28329447,-0.2463566,0.10405302,0.034770876,-0.65492254,0.42996204,0.46156216,-0.23491746,-0.4256546,-0.374318,-0.42159674,-0.43372098,-0.09866476,-0.019181646,-0.10424361
1203,-0.093693495,-0.20596352,-0.30356133,0.3899162,0.63683325,0.101204485,0.062649876,-0.2772058,0.34721306,0.30633244,0.04695317,-0.21260858,-0.48085427,-0.09371969,-0.05517757,-0.28423983,-0.23585932,-0.060030818,-0.55268645,0.03334254,-0.21409225,0.06468436,-0.053667426,0.17077309,2.4808166,1.5651712,1.5724382,1.9456766,0.269378,-0.106678545,0.1414442,-0.13554323,0.9350389,0.59521747,0.5898045,0.27330217,0.052018523,-0.31892782,0.05171442,0.032977223
1204,1.7620044,0.33743823,1.4141233,1.3048064,0.61033785,0.23185176,0.4106473,-0.043273106,2.3579037,2.2141814,1.9536581,2.7270472,2.3436785,1.680571,1.9328735,2.2342153,-0.51404536,-0.40309757,-0.2722448,-0.38830483,0.5293385,0.8193432,0.2274936,0.84176797,3.2773528,1.5755744,1.3429904,1.6693975,0.55667573,0.17173862,1.0152656,0.3327711,0.9009433,0.8018519,0.47406042,0.77969855,0.3229595,0.019225001,0.65870106,0.52860224
1205,-0.12073457,0.028329015,-0.08002609,-0.12126899,0.035311222,0.15529108,0.029811412,-0.13609761,-0.17844376,-0.17485783,-0.18916881,0.006387949,0.013238668,-0.28989324,-0.118949294,-0.09126645,0.33115745,-0.32897615,0.047340333,-0.07367319,-0.3094828,-0.31956542,-0.16944766,-0.2605932,-0.5413176,-0.22425589,0.024766147,-0.04350257,-0.2782325,-0.15875164,-0.14665407,-0.20055862,-0.27502406,-0.15609032,-0.15646392,-0.135299,0.086046636,0.01830019,0.078665406,0.010226905
1206,-0.4295286,-0.31272262,-0.17333835,0.5732876,0.009713769,-0.40962818,-0.2969373,-0.062695675,-0.12537599,-0.07995139,-0.4310593,-0.12892225,-0.18375832,1.1759354,0.2604919,0.5118885,0.099871695,-0.19064707,-0.18451746,-0.09238255,0.14563262,-0.00997135,-0.44233418,-0.23614532,0.51502395,1.1426125,0.3991232,0.5318489,0.008225888,0.25794563,-0.8436192,0.30318484,0.5309056,0.41200858,0.49164134,0.8480326,0.01947093,0.68833554,0.14513826,0.072298646
1207,0.572268,0.07110837,0.07882607,-0.03742665,0.2647627,-0.012748871,0.00892216,0.3262076,1.1868396,0.63539845,0.65500504,0.13743728,0.56895286,0.14426875,0.15469432,-0.14880061,0.6524713,-0.5526954,0.41182947,-0.074937105,0.59596527,-0.102056324,0.023259103,-0.31667113,-0.13723749,0.40278476,0.28351963,-0.2363761,-0.31570902,-0.11376804,0.22416186,0.21222582,0.7488438,0.97373164,0.30666894,-0.26778638,0.114728466,-0.25855005,0.0821957,-0.088463545
1208,0.6810167,1.157406,0.06479305,0.855209,-0.114369154,-0.202355,-0.1750868,-0.07338014,-0.44788033,-0.03308326,-0.38392788,0.21936482,0.12382418,-0.19030929,-0.0725708,-0.25697762,-0.25855896,-0.8017048,-0.26877683,-0.41879767,-0.52449775,0.23800635,-0.5426688,0.35278788,0.37289327,0.99341536,0.92669153,0.42687517,0.63635296,0.381616,0.7719954,0.7583814,-0.09332991,0.3510389,0.21419337,0.19559342,-0.22016823,0.024106815,0.01959014,0.4689091
1209,0.044846117,-0.1265171,-0.24877132,-0.00040653348,2.9364717,4.3729935,2.926203,2.7021945,3.2716691,3.8806129,2.5065618,2.8792331,-0.39963588,-0.16355574,-0.11182922,-0.08745073,-0.07989156,-0.3879521,-0.16639411,-0.3011468,-0.039789915,-0.17331153,-0.11208817,-0.38397652,0.061305642,-0.18836206,-0.00017356873,-0.12494646,-0.050296515,0.7879613,0.05417517,-0.22991072,-0.14403433,0.10524681,0.28007665,-0.06419887,0.26979494,0.33702308,0.68102455,0.19635499
1210,0.08028102,0.05030486,0.20075616,-0.11701584,0.5751939,0.06335719,0.08363187,0.091156244,-0.4257922,-0.09894593,0.055303752,0.063812554,-0.37962365,-0.18193634,0.16210592,-0.36000803,-0.5590714,-0.24193245,0.09193945,-0.00793463,0.03706026,0.053375214,-0.03499013,-0.0027022958,-0.40065932,-0.40252084,0.03253025,0.014713883,0.3678112,0.49455786,0.09943867,0.25473827,-0.092884004,0.039709926,-0.23993762,-0.16893142,-0.0642688,-0.034003586,-0.10644317,0.13981307
1211,-0.02710855,0.064542115,-0.16126078,0.05487615,1.3968644,0.035853527,0.17778915,-0.0381276,1.3620477,0.91196907,0.3455978,0.1529082,0.8925452,0.20567587,-0.16267332,-0.06994045,0.35469258,-0.25047395,-0.14282817,0.14831454,0.01785466,0.18922243,-0.04158193,-0.30167922,1.7514944,0.6198306,0.62587637,0.22302645,0.72291696,0.16221747,0.045800984,0.16595852,1.8086302,1.2909646,0.93048644,0.55309623,-0.14747036,0.061472535,0.09257525,0.027234793
1212,-0.6242624,-0.5080813,-0.63714993,0.055783644,1.0666814,0.8916488,0.354178,-0.2550096,0.26332626,0.41785544,0.009533495,0.9786872,-0.379284,-0.1864081,-0.682977,-0.59868145,-0.08749464,-0.37499344,0.08112627,-0.3088103,-0.03226745,-0.5348213,-0.29212585,-0.5800044,-0.45133322,-0.86927855,-0.3469907,0.2174933,-0.42764297,0.3871266,0.14305717,-0.0051112175,0.48445338,-0.2566534,0.7542519,-0.1849278,0.14195538,0.29153448,-0.063528925,-0.2213921
1213,-0.19442451,-0.07505611,0.0058429595,0.2994998,-0.75997806,-0.06962827,0.058344074,0.39581928,-0.5655594,0.3123532,-0.5840019,-0.50693685,-0.32698184,-0.34139955,-0.04544188,-0.009918392,-0.3290687,-0.36528236,-1.3016385,0.22218892,-0.2354913,-0.29640096,-0.616446,-0.7406839,-0.050539315,0.17732571,-0.51750875,0.22223562,-0.56784487,-0.08543714,-0.28503042,-0.05836237,-0.018280387,0.37249732,0.5137108,-0.4924265,0.24159324,0.06723346,0.10783279,-0.024802133
1214,0.63856554,0.63164246,0.24470884,0.22304541,0.95628613,0.17481944,-0.012463808,0.027896464,1.2295743,0.27092797,0.18089122,0.5800573,2.27539,1.7289817,1.0503317,0.8786904,1.4465144,1.4745404,1.1693084,0.28873402,0.7838852,1.3047957,0.9104192,0.40633264,3.9600713,4.0698056,2.6459422,2.0783138,0.21557897,-0.13388425,-0.12718032,0.21239728,2.1708145,1.1948705,1.5055983,1.2686607,-0.4309439,-0.49567896,0.059212327,0.17538041
1215,0.12727827,-0.45724812,-0.5126439,0.243957,0.02235251,-0.07769838,-0.34823823,0.10213602,0.061552763,0.27564892,0.6325367,0.42660117,-0.30427113,0.12778196,-0.20180203,-0.3874743,-0.17397988,-0.2747091,-0.16019312,-0.14862773,-0.08794129,-0.41502258,-0.23148209,0.258044,-0.066268206,0.3457316,-0.021440148,0.12568101,-0.053179353,1.0202751,-2.3009129,-0.081032306,-0.6321408,-0.27648684,0.21262902,0.1975285,0.16975099,0.13259259,-0.059003413,0.15960014
1216,0.099903256,0.5074003,0.09081167,0.27073312,0.31167114,0.587954,-0.16754034,-0.12912577,-0.78309846,-0.0061117113,-0.1754762,0.19543165,0.12930954,0.11741245,0.02771455,0.32736477,0.48426777,0.028895676,-0.17078535,-0.008250833,-0.19103181,0.18434304,0.26503927,0.29429102,0.13991046,0.017608002,0.010448426,-0.25337347,-0.07290703,-0.3181717,0.23183146,-0.21197045,-1.0938854,-0.020768166,0.055455625,-0.20933056,0.023439169,-0.2643417,-0.09634712,-0.32720244
1217,0.5034648,0.1518538,0.07861875,-0.06604901,1.5426009,0.093464315,0.02955079,0.34712404,0.28350267,0.3681927,0.627297,0.6220359,0.62425613,0.2913651,0.46468908,0.4400571,-0.48669797,0.30785722,-0.48091877,-0.62233037,-0.06289013,1.0440305,-0.5067612,-0.6921805,0.302038,0.065838285,-0.33317044,0.10822272,-0.16154075,0.09807359,-0.33391422,0.79722834,-0.09135556,0.28374162,-0.17827243,-0.46943337,0.0031661391,-0.41312423,0.22556031,0.17975986
1218,-0.8262822,-0.11149967,-0.23877731,0.23829928,0.7365695,0.22994629,0.09970024,0.31592497,0.12884302,0.31861788,0.1760599,-0.02339995,-0.13294393,0.21322003,-0.0024815798,-0.5261298,0.017918587,0.27191272,-0.27088588,-0.6760761,0.005976796,-0.54631937,0.10648662,0.619285,0.31802744,0.21705116,-0.26866677,-0.6390456,-0.07474905,0.6855665,-0.052652,0.23615956,0.1922131,0.43998435,0.4072424,-0.33677363,0.079209626,0.81346774,-0.27745312,0.9605932
1219,-0.13350822,-0.08750525,0.0155828,-0.026776794,3.185804,2.580668,1.3895402,0.6122461,5.218868,2.3548176,1.3797926,1.1716374,-0.18932867,-0.18293676,0.15581614,0.16029298,0.11779727,-0.24432483,0.09995437,-0.16504392,-0.075799674,-0.14820027,-0.27454585,-0.34015545,2.2773185,0.7906389,0.6115254,0.49577802,0.06686959,0.0135062635,-0.089413255,-0.041538984,1.7258422,0.8386953,0.5333168,1.5856287,-0.41961038,-0.033040524,-0.13982627,-0.28904358
1220,-0.4754153,0.46917439,-0.54215354,0.08695647,-0.028078794,-0.35883486,0.17169821,-0.13251764,-0.11468291,-0.086580455,0.9100559,-0.38237965,-0.103785396,-0.2552796,-0.59479237,-0.5662905,-0.10529244,2.1206155,0.278212,0.71443063,0.10166347,1.1567578,-0.2662121,-0.21250367,-0.06616211,0.027316034,-0.085649446,-0.42083162,0.073723316,-0.1368455,-0.34865385,0.74272114,0.03705871,-0.17980781,0.16182637,-0.63889855,-0.1074515,0.41938603,-0.24169233,-0.17793453
1221,-0.23734131,-0.08270362,0.0035226382,0.10478473,-0.09233177,-0.32506725,0.014349431,0.22804229,-0.18280184,0.12608999,-0.08096939,0.26098347,-0.32878506,0.14080948,-0.12460008,-0.048649073,-0.20699447,-0.3939786,-1.1093893,0.07829642,-0.039034605,-0.048247814,-0.04581952,-0.15036607,-0.15324616,-0.10147363,-0.104031384,0.019947112,0.39510602,0.13450827,-0.3033526,0.065953314,-0.3849565,-0.22364622,0.46299797,-0.34129244,0.017948091,-0.070871234,-0.16819246,0.23019284
1222,1.1193762,0.9220742,1.0278336,0.4905932,0.66734344,0.13617621,0.44564486,-0.061290383,1.6330341,0.9644934,1.0367377,-0.3498063,-0.63367736,-0.7068338,-0.42174459,0.41575122,0.33026123,0.34545597,-0.14960527,0.5272281,-0.5686721,-1.136817,-0.03436312,-0.09561406,2.0424254,1.4339706,0.89312094,0.15664425,-0.22810023,-0.15838176,-0.20970778,-0.27467483,-0.32479605,-0.29333878,0.6600094,-0.48536527,0.16843763,0.4067918,0.20384683,-0.32870114
1223,0.03394404,0.004491806,-0.029575288,0.028443366,-0.0017037988,-0.061640024,-0.03306672,-0.69830275,-0.05157712,-0.07294765,-0.043298125,-0.268427,-0.08087161,0.03411132,-0.0652034,-0.020185769,-0.12612072,-0.0040597916,0.05212778,0.00094121695,-0.032270193,0.014336407,-0.031058699,0.08277142,0.12630454,0.06642437,-0.0037764907,0.7172942,-0.04562831,-0.08562681,-0.071054205,-0.08255105,0.0044947267,-0.033869326,0.03237,-0.006934583,1.8856299,0.08414823,-0.011102498,0.024479652
1224,-0.5130334,-0.39082444,-0.5764964,0.40776545,-0.5552107,-0.26173794,-1.1306992,0.51251656,-0.24467105,0.13009462,0.081799105,-0.6034262,-1.4976885,-0.5993202,-0.56810164,-0.23795033,-0.5540863,0.16406934,-0.7732422,-0.41463915,-0.35697505,-0.88389397,0.20645094,-0.32314456,1.6033193,1.9186856,1.7593716,0.9075441,-0.45378816,-0.14076927,0.62681353,0.56580585,1.818295,0.9960907,0.6163889,0.24747564,0.19590089,0.19823754,1.5219429,-0.021540098
1225,0.50116175,0.034279108,-0.3203714,0.12275772,-0.038282156,0.028618066,0.39269227,0.08188856,0.09684515,-0.55667835,-0.36294177,-0.9466983,-0.074383974,-0.47472253,0.044117242,-0.0886098,0.037513256,-0.7338066,0.29867426,-0.6669683,-0.23510122,-0.12039236,-0.58582765,-0.5624001,-0.008805394,0.119766474,0.038666546,-0.29630148,0.39190024,0.27068043,1.1643348,-0.03986398,0.344132,0.7277995,0.5082067,0.43146318,0.4331816,0.1048035,0.13773844,0.72199494
1226,0.25303268,0.34087062,-0.35194835,-0.19004938,-0.174276,0.13383025,-0.18714371,0.27574712,-0.068075776,-0.16674086,-0.09847737,0.05153346,0.17357552,-0.16462117,0.05808699,0.19525295,0.14280295,0.040594377,-0.63311136,-0.32849503,0.47458217,-1.1289798,0.33338666,0.0024089813,0.20310849,-0.3257966,-0.0022842884,0.16979632,-0.71240866,0.061861634,-0.20736822,-0.19465813,-0.14385411,0.09156352,0.37342745,0.023171306,0.18773156,-0.18173859,0.4783479,0.23077591
1227,-0.033438206,0.41264483,0.052133977,0.28249258,0.54958993,-0.23709416,0.07694739,0.35120893,0.13364041,0.3936559,-0.1517632,0.009670913,0.40577298,0.05180554,-0.00038665533,-0.026583314,1.244777,-0.12522179,-0.17960641,-0.25256318,-0.49901682,0.39980385,-0.0057075024,-0.3665411,0.07863362,-0.09863365,0.25110725,-0.16203523,-0.034035012,0.21536513,-0.06859499,0.084952354,0.40797192,-0.39523548,-0.024056971,-0.04118049,-0.19401163,-0.38215894,-0.050936684,-0.015770555
1228,-0.38956702,-0.58130246,-0.37708986,-0.3659913,-0.259973,-0.38029718,0.30419898,0.1567176,-0.74420244,-0.714571,-0.8710556,-0.65743333,-0.34392095,0.1888206,-0.15730417,-0.54958284,0.026584625,-0.24740565,-0.29204938,-0.069954365,0.013875306,-0.8991097,-0.18273157,-0.40339243,0.048954606,0.7369326,-0.20174766,-0.14586806,-0.37096334,-0.6670854,0.026527375,-0.6446075,0.21277165,-0.2660784,0.36800843,-0.16260809,-0.56807065,-0.0039627254,0.2408581,0.05233574
1229,0.13955098,-0.06680766,0.16376284,-0.2738924,-0.07804978,-0.02847445,-0.46824303,-0.102724776,-0.18505889,0.033838004,-0.095380366,-0.30383828,-0.14984709,0.008107275,-0.13216695,-0.4855654,0.78368014,1.5734954,1.7920783,1.3051698,1.6256347,2.2744985,1.6797833,1.4006239,0.1263575,0.24725908,0.14305496,-0.059381425,0.015250146,-0.1628424,0.32196158,0.30643862,-0.14992613,-0.17278907,0.010195851,-0.26976377,0.063319266,0.072805084,-0.4331165,-0.12138253
1230,0.27917272,0.33207116,0.5494819,0.34584236,-0.16308767,-0.46323174,-0.0785802,-0.09478587,1.0773556,0.06594744,0.9339626,0.39843637,1.3893514,2.0810409,2.8289652,2.6033769,0.42773402,0.48111928,0.27916992,0.27066314,3.40559,3.4311063,3.6907248,3.1927958,-0.2660998,0.18350887,-0.29179943,-0.11051941,0.16050911,-0.10730386,-0.08498886,-0.00058847666,-0.12516224,-0.059249878,0.11049381,-0.36991894,-0.05627626,-0.033999205,-0.13203277,-0.12913036
1231,-0.11025667,-0.04263737,0.021425813,-0.20907533,-0.11720511,0.06756523,0.017929174,0.13046163,-0.10780829,-0.37221357,-0.48855662,0.31506845,-0.08467713,-0.07324982,-0.22974795,-0.23394775,1.862045,1.4778708,2.866029,0.93623865,1.7005268,1.4548421,2.3085454,2.1750617,0.64560974,0.5410479,-0.04314056,-0.019085549,-0.01872532,0.08355951,0.054995567,0.43941283,0.32435232,0.030641556,0.18621728,-0.11692551,-0.09889251,-0.32827422,-0.13211852,-0.0070133805
1232,-0.57627285,0.33364424,0.15566856,0.094759524,-0.35902905,0.20816538,0.15202938,-0.0015687346,0.26107693,0.014964819,-0.27244353,0.20775127,0.61035824,0.3769467,0.22323163,-0.076803446,0.8096442,0.61233926,-0.025189638,0.15996253,-0.4029516,-0.025180995,0.14984816,-0.092549086,-0.36159837,0.6506177,0.3552534,0.02296406,1.460099,0.020471632,-0.11651873,0.06544745,-1.9032246,0.26946196,0.1379607,-0.23368637,0.07793921,-0.21574393,0.15552625,0.103672266
1233,-0.17207474,-0.0374375,-0.39922905,0.4205543,0.16398573,-0.8338214,-0.21396935,-0.040023685,-0.0076338053,-0.09540343,-0.08587034,-0.08131689,-0.6963742,0.0736126,0.013468444,-0.21517467,0.32776755,0.21666524,-0.050600246,-0.64299834,-0.10543144,-0.13803792,-0.09077537,-0.5020304,-0.3175968,0.079980075,-0.28725398,1.170871,-0.093962595,0.048455954,-0.10958877,-0.17054155,0.28035766,-0.31738827,-0.078044705,-0.030578256,0.023459971,0.19483237,0.026524484,0.35987318
1234,0.12353915,0.0061245263,0.04476054,-0.9311169,-0.2954853,0.4790683,0.38357836,-0.7107266,-0.37730607,-0.48844126,-0.12589727,-0.070428684,-0.38073838,-0.017745584,-0.108488016,-0.29974487,-0.5776108,0.151549,-0.10332009,0.6875219,-0.20784256,-0.36467054,-0.60115874,0.06838687,0.37105206,0.03454557,0.08361386,0.836561,-0.052569687,-0.2804141,0.3366473,-0.35049865,0.13748077,-0.22699037,0.44646728,-0.07027114,1.0852847,0.0026354194,-0.16764072,0.7898767
1235,-0.008881569,0.33797705,-0.19775447,1.2911022,-0.3997435,0.17422944,0.23840111,-0.23555273,0.043773115,-0.027696759,-0.06846923,-0.19344264,-0.30737987,0.113280356,0.38360062,0.035917457,0.2687745,1.8199496,1.2288263,0.6311387,-0.15764982,0.21252203,0.07128599,0.14179811,-0.7748114,-0.29089934,-0.6819509,-0.6179762,0.09829199,-0.04254082,-0.23808631,0.0012117326,-0.017282307,-0.113452986,-0.19556147,-0.5020853,0.12953581,-0.36915547,-1.8865616,0.30747557
1236,0.43201116,-0.05523537,-0.0049678087,0.0078067183,1.0401939,1.5353285,0.49633038,0.4924707,2.9178689,1.1004698,2.0803022,1.2860208,0.60256946,0.9461459,1.256777,0.7825612,-0.5117012,-0.47213578,-0.28347462,0.26634938,-0.45113903,0.32691196,0.769683,0.2612565,0.85469586,1.4995793,0.35369927,0.7774868,-0.10273665,-0.26071844,-0.34406608,-0.43393898,0.54110277,0.73846483,0.9374331,0.829707,-0.20506752,-0.09182125,0.5320693,0.19201553
1237,-0.18906337,0.29421276,0.24992287,0.025055245,0.14413142,-0.12565523,-0.031178474,-0.1324985,0.21643674,-0.39659965,0.071927056,0.09684235,0.7130257,0.052759826,-0.25807703,1.1157268,-0.25911292,-0.7782918,-0.003461659,-0.23719154,-0.22264612,-0.5520061,0.99375665,-0.020474136,-0.058532834,0.110489845,-0.45634255,0.061519295,0.15318078,0.14210236,0.07393102,-0.021015853,0.12129167,0.32975453,-0.08022314,-0.70418763,-0.19932073,0.5437392,-0.2653687,0.013087392
1238,-0.09415877,-0.105463445,-0.18459576,-0.21276927,0.15427637,-0.07200289,-0.6591524,-0.19280607,-0.0718472,0.17453358,-0.10198385,-0.7320523,0.108621836,-0.057189167,-0.04405248,-0.1261664,0.3998565,1.4585485,1.2133121,2.4375815,0.02224499,0.06329924,1.0308406,0.44377208,0.0012317896,-0.24461079,-0.18188009,-0.100483835,-0.17912865,0.12336135,0.16726181,0.31376988,0.33616924,0.0067223907,-0.38152292,-0.32186097,-0.00018495321,0.07597637,-0.77578366,0.6345917
1239,0.5493957,0.31097004,0.78634715,1.1253138,-0.50804865,-0.2700104,0.08110586,-0.25154346,1.0902905,0.22304422,0.40583342,-0.028162897,-0.14213997,0.38952285,-0.3714161,0.8995358,0.5407684,0.681732,0.17520192,0.7248796,-0.48103034,-2.0992575,-0.15761885,0.06649321,-0.49723184,-0.6844904,-0.2304169,-0.6431297,0.14653164,-0.21977982,0.42881346,-0.065320715,-0.22116435,-0.3707143,-0.14966497,-0.23506743,0.34070235,0.34469703,1.19181,0.22671935
1240,-0.0990504,-0.36201364,-0.63609266,-0.047416687,-0.5358254,-0.25781083,-0.039895795,-0.14756697,-0.03219855,-0.54915744,-0.6260866,-0.18307418,-0.4483007,-0.2797952,0.26951274,0.43983555,-0.031892896,0.10487476,-0.14411658,-0.3040173,-0.013451397,-0.7458137,-0.27752513,-0.116678074,-0.41345507,-0.2343725,-0.27125114,-0.3493256,-0.5760045,-0.23981002,-0.5026187,-0.32052726,-0.35602838,0.200951,-0.2754063,0.010482401,-0.5836439,0.24559289,-0.036830783,-0.3380882
1241,0.16288292,-0.115486085,-0.06378062,-0.001969885,-0.81215954,0.50542575,0.20627685,-0.011637125,-0.112476945,-0.014058441,0.052516878,-0.20314327,-0.9176595,-0.13329154,-0.34459305,-0.068103105,-0.6572145,-0.27455992,0.33804685,-0.13043827,0.05598992,0.11459911,-0.15887916,-0.7801615,0.41952968,0.11399475,0.036492944,0.10665792,-0.24721804,-0.15750644,-0.2896671,-0.40347332,0.06206417,0.15800588,-0.5198264,-0.23778416,-0.18084854,-0.056673646,-0.7860931,-0.062802285
1242,-0.14038858,0.5925003,0.24125665,-0.08889884,0.5591439,0.6858379,0.27472836,0.06412375,0.5846262,-0.035744727,0.65685064,0.57457376,0.38953155,0.570402,-0.25324684,-0.1446141,-0.28470826,0.8571451,0.44708198,0.089241624,-0.6091508,0.07746875,-0.6068167,-0.33490002,1.153308,0.27065828,1.0335373,0.07481134,-0.3732738,-0.12432534,-0.01507026,0.14991033,0.52054095,0.44675726,0.041110024,-0.1992059,-0.26062164,0.54150856,0.04984957,-0.0265975
1243,0.018500254,0.17837748,0.19755465,0.5122174,1.0330746,0.20284905,0.9486208,0.21365952,0.35815006,0.41767985,0.40245032,0.2050064,0.12982942,-0.44985503,0.70817137,0.6698935,0.5568528,0.0077325106,0.12422426,0.04006648,0.13571534,0.63269114,0.8179412,2.096764,0.36083287,0.2360223,0.60353553,0.5485584,0.34341297,0.22090897,0.068739295,-0.11478634,-0.046305686,0.375312,0.29057544,1.3565228,0.11384046,-0.2568463,0.23462361,0.2958185
1244,-0.40704808,-0.08810632,-0.14110619,0.0800848,-0.3564191,0.0014141202,0.5429449,0.07072425,0.16201603,-0.064380825,-0.3365337,0.021988034,-0.03676212,-0.73646426,-0.47989643,-0.3426227,-0.07313287,-0.48241395,-0.5102018,-0.17096126,0.1048488,-0.43290263,0.19322103,-0.24629447,0.020695776,-0.2268062,0.039456725,-0.1476425,-0.1702354,-0.580367,-0.4280854,-0.6507755,-0.43639177,-0.09303826,-0.46381336,-0.0538632,-0.10823357,0.10654488,-0.23837037,-0.6183984
1245,-0.11767733,-0.47519177,0.24837625,-0.09363704,-0.17715299,-0.47060525,-0.52378917,-0.03867602,1.8666644,-0.012870505,-0.27580503,-0.31932354,-0.31557077,-0.6078373,-0.024209678,0.014074095,-0.18031809,0.56751215,-0.057163417,0.11880082,0.41005498,0.0019773766,0.44646195,-0.10901028,0.4192196,-0.56800115,0.116804734,0.3960008,0.61829364,0.4741051,0.014729679,0.3625856,-0.37989736,-0.27624357,-0.7754159,0.036460757,0.07564807,-0.08736855,-0.117476225,-0.22922778
1246,0.0769974,-0.06558728,-0.13978684,-0.42056042,0.031298637,-0.022239923,0.1067161,0.08411807,-0.2492305,-0.2097441,-0.013104439,-0.31314504,-0.1594733,-0.5894332,-0.32013547,-0.18395674,-0.20329332,-0.65819556,-0.18290979,0.1351158,-0.4171191,0.51766646,-0.20465595,-0.15124488,-0.24846429,0.16594136,-0.031974316,-0.36487877,-0.084269345,-0.424641,-0.096853375,0.20948757,-0.2994964,-0.06873173,-0.05232656,-0.2542614,-0.52750087,-0.2882638,-0.42890564,-0.3366024
1247,-0.22081715,-0.0059374273,0.29736802,0.5303475,-0.15875027,0.17082274,0.22145513,0.37039113,0.67607415,0.4596036,0.6021177,1.2135155,-0.37147364,-0.10623154,0.49826747,-0.2641062,-0.4175235,-0.49247494,0.8077373,0.15116644,-0.03146735,-0.16951257,-0.5971484,0.2532618,0.32974118,-0.23027444,-0.24088392,0.21226808,-0.82647896,0.074058115,-0.4019982,-0.4898936,-0.1493204,0.05375296,-0.47838897,0.12732227,0.00544101,0.25417396,0.80549747,0.78704846
1248,-0.4365575,-0.64787805,-0.19116798,0.14850372,0.0841282,0.15357381,-0.11503251,0.17190331,-0.09720964,-0.36018956,-0.44893062,0.08293426,-0.070533276,0.48026514,0.10621065,0.16275853,0.03946784,0.21582729,-0.092792094,-0.12856305,-0.035470247,-0.07980342,1.0076578,-1.653946,0.12705934,-0.46209836,-0.19774592,-0.0582304,0.43911046,0.34703308,-0.035203993,-0.2085129,0.056799263,-0.16332221,-0.04683827,0.2239308,0.042153984,0.3628919,0.28767997,-0.34512675
1249,0.19518727,-0.059439838,0.36510736,0.42477018,0.59169555,0.14334613,0.07525875,-0.75571114,0.050694406,-0.14476717,-0.113418564,0.17926055,-0.5782318,-0.20984378,0.15242927,-0.23018092,-0.08123803,-0.42088878,0.022359788,0.07949905,0.11992866,-0.39442027,0.19776708,-0.5413141,0.57066196,0.016422331,-0.17318916,-1.0998545,0.27469158,0.21779329,0.4357635,0.43996722,0.74925447,-0.18210685,0.5803789,1.2551608,-0.0797497,0.30164012,-0.12611565,-0.036760867
1250,0.06323075,-0.823432,-0.0026383698,-0.31211168,-0.45370418,0.5880168,0.38503247,-0.17319041,-0.30354792,0.04265359,0.20343184,-0.22898147,-0.3635674,-0.14906795,-0.47093204,-0.3415814,-0.05532384,-0.17527488,-0.36142382,-0.34651288,-0.06192577,-0.3251535,0.15526652,-0.5095115,-0.18384886,0.3186063,-0.4712069,-0.34409088,-0.120470166,0.4587357,-0.5315721,0.09823105,0.055274606,-0.318658,-0.487548,-0.7177644,-0.26781815,-0.29795405,-0.5705321,0.19958827
1251,-0.19905925,0.2310348,-0.32832313,0.3457462,0.55214655,0.3268085,0.06607407,0.5705764,0.7449703,0.031938046,0.54798394,0.2345959,-0.075908,0.32259452,0.048287794,-0.38543862,-0.18054837,0.47139525,0.3908696,0.4748238,-0.14730489,0.45673412,0.81502485,0.2803855,0.19932643,-0.22789535,-0.14329356,0.11081945,-0.03393495,-0.12216127,-0.56847537,0.2776202,-0.15508908,0.01706767,-0.38552627,-0.32322273,0.13548923,0.2543256,0.29555765,0.35170272
1252,0.19015747,0.046421602,-0.3525066,0.25137854,-0.08436382,-0.106987596,-0.11852312,-0.16893399,-0.20706987,-0.15008557,-0.060816824,-0.1795674,-0.016657293,0.022020757,-0.11613357,0.18941808,0.12264812,0.10022205,-0.08228594,0.19322951,0.48626748,-0.056744546,-0.008707151,0.4374304,-0.19992608,0.017452836,0.03843817,0.20144033,-0.22621453,-0.18774098,0.057221025,-0.0765357,-0.38854042,-0.21009684,-0.36623144,-0.24008703,-0.17541516,0.30883175,-0.06457153,-0.35258967
1253,-0.4276374,0.11363202,-0.1942169,-0.02993077,0.050910354,-0.5603024,-0.12002066,-0.4856758,0.13947716,-0.048453033,-0.15021095,-0.38009715,-0.09447837,0.40245155,0.08535898,-0.1598616,-0.44394404,-0.3952257,-0.44190305,-0.09044248,-0.09620984,-0.11997366,-0.20639545,0.032794766,1.1479121,0.3518871,-0.19381961,0.56116873,0.36723104,0.4901646,0.23025757,0.378342,1.0195116,0.8326043,0.626611,0.29354066,-0.24877787,-0.51670396,-0.16657239,-0.057857633
1254,-0.11315602,0.5612741,-0.20065188,-0.19920412,0.4910391,0.29030004,0.64681625,-0.23533559,0.3212883,0.30049112,0.3094894,0.2718955,-0.098427355,-0.20583951,-0.25520584,0.3356487,-0.45207834,-0.40470165,-0.7916744,0.1492349,-0.0690065,-0.12900099,0.024656534,-0.62937623,4.562019,3.2497547,4.186751,2.88212,-0.6420449,0.3847062,-0.30938178,0.4564837,1.925089,2.2767737,1.7127264,1.9400047,0.5111437,0.13293844,0.20307201,-0.08153474
1255,-0.06897092,0.26182866,0.32200828,0.13848895,-0.22777921,0.019423306,-0.01081039,-1.4010555,0.03604448,0.071982235,0.020676285,0.12752308,-0.019276738,0.06238568,-0.18147957,0.014482886,0.02412808,-0.0016255379,0.066480964,0.066558674,-0.08281094,-0.23317361,-0.3088941,0.26374346,0.2581613,1.2859529,1.6888171,2.218258,-0.050094545,-0.056791008,0.7104796,-0.14237821,-0.16670644,0.6051444,0.72200054,0.33504537,-0.04396367,0.65203947,0.09475739,0.29754484
1256,-0.00024235249,-0.4535133,0.1808146,-0.121619865,2.969178,1.9463699,1.3899573,1.3045034,1.4728545,0.068995655,0.30708614,0.22053231,-0.2805105,-0.027973771,-0.0054482818,0.20029673,-0.094473064,0.59551805,0.8621983,0.655202,0.22316164,0.32345176,0.19816858,0.49574015,0.0060943365,0.113538384,0.22349001,-0.48341337,0.17759836,1.6577909,0.765648,0.48010063,1.3351963,0.6874265,0.9420961,0.6978811,0.33119845,0.20559883,-0.5120205,0.72035444
1257,-0.20043266,0.09004732,-0.039942116,0.06867379,0.2164864,-0.22136417,0.029513821,0.070577264,-0.11603339,-0.2505495,0.39180225,-0.044827342,0.37430814,0.08891177,-0.03512615,-0.01155144,1.3905478,0.3206159,-0.3873753,0.9127479,0.5044761,0.6371717,0.31313425,0.25464863,-0.64007354,-0.75517917,-0.27158415,-0.04778242,-0.15909135,-0.7170493,0.83445543,-0.28815073,-0.2922242,-0.1486765,-0.1045388,-0.30018485,0.5401165,-0.18047506,-0.4332071,-0.25581026
1258,0.5719805,0.45236945,-0.14341915,0.080212444,0.34504694,0.15595017,0.2378289,0.14829676,-0.16323233,0.144311,-0.3283294,-0.021292895,0.009192526,-0.12806885,-0.014670759,-0.61896014,-0.08392125,0.2645228,-0.6744932,-0.3427911,-0.66158175,-0.040863156,-0.3320173,0.5949985,-0.5008048,0.058063,-0.19766176,-0.64331114,-0.3099716,0.4442091,-0.025138013,-0.07520151,0.26850677,-0.061955363,0.77387536,0.017266393,-0.06719458,0.15859078,-0.2635368,-0.10677636
1259,1.6885004,1.6020529,0.8010365,0.82752776,-0.42478907,-0.37399846,-0.03531736,-0.5096372,-0.9006962,-0.054384112,0.93502575,0.10740179,0.9613381,1.4192247,1.1752117,1.7819622,0.3196581,-0.46239057,-0.45632702,-0.3518759,0.22250873,0.7632513,0.04989292,0.9955588,0.39036226,0.9608107,0.4309175,-0.059937865,1.1669853,-0.41288605,-0.18594396,0.53125054,0.677716,0.23115215,0.24456173,-0.022203594,-0.64634097,0.3405615,0.26646477,-0.27339208
1260,0.13112806,-0.23498338,-0.0018827617,-0.10261304,-0.3110391,0.47158393,-0.19456625,0.43583933,-0.3573224,-0.40778178,0.36419415,-0.11639468,-0.1584444,0.111924395,-0.45526028,-0.25951228,-0.29519337,-0.012307376,0.29157197,-0.41184863,0.050620496,-0.15686826,0.03300479,-0.44772118,-0.15407842,0.015382677,1.2232422,-0.18497293,0.09882593,0.13225406,-0.5907403,-0.24912393,0.4850061,-0.032296836,-0.13607898,0.4318409,0.42006892,0.3901875,0.7248875,-0.25417164
1261,-0.18203151,0.45922488,-0.14560324,-0.20089918,0.8149271,0.36358124,0.47998226,-0.36947453,-0.17361052,0.14006972,0.051919296,-0.5216262,0.124714434,-0.081706405,-0.13230056,-0.1996175,0.09590107,0.49676543,-0.45709345,-0.20549446,0.1826821,-0.4705823,0.27380162,-0.22914016,-0.009388089,2.7921004,1.9318045,2.668015,-0.26057535,-0.13369672,-0.29880464,0.5234181,-0.26080918,-0.20512411,0.15780497,0.37327576,0.2122545,-0.21054828,0.21039852,-0.06684536
1262,-0.13001722,0.24914758,0.1403349,-0.04553467,-0.9917032,-0.6948964,0.67772585,0.2767505,-0.16932409,-0.1567086,-0.2943817,0.30599105,-0.6567633,-0.09331637,0.2764013,0.15146416,-0.21801484,-0.20947719,-0.3291071,-0.21700728,-0.0020191222,-0.34123978,-0.033240795,-0.119516134,-0.051191717,-0.13968688,-0.4841781,-0.46009523,-0.06763446,-0.1408193,-0.62595415,0.01771444,-0.24809411,-0.25800353,0.23415497,-0.28513038,-0.02834092,-0.20767714,-0.7020606,0.11175504
1263,0.0018370152,0.06084901,-0.068561256,0.136312,0.93420225,0.5673299,0.36812842,0.9583028,0.29070926,0.37037876,0.5913557,0.22058219,0.2942469,0.26352665,0.15409118,0.09169333,-0.15172806,-0.09165871,0.16754973,-0.47223723,-0.3836295,-0.5918746,-0.5691926,0.49399906,1.3366467,-0.07957378,0.08422023,-0.2575215,0.31035605,0.0060613155,-0.6368702,0.3415658,0.5598385,0.3218014,0.22473495,-0.09037745,0.6782713,-0.24002576,0.026357591,-0.17465508
1264,-1.28877,-0.19550666,-0.15109038,-0.5267183,-0.36260474,0.23119313,-0.027359098,-0.51051515,-0.8641176,-0.053937852,-0.033781588,-0.22887045,-0.0511595,-0.16044298,-0.21883053,-0.20786035,0.22962332,0.8293249,0.2089033,0.6683594,0.6144764,0.2593722,-0.11327484,0.69783515,-0.57224333,-0.2232388,0.3391238,-0.4215207,2.2717876,1.0286462,0.44637963,1.2127603,0.038846135,0.8580885,-0.15986395,0.20186484,-0.053831816,0.06527737,-0.6018762,0.4310298
1265,0.18512198,-0.26940513,-0.20323545,-0.2947265,3.8264482,3.0167043,-0.04524772,0.65200937,0.5930849,-0.49364543,0.20619228,0.33981624,-0.15006697,-0.20089778,-0.2847852,-0.42311245,-0.3074231,-0.3538568,0.1332957,-0.013573207,0.06471428,-0.30459774,0.1259355,-0.061013967,-0.15908034,-0.16920261,-0.4396179,0.100605324,-0.5849587,-0.5624813,0.073602594,-0.57137215,-0.1066308,0.68451005,-0.04315877,0.13185842,0.7379429,-0.08793044,0.00426808,-0.17809595
1266,-0.19806018,-0.075693816,0.6305891,-0.1895169,0.12042293,-0.014855832,0.007335216,0.31590313,-0.24723524,-0.17527239,0.035713315,-0.04058194,0.042963147,0.0959883,-0.10422139,-0.16128196,4.8981457,3.47253,3.610933,2.0078974,0.23019356,0.3912255,2.0413294,1.058047,-0.5954246,-0.21734655,-0.3863896,-0.38855696,0.007893264,-0.035502493,-0.18050656,-0.45051268,-0.25739032,0.013313711,-0.33247703,-0.44965762,-0.04599452,-0.121322334,-0.7026014,-0.13688019
1267,0.42340598,-0.52817535,-0.05007595,0.4311959,-0.6976351,-0.28167838,-0.014280528,-0.07798678,-0.26214036,0.15025742,0.20039843,0.31340137,0.05846569,0.23562291,0.5413145,0.04185915,0.18024158,0.41211966,-0.34276175,0.33456334,-0.132572,-0.64307475,-0.0973476,0.2929765,-0.041081518,0.3747895,-0.41675147,0.8480086,0.04115179,0.078709245,0.15686522,0.54075074,-0.058916956,-0.2082538,0.4445001,0.23714978,0.5268326,0.42973197,0.1670433,-0.7850263
1268,0.24863857,-0.48609602,0.015699519,0.01884687,-0.2415638,0.0278202,-0.42905182,-0.17249465,0.50239635,-0.057752155,-0.07522422,0.23884505,0.55099297,-0.06556094,0.036999226,0.11555377,-0.611278,-0.3611472,-0.040028453,-0.2462964,-0.02152878,-0.30864626,-0.14930633,-0.089841545,0.2618158,0.9328401,0.4131558,0.69819784,0.2873317,0.5369192,0.72541356,0.5849999,1.2433834,0.9606504,0.32104483,0.9390027,-0.0006740093,0.067784905,0.07530737,0.1517734
1269,0.25500238,0.005281836,0.043563247,-0.06809473,0.36888525,-0.5433408,0.13273853,0.044690847,-0.29708374,0.09953222,-0.20675552,-0.14492762,0.5151684,0.018399715,0.150523,0.03491801,-0.08845866,0.12814161,0.24377637,-0.038284004,0.17734873,0.07553755,-0.13294607,-0.0963974,-0.03398156,-0.33162332,-0.12772065,-0.24719739,0.08627927,-0.13228658,-0.0035224557,-0.02216065,-0.43235183,-0.17071737,-0.16088098,-0.08788568,0.2398349,-0.2655195,0.08744168,-0.18257028
1270,0.09370935,-0.004602596,-0.053604603,0.32806468,0.34446585,0.27081084,0.36032635,0.023363948,-0.34545892,0.37918043,-0.08239964,0.28034014,-0.15643239,0.53943205,0.28938282,-0.120440185,0.30793768,1.2110031,0.96082807,-0.1009745,0.44205987,0.0768899,0.7269797,0.085722744,-0.22195476,-0.5362816,-0.3394231,0.22465406,0.8034742,0.4175346,0.040473145,-0.07834983,0.089173734,-0.06088853,0.17087579,-0.38015836,-0.14450704,0.39156333,-0.037244093,0.028174937
1271,-0.11953229,-0.35412532,0.19062221,0.15948632,-0.3969878,-0.33891875,-0.5447509,-0.07405241,0.06106332,-0.019153774,-0.46293148,-0.19951999,0.06937447,-0.06024626,0.0816412,0.10646144,-0.39252385,-0.8153177,-0.1176343,-0.8029943,-0.11288431,0.26468495,-0.37437934,-0.10081506,-0.24694437,-0.15575165,-0.1108928,0.15672284,1.5312855,1.5161387,2.2468228,1.0152503,0.80758864,1.3540328,0.43211782,0.9067423,-0.0987156,0.28784448,0.112607315,0.20849797
1272,0.23603326,-0.16209023,-0.07168257,-0.09408313,0.097932935,-0.30038714,0.0012231767,-0.03407091,0.13672182,-0.4061808,-0.03859681,-0.007960677,0.021501333,0.4866438,0.084958285,-0.038982153,0.1211688,0.057017006,0.056950927,-0.032750428,-0.18890941,-0.019837141,0.024458915,0.07832289,0.3140918,0.44727024,0.15309441,0.11449659,0.25071523,0.20394272,0.028437838,0.028196037,1.0194968,0.52293205,1.1241148,0.189233,0.3644061,0.4010052,-0.057899,0.007804215
1273,0.30214018,0.3212062,-0.25971854,0.11529893,-0.699575,-0.19105427,-0.034201723,-0.2531213,-0.14643282,-0.5806291,-0.7496866,-0.047245905,-0.177903,0.26383904,0.04170582,0.041073382,0.31762245,0.028642992,-0.11182448,1.9411979,0.66760015,0.21786124,0.48399287,0.34049293,0.15059042,0.25568256,0.3843239,0.018596128,-0.38813293,0.099310264,0.08354539,0.4989075,-0.06905508,-0.046930462,0.3076008,-0.21706606,-0.05408308,0.12200174,0.48284113,0.47005877
1274,0.15839851,-0.27911347,-0.05720222,-0.037204564,0.0054662824,-0.18132854,0.037003845,-0.047972143,-0.07608211,-0.51337284,-0.0009325743,-0.033801615,-0.042878807,-0.33472586,0.045558453,0.046732247,-0.0857085,0.2260341,-0.03138882,-0.038373947,-0.16733587,-0.23490655,0.09272462,0.03916329,1.6386396,-0.0409593,0.44999585,0.3261891,-0.34207547,-0.30158487,0.052351356,0.089337766,0.27590364,0.29108024,0.54553694,-0.0042063,-0.08943713,-0.4374001,-0.11468738,-0.19116086
1275,-0.651772,-0.09360939,-0.267007,-0.47596058,-0.23350573,-0.19653523,0.2089782,-0.4871939,-0.031242132,-0.21372914,-0.55799484,0.07749948,-0.052208304,-0.31502172,-0.1749188,-0.24252987,0.030656934,0.5191852,0.15122268,0.32414687,0.3960513,0.38785356,-0.29680523,-0.036548585,4.085625,2.6987882,1.8541168,1.6357441,-0.23227239,-0.3808474,-0.6036031,-0.5809324,2.0040298,1.3697897,0.98554873,0.801984,-0.082975924,0.024883866,-0.3391598,-0.3232628
1276,0.6683601,-0.19223818,0.19131726,0.16105628,-0.26143575,-0.03063786,-0.03651887,0.43794224,-0.41462448,0.2025935,-0.041472137,0.1970864,-0.53106874,0.001954168,0.06444107,0.07823858,0.025610581,3.4503217,-0.33206066,0.10353863,-0.20058009,-0.14245826,0.13473678,0.2073382,-0.3840485,-0.31918627,-0.2450123,0.14991173,0.18498904,0.1301327,0.77215606,0.6148988,-0.0018578768,-0.09337276,-0.34801388,-0.2752381,-0.3647238,0.7396351,0.27738935,-1.124341
1277,-0.19350556,0.17425221,0.46552485,0.0046016127,-0.39239302,-0.14283007,0.36839768,-0.24317828,-0.12772056,-0.048551507,-0.23129918,0.016717792,0.109760225,-0.17609933,-0.4623651,-0.11908361,-0.17381024,0.16270447,-0.44573104,-0.21888006,-0.037734553,-0.79486954,0.13213763,-0.3961213,0.36884493,-0.0068274327,-0.010998011,-0.4490322,0.04611908,-0.033739813,-0.4574396,0.011256352,0.6134492,-0.30202514,-0.13246462,-0.29139173,-0.5813084,-0.016967177,-0.07460612,0.1619144
1278,0.055089355,0.17168438,0.0451535,0.30924857,0.6432173,0.1883635,-0.31019008,-0.39747706,1.5503057,1.0245452,0.28809232,0.17324337,0.5840318,-0.09441975,-0.45440722,-0.1473965,-0.17005947,-0.113318086,-0.1685842,-0.085154474,-0.097917736,-0.559443,-0.4258622,0.07434991,3.0137591,1.0146682,1.363798,2.251487,0.19729054,0.4657842,0.029307723,-0.069711864,0.02194637,0.5669637,1.4246761,0.35020888,0.6400779,-0.6794438,0.22624224,0.12295845
1279,-0.18772756,-0.21471208,0.12340224,-0.19957575,-0.03419411,-0.028855622,0.0013834238,-0.40690005,-0.14929548,-0.16609582,0.06593239,-0.17759433,0.1590637,-0.3627563,0.097233,0.1278286,-0.1906566,-0.70431435,-0.30911377,-0.3937398,0.08460605,-0.3772757,-0.031820834,0.2161635,1.5245699,1.2874762,1.77673,1.7656698,-0.21175326,0.28850943,0.14965568,0.22177237,1.0111105,0.652516,0.8970698,0.25050068,0.3252201,0.009750158,-0.26773158,-0.20604892
1280,0.16798298,0.025805444,0.16075537,0.18402153,-0.28342044,0.14248854,-0.11293101,-0.047997892,-0.3480478,-0.32404327,-0.32185632,0.16120869,0.5600457,-0.23531824,0.38448822,0.65998006,-0.7758465,-0.31559396,-0.20099804,-0.45857927,0.30360377,0.26034796,-0.2827589,-0.20037948,-0.38031363,-0.08667278,0.21336603,0.22251785,0.03534346,0.62862456,-0.15523636,-0.014588356,0.968256,0.115109,-0.27295703,-0.43301654,-0.5375715,0.14586627,0.57313776,-0.020963669
1281,0.21582764,0.08886278,-0.40183926,0.45557773,-0.3820708,0.045685172,0.2497325,-0.43492848,0.28946072,-0.033632636,-0.2371619,0.39729613,0.04512745,-0.20155191,-0.080506325,0.26152045,-0.54113257,-0.6480922,0.41067868,0.16587074,0.24382055,0.11152664,0.08051503,-0.39890334,-0.12805825,0.30932105,-1.0262942,0.13055386,0.42002285,0.22393692,1.0982099,0.080954194,0.09156378,-0.37922022,0.55616456,-0.06006694,-0.4660862,0.12837562,-0.050385296,0.2096532
1282,0.10243708,-0.23799658,-0.14922458,0.04518372,2.684003,1.8160839,2.9819944,1.3666732,2.5559447,2.419022,1.4257389,2.714569,-0.04879196,-0.019336805,-0.36855552,-0.00694561,-0.022400081,-0.03506145,-0.11152911,-0.15426093,0.030578732,-0.14563355,-0.16912061,0.2379653,0.21791232,-1.1644446,0.08843118,-0.34754026,0.1405018,0.504196,-0.30410722,-0.21432792,-0.0062428415,0.19872731,0.40701497,-0.43863028,-0.24834485,0.20930386,-0.09823698,0.9195861
1283,-0.1433236,-0.29333732,-0.08673741,0.028459787,-0.036830902,0.20594978,0.1385129,0.14649671,0.017105162,-0.09475684,0.108991,0.22966209,-0.16082966,0.01214242,-0.4818623,-0.110954165,-0.0043839216,-0.15396866,0.0016236007,0.04903996,-0.26653934,-0.57813793,-0.7012392,-0.20733917,0.499844,1.2761865,1.6963656,0.46663126,-0.16397351,-0.072006255,0.16420817,0.2923782,1.188459,0.30651623,1.9457457,1.4343623,0.33410925,-0.10007877,-0.07578258,0.45966458
1284,0.31358036,-0.45113015,-0.16960955,-0.041286945,2.2955194,1.4191644,1.6609564,1.4708227,1.5518167,2.3758147,0.7899145,1.1893708,-0.9218716,0.083883286,0.13565421,-0.42181236,-0.30986828,-0.17986804,-0.1445998,0.028017223,-0.25599456,-0.17989516,-0.15770483,-0.27786052,0.17843823,-0.47583762,-0.28571725,-0.40702462,0.049937457,-0.05399242,-0.09668058,0.40665215,-0.3672917,-0.087337375,-0.44384274,-0.07163471,-0.08386481,0.081165254,0.07243556,0.56061375
1285,-0.18328308,-0.09790993,0.07990152,-0.6410894,0.046707213,-0.44222277,-0.25697815,-0.07694046,-0.09608537,-0.10180363,0.000867784,-0.45115685,0.76882136,0.20449837,0.10881251,-0.5035701,3.7048295,2.6650584,2.6896727,2.0941348,1.070739,2.1766322,0.8266932,1.8228961,-0.8389155,-0.0025021434,-0.19640243,-0.24631387,0.8224503,0.18792057,-0.26837945,-0.34327313,-0.23985595,-0.123078704,-0.40156513,-0.31174377,0.022289813,-0.61345965,-0.43991292,0.015576631
1286,0.11625725,0.2855077,0.3025195,-0.101462126,0.040107846,-0.09574926,-0.45118135,-0.13053277,-0.03395015,0.0769307,-0.21257931,0.016377807,-0.018553376,0.06886816,0.21574008,-0.09135491,-0.1424774,-1.6243291,-0.7869273,-0.5416683,-0.20451081,-0.20828328,-0.07272142,-0.31066576,0.8655776,2.1702716,1.5310442,0.9945212,-0.079980895,-0.358428,0.053272486,0.07826918,1.2015071,0.9849436,0.83840716,0.51328105,0.2235049,0.0416016,0.17458706,0.301358
1287,0.14942837,1.3233547,0.673717,0.4891345,-0.01714683,0.48649743,0.99872863,0.41753572,0.025726348,0.5471132,0.54006475,0.34115088,-0.2427274,0.21248537,-0.1640316,0.12991774,-0.15686882,-0.07900387,-0.028010607,0.043283984,-0.099039674,-0.09791982,-0.12484509,-0.20412487,-0.12809014,-0.0042858124,0.116840065,-0.058164805,0.23297125,0.38142574,0.11602623,0.12945163,0.24220291,-1.1162505,-0.45416355,0.37956262,0.11810552,0.05598557,0.011120796,0.3228589
1288,-0.52340096,-0.20196897,-0.26766598,-0.16447324,-0.07340884,0.11716038,-0.47567624,-0.3513273,-0.5184214,-0.060025334,0.028220952,0.01639986,-0.047508717,0.039772153,-0.12138963,-0.12250912,2.8576577,2.0089822,1.5289528,1.7009091,-0.109930515,0.4082513,0.48526603,0.3920913,-0.20651269,-0.38247484,-0.4986251,-0.14102107,0.93250847,0.3719836,0.71023947,0.23848864,0.035524726,0.5912131,0.35068458,0.11459333,0.14289254,-0.25143194,-0.32460356,-0.23972422
1289,-0.30641901,-0.4342739,-0.32678503,-0.12910438,1.5321178,1.1718187,0.6993731,0.69350314,0.363366,-0.036870606,-0.33102542,-0.24393624,-0.23230702,-0.3059843,-0.3339638,-0.23102078,1.2831413,0.18868881,0.14998415,0.3356853,-0.36126602,0.37733665,0.24160403,-0.2796505,1.5417793,0.72228473,0.49440825,0.123954475,2.6815138,1.9437854,1.7576336,1.9024892,2.2434819,1.1655576,1.7207506,1.9330734,0.01590091,-0.6853781,-0.11759198,-0.239811
1290,-0.14849418,-0.016005397,0.052717447,0.29741076,0.09443146,0.019830644,0.26893717,0.17359465,-0.059943795,-0.09462106,-0.3510586,0.15805435,0.063777804,-0.18874794,-0.24325284,-0.021472752,0.0017294288,0.040342808,-0.3931749,-0.002501905,0.13233685,-0.24655968,0.01416409,-0.08796072,0.2543177,1.6756847,2.3682647,0.58348703,0.8214919,0.5398747,0.97591156,1.9029483,3.2301311,2.3195603,2.8599427,2.6312494,0.011939704,1.1020762,-0.27922717,-0.062421322
1291,0.43382204,-0.040311217,-0.12528294,-0.34404173,-0.0469687,-0.060933053,-0.23464552,-0.4206925,-0.26747283,0.30108154,-0.6620474,-0.5276894,0.27797735,-0.07675716,-0.022559702,-0.30492866,1.8704104,1.8762748,1.0515808,0.12883228,0.76592076,0.382532,0.9777522,0.6305559,2.311763,0.09019989,0.91729605,0.5912237,1.28723,-0.18762857,-0.19964513,0.4538631,0.41489363,0.024396896,-0.7245794,0.26720184,0.9633251,-0.16413987,0.007404536,-0.0656566
1292,-0.112026274,-0.1734927,0.11899716,-0.13345242,0.12771654,-0.28206766,-0.3291054,-0.3667306,-0.20020798,0.023371696,-0.025740981,-0.2588479,-0.15297437,-0.04967767,-0.41237158,-0.20468627,-0.0097955465,-0.45295048,0.0042666197,0.037120968,-0.008735359,-0.4898315,0.04416156,-0.1422911,0.24736035,0.5337752,0.5146627,0.8094344,0.9107594,0.5270036,1.2960113,1.0729367,2.0667396,1.1930325,1.9315596,1.2285968,-0.024431467,-0.47395995,0.115994245,0.16432267
1293,0.049789667,-0.4529665,-0.6550163,0.13875124,0.8931297,1.4243058,1.3675919,0.2336998,1.9656534,0.5242814,1.7656163,0.6569068,-0.09527155,-0.018497042,-0.16722512,-0.32927823,0.5384445,0.070435286,-0.40101302,-0.07367861,-0.30594283,0.6634221,-0.21553725,-0.38096288,3.7710724,1.1667709,0.9549975,1.2703681,-0.41674006,0.026234746,-0.120453775,0.06365371,0.14552903,0.2456156,-0.19598901,0.15102935,-0.010765277,-0.05201459,0.1253674,1.0998375
1294,0.35345364,0.115369216,-0.0574518,0.007537335,-0.24458891,-0.058642715,-0.32017058,0.34038693,-0.14410844,0.09247169,-0.04897067,0.07633531,-0.010048449,0.3000843,-0.10852003,-0.033925414,-0.18526357,-0.25977775,-0.069054574,-0.5115393,0.16072154,-0.05449842,-0.59281826,0.29286715,-0.13269901,-0.18050313,-0.3504818,-0.45999968,2.2994227,1.8392923,3.122136,3.1905105,1.401963,1.7868313,1.6825918,1.92958,0.020895526,-0.3084133,0.13703582,-0.062462628
1295,-0.46995488,-0.05752054,-0.010992944,-0.15933153,0.06671575,0.12909915,-0.16217169,-0.10486436,-0.1926989,-0.26132601,-0.06897193,-0.026113808,0.005565673,-0.064914554,-0.009211063,0.012123883,2.107573,2.1351175,0.8141757,0.43264717,0.90147257,1.1806315,0.58554196,0.5900561,0.28951693,0.4898191,0.17173386,0.08894122,-0.2856344,-0.010615051,-0.043101072,0.1124056,0.6736442,0.24010596,0.26536584,0.02683109,-0.18047816,-0.20289242,-0.04481125,0.057526052
1296,-0.11723736,-0.5979359,-0.23190458,0.17817384,0.057169795,0.17186242,-0.23036622,-0.51692224,-0.31028128,-0.963194,-0.3757848,-0.27993524,-0.48170102,-0.28173584,-0.35946208,-0.03391233,-0.5193251,-0.6342545,-0.49291694,-0.2612298,-0.14123298,-0.58849937,-0.5977955,-0.47941563,-1.0354053,-0.47057697,-0.27055958,0.16235581,-0.16659379,-0.37623042,-0.29609564,-0.07011145,-0.878218,-0.7171562,-0.6331421,-0.7284188,0.31179374,-0.34421474,0.24645159,0.13152105
1297,-0.32364792,-0.22624,-0.07980889,-0.18878758,-0.12969506,0.42265812,0.06050396,0.6518245,0.25663793,-0.5241284,-0.28070664,0.22626412,-0.011498451,0.10459906,-0.23069182,-0.24469727,-0.31203586,0.31953716,0.6611989,-0.16808364,-0.1159336,-0.19298291,-0.5377276,-0.043292284,0.15205002,0.20462002,-0.1777646,0.14822787,0.46319908,0.93945724,1.0376916,0.27121252,0.2602545,0.15936881,0.11943346,0.13163793,0.19094235,-0.27860177,-0.100729465,0.54384196
1298,-0.016676426,-0.45802966,-0.42127296,-0.15830255,-0.40795135,0.6107019,0.09726739,-0.20509374,0.06406206,-0.20639235,0.11414063,-0.13922374,0.36089015,0.22020233,0.37630725,0.41450682,1.1887642,0.9318212,1.0157778,1.3185463,0.81945384,1.4001913,1.1300502,1.0749619,-0.28691638,0.045957446,-0.99248815,-0.37782568,0.28107768,-0.47706047,0.0047515035,0.19690257,-0.29458538,0.6543071,-0.24637952,-0.47704458,-0.19886601,-0.40077293,0.12520897,-0.30411813
1299,0.06154099,0.06371189,0.37222546,0.45564526,1.9297109,1.537977,2.9018424,1.407387,0.4589877,0.24897766,1.2497776,1.1173322,-0.4127831,0.13951862,-0.3999037,-0.0850462,0.28771314,-0.085662484,1.4582493,0.2152378,-0.26834708,-0.6019075,0.016306356,-0.17509255,-0.14624184,-0.40812466,-0.2918508,-0.4329964,0.27478963,0.20953473,1.1475396,0.096048445,2.561088,-0.068740964,2.1946058,1.732048,2.6197088,0.89312553,0.24763246,0.41223004
1300,0.12208477,0.22085214,0.6005812,0.4067878,-0.92962956,0.065463126,0.031392336,0.090093195,-0.115263626,-0.32917768,-0.43730366,-0.30627283,-0.20047432,0.26917607,-0.8077471,-0.8311063,-0.9442073,-0.097118914,0.22832374,-0.31082538,-0.20359945,-0.620319,-0.16483188,-0.23477234,0.68183297,0.825197,0.5430997,1.2990272,0.071187675,-0.09277484,-0.38927984,-1.0824307,0.14435074,-0.37210512,0.6201159,1.5690069,-0.5164523,0.044456184,0.22208335,0.38093492
1301,0.4743518,0.016829193,-0.40825936,0.18834072,0.34077656,0.1998437,0.3119101,0.57443255,-0.49511522,0.19978213,-0.57937187,0.19650806,0.122380614,-0.45112133,0.026928842,-0.14305148,0.33841634,0.28507185,-0.12295759,0.33798432,0.4864829,0.61500317,0.21581204,0.8092137,-0.47641662,0.39386618,-0.12317103,0.87149054,-0.283505,-0.25848228,-0.18586022,-0.20123369,-0.016412586,0.2458219,0.22892684,-0.0627597,-0.37853318,0.06078255,0.89994484,-0.6512853
1302,-0.8302202,-0.41596496,0.18648112,0.14316684,0.2090202,-0.46995065,-0.46009248,-0.016161323,-0.28617078,-0.3435706,-0.17235744,-0.30170918,0.013440549,-0.029257104,0.031233191,-0.21741536,0.026436672,-0.40276366,0.15695047,-0.41352335,0.04411397,-0.09207523,-0.2162042,-0.14763588,2.3070507,2.4659972,1.2648802,0.38269526,2.5789623,1.4052978,1.1160676,1.9721609,2.2183537,0.7488781,1.893084,1.5539867,0.095867634,-0.13866453,-0.3293957,-0.06855893
1303,0.08166015,0.24500802,0.0466367,-0.3334198,0.14668894,0.84217274,0.26690435,0.23844182,-0.2547279,-0.36927065,-0.46918336,-0.36741874,0.18984129,-0.08021802,-0.25476682,-0.012379289,-0.5541367,-0.43405592,-0.49269667,-0.18204522,-0.0016684532,-0.15100634,-0.5488223,-0.28150034,-0.133327,-0.10098672,0.2737753,-0.92198557,0.61525023,-0.42898396,-0.31028068,-0.006521046,-0.040460706,-1.05294,-0.5701294,-0.2168858,0.6866468,0.22361535,0.003351152,0.21807699
1304,-0.20285794,-0.0836695,-0.2501551,0.1745655,-0.4028663,0.3939929,0.08341977,0.23617923,-0.11327637,-0.6523917,-0.33799058,0.17978835,0.17606494,-0.115463406,0.0022386312,0.27409014,0.025818229,-0.17028262,-0.15331405,-0.08843309,0.026230216,0.3415967,-0.4068864,-0.5914215,-0.4868493,-0.07713989,-0.1052802,-0.41211456,0.27053612,-0.05632919,-0.025133997,0.6621656,-0.96886325,-0.32937923,0.060797647,-0.5261061,0.18275805,0.059090376,-0.27656835,1.4241086
1305,0.002262801,-0.58498144,0.15799823,-0.10071951,1.2229607,-0.012424678,-0.43819255,0.026042044,-0.6350788,-0.4388181,-1.371377,-0.29628164,-0.5850407,0.027837127,0.055797726,-0.33971488,0.16128224,0.98078203,0.9338058,0.21568355,0.6949775,1.1411582,0.6985569,0.3504774,0.4671283,0.4024449,-0.34722522,-0.368051,0.17821246,-0.3369435,0.08924714,0.22067523,-0.3811251,0.051386878,0.068079054,-0.15566719,-0.6259141,-0.5316495,0.1340329,0.116939306
1306,0.14823598,0.15010566,-0.2519908,-0.3698989,-0.09864211,0.15015563,0.086975455,0.30997396,0.3896709,0.103070855,-0.14171663,0.6238168,0.16758573,-0.22293207,0.1315199,0.10136664,0.3378055,0.5702084,0.8918073,0.62916845,0.443259,0.925008,1.3306847,0.4578133,-0.5304202,-0.5196876,0.19439703,-0.1672234,-0.2149604,-0.18095404,-0.81481075,-0.15185952,-0.62518704,-0.65095055,-0.28472257,0.01100114,-0.24777853,-0.013403237,0.16247573,0.04951799
1307,-0.17361957,-0.37567282,-0.019200444,-0.24009389,-0.09264392,-0.10250455,-0.08624059,-0.114808366,-0.013587385,-0.15443963,0.011552215,-0.27992725,-0.40384895,-0.36875367,-0.44261956,-0.2917579,-0.3612029,-0.770518,-0.12366778,-0.026303202,-0.13001448,-0.35073823,-0.5514378,-0.041620225,0.9065705,0.6690086,0.5818256,0.23329708,3.7178206,2.3239954,2.2498066,2.90726,2.6597328,3.559417,4.318363,2.360633,-0.7370657,-0.22603147,-0.24664846,-0.09121227
1308,-0.25545144,-0.28057158,0.12285739,0.66913617,0.0032947063,-0.2907291,-0.008204341,-0.3235267,-0.09984529,-0.11772245,-0.2999027,-0.3173675,-0.1521182,-0.21964097,-0.10308349,-0.009651527,0.57246935,0.40299225,0.30976832,-0.061326146,-0.28070232,-0.19592509,0.15830141,0.28969836,1.1974896,1.258198,1.1501814,0.20881414,-0.38506603,-0.63200116,-0.06345549,-0.042206585,0.26699197,0.3278013,0.51938534,0.6382311,-0.2209909,-0.035927773,-0.16755462,-0.2023194
1309,-0.3442491,-0.4088056,-0.21602026,-0.64780533,0.06433678,-0.41137686,0.37618828,-0.14975834,-0.48606068,-0.4500852,-0.3765856,-0.28900403,0.62442917,0.2053102,-0.46705717,0.6650964,2.0708296,1.305095,0.77772355,0.23915923,0.8998034,1.8331239,1.5045624,1.4934273,-0.6279483,0.22396594,-0.19255292,-0.30929372,0.6696408,-0.30532086,0.115225434,0.65995044,0.39368695,-0.28483173,-0.10216522,0.37986094,-0.11959541,-0.7515565,-0.053297743,0.06315625
1310,-0.11526272,0.3772803,0.017185524,0.93451744,0.28491658,0.16551185,-0.030916005,0.09682298,-0.24146211,-0.3521557,0.20038085,0.066204585,0.13094002,0.08682662,-0.45748287,-0.3801512,-0.62014127,0.7894616,-0.08135274,-0.89449203,0.45153627,0.13487458,-0.031434502,-0.10657257,-0.04964739,-0.22885609,-0.7224644,0.29262424,-0.09504312,0.048579425,-0.36211532,-0.6509827,-0.25065,-0.037848175,-0.29292268,-0.58987826,0.12682429,0.27558458,1.4755569,0.46567112
1311,0.014099538,-0.31570596,-0.109689355,-0.15404856,0.41879272,-0.14471379,0.21010059,-0.34949142,-0.58362514,-0.30746692,-0.18790054,-0.2065885,-0.25060293,-0.61561644,-0.010642171,0.08473498,2.4271715,2.0320003,0.78294736,0.61779475,-0.39036047,1.2114182,0.4538282,0.07641275,-0.9160652,0.034954667,-0.03299596,-0.1624851,0.21679467,0.034225285,-0.2203691,-0.062681794,-0.4758398,0.014532208,-0.2682004,-0.013690412,-0.13001895,-0.33629385,-0.22580254,0.07369119
1312,-0.22099382,0.22546205,-0.3083484,0.11092496,0.09990716,-0.36265323,0.098698914,-0.0015833043,0.63305295,-0.16555123,-0.12542799,-0.15417172,-0.42485833,-0.50249577,-0.24149263,0.20812313,3.1286938,1.5228466,1.2375444,1.1868514,0.8841709,1.8563704,1.9312847,0.5609731,-0.39977333,0.45365456,0.9711411,0.15785527,-0.35488665,-0.4931212,0.09457713,-0.7673509,-0.5670372,0.29527214,-0.18507105,0.026393086,0.41659278,-0.14013256,0.43027538,-0.17987043
1313,1.0343319,1.1594776,0.57768214,0.8027544,0.6080078,-0.39062762,0.38086233,0.0072515607,2.0923693,1.0705321,2.575028,1.7365499,3.499144,3.191708,1.5733984,2.5826895,-0.79697907,0.3263568,-0.09675944,-0.48550838,0.48249355,0.6466126,-0.13307491,0.0373649,-0.9984033,-0.36120367,-0.21140286,-0.29775196,-0.09579384,-0.23887932,-0.28661138,-0.1981548,-0.5475044,-0.11726466,-0.20503658,0.0731034,0.13582811,0.16121966,0.07801849,-0.06623694
1314,0.011136532,-0.06900321,-0.17226517,-0.39200884,-0.16744784,-0.11258438,0.48693496,0.059105963,-0.12027341,0.1657952,-0.09682877,-0.108706936,0.09288898,-0.027735837,0.041230667,0.3237937,-0.19316122,-0.3244444,1.9106451,0.46793196,-0.15905832,-0.026696682,0.07281652,-0.12087849,-0.36808383,0.06471506,-0.84708697,-0.056898586,-0.03254199,-0.26685613,-0.08639422,-0.013718903,-0.08209026,-0.0038560927,-0.53751636,-0.34966007,0.34835836,-0.23668963,-0.34172416,1.0529773
1315,0.4715453,0.79777145,0.78944296,0.59195083,0.42590186,-0.21523285,0.25732213,-0.27278078,0.087801404,0.6080665,0.7148942,0.80756605,1.1387451,0.42519307,1.7173903,1.2966009,-0.34145188,0.30918783,0.36403596,0.22269967,1.0533185,2.9994435,1.8584614,2.317444,-0.3828522,-0.25493965,-0.3821509,-0.05820936,-0.24642634,0.06862748,0.4846577,-0.2870528,-0.3745506,-0.19468975,-0.22899562,-0.5408388,-0.13801533,-0.03071171,0.07594752,-0.14573023
1316,0.6271733,0.19840923,-0.5988694,-0.144351,0.2928673,0.5566694,-0.08431095,0.056760587,0.39178342,0.0732301,0.3464845,0.2207371,-0.36136883,0.08882749,-0.07891601,-0.6962531,0.4759915,0.41653225,0.6405786,-0.4916972,-0.637302,-0.60593307,0.741952,-0.50546026,-0.5897246,-0.47713917,0.2725827,0.57052845,-0.63239044,0.4455706,0.07512319,-0.30876064,0.29686162,0.116639435,0.5403385,0.35662055,-0.31855,0.8295897,0.3142739,0.04919058
1317,-0.29221588,-0.07131785,0.12850356,-0.13775402,0.4769266,-0.21878019,0.07245709,-0.6188481,-0.34777975,-0.003699839,0.0656925,-0.17222318,-0.8142654,-0.084035516,-0.6208641,-0.406725,-0.25002128,-0.31054384,-0.22733414,-0.36576086,-0.2044009,-0.34937537,-0.059607625,-0.40069896,0.43282628,-0.15436244,-0.18443131,-0.6326431,-0.19451737,-0.25072673,-0.34875035,0.51566565,0.16019928,0.8261438,-0.18058908,-0.2680196,0.20011562,0.4332317,0.0779008,-0.21050614
1318,-0.042542577,0.3173902,0.22762984,-0.40713185,-0.032891273,-0.10394263,-0.08654517,-0.26715553,0.437089,-0.117580116,0.059158444,0.36466658,-0.3700014,0.0850054,-0.12541431,0.23109685,-0.16715193,-0.1310842,-0.33649653,-0.3718809,-0.14583266,-0.0976929,-0.06385112,-0.13746011,0.24859208,0.59649664,0.387518,0.48798984,0.09689927,-0.104622215,0.36716917,0.04498768,0.47838253,0.1068674,-0.08320388,0.3098476,0.03351128,0.03722161,0.07470614,-0.049233437
1319,-0.050186366,0.01178634,-0.21254712,-0.23502487,0.3723715,0.35337132,0.9776998,0.78703636,-0.46945262,0.60106325,0.47659028,0.7965087,0.028948247,-0.017143995,0.23218358,-0.15335181,0.2933604,-0.19912049,-0.402693,-0.55413926,-0.19499528,0.33830342,0.3314681,-1.2687333,-0.57327366,0.272628,1.1273859,0.08571416,-0.12551609,0.029993266,-0.22510532,-0.18659163,-0.08360386,-0.08986187,-0.2855037,0.5103378,-0.33530667,0.47129452,0.080181286,-0.33701146
1320,-0.55125046,-0.34596527,-0.1653167,-0.46736276,0.6030492,0.13269387,0.0779835,-0.17337048,-0.22819531,-0.2669154,-0.07785195,-0.17549682,0.20442533,-0.39335155,0.03256607,0.22051676,1.7347647,1.0358067,0.56898457,0.6112081,0.44742417,1.3358213,0.9324364,0.8288706,-0.034311533,-0.14166838,-0.0664299,0.120997846,0.6946225,0.075531125,0.11228657,0.20456788,0.049330413,-0.0032495856,0.03312117,-0.19658542,0.022709131,-0.44155884,-0.1704179,-0.010779023
1321,-0.06850842,0.23938888,0.47499514,0.047139853,0.34643018,0.53699565,1.1522875,0.5042191,0.24707225,0.6847245,-0.2123226,0.5518033,-0.1333754,0.15406668,0.661632,-0.056076124,-0.14850843,-0.400891,-0.096882224,0.113190375,-0.14139354,0.034128964,0.028699934,0.09582245,0.61173505,0.04227712,0.81458557,0.5249282,0.8367452,-0.30063793,-1.0783393,-0.5396544,-0.56901956,-0.11537498,-0.4659802,-0.10622406,0.05690986,0.16413668,-0.063667536,0.2236789
1322,0.10663009,-0.15172322,0.3653685,-0.12698781,-0.05408448,0.047504425,0.054781616,0.5595421,-0.2796237,-0.03952557,-0.042934895,-0.6893956,0.34936428,-0.10621154,-0.075720906,0.17771372,-0.039194107,-0.7666681,-0.4364884,-0.020099431,-0.4871469,-0.34676224,-0.6634107,-0.31357005,0.09694934,-0.5844183,-0.1193279,-0.3963253,2.037846,1.1019431,0.82734203,1.277844,1.3399568,0.36779052,0.2492761,0.30783498,0.23765427,0.76373374,0.9952229,0.100699425
1323,-0.20000982,0.12235814,-0.010988563,0.17605865,-0.3598414,-0.08207971,-0.18166038,0.26765835,0.15724094,-0.058966666,-0.20837815,-0.114946246,0.28920817,-0.25346226,0.24143639,-0.19157141,-0.62173265,-0.047038123,-0.4676932,-0.045595672,0.17548871,-0.15626624,-0.106254555,-0.17775303,0.079260826,-0.33565593,0.20334074,0.06704831,-0.061953723,0.044487834,0.077694684,0.027597427,-0.5124541,0.05169809,-0.17482293,0.07460673,-0.21780929,0.23426244,-0.19538552,0.18974572
1324,0.21061125,-0.41455433,0.20434022,-0.62491286,-0.33379948,0.012718499,0.21570775,-0.13892555,-0.879383,0.4441144,-0.20594259,-0.20616886,0.012630582,-0.2058075,0.30637774,-0.032497853,-0.9412285,0.25895783,0.22407195,0.3441143,0.0057997704,0.13252848,0.17940906,0.20008558,-0.05031109,0.17120731,0.06585845,0.036811173,0.5163028,0.11231023,0.31900197,0.12899351,0.48681688,0.5976514,0.24351266,-0.18292499,0.18425289,0.118496746,0.11579789,0.10865311
1325,-0.21631163,0.14224732,-0.011450887,0.07092038,-0.062095642,0.36243233,-0.33440828,0.24110952,0.9571417,-0.9178412,0.1091581,-0.24193168,-0.16428447,-0.17443275,-0.6886271,-0.31829807,0.60420936,0.43794698,0.63378084,0.10045786,0.07209289,1.0080209,0.9058804,0.30534098,-0.41882527,1.0202104,-0.5925635,-0.53504014,-0.026491284,0.0010160804,0.3540222,0.689345,0.700418,-0.11692226,-0.1694682,0.23206103,0.040041983,-0.5889742,-0.12655298,0.13009635
1326,-0.1924054,-0.07910603,-0.13382936,0.22153163,0.6612375,-0.059963167,-0.123243704,-0.21765628,0.16058701,-0.15746444,0.30763426,0.45108074,-0.3916519,0.38289613,-0.01962445,0.1713168,0.11874392,0.13496596,-0.10467862,0.14769676,-0.20630485,-0.17487788,-0.61864454,-0.010659941,-0.014084339,0.07868713,0.13394067,-0.15849411,0.05400282,-0.2794537,0.40326047,0.1150769,-0.0053111315,-0.41240606,-1.0000676,-0.37604743,-0.2528929,-0.10178177,-0.015999258,-0.0014975071
1327,0.032990456,-0.090800315,-0.81837755,0.51547337,-0.13833523,0.34703445,-0.22192219,-0.019807935,-0.08344257,-0.7674376,0.004362583,-0.34791455,0.07757169,-0.15708339,-0.61187,0.5646271,-0.10695672,-0.40515292,0.13598657,-0.4573811,0.047357023,-0.24504344,0.005104184,-0.8553392,2.781718,0.28783387,1.190402,0.085835904,-1.1165646,0.22458448,-0.42165315,0.12562391,0.39318466,0.5541104,0.303859,-0.070602655,0.1848279,-0.5140962,-0.44874686,0.24742997
1328,0.17747524,-0.40520683,-0.14726496,-0.35826135,-0.20474547,-0.31344104,-0.1691381,0.022435337,0.012761295,-0.091392845,-0.36322874,0.050293118,-0.14314699,-0.3573684,-0.032745928,0.010259345,0.8519187,0.29212093,0.54902625,-0.07197267,-0.42076063,0.5013639,0.31363335,0.14844885,-0.11419678,-0.15382087,-0.8372813,-0.09991055,-0.21351692,0.14025909,-0.31807613,0.27620348,-0.25440943,0.062004447,0.013892293,-0.24091962,-0.3270837,-0.6493582,-0.7035203,-0.23176783
1329,-0.066705644,-0.17832178,0.16869882,0.24776268,0.049935102,0.44756246,-0.10257299,0.091444254,0.05209315,0.09362632,0.048558265,-0.024607867,-0.10030353,0.008511305,0.24839534,-0.13099265,-0.14474237,0.011788607,-0.089246705,0.16600454,0.17592227,0.1724717,0.11357984,-0.30177617,-0.13291001,0.2880813,-0.13279688,-0.03345138,-0.11550826,0.11942607,-0.2205285,-0.14890885,-0.13853133,-0.34885716,-0.07688591,-0.105163455,0.11714405,0.15206444,0.26834935,0.13519612
1330,-0.6951417,-0.17396504,0.1431272,0.09699689,-0.31445244,0.00038862228,0.08850818,-0.14139003,0.044671744,-0.7102316,0.29938337,0.2609098,0.0025063157,-0.0628317,-0.38078666,-0.7661038,-0.5713371,-0.06178786,-0.3291577,-0.6699818,-0.21748412,-0.4476495,-0.4627449,-0.48657882,0.12331879,-0.19786625,-0.48150074,-0.11823636,0.3701719,-0.15386546,0.1517576,-0.45516318,0.379974,0.25177103,-0.22098461,0.71409744,0.14712739,-0.6956637,0.41196755,0.337795
1331,-0.24214171,-0.31687158,-0.41489932,-0.20156354,-0.1168049,0.13623202,0.112249106,-0.0541476,-0.25361377,-0.2211805,0.89693296,-0.20484424,-0.8357912,-0.43568438,-0.31860334,-1.1806076,0.87208164,0.34221926,1.5155383,0.7572783,-0.08944319,0.41433838,0.35513487,0.31856653,0.39305845,0.313059,0.14338642,0.7707042,0.81157506,0.18282774,0.065786615,0.9771753,0.02615577,0.19593483,0.13186699,0.020796686,-1.1320548,0.1707285,-0.13942039,0.52231956
1332,-0.16877252,0.06199026,0.3018777,-0.05424714,-0.4398664,-0.42714757,-0.2023727,-0.014705479,-0.36728632,0.058521785,-0.27576298,-0.03421235,1.5105731,0.42599237,0.48552838,0.16094941,-0.72700423,0.104955405,-0.23084375,-0.49333113,0.280265,0.0954535,0.09032372,0.0679701,0.9673039,1.4528757,0.48822504,0.37191686,0.85502267,0.45575815,0.20119748,-0.055973113,1.3706764,1.3752728,0.5658686,0.2471638,0.62805223,-0.03267181,0.11607748,0.11488819
1333,0.6394277,-0.39561898,-0.03872186,-0.3543593,-0.5648185,0.45868915,0.3272829,-0.091793746,-0.9019797,-1.1633809,-0.4638787,0.97724223,-0.3063001,-0.44419986,0.589795,-0.7296342,-0.21601796,-0.34077772,0.17553985,-0.32821685,0.5176942,-0.6289418,-0.008433521,-0.7190214,0.19107628,-0.19700962,-0.3930725,-0.069867104,-0.42963606,-0.6690722,-0.19287568,0.4257806,-0.6018497,-0.38570815,-0.35768917,-0.34945083,0.80896986,-0.38664314,-0.24750653,0.60893214
1334,2.8312528,0.7955892,0.53756887,1.0558978,1.4617386,2.0660691,0.584273,0.31392702,5.5612407,4.835987,3.1122851,2.3128512,0.5613452,0.600064,0.3988402,0.44331187,2.9421885,0.26467782,1.3498753,0.6744064,5.442237,3.1037095,3.6232042,1.5131553,0.17205039,0.2282493,0.986447,0.061360717,-0.13259155,-0.0045734197,-0.031319976,0.1726107,-0.41384852,-0.27346075,0.12410152,-0.12039623,0.38443935,-0.09099597,0.45759678,-0.0083794
1335,0.14325476,-0.2715919,-0.28382,-0.34910756,0.006973505,-0.29388213,0.009455115,-0.10842121,0.1066131,-0.583109,-0.14817771,-0.043789834,-0.10249829,-0.48938,-0.052841514,-0.4205902,0.30263108,0.4824458,0.4146102,0.33372128,0.24084413,0.22467446,0.37352425,0.018087462,0.038841844,0.32008666,0.14584588,0.32561505,-0.00669688,-0.16577226,0.03331086,0.25020754,0.88240296,0.4643727,0.69047874,0.37054837,-0.44259673,0.17626435,-0.2868491,-0.4047799
1336,0.5212942,1.006329,-0.16224325,-0.13686538,0.271663,0.16461626,-1.1412446,-0.05437696,0.2750246,0.034100115,0.5210877,-0.13397545,-0.19552624,-0.12563562,0.28310323,-0.33340663,0.1678662,0.080134735,-0.034324005,0.22848636,-0.18164122,-1.6530573,0.03010767,0.14417148,-0.2577112,0.11294733,0.76051867,-0.047938943,0.23424879,0.13535745,0.9663011,0.06984341,-0.068745464,0.07038683,-0.24468276,0.005510211,0.20556217,-0.016359046,0.82845646,0.55671054
1337,-0.29327112,-0.41879869,0.8147416,0.38048103,0.24536636,0.15378353,0.9703377,-0.61416525,-0.34948748,0.06619406,-0.33479708,0.61603844,1.1188413,-0.06789544,0.13368924,-0.22636548,-0.20279786,-0.11364644,-0.17735514,-0.9217913,0.1286054,0.10471946,0.17332348,0.03797423,-0.03844589,0.5805025,0.43016568,0.9349348,0.11370942,0.25240973,0.48819005,0.45006552,0.03482917,0.27847505,0.6490388,0.08132014,-0.33433756,0.20856777,-0.27429527,0.16440973
1338,-0.18670857,0.28772125,0.025590003,0.06572956,0.53669053,1.2964246,0.25904766,0.017729461,0.72039133,-0.32873458,-0.1701257,0.18288398,-0.08112204,0.111999005,0.06642747,-0.50010884,-1.3298994,-0.03139466,0.07881802,0.65449816,0.342884,-0.34956828,-0.2870577,0.15821701,-0.2961084,-0.0393174,-0.23568517,0.15698543,2.986107,0.9759231,0.2577355,0.56453353,-0.00048699975,-0.078526966,0.42092645,-0.45833296,0.02010591,-0.2149556,0.27474022,-0.41607988
1339,-0.59478086,-0.10280955,0.054882467,-0.21492675,0.08283305,-0.089541435,-0.14222509,-0.3619064,-0.15637997,-0.42778397,-0.07867718,0.09383762,0.42697114,-0.007277727,0.4480174,0.35953403,1.7852781,1.5473417,0.675253,0.48016185,2.0978363,3.8835618,2.167609,1.5771492,-0.56727606,-0.46434098,-0.6424888,0.11881471,-0.23618266,-0.19285923,0.13211238,0.25528818,-0.17846763,-0.060575545,0.07033908,-0.27996075,-0.015067995,-0.30631852,-0.1421786,-0.0395087
1340,1.1703669,0.49237782,0.63122284,0.257832,-0.15542626,-0.05735165,-0.4012373,-0.082310244,0.3036897,0.23807326,0.3419225,0.14082778,0.9456388,0.84289885,1.0342075,1.0209622,0.21670467,0.44977003,0.36481142,-0.24644098,1.189134,1.0302894,1.3146586,0.9913341,0.31049505,2.9877918,1.9263009,1.0281428,-0.20329267,-0.09992194,0.0717988,0.780455,0.7145912,0.60108984,0.58845794,0.58487713,0.41807568,0.3554802,-0.28214073,0.11115265
1341,1.1101549,0.3416213,-0.098092526,0.030788064,0.26759833,0.18774635,-0.39524686,-0.27659547,0.45811975,0.21285072,-0.22518733,-0.22775793,2.229374,1.0106859,1.1379156,1.4224572,0.9943415,0.14547575,0.013900012,-0.21053547,1.1939511,0.98639053,0.7192418,0.30733353,-0.854318,-0.7221359,-0.13506478,-0.27488613,0.5614947,0.48279876,-0.09428173,-0.3832687,0.068824746,-0.21304221,-0.20072252,-0.27829105,0.1492548,-0.27014312,-0.27075702,0.22812349
1342,0.6706911,0.020602614,0.42294538,-0.083411545,-0.10417503,0.5758569,-0.35198689,0.44613463,0.30588317,0.25543064,-0.16579527,0.45190278,-0.25770307,-0.028001443,-0.602528,-0.1824688,0.31006244,0.59708613,-0.20433226,1.9773848,-0.44430804,0.29870388,0.23024419,0.19536337,0.20529848,0.07832543,0.21032894,-0.0037154555,1.0795157,0.47073528,-0.48257896,0.9761721,-0.15304118,0.4179893,0.2337611,-0.759173,0.012595683,0.0644684,-0.107870705,0.0025365949
1343,1.5360253,0.9482274,0.62125117,0.19043201,0.41067776,0.48064333,-0.16770312,-0.2544355,0.46783662,0.32034576,-0.08113912,0.37597382,0.68558925,-0.42133343,-0.17237315,0.048885405,1.8127536,1.5068961,1.7632601,0.9422571,1.0402238,2.1967702,2.071683,0.30818054,-0.69994164,-0.06139286,-0.013316959,-0.04837632,-0.15803158,0.049056917,0.13868827,0.067282975,-0.41610155,-0.17997897,-0.14377905,-1.2746626,0.9897367,0.86198586,0.5959157,0.8440473
1344,0.39338157,-0.7985267,-0.44063914,-0.85382277,0.17704695,0.07369593,0.75322783,-0.33894086,-0.18881375,0.19416672,-0.16731977,-0.16966486,-0.14669895,-0.19044086,-0.4128039,-1.2397252,0.046611547,-0.48247468,-0.010058492,0.2736771,-0.6754842,-0.55253476,-0.40465117,-0.33988345,0.28359914,0.37146032,0.053351156,-0.049284726,0.85097224,1.1197809,1.133539,0.5346558,1.3961124,0.84512943,0.6558601,0.19571805,0.16431877,0.15357769,0.048106685,0.7645954
1345,-0.120922744,-0.30838773,-0.09502363,-0.5562377,-0.1838162,-0.03400916,-0.14286935,-0.4840036,0.018411517,-0.52185524,-0.28960925,-0.18898803,0.3966698,-0.3260681,-0.4990173,0.46581477,1.9998182,2.6586323,2.5450432,2.1789007,0.7262684,2.048429,2.7944522,2.0208576,0.013261795,0.7384487,0.74575263,0.9346944,-0.4294961,-0.048148543,0.50687796,0.19109319,0.19148076,-0.011588216,0.88321924,0.43696487,0.26355666,0.38063455,-0.29095697,0.0806855
1346,0.034564972,0.027554885,-0.1416496,0.533627,0.16484633,0.4168581,-0.14967585,0.027064502,-0.3092327,0.56829864,0.21892977,0.2630648,0.16463807,-0.69150627,0.40872917,0.06391245,-0.07946485,0.03431931,-0.117351204,0.018829346,-0.4779911,0.28904712,0.15767589,-0.13637513,0.5380138,-0.21370462,0.5544396,0.07299042,-0.26635516,0.22338432,0.09100658,-0.22409844,0.47588187,-0.27131695,0.30074927,-0.068160444,0.17547634,-0.020044357,-0.134401,-0.052218616
1347,0.11364412,-0.7527927,0.26096308,-0.039537758,-0.31740376,-0.23605965,0.26541173,-0.041408464,0.1946041,-0.27305067,0.026417125,-0.17885089,1.353386,0.041564986,-0.28019685,-0.032470033,-0.21994355,-0.35577157,-0.24719875,-0.20478445,-0.4018581,-0.17213461,-0.2759452,-0.03749022,-0.47549674,-0.2715364,-0.07692818,0.22144777,0.050599456,-0.4316603,0.01390174,0.46500173,-0.15041828,0.08295463,-0.060337752,-0.31688952,-0.11881598,0.017929226,0.09329676,-0.26333702
1348,1.3973202,-0.06871566,-0.27432048,0.2084781,-0.56281126,-0.28760904,-0.16917278,-0.109419644,-0.9582262,-0.5130992,-0.2750534,-0.3756311,-0.003286779,-0.2972156,-0.114538744,-0.107390456,1.4658233,0.8146944,1.2456278,0.41230112,1.1040783,1.0924276,1.9814482,0.39011288,-0.5140385,0.07082385,-0.23067176,0.16356854,-0.32355973,0.3637395,0.25621635,0.07318582,-0.0287655,0.19123858,0.4493022,0.47338414,0.065207064,0.22073704,0.2634762,-0.35315427
1349,0.31107175,-0.007556677,0.15918928,-0.06731272,-0.29854926,-0.20257431,-0.053300366,0.07712406,-0.10290623,0.17942208,-0.08806682,0.20409352,0.20534739,-0.24023914,0.3593794,0.3998141,1.9990478,2.1401489,0.8632615,0.039548248,1.5017805,2.7404838,2.461098,1.217988,-0.73223805,-0.35244715,-0.32250428,-0.10540265,0.060698032,0.9072192,0.8329224,-0.020183206,-0.76034516,-0.11105269,-0.20909876,-0.10955864,0.35087222,0.16804224,-0.085437566,0.035097957
1350,-0.43517408,-0.4561354,-0.19736528,0.014941871,0.51222587,-0.6556666,-0.84959793,-0.29891986,-0.7578431,-0.2720958,-0.69103384,0.008341402,-0.29230738,0.03456077,0.024588525,-0.35226035,2.06563,-0.12342286,2.355397,1.1483378,0.2807548,0.06677148,0.2219472,0.69718343,-0.26927707,-0.3618124,-0.35949954,-0.230692,1.0946785,1.0330936,-0.017823994,1.277669,0.36826912,-0.102562875,0.018488854,-0.020659626,-0.14529161,-0.62715936,-0.2648733,-0.049958095
1351,-0.3752141,-0.08488315,0.23899442,0.25977325,0.95322603,0.2120476,0.22173333,-0.029157758,0.10359526,0.32069913,-0.4831164,-0.28797507,-0.69111323,-0.3850169,-0.0346362,-0.017898858,-0.12956196,-0.15042935,-0.027811527,-0.09228718,0.002372384,-0.28946602,-0.021673381,-0.20857489,2.5184586,1.3527541,-0.032913804,0.65336996,-0.030734062,0.5779106,-0.035252213,-0.2057316,1.3843765,0.6382882,0.046988845,0.1479736,0.571126,-0.08034417,-0.014209747,0.11872333
1352,0.81410146,0.49610394,0.27388546,0.4738226,-0.8114604,0.005921155,0.39250088,-0.2502699,0.43874863,0.32538396,0.7772449,0.30892006,0.8761873,0.22278775,1.1398107,1.0816683,-0.6745466,-0.14476526,0.0921132,0.0046094954,0.38741696,-0.08008933,-0.025864989,0.22146642,-1.5245874,-0.24191712,-0.66250587,0.52843404,-0.5652138,-0.12165278,-0.8607259,0.08928937,-0.09216246,-0.10826969,-0.18505707,-0.16936927,0.08725762,0.5029707,0.09445059,0.21564114
1353,0.38182178,0.15936306,0.012011051,-0.004504949,2.3609707,0.31300783,0.14021596,-0.018529654,0.09089801,-0.20179303,0.08975309,0.03611681,0.6597589,-0.2366193,0.17405531,0.24292636,4.650565,1.4009696,1.4680784,1.3322898,2.252952,2.7688906,1.9299235,1.5273951,-0.22036624,0.23021674,0.23394243,0.37689337,0.32489696,-0.033765197,0.11468035,0.27078384,0.0709452,-0.02866894,0.16735852,-0.2401439,0.32960838,0.39709705,0.030841678,-0.10521828
1354,1.7969549,1.91802,1.9453074,0.5809297,-0.008272409,-0.16393876,0.41845864,0.20884204,0.6070143,1.036058,1.1105428,0.7661755,5.0467396,2.276045,2.3023252,2.1455572,2.0588167,1.3715475,0.83274305,0.77277493,3.6610503,3.1436372,2.1770961,2.6988182,-0.237347,-0.3608424,-0.11189103,0.091879785,-0.4519403,-0.18550673,-0.46077344,-0.16634896,-0.058891654,-0.115424305,-0.0058333427,-0.061072797,0.5432713,0.2145628,-0.2405948,-0.14916205
1355,-0.97284055,-0.6170053,-0.42407346,-0.46133786,-0.5403469,-0.33961996,-0.12016499,0.040718317,-0.32010955,-0.04842379,0.23967613,-0.62429494,-0.65265214,-0.01969932,-0.11924541,-0.62091535,-0.46468294,-0.5004962,0.22871627,-0.057215393,-0.5344067,-0.15171057,-0.72445244,-0.0064306855,-0.5412295,-0.18259352,0.18183136,0.20807344,1.166992,0.5889393,0.33425504,0.25190756,-0.11990094,-0.3237458,-0.07938666,0.03757441,-0.6970371,0.931865,-0.10233399,-0.19716999
1356,-0.25586832,0.07377875,-0.030731797,-0.01877296,0.025603354,0.02758205,-0.41612583,-0.280214,-0.19518721,0.013488293,-0.23149562,-0.07263447,-0.17820013,-0.7823108,-0.012101233,-0.45538834,-0.24114877,-0.45558795,-0.660247,-0.27481782,0.22914445,0.68303853,-0.7733182,-0.49466306,-0.32452953,0.1608648,-0.36281016,-0.09068662,-0.31783068,0.017944034,0.7414008,0.16742998,0.2645658,0.3583386,-0.5274384,-0.38897204,0.4408191,0.025241733,0.8327827,-0.12142038
1357,1.739418,2.4753416,1.4217346,-0.3272394,-0.098588824,-0.4190197,0.19293918,-0.13352323,1.6438582,1.8052857,0.745209,-0.102214456,0.77801234,2.6587272,1.4477725,0.7451018,0.006048888,-0.06442277,0.21486041,-0.32731247,1.5010468,0.9247446,0.8209295,0.24002713,1.8088815,2.6681085,1.5638475,0.39615494,-0.3194337,-0.011871606,0.13238132,0.02475357,0.84480363,0.73049057,0.2646439,-0.07650626,-0.24165109,-0.21280716,-0.18095061,-0.041426063
1358,0.08960128,-0.17433977,0.37969518,-0.07247597,-0.055795453,-0.13701618,-0.11749101,-0.025893554,-0.1710188,0.3437285,-0.7251513,-0.13410582,0.6466784,0.12080134,-0.11981547,0.4025102,0.036394168,-0.2181851,0.32065055,-0.54081917,0.5231262,0.11640152,-0.20281303,-0.5730535,0.12675625,0.0362162,-0.41067702,0.2556983,0.224406,-0.031472668,-0.6160171,0.80100137,0.4269877,0.1244359,-0.5363852,-0.1853975,-0.35903776,0.69267523,-0.44893032,0.6045234
1359,0.33078447,0.10885465,0.63394046,-0.11698675,-0.008999564,-0.30368197,-0.19144307,-0.027150035,0.2266872,0.39656767,0.5344895,-0.026231885,1.0584506,1.6217593,1.6045082,0.29942155,1.2269397,1.6210985,0.5595956,-0.11400342,1.8100486,3.2703824,2.834785,0.30459726,0.19621861,0.20906517,-0.2644382,-0.08828843,-0.12539199,-0.19713765,-0.21889922,-0.12036061,0.06816006,-0.06023723,-0.06867099,-0.034478307,0.07319559,-0.39106128,-0.04447359,-0.018736243
1360,-0.3586024,-0.2111845,0.09822151,0.28310412,-0.6849676,-0.021832228,-0.0067005157,-0.16346309,-0.59827435,-0.32953835,0.25684413,0.20870739,0.9609895,0.48574293,0.34416348,-0.82501125,-0.60033476,-0.6509479,-0.6759578,-0.39513093,0.65478647,-0.55760205,0.36938307,-0.19366786,0.17774868,-0.44690713,-0.6536306,-0.5143381,-0.15465713,0.22136231,-0.7185468,-0.35031664,-0.053602815,-0.18454482,-0.114668205,-0.59176546,-0.4569098,-0.23531094,0.026236027,-0.14783365
1361,0.5174339,0.020421803,0.588132,0.99115276,-0.35504436,-0.079701245,-0.03976655,-0.08903473,-0.25286788,0.50733846,-0.030682296,0.18957418,1.244647,-0.20056093,1.2874813,0.5549175,0.39402956,0.14715922,0.38970852,0.63500726,0.34376627,1.4512913,0.6264726,1.000536,0.15625069,0.5016701,0.46833846,0.64271015,-0.046583593,0.14903343,-0.67441404,-0.15936399,-0.17770004,0.1093182,-0.28950867,-0.32805994,-0.08576882,0.26752055,0.7182388,-0.11704987
1362,-0.13135354,0.4888963,-0.054713994,0.34543383,0.29542914,0.046481997,0.32730198,0.40343016,1.795939,0.7903457,1.0453213,0.455534,0.00461483,-0.014380574,0.3378532,0.18788797,-0.11155698,0.4760018,-1.078701,0.026829755,0.04992354,-0.19121832,-0.26454657,-0.27456224,1.7501123,1.2650429,1.2372552,0.2512966,0.9129771,0.5027317,0.45112684,0.74714255,5.3876553,2.9608333,1.5282978,1.6379867,-0.39894816,-0.21846476,-0.7686361,0.22852418
1363,0.12231743,0.45615265,0.74020654,0.15281585,0.0602777,0.39901042,0.31173372,0.15554851,0.2760898,-0.29881978,0.52867424,-0.1532188,0.40272862,0.035235822,0.6545016,-0.20472723,0.27776843,0.9759569,0.7584648,0.42210087,0.3109845,0.9570258,1.2814571,0.5515603,0.11246298,0.03824544,-1.1234989,0.28716868,-0.36978543,-0.027449727,-0.060194135,0.07431634,0.101725936,0.03169465,-0.043870643,-0.16318443,-0.25294983,0.07090673,-0.2188133,0.41262218
1364,-1.31986,-0.3082863,-0.29829943,0.12402278,-0.43620625,-0.400944,-0.34610382,0.139972,0.2708206,0.14176422,0.0018787445,-0.18658465,0.08505714,0.46693194,-0.07268596,0.3845929,-0.44174033,-0.0060808007,-0.43679297,-0.6223063,-0.02481842,-0.94553715,-1.2371867,-0.73798823,0.036286116,-0.44608834,-0.20310873,-0.25529975,0.06525087,-0.08356953,-0.46149993,-0.19791436,0.3686014,-0.0052455887,0.5206989,0.5363932,-0.45308805,0.32914883,0.32670036,0.45983082
1365,-0.9048745,1.11396,0.12000025,-0.43799508,0.021953583,0.17005444,0.9116018,-0.06741777,-0.036557555,-0.03663349,0.3325701,0.12866995,0.6830742,0.36738753,-0.1616683,-0.07814455,0.29826072,-0.0030938387,-0.37647688,-0.522035,0.1861819,0.87171656,0.1866051,0.20498529,0.7533033,0.5994981,0.37372327,1.1034158,0.33399665,-0.65835935,0.68206656,0.3625654,0.042200327,0.69056,0.16953528,-0.61008614,0.123933166,-0.4259087,-0.38790563,-0.4594788
1366,0.000461936,-0.48324305,0.22199163,-0.6796161,0.07747263,-0.120721936,-0.2624914,-0.29888925,-0.3152598,-0.05197853,-0.5064759,-0.4479532,-0.42104536,-0.18165171,-0.78506637,-0.4684136,-0.10092497,-0.15646839,-0.6764287,-1.0752811,-0.10548854,-0.77205604,0.16788912,-0.29081202,0.025625467,0.22134215,0.5918855,0.25725925,0.59427196,0.50506955,2.302121,1.9979475,0.5250642,0.5688249,1.5823458,1.0620989,-0.5095356,-0.6529728,0.16410694,0.056290805
1367,0.065179944,-0.30491054,-0.10651082,-0.04211974,0.076441765,0.42675543,0.054408625,0.18613386,-0.10162425,-0.80576795,-0.11045721,-0.19882989,-0.33156884,-0.16977787,-0.20761445,-0.784373,0.24687922,-0.19090426,0.5018104,0.008893222,-0.29680526,-0.58195084,-0.15909785,-0.4503014,-0.13421553,0.021718532,-0.67394567,-0.29300624,-0.21463126,-0.06622732,0.16836825,-0.7253456,-0.7256998,0.7211016,-0.4147762,0.106764,0.027534664,-0.19863793,0.54634666,0.7349031
1368,-0.055936515,-0.41058323,0.014984742,0.14073946,-0.18480253,0.08436704,-0.4039537,-0.31029996,-0.09169698,-0.27722007,-0.061064076,0.18449374,-0.08556789,0.0250839,-0.14860606,-0.3920485,-0.12873805,-0.6000966,-0.22139001,-0.1541692,-0.24566406,-0.38254765,0.3531993,-0.8361827,0.17549127,0.76778644,1.0071962,0.42013517,1.4485472,1.6250302,1.1926641,2.3793883,2.025415,2.7010262,2.6925266,4.10549,-0.3111016,-0.24395384,0.44968033,-0.046129107
1369,-1.5105929,-0.047636032,0.05415941,0.44906414,-0.15157902,0.083378114,-0.11314002,0.34199113,-0.23157938,-0.27309507,0.3553035,0.30523622,-0.31236553,0.1352371,-0.52587986,-0.37105742,-0.38826,-0.15125772,0.17852555,0.3238345,0.28349972,-0.03575915,0.086946994,0.0029881094,0.3182811,0.34369805,0.19553944,0.4171316,-0.4047746,-0.26569512,-0.29214287,0.0055096745,-0.18857214,0.60146725,-0.32248184,0.4226851,0.3079896,0.07853316,-0.029836297,-0.47236723
1370,-0.119712174,-0.45325214,-0.4133185,-0.26015788,0.5440473,0.07917714,0.10828018,0.39753258,-0.89278877,0.2473734,0.24341124,0.29283288,-0.20476776,0.2798031,0.366253,-0.113857485,-0.22508553,-1.0072953,-0.58145106,-0.10964346,-0.24790329,-0.47749802,0.28425503,-0.92747045,-0.5599296,-0.34810424,0.3226203,-0.6600217,0.014326319,0.13480987,-0.08775368,-0.75437075,-0.81076753,-0.097945735,0.11061877,-0.5521261,0.28023562,-0.6190565,-0.04606983,-0.21228784
1371,0.0036168098,0.26353228,0.16931337,-0.46537024,1.3450524,-0.26465523,0.3436227,0.11815538,-0.14905894,0.016620636,0.62847614,0.34431285,0.19948253,0.3614056,-0.20532864,0.19824621,1.3302146,1.2347853,1.2484598,0.0002720952,-0.14282942,0.5103408,3.1364508,2.0259697,0.36313128,-0.2663192,-0.24482644,0.22927713,0.077528834,0.09714228,-0.042055845,0.45394328,-0.14794737,-0.036753625,0.02095437,0.13347477,0.3725101,-0.1774692,0.17600887,0.1825673
1372,-0.16753456,-0.4336283,-0.10678434,0.27175963,1.1257994,0.59856546,0.042447925,-0.11860118,1.3037139,0.5878297,-0.30068848,-0.4745889,0.8548838,-0.45820552,-0.17823035,0.4442713,1.6861863,1.053497,0.52082545,0.22248487,2.256501,4.116558,3.4874387,2.5798607,2.5949917,2.924303,1.1336493,1.2866637,0.87825894,0.34526205,-0.047659963,0.6251164,0.36222732,0.08602798,0.1571658,-0.17394996,0.3430068,0.046990037,-0.38010412,0.3259369
1373,1.367085,1.0682545,1.9232795,2.5409055,-0.19537514,5.045533e-05,0.30078995,0.22841886,0.6351918,0.9267476,2.2204444,1.1271875,0.41934338,0.8197674,1.7669432,2.032989,0.5977652,1.656974,0.6869672,0.45509684,0.40499973,1.4143434,1.9847587,1.5026437,-0.26106435,0.109598905,-0.16287541,0.043492913,-0.1660707,-0.29679394,-0.10161552,-0.12334788,-0.067991495,-0.08952165,-0.15345797,-0.3751672,0.47648895,0.1354273,0.13615319,-0.17924993
1374,-0.1518124,-0.31537938,-0.7753215,-0.29015425,0.445492,0.31208986,0.27119887,-0.1635115,0.37668186,0.19163287,0.16844928,-0.24584271,-0.6614957,-0.30102497,-0.14234139,-0.09558153,-0.38462722,-0.23531789,-0.34704846,-0.14977771,-0.75725245,-0.6260531,0.26669267,-0.47894797,0.7848444,-0.15675509,-0.21647361,0.098448135,0.20491606,0.9065666,0.63215244,0.1014581,0.8149564,1.4003562,0.7737242,1.2836887,-0.14200228,-0.08442548,-0.021417327,-0.0062602162
1375,0.44174424,0.61868083,0.74112964,1.2851541,-0.1744672,-0.09456581,-0.030218113,-0.46106416,0.40014353,0.35493654,0.25046268,0.37129045,-0.5846411,0.11206877,-0.13640085,0.22974446,-0.19480836,-0.058994032,-0.56281984,0.16787657,-0.16232085,-0.41798338,-0.32010865,-0.17023632,0.65002346,2.5888114,4.610431,1.1704082,-0.1463077,-0.017086446,0.42852807,0.15304771,0.13797054,0.024420172,0.21824364,0.2215774,-0.028416395,0.054744035,-0.25193036,-0.22377843
1376,0.063577056,-0.28272718,-0.057932794,0.041552123,0.7490746,-0.16425914,-0.20813045,0.42984146,-0.07470992,-0.21940485,-0.39053452,0.0028202385,-0.57969564,-0.4428238,-0.32308805,0.19059074,-0.29705822,0.6185961,-0.07372928,-0.83952796,-0.15259558,-0.11687349,0.5298703,-0.90676314,-0.26824254,0.075132966,-0.46724463,0.09339979,0.009973586,-0.62972444,-0.36969066,-0.30754548,-0.056027114,-0.08309123,-0.956054,-0.41034222,0.08763945,-0.16199169,-0.6206983,0.46262228
1377,0.70083284,0.82436705,0.536132,-0.40612176,0.97602147,0.05182615,-0.0016180575,-0.23357211,-0.46356404,-0.25406057,0.19557321,0.07575524,0.3659802,-0.19544227,0.006332908,-0.39638895,4.6678557,3.3243968,1.8733488,1.6475608,-0.20124719,1.3935091,-0.6978512,-0.20253329,-0.22912002,-0.3060139,0.10206918,-0.21948028,-0.0899899,-0.16625065,-0.39807644,0.12639293,0.0814119,0.012845695,0.015500285,-0.34391725,0.814153,0.5410076,-0.25102663,0.30127892
1378,-0.22230604,-0.4800431,-0.009689927,0.66997874,-0.19016147,-0.21096437,-0.26751578,-0.24387021,-0.32017905,-0.5078585,-0.36561537,-0.46996984,0.53298354,0.44806865,-0.2570818,-0.17222589,0.27853602,-0.9385675,-0.45916814,-0.19102213,0.44656035,0.60820854,-0.5809209,-0.40117988,0.27709007,1.4187956,2.0897143,1.3351631,0.63526857,1.4158709,1.7774802,1.8470871,3.5127707,3.713845,2.6122618,2.925657,-0.9704057,-0.42391855,-0.24683452,-0.2227639
1379,-0.21552885,-0.04893604,-0.07214683,-0.06584805,-0.051443286,-0.27004546,0.15771547,0.09267539,-0.15550697,0.026533961,-0.020306885,0.07237482,0.49015498,-0.15244047,0.0035219193,0.010930955,0.10174191,-0.122638464,0.025788724,-0.022045493,0.051719666,-0.12167274,-0.18041897,0.014434218,-0.4910071,-0.27269924,-0.23509413,0.16050541,0.30027974,0.010458469,0.13881174,0.024337828,-0.2943377,-0.16641687,-0.012007892,-7.6532364e-05,-0.118333936,-0.047234893,0.22957236,-0.10281849
1380,-0.1304053,-0.1764884,0.31169653,0.18597084,-0.34131736,-0.13599649,-0.07863796,0.009939492,0.084416375,-0.19137481,-0.12170246,0.16141653,0.032983273,-0.31472206,0.06471905,0.105190516,1.1676599,0.19804057,0.122790754,0.16683379,0.9189454,1.3429831,0.9741149,0.4771948,1.1795022,0.696338,1.6315705,0.030989617,0.82882947,0.90723294,0.7607552,0.6223105,0.8780308,0.2080974,0.4691744,0.5445435,-0.7096149,-0.2620114,0.12457815,-0.058059275
1381,-0.44267166,-0.66046166,-0.5542624,-0.43725565,0.25671315,0.2890386,0.25969493,0.05493939,0.7868283,-0.25102383,-0.015390575,-0.106717825,-1.191641,-0.2768559,-0.18631142,-0.7287234,0.6843729,0.42704117,0.6679028,0.20195961,0.2094419,-0.31501198,-0.3153566,-0.20792139,1.3020308,1.1234734,0.30131304,0.2524749,-0.124014854,0.52994573,0.18052298,0.25976998,-0.47543514,0.14155889,0.1137698,-0.42684323,0.08925125,-0.4528127,0.030199707,0.01592815
1382,-0.039914295,0.11868414,0.26656848,-0.17171207,-0.45216298,-0.39133614,-0.39395002,0.1459109,-0.54809105,-0.40713692,-0.17128432,-0.46501404,0.04642409,-0.36849332,-0.31880313,0.041435093,-0.16579017,0.63567585,0.33790517,0.3837005,-0.34337345,0.06845844,0.38064563,0.28221744,-0.3101235,-0.37436718,-0.3030198,-0.08262557,0.10613477,-0.5396221,-0.25897312,-0.6366001,-0.5938062,-0.34997883,-0.13782987,-0.4241996,-0.520564,0.10884315,0.37478483,0.0385108
1383,-0.047507882,-0.57898,-0.31699505,0.121666044,0.16673511,-0.19229689,0.089049965,-0.21067941,0.6424689,-0.2820049,0.0073429346,-0.20498164,-0.3530932,-0.43624887,-0.113666184,0.027111173,-0.45155442,-0.15520236,-0.10439104,-0.71201384,-0.3971306,-0.15666059,0.19189897,-0.4844775,-0.12669635,0.3617253,-0.09912896,-0.348597,0.15598226,-0.19364697,0.08395446,-0.0014823165,-0.45770466,-0.43577805,0.24917638,-0.31110525,-0.22027898,0.056396425,-0.21154135,-0.3226788
1384,0.45947587,0.06410897,-0.22075465,-0.5505701,-0.87362885,0.31431398,-0.28821605,-0.032224625,-1.0394413,-0.50756955,-0.14394957,0.34393418,0.013004899,0.24501488,0.74364936,-0.7839326,-0.0037793517,0.18885565,-0.39284772,0.025692105,-0.18288839,-0.8274612,-0.62224734,0.04931724,-0.48392767,-0.24491873,-0.7513688,0.23731154,-0.59582174,-0.060424015,0.1800161,0.54082286,-0.92331004,-0.16267434,-0.16460174,-0.4320839,0.7689005,0.26401025,0.4797188,0.17727649
1385,3.5745697,3.044344,1.4073156,1.2566981,0.038716674,-0.30426127,-0.064094365,-0.029998481,0.7420287,0.3557894,0.028871715,0.10365999,3.3153033,1.4135402,0.8601326,0.39832407,-0.17227359,-0.28463405,-0.029680938,-0.074121356,1.322297,0.6006121,0.4487803,0.40977585,1.0704917,-0.06686896,0.5409054,0.20642519,4.388624,2.3470879,1.5672553,1.4278486,2.9325602,1.9055192,1.3983073,1.0214331,-0.20377421,-0.2549277,-0.087973714,-0.13264984
1386,-0.163358,-0.3890733,0.26064855,-0.096043944,2.059748,0.66262984,0.33326685,0.0646431,1.2259023,0.2811935,-0.37434375,0.29694897,-0.35234755,0.15307611,-0.29841477,0.2608786,-0.24413046,-0.08690423,0.061250925,-0.54657954,0.106637836,-0.034439713,-0.076720804,-0.07121551,1.1191738,1.1709863,0.7607367,0.9668443,0.016902158,-0.45331353,-0.0018598735,-0.2992806,0.61065805,0.78171474,0.51228124,0.5563165,0.09151681,-0.37826723,-0.9810517,-0.18975094
1387,1.6357337,0.23104632,0.2971466,0.2509526,0.1057131,-0.27408418,-0.16701692,-0.40221027,0.43881214,0.38946354,-0.26413304,0.0034089088,0.5492155,0.29913235,0.2593244,-0.3627882,1.3129076,0.12180309,0.018401444,0.24709994,-0.851506,0.11370373,1.1276911,-0.37472814,-0.09215614,-0.65564156,0.5443526,-0.186824,0.56110656,-0.073385,-0.27724355,0.2089766,-1.1272253,-0.122347,-0.045153975,-0.12757319,0.34627193,0.0444777,-0.11749985,0.322049
1388,0.1887748,0.036608398,-0.16628107,-0.019313991,-0.025431275,1.2504939,0.21755159,0.17514277,0.72865343,0.010746133,-0.101386994,0.4223323,-0.42350817,0.27127331,0.39477864,-0.047022283,-0.20397668,0.56079096,-0.020878792,-0.01881367,-0.10246005,-0.14357293,0.11318618,0.20478496,0.20834872,0.49596137,0.048909903,0.24403298,0.6561198,-0.19639589,-0.59415597,-0.45571363,-0.012047768,-0.34259278,-0.07987064,0.21715134,-0.17337024,-0.031992733,-0.7303755,-0.2434943
1389,0.38726282,0.8666322,0.7213037,0.1900135,1.0948203,0.35906598,1.4026841,1.3751484,0.65638375,0.948015,1.5316012,0.84100336,1.6373065,0.9858076,0.42734176,1.0307434,0.60836184,-0.6067612,0.53150225,0.49549872,0.25181717,0.57108176,0.5212568,0.71856904,1.5653113,1.7101887,1.4935629,1.3974423,0.20183918,0.9234927,0.7998091,1.210232,0.727475,0.54898965,0.7006077,1.8585587,0.07970047,0.20705636,0.5416788,-0.24954042
1390,0.17481422,-0.16869168,-0.15686667,0.5084952,-0.083111286,-0.8202632,-0.15617219,0.57536364,0.5210235,0.6139566,0.10193676,0.071222305,-0.6003402,0.060141683,-0.70743924,-0.08495748,-0.36659145,-0.49800563,0.19140947,-0.39160353,-0.4148383,0.43714142,-0.024889737,-0.2237913,-0.28566095,-0.49122941,-0.27817816,-0.7979975,-0.6024853,0.486605,0.26845574,0.3231085,-0.4834281,-0.4891425,0.09566337,0.27760637,0.6584346,0.020105317,0.29906744,0.48385647
1391,0.3515524,-0.18158513,-0.14206436,0.38931757,0.26102328,0.36101022,0.34816468,0.09537068,0.7194771,0.19865496,0.2537958,-0.35640693,-0.04998058,-0.16668071,-0.43594873,-0.2021712,-0.12959526,-0.73560345,-0.830434,-0.054517925,-0.28896886,0.08864957,-0.13367808,0.32116276,1.4460479,0.9836641,1.6250451,2.0278332,0.42916363,0.261702,0.018315315,-0.06950301,1.1723025,0.56633186,0.735726,0.36959067,0.1523692,-0.11523187,-0.094773576,0.031793118
1392,1.8643188,2.0423787,1.9392526,0.89261055,-0.010262966,0.03746604,0.34848458,-0.38697168,0.46611148,1.0072247,0.10973357,0.8824979,3.2086024,1.4290022,1.5008944,1.0119003,-0.54361844,0.18347216,-0.19165653,-0.3277347,-0.15924662,0.58308417,-0.68041795,0.27696398,-0.12271953,-0.20702854,-0.47576064,-0.3315608,0.5558487,0.43865576,2.3059208,0.29357013,-0.21870923,-0.5895922,0.07858369,-0.23209494,0.3432565,-0.07379153,-0.19306654,0.44900182
1393,1.0145166,0.007635534,0.3816101,0.6730375,-0.13558757,-0.37623736,0.15168905,-0.42572248,0.47333866,0.80252033,0.35733938,0.8173264,0.42520607,1.1212275,0.5848832,0.7993035,-0.1559698,-0.6190539,-0.36622345,-0.3655116,-0.1685226,0.06737685,0.35169518,-0.14631301,3.9097676,2.2930949,2.4785533,2.8699815,1.4247668,1.345547,0.7938318,0.7392259,2.1563437,1.5846691,1.1820785,1.7110844,0.022208273,-0.6108568,0.08766186,0.23346433
1394,-0.02982992,0.23585182,0.52875924,-0.10292351,-0.33503908,0.2727821,-0.31507593,0.34284416,-0.13833356,0.35432735,0.4695124,0.5928917,-0.07639104,-0.03512433,0.14383787,-0.043217786,0.14515047,-0.5612233,0.047142208,-0.3385473,0.39084768,0.103149734,-0.47489464,0.14212447,0.13916649,-0.009076402,-0.16466159,-0.27757478,0.2801264,0.15497923,0.1466276,-0.090403944,-0.35554707,0.046838522,-0.49600527,-0.12456543,0.010650039,-0.14751428,-0.3470464,-0.28425163
1395,2.5190463,2.9362156,2.2421975,1.5738592,-0.26230836,-0.5130676,-0.35139084,-0.055902183,0.18402076,0.2818957,0.791731,0.094132185,1.4808646,2.3597364,3.2340243,1.9392059,-0.3246205,-0.13589747,-0.022753686,-0.63895094,0.6451242,0.88000023,0.54873866,0.8059296,-0.5401917,0.00357759,0.022607625,0.054070875,-0.22147572,0.057850003,-0.54662144,0.054273665,-0.3196789,-0.635187,0.162794,0.06728299,0.6249956,0.20565435,0.13494618,-0.17140508
1396,-0.041962862,-0.124361515,-0.18756312,-0.07785416,-0.09814024,0.14886531,-0.0471285,-0.16561776,-0.36148736,-0.1395312,-0.12698844,-0.056191146,-0.09978771,-0.3117114,-0.23204014,-0.04490292,0.2957325,-0.4209873,-0.017801344,-0.23301846,-0.26546478,-0.34639472,-0.17135674,-0.16739112,-0.65394986,-0.23069122,0.071872175,0.009094298,-0.11594027,-0.16000682,0.047193825,-0.019852508,-0.19847122,-0.3046857,-0.32444835,-0.0033223927,-0.13298127,0.010949776,0.13767835,-0.041427433
1397,1.1240852,0.2753532,0.42656875,-0.14295962,-0.08943331,0.54945433,0.23779118,0.3949008,1.3860055,0.3806612,1.198602,0.197707,1.2266479,-0.25772566,0.30781776,-0.16768348,0.6453224,-0.21596572,0.8721366,-0.22180688,0.0634208,-0.4699874,0.26461232,0.36948147,0.76515716,0.19826257,-0.15571308,-0.31574726,0.010833263,0.30720705,0.48561192,0.1775936,0.16232026,0.84206057,-0.029271007,-0.110833034,-0.3210582,-0.0050119795,0.55312324,-0.31647608
1398,-0.47051936,-0.46851084,0.3033111,-0.27879363,-0.48345047,-0.1765736,-0.28063017,0.106706485,-0.63920146,0.50400466,-0.6478104,0.29668117,0.2155326,0.5202782,0.12763537,-1.0355082,0.29386944,0.48724556,0.08674851,0.14537117,0.4475197,0.82669914,0.16358268,0.52400553,-0.7000576,-0.6975591,-0.34555477,-0.18791783,1.5194353,0.9644853,0.68127334,0.84610987,0.8638604,0.2306258,1.0605018,-0.015288666,-0.43373045,-0.12279923,-0.05763367,-0.3229414
1399,0.46504247,-0.09020075,-0.005977392,0.17544061,1.5194659,0.56240875,0.44306964,0.37373742,1.8517201,0.9770984,1.0338359,0.27356184,0.6076524,-0.03398791,-0.1387493,0.0011008978,-0.003076911,-0.46106648,-0.03714156,-0.22729433,-0.08235726,-0.049475923,-0.07744211,-0.370438,2.1782312,0.99139047,1.2211404,0.6408055,0.8159876,0.257222,0.19217438,0.355296,2.194816,1.932694,1.7129242,0.98600507,-0.5745349,-0.048743367,0.038274884,-0.11339855
1400,0.22616541,0.060296863,0.41928476,-0.024143994,-0.070075035,0.15171003,0.04548183,0.0065438747,-0.43619698,-0.10647574,-0.021133602,-0.0603891,-0.2820077,-0.16699582,0.03059417,-0.6477404,-0.22714233,-0.17026798,0.063602716,-0.037563205,-0.016147375,0.08202714,-0.07630539,0.04279995,-0.33104265,-0.48272166,0.12813956,0.020940661,0.6770006,0.97536266,0.036658823,0.59535503,-0.22959518,0.080666274,-0.54234403,-0.18985856,-0.03226182,-0.006453097,-0.104497015,0.046112597
1401,-0.014059484,-0.35122836,-0.31868207,0.089307725,-0.7560262,0.084571004,0.64439726,0.19652142,0.41082668,-0.00179708,0.056495428,-0.1404604,0.23622,-0.092868164,-0.4521769,-0.45744812,-0.33123016,-0.6058734,-0.45954537,-0.32966846,-0.27965152,-0.8036728,-0.2839722,-0.65278745,4.753598,4.178151,2.4649897,1.5610197,-0.13852924,0.026369572,-0.11780554,0.4934771,2.890544,1.6316087,1.9677283,1.3930459,0.09864694,0.24279362,0.1406337,0.03850442
1402,-0.25807247,0.001293838,-0.16128042,-0.16387665,-0.63641524,-0.51098394,0.009646535,-0.4032808,-0.031360775,-0.17241403,-0.3023602,0.22143896,0.53758806,0.035024703,0.4727431,-0.27693164,-0.25861323,-0.5589992,-0.46680492,-0.111290336,-0.9979973,-0.28496775,-0.47363526,-0.041134834,-0.25104678,-0.36938205,-0.13942981,-0.20956498,1.4408665,0.7520541,-0.17988332,0.021149205,1.4545971,0.30902562,-0.13879308,-0.3716055,0.63646877,0.09145439,0.007232845,1.278481
1403,0.30965942,-0.047235817,-0.38433382,0.10339189,2.454795,3.0064478,2.9186046,2.274272,2.8472085,2.1682987,2.0090096,1.956375,0.023519546,0.095089376,-0.09543991,-0.85900486,-0.59488875,-0.4060679,-0.29524034,-0.23027796,-0.30851427,-0.47267145,-0.42978936,-0.3709684,0.73303866,-0.46540692,0.25515246,-0.091229744,0.1486331,-0.19472721,-0.2166592,-0.22865534,-0.44827008,-0.48917925,-0.18787917,-0.2279681,-0.21970463,0.042050645,0.36972722,0.14323138
1404,0.41003665,0.9547252,0.31807485,-0.2942577,-0.57980216,-1.3695134,-0.8100523,0.045304835,0.2005959,-0.90896136,-0.08183834,0.27485508,1.7879539,-0.49767062,-0.027385592,-0.06695169,-0.14974204,-0.20748723,-0.0015094876,-0.7313313,0.99438274,1.955504,0.92754626,-0.5687186,0.13066587,-0.099086925,0.33194435,-0.36419478,0.22097054,-0.55726093,0.52404827,-0.24078158,-0.09551853,-0.17878294,0.15760142,-0.076467246,0.52298445,-0.15737168,-0.3135882,0.17790061
1405,0.3443659,0.40593576,2.1229239,-0.009340338,2.6280718,3.9417374,3.3764303,3.5831068,0.41989818,3.6704752,1.9681513,2.9653254,0.40060937,0.2009458,0.8940556,0.10103932,2.448542,2.4942572,1.5970666,1.4688239,2.3538067,2.407412,1.6754626,0.68907297,-0.057072878,0.4380124,0.17420433,1.3455782,0.104848504,-0.0640638,0.017714798,0.063164115,0.20224181,-0.12505066,0.100191385,-0.073344916,1.2125251,0.722694,0.51265144,0.5261501
1406,-0.37323925,0.42461425,0.39267492,0.33407503,0.10697565,0.6828352,-0.08909495,0.034743845,-0.6342125,-0.12868845,-0.44777268,0.6115464,0.05357492,-0.06925213,0.17293519,-0.08589916,1.598584,0.47059655,0.31434965,0.35759595,0.4698633,0.587969,0.4376917,0.6410212,0.025767062,0.293033,-0.06314586,-0.40832263,0.43859774,0.22088596,0.27190468,-0.16810858,-1.2507328,0.04220426,-0.36033988,-0.31520426,-0.7041065,-0.3931939,-0.15657412,-0.20331691
1407,-0.47667968,-0.005383283,0.07623786,-0.062287927,0.50759447,0.2878356,0.31927902,0.14908224,0.15206379,0.6360386,0.57307905,0.3471926,-0.39108253,-0.32989538,0.10955635,-0.19864911,0.54298556,0.20233479,-0.07170728,-0.14189863,-0.33045816,0.5669228,-0.18687838,0.3914532,1.3893529,0.35395995,0.096190065,0.20003283,-0.4942859,-0.13015418,-0.07104072,-0.28671938,-0.1788699,-0.11659974,0.087306604,0.044253886,-0.10568058,0.26685375,0.007516563,-0.05318284
1408,0.77221483,1.9281418,1.7386489,1.4759368,1.6716201,-0.14477867,0.6223708,0.055102,2.6081333,1.7970827,1.8127115,0.14834067,-1.2177604,0.05728782,-0.080439866,-0.51058465,0.7391594,-0.07724035,0.31605035,0.7815453,0.020189777,0.22471638,0.0018324256,0.188781,3.6494632,1.9872488,1.2723051,0.5002965,-0.5767672,-0.1926772,0.19583476,0.707788,0.3086183,0.399957,-0.18611836,-0.24529567,0.020107906,0.55588746,-0.052271612,-0.27465993
1409,-0.19891071,-0.3637327,0.011202216,-0.12020376,0.7292861,-0.080568075,0.12087244,-0.07982957,0.649929,0.23492914,-0.49829227,0.044070125,-0.24202698,-0.21173504,-0.49158388,-0.19715816,-0.061362386,-0.59129816,-0.096684515,-0.0064896643,-0.23686558,-0.27343357,-0.4275666,-0.2334964,1.1637717,0.13308218,0.38646102,0.15633586,2.4065063,2.0894728,1.4750403,1.4708569,3.6224432,2.3324475,2.351434,2.386454,-0.7720537,-0.1753999,0.07747519,-0.0211142
1410,-0.4137017,-0.4971671,0.4057523,-0.2204444,0.18539298,0.94898164,0.59570724,1.4452322,2.0040941,-0.42409098,-0.6225505,-0.09336966,-0.06970507,-0.34928408,-0.06894809,-0.22334626,0.06293982,-0.1440256,-0.035934925,-0.5030279,-0.13151932,-0.24751042,-0.38531888,-0.22268152,0.6433034,0.39771783,0.8903476,0.93658584,-0.080527246,0.11171627,-0.60774493,0.21350606,0.46712407,0.111536205,-0.09168285,0.644676,-0.105514646,-0.5798757,-0.04000449,-0.043898873
1411,0.32922998,-0.09352219,-0.32908046,-0.0001912415,1.4696853,-0.26195344,0.49292663,0.5760087,-0.21074888,-0.032177314,0.6242838,0.06591058,0.24587399,-0.22149436,0.141384,0.4739965,-0.5969343,-0.28779113,-0.34580958,-0.25454885,-0.27489874,1.0752167,-0.49233475,-0.94429964,0.18893707,0.21088222,-0.44079432,0.11183381,0.15877184,0.24628581,-0.3564099,1.1917593,-0.2979921,0.31267327,-0.6793122,-0.40452445,-0.71521115,-0.34333855,0.13976556,0.04841268
1412,0.10086882,-0.2187129,-0.17003337,-0.044097066,-0.75763404,0.038291603,0.1541894,-0.16083866,0.04882139,-0.14962237,-0.52580446,0.04247669,0.55258095,0.09854905,-0.30979794,-0.038761288,0.0050640106,-0.9101952,-0.40829226,-0.1338663,-0.4264837,-0.38887775,0.18654656,-0.15134495,3.0473728,3.6790338,2.2639563,1.9374673,-0.9168683,-0.08201802,0.7365438,0.3590633,1.265444,0.7757755,0.9804294,0.74651206,-0.16754305,0.44501916,-0.09440586,-0.03927523
1413,0.20727652,-0.20413688,-0.030596854,0.038066983,1.326609,1.6973403,2.1528466,1.4663906,0.9924994,1.0300426,-0.0040228814,0.7283044,-0.03587067,0.084563255,-0.37693226,-0.15757704,-0.07448053,0.10596524,-0.11815655,-0.4497157,-0.3417405,-0.17828676,-0.17289835,-0.20378907,0.4061556,0.83501035,0.45272493,0.6271598,0.2723236,0.9027952,0.10470456,0.38256744,1.7528914,1.4173872,0.9206063,1.6374457,-0.17528719,-0.29020387,0.09302279,0.1017248
1414,0.081870854,-0.32345623,0.054398347,0.06961861,-0.1942277,-0.42041707,-0.27299583,0.20999648,0.050905645,-0.10187745,-0.55996454,-0.015067875,0.03205192,0.23110181,-0.5185518,0.30346036,-0.33159733,-0.43845314,-1.2893835,0.033004284,-0.025563598,0.14222044,0.38580084,-0.051481962,-0.069898844,-0.27611834,-0.49545032,0.046763085,0.0783056,0.00060689636,-0.15734547,-0.18432122,-0.4352852,-0.3723802,0.15823585,-0.5055779,-0.14644653,0.21177506,-0.54598355,0.2020008
1415,0.19177759,-0.04590255,-0.2981889,-0.09664631,-0.11516702,-0.22595173,-0.017134368,-0.094697,0.10635835,-0.17828393,-0.08994174,-0.09712762,-0.08493912,-0.20267141,0.21547525,0.08701807,2.739192,2.529146,0.8646338,0.268283,0.4164092,0.71391654,0.98058045,0.38373268,0.03341806,-0.47130197,0.47403258,0.33584368,-0.28239888,-0.087608874,-0.140025,-0.24528602,0.07316244,0.022132218,0.019428194,0.4409056,0.14216197,-0.021366388,-0.2620564,-0.2941651
1416,0.3367635,-0.24745518,-0.29248857,0.08397948,0.32841492,0.3579716,0.7555896,-0.14045548,0.3341601,-0.17983323,-0.4436201,-0.5839591,0.022214293,-0.30676386,-0.20891127,-0.27533048,-0.004754305,-0.52645236,-0.009644374,-0.62660766,-0.21936387,-0.33063325,-0.44558355,-0.46131384,-0.039197803,-0.03739351,-0.22931892,-0.39595175,0.110321224,0.09978384,1.0322369,0.04822495,-0.14873075,0.6477095,0.25200787,0.6874099,0.19067223,-0.12565744,-0.2664605,0.8045863
1417,0.2851416,0.35200652,-0.3601444,0.1320644,-0.24611604,-0.36920983,-0.3260665,0.03564474,0.4532933,-0.06738722,-0.2588081,0.0719682,0.64565134,1.0980536,0.27741212,-0.01583922,0.26800776,0.27160484,-0.06089261,0.061086476,1.7088673,1.6439447,0.62110317,-0.06888729,0.37579286,0.029440895,-0.07741918,-0.28080198,-0.44109464,-0.07562915,0.52024865,-0.07844943,-0.06221396,0.045074403,-0.053154796,0.18000749,1.1501491,-0.5999533,0.100910425,-0.0495933
1418,-0.18873033,0.53956974,-0.3728663,0.17557949,0.36814824,-0.15251458,0.35218894,0.18922746,-0.694564,0.28140932,-0.4094888,-0.07452372,0.4510454,-0.3319423,-0.027154386,0.4138053,1.3409069,-0.683167,0.12736101,-0.3295039,-0.64641666,0.1324819,0.0875045,0.051144183,-0.11807385,-0.08952069,0.11213142,-0.2813828,-0.41986316,0.23492286,-0.111851424,-0.10962272,0.07803196,-0.3449511,-0.040245607,-0.2010389,-0.58057183,-0.33612606,0.25464272,-0.23024547
1419,0.65512407,0.94637567,0.94723856,0.7389272,0.057234347,0.18518575,-0.14180866,-0.32764423,0.2966087,0.6068648,0.40276733,0.7450712,0.9822937,1.1885922,1.4150019,0.25123456,0.30563563,-0.22569042,-0.088831805,-0.1809017,1.0138175,1.0568304,0.67083305,0.08461785,0.12865533,-0.23403671,-0.06891847,0.9604825,-0.23015049,-0.68958646,-0.6861646,-0.2647013,0.38186583,-0.5603869,-0.086545385,0.50284404,0.07314682,-0.40211314,0.23482946,0.36680976
1420,-0.09197724,-0.48875794,-0.35798436,-0.39793122,-0.25769514,-0.18852437,-0.050121784,0.06497121,-0.43108386,-0.50555956,-1.0436786,-0.3483562,-0.32934564,0.08908138,-0.25283355,-0.38728726,0.131024,0.026107311,-0.19742984,-0.2654631,-0.047958136,-0.8610686,-0.36913896,-0.5393782,0.11132574,0.5250328,-0.22460976,-0.4264347,-0.32123184,-0.08267611,-0.0814815,-0.19048071,0.32809284,-0.07609463,-0.057054907,-0.15662849,-0.82551974,0.027385086,0.21249455,-0.12164807
1421,-0.25287834,-0.02039811,0.36035347,0.3333908,0.30464613,-0.47084486,-0.047497153,-0.44268286,-0.07235572,-0.3370228,0.019647121,-0.37816796,-0.25594717,-0.5181741,-0.6485039,-0.4610715,1.1488996,0.71121836,1.9412601,0.9771233,-0.3229062,1.2713797,-0.3003949,0.43947378,-0.5625231,0.032515764,-0.3969642,-0.39141178,0.041621074,0.045742065,-0.08989866,0.23658356,0.16991311,0.0042312294,-0.0052375793,-0.21928489,-0.53340745,-0.5710411,-0.09133297,0.21422192
1422,-0.7928761,-0.1548354,0.0008571595,0.13764077,-0.11329758,0.2701028,0.2645837,0.18116555,0.24304888,-0.030031927,-0.033013605,0.08229589,-0.089006126,0.08206397,0.33941907,0.504164,0.27231932,0.80714333,-0.035504088,0.08327308,-0.0470587,-0.101674795,-0.0633854,-0.12796715,-0.22844642,0.2604484,0.53697217,-0.04493343,1.1550837,0.21067047,0.14121222,-0.3122658,-2.0300512,-0.12566644,-0.14224505,-0.1145553,-0.17258322,0.0025036037,-0.10146928,0.42958874
1423,0.3775864,0.43981212,0.5429232,0.2385478,-0.0670867,-0.27876383,-0.11935645,-0.16542992,0.94701034,0.08855961,1.1387185,0.3162899,1.2873101,1.9332464,2.8639138,2.4742782,0.29291382,0.549353,0.31561503,0.26000208,3.3272316,3.6389563,3.7055657,3.0125165,-0.1744008,0.1513142,-0.03869176,-0.101474345,-0.08765158,-0.03240472,-0.03495477,-0.018575132,-0.0032470822,0.31120187,0.44965452,-0.20988008,0.0688709,-0.042144924,-0.28093815,0.051338196
1424,0.19316348,-0.010518685,-0.2219364,-0.26286262,0.74038535,0.9267776,0.6953671,0.76954085,2.1232977,0.93569577,2.1185942,1.4261905,0.2744733,0.5832975,0.59226906,0.3253083,-0.20956197,-0.072942734,-0.13105091,0.015074164,-0.5079223,0.2294094,0.39342332,0.21308672,0.6435008,1.0302836,0.19451684,0.6092109,-0.6657622,0.18722028,-0.14116901,-0.49294102,-0.08106995,0.4071409,1.1808515,0.45430785,-0.018689007,0.10255355,0.44191658,0.3802334
1425,0.00262177,0.64580524,0.25181732,-0.060555086,0.050418913,0.3327363,0.33706546,-0.035318427,0.5173889,-0.037415456,0.43250132,0.8836798,0.69898033,0.529134,-0.6592505,0.083215535,0.13052529,0.7128072,0.32874513,0.13912803,-0.4179272,0.036141574,-0.28945732,-0.18576685,0.44382405,0.35709274,1.2247198,0.36189687,-0.13227266,0.399108,0.085228175,0.12994057,0.37085673,0.10542813,-0.011280358,-0.60566473,-0.17974454,0.5897269,0.0731796,0.16218692
1426,0.021492451,0.08662727,0.40610445,0.078136116,0.17470303,0.14373559,0.5388256,0.16751969,0.0744498,-0.45865735,0.12627532,0.11320609,0.24825972,-0.04267609,-0.32446873,0.25722292,0.10632805,0.12348172,-0.1739785,0.44300383,0.027497055,0.5547478,0.227938,-0.3712726,0.26436576,0.36596748,0.24983355,-0.023770094,-0.018086284,-0.027542526,-0.16250388,-0.20581907,0.44743064,-0.28508455,-0.26663896,0.27921858,-0.38658446,-0.03958571,-0.4741918,-0.20974407
1427,0.22898126,-0.47853965,-0.31289732,-0.05044055,-0.063682675,-0.23480678,-0.035577774,0.66430473,-0.021903872,-0.43600744,0.01887095,-0.55287635,-0.42842096,-0.5705313,-0.09053671,-0.14335269,-0.5679623,-0.8855412,-0.2951738,0.4936527,-0.12885413,0.27105922,-0.27721894,-0.28295118,-0.48666155,0.047242403,-0.12823844,-0.2511984,-0.08522618,-0.1818344,-0.010693431,0.3918221,-0.5403561,-0.31561273,-0.19349706,-0.101750135,-0.6438619,-0.15282255,-0.49971002,-0.03520885
1428,-0.024732113,-0.5844581,-0.45211533,-0.38652402,-0.18636173,0.15001783,-0.033225775,-0.13178311,-0.11464572,-0.18709236,0.27484864,-0.15170945,-0.44600034,-0.46991363,-0.43232566,0.19087666,-0.31712914,-0.066187605,-0.21659246,-0.16876099,-0.17516804,-0.08701148,0.2207402,-0.41626412,-0.18647146,0.11097145,-0.19729602,-0.2741026,0.16990674,0.542672,-0.2357646,-0.25288904,-0.059864104,-0.22642708,-0.56266594,-0.36341786,-0.0109657645,-0.10778336,-0.80736154,-0.16052616
1429,0.23137325,0.2857171,0.3805452,-0.2972235,0.13833737,-0.30642423,-0.12563995,-0.100307584,-0.22821933,-0.2670748,-0.44791493,-0.27983266,-0.12447268,-0.034835517,0.06453429,-0.1031822,0.31581888,-0.049138248,-0.31905344,-0.116444945,-0.03275773,0.0046135783,-0.3092397,0.33077335,-0.2245113,-0.013898015,-0.1664779,-0.5570263,0.29594424,0.25477952,-0.0786,0.1027233,-0.6277648,-0.1658225,0.10065234,-0.39550382,0.24713978,-0.3216959,0.08097318,0.38199073
1430,0.22113827,0.30015612,-0.0347791,0.17782447,0.08368403,0.002103895,0.13752389,-0.27260894,-0.0012264848,-0.02574259,-0.2651324,-0.024236262,0.05526322,-0.29200268,-0.21182615,0.36498374,-0.15232527,-0.19767946,-1.1125418,0.60358334,-0.025720835,-0.057320654,-0.21312577,-1.0026383,3.510316,2.8486695,5.0162425,2.9339662,-0.81600547,0.13398898,-0.07440063,0.4839631,1.7291203,1.9701251,1.5977478,2.5711136,0.23360503,0.19252145,0.3050052,0.009771049
1431,-0.10638523,-0.6336131,0.020147592,-0.097091615,-0.13074593,-0.35158944,-0.004838556,0.14602661,-0.051889136,-0.30470598,0.23362668,-0.24494612,0.4289779,-0.29351452,-0.06563622,0.0903095,1.460994,0.45680177,-0.39285553,0.6639517,0.5594883,0.59988844,0.4449894,0.33770514,-0.47653556,-0.6869961,-0.59786433,-0.0016129613,-0.6007062,-0.5855879,0.61611533,-0.15006205,-0.24209411,0.03765863,-0.31364232,-0.27212703,0.36600247,-0.37025762,-0.2641552,0.025549054
1432,0.6131837,0.08996853,0.11942368,-0.15371813,0.63924056,0.14629917,0.3510958,-0.30534536,-0.12123316,0.11529267,-0.09410989,-0.20580985,-0.06690353,-0.05970614,-0.13199732,-0.13881135,-0.22195101,-0.45019972,-0.23985165,0.20014977,0.28843814,-0.41812992,-0.28867492,0.057510853,-0.35855842,0.7769289,0.09957951,1.0449958,-0.046140254,0.08663261,0.17225362,0.30218416,-0.5975485,-0.37709963,0.22428547,0.0075910687,0.42896575,0.07810868,0.109748185,0.26435015
1433,0.031666778,0.18779407,-0.031145573,0.19613469,-0.5477877,0.17171489,0.11207506,-0.014203273,0.14641912,-0.07548047,-0.9349161,0.13043346,-0.0653317,0.31968746,0.0674845,0.21385652,-0.45137036,-0.98199606,-0.18618928,0.15607503,0.06441337,-0.2716575,0.38166332,-0.0064861476,0.023774445,-0.2997269,-0.6734718,-0.105439484,0.1248079,-0.11649332,-0.120580494,-0.1834634,-0.16118658,-0.4347723,-0.004091382,0.08817458,-0.13879871,0.04575728,-0.7433644,0.113592595
1434,0.1586489,-0.31104767,-0.034771264,0.034155503,2.067061,1.9665082,1.6121182,0.3977894,1.4417406,0.19313854,1.1206131,0.78784144,0.15042603,-0.03372687,0.087860554,-0.2199214,0.12998748,-0.28493875,0.26737893,-0.16808623,-0.019502938,-0.72393584,-0.37571824,0.32815355,3.37632,0.018836796,-0.35724622,-0.83472824,0.31258863,-0.13805217,-0.30194244,0.43888932,1.101355,0.36454895,0.5348288,0.049002647,0.270954,-0.20632946,-0.15405689,0.14659593
1435,-0.00050640106,-0.48824996,0.03660643,1.0465918,0.03635621,-0.0020483732,-0.23666061,0.25277948,1.135165,0.17197841,-0.08531631,-0.02598393,0.03192556,-0.25270006,-0.26142502,-0.3694911,0.17643106,0.55452657,0.27679324,0.3477612,0.055951238,-0.32422543,-0.046769336,0.11413163,0.030946493,0.41203162,0.06832533,-0.10040496,1.2006371,1.6162323,0.987987,0.717298,0.8672475,1.1024699,1.1961645,0.6992006,-0.14343911,-0.16426104,0.26807877,-0.27963138
1436,0.34785366,0.32486087,0.001915127,0.15223691,1.7106137,2.436088,-0.14497215,0.7104651,0.6993942,0.30363148,0.5322647,-0.37020218,-0.6364714,-0.2923047,-0.34322888,9.0807676e-05,-0.21065655,-0.2123177,-0.2289669,0.3211568,0.006853819,-0.79939055,0.19368935,-0.20938373,0.43032324,0.21435657,0.41349262,0.1314006,-0.97441316,-0.22047387,0.16955157,-0.106350474,-0.43805677,0.5140586,0.07179707,0.40291873,0.11868089,-0.16560107,-0.14325844,0.008582413
1437,0.5546306,-0.2840496,0.13605598,-0.17894661,-0.30303955,0.26308525,-0.2315113,-0.080720365,0.6670934,-0.09196739,0.029624939,0.13664633,0.32919455,0.14238292,-0.10674572,0.2999987,-0.46958554,-0.34847835,-0.036267042,-0.43612474,-0.15994513,-0.38485926,-0.21943967,-0.05244136,0.033192635,0.46211874,0.10177493,0.0804472,0.009989262,0.13716924,0.51532286,0.07989538,0.9732734,0.5916458,-0.37619624,0.5627575,-0.26027668,-0.09679255,0.21117753,0.21948874
1438,0.32557297,0.0014461279,0.007557139,0.0005491376,0.29098493,-0.56313604,0.1813398,0.2299884,0.10137439,-0.015730217,-0.19206539,-0.3359899,0.28607178,-0.29442722,0.14236763,-0.08323768,-0.41389155,3.1664968e-05,0.21252689,-0.17588574,-0.22725701,0.12105357,0.06853375,-0.09040183,-0.4918301,-0.4215636,-0.04608184,-0.27704883,0.44351923,-0.38978666,-0.18991832,-0.23639528,-1.0422754,-0.15959567,-0.53511405,-0.05174172,-0.29633737,-0.42445093,-0.088211834,-0.0879994
1439,-0.20779905,-0.036697865,-0.28083152,0.06440364,-0.10706225,-0.020605803,-0.08360341,0.49403274,-0.3984567,-0.7217605,0.02170065,-0.022785306,0.5442166,-0.20342848,-0.025515784,-0.07598609,-0.29006028,-0.12099552,-0.31614494,-0.25357565,0.20130801,-0.19442964,0.16521823,0.4177665,0.8042344,-0.06767827,0.031338394,0.23816751,-0.30373633,-0.35734054,-0.022922933,-1.4275296,1.1692019,-0.2793531,-0.3911611,0.025265813,-0.3848753,0.38418874,0.5182959,0.17356038
1440,-0.38261342,-0.46563315,0.038437426,0.19611219,-0.21619049,0.013591528,-0.5382513,0.14656708,0.14924815,-0.32546127,-0.29748005,-0.18087965,0.3181903,-0.19073898,0.30766654,0.47673106,-0.30939174,-0.78204286,-0.08386943,-0.15762722,-0.07251619,0.0036099553,-0.31405938,-0.7028258,-0.1302346,0.02511093,0.030178726,0.50149107,0.9153312,1.0308113,1.365398,1.0021615,0.7783169,1.0488565,0.26442474,1.1957521,-0.5355631,0.21427554,0.17904139,0.13837683
1441,-0.12728755,-0.13091612,0.44996542,0.0389236,0.36951798,0.05175358,-0.018846333,0.5139253,0.016812086,0.8071074,-0.19420782,-0.12672195,-0.24661109,-0.20223114,0.3324477,0.034977704,0.11564532,-0.18174408,-0.34221524,0.0032630563,0.21203238,-0.6481645,-0.2681415,-0.0909735,-0.20236707,-1.2980349,0.035140157,-0.4875329,0.7089027,0.5289855,-0.16271257,-0.06959438,1.379492,0.56115663,-0.4358681,0.24454919,-0.49077857,0.33054414,-0.21334992,-0.8162339
1442,0.23685938,-0.6172577,-0.02748382,-0.10099141,-0.03519237,-0.25748992,-0.100124896,-0.14932081,0.055327058,-0.6829226,-0.09917474,-0.06543496,-0.100676894,-0.3577075,-0.0737955,-0.011274338,0.020032048,0.5203934,0.060506776,0.047528386,-0.045838445,-0.12980974,0.34279335,0.19514796,1.5280935,-0.16380578,0.99743885,1.2877779,-0.33959758,-0.26356924,0.095883906,0.10564262,0.3353944,0.25924206,0.8141719,0.0070251226,-0.065303266,-0.65510607,-0.15302365,-0.472099
1443,0.10101324,-0.10983929,-0.10338616,-0.32016933,0.09278643,-0.55009806,-0.10200849,-0.3629182,0.2371027,-0.3038459,-0.23339868,0.15687907,-0.030020118,0.250746,0.11689633,0.047906607,0.06478661,0.0664961,0.068749696,0.08432724,-0.07110274,-0.3717022,0.069089025,0.14891246,0.39628348,0.63839364,0.7278421,0.6409654,0.17840782,0.35333377,0.15638843,0.19226372,1.0489763,1.004345,2.4030416,1.0501626,-0.020673275,0.7744505,0.06213352,0.1418033
1444,-0.13674343,-0.21463844,-0.053679645,-0.39296755,-0.031638622,-0.35580385,0.09225726,-0.25432658,-0.10025349,-0.1444211,-0.45826453,0.00963071,-0.16027427,-0.42198342,0.04464279,-0.3181824,-0.2115444,0.28252697,0.026612312,0.3402114,0.2266407,0.26581323,-0.118585944,0.17320591,3.703815,2.9636047,2.4520152,2.1261206,0.20740426,-0.061466835,-0.25299296,-0.37771523,2.2355664,1.8095393,1.2450595,1.509942,-0.4163429,0.024401665,-0.045983195,-0.4545646
1445,1.1495235,0.44266036,0.023417711,0.14174515,1.3414261,0.85288763,-0.099922776,0.0058318675,2.7964382,1.3780494,1.388025,1.0110589,0.07848549,0.1820476,-0.068911,0.028337955,-0.49841285,-0.19079666,-0.1337587,-0.13440406,-0.13529122,-0.30384642,-0.46514088,0.18170103,0.70248616,0.24680012,0.75144994,1.3574278,0.85827315,0.018523961,-0.12733692,0.14953387,-0.74423575,0.33284217,0.78103256,0.19203591,-0.036514625,0.0876359,0.20311064,0.002628088
1446,-0.1235418,-0.12128257,0.40210384,-0.52047783,-0.20471013,-0.050959885,0.24407741,0.4440957,-0.21306068,-0.33163416,-0.48925892,-0.6854286,0.7872137,0.18492475,-0.16851358,-0.022017986,0.003396958,0.021102067,-0.35435402,0.23469928,-0.116974086,-0.23349214,0.15757382,-0.049100935,0.13901183,-0.13901849,-0.040124215,0.121658556,-0.17122227,0.052739747,0.14646755,0.18420151,-0.106157154,-0.022474036,-0.123948485,-0.014885157,0.34404725,-0.004970014,-0.4310276,0.18654253
1447,0.05302915,-0.28423518,0.36911142,1.0516483,-0.5629071,-0.14196742,0.03768766,-0.114634246,-0.060754597,-0.22498964,0.15496692,-0.021217167,-0.16030774,0.22450322,-0.3466858,-0.29188815,-0.699613,-0.5714866,0.3538032,0.0691226,-0.12910736,-0.4226017,-0.022642612,0.25923958,-0.078484,0.41672847,-1.1041284,-0.1671742,0.42613527,0.8096001,1.7361162,-0.09850378,-0.120066434,-0.66427046,-0.54726934,0.28173384,-0.3089121,0.041197658,-0.15185887,0.82963395
1448,0.1062747,0.21972296,-0.48563552,0.09132862,-0.67475563,0.019818094,-0.16479859,0.38796523,0.31941646,-0.422431,0.08214131,-0.35742423,-0.004336834,0.5347161,0.49999726,-0.084244,0.059350982,0.19590327,-0.25550786,-0.31675804,-0.17384905,0.2973868,-0.03780309,-0.093830824,0.21773933,0.31283683,-0.0046110377,0.29022288,-0.12734142,-0.027161479,-0.043168977,-0.1258812,-0.21463485,0.29348645,-0.050235406,0.25484747,0.5166002,-0.36301833,-0.29440957,0.27665263
1449,-0.4390281,-0.2935099,-0.21031183,0.09333179,0.0030966997,-0.3802535,0.05754602,-0.27989548,0.12841761,-0.2403776,-0.33275932,-0.49495345,1.1658846,-0.1610477,0.17249432,-0.11669305,2.2205107,0.6891458,1.0604784,0.8587614,0.0026913881,1.0474367,0.5686375,2.146197,-0.118383765,0.1696468,-0.11626215,0.1535083,1.1024505,0.1425914,-0.109096825,-0.12586147,0.095906496,0.2564283,0.16072243,-0.09534645,-0.06227702,-0.114530444,-0.2097677,-0.3025384
1450,-0.20228201,0.29055747,0.6090431,0.25942397,-0.4571081,0.8376908,0.5931809,0.12583959,-0.056782573,0.34199616,1.5732596,1.7261384,-0.23805445,-0.19660431,-0.016355291,-0.023730043,-0.50425553,-0.4362011,-0.09557789,0.14231192,0.1414895,-0.4492712,-0.10609725,-0.63065374,0.098424256,-0.048780344,0.43817523,0.7715195,-0.25887808,-0.62547517,-0.056450665,-0.8044764,-0.09425837,0.040448498,0.29535303,0.20370938,0.42832515,0.1473107,0.33982486,0.17005515
1451,0.043032862,0.71816945,0.5545129,-0.028066337,0.3713115,0.023287773,-0.046300918,-0.015463337,0.04696414,-0.338279,-0.5604558,-0.2117903,-0.08080867,-0.59786177,0.55449146,-0.20148456,-0.23039171,-1.0512692,-0.3605759,-0.58372515,-0.078433305,-0.13868248,-0.4032296,-0.23394416,2.3658574,1.1486638,1.4697084,1.3928164,-0.025448322,0.06396678,-0.14418721,0.008388042,1.2435622,0.113269806,0.71630955,0.34186754,-0.34356427,-0.12531632,0.0037489235,0.14561522
1452,0.3568484,-0.16717032,-0.09684542,-0.07146041,1.2818124,0.89470994,1.6692716,1.2881061,1.2538688,1.3347014,0.7480349,0.72025734,-0.84309834,-0.0118768215,0.07696158,-0.13414544,-0.21593156,0.059285045,-0.18344074,0.19998384,-0.020477831,-0.39603898,-0.07654536,-0.0026711822,0.116850734,-0.23266348,-0.34870505,-0.0771769,0.1935839,0.008923978,0.10881825,0.054294407,-0.20792812,-0.2720335,-0.5011277,-0.066423565,-0.62293565,0.030923912,0.11418752,0.32629293
1453,-0.022927556,-0.6812609,0.08983612,0.13685271,0.12949035,-0.28913102,0.02174282,-0.10467538,1.1490866,0.43137828,0.6338372,0.19746351,1.0457336,0.2503116,0.2849441,0.08124304,-0.083434746,-0.0048611164,-0.27957624,-0.19424233,0.07748875,0.0115944445,0.2691504,0.005657971,0.005266145,-0.037024897,0.06804194,0.062182426,0.2042744,-2.2361221,-0.08130593,-0.0014536679,0.10994557,0.025601149,0.10385038,-0.15735114,-0.1399579,-0.105807066,0.0029967427,-0.035087496
1454,0.17943764,0.98927546,0.5224589,0.56116104,-0.13656157,0.42854118,0.37435055,0.37825173,0.09654933,0.36103255,0.631578,0.31046537,-0.115657926,-0.099234164,-0.23160227,0.031482667,-0.077569366,-0.037059307,-0.06625092,0.28049558,-0.072220445,-0.20751148,0.006828755,-0.29723907,-0.18233955,-0.056508362,-0.06971529,-0.18834233,0.02072692,0.15706038,0.20985842,-0.022898145,0.1168561,-0.878175,-0.5920447,0.6375131,0.15734798,0.175363,-0.019966781,0.74286795
1455,-0.43350697,-0.33881474,-0.018804193,-0.453974,0.116500735,0.21318597,-0.20662026,-0.09241748,-0.44503173,-0.1948821,0.011616707,0.052585363,0.10800338,0.16745391,-0.25811,-0.086912036,0.86200064,0.6485573,0.46826488,0.6539077,-0.028903127,-0.1175136,0.24852583,-0.10509464,0.019899786,-0.09749162,-0.21170834,0.08380103,2.0696576,1.7397138,0.97837675,0.9238155,1.8164089,1.850303,1.9084473,1.2216628,0.07402992,-0.14759022,-0.17575067,-0.08690232
1456,-0.13289666,-0.27435306,-0.09532845,0.27603698,-0.08268988,-0.06452006,0.27699363,0.1324693,0.11382246,-0.12742698,-0.29922268,-0.061965764,4.7326088e-05,-0.06383848,-0.096972644,-0.041247487,0.03725195,0.29431093,-0.4203245,-0.19704977,0.15592325,-0.15635574,-0.4569158,0.14378929,0.40355256,1.6903706,2.3346312,0.5152363,0.63812673,0.7788169,1.4596012,2.174605,3.0751681,2.650574,3.3257396,3.141771,-0.29412186,1.3532896,-0.18371755,-0.18075687
1457,0.23626009,-0.30007812,0.03836383,0.08467126,1.7065032,1.991597,0.79773927,1.0891255,1.5624883,1.690048,0.856498,0.59570444,-0.50892544,-0.2522348,-0.20759952,-0.1223793,-0.07181435,-0.7646327,-0.05673761,0.06861845,-0.63960266,-0.12478867,-0.40762314,-0.5943971,1.836652,0.2320793,0.33203918,0.061085224,-0.29455143,-0.4755627,-0.2518528,-0.0414145,-0.10971992,-0.053145155,-0.10367724,-0.25198236,0.08750337,-0.25555468,0.25473008,-0.33245796
1458,0.15101904,-0.1072669,-0.64261836,0.039179206,0.04842727,0.21221799,0.9029842,0.349718,0.26541972,-0.26275703,0.6967987,-0.0684532,-0.22002187,-0.21876627,-0.12913358,0.047853105,0.36220816,-0.28690237,-0.37693745,0.021012723,-0.46114433,0.3546245,-0.33350664,-0.31881446,2.2811513,0.020641863,0.11496693,-0.14652166,-0.41771382,0.42327115,0.00382787,0.3543991,0.14905152,0.28776538,0.23073757,0.21198036,-0.33692333,0.17586201,0.042615354,1.5293303
1459,-0.339275,-0.22761098,0.23729166,-0.08972597,0.051647186,-0.041938126,-0.19702232,-0.39835063,0.07539205,0.31465688,0.2942468,-0.41833276,0.18231088,-0.10711658,-0.3669511,-0.15988183,-0.10761726,-0.3915547,-0.42923313,0.20191401,0.11718166,-0.4635154,-0.13100745,0.05945623,0.056026876,0.71747524,0.14706156,1.1905582,0.63078976,0.39414307,0.8963113,0.91517013,2.7313986,1.5937545,1.9151366,1.5583341,-0.15582752,-1.0097461,0.051339477,-0.13323927
1460,-0.53413963,-0.051219404,-0.072521925,-0.2304824,-0.03896635,0.012473203,-0.3442017,-0.29043508,-0.25670767,-0.24355263,-0.08154547,-0.13408607,0.11930506,-0.16112074,0.03520572,0.057388484,2.3968275,2.6018999,1.7912574,1.0482659,0.80378103,1.2734976,1.0200231,1.3769817,-0.038271427,0.5165368,0.2598825,0.37460023,-0.24344635,0.027817369,-0.04285401,0.13133079,0.555293,0.2577213,0.27562824,0.052774787,-0.14509675,-0.044446945,-0.24816045,0.099274695
1461,0.21765691,-0.18386102,-0.10474071,-0.089653894,-0.026909709,0.10809964,-0.020599248,0.29651585,0.008130729,-0.031617224,-0.3032636,-0.04109691,0.0941388,0.020902574,-0.13788414,0.20134345,-0.021583319,-0.0045166463,-0.11758229,-0.22637337,0.33161914,0.029988721,-0.6686475,0.5053745,-0.24281102,-0.14611226,-0.3331229,-0.5042998,2.1310792,1.6715622,2.6674347,3.5725691,1.1953291,1.2657375,1.6273202,2.1277099,-0.115816966,-0.19171822,-0.0353173,-0.19811416
1462,-0.31916565,0.06779879,-0.0057673156,-0.13424684,-0.20860147,-0.12639353,0.14940892,0.022246122,-0.032200783,-0.22618169,-0.042824984,-0.38935208,0.22892685,0.49517107,-0.29070973,-0.1418834,0.16106787,0.2218723,0.18095747,-0.116508424,0.21228284,-0.3322953,-0.4730666,-0.31595147,0.017543435,0.2663567,0.8951583,0.27257365,-0.11805293,-0.7344727,0.28435552,-0.6138529,0.2659393,0.2572541,-0.19790334,0.13719574,-0.43781543,0.5352349,0.018573582,-0.08364841
1463,-0.13966212,-0.48636326,-0.5108655,-0.19345504,0.721961,1.3257023,0.8920709,0.066978574,0.86543894,1.6948144,1.2377115,0.88029486,-0.04863304,-0.30046895,-0.04381752,0.050516784,0.19959337,-0.2869873,0.22330916,-0.08489503,0.2898618,0.020806849,-0.1343596,0.0704622,0.50368506,0.13615513,-0.027309544,0.05493328,0.24087268,-0.031475306,0.09482932,0.5271986,-0.17319241,0.48467684,0.1348546,-0.22851723,-0.09923679,-0.16052397,0.5855498,-0.32171255
1464,0.82259333,-0.3843834,-0.16632614,-0.04053782,0.18907785,0.17291376,-0.43019736,-0.050210863,0.12086359,0.1639694,-0.7441149,-0.08037436,-0.37143052,-0.13801774,0.24177381,-0.42418998,-0.10421489,-0.44805405,-0.27576315,-0.19732162,-0.2172879,-0.44528133,-0.07726904,-0.17427486,-0.16588151,-0.47898608,0.10207707,-0.71814775,0.24537325,-0.2210676,-0.14061254,-0.21251145,-0.4084933,-0.5826379,-0.7329819,-0.06227249,0.27938366,0.16442156,-0.11958201,-0.5656985
1465,0.15004814,-0.17017162,-0.34372696,0.5363467,-0.39237934,0.13751191,-0.033192575,0.17704713,0.09212932,-0.32861423,-0.011761434,-0.028141707,0.059764206,0.2804064,0.25222442,-0.35937166,-0.1712361,-0.40169823,0.67678046,-0.058302164,0.28794092,0.100212395,-0.6909182,-0.6563464,0.021040916,0.08677979,-0.4155818,-0.2650734,0.2692189,0.58934045,1.1881862,0.06505613,-0.12519877,-0.24740526,0.21554913,-0.015354097,0.10124126,-0.13844866,0.41622055,0.5595148
1466,1.5193113,0.16190779,0.33778837,0.51158285,-0.31691548,-0.10511251,-0.1651114,-0.052380197,-0.5042547,-0.3523903,-0.31820107,-0.42929733,-0.7520748,-0.34472054,-0.35314828,-0.16726184,0.41719913,0.15232068,0.22439687,0.16255596,-0.116172254,0.0942862,-0.6244495,0.48731205,-0.32545608,-0.33444893,-0.2719472,0.3537354,1.4140551,2.0469065,1.2611709,1.4884636,-0.30952588,-0.46616274,-0.5952932,-0.0050103567,0.30637184,0.8017174,0.53785574,0.96534187
1467,0.115413204,-0.048327386,0.24294895,0.39445132,0.38284546,0.4599011,0.873626,0.3893181,-0.37666798,0.26260096,0.43703505,-0.009097755,-0.19242,-0.56443965,-0.12825125,-0.26644334,0.43270093,0.48222,0.21044782,0.21359338,0.88488936,1.1562303,0.64060825,0.68396616,0.22985232,0.5293747,0.42512617,1.5008459,0.15323809,-0.09337944,0.0796051,0.2495501,-0.20543586,0.117770016,0.038172126,-0.06887567,-0.035372615,-0.101567626,1.0532835,0.51835066
1468,-0.39037278,-0.33205035,0.11517888,-0.27436107,0.6100636,0.106456436,-0.0092550665,0.12795967,-0.33025634,-0.23801011,-0.53924084,-0.09545708,-0.2682345,-0.56098807,0.14366719,-0.1727845,2.8153977,2.4558218,1.4526358,0.38307965,0.50128126,1.4204736,0.8130286,0.51349944,-0.25677896,-0.08648139,-0.059100255,-0.17374402,-0.3333391,-0.10471462,-0.02762556,0.1314165,-0.30566093,-0.1309998,0.10269171,-0.25435168,0.16390926,-0.3974712,0.030101776,0.03724277
1469,0.005743861,-0.13359305,-0.114495635,0.09196225,-0.10830772,0.24427003,0.100124985,0.83980453,-0.16053537,-0.0510384,-0.0066813547,0.28824282,-0.36475763,-0.18484692,0.10510221,0.23551649,-0.1719726,0.0445081,-0.17060336,0.05427617,-0.08064083,0.4117164,-0.21675627,-0.13946469,-0.3737374,-0.039021432,0.6146164,-0.30047756,0.39647877,0.21965182,0.15060732,0.9785222,0.014558911,-0.047744244,-0.11593932,-0.23786797,0.361832,-0.07885209,-0.08227569,1.1796744
1470,0.020553827,-0.013474971,-0.35925466,-0.43145174,0.2146771,0.05372551,0.0025741905,0.16269565,0.07031351,-0.010574281,-0.43584263,0.47456688,-0.5711156,0.1921562,-0.052859634,-0.17911766,-0.35971832,-0.07975286,0.11289823,0.2662326,-0.5072119,-0.4098182,0.59680784,-0.103158504,-0.2854223,-0.42881596,0.086331904,-0.1627295,0.034736603,0.052861154,-0.41678208,-0.31671903,-0.68639946,-0.04434216,-0.56653833,-0.2869269,-0.39344752,0.05169639,0.11708757,0.12642741
1471,-0.23343505,-0.1089527,0.01598847,-0.36829597,-0.09793931,-0.47933942,0.013537884,-0.10189605,-0.11473405,-0.046829373,-0.070028365,0.11853936,0.07301843,0.01764226,0.05072379,0.2734007,2.429822,1.520657,1.2806749,0.65522856,1.6928262,2.2357361,2.463152,1.6517739,-0.32627165,0.113582015,-0.24638188,0.012090549,0.15649003,-0.14697367,-0.024274498,0.093687475,-0.25111288,-0.15945816,-0.12949419,-0.23995924,-0.15105402,-0.15168205,-0.28334033,0.15480006
1472,0.027896345,0.19347973,-0.65257114,0.05207905,-0.2250061,0.39967752,-0.33095086,-0.208697,0.086319506,-0.13407958,0.5197011,0.15973228,-0.13348866,-0.60459673,-0.08433008,-0.43972796,0.8118001,0.19679976,-0.067053795,0.021013534,-0.28720927,-0.07042861,-0.06993061,-0.037499804,-0.68456465,-0.082705885,-0.27576697,0.030584008,0.0052274168,0.35563213,0.1718027,0.09788516,0.47860235,-0.13103077,0.6834419,0.047391415,-0.016096056,0.44145435,0.50723803,-0.1760096
1473,-0.5869217,0.43588123,0.15968212,-0.02722501,-1.0049148,-0.32056308,-0.46310008,-0.19265544,-0.4734527,-0.2515536,-0.2175431,0.2770388,0.35796142,-0.54861355,-0.13425788,0.31221583,-0.01905477,-0.0667845,-0.17532998,-0.14554209,-1.0969678,-0.8196225,-0.45992774,-0.14806215,-0.28580153,0.11722777,-0.10047579,-0.67807835,-0.04922352,-0.6221382,-0.07710445,0.352085,0.14968577,-0.36770022,0.34968865,0.074052855,-0.5362334,0.02285932,0.06143415,-0.3733274
1474,0.21016312,0.027452692,0.17026162,-0.48836532,-0.1101917,-0.059472382,-0.019727409,0.101727486,0.35823396,-0.018870592,-0.12679172,0.22276378,-0.44427204,-0.10176188,-0.018663079,0.09850232,-0.16054499,-0.18656623,-0.3073393,-0.009531021,0.127182,-0.18035877,0.028263837,0.050971627,0.15999931,0.70623374,0.2413314,0.52128154,0.108028114,-0.15895548,0.4770861,0.09399575,0.50884354,-0.039575398,0.14205018,0.2904997,-0.24553406,0.023617625,0.07993466,0.23896909
1475,-0.37672007,-0.3320102,-0.15238929,-0.25575945,0.77725095,0.16669437,0.13856864,-0.031478167,-0.078231215,-0.11666565,-0.023966849,-0.05277407,0.11070511,-0.29069674,0.099693775,0.28244582,1.8062657,1.1478269,0.7302124,0.58092797,0.55720115,1.2476566,1.0179634,0.7117561,0.27408445,-0.1062192,-0.027604304,0.083094954,0.37869775,0.16864091,0.034038782,0.19033031,0.099856615,-0.07287842,-0.085666955,-0.06250471,-0.2641652,-0.3400133,-0.23548317,-0.19713122
1476,0.44348004,-0.14678681,-0.2784925,-0.0803076,-0.000770092,0.05813104,0.043375917,-0.043786645,-0.70684755,0.05681947,0.10910033,-0.19972897,0.040876567,-0.008167148,-0.043965876,-0.39000744,-1.0081859,-0.026368678,-0.17772418,-0.04046929,-0.16291034,0.30962282,0.04663214,-0.032335877,0.08874035,-0.36034548,-0.082083404,0.032269955,0.45887578,0.12835318,0.7316039,0.46533886,0.6830624,0.4599111,0.37781727,0.028147936,-0.19186464,0.029346824,-0.08712292,-0.10230851
1477,-0.19678076,-0.1182695,-0.18264568,0.62305784,-0.117183685,-0.015735954,0.01853311,0.17184585,1.6923801,-0.16549408,0.60152555,-0.1053961,0.2156964,-0.014611185,-0.71107405,0.04890044,0.058622986,0.106568426,-0.27280778,-0.32413077,-0.09131992,0.12107982,0.016207427,0.0036884844,0.23733202,1.0577316,-0.0903445,0.14478108,0.058823735,-0.08451694,0.4366632,1.0813448,-0.05216664,0.2547019,-0.06228037,0.15145755,-0.26200008,-0.17076513,0.36348963,-0.58296186
1478,-0.018957734,0.482413,-0.97833514,0.15301025,0.23797381,0.054264307,-0.6557254,0.14700593,0.113842845,-0.5132488,0.03615204,0.17934805,-0.11207247,-0.20413548,-0.46350896,0.3413689,-0.002005756,-0.49407077,0.38264465,-0.33024597,0.27298015,-0.15748338,-0.11815582,-0.641709,2.4737782,0.26684695,1.2080415,0.13107637,-0.8841674,0.13444698,-0.37612197,0.1616288,0.24432755,0.5089379,-0.28794223,0.07943463,-0.16676497,-0.3452901,-0.649406,0.46536228
1479,-0.7963411,0.5804473,-0.4177992,0.0034752488,-0.56117076,-0.71890473,0.047530353,-0.21093628,-0.15610544,-0.21232203,0.2648931,-0.45886254,-0.11440694,-0.32156694,0.15382946,-0.25782937,0.102921724,-0.07027839,-0.88291514,0.18177436,0.074644685,0.36684668,0.35519487,0.29210922,0.2405886,0.8711829,0.33309388,-0.0060283095,0.2927007,-0.10594523,0.34206724,0.48917067,0.02722758,-0.5000134,-0.09297964,0.16779518,-0.13554275,-0.19826591,-0.23126727,-0.035844386
1480,0.21887735,0.670812,0.45189282,-0.080180764,-0.15718216,-0.2934865,-0.16016328,-0.08665383,-0.15743038,0.12048957,-0.07918149,0.044244885,1.1072812,0.7357973,0.8278234,0.3861937,-0.3321439,-0.46008736,-0.30690834,-0.57375133,0.2614002,0.058202267,-0.026103586,-0.030553281,1.2922212,1.7821801,0.82427645,0.5532909,0.60247153,0.79269063,0.49121025,-0.0680629,1.4558158,1.9326096,1.1681811,0.72671735,0.12913942,-0.03581442,0.078938246,-0.07518339
1481,-0.35029697,-0.19345066,-0.04075405,0.29807478,-0.37962955,-0.2025992,0.14937305,-0.23700571,-0.051564455,-0.4089437,0.20504439,-0.35325736,-0.24743557,0.14026359,-0.43611893,-0.56954604,-0.17584836,-0.3455407,-0.14286102,-0.31869304,-0.0767833,-0.44453442,-0.25487268,-0.7159673,-0.13228571,-0.13537398,-0.5546828,-0.078053296,0.034941077,0.15116179,0.4269509,-0.487517,-0.03170836,0.0933986,-0.031046182,0.9354131,0.07325137,-0.29333803,0.27588487,-0.27781093
1482,-0.28084242,-0.2798168,-0.24556142,-0.44944194,-0.055125713,-0.033070564,0.20345621,0.20751143,-0.011679471,-0.23104763,0.8168032,0.114748836,-0.667665,-0.05825919,0.092103146,-0.9014708,0.43397576,-0.012991667,0.4463509,0.7646411,0.5021162,-0.17442983,0.153481,0.6072777,0.05087331,0.197977,0.28492546,0.5474122,0.40542012,0.2725713,0.4513556,1.0801151,-0.43090266,-0.034842134,-0.14251144,0.09775244,-0.47458,-0.20697784,-0.006331384,0.08376503
1483,-0.25826955,-0.15100741,-0.35213012,0.16766387,-0.31253588,-0.5024017,0.027648583,0.0036159754,-0.16500331,-0.67273676,-0.59291893,0.10970807,-0.6366131,0.30044988,1.2154413,-0.4983393,-0.079857185,-0.31878212,-0.22200459,-0.049206555,0.08106971,-0.4902808,-0.7212435,0.20833205,0.05073671,0.17550898,0.040020406,0.57459307,-0.1877324,0.34289077,0.986519,2.893121,0.83754355,0.1807341,0.074132815,-0.22606969,0.6273798,-0.18712562,-0.10196462,0.24532765
1484,0.23405921,-0.5972842,-0.36719438,-0.6812133,-0.1152188,0.2633962,0.38841364,-0.7021351,-0.65762615,-0.8549074,-0.84701544,0.8388061,-0.07428193,-0.29152733,0.47378147,-0.21531057,-0.19641614,-0.19369507,0.29820842,-0.073108405,0.559572,-0.452932,-0.12789033,-0.7413268,0.23576553,-0.25503576,-0.6857621,-0.15274704,-0.10849047,-0.4075259,-0.054617837,0.74431413,-0.8275903,-0.49792254,-0.6040571,-0.558393,0.014379472,0.03708291,-0.42137742,0.96968293
1485,-0.005487323,-0.5519948,0.08343093,-0.5518222,-0.20002735,0.14520618,0.09206557,-0.19457161,0.11172497,-0.48507577,-0.037925914,-0.11819454,-0.1623931,0.02887386,-0.12973091,0.09382852,2.2399948,2.8691227,3.4813766,1.8488086,-0.00627321,1.0356828,1.2533238,0.96220917,0.18144453,0.9752279,-0.2786869,-0.13959,0.09870696,0.13755137,0.13301732,0.10860803,0.15114701,0.08389056,-0.04327956,-0.07008986,-0.2586574,-0.40713516,-0.43347788,0.06291838
1486,-0.11569834,-0.11546618,0.15157631,0.03242244,0.065500736,-0.35418808,0.04145345,0.17017162,-0.42997473,-0.49093866,-0.34177983,-0.489703,-0.16141182,-0.32162032,-0.5660149,-2.39442,0.11523914,0.08502334,-0.25324327,-0.36758626,0.6037742,-0.22608179,-0.20846623,-0.20514089,-0.48483032,-0.60316384,0.15443185,0.16576862,-0.3456536,-0.19958103,-0.5267135,0.3348614,0.11102867,-0.16143343,-0.56438386,-0.55616736,-0.11859411,0.06614018,0.27409047,-0.11559531
1487,1.6564369,0.48085022,0.72461766,1.8549597,0.6552952,1.3010482,0.73580265,0.555713,4.30688,3.7206128,3.3311846,3.7999148,-0.017956302,0.6076723,0.79329634,0.4870409,1.3415997,0.48177016,1.2035875,0.90506965,3.592238,2.3992677,4.5870924,1.8771412,-0.4956718,-0.19214359,1.1868007,-0.11392781,-0.27212363,-0.15649994,-0.39419854,-0.035372883,-0.8531642,-0.3209294,-0.019154012,-0.22645423,-0.0039738417,-0.14563012,0.36303124,-0.49178886
1488,-0.7936778,-0.118938826,-0.15538621,0.039770722,2.4215608,-0.03945911,0.24672678,-0.057105303,-0.41393536,-0.17694888,-0.25398144,0.05176115,-0.6356697,-0.3360172,0.039913237,-0.25189793,0.17197382,-0.056148767,-0.22978516,0.062847376,-0.63198525,-0.09147386,0.009847462,-0.3460946,-0.6711101,-0.63150585,-0.16779113,-0.07656044,-0.49674416,-0.14906958,-0.20288652,-0.13334617,-0.7670753,-0.27750945,-0.014849871,-0.35629755,0.43000245,0.2641064,0.15125458,-0.058135867
1489,0.2178252,0.22061287,-0.31377614,0.041764617,0.3243495,0.25975466,-0.681681,-0.1516507,0.2613988,0.018340766,0.90235,-0.05258614,-0.24919754,-0.3559179,-0.05495864,-0.07722366,0.017175674,-0.2520023,-0.45487022,0.024971724,0.08499524,-1.2329309,-0.1841336,0.09906393,0.041525483,0.060818493,0.91363955,-0.023277193,0.048481822,0.14496379,1.3638775,-0.042605102,-0.13433641,-0.23822314,-0.3783793,-0.02435714,-0.18277785,0.10180393,0.6175513,0.3890342
1490,-0.50838804,0.67661464,0.047507793,0.04090947,0.28968638,-0.03339231,-0.016107082,0.15568024,-0.3046109,0.021438316,0.22957319,0.006787896,-0.28541136,-0.36901748,-0.2023691,0.13550049,0.1530037,-0.16985318,-0.00027376413,-0.116488755,-0.11346081,-0.17890613,-0.07655147,0.12719011,0.34302196,0.07630241,-0.09080267,0.20318031,0.14486653,-0.6053504,0.36206847,0.024227738,0.17503661,-0.22564131,0.29406124,-0.029071927,0.023578882,-0.24861419,-0.14113042,-0.041322947
1491,-0.3077668,-0.109027386,-0.04393488,-0.21646047,0.009414792,-0.3253827,-0.1993044,-0.38423112,-0.20797265,-0.28849906,-0.1615971,-0.06508285,0.35410798,0.43660998,0.7327339,0.8409866,1.4729263,1.6009355,0.9759892,0.82252955,1.7058518,3.5839615,2.9722457,2.1642056,-0.30949745,-0.14487097,-0.64763314,0.07306749,-0.09063405,0.021864116,0.046001643,0.07112527,-0.15119064,-0.0330624,0.041943192,-0.14763123,-0.2530349,-0.24781388,-0.04020527,-0.016269028
1492,-0.0891121,-0.36331427,0.70438695,-0.0843934,0.14610496,-0.09364796,0.65208817,0.21703155,0.64977133,0.28064045,-0.098384224,0.5495105,0.9717792,1.0573186,-0.20094916,-0.06907711,0.625146,0.07302013,0.1608477,0.028783202,0.050005645,-0.04431379,-0.133375,-0.7945077,-0.15717152,-0.21429202,-0.3748525,-0.14469826,-0.7074968,0.037032846,0.20833483,-0.17920241,0.062421232,0.61453265,0.041962683,-0.013390377,0.0529442,-0.12567131,-0.1782605,0.5109589
1493,0.303953,0.11895618,0.2079801,0.11271438,-0.2391932,-0.14197534,-0.019453883,0.06421524,-0.15842676,-0.48426524,-0.41486493,0.09241788,0.16124415,0.036297977,-0.25484556,0.18977684,0.21210766,0.33204448,0.10326734,0.09822461,0.15471554,0.107519,0.21384613,-0.18230623,0.81246245,3.3040447,2.4152226,1.7323093,0.19036359,-0.14794636,0.4482036,0.5234339,1.0737606,1.0105011,0.94188976,1.3352498,0.30739582,0.17162085,-0.2620169,0.030432463
1494,1.5319519,1.616791,0.6165812,0.057138205,0.8633672,0.2957089,0.329858,0.21475953,0.9317814,1.1805645,1.3966916,0.33435926,1.5286213,0.7285694,0.7948755,1.2685971,1.7747071,1.6995018,0.5563782,0.20930147,0.5520055,1.4478494,0.5452173,0.4638819,-0.6642391,-0.74345446,0.18926944,-0.26897383,0.47040802,0.46439937,0.025832534,-0.28984088,-0.24630262,-0.1331619,0.15246129,-0.69276613,0.3810495,0.17421941,-0.3864016,0.29426557
1495,-0.0099895,-0.51844585,-0.12634718,0.28568652,-0.20606112,-0.359244,0.25063628,0.16892377,-0.33282924,0.22445971,0.10262969,-0.05439577,-0.41515613,-0.28768402,-0.28058243,-0.42015588,-0.22254598,-0.29308861,-0.20798701,-0.09359738,-0.2431879,-0.113767564,0.21882021,0.14659508,-0.012493968,-0.035517067,-0.060515642,-0.21922892,0.045241356,0.030060083,-0.33864778,0.290083,0.12700832,0.27580154,-0.13334775,-0.17932016,-0.25463137,-0.18219167,-0.15491968,-0.269172
1496,0.17367995,-0.29678786,0.5399139,0.0035777763,-0.103045434,0.42870367,0.19321525,0.015755044,0.27425164,0.097597644,-0.04866361,-0.43727106,-0.13298696,-0.18076019,-0.11797984,0.040497232,0.22693023,0.9578094,0.15854014,0.80921686,-0.21650033,-0.006686121,1.1325614,0.16849136,-0.23523676,1.5678248,0.51736915,0.7652472,0.62379956,1.1509553,-0.03510259,1.2168559,-0.06348917,0.5171847,-0.19323301,0.26623946,0.2921941,0.36210662,0.6154282,0.4702296
1497,1.2132542,0.72521466,0.6631297,-0.09184617,3.4465733,1.2719184,0.82828486,0.5683604,3.7221336,2.2282088,1.5077603,1.348253,1.4772567,0.9598921,0.31478208,0.9020251,1.501308,1.0346957,0.49436793,0.27192715,2.0206575,1.7359428,0.4333737,0.2896678,0.23578894,0.9229353,0.41926074,0.21134365,0.8728619,0.9955765,-0.079621285,-0.11035329,-0.01698196,0.5169339,-0.033447504,0.75966454,1.1700658,1.0039178,0.29296514,0.34375173
1498,0.29988784,0.7394397,0.37389964,0.96373063,-0.25346708,0.18828061,0.06008762,-0.015044063,0.43220735,0.26955438,0.15847126,0.40779877,0.7042355,-0.07909483,0.35539025,0.2752922,0.22116953,-0.0010092917,0.03617966,0.60285777,-0.192588,0.24202655,-0.23347977,0.06922227,-0.052128434,0.33903587,0.17465729,0.37771267,-0.035109192,-0.6712763,-0.20395873,0.44054034,-0.6815821,-0.34436786,0.1671533,0.13407719,0.26217997,-0.06949577,-0.12644345,-0.72876656
1499,-0.6170485,-0.20220405,0.043548413,0.383586,0.14464957,0.5881065,-0.57891065,0.16525495,-0.09750748,-0.6226568,0.14365019,0.015756011,0.13717502,-0.060840115,-0.034989595,-0.06800377,0.9875512,0.13422579,-0.021502525,0.15168038,-0.30880344,-0.37223217,0.12248859,0.0904659,0.026599348,-0.24824679,0.16688934,0.4311753,0.43884897,0.41538784,0.025725901,0.4702621,0.22488505,0.061999686,0.08472824,0.11428213,-0.405212,0.23087576,-0.2967978,-0.00022470951
1500,-0.25910386,-0.17268026,-0.2906455,0.36590207,2.7399797,2.110569,0.46154353,0.182827,1.7159095,2.4308882,0.983336,0.27665937,-0.054112792,0.084402785,0.06394979,-0.47937065,-0.24416365,-0.47591466,-0.26927102,-0.53489685,-0.59394,-0.24300493,-0.36934042,-0.20755559,0.3501711,-0.1316526,-0.044366255,-0.033821523,0.0645346,0.0700438,0.10779594,0.058666438,0.04321111,-0.21054915,-0.24593005,-0.3108825,0.3837243,0.13546199,0.602469,-0.0017820597
1501,0.5361387,0.5680757,0.65911436,0.30429798,0.55799496,0.9932182,-0.30480283,0.036982447,-0.19580472,0.2409325,-0.4298422,0.15861553,0.19640362,-0.38961685,-0.20165887,-0.011185497,1.3812872,0.8821392,1.1447222,0.57368755,0.12908748,1.2497067,0.54716325,0.34633514,-0.96661955,-0.2561512,0.2765685,0.2894272,0.3224436,0.29539123,-0.14518616,-0.54993474,-0.028514445,0.09540057,-0.6126686,-1.6314743,0.13591531,0.59080416,0.991427,0.70471084
1502,-0.07165994,0.06319162,-0.107872486,-0.08377725,3.3453784,0.94764715,0.915779,-0.09059334,0.48998213,-0.6475972,-0.455216,-0.1677044,0.07394284,0.08835208,0.3746763,0.26810026,0.43711174,-0.3181653,0.4071199,-0.44680324,0.29917014,0.6689745,-0.17397791,-0.10113054,1.8609494,2.664852,0.26048848,0.7331051,2.3004186,1.4014711,1.0693405,1.1045588,3.776411,2.7382085,2.178719,1.4137163,0.09758574,0.07723981,-0.06239623,0.1485517
1503,0.05246809,-0.68323034,-0.54230165,-0.88532495,0.21481025,-0.051137708,1.0173408,-0.27946168,-0.45167977,0.11944294,0.16957909,0.14987159,0.086167336,0.09708041,-0.24825904,-1.0263557,0.12687159,-0.4314039,0.3115948,0.09689927,0.087941155,0.14265613,-0.05819881,-0.11282495,-0.038170397,0.069354445,-0.28111285,-0.36269042,0.49719197,0.8437724,1.002899,0.3874086,1.2133209,0.5672469,0.8143048,0.58794385,0.21823835,-0.118384615,0.13000971,0.79481965
1504,-0.66354704,-0.26667756,-0.009181082,-0.009941578,-0.10667968,0.17657389,-0.37786204,-0.43348265,-0.6639106,-0.2927758,-0.20829815,-0.24625373,-0.026119411,-0.033202104,-0.27032393,-0.40723217,0.29231584,-0.002932489,-0.49407917,-0.19326138,-0.14826189,0.16721012,-0.1919204,-0.3677623,2.214818,2.1754935,1.5810746,0.69044894,0.61125576,0.16275957,-0.17055115,0.02908852,1.4121689,1.9148647,0.94960856,0.35905045,0.2672596,-0.22440971,-0.31692046,0.010593832
1505,-0.007380843,0.24673152,0.082924664,-0.034820855,0.16218698,0.6852393,0.13557515,-0.38473237,0.26295215,-0.36257347,-0.18559833,-0.010267496,-0.28541684,-0.15616636,-0.20103455,-0.16421211,1.3735268,1.6945045,1.9835008,0.13229185,-0.814843,0.16254911,-0.35619673,-0.26600137,-0.0492177,-0.017887503,-0.005417004,-0.0052042007,0.25560158,-0.5668896,-0.08184153,-0.031591326,0.07293237,-0.16867664,-0.20908013,0.20756173,0.5404401,0.45255125,0.24955472,0.35741842
1506,-0.18470335,-0.17281228,-0.055770695,0.59303415,0.43277743,0.09065315,-0.48904973,0.122320235,-0.84143984,0.58167505,0.08270785,0.41610146,-0.03740281,-1.2332733,0.082971245,0.055062413,0.08180356,0.26362193,-0.668459,-0.11700037,0.09736085,0.35081437,-0.06962344,0.03446263,-0.034985065,0.012341976,0.43746763,0.24918003,-0.06688821,0.18626916,0.0066736937,-0.3090694,-0.08944976,-0.02379486,-0.101496786,-0.0028320998,-0.30913138,0.24825507,0.20189103,-0.3738746
1507,0.4417974,0.28887063,-0.026040554,-0.32520425,-0.036094368,0.03821516,-0.38829285,-0.46072745,0.3722933,-0.14803326,0.27197564,-0.41386837,1.4884802,0.22007222,0.27614486,0.5075636,1.035401,1.7190727,1.937369,2.3498445,1.1511319,1.4548156,2.9738982,2.1809912,-0.14448747,0.4796239,1.1579707,1.1363975,-0.25745136,-0.3664418,-0.16777225,0.06066215,-0.212628,-0.090139985,0.5567638,0.3746971,0.23333806,0.30032736,-0.32762933,0.3547157
1508,-0.5499595,-0.6053737,-0.8144791,0.042448163,0.16980894,0.22609526,-0.05651918,0.3538065,-0.44995493,-0.4680065,-0.39941922,-0.3820447,-0.4451235,-0.3553034,-0.3494133,0.17446995,0.80973756,-0.23768356,1.1052537,0.1243214,-0.42043352,-0.008407995,-0.38576177,-0.44807023,-0.56532663,-0.034454145,0.038305044,0.7209575,0.18202828,-0.24696907,0.7392672,0.36010772,-0.25872934,-0.63877064,-0.0032865703,-0.17646368,0.592023,-0.49436632,0.1208356,-0.2979958
1509,1.1592102,1.049436,0.5047277,-0.30726337,0.020579576,-0.25352344,0.40862042,-0.16900176,0.092775255,0.44350475,0.7082848,0.21926528,2.3071027,1.3125705,1.150386,1.0063846,0.71698904,0.4238119,0.25735238,0.04324026,0.9271206,1.4386604,0.7849498,0.67745715,0.030582696,0.079105854,0.37943104,0.35131195,1.99166,0.9698929,0.9316564,1.6877273,2.2014709,1.4663754,1.9515445,0.74477774,0.09931117,0.069888115,0.075294554,0.18440202
1510,1.2477638,0.5131921,1.0232452,0.14270121,-0.3771574,-0.086465865,-0.02896849,-0.18684341,1.4237788,1.2081409,0.53448933,0.81398517,1.5410018,0.13117306,1.1633584,-0.04338795,0.34060228,-0.20826589,0.443787,0.13999838,-0.13682222,1.0540333,0.06033375,0.19955173,-0.22326994,-0.4950235,-0.09905219,-0.60183644,-0.12451482,-0.25656047,-0.15553987,-0.22594413,0.10092652,0.83297396,0.15577903,0.16554977,0.3526783,0.2709846,0.5035606,0.22786444
1511,-0.8876606,-1.0232015,-0.53283656,-0.8190698,-0.6424313,-0.5908637,-0.15524077,-0.35052288,-0.15540335,0.63523686,0.2558347,-0.2691478,-0.8898801,0.13612312,0.56348854,-0.5608345,-0.60468394,-0.7626046,0.11934212,-0.35959047,0.023925304,-0.82050437,-0.35567564,-0.46740407,-0.31064415,-0.26888853,0.14531752,0.22197175,1.4110036,1.0902157,0.8274411,0.2910065,-0.36157638,-0.64741683,0.36494523,0.07915664,-1.2338679,1.8356344,-0.22931972,-0.6571947
1512,0.9919583,1.3528429,1.6733761,0.96785086,0.15138501,1.5036032,0.7516817,0.1644339,3.218504,2.255744,2.6231775,1.1624496,1.3883296,0.8717779,1.0459801,0.5286871,-0.014652573,0.005238831,0.5375041,0.7329547,0.30257204,0.27874216,0.44318897,1.786458,-0.1635564,-0.5901797,-0.5414239,-0.14146228,0.12689874,0.18650061,-0.6625472,-0.30509055,-0.191059,-0.2989887,-0.36626828,-0.06378895,0.05570185,-0.17185414,-0.1679951,0.00907284
1513,0.16238892,-0.11432028,0.05335766,-0.17756847,-0.3015198,-0.12608495,-0.108105525,-0.06450939,-0.23362637,0.52716964,-0.25637186,0.20738411,0.12232971,-0.28974283,0.1805414,0.12187776,0.9382212,2.1626232,0.9665604,-0.17322612,1.4625548,2.4670942,2.7480583,0.71229005,-0.17365646,-0.28721404,-0.8302182,-0.29365593,-0.10167378,0.6001787,0.75025356,-0.14193231,-0.6377815,-0.41386485,-0.17841572,-0.1624896,0.4128353,0.40966332,-0.28873944,0.17218727
1514,1.4502194,0.50852686,0.9801217,0.71652997,-0.6497432,-0.3154614,0.06948583,0.18850492,1.3425666,-0.30038658,-0.20040348,0.24986418,2.4196754,0.27095404,0.015715294,0.39850673,0.09330572,0.32366797,-0.7154316,-0.09418532,0.09023424,0.35574272,-0.55940336,-0.031214446,-0.008338988,0.43416417,-0.07011815,0.27509642,-0.32390726,0.10570734,-0.39199525,1.6608216,-0.38106996,-0.14448279,-0.17062658,-0.30045,0.28111315,0.35235384,0.8365054,-0.08918873
1515,0.3215001,0.03804648,-0.031018734,-0.2724288,1.8900081,0.16445293,0.22844848,-0.0893843,-0.20314234,-0.23622695,-0.06992805,0.005020149,0.32548806,-0.24096787,0.107164085,0.30644572,4.0675097,2.23022,1.5831404,1.7107236,2.1793098,2.8367643,1.852402,1.8132967,-0.178177,0.14754641,0.14996746,0.37987968,-0.10196847,0.11795789,0.103194356,0.27682462,0.019339263,-0.18123162,0.23311168,-0.1607942,0.46405485,0.18689024,-0.17660238,-0.25881726
1516,-0.4011249,-0.3549276,-0.755545,-0.77976155,-0.25199485,-0.1270333,-0.146375,0.54749167,-0.40901315,-0.43652025,-0.8847091,-0.67239493,-0.08568436,-0.36769512,-0.3295123,-0.69214237,-0.73392236,0.035832286,-0.51532626,0.045590997,-0.014062554,-0.15163499,-0.5697738,-0.18508253,-0.6234152,-0.5831834,-0.35898235,0.38023722,0.17760004,-0.032468677,-0.41487658,-0.09929821,-0.47843,-0.6856942,-0.25387946,-0.811221,0.18007924,-0.015280262,1.1614658,0.13000864
1517,-0.5207023,0.058477104,-0.6283,-0.49070278,-0.7309673,1.691487,-0.8275002,-0.6673186,-0.53221655,-0.44109002,-0.38350567,-0.19774756,-0.39793158,-0.49170905,-0.47479615,-0.31332278,0.1985895,0.2553982,0.70314735,-0.24656451,-0.33440274,-0.09102276,0.17119989,-0.22973204,-0.37148607,0.157816,0.06638029,0.14047092,-0.21446408,-0.16802627,-0.10209623,0.3573177,-0.70056003,-0.49024415,0.34063596,-0.5683445,0.042434037,0.32356644,-0.17138064,-0.036611825
1518,0.27445376,0.18628907,-0.3605618,-0.27926224,-0.026381552,-0.78171074,-0.0982151,-0.48026776,-0.056938976,0.08876853,0.24828541,-0.63969547,1.250684,-0.27690715,-0.006714627,-0.7284087,0.3168104,-0.268506,-0.11990261,-0.5521906,0.795512,0.35164595,-0.83407116,0.051565647,-0.39786392,0.17218453,-0.523974,-0.1165739,-0.24093398,-0.20371047,0.68566066,0.41993535,-0.026178539,0.022708043,-0.10418232,0.5906675,0.17902045,-0.13740605,0.21655317,-0.2431376
1519,3.3739092,2.1841574,1.4414227,1.3394303,1.9824827,0.33690983,0.12985918,0.17231491,1.7912174,0.9341998,1.3751422,0.47275043,5.9034724,3.6908846,2.3806806,1.3101084,1.7495652,1.1586572,-0.21283457,0.23257646,4.0082498,2.1141047,1.3279866,1.1450933,-0.35795432,-0.113449484,-0.10471925,-0.0076500177,0.1595728,-0.077919036,-0.064061075,-0.033412755,-1.6847761,-0.043616235,0.04264635,0.090159595,0.10602605,0.14065114,0.08941248,0.124439985
1520,-0.42296642,-0.54371804,-0.5968427,0.19910043,0.36671737,-0.18407822,-0.10369402,0.304464,0.06807107,-0.79745466,0.6073942,0.2202586,-0.18659973,0.229103,-0.29248443,0.545593,0.49019563,-0.26843223,0.40225583,0.13975883,0.02299136,-0.2568722,-0.2187551,0.29587007,0.1745717,1.2502064,0.11691603,-0.27318445,-0.17576683,-0.43177894,-0.29773352,-0.31943178,2.3514645,2.8950963,3.419579,2.1311193,-0.31908903,-0.142305,-0.34735617,0.019543648
1521,0.54146105,0.48994505,0.3512214,-0.018404603,0.13808984,-0.17675924,0.3542338,-0.2453782,-0.38425556,-0.00065752864,-0.44792324,-0.088118136,1.7602904,0.89796054,0.019392729,0.03785178,-0.21144369,0.06315033,0.33629102,-0.3429774,0.5170186,0.3932277,-0.2721895,-0.00060109794,0.2832331,-0.34149885,-0.22858137,0.11150843,0.41179883,0.08703336,-1.0110067,-0.0024334341,0.07742131,0.31276858,-0.17241386,0.029286683,-0.012886643,1.4851797,0.20331028,0.33270317
1522,1.4416409,0.3190493,0.5476105,0.20444596,1.1466819,0.53171754,0.29824346,-0.012721032,6.3592515,1.2920017,1.8560095,1.7906082,2.6052015,0.029185563,0.6934401,0.44223413,-0.2745072,-0.07700369,-0.19127795,-0.07759169,-0.07529062,0.07380453,-0.21355727,0.105366856,3.3894937,0.6992115,0.65340394,0.42641848,-0.2721368,-0.11352497,0.06379208,0.09660898,0.24610054,0.049017876,0.08218378,-0.38808346,0.4292694,-0.33929333,-0.14525545,-0.23244238
1523,0.41285533,-0.6913899,-0.5503811,-0.25142568,0.4364524,-0.46603882,-0.33702928,-0.06705852,-0.81747687,0.0008223057,0.018859565,0.1603028,-0.39837193,0.57862175,-0.13809526,-0.124040656,-0.23574024,-0.4323477,-0.38753915,-0.67953265,-0.20669019,-0.21521583,-0.42643005,-0.52181125,-0.21554822,-0.06447959,-0.2301076,0.005515516,0.46752012,0.5910539,-0.11190876,-0.082815975,-0.1183666,0.17491706,-0.3515931,-0.07922092,-0.63486785,-0.124922395,0.044133455,0.5419109
1524,0.18222225,0.35291442,0.69651604,-0.20189738,0.6398659,-0.31917012,0.11923127,-0.056002855,0.46138033,0.561162,0.51717985,0.007913947,1.5251038,1.5996915,1.6501379,0.39898705,0.52940786,1.4325926,0.39526433,-0.30020225,1.1765203,1.5307547,2.9613044,0.09672123,0.018999696,0.10471797,-0.36002368,-0.01856935,-0.07354045,-0.120156586,-0.29116908,-0.13049734,0.14971358,-0.2176987,-0.06900811,0.028814018,0.33499774,0.2819278,-0.16479445,0.023548722
1525,-0.039105058,-0.62845874,0.07466149,-0.06140542,1.2282667,-0.37781549,0.37832385,-0.48704863,-0.52177954,-0.84783155,-0.35616517,-0.030287407,1.260463,0.044416994,0.41383457,0.14293933,2.0879421,0.48585826,0.9622472,0.18498743,1.4632797,1.7778151,0.7889305,0.3117391,-0.22854948,0.37643522,0.089644074,0.16818844,0.31513226,0.2349323,0.16761369,0.39797744,0.053175986,0.17157167,-0.018058538,-0.63703907,0.28971732,-0.008200884,0.061936732,-0.09863049
1526,0.3119002,0.50119686,-0.022016764,0.15694544,-0.501263,0.9141807,0.23335516,0.6373803,-0.4291588,-0.32246923,0.58895737,0.050661355,-0.19737525,0.28352675,0.3928824,-0.15342996,-0.50681484,0.24358732,-0.36500785,0.30981687,0.9930885,-0.060480356,0.15604876,-0.5916693,-0.060869902,0.9733919,0.4203491,0.20878029,-0.16225314,0.079096645,0.5378494,0.6910343,-0.04367441,-0.28298852,-0.1261248,0.035113227,0.05932468,0.65462834,0.12896404,0.61343217
1527,1.7031288,2.5851862,1.9963608,2.6647143,0.20564888,-0.30366996,0.37434602,0.29178852,-0.30150035,-0.38694802,-0.114653766,0.10102424,0.09022683,-0.21953838,0.31603956,0.5710867,0.74772793,0.9823197,0.04776794,-0.24756448,0.2786932,-0.22541144,0.11578375,-0.2006071,0.50463116,1.5401274,0.079836786,0.07748903,-0.38279498,-0.44613472,-0.20630041,-0.17506056,-0.75642085,-0.54421556,-0.54453087,-0.6552312,-0.0025035143,-0.07634309,0.15131119,0.3064447
1528,0.12028736,0.07068688,0.5518669,0.03616798,0.030641556,0.57159555,0.35689747,-0.1064809,0.19232863,-0.53694934,0.47752544,0.16475356,0.07410979,-0.10496643,0.38253224,-0.10061014,0.12020761,0.676352,0.13550922,0.009554923,0.23880279,0.7714499,1.1861606,0.34635556,0.14559725,-0.046747983,-1.1478946,0.21211678,-0.37824184,0.08559179,-0.15967946,0.12146354,-0.15728205,0.25699586,-0.2569995,-0.15271305,0.16679251,-0.30925652,-0.1745536,0.38517016
1529,-0.7410724,-0.43637526,0.016155332,0.22290221,-0.45562536,-0.057929724,-0.587337,-0.14326274,0.18370755,-0.012485445,0.2807871,-0.46102852,0.026141286,-0.048549667,-0.017195225,0.49179903,-0.044869542,0.007488981,-1.0260094,-0.87783027,0.13776934,-0.4570647,-0.7064367,-1.0357772,-0.049078584,-1.3160125,0.20758379,0.0006310642,0.19015272,-0.47977412,0.1577369,-0.24712455,-0.680032,0.03274803,-0.16056064,0.020876884,0.042869896,-0.40832222,0.45409918,0.42539653
1530,0.3325985,-0.13215339,0.12456745,-0.14107001,-0.20768476,-0.11402242,-0.35481972,-0.36224437,-0.23084015,-0.1281786,0.39709446,0.2846168,6.13161,2.3517532,1.5369115,1.5887051,-0.4073121,-0.64645666,-0.47724327,-0.17909151,2.336129,1.8777279,0.9490261,0.5974239,1.4520829,-0.84388715,0.028883189,0.011790454,-0.49666244,-0.47959307,-0.41285536,-0.34240907,-0.3753166,0.08589132,-0.1074398,-0.6763809,0.023805842,-0.09221622,-0.14251935,-0.053327654
1531,0.03130038,0.6600356,-0.19603392,0.32675368,0.16204149,-0.24545892,0.8420522,0.12815285,1.2910295,0.40598986,0.53935015,0.53660583,-0.116592675,-0.15487517,0.07660934,0.44090962,0.17325845,0.04684323,-0.7808882,-0.07078395,-0.33665958,-0.38434502,0.25447166,-0.046551883,1.3254055,0.4653503,1.372894,0.06872151,1.0104573,0.28636202,0.42452204,0.34852952,4.0816946,2.0878234,1.3718011,2.0736918,-0.7268962,-0.17120576,-0.30285633,-0.023046657
1532,0.15349323,0.20393896,0.14911184,-0.008578718,0.05273223,-0.31420332,-0.4824287,-0.14640158,-0.03546074,-0.519906,-0.26537597,0.42548817,-0.24171886,-0.35221535,0.025641924,-0.19549866,-0.0520616,-0.5060693,0.21972892,-0.44454247,-0.10748157,0.051649988,-0.30070117,-0.08344971,-0.6711165,-0.006084174,0.42775708,-0.12576489,0.49359563,0.058966883,0.27939314,0.19238159,-0.50099325,-0.20360085,-0.32612008,0.12894076,0.35871083,0.3986318,0.35859415,0.6869533
1533,-0.5534011,0.74869996,-0.112013936,-0.44478458,-0.53787684,0.23261255,0.79268706,0.07533006,0.0022988617,-0.13470304,-0.29074746,-0.046383083,0.27762878,-0.072154775,-0.4889257,-0.2773371,-0.18640018,-0.46930397,-0.06925717,-0.2301555,-0.03322023,-0.07280916,-0.4149475,-0.66458434,-0.22546118,-0.8417852,0.3633479,-0.3785507,0.5585337,-0.83730924,0.24631244,0.6708776,-0.3828051,-0.18941164,-0.32310393,-0.3052608,-0.14496416,-0.18310235,-0.3253088,-0.47136682
1534,0.4955722,0.37879837,0.77019745,-0.22919208,-0.10640191,1.0098637,0.25075182,-0.20606005,0.49323946,0.1341452,0.11740889,0.0070074797,0.9313185,0.14682408,0.35043553,0.33110058,-0.7574927,-0.20594835,-0.19451249,-0.31825384,0.4524895,0.38818353,-0.22277921,-0.023393184,0.30459112,0.28918403,1.2849846,0.82205325,-0.034879804,-0.13836238,-0.51721436,0.09561482,0.042272806,-0.4246932,-0.36547947,0.060638398,0.042744756,-1.442712,0.9890138,0.18801194
1535,0.80191696,0.44487953,0.49898475,0.72159576,0.73133826,-0.26303074,0.94094276,0.08319479,-0.11691162,-0.21360779,-0.15940617,0.2120989,0.3729712,0.5195604,0.14391194,0.24878532,0.6799938,0.13414691,-0.29649472,0.26201975,0.51550543,0.651562,0.08016719,-0.011846565,0.058848977,-0.38759497,0.38936257,-0.8874946,-0.10919914,-0.412452,0.13706103,0.04761994,-0.54685926,0.6020215,-0.092330396,0.2976569,2.2640471,0.88586605,0.91454583,1.0483457
1536,0.077439904,0.018450662,-0.2970472,-0.012203334,-2.2835164,-0.17590243,0.035734177,-0.17949063,0.054490894,-0.07075629,0.042221904,0.084913075,-0.29168385,-0.60532105,0.33868158,-0.3149069,0.070727885,-0.25117195,0.18224078,-0.34589872,-0.7522956,-0.5078328,-0.38830182,-0.031627357,-0.3516478,-0.20213741,-0.14039618,-0.35935152,0.35586947,-0.088196695,0.1880095,-0.1778428,-0.22187422,-0.08318334,-0.04497391,0.30833524,0.97953564,-0.081154376,0.07959178,0.023150682
1537,-0.9846814,-0.9134213,-0.34972632,-0.18769026,0.3474698,0.35276872,0.16308919,-0.6056372,-0.10123229,-0.23487881,-0.162791,-0.19433624,-0.104139835,-0.44973394,-0.29832205,-0.14738643,-0.23345587,-0.09715891,-0.07432932,-0.021709442,-0.25772193,-0.30530936,-0.08814672,-0.4565864,-0.13340166,-0.17242646,0.1685319,0.38722742,-0.113816544,-0.04261756,0.018598199,-0.3206283,-0.1677435,-0.48701048,-0.1731193,-0.46075484,0.071680546,-0.17355108,-0.26848444,0.22226682
1538,0.18224883,-0.55882144,0.28187692,-0.19014041,0.3523075,-0.23467302,0.5996638,0.075298265,0.74418706,0.39974344,1.0936567,0.72274566,2.5015438,0.43332952,1.61713,0.81665134,-0.13949251,0.25383675,-0.30158567,-0.16436255,0.8930069,1.1058103,1.2818929,1.7048668,-0.18340874,-0.036908925,-0.35422724,-0.011326551,0.43444788,-0.034080148,0.30771068,0.4624829,-0.19586563,0.3671826,0.1260112,0.011078894,-0.119348526,-0.14964569,0.3167009,0.2853548
1539,-0.48127508,0.20421505,-0.21300137,-0.006722927,-0.6879676,0.22793975,-0.37871173,0.013594389,-0.24037272,-0.32646066,-0.16799967,-0.20778573,-0.0460279,-0.17783546,-0.25290108,-0.38531864,-0.47338244,-0.39985263,-0.1591931,-0.4789101,-0.7623062,-0.43831047,-0.367691,-0.08375859,-0.46673912,-0.14232957,0.06624949,0.0063198805,1.233915,0.4912094,0.364356,0.30143422,0.45839417,0.06104338,0.08344865,-0.08978294,0.08427346,-0.13611794,-0.13755906,0.03291869
1540,0.40336794,0.6834387,0.30399954,0.0022050142,0.31485024,-0.25178373,0.15831935,0.006508708,0.2324524,0.7775439,0.34863448,0.10672474,2.4354587,0.9712261,0.87658155,0.2817874,0.5720749,0.45736122,0.06356919,-0.04650396,0.82873476,1.4864795,0.7394669,0.4712943,-0.010106087,-0.024380276,-0.09881864,-0.007730305,0.017706633,-0.15076172,0.00565961,-0.017230392,-0.17374328,0.0033171177,0.0014169812,-0.06659204,0.038672447,0.028465092,0.056952775,-0.019028425
1541,0.01787293,0.14881581,0.50252855,-0.1360721,1.5579742,0.16230406,1.03161,-0.117385775,-0.37493786,-0.026378568,-0.4839952,0.85301447,-0.1887309,0.22102112,-0.022243112,0.42374074,0.8096914,0.52435786,1.0202968,0.44971538,0.15605214,-0.16925216,1.8757049,1.5182183,0.26421672,0.39106873,-0.63130397,0.4477486,-0.3314625,-0.16542093,-0.21723986,-0.16018318,-0.35849512,0.0146708,0.06782811,-0.8786322,1.1975316,0.72061783,1.4864433,0.20519668
1542,0.46741554,-0.32225308,-0.32192147,-0.51027155,0.8696998,0.3138879,0.59664166,0.029533744,0.2809266,0.7858203,0.045546323,0.060394406,0.6687388,-0.37418914,-0.19733953,0.6654035,1.0769237,0.47017595,0.27289087,0.4777083,1.4345106,3.3363452,2.4443545,1.9438398,1.4628329,2.365309,1.146077,1.1287391,0.09184067,0.13226268,0.5634607,-0.1865805,0.37104654,0.1483396,0.14683524,0.22266199,0.6707889,-0.12786068,-0.09302191,0.14245167
1543,-0.04401821,-0.026566505,0.66116893,0.460095,0.7353834,1.4877355,0.55342954,0.56384826,0.16479069,1.087093,-0.10556427,1.2904267,0.19403917,-0.31796774,-0.14868228,-0.3617204,3.0116184,1.4646456,1.1109965,0.76405865,2.4981718,3.3509324,1.469029,1.936475,-0.05645874,0.8519235,0.8080219,0.7405671,-0.268277,0.09498629,-0.11448017,0.24134094,0.33019006,0.103586495,0.5011545,0.010195404,0.92009276,0.06922141,0.2093994,0.75999355
1544,0.17097288,0.15379208,-0.0025536418,-0.03748557,-0.330678,0.18040359,-0.19442727,-0.012089178,0.43908778,0.63385814,-0.80796707,0.7291795,0.4535669,0.15025494,-0.44828725,0.18041086,-0.7994388,-0.25302976,-0.13577303,-0.1469537,0.43065602,-0.14342129,-0.54889596,0.030040205,0.26378804,-0.48742837,-0.16983193,-0.008887589,0.06299041,-0.13621671,0.095834225,0.02113229,-0.09712428,-0.031219736,-0.111717045,-0.8265821,0.26583037,1.3572903,2.533677,0.40745988
1545,-0.13353238,0.14792214,0.5127728,-0.2624047,0.7084684,-0.13939784,0.20874172,0.24396911,0.25792176,-0.15049583,-0.22471136,-0.15707678,0.064407825,0.0077177286,-0.2873446,-0.52875984,-0.16914237,-0.1262685,-0.075563006,0.060222268,-0.38014376,-0.07211205,-0.21732378,0.14683418,-0.27278143,0.24112052,-0.098707795,-0.20413761,-0.34357175,0.45818672,0.90964544,1.8294972,0.25862733,0.3910774,0.5114705,0.054423586,0.04886824,-0.4338865,0.11904505,0.49583766
1546,-0.04402876,-0.078254044,-0.057843715,-0.14439207,-0.07125693,-0.26419747,0.31623358,0.18873721,-0.007390976,-0.13567185,-0.30194044,0.053669333,0.40073973,-0.02832596,0.10416454,0.051431596,0.096247435,-0.1931411,0.010860801,0.017796814,-0.059731007,-0.1924434,-0.13154691,-0.012269735,-0.45614064,-0.31957042,-0.16002408,0.06792188,0.3726529,-0.121599734,0.20541334,0.058648348,-0.26067066,-0.2840341,-0.028147697,0.04248005,-0.21051143,0.01262635,0.1190688,0.06536704
1547,-0.2220856,-0.6706608,-0.98566085,-0.6728376,0.33491313,0.74064785,0.39892095,0.15288311,0.83404046,-0.10394132,0.14268439,0.053781867,-0.9745937,-0.26651245,-0.3300413,-0.9621776,0.7707568,0.588228,1.1171784,0.9957975,0.0146301985,-0.31047487,-0.025271654,-0.042323023,1.1560142,1.1298127,0.59709644,0.71014005,-0.094588146,0.6237152,0.33497018,0.7020253,-0.63194275,0.16691703,-0.15322173,-0.59656376,-0.31215614,-0.05914229,-0.21171522,0.19190931
1548,0.18176988,0.17108244,-0.21475321,-0.1254276,-2.1604955,-0.3285076,-0.6613252,-0.23498178,-0.55539113,-0.5933101,-1.0159283,-0.58099574,-0.7831309,-0.18914604,-0.38919318,-0.09886646,-0.57641965,-0.84935534,0.20352042,0.112522155,-0.6378126,-1.1125362,-0.6257013,-0.14031345,-0.29981208,-0.27531564,-0.758955,-1.2254338,-0.41388652,0.16645664,-0.29514337,-3.027916e-05,-0.36883616,-0.42791831,-0.19554189,-0.776987,0.5368235,-0.019254863,-0.64607227,0.20894295
1549,0.016324878,0.0061079264,-0.37272137,-0.031465486,-0.30444348,0.2900709,0.4394671,0.5329417,-0.33635396,-0.18911059,-0.07224934,-0.4192219,-0.2922942,0.18161675,0.074855104,0.25866628,0.0636847,-0.5868323,-0.5061251,-0.5142202,-0.6198372,-0.14273953,-0.060794055,0.024517775,-0.7769412,-0.5958785,-0.5279673,-0.042874277,-0.04471302,-0.17135808,0.22261584,0.5399266,-0.58038366,-0.35226548,-0.50397885,-0.4159339,-0.07076284,-0.13487989,-0.33303905,-0.23102528
1550,0.2469815,0.4238125,0.17760938,0.43925947,0.21405852,0.24485642,0.6329978,-0.40007466,0.19821943,-0.19803475,0.013058588,0.19134668,0.61392576,-0.26816928,-0.5603343,-0.6763272,0.015853547,0.21679191,0.047272027,0.023081549,-0.68744916,0.3192197,0.061443046,-0.2282952,0.4428053,-0.33969384,0.3856651,0.16105932,-0.31348282,0.18165118,0.018043846,-0.2548381,0.010685205,0.41850471,0.956974,-0.123886794,0.13806003,0.35591042,-0.2461637,0.3560771
1551,-0.16909873,0.013957828,0.21080185,-0.15085223,2.220506,0.8869483,0.44272032,0.37491724,0.9775882,-0.04363686,-0.8584881,0.28273734,-0.06636028,0.13368231,-0.15961981,0.18532677,0.047408223,-0.059953153,-0.03188038,-0.10424602,-0.20533144,0.07679686,0.058280528,-0.18469986,1.0597718,0.84882545,0.060143948,0.41751343,-0.31518117,-0.7653527,-0.24725458,-0.23712705,0.0840427,0.40968108,-0.15888813,-0.015956879,0.025799662,0.17494044,-0.9747739,0.056992114
1552,-0.19036949,-0.3171799,0.24731387,-0.16782436,-0.2651043,-0.26447207,-0.16697034,-0.5802395,-0.4181971,-0.23576605,-0.20431519,-0.17160684,-0.29910088,-0.33718097,-0.34177262,-0.56908786,-0.2977161,-0.10248053,0.59315753,-0.34202293,-0.33225548,-0.32171214,-0.51740277,-0.24345678,-0.1494596,-0.20835689,-0.40566248,0.12215191,-0.058760464,-0.09281844,-0.2047135,0.08746338,-0.51590216,-0.006170422,-0.8953168,-0.37894443,-0.57331324,-0.041394114,0.08393864,0.65975523
1553,0.09254265,-0.86380845,-0.12943348,-0.53091574,-0.02433896,0.29224396,0.10635781,-0.40596095,0.039020956,0.058348577,-0.8892472,-0.6641395,-0.7399977,-0.11517593,-0.37332678,-0.22386593,-0.177423,-0.44802782,0.3159619,-0.24829933,-0.0026581585,-0.19939575,-0.108496755,-0.17957276,-0.1960026,0.5506357,0.95812476,0.07370904,-0.30335903,0.49787968,0.36605608,-0.28414166,1.2520862,0.20635381,0.4335035,0.837338,-0.6441961,0.15580755,-0.10368243,0.26346028
1554,0.05946085,0.007825971,-0.32331115,-0.1817627,0.18071632,1.0565416,0.2548245,-0.5795387,0.3679875,-0.15382776,0.052357055,-0.03841901,-0.25387236,-0.49230134,0.24877489,-0.35216716,-0.39030904,0.24304305,-0.18170428,-0.14116602,-0.13257074,-0.5079839,-0.24401712,0.053005904,0.16301185,0.36330336,0.012946904,0.60752827,0.04186717,0.017099999,-0.4832991,-0.18183827,-0.2019763,-0.55698436,-0.12440655,-0.3532362,-0.057633996,-0.17596677,-0.84746695,0.17101133
1555,1.2066804,0.80035913,0.3726038,0.52183694,-0.15240148,-0.19194229,-0.05474013,0.2601948,0.5163104,0.05712238,0.30311018,-0.2372145,1.2617635,0.69937366,0.42924598,0.1597347,-0.6539198,-0.32828188,-0.53438646,-0.33690548,-0.2678421,0.32011643,-0.4951618,-0.3135429,0.5320754,-0.5881932,0.58535564,0.8973806,1.2905651,1.1283426,0.99800706,0.36248755,0.7306587,0.5274592,0.2081553,-0.20724595,0.12583327,0.38686335,0.14148742,0.5075458
1556,0.46739244,-0.25175256,-0.04461214,-0.3486087,-0.71132493,0.25130472,-0.32996115,0.40460706,-0.55302554,-0.42271477,-0.5302874,-0.17602745,0.047787786,-0.440834,0.31568366,-0.86883867,-0.11248565,0.12902957,-0.04302071,0.23013541,-0.01144588,-0.8904947,-0.63937676,0.31764698,-0.70484227,-0.43089372,-1.0983887,-0.47553647,-0.4284361,0.005897045,-0.09401527,0.44194007,-0.7371916,-0.16256905,-0.7032435,-0.3163523,0.49806106,0.031623967,0.30141276,0.3390596
1557,0.7749077,0.39031208,0.7850787,0.0318861,-0.15173948,-0.4303327,-0.19919658,-0.23109032,-0.49808735,-0.13167554,-0.19474715,-0.37255275,3.9421153,1.2493701,1.9236104,1.7484915,2.1510282,0.9443108,0.6181602,-0.30061615,1.8206769,1.7342367,0.990811,0.93344486,1.225748,0.6158315,0.031339854,0.50846165,0.9356475,-0.048862338,-0.11808671,0.0052046776,0.50247824,0.4075509,0.27472144,0.036598235,0.012829632,-0.09995091,-0.29029,-0.10522896
1558,0.055688202,-0.34317893,-0.4307871,-0.06328362,0.018697977,-0.4156993,-0.8686091,0.009000897,-0.6610867,-0.2388938,-0.42071998,-0.28384197,-1.3033986,-0.433086,0.1461398,-0.3705902,-0.7753191,0.52718455,0.00035616755,-0.076524615,-0.34776568,-0.3334131,-0.21012044,0.035467386,-0.40173417,-0.14669925,-0.149104,-0.06711435,0.46511924,-0.14679545,0.06589401,-0.81347525,-0.7407478,-0.41988325,-0.100387454,0.019397557,-0.5147817,-0.11435971,-0.15879515,0.004060209
1559,0.20749104,0.75596684,0.6846245,0.3435032,2.0788264,1.2819148,3.0640218,1.0065237,2.6365895,1.7978814,1.8951004,0.9647802,3.115682,1.8015306,0.7943437,0.9788166,0.4543389,0.43344665,-0.35752618,-0.15758097,1.0874038,0.71659744,0.2968175,0.28371271,0.9764334,0.44676718,0.07268363,0.2975648,-0.7707132,0.14609575,0.05578533,-0.18383488,-0.4221967,0.25853118,0.06353015,-0.5565095,0.2822415,0.019192219,-0.108994186,-0.0037371218
1560,-0.26832274,0.059286058,-0.17731982,0.5859495,0.31425548,0.14882503,0.20874754,0.5900419,-0.12909329,-0.2002564,-0.111855984,-0.14268711,-0.22710621,0.1602979,0.76833737,-0.058049276,-0.015477419,0.5285651,-0.10638857,-0.0961681,0.291825,-0.07498716,0.5493899,0.7668238,-0.35269383,0.32567364,0.17665276,-0.25547335,0.47780263,0.60377526,0.7306514,1.3419454,0.37623322,-0.03793788,0.11671835,1.808682,0.34343457,-0.19668499,0.5400593,0.35234225
1561,0.8925791,0.52898127,-0.006674975,0.095754236,-0.19114356,-0.032993138,-0.31608692,-0.46975875,-0.09000841,-0.40106663,-0.1847887,-0.05630522,0.5155995,0.6518435,0.11013278,-0.3247854,1.1723669,0.2894728,-0.2314029,0.3999181,0.21590483,0.36263165,0.7112398,0.111126274,-0.12190227,-0.6162267,-0.13442928,-0.01871723,-0.33254358,-0.48480695,-0.19550197,-0.137972,-0.78442264,-0.28827477,-0.5794546,-0.5779197,0.15435323,0.10920432,-0.017913055,-0.15839002
1562,0.060962558,-0.12886575,-0.14107883,0.22935827,0.17662448,-0.74370396,0.15721077,0.120643996,-0.26997265,-0.39920363,0.049976677,-0.24197775,-0.079271495,-0.034669876,-0.74473983,-0.32762176,-0.063400686,-0.16308522,0.38922572,-0.47526324,-0.08898926,0.76751643,-0.34271216,-0.12709309,-0.38614792,-0.31344995,-0.51881564,-0.63076186,-0.56673026,0.15270947,-0.12867981,0.29727417,-0.53883326,-0.36506957,-0.29112536,0.38524717,-0.10170531,-0.1976848,0.074431956,0.5085277
1563,0.11685735,0.5804656,0.10128203,-0.23778576,0.4386171,0.82249,0.27163547,0.75756764,1.2332352,1.7648818,0.5448509,1.2406017,3.7009184,1.1724468,0.11284566,0.18448907,-0.6413528,-0.103450835,0.06710029,-0.30950218,-0.3606701,-0.07314178,-0.1699998,-0.17155287,2.4367085,0.77277434,0.86264896,0.11027944,0.39782465,-0.12781146,-0.052035213,0.07845968,1.1345713,0.7341677,0.88442826,0.21529019,0.19538033,-0.023220778,0.13316071,0.004023552
1564,0.45248097,-0.07779294,0.03772697,-0.4232953,0.2721914,1.8222071,1.3600045,2.6203916,-0.25705153,1.0958307,0.25827587,1.3304548,0.3326465,0.055625618,0.2422725,0.5750288,-0.11332804,-0.64680386,0.022121144,-1.0254674,0.33027935,-0.24030346,-0.10010135,0.3016106,1.281899,1.2058117,1.9532498,1.7082971,-0.4182818,-0.15041378,0.12991568,0.20139703,0.9966583,0.1676051,1.3328899,0.57680506,0.047691584,-0.49234086,0.37459415,0.58385324
1565,0.21683799,0.0007879436,-0.13370538,0.15682289,1.4667735,0.76393604,0.61625385,-0.11653876,-0.011144908,-0.029934138,0.20306444,0.3662759,-0.46063924,-0.5112675,-0.17316186,-0.58889574,0.39829057,0.56040275,0.51356006,-0.05424589,-0.38557395,-0.15049139,-0.5925684,-0.39060467,0.120033175,-0.40950456,0.3149326,-0.8745516,0.15403062,-0.52451897,-0.37583244,1.0437193,0.2517939,0.10088526,0.21305421,0.26620728,0.3495593,-0.0075088553,0.8511624,-0.8692974
1566,1.2447429,1.6122239,0.8686187,0.29075253,0.8666298,0.20728779,0.8014058,0.09819031,1.0237985,1.2860942,0.9500027,0.97547907,4.1558785,2.318949,1.78914,1.2926314,1.238847,0.7985065,0.33757687,-0.15886065,2.0971322,2.3997805,1.1545688,1.1172566,-0.03456533,-0.06332645,-0.20991656,-0.09405023,-0.45535246,-0.13746667,-0.22470261,-0.01071167,-0.15456206,-0.2435663,-0.005159855,-0.30732837,0.23006168,0.10236165,-0.057216167,-0.1576888
1567,-0.058258787,0.0743199,0.44584566,0.02060306,-0.16744182,-0.27081603,0.29422644,0.029167622,0.14765441,0.49960437,0.43274963,0.70494914,-0.15572077,0.10386515,0.17017907,-0.25154772,-0.60820705,-0.9426818,0.14194721,-0.04426501,0.46057373,0.5269252,-0.54549074,0.10946848,0.24666402,0.36641058,-0.10711905,0.34015304,-0.30638424,0.23686618,0.047748983,0.36334127,-0.030523121,-0.34385228,-0.7256286,0.28159606,0.20865667,0.07195478,0.3598554,-0.3697679
1568,-0.142291,-0.54503345,-0.16885382,-0.34439328,-0.16672158,-0.26581395,-0.13679808,-0.34225646,-0.14866841,-0.16131431,-0.43640426,0.052423537,0.013163149,0.038716897,-0.29651558,-0.19943461,0.15268886,-1.0097387,-0.04674712,-0.09651388,-0.07533175,-0.39229813,0.16822541,-0.016118646,0.16258913,0.035899222,0.5230559,0.18740565,2.4567485,2.2884169,1.6740733,1.9809504,3.402019,4.324656,1.8749138,2.1587608,0.04487574,-0.27851543,-0.09250553,0.2361045
1569,2.2535276,3.146611,2.5090942,2.427587,-0.32647514,-0.52861464,-0.5765357,-0.43877205,-0.15473926,0.58168805,1.1271508,0.3978901,1.1985396,1.6288071,3.4928885,2.3270042,-0.20487002,0.09343392,0.15021083,-0.3674487,0.70086,0.7922127,0.36231253,0.8125349,-0.314487,0.031932235,0.00667572,0.05820623,-0.22506854,0.020155728,-0.753477,-0.10294223,-0.08021891,-0.2832019,-0.04707621,-0.029308707,1.0204803,0.53972244,0.24781367,0.04339868
1570,1.0785885,1.0869117,1.7682232,0.79700935,0.5437893,0.5246289,-0.10000951,-0.11270833,0.7508315,0.9302205,0.6386794,1.4266123,2.1206567,0.64672565,1.527401,0.7850306,0.9441266,-0.066512346,0.11802471,-0.055484295,-0.5424762,0.9813282,-0.5630465,0.54957676,-0.73441195,0.052271426,-0.15002102,0.32135487,0.44754234,-0.15005636,1.3924844,0.48120967,-0.35476908,-0.7266983,0.14797182,-0.059886932,0.036360145,-0.013460159,0.006835536,0.24042378
1571,-0.42065012,-0.2311754,-0.24736911,0.32550758,0.07253349,-0.29354477,-0.16008902,0.12878558,-0.55359256,0.016673833,-0.16507429,0.3255109,0.2538004,0.58440185,0.032794833,-0.24714673,0.9883204,0.48384237,0.6433941,0.6921395,0.5934662,0.9219096,0.9292058,1.337898,-0.49532402,-0.24510884,0.17621201,-0.1223516,1.5481021,1.1623513,0.64573324,1.2361777,0.51246864,0.045512326,0.30622518,0.29796407,-0.39824635,-0.017619729,0.261734,0.109803975
1572,-0.1842307,-0.110087365,-0.30944213,-0.09390348,-0.37268162,0.11708549,-0.0045695454,0.01454252,-0.4374017,-0.30089536,-0.15702018,-0.097038805,-0.6042874,-0.34309682,-0.19876999,-0.114343345,0.085920215,-0.49864894,-0.02768904,-0.22685516,-0.3153274,-0.34607124,-0.14517134,-0.290058,-0.71338904,-0.3950471,0.051900744,-0.10413626,-0.15073812,-0.08296802,0.1406025,0.14652848,-0.2769719,-0.46542925,-0.5499444,0.0417324,-0.3749867,-0.067177266,0.18772481,0.10717088
1573,0.5090178,-0.4205173,0.06843272,0.09170538,0.26269186,-0.10454173,-0.2926563,-0.0019731522,0.246221,-0.36642444,0.18059951,0.06806809,0.42601836,0.26314595,0.015371889,0.16203135,-0.76460916,0.29450917,-0.13961892,-0.25591022,-0.21189854,0.13065061,-0.65939754,-0.26050842,-0.2741731,0.10374698,1.0299757,0.035187006,-0.2430835,0.75701046,0.08045613,0.1754418,-0.41341174,0.4634344,-0.2807597,0.28100294,0.6517186,-0.15175903,0.41805628,0.31378478
1574,0.7062499,-0.2289482,-0.044752896,0.17526078,1.4976999,0.6484596,0.79446477,0.5166818,1.8971857,0.7620743,1.124344,0.5247989,0.5875956,-0.14542913,-0.3291237,0.21896061,0.25544655,-0.6465726,-0.2154336,-0.1368204,-0.2698972,-0.17822629,-0.23307067,-0.35178787,2.1128447,1.0002401,1.6726111,1.0589749,0.52828026,0.3505897,0.33353204,0.55375075,2.2271388,2.1359673,2.130229,1.7412975,-0.67522967,-0.15290332,0.09056872,-0.16515428
1575,0.7181106,0.3059445,0.8051591,0.19406706,0.07766688,-0.24690643,0.10009071,0.1030007,0.71667886,0.6881342,1.3520623,0.88931334,3.0612807,0.81926304,1.6678923,1.4166052,0.7443585,-0.29213274,0.47378075,-0.15603435,1.1786268,0.3072862,0.3884432,0.6773978,1.3168509,0.62252647,-0.034166932,0.08318937,-0.3292961,-0.116725385,-0.2540539,-0.505827,-0.15068623,0.3571627,-0.58168554,-0.06150508,-0.17951238,-0.1914039,0.24228597,0.0707929
1576,-0.0167014,-0.121634066,-0.39367938,0.21674407,0.033952236,0.17516547,0.13098702,0.30478394,0.28418604,-0.2071823,-0.009376347,0.091343716,-0.22617483,-0.0365206,0.26744258,-0.098560095,-0.3389058,0.35343933,0.020711552,0.33225298,-0.13331786,-0.055727184,-0.25611117,0.14756203,0.64321285,0.13096124,-0.24637118,-0.28936902,-0.4679571,-0.09135338,0.09029865,-0.20387906,0.2705378,0.14296302,-0.219719,0.1773476,-0.018714964,-0.38479212,-0.3685349,0.38937318
1577,0.36480564,0.28689715,0.10565564,0.23000973,0.96514416,2.3468356,0.44212037,0.0020191818,0.23034409,0.36249116,0.31328523,0.674591,0.8458402,0.1315816,0.1414824,0.4970503,3.9806008,-0.18025753,-0.01976902,0.0985713,-0.9964442,0.19951022,-0.024145886,0.3449613,1.6782746,1.7893145,1.6764215,1.5462258,-0.35423887,-0.02959013,-0.13027556,-0.34024787,0.40131047,0.58400095,0.7409168,0.27719638,0.09194938,-0.073866874,-0.11000906,0.024502717
1578,-0.12874305,0.416437,0.4154551,-0.1084819,0.3428743,0.056643784,0.4438144,-0.6347417,0.44389907,0.13371138,0.8160197,0.7647681,2.534337,1.2011368,1.5898468,1.60454,0.11564296,0.22379026,1.2445706,0.087855026,-0.2798722,0.9798421,0.114527024,0.7276879,0.45890486,0.09528427,0.25021935,-0.22720817,1.1700892,-0.07147625,-0.10783793,0.03103897,0.5386312,0.019899577,-0.17365491,0.28397527,-0.14187625,0.011246592,0.1751129,0.4314886
1579,-0.039043844,-0.34273493,0.17081818,-0.48670372,-0.05917287,0.09412193,-0.46181437,0.010173857,-0.20717317,-0.28321993,0.28289795,-0.3273905,-0.99924743,-0.1984331,-0.0748429,-0.5451668,-0.4026696,-0.58126754,-0.32312685,0.056073725,-0.24876773,0.13144262,-0.19746423,-0.46678787,-0.820358,-0.7092372,0.1513176,-0.33659428,0.86903477,0.035915732,0.15239564,-0.020367265,-0.17365181,0.26429194,-0.6439729,-0.20876357,-0.193113,0.09314321,0.14133006,0.1292575
1580,0.11909765,-0.036787942,0.34567234,-0.028306693,3.6528878,2.1722136,1.7729743,0.99046975,4.8082495,3.2633338,2.4618576,2.2770462,-0.8625592,0.15413305,0.17234214,-0.021715581,-0.45999816,-0.21710005,-0.11252123,0.22518553,0.24235088,-0.10939018,0.16644159,-0.0068351924,0.73126614,0.32636106,0.05931916,-0.4679415,-0.25451472,-0.026504368,-0.24380724,-0.05738446,0.1887555,-0.19626096,-0.20002374,-0.0137536675,0.018829763,0.23035653,0.14485203,-0.03623773
1581,0.01986976,0.41929388,-0.008621991,-0.12737638,0.22791141,-0.4937947,0.1674566,0.14395255,-0.3414747,0.057306647,0.05394095,0.033860505,-0.10872674,0.18986934,0.20501089,-0.24044886,-0.5131478,0.21333617,0.04151863,-0.075821936,-0.014713824,0.035346255,-0.55570805,0.012457967,-0.6914313,-0.3307975,-0.08203918,-0.05173117,-0.6370721,-0.34718782,-0.07431924,-0.35303554,0.656641,0.024063706,0.33229053,0.3307927,0.3649858,-0.30680043,0.17347431,0.17406756
1582,-0.45140713,0.22338217,-0.44469678,-0.102077365,-0.3807814,0.05798465,-0.11689018,-0.08430168,-0.5988984,-0.42206055,-0.20377913,-0.41609082,0.770024,-0.3035645,-0.00984177,0.0709182,-0.6234586,0.23036641,0.3975653,-0.18340516,-0.5818816,0.2049889,-0.45078066,-0.14032993,-0.12128249,-0.41673833,-0.56540954,-0.10619421,1.4309556,0.2921933,-0.13699573,0.10780826,0.9042504,-0.036934316,-0.405935,-0.422315,0.7731986,0.066681385,0.32122594,0.63361573
1583,1.0723773,1.1875788,-0.15516388,0.44860652,3.1641645,1.6028872,0.811201,0.7956716,1.247054,0.44622028,0.85836047,0.8692264,3.2137642,0.11614463,0.29819795,-0.16346538,-0.9605833,-0.61502755,-0.28103125,0.2204506,-0.28007177,-0.27310717,-0.593889,-0.7672786,0.29820356,-0.15604448,0.10440216,-0.4075989,-0.4560236,0.6246929,-0.5223022,-0.113066584,-0.65611994,-0.14583923,-0.24011764,-0.2758904,0.07778695,0.20307058,-0.068493634,-0.3323919
1584,0.09431815,0.47347522,0.52859586,0.2613906,-0.8195411,-1.3053519,-0.41225925,0.10686019,-0.135243,-1.0572989,-0.018554568,-0.28711066,2.1374834,-0.35575017,-0.020811528,-0.09140539,0.29458725,-0.32214454,-0.43835592,-0.9455991,1.2658796,2.4642282,1.5917938,-0.26791814,-0.017272592,0.19488361,0.6683428,-0.12068072,0.27569425,-0.64626646,0.38224772,-0.26767007,-0.108412325,0.051843755,-0.27465278,0.26826242,0.60705876,0.35704914,-0.1318561,0.096152835
1585,0.40146172,0.25882584,0.6397064,0.3103701,-0.032144547,0.22119254,-0.046130657,-0.11925802,-0.59242356,-0.5458925,-0.49598846,0.17878655,0.48933512,-0.10722417,-0.35710332,-0.24819498,-0.2385231,-0.3393913,-0.5139355,-0.44948906,-0.102408886,0.030163527,0.15389176,-0.10077047,0.26502275,1.5117024,1.6811305,1.6263081,0.18091315,-0.47659254,0.3478381,0.7375461,1.156957,1.0693173,1.5239011,0.7815336,1.0128181,-0.10763532,0.2822533,-0.08135143
1586,-0.7702564,0.23876892,-0.442602,-0.07393217,0.83229864,0.4168469,-0.069361925,0.030226469,0.4699222,0.93935883,0.81139755,0.06812209,-0.4917969,-0.63492095,-0.13973254,0.119837955,0.49602592,0.6225274,-0.12069091,0.1973759,-0.41633034,0.18839973,-0.09074952,0.21870431,1.0637109,-0.11557761,0.7817273,0.31227317,-0.29162556,0.048373595,-0.44070977,-0.037748426,-0.13183779,0.24129131,0.48588705,0.28534448,-0.1847196,0.57668376,-0.38954443,0.41461962
1587,2.0914185,1.6659923,1.7035851,1.0830047,6.160577,1.5954472,1.3693954,1.1856723,5.2014656,3.2011988,2.8329818,1.4911952,3.7496252,1.1491479,0.8483947,0.5404173,0.89552474,0.14087617,0.29338476,-0.032574207,-0.024194986,0.23041058,0.41360438,0.19691312,3.0746393,1.583353,1.7272865,1.4583528,-0.28028473,-0.046434432,0.12141237,-0.3764316,0.47265556,0.12143165,0.29374766,0.4380387,-0.070227236,0.06382373,0.2054292,0.24768867
1588,0.063577294,-0.3073299,-0.47581893,-0.2117033,1.4130412,0.10997298,0.7680403,0.26995692,0.15711251,-0.28959852,0.16228187,-0.3272954,-0.22043854,-0.05698651,-0.06202805,0.5466299,-0.5534186,0.067614734,-0.6437252,0.4545989,-0.04659432,0.9296552,-0.15871602,-0.58726275,0.12987703,0.28883114,-0.31896847,-0.010496572,-0.012080193,0.4612529,-0.10413402,1.3381464,-0.43602562,0.31790504,-0.47580233,-0.4506321,-0.6366831,-0.2899286,-0.07514453,0.29115394
1589,-0.27975133,-0.45825943,-0.11156893,-0.22363205,0.58720255,-0.017328143,0.1570631,-0.028001666,0.6541035,0.17073154,-0.7852659,-0.13356441,-0.15910387,0.028217018,-0.6592379,-0.3885884,-0.2258336,-0.48454654,-0.18643457,0.09121096,-0.023196995,-0.24433798,-0.29621363,-0.473922,0.95057,0.35397267,0.50594014,-0.30923122,1.9624348,1.6380416,1.6119092,1.3028684,2.7975383,1.9628581,2.4533393,3.19114,-0.6629183,-0.17469111,-0.23187101,0.059810147
1590,0.37592453,0.071909904,0.1229396,-0.16381706,-0.8784586,0.22228637,0.41256195,-0.026327252,0.32293218,-0.327093,-0.2517678,-0.35268927,-0.16027343,0.5177021,-0.21793774,0.29503977,-0.4368474,-0.23341236,0.29506117,0.49774253,-0.12616122,-0.13937831,-0.06329699,-0.6751759,2.6534896,3.4415722,2.9318414,2.0476558,-0.9106654,-0.7117596,0.2158409,0.32183677,0.8036972,0.692429,1.2022431,1.3411087,0.04280393,0.56865746,-0.05973079,0.3317867
1591,1.6199906,2.181363,2.0004947,1.6115828,2.193613,0.20527592,0.77392936,0.8207767,2.2901256,1.4149258,3.1137145,0.547378,-0.56032324,-0.341571,0.009999514,-0.08723396,0.2394372,-0.426837,0.017682493,0.554351,-0.17710513,-0.25738722,-0.035018444,0.004493966,3.2207682,3.0420542,3.0033138,0.47953504,-0.46740735,-0.47359172,-0.4970041,0.44468367,0.26094154,-0.15976651,-0.1844279,-0.15173694,0.01646702,0.99703884,0.10387331,-0.44803882
1592,-0.1254192,-0.12485516,-0.0764637,0.23031986,0.73219496,0.92882085,1.4131238,0.9747295,0.47621205,1.1300325,-0.00948298,0.056883454,0.056236386,-0.15216184,-0.060581446,0.03588167,0.054656148,-0.1319929,0.22626638,-0.52352583,-0.32986653,-0.53026485,-0.12770385,0.11647553,0.043559432,0.71954274,0.19371185,0.34042355,-0.038232923,0.7102624,-0.32308653,0.06824057,1.5277623,0.8583282,0.6668201,0.8592561,-0.37699178,-0.27172887,0.36836594,0.04401982
1593,2.1164503,1.7250803,0.9473299,0.5801276,-0.13125098,-0.33473825,0.23057353,0.05382213,-0.5653899,0.18960825,-0.173275,-0.0156187415,2.4518027,0.38089198,0.7010243,0.9315474,-0.32798666,-0.39604658,-0.66383386,-0.45600733,-0.16741112,-0.121373326,1.0022485,-0.30356172,0.23077673,0.6567599,-0.15398335,0.62344706,1.2053059,0.9852271,0.8356667,1.1305673,0.81095374,0.6901811,1.1351535,0.94782126,0.49379283,-0.04172343,0.25344127,-0.3340572
1594,0.077890515,0.29276466,-0.22775154,0.069907695,0.27506065,0.023518205,-0.084747314,0.40759727,-0.38264698,0.2044159,0.09023535,-0.11245781,0.3726977,-0.3208114,-0.3108586,0.050008208,1.3883923,-0.28320402,-0.18590775,-0.11553484,-0.51681864,0.32304677,0.484072,0.10914751,0.16312426,-0.23812753,0.34528267,-0.28284732,0.029865623,0.41586262,-0.25690496,-0.21953517,0.18566471,-0.6200356,-0.17399397,-0.41401926,-0.41735888,0.09528999,-0.12302065,-0.28046122
1595,0.0776549,0.2525542,0.3058644,-0.16569902,-0.09139013,-0.7329242,0.15930182,-0.5742185,-0.34549853,-0.333509,0.27360225,-0.18795365,-0.1351763,-0.7495141,-0.42270893,0.008763999,1.2609384,0.55818105,1.544753,0.8671339,-0.6963878,1.6472852,0.24601734,0.54831284,-0.532714,-0.17084014,-0.49418116,-0.23722126,0.30976814,-0.15845942,-0.14542586,-0.2764245,-0.14640726,-0.062345907,-0.48377803,-0.2019147,-0.4682243,-0.42219377,-0.2407605,0.10235745
1596,0.19567248,0.29848474,0.021223485,0.8401592,-0.48130572,-0.3601625,-0.4765947,-0.4825196,0.2806615,0.12083027,0.4156569,0.18650809,0.75694287,1.3942605,1.5079958,1.2243979,-0.041484654,0.10877168,0.054532498,0.33652416,2.290073,2.071005,2.041748,1.5631642,0.26392955,0.55525035,0.8682489,1.1115355,0.46317953,0.13976821,0.9168158,1.2336094,2.0811062,2.1457753,3.1263413,0.806121,0.10579926,-0.25226688,0.21000601,0.123092145
1597,0.017698228,-0.37546417,-0.101680964,-0.42156625,-0.040362537,-0.057053357,0.3379964,-0.34409463,0.21901995,0.19290084,-0.45920128,-0.27550828,0.10131545,-0.16640496,0.36819422,-0.27464873,1.4988497,2.4568074,0.52280927,0.7517158,1.0162054,4.0561137,1.684594,1.7026756,-0.10636192,-0.17931283,-0.5686035,0.069264695,0.40075028,0.09965786,0.046498984,0.06596086,0.03315471,-0.14217469,-0.4110192,-0.17451507,-0.042202264,-0.27915314,-0.26354077,0.7634982
1598,-0.07133573,0.05253914,0.037568703,-0.0030890107,-0.068838835,0.5727285,-0.23981756,0.49638417,0.22306615,0.09227893,0.32286048,0.63246095,0.02793932,0.0072413683,-0.34448177,-0.08314092,0.13254762,0.7377517,0.1448803,0.6389684,-0.09748846,0.08811706,-0.1332473,0.2837088,0.2329185,0.18072885,0.57008874,0.25233227,-0.2981903,-0.13869902,-0.26992482,-0.357094,0.13842678,0.012633562,-0.49365187,-0.0715099,0.060889244,0.3099586,0.0026333034,0.32267785
1599,-0.2922735,0.25840777,-0.4113303,-0.26956677,-0.120273635,-0.15985668,-0.392465,-0.113883376,0.5204755,-0.22336546,0.32016763,0.29167604,0.15732121,-0.2856449,-0.17666301,0.24811503,0.14581104,-0.25462252,0.3571596,-0.072961986,-0.57928467,-0.13541144,-0.57465345,-0.09509823,-0.16953857,-0.4186502,0.0039978027,-0.43389252,0.01606363,-0.10892588,-0.5388375,-0.40827352,-0.2621176,0.20123553,-0.008907497,-0.12464714,0.80502224,0.068765454,-0.6590243,-0.044957876
1600,-0.050814897,-0.005573839,-0.20786536,-0.6121539,0.4381386,0.10647026,-0.02311173,-0.056196123,-0.50651723,-0.5179862,0.02027721,-0.95385575,-0.63037574,-0.54358524,-0.524704,-0.4031055,-0.44886243,0.010913014,0.2059918,0.11296883,-0.2360703,0.2756191,-0.14003196,-0.3812477,-0.23040378,0.2608156,-0.0056398213,0.27803344,-0.29593658,-0.18219303,-0.24538249,-0.054014057,0.010863945,-0.41194585,-0.10771528,-0.066321075,-0.82775295,0.10168058,-0.47142816,-0.1360498
1601,-0.10441503,-0.3162667,0.050482213,0.11766883,-0.5010332,-0.40876287,0.028620124,0.367011,0.21061711,-0.19548807,-0.59377766,-0.34053987,0.012395263,0.038681805,0.10929705,-0.032960296,0.14811403,-0.8026608,-0.24453083,0.26199216,-0.017757356,-0.1963163,0.80801535,0.059322804,-0.11659187,0.13336024,-0.07669631,-0.33899814,0.062030196,0.13821864,-0.041547544,-0.29223484,-0.080750555,-0.41025543,-0.20127489,-0.11878428,-0.10183668,-0.13065654,-0.31308007,-0.0423629
1602,-0.15792641,-0.22322285,-0.2766966,-0.8145681,0.15584795,0.018055454,-0.3393085,-0.54115593,0.44607353,0.45941678,0.30256048,-0.13644283,-0.21179506,0.39814588,0.09104179,0.16614968,0.42163566,-0.44089392,0.36052537,0.4884823,-0.113545,-0.17158028,-0.08762336,-0.04401946,0.44273704,0.37902483,0.81840247,0.39303425,-0.21733488,0.46463442,-0.54440135,-0.17889735,-0.2558633,0.44195688,-0.07981032,0.36414027,0.3105389,0.15513483,-0.36098325,0.32091716
1603,0.31185383,-0.30448428,0.20248461,0.52276003,-0.46065652,-0.04637158,-0.2228761,-0.18620092,1.2191416,-0.3344186,-0.26185548,-0.006004393,-0.07374799,-0.08296251,0.4906425,-0.07766932,0.041155457,0.21853551,0.17448366,0.031432927,0.025991917,-0.09946233,0.061187398,0.28970954,0.04787594,0.6195918,-0.22588821,-0.2405534,0.4346084,0.5885274,0.38326603,0.3775488,0.017667346,0.16254866,0.22721824,0.24656217,-0.26832223,-0.37348282,-0.005772412,-0.29529
1604,0.33852738,-0.36190203,0.46622485,0.057082295,-0.4144659,0.15317854,-0.23833644,0.111741066,0.5638186,-0.0070692003,-0.032334387,0.030442834,0.271394,-0.013677388,-0.19144225,0.243983,-0.49479568,-0.5748329,0.057434916,-0.20635676,0.039697886,-0.67044944,-0.1183804,0.1719436,0.05818093,0.53176785,0.25065845,0.1219964,-0.20910627,0.32210314,0.37986064,-0.0740715,0.5072597,0.66099143,-0.44827327,0.9274614,-0.5229372,-0.26664418,0.1988163,0.25343138
1605,-0.11048025,-0.40173322,-0.23025772,-0.47590965,0.0758639,-0.02818911,0.44015723,0.0794951,0.32576966,-0.14571221,-0.16216621,-0.75549316,0.1505011,0.06969139,-0.3554433,0.20792621,-0.07217929,0.3934096,0.65890604,0.50227195,0.17330843,0.0027759597,0.0067875385,0.29318714,-0.3138011,-0.5789169,-0.6330663,-0.3839978,0.42768833,0.015922122,-0.16784121,-0.4785705,-0.9255961,-0.61516714,-0.8317996,0.04029274,-0.57498133,-0.8030536,0.11713402,-0.2724722
1606,0.26087838,-0.47111303,0.13712108,-0.091053724,-0.056636333,-0.045732062,-0.15565254,-0.047582626,-0.0845788,-0.4493836,-0.09786987,-0.33099282,-0.15638995,-0.4482759,-0.01813227,-0.011642039,-0.11716914,0.55524385,0.06444529,0.20555788,-0.001905024,-0.20651466,0.50203276,0.2324526,0.94691414,-0.021654129,0.981327,1.9593989,-0.229631,-0.3190153,0.0025970936,0.2424372,0.07817936,0.24386847,0.58222306,-0.004317429,-0.16976716,-0.5579463,-0.3081417,-0.60138154
1607,-0.16105728,0.2585985,-0.40187848,0.29140496,-0.18247303,0.13796654,-0.063218415,-0.100979686,-0.05322863,0.5333387,0.46881595,-0.087656915,0.14482856,-0.2916024,-0.005028799,-0.4012555,-0.83779037,0.13219905,-0.45515248,0.06247264,-0.21520773,0.53951836,-0.20302367,0.21555729,1.3546596,0.7402815,0.5576227,0.34128553,0.12241332,0.4917342,1.0946717,0.27491376,0.07287561,0.4660489,0.034968123,-0.2527944,0.021657355,-0.20743728,0.12646452,0.64834005
1608,0.032281727,-0.22338855,-0.19686717,-0.5818562,0.0687536,-0.078887075,-0.026478827,-0.6684843,-0.008721113,-0.037852466,-0.60014474,-0.1656313,-0.08357644,-0.09420487,-0.25951827,-0.19090003,-0.23748088,0.29455805,0.06704074,0.007967055,0.10573077,0.0777998,-0.1878187,0.22640604,2.8047915,2.4009738,2.6958044,2.6645813,-0.23343837,-0.09479892,-0.17460872,-0.54188097,1.6338403,1.3745093,0.8578238,1.2290134,-0.74764794,-0.31135535,-0.1212006,-0.4096611
1609,1.5935963,0.35884473,0.45622468,0.24365103,1.6675508,1.0892767,-0.229504,0.27889267,2.6234348,2.294734,2.7638159,1.8465048,-0.010053992,-0.12105122,-0.12638965,0.16659051,-0.42441934,0.4204549,0.16967165,0.12538804,0.2039809,-0.24882251,-0.25685,0.22464353,0.22496593,-0.3621058,0.27349147,0.8829456,1.0631124,0.48165652,0.21136637,0.31509948,-0.696676,-0.45200992,-0.0074067116,0.14787836,-0.097269416,0.31684005,0.49365377,0.04368378
1610,-0.06000343,-0.18060248,-0.12041318,-0.32924953,-0.13403884,-0.014977552,-0.055626534,-0.30161506,-0.09014349,-0.08359021,0.39033028,-0.18628444,0.026796162,0.038022593,0.47555467,-0.08776985,-0.28804868,-0.21500185,-0.17156796,-0.20149115,-0.19295359,-0.26876515,0.43033543,0.10114822,-0.47784895,0.045963734,0.5580507,0.14342603,-0.2703237,-0.21663254,-0.06056917,0.21626714,-0.021888837,0.07204648,-0.18980893,-0.2470144,0.20673272,0.059574395,-0.12068778,-0.29729056
1611,0.025623672,0.17030919,-0.0864445,0.28969356,-0.123720706,0.023576677,0.1790312,-0.6727628,-0.027158946,-0.21818054,-0.008873969,-0.45813435,0.019438505,0.0035638213,-0.17377812,0.28987783,1.3074882,-0.57035434,-0.09374556,-0.5116004,-0.57926923,0.20266297,0.29451638,1.6290668,0.6483828,0.4611711,0.5260321,0.41071987,-0.007941514,-0.34682637,-0.15973967,-0.08931324,0.22605109,0.31969184,0.15979636,0.06699556,-0.04720062,0.009205878,-0.093524635,-0.18458378
1612,-0.051423162,-0.11737305,0.27195746,-0.108705044,-0.17007214,0.32053238,-0.09144205,0.013822556,-0.01974219,0.23751324,0.8030743,0.42931247,-0.105439484,0.12637748,-0.19537549,0.12420331,-0.2795174,-0.21033612,-0.165336,0.040373072,-0.13271374,-0.2104336,-0.32208908,-0.26321477,-0.268865,0.46276802,0.19116756,0.3496675,0.13703877,-0.59705406,-0.45374972,-0.58375704,0.017965138,-0.27461007,0.37629208,-0.252681,0.07537323,0.2346183,-0.36809146,-0.051230818
1613,0.116333336,0.77767795,0.3749355,-0.5494006,0.36415914,0.16145682,-0.090622224,0.010184307,-0.023200363,-0.26188725,-0.05710742,-0.5433974,-0.02157714,-0.36105165,0.4751475,-0.18518865,0.111118734,-0.9460734,-0.4597395,-0.53208196,-0.43275195,-0.06822282,-0.22890985,-0.34439915,2.1432064,0.6622822,0.92544514,1.3474953,-0.08922827,0.06720948,-0.005637288,-0.019377947,1.0204962,0.011389613,0.5907492,0.13591897,-0.38257527,-0.09791255,0.029154122,0.298422
1614,0.36889088,0.5178233,0.22915879,0.2953916,0.276246,-0.020603716,0.043584943,0.044775248,4.399285,1.6918707,2.0801487,1.9324814,0.23123544,0.1514835,0.016025186,-0.07060617,-0.32865193,-0.5371374,-0.21054375,-0.114222586,-0.20038205,-0.46670067,-0.5792416,-0.38484818,4.4425116,2.8341417,1.3399596,2.2942472,-0.14767522,-0.12859736,-0.06720081,0.022472918,0.26264215,0.18897167,0.2765594,1.1104126,0.5638436,0.14182457,0.17465594,-0.056398287
1615,0.013921544,-0.8330023,0.08386491,0.12516817,0.17320752,-0.3821615,-0.13198072,-0.16358706,1.2369735,0.33311924,0.6520697,0.22981526,0.89443916,0.2606028,0.2929852,0.095065445,-0.05422677,-0.014966428,-0.1986211,-0.14749539,0.047875643,-0.18437478,0.28878284,-0.07086077,0.05784117,-0.13781005,-0.032610513,0.08985096,0.10181742,-2.1580358,0.026100457,-0.073303014,0.02551556,-0.03768778,0.019785777,-0.124643266,0.010465302,-0.06218177,0.05627179,-0.071462214
1616,-0.42516133,-0.46987858,-0.058215737,-0.1651848,0.15619946,0.2144819,0.08357502,0.095832705,-0.15677762,-0.06423552,-0.040171713,-0.04845184,-0.042156577,0.11665103,-0.3533857,0.05739081,-0.08534688,-0.22847271,-0.15304917,-0.14270747,-0.04978478,-0.45442927,0.09751624,-0.35118216,0.3273458,0.09583086,-0.17071673,0.10217422,2.1460843,1.8270487,0.8886528,0.8407733,1.9175029,1.7405539,1.6780753,1.481681,-0.14588857,0.11810058,-0.097432494,0.086410046
1617,-0.3854484,-0.20495826,0.30403128,-0.55412674,2.340595,2.1050463,1.612531,1.8040419,3.1242652,1.5012722,1.5398442,1.5085156,-0.28295243,-0.24908608,-0.27731502,-0.38584775,0.13692713,0.2873306,-0.13535577,-0.024517834,-0.31698415,-0.99548227,-0.2750463,-0.21401721,2.8782806,1.3210475,0.13025591,0.44397408,-0.72565454,0.16973963,-0.013909847,-0.2395567,-0.114030674,-0.22450292,-0.06251162,0.6457296,-0.49455485,-0.18775308,0.676514,0.00013512373
1618,0.27200845,-0.33777007,-0.51071185,-0.12490761,2.2675867,2.1154914,1.5418935,1.1820647,2.785106,3.0145955,2.9139533,2.2381742,0.13143295,0.26890358,-0.16259283,0.37128758,0.053048015,0.11140704,0.2510575,0.028837025,0.1198436,0.16392319,0.12661278,0.16686279,0.51137525,-0.62719905,0.18087232,-0.15621245,0.4355874,0.050620735,-0.034425497,-0.04144126,-0.04924082,0.09067078,-0.12532541,-0.1427433,0.26186943,0.19928205,0.22614962,-0.13958174
1619,-0.010279179,-0.14076442,0.28365532,-0.62390685,-0.25682384,0.059143484,-0.18371457,-0.12772025,-0.4650988,0.07607806,-0.24099553,-0.33600038,0.12376085,0.32655275,0.11914003,0.012994409,-0.11685991,-0.33368075,-0.18613717,0.5236917,-0.03207522,-0.76453686,-0.5877154,-0.25984305,0.003068149,0.18795079,0.70490324,-0.051223636,-0.20351148,-0.7165973,0.89995325,-0.08471173,0.55102175,0.06817716,0.09054011,-0.3714187,-0.53920436,-0.18862951,0.031779528,0.1054234
1620,-0.04708296,-0.3293906,0.20520699,-0.41205707,1.1717007,0.39206648,0.66512525,0.16873227,1.3813305,0.9248246,0.64128387,-0.025337636,0.59960836,0.06242454,0.15675634,-0.5237447,0.084466994,-0.6200613,-0.16848123,-0.017639935,0.26324955,-0.4120505,-0.43361723,0.29726696,0.21580172,0.53794444,0.21579295,0.56170493,0.37884533,0.4077822,0.42076862,1.1591914,1.6277009,0.77654326,1.1950128,1.3351061,-0.23494434,-1.0271153,0.13122618,0.5492629
1621,-0.048926562,-0.32920703,-0.4190596,0.21384579,0.27374604,0.2344405,0.17858416,0.84281397,0.19768807,-0.24023162,0.29044938,-0.19434768,-0.44073334,-0.081736624,0.22519785,-0.24806626,0.17664574,-0.0036475062,-0.24804774,0.036878403,-0.13249081,-0.13922739,0.033234894,0.08062267,1.1598794,-0.1815626,-0.2579057,-0.14274488,-0.27732262,0.15976842,-0.05894208,0.2780331,-0.21887076,0.16544938,-0.2854278,0.36007118,-0.045337223,0.10722041,-0.30213702,1.1703727
1622,-0.36744383,-0.3337986,-0.12676764,-0.36660528,-0.16702703,0.075330645,-0.41820526,-0.4731436,-0.25518453,-0.2842336,-0.11088556,-0.18624598,0.11877319,-0.34957469,0.019690633,-0.0050956607,1.9909557,2.7127142,2.2545857,1.3817793,0.519722,1.4316211,1.4176384,1.6676393,-0.05618894,0.66053927,0.36413464,0.30399552,-0.2258966,-0.034096822,-0.11890972,0.2623374,0.6612209,0.21901792,0.3250197,0.10387206,-0.13982701,0.046477318,-0.49854147,0.0030698776
1623,0.023379736,0.09960061,0.17957614,0.04253024,-0.024811983,-0.4241486,-0.16983086,-0.031822413,-0.38942802,-0.5849255,-0.034106147,-0.63264537,-0.689456,-0.23689657,-0.23034434,0.9108507,-0.37579763,0.04892373,-0.28874397,-0.3190394,-0.42698437,-1.0313423,-0.334804,-0.4446063,-0.61414057,-0.26078647,0.099312544,-0.08935273,-0.38204518,-0.22221327,-0.17837527,0.006028898,-0.40094516,-1.1727803,-0.14126426,-0.33160713,0.3468218,-0.3722788,0.13631803,0.049814463
1624,1.07831,0.42996192,0.09326464,0.6820488,0.12124032,-0.3275684,-0.5876306,0.42712516,0.25580695,-0.06917771,-0.5120184,-0.2581746,-0.009045124,-0.06975147,0.3096886,-0.09298888,-0.29909897,0.22209173,0.06901993,-0.13801026,-0.43539336,-0.46432027,-0.4190294,0.14011663,-0.2298904,0.0042759627,0.13249838,0.18054521,1.3442212,1.3205637,0.7826064,1.148694,0.24241552,-0.47780895,-0.4567901,-0.32776257,0.26562318,0.6614681,-0.07583067,0.70903975
1625,0.021521628,-0.4395294,0.021413177,-0.07578318,0.00013405085,0.10114819,-0.022109658,-0.37871718,-0.44056463,-0.39096302,-0.269014,-0.11298935,0.109048545,0.17859718,-0.39596316,-0.12475893,0.06305444,-0.369487,-0.5147648,0.24737003,0.0616104,-0.52133507,-0.11323589,-0.13506573,1.3024579,2.322827,1.2633013,2.9895267,0.10664445,-0.08540679,0.42974937,0.5127927,2.4264693,1.2400962,1.8724082,1.5275133,0.07040477,-0.28643095,-0.16424596,0.09902364
1626,-0.10464728,0.11479312,-0.293766,-0.061403215,0.5050776,0.01859346,0.32969123,0.5345104,-0.021728382,0.02650693,-0.057211414,1.1250186,-0.15368459,-0.48895267,0.045481443,-0.21765856,0.022406697,-0.17440891,-0.1118623,-0.13063681,-0.22783771,0.3398559,-0.19898838,-0.10444409,-0.14430135,0.014731318,0.095070496,-0.15847883,0.3196165,0.2926459,0.39086917,0.7088244,-0.026507437,-0.060715377,0.09025903,-0.19687477,0.20444733,-0.1323356,0.094545245,0.40676522
1627,-0.11735047,-0.15767854,-0.055805087,-0.24592048,0.25159693,-0.022087783,0.3169427,0.093318105,-0.15891862,-0.21631384,0.10494104,-0.021455586,-0.08221418,-0.7525141,-0.13867426,-0.19508037,3.0519042,2.4797268,1.3160441,0.5853915,0.2834872,1.1407586,0.8418951,0.4107653,-0.25304425,-0.34460425,-0.008055635,-0.111571014,-0.50326604,-0.12576467,0.015616715,0.16434304,-0.23947553,-0.06976056,-0.004387319,-0.2987833,0.25142562,-0.35279417,0.044284225,0.34843683
1628,0.48001269,-0.0020471215,0.12100881,0.4021168,0.5820738,0.42998463,0.91221464,0.3138747,-0.04109502,0.5421233,0.20447469,0.28842318,0.08276248,-0.7313291,0.09018707,-0.14392218,0.5659837,0.7258574,0.07496613,0.11793426,0.99263215,0.93219507,0.3624797,0.6660085,0.067940414,0.78603286,0.651744,1.147463,0.2482771,0.15702432,0.19041103,0.53581136,-0.077810764,0.021608949,0.3699466,-0.23293841,-0.16918671,-0.40395755,0.80390567,0.45238513
1629,0.1071139,-0.024455905,0.24190515,0.033681005,0.15937436,0.28259337,0.6779523,-0.23543334,-0.034438908,0.42092964,-0.13896689,-0.07268579,0.1368081,0.12944567,0.13625076,-0.033086777,0.116560936,0.04840195,-0.13217545,-0.05670178,0.2400446,0.06994122,-1.56652,-0.032253504,3.58531,3.0010884,1.7067225,1.6999708,0.5602349,0.37486637,0.51555926,0.09230387,1.7100073,1.5437984,1.1589015,1.4025431,0.21174067,-0.17863686,0.06694454,-0.09134513
1630,0.18589073,-0.14274177,-0.11045462,-0.33623016,0.11672449,-0.19910295,-0.10636318,-0.09902376,-0.28296378,0.2803343,-0.11401433,-0.0029892921,1.0174593,0.5835297,0.42092496,0.43382615,1.3187132,0.8268806,1.5643857,0.8372558,0.31637263,1.2634275,1.2249328,1.3041053,0.03098917,0.13779396,-0.045006335,-0.21468467,1.0121498,1.0510318,0.81019086,0.59842634,0.60614896,0.21815109,0.2964716,0.4603559,-0.1306969,0.04455653,0.15657699,-0.02055335
1631,0.23776966,-0.24553466,-0.046705306,-0.29204404,-0.34646392,-0.043342292,-0.16126716,-0.016472578,-0.10641427,-0.3144899,-0.07320429,0.5215163,-0.19018072,0.11088258,-0.052316785,0.22541566,-0.5880047,-0.67068577,0.121604204,0.0140255205,-0.23511398,-0.41134566,0.7300903,-0.23325367,-0.020191103,-0.17052901,0.37802702,-0.32321033,0.8002304,1.5178267,0.17341219,-0.23609078,1.2791338,1.6456796,0.14094937,1.1089163,-0.74093246,0.17679864,0.28186417,0.14740384
1632,0.10536194,-0.19726394,0.36835992,-0.06858605,0.03912744,-0.010991931,-0.07398765,0.23955047,-0.112271905,0.14495277,-0.01051423,-0.06929183,0.308906,0.24897641,0.2078523,-0.82380927,0.036740243,-0.10893023,0.30907163,0.1152453,0.06776446,-0.07345009,-0.5832701,0.10601322,-0.15322718,0.41549414,-0.7837584,-0.35335183,-0.03655213,1.4451122,0.23217428,0.37944385,-0.9648075,-0.123099685,-0.016349494,-0.16697267,0.7305923,0.3784629,-0.02688472,-0.22060171
1633,-0.30140078,-0.14258581,0.017675161,-0.28512996,-0.070096016,-0.32308352,0.079135,-0.013262957,-0.05057335,-0.05932972,-0.02250731,0.032077223,-0.03997332,-0.0999012,-0.0036875606,0.18695137,2.6718462,1.5324072,1.1963266,0.89092916,1.4757241,2.0596342,2.7268918,1.894573,-0.48984194,0.010564446,-0.32549918,-0.0513919,0.11802244,-0.03519243,-0.057522327,0.020626515,-0.13822278,-0.090379655,0.12462324,-0.05001819,-0.051742494,-0.201343,-0.11896005,-0.03154862
1634,0.5430314,-0.011628687,-0.4621128,0.36632496,0.23661661,0.97954595,0.50507754,0.11661765,0.17431653,0.46575132,0.62278384,0.6879879,-0.23580343,-0.173069,-0.29958808,0.46596575,0.059349775,-0.24706486,-0.07140833,-0.25559705,0.8669139,-0.088486016,0.43018335,0.49326006,0.6290865,-0.33468807,-0.37659642,0.35805827,-0.30567244,-0.1931563,0.07333875,0.10909091,-0.13630223,-0.503749,0.06441283,-0.24916786,0.25757605,-0.0665099,0.8210017,0.7793249
1635,0.14690584,0.5265892,-0.07607785,0.20659983,0.8329284,0.09531531,0.47493798,-0.4682544,0.9594146,0.36236495,0.17458677,0.5502415,0.42113817,0.57478887,-0.019424275,0.44750872,-0.21028134,0.41998518,-0.21567601,0.15521976,-0.08597374,-0.0472095,-0.13587385,0.017631114,0.18469799,0.20098087,-0.03593629,0.12918794,0.24169981,-0.334534,-0.118475825,-0.094013505,-0.17995787,0.1962089,0.20327418,0.47446764,0.15873817,0.17437893,0.39465034,0.41038167
1636,-0.36493167,0.103865266,-0.0036703348,0.09324401,-1.2288334,-0.26401126,-0.5238403,-0.30146587,-0.7027942,-0.5615754,-0.45052174,0.02215086,0.170398,-0.16104275,-0.4197401,0.3208457,-0.057409048,-0.3861787,-0.33496803,-0.2692353,-1.0497975,-0.54067785,-0.4825214,-0.31528327,-0.20575625,0.3664814,0.18363857,-0.6482773,-0.22956248,-0.7271475,-0.14695114,0.21661627,0.112402156,-0.39579058,0.19479656,0.057650477,-0.112473845,-0.23903425,-0.09048629,-0.15695888
1637,0.25248885,0.0899293,-0.5569934,0.26479512,-0.16896749,0.13299158,-0.10464231,0.12911572,0.16183253,0.09424502,0.26671594,0.46318066,-0.3282565,-0.50884545,0.3776023,-0.6408503,1.084044,-0.05064802,0.42022932,0.08677359,0.40751815,-0.08972645,-0.020870239,0.18522558,-0.17499433,-0.014492452,0.3131662,-0.04328935,-0.13785844,0.21307749,0.27834255,-0.2582544,0.4206226,0.8038005,0.43281537,0.30382168,-0.337972,0.64546657,-0.015957594,0.042277187
1638,0.16635633,-0.178002,-0.6494471,0.036212683,-0.06677398,0.0999583,-0.03722778,-0.46351647,-0.41845584,-0.020598352,0.25631562,-0.002222985,0.5000225,-0.019305468,0.5049406,0.2584318,-0.10702741,-0.47585556,-0.06954235,-0.13233614,-0.0023611784,-0.03190136,0.13811837,0.22436187,0.1134243,0.29250735,0.16883633,0.037636567,-0.15594447,-0.032393694,-0.52137446,-0.16385189,-0.068623185,0.3113312,-0.29397872,-0.20993447,-0.27480954,0.05542008,-0.074673235,-0.043559413
1639,0.15734994,0.13792646,0.20644471,-0.37459633,-0.17250319,-0.045623183,0.35131186,0.13440001,0.7933762,-0.39696312,-0.8021878,-0.050409198,-0.38797712,-0.2137546,0.05101785,0.14295258,-0.1633951,-0.23256737,-0.4653805,-0.051380098,0.06946349,-0.15375042,0.49356186,-0.26432115,0.07951987,0.40094507,0.15784493,0.6536753,0.17686915,0.025332093,0.47052503,-0.04697883,-0.28970706,-0.0540241,-0.32854456,-0.15793455,-0.26903394,0.24821949,-0.24756509,0.33279562
1640,0.38237932,0.10953984,0.114683926,-0.14324951,-0.0120868385,0.49290174,0.39255023,0.17880875,0.10413337,-0.18607956,-0.4289227,-0.26120558,0.40534872,-0.3974008,-0.018821329,0.23324403,-0.042135954,-0.09067693,-0.20689872,-0.09382572,-0.4957577,-0.63527215,-0.2039338,-0.071624726,-0.21477646,0.41086477,1.2639955,-0.33718032,-0.2640125,-0.20535675,-0.14249042,0.31632054,-0.3784795,-0.34575224,-0.122758165,-0.41482455,-0.188351,0.54348993,0.5109369,0.22662494
1641,-0.09178719,-0.013886809,-0.4195088,-0.3037718,-0.3421078,0.15360337,0.24194628,0.068338215,-1.2453048,-0.16783991,0.09068529,-0.5571577,-0.18396467,-0.27461636,-0.16899277,-0.01773943,-0.71623284,0.11547586,0.1254422,-0.20504344,0.26819733,0.075974435,0.11156909,0.45504308,0.0035509467,-0.19858587,0.03401181,-0.08809811,-0.061222494,0.36010253,0.18605731,0.07073967,0.2028924,0.32657957,0.15896514,0.6512677,-0.049128324,0.26487058,-0.12991358,0.6161667
1642,-0.13881682,0.20848358,-0.109046094,-0.028984427,-0.23592517,-0.59999955,0.49749243,0.031497672,0.14627433,0.60679173,0.06207144,-0.1507726,0.0070506334,0.027614594,0.12460668,-0.5143591,-0.19837165,0.6296357,-0.5883218,0.4711103,0.24009061,-0.16525733,0.5714929,-0.18933466,-0.038252413,0.3783422,0.33724445,-0.11869913,0.116024405,0.17953551,0.055814266,0.2715465,-0.11080864,-0.7903181,-0.645523,-0.1539722,0.11900085,-0.19516277,0.14108402,-0.08071144
1643,0.21503264,0.41094303,0.6769763,0.40466458,-0.08434105,-0.18264994,-0.361177,-0.06859213,0.14346102,-0.02243185,-0.047740042,0.15474474,0.9820327,0.9792501,1.3281015,1.0723126,-0.1628102,-0.4223982,-0.35237923,-0.4827705,0.1384505,0.11322385,0.4593343,0.50509155,0.9561379,2.2968605,1.23308,0.97854733,0.44171616,1.0426228,0.90131557,0.11640227,1.579589,2.02117,1.9396639,1.5837239,-0.36824846,-0.12078962,0.141231,-0.3508914
1644,-0.08030069,-0.40618518,-0.16334617,0.2653608,-0.41423076,-0.10892984,-0.16916674,-0.37766337,-0.119899035,-0.10013613,-0.38554186,-0.18479377,-0.12609148,0.022403896,1.6646743,-0.197967,0.068480074,-0.45214063,0.09716728,0.11427827,-0.03814441,0.17569864,-0.33002424,-0.3585621,0.034190357,-0.40131253,-0.20680818,0.2589547,-0.4322736,0.49695998,1.1211219,3.0523305,-0.19677798,0.28278232,-0.31833234,-0.10569386,-0.017641626,0.090002894,-0.53235006,0.17847532
1645,-0.0024073124,-0.41355982,0.011460945,-0.3258562,-0.07967651,0.07089475,0.3415835,-0.4218346,0.04394698,-0.4359762,-0.3173715,-0.17715174,-0.1488043,0.07524136,-0.01895523,-0.33446187,1.7963688,2.4040782,3.632699,1.9360439,-0.26472366,0.8502376,1.1366442,0.7847891,0.16797465,1.2384112,0.26629382,-0.28437778,0.17321801,0.12199378,0.18468957,0.050501622,0.5042395,0.45722315,0.38233322,-0.015884116,-0.11565322,-0.2245577,-0.6483395,-0.09595564
1646,-0.09745169,0.4181845,0.47276083,0.061642945,-0.07641888,0.057786822,-0.14289519,-0.124331415,-0.45417836,-0.48305154,0.04505855,0.10528445,0.9046253,1.0857096,0.3566859,0.25662965,-0.085829064,-0.15660328,-0.15783536,-0.21643123,0.7297151,0.47772124,-0.09964982,0.057133764,5.2000675,3.093415,1.5259552,0.3023311,1.0015793,0.18472841,0.046773106,0.031076193,1.7716933,1.9107186,1.6576025,0.57288146,-0.15660772,-0.044908553,-0.09810829,-0.13081944
1647,0.14342439,-0.1588667,0.37843522,-0.14649276,0.17658156,-0.76140565,0.2679987,0.05057381,-0.31052536,-0.7234677,-0.36851102,-0.40822577,-0.2350587,-0.07078558,-0.3397749,-2.3198295,-0.04189107,-0.06565854,-0.35310405,-0.28597054,0.93095005,-0.45287746,0.0053265095,-0.19401145,-0.4732084,-0.5071876,0.26822132,0.1540179,-0.30809593,0.14085996,-0.24205214,0.07384423,0.33603853,0.3633793,-0.49001622,-0.34232903,-0.27350363,0.15523654,-0.050521374,0.046772003
1648,-0.7192147,0.2557847,-0.4623205,-0.27559102,2.2949297,0.032146573,0.69624364,-0.15188897,-0.12432465,-0.35754368,-0.118350476,-0.04652053,-0.40403175,-0.676523,-0.0053605735,-0.76257575,0.33935326,-0.03474742,-0.43159986,-0.4908324,-0.36913565,-0.33645785,-0.12950236,-0.60216516,-1.304399,-0.87731606,-0.73810256,-0.2878881,-0.4565804,-0.30130547,-0.6246828,-0.19814932,-1.0134296,-0.19904807,0.046108305,-0.58141077,0.58310044,0.27345234,-0.015363306,0.28790763
1649,0.64402425,0.20889878,0.42597926,1.7168373,0.13945714,0.08684574,0.14107957,0.55152977,1.8274891,1.3127398,1.7086406,2.7426217,-0.24134627,0.21999176,0.12559053,0.7636336,0.38076562,0.16378847,0.60877115,1.013207,1.5595157,1.080067,3.0407913,1.2899494,-0.47628963,-0.02332756,0.47889978,-0.5720129,0.032484293,-0.92262185,-0.7385912,0.31412387,-0.98060644,0.0028695762,0.31616372,-0.59055704,-0.077130914,-0.5642343,0.14601761,-0.3552425
1650,-0.35644162,-0.0580488,0.043031633,-0.13316602,-0.045681626,0.07039509,-0.06585997,0.05430746,0.11866662,0.059901997,-0.16588086,-0.007082045,-0.12928325,-0.17549366,-0.27504447,-0.102601945,-0.107007,-0.31704044,-0.37203723,-0.24832922,0.033095896,-0.121810086,-0.4518284,-0.055420995,1.74108,1.5910251,1.1869011,0.71510327,3.24713,0.53397226,0.17549625,0.39192665,5.4473143,3.0578768,2.1737456,1.0719168,0.10434401,-0.27102935,0.14439246,0.0527007
1651,-0.40718603,0.5862845,-0.21730717,-0.094739914,0.13701686,-0.24196036,-0.24063352,0.146451,-0.15655723,0.030479802,0.024974614,-0.059093,-0.49500275,-0.3019957,0.05417919,0.0012168288,-0.039518595,-0.2552923,-0.17816174,-0.11446011,-0.07997799,-0.18071358,-0.067168325,0.030251384,0.47656593,0.4739132,0.19862974,0.2120617,0.04628502,-0.42207357,0.16269958,-0.025372922,-0.01115787,-0.449029,0.46750024,0.20807022,-0.49734372,-0.112559766,-0.13342884,-0.0535931
1652,0.17113104,0.16397226,-0.0769314,0.5222347,0.0008119345,-0.10696465,0.035345882,0.20887429,0.62161386,-0.105737984,-0.2481446,0.16815607,0.19849783,-0.5624052,-1.6523147,-0.42776617,-0.56383646,1.141595,0.045083344,0.2743052,-0.99839854,-0.5189534,-0.43011922,-0.12676147,-0.04398352,-0.21457383,0.15248892,-0.11946577,-0.2025631,0.034744427,-0.26178133,-0.2573136,-0.16757423,-0.20568556,-0.105600834,-0.2088485,-0.07189153,0.123903126,0.5092982,-0.1581671
1653,0.7494916,0.4211955,0.051430374,0.07725656,0.37320933,0.00040018559,0.3900621,0.13104773,0.18535888,0.28211814,0.64451504,0.085832655,1.0355783,0.8843007,0.11993529,0.21510142,-0.0057410747,-0.31626964,-0.35426477,-0.11500901,0.12073159,0.6399982,-0.41135985,0.06545925,1.4205899,0.8726549,1.089655,1.0245881,3.1687984,2.4737744,1.7213196,1.3670135,4.3668127,3.4802704,3.0578864,2.2601705,0.2647166,-0.36919424,-0.25251943,0.069251835
1654,-0.6524181,0.28520215,0.25827858,-0.05698681,-0.29761398,-0.19846982,-0.07350935,-0.2979691,0.60668033,-0.9177261,-0.17397785,0.18548322,-0.07945123,-0.15072215,-0.39333463,0.51111174,0.99112236,-0.093035996,-0.039861307,0.12466174,0.28288454,-0.57337594,-0.1070596,-0.14273119,0.34827274,0.17379135,0.073005676,0.30413216,0.2426691,0.20915878,-0.2558773,-0.0013318174,0.5673202,-0.016239077,-0.23643067,-0.24555358,0.63133633,0.032028705,0.43892434,-0.09463227
1655,-0.3440474,-0.22294897,-0.101219505,-0.4804914,0.07165825,0.0012795329,-0.079248905,-0.1663591,-0.20532864,-0.55331886,-0.19418916,0.082155675,0.16493368,0.035137415,0.7487809,0.8716203,0.8751842,1.6192489,1.3695132,1.0120193,1.2026261,3.092966,3.1750479,2.2938945,-0.3752733,-0.28835866,-0.8669985,-0.16404217,0.0064058006,0.050773323,-0.048641607,0.06745881,-0.15184951,-0.07559025,-0.050136745,-0.088170625,-0.20312011,-0.27278435,-0.45439336,0.05332148
1656,0.42247492,0.4535933,0.7269413,0.033372074,1.1237993,-0.5187502,0.24789102,0.42285848,1.1248394,0.77930295,1.0498625,0.38168815,2.5199604,1.7937831,-0.20492703,0.13257891,2.0646155,1.2784343,1.0707471,0.062099338,0.44831702,0.37178084,0.028548956,0.2064143,0.8709793,-0.10771033,-0.46461254,-0.11582586,-0.70465565,0.2452381,-0.5414014,0.23389806,0.054165453,-0.2112309,0.23022261,-0.5147266,-0.6968376,0.08832112,0.0006027818,-0.16479096
1657,-0.18564121,0.3196569,0.18955785,0.23955157,-0.09812057,-0.33954027,-0.25363773,-0.04140994,-0.49544936,0.29275152,-0.004575461,0.008087724,0.5511431,0.9379353,0.11175255,0.6954382,-0.42361122,-0.32379448,-0.075251326,-0.1537018,-0.057628922,0.23960382,-0.25647265,0.16033554,-0.14258957,0.37613556,-0.6704234,-0.42126608,0.3075486,0.27072775,-0.46096274,-0.25668713,-0.74343234,-0.46087283,-0.17329368,-0.6162676,0.52677983,-0.5222478,0.13423675,0.20401193
1658,1.2296991,1.7388351,0.5552727,0.517382,0.8089785,0.1532116,0.78134096,0.27891302,1.6786274,1.5990382,1.7467062,0.56722254,1.5953751,0.52451646,0.985078,1.3013532,1.267098,1.5401437,1.3363106,0.5644336,0.49885336,1.093038,0.70209825,0.61325896,-0.7987671,-0.687176,0.08232999,-0.16132808,0.26216573,0.19045508,0.2482199,-0.06239474,-0.2824422,-0.25436753,0.16637369,-0.3927086,0.12415588,0.3141402,-0.17274845,0.30034643
1659,-0.9171516,-0.9628087,-0.048476815,-0.566704,0.5475386,0.25023752,-0.37541234,0.5016726,-0.103562176,-0.8035233,-0.43100882,0.20512414,-0.39388677,-0.34554732,-0.11868149,-0.29420397,-0.18104625,-0.5800737,-0.18755278,0.49031183,-0.7230313,-0.15356323,-0.21448186,0.5756999,-0.3552465,-0.24325152,-0.5304214,0.38508067,0.18740521,0.34675187,0.36711115,0.86504066,0.3466331,-0.037179142,0.011433065,-0.14042336,-0.48572683,0.35294506,0.25994587,0.16582838
1660,0.03846222,0.25432202,0.1742602,0.15012705,-1.411572,-0.11855543,0.4757719,0.19013017,0.1372881,0.30471873,-0.02785625,0.4656335,0.4255707,0.21919608,0.09358668,0.23210609,0.19799697,-0.14001283,-0.01741159,-0.50413096,0.25980747,-0.08540413,-0.4705261,-0.23252034,-0.24397206,-0.05347255,-0.015720159,0.09646833,-0.26544434,-0.6523795,-0.0018080771,0.24725538,-0.5965969,-0.79018676,-0.19489098,-0.12162152,0.116438806,-0.09207805,-0.3655606,-0.40366673
1661,1.4217448,0.7252123,1.1221632,0.15810406,3.6175098,1.2869328,1.3683382,0.57741636,3.3813355,2.5748076,2.1394837,1.8633137,1.0201037,0.4688245,0.22496751,0.8610461,1.9514519,1.667845,0.8084748,0.16993868,1.8185039,2.2394543,0.37051445,0.2131171,0.23583293,0.399561,0.19912654,0.49097663,1.326046,1.042402,-0.2623066,-0.12052995,-0.535942,0.18689376,-0.35764557,-0.07664575,1.1733022,1.191741,0.52508837,0.2542976
1662,-0.510263,-0.056106627,0.26377112,-0.12913376,1.3709478,1.2523131,0.26646265,0.1435234,1.2390954,1.4166856,0.6995846,0.18066719,-0.37965477,-0.31902692,0.30884314,-0.544244,-0.20006508,-0.3220531,-0.2598434,-0.384929,-0.16984254,-0.23441684,-0.091109514,-0.040150702,0.53481275,0.008528501,-0.56278646,-0.065015316,-0.36273372,-0.091774195,-0.08281666,-0.6497471,-0.03067971,-0.16841273,-0.5806548,-0.14104328,0.5117877,-0.503277,0.89150214,-0.42525172
1663,0.13270104,0.013397366,-0.007261932,-0.06340802,0.19161677,0.5491071,0.26735872,0.31287614,0.2474812,0.17380664,0.08764573,-0.18009871,1.7252976,0.19580063,-0.1854955,0.041068554,-0.0011537075,0.06629242,-0.17406958,0.092401385,-0.13405049,0.09366535,-0.3806963,-0.059119165,-0.53975344,-0.04634033,0.21255463,-0.27632326,0.16876125,-0.31685573,-0.4242521,0.084587336,-8.196221e-06,-0.022173615,0.19026154,-0.33991647,0.6196215,0.17059758,0.06081146,0.19127056
1664,-0.6557716,-0.10159135,-0.028925717,0.22061002,-0.011498749,-0.04630983,-0.46228004,-0.19811669,0.13255394,-0.15596914,-0.07140583,-0.1826055,0.037806153,0.1518791,-0.21031201,-0.22065848,0.27540317,0.035563752,-0.22411251,-0.05312121,-0.2638839,0.043523245,0.043574758,-0.18275213,2.5879846,2.0560477,1.7115386,1.1548225,0.5636786,0.19771591,0.05119407,0.1647391,1.6538451,1.6591249,1.2038828,0.6392194,0.08550072,-0.14604148,-0.043137014,-0.048182666
1665,-0.104780555,0.22222358,0.29451135,0.11766142,1.2657362,0.50248694,0.45726302,0.23425496,0.07281011,-0.2707197,-0.5025741,-0.20410627,-0.16004354,0.26219693,0.43625307,0.26200897,0.00025093555,0.14354289,-0.024689764,-0.23637822,-0.13834745,0.8816012,0.079989746,0.22871268,1.3520977,3.3697102,1.5727175,0.99453336,1.9584894,1.8672664,2.0133016,1.9953156,3.6927161,3.1302528,2.845293,2.0723863,0.06654358,-0.04943332,0.042375684,0.098008215
1666,0.019017696,0.06082633,0.103209674,0.5213737,0.37397903,0.14846283,-0.34119904,0.23252177,-0.52682704,1.0879364,0.35909033,0.7841808,0.1093041,-0.6158826,0.108389854,0.06272149,-0.0055821836,-0.11660081,-0.5538744,-0.12443733,-0.32367873,0.34143025,-0.13948911,0.12153268,-0.04389882,-0.8161685,-0.12434009,-0.02046603,-0.28569007,-0.0029586554,0.06572938,-0.003191948,-0.33980733,-0.47281805,-0.26584685,-0.5493863,-0.3513127,0.4283316,0.13999653,-0.28494745
1667,0.8119679,0.054971755,0.111980915,-0.58252716,0.08831048,0.00029706955,0.24451089,-0.1850028,-0.1819661,-0.002206087,0.37045792,0.17396128,0.4804474,0.3689822,0.3108548,-0.3883909,0.16935712,-0.16549228,-0.11235213,-0.4611026,-0.2463389,0.39923775,-0.27305606,0.12828952,-0.2719048,-0.099170476,0.014700472,-0.05909607,2.4231815,1.2638264,1.587421,2.0589447,2.1273336,1.6270871,1.6384398,1.2454432,0.09000677,0.48994577,0.27864668,0.38716447
1668,-0.43939388,0.3693808,-0.14800322,0.13342983,0.06357837,-0.31593177,-0.14065942,0.14070973,-0.21832669,-0.077073395,-0.36575648,-0.28578633,-0.14972848,0.54753107,-0.4832983,-0.18323451,0.04039547,-0.9468254,-0.32563907,-0.16753927,0.057241432,-0.5506476,-0.13464168,0.054389097,-0.23955895,-0.061544612,-0.010340944,-0.12870193,0.8771932,0.20713326,0.3302256,0.4175385,-0.49466035,-0.4423943,-0.3356849,0.032953084,0.45643386,-0.19826391,-0.3883981,-0.32954103
1669,0.4968372,-0.83067495,-0.053254217,0.08842218,0.060630918,0.20490927,0.050111324,0.43676394,0.79898554,-0.062298685,-0.38055718,0.20743737,0.894475,0.13712884,1.1137335,-0.3927335,-0.11720097,-1.1144476,0.08712679,-0.4651717,-0.42024812,-0.012347579,-0.061429977,0.25950783,-0.23715633,-0.5451878,-0.4102075,-0.7547369,0.1971191,0.7102828,-0.045747936,-0.117560506,1.8485163,1.8533474,0.98446184,1.0588756,0.10457851,-0.052221254,0.41068143,0.088586085
1670,0.19128525,0.011899054,-0.27734667,-0.41937935,1.1369789,0.14786367,-0.2652772,0.21071875,-0.13916832,-0.45559412,-0.06731248,-0.17138001,0.44760334,-0.14332491,-0.080402076,0.3058796,2.6426806,3.0323787,1.232505,1.9717984,1.3950982,2.4696932,1.8178673,1.752524,-0.22397396,0.08002651,0.1674748,0.1675863,-0.4177928,-0.16676378,-0.14350748,0.09766549,-0.31121486,-0.2513259,-0.20704216,-0.5253103,0.8307753,0.38672146,-0.0075496733,-0.3843494
1671,-0.5656911,-1.0791769,-0.5339545,-0.4583586,0.27596837,0.29986048,0.24977791,-0.4577254,2.5149407,1.8512745,1.868695,0.27690142,0.037637055,-0.18133128,0.21535373,0.12549403,-0.7928267,-0.28008538,0.1513411,0.19077203,0.15504384,-0.75363237,-0.4910692,-0.15946019,0.14262098,-0.3681468,-0.12945664,0.67642325,1.1876154,0.9851008,0.43434456,0.3326066,-0.12243998,-0.6936692,-0.19880362,0.026662797,-1.0567715,1.6443989,-0.3895621,-0.17009494
1672,0.58846974,0.10302141,1.0672153,0.7222284,0.34608608,-0.34407514,-0.29545856,0.53395784,0.8113024,-0.11220737,-0.1964758,0.1119307,1.5380446,-0.2483798,0.45395315,0.06605482,0.5212589,0.06375223,0.3612612,-0.6231848,-0.12221077,0.49887577,-0.45677465,-0.6465516,-0.030810416,-0.11279054,-0.8804487,-0.044561118,-0.22375748,-0.30521026,-0.31844226,0.9296863,-0.1979881,0.15251875,-0.419325,0.66493976,-0.23389101,-0.3156774,-0.21741647,0.21132094
1673,-0.03434074,-0.06453776,-0.49913293,-0.037779525,-0.6006136,0.9504043,-0.63549244,-0.33489165,-0.7955833,-0.23511189,-0.15299776,0.25988746,-0.51709425,-0.16945094,-0.4310167,-0.12894653,0.12030411,0.17796338,0.13007542,0.019901812,-0.51052725,-0.40268868,-0.17928928,-0.24225056,-0.2727721,0.29406258,-0.25697714,-0.13222805,-0.07372224,-0.28458726,0.18434998,-0.3121185,-0.30249143,-0.4482429,0.08011356,-0.58113545,0.21911967,0.2252121,-0.21184552,0.024437614
1674,0.24085054,-0.31822076,-0.16225564,0.035505123,-0.08965969,-0.08574796,-0.24954705,-0.22961684,0.26044655,-0.5357212,-0.2666438,0.14739436,0.092965126,0.12794778,-0.16078638,-0.19441107,-0.34492502,0.3023244,0.0029315986,0.59418947,0.4017802,0.13726151,0.7076621,0.43496692,-0.058363974,0.010525465,-0.29610386,0.11072834,0.36700523,0.5903559,0.45894197,-0.18901733,0.60585374,-0.14159739,-0.08428794,0.13575622,0.42307806,0.28758258,-0.05420009,-0.1874536
1675,3.313414,1.9452221,1.6657685,1.6357558,2.214966,0.1550225,0.018494248,0.15355988,1.9139147,1.2746092,1.6644534,0.5536526,6.2746825,3.9641726,2.8747604,1.8001399,1.8882632,1.6140716,-0.021063983,0.39912996,4.6057687,2.0838456,1.8908371,1.3649735,-0.34963152,-0.14472872,-0.21459183,-0.12520409,-0.06428599,-0.10627669,-0.03495282,-0.29126248,-1.4325371,-0.090690106,0.015907228,-0.025290191,0.05625844,0.14265305,0.086973935,0.011203349
1676,-0.31908786,-0.27478853,-0.2294271,-0.084640265,1.0720421,0.2416636,0.4714682,0.9612152,0.30276734,0.39124757,0.79681903,-0.254871,-0.47616544,-0.35272864,-0.4948461,-0.083675325,1.8169173,0.6699969,0.7396227,-0.40320742,-1.0141166,-0.047681816,-0.13202083,-0.066381276,0.17871809,-0.4925624,0.011493325,-0.07736111,-0.6419145,-0.049604356,-0.17464647,-0.09461817,-0.034251988,0.062345393,0.35628802,-0.011861622,0.28158307,0.010047555,-0.25862542,-0.16088194
1677,-0.6640507,0.15060726,-0.6320863,-0.02278316,0.16437256,0.03774163,-0.28302127,-0.13275218,-0.49147138,0.32288367,0.06770474,0.25797534,-0.51302177,-0.027837783,0.45625657,0.25090203,0.92542,0.47466156,0.43010157,0.008116484,-0.34318292,0.2532906,0.91590947,0.30169556,-0.46125722,-0.5012355,-0.22005597,-0.0013585091,0.5033896,-0.12510487,-0.17132312,-0.08036945,0.3270277,-0.8256536,-0.32462326,-0.22819355,0.40160272,0.48352936,0.068661064,-0.0049127936
1678,0.6055495,0.37690347,0.51309836,0.52598536,-0.03017652,-0.23707521,0.5371686,0.22055918,-0.17748381,-0.3542263,-0.08995962,0.32229346,0.7747155,0.109977245,0.114408374,0.8763051,2.2412763,2.2193506,1.7011746,0.78863645,1.2100028,1.9503534,2.4039106,2.0544648,-0.01787138,0.04752111,-0.37763184,0.23239455,-0.6133829,0.1122334,-0.18431246,0.021073073,0.14000499,-0.07682443,0.08814633,-0.12841016,0.064339936,-0.18636759,0.71330357,0.20328999
1679,-0.15139824,0.20322081,0.31408876,0.5222814,-0.118180096,-0.24608229,-0.548164,-0.34223998,0.083837226,0.007312238,-0.46819085,0.4329476,-0.64125395,-0.7057597,0.14860335,-0.5782578,-0.06825185,0.063122705,-0.46011153,0.15869564,-0.02920542,0.40688157,-0.30902356,0.19386034,1.0662721,0.5556319,0.3747279,0.32304606,0.21458608,-0.2433578,-0.3661834,-0.20270337,0.029557943,0.27972656,0.15914644,0.2236744,0.3536985,0.13498688,0.21548048,0.2545337
1680,1.6614833,-0.12676728,0.8245897,0.3076825,1.377146,0.9770631,0.23056984,-0.1675969,5.7706814,1.2181861,2.8807802,2.3156266,2.6917357,-0.014401138,0.889166,0.33008242,-0.23496169,-0.21778893,-0.1674896,0.06978038,0.21313244,0.074042976,-0.21347827,0.0073187947,4.5294333,1.1227907,1.5488267,1.694397,-0.3895157,-0.3284153,-0.009897679,0.0036369264,0.1680153,0.0806689,0.20070276,-0.036815464,0.072125494,-0.19123238,-0.2205545,-0.32528237
1681,0.10993882,-0.47601944,-0.40033978,0.10733196,0.3162608,-0.16687372,-0.18724227,0.027704269,-0.9928099,-0.40886426,-0.32565793,0.16356802,-0.091747046,0.58227587,0.10412353,-0.23233622,-0.5712371,-0.71554375,-0.02517414,-0.6617892,-0.6023224,-0.47475952,-0.6398096,-0.53589267,-0.6036903,-0.6093875,-0.5537605,-0.2623795,0.70381653,0.45155045,-0.09455946,-0.04143417,-0.24590808,0.1837591,-0.20659497,-0.2263979,-0.77302855,-0.15016496,0.26193026,1.2746298
1682,0.30817395,0.3437786,1.1200836,0.19757883,-0.5136226,0.030591235,0.26116642,-0.09042682,0.053925857,-0.07698801,0.4794703,0.19843085,0.7203798,0.7956584,0.6314095,-0.04657924,-0.28932375,-0.15208334,0.26741418,-0.18900718,-0.20045088,0.013894081,0.4601745,0.13821086,0.11787334,0.12813398,0.13604549,0.5266885,-0.038034737,0.24406129,-0.1728307,0.3349347,-0.1516599,-0.28933394,-0.11612959,-0.20390588,-0.10746038,0.5011785,1.6753151,0.009305775
1683,0.48102516,0.16281497,0.6699406,-0.14556968,0.015441537,-0.22265013,-0.007718563,-0.39132708,-0.91181034,-0.28027245,-0.29573834,0.083942235,1.8285055,1.3089855,0.3357635,0.50789624,-0.39953816,0.06676831,0.19739056,-0.36140037,0.7506298,0.31588268,0.15122676,0.13943963,-0.19837219,-0.038349688,-0.03042221,0.049722195,0.34039903,0.1363025,-0.51184624,0.25427628,0.27302352,0.248282,-0.29836798,0.14147867,-0.13572556,1.5523902,0.44929639,0.031407386
1684,-0.06985791,0.06089431,0.62303996,-0.05908835,1.5220569,0.07812381,-0.053580582,-0.33572233,0.95210737,0.42646897,0.21173832,0.18788373,1.9727216,0.6507611,0.7647319,0.40008837,-0.4265559,0.5825164,0.32978842,-0.016302288,0.39487678,-0.0064930916,1.9720452,0.4065959,0.05856009,-0.20624915,-0.4425968,-0.07049358,-0.018788368,-0.25632596,-0.22306328,0.03730166,0.25852087,-0.15889612,0.10905719,0.040703475,0.1664676,0.08904716,0.117640555,0.059513092
1685,0.05563754,-0.2273645,0.47443587,-0.0007494688,0.45638964,-0.0039202273,0.05531019,-0.04191059,-0.33893263,-0.25299388,-0.22700614,-0.0933125,0.7519466,-0.46367913,0.7702043,0.017386436,0.5055295,0.20556712,0.04552523,-0.44563177,0.5090728,1.1476336,0.12259075,-0.11437547,-0.18839794,0.20091859,-0.10108048,0.001170367,0.28251374,0.3075576,0.30652538,-0.14564836,-0.654753,-0.16049045,-0.37402654,-0.4536996,0.057800114,-0.049370766,-0.36054254,-0.1842728
1686,-0.25213122,-0.28157687,0.3222624,0.026658773,-0.19120982,0.4903325,0.20185694,-0.18604898,-0.3869872,0.16502234,0.04628146,-1.777423,-0.10359901,0.28993762,-0.21616636,0.06769502,-0.20255192,-0.17099023,-0.24554981,0.09913471,-0.4384495,-0.37898433,-0.40898418,-0.14058316,0.06920093,0.2038635,-0.025412172,0.016191583,-0.17195807,0.32540232,0.76585495,0.5043578,-0.0021921284,0.38055316,0.694785,0.9325945,-0.47069538,0.14534314,0.34802324,0.106856555
1687,1.4286858,1.7668763,1.9336721,2.180207,-0.5928436,-0.19468902,0.13987684,-0.07840756,-0.8011002,-0.44921604,-0.5009967,0.23286054,-0.06512532,0.6341852,0.08518635,0.63673854,0.16964756,0.5596459,-0.7641594,-0.2125001,0.38708827,-0.44848388,0.7931262,0.5564804,0.59906536,0.7764287,-0.3712281,0.09074721,-0.3122191,-0.2752224,0.49442983,-0.15309611,-0.6364597,-0.8751288,-0.021622717,-0.35934973,0.791545,0.04619012,-0.1843941,0.230549
1688,-0.38259685,-0.19973938,-0.3134279,-0.88403904,-0.42890707,-0.3248829,-0.037682474,0.41739288,-0.5831315,-0.48076615,-0.19099921,-0.08038774,0.040499836,-0.3819514,-0.92946726,-0.21071616,-0.4078066,-0.09292953,-0.34057778,0.16189724,0.08776933,-0.780041,-0.3244277,-0.33784258,-0.43731523,-0.7907852,-0.0074312985,-0.068086565,0.4083796,0.2774197,0.3117599,0.089286916,0.079637215,0.41150403,-0.44853985,-0.10051499,0.08111186,-0.103148215,-0.12140235,0.85049075
1689,0.06051439,-0.31338456,-0.40960413,-0.009662271,-0.4342559,-0.59644663,-0.031634077,0.34371167,-0.43459445,0.37066215,-0.022754878,-0.0583772,6.8859205,2.3142018,2.4029558,1.6216394,0.024076313,-0.079547256,-0.21918312,0.14997122,2.973003,2.1589963,1.1962626,0.71517944,1.6557554,-0.21225058,0.12935919,-0.023271888,0.16782674,-0.05641693,-0.15662843,-0.19291873,0.16570047,-0.042003743,-0.080069624,-0.25637516,-0.17390604,0.15203688,0.26440486,-0.2622074
1690,-0.33625746,0.3416867,-0.019439638,-0.40263736,-0.3482647,-0.03857249,0.5860565,-0.13461778,-0.1941543,-0.35172832,-0.057582796,-0.57402015,0.48191822,-0.005545765,-0.44698983,-0.46461654,-0.3412707,-0.46200013,0.17521685,-0.1276941,-0.37432426,-0.10704929,-0.17173311,-0.75649154,-0.36707056,0.061407685,0.50781965,-0.809417,0.4291991,-0.6230543,0.48093975,0.5153475,-0.81420517,-0.32958663,-0.5643387,-0.08357826,-0.48435172,-0.19655381,-0.3932516,-0.745185
1691,0.46253502,0.49381953,0.32863703,-0.867959,0.10468578,-0.1569688,0.7789595,0.21629082,0.22067213,0.05969879,-0.4042832,-0.3551675,-0.42570436,-0.108316556,0.060140073,-0.085469246,-0.30208772,-0.026187897,-0.057419673,-0.13389233,-0.5979352,-0.151604,0.46053475,-0.16135317,0.3945666,-1.1774814,-0.021138497,-0.62462115,0.7877476,-0.47683537,0.4953208,1.3625339,0.14735007,1.0529091,-0.0119434,0.264883,-0.26335645,0.082048744,0.34700862,-0.41936988
1692,-0.14949787,-0.2364524,0.1656985,0.057680737,0.30223668,-0.18599331,0.08229613,-0.013011873,-0.2999307,-0.42925853,-0.078656256,0.052832574,0.018439472,0.0059554204,-0.019903332,-0.015864372,-0.22394714,-0.10718703,-0.062332332,-0.15876451,0.028912656,0.065578595,-0.18538067,-0.04995662,0.43426967,-0.44187292,-0.12595338,-0.14133579,-0.5261235,-0.17836425,-0.25565353,-0.2334274,0.20181942,-0.11795974,-0.043568894,-0.13322073,0.63768303,0.03641224,-0.14809054,0.023825943
1693,-0.51710594,0.45995474,-0.4372897,0.8921567,-2.50287,0.3697609,0.19787972,0.085169405,-0.10498585,-0.5661981,-0.47184867,0.26690263,-0.77906615,0.10501529,-0.012606982,-0.51805633,-0.20479833,-0.41566876,-0.14294523,-0.41305426,-0.5164918,-0.7157398,-0.14990696,-0.7104799,-0.18843986,-0.08509929,-0.26484936,-0.35867012,-0.06526448,-0.123173,0.39016274,-0.060967088,-0.30923992,-0.079785585,0.27484846,0.17841095,0.07328275,-0.35559124,0.06858984,-0.08241856
1694,-0.47842783,-0.49724433,-0.110811114,-0.1500178,0.106589854,0.36623624,0.117364645,-0.5360693,-0.014845133,-0.39514995,-0.49158356,-0.28076097,0.0335536,-0.0689573,-0.3446545,-0.1405617,-0.0008403957,-0.15068942,0.20258054,0.18254733,-0.3472085,-0.29153723,-0.21254398,-0.23946734,-0.045325935,-0.0184803,-0.24362075,-0.08692646,0.24259134,0.22993618,-0.13021165,-0.54644924,-0.33091712,-0.14007115,-0.022704184,0.040904284,0.0027726442,-0.28911936,-0.1507672,0.33287233
1695,-0.46342078,-0.12965488,-0.4927414,0.1266619,-0.7988515,0.31073526,-0.33068535,0.15155876,-0.28182346,-0.15576193,-0.011633515,-0.36630982,-0.18922777,-0.23961723,-0.4311216,-0.5535604,-0.49492073,-0.549036,-0.3510136,-0.40715653,-0.68608665,-0.588433,-0.6255478,-0.015372992,-0.57785296,-0.5581948,-0.2427547,-0.24052763,1.154795,0.73620594,0.2659487,0.33718586,0.29017252,0.19943225,0.2534715,-0.06965256,0.1576717,0.064133435,0.005309522,0.058334976
1696,0.48573256,0.83023524,0.42040676,0.08591169,0.3796785,-0.13493001,0.23508671,0.01624775,0.43727604,0.86285466,0.6673272,0.31237674,2.4119189,1.0121557,1.3259449,0.85740525,0.44067407,0.534662,0.19490144,0.05925847,0.88696826,1.7601886,1.26646,1.0701962,-0.15327072,0.0661883,-0.073287845,-0.014539719,-0.044840455,-0.099096954,-0.07718023,-0.030867934,-0.15318823,-0.07660705,-0.09657347,-0.09457624,0.04825139,0.05383885,0.120147526,-0.03666365
1697,0.2871703,-0.00050643086,-0.2748152,-0.35450613,0.26549977,0.018364012,0.44732913,0.25245398,-0.18916515,0.0128543675,-1.1238765,-0.01956521,0.13954514,-0.7178974,0.24313827,0.34027314,-0.1122337,-0.4661716,0.24714364,0.16055384,-0.06956366,0.5243994,0.06904542,-0.39048153,0.37519357,1.0124652,0.8544511,0.5303273,-0.33770332,-0.120596915,-0.46213192,0.24243164,-0.37046164,0.18182096,-0.38411582,-0.55558926,0.22004372,0.08269712,0.3535914,0.13735065
1698,0.33749524,0.5619887,0.6458537,0.43735638,0.6920046,1.4160414,0.6797054,0.9107885,0.35598,1.0562997,-0.29290667,1.3916764,-0.08624005,-0.406144,-0.17732275,-0.25039393,3.378302,1.7923564,0.9659147,1.0734106,2.7893846,3.4281895,2.514473,2.028355,-0.23335528,0.77097017,1.0137266,0.5642097,-0.08803761,-0.06487608,0.3538358,0.8790917,0.3121938,0.19042796,0.102929294,0.18361822,0.80294806,0.10778177,0.56338096,0.74088705
1699,0.6305629,-0.16400295,0.34121096,0.24491775,1.1919215,0.0781253,0.67205226,0.051409498,0.066817164,-0.6658628,-0.7948579,0.8625837,0.12488568,0.29368865,-0.3666092,0.41081658,0.08983028,-0.07069665,0.9109922,0.4021233,-0.21370973,-0.46338975,0.4576282,0.4465285,0.8234452,1.4042348,0.23120111,0.9642221,0.53662807,-0.21563433,-0.19619429,-0.08912637,-0.19348258,0.11122378,-0.098001,-0.17852506,1.4534485,0.7312515,1.5992398,-0.051136464
1700,0.3334164,-0.0065483004,-0.12555018,-0.7819506,-0.18538953,-0.62346727,0.38877752,-0.020422965,0.15945897,-0.29510665,-0.4790256,0.08867124,-0.2956482,-0.08669557,-0.05809909,-0.3229862,0.28380057,0.17820625,-0.46746755,0.017570883,0.6110917,0.93553376,1.0568283,0.9872995,0.22856703,0.5593492,0.16565533,0.27299568,-0.33037335,0.050000302,0.3497957,0.48385093,0.068951204,-0.1681771,0.42542902,-0.30367664,-0.1931635,-0.021538638,-0.0830065,0.15861885
1701,-0.022439659,0.017770708,0.30324608,0.42079273,1.8996637,0.58979994,0.80331284,0.5654722,1.109395,0.6200552,0.33398044,0.22923364,-0.95885897,0.3479514,0.35746527,0.53432584,-0.025972717,0.1986197,-0.18172097,-0.23485927,0.22342491,-0.5909478,0.7880101,-0.022634476,2.4851773,1.0984583,0.9119772,0.82978076,-0.18079811,0.21293116,-0.06493844,-0.07313782,1.0105398,0.861397,0.4049931,0.25302315,-0.07783544,-0.107354075,0.15529945,-0.008849204
1702,0.07662201,-0.15227062,-0.32407278,0.5102079,-0.3158449,0.062973484,-0.5302155,0.10358408,0.074475825,-0.040234208,-0.1194917,-0.17731872,-0.9539032,0.17578125,0.0895406,-0.18174215,-0.64868593,-0.6547357,-0.489943,-0.4904039,-0.20952094,-0.5731843,0.06902328,0.056426883,-0.19263667,-0.17926037,0.12403971,0.114191234,0.8766989,0.26935944,-0.2720547,-0.4817565,0.10627377,-0.52169037,-0.5132977,-0.59995234,-0.16987814,-0.237311,0.8369985,0.19857615
1703,1.2162437,0.666782,-0.02645439,-0.094297394,0.37730438,0.9440277,0.41868475,0.13587877,1.8355339,2.0928826,0.6518767,1.5770816,1.5932592,0.6064773,0.6995935,0.70039535,-0.09563756,0.015986621,-0.32993078,0.012523502,1.0941007,0.1794469,0.2285919,0.46034166,0.5354486,-0.24871203,-0.5254449,0.5881684,-0.21287557,-0.011285871,0.06385082,-0.16428137,0.03960502,0.024748296,-0.035117984,-0.74695325,0.7601292,1.5829439,2.5467043,0.8125869
1704,-0.0567618,0.11154561,0.15034425,-0.115884185,0.6570097,0.10878235,0.17874253,0.06224386,-0.043628514,-0.062753916,-0.5024049,-0.24425936,0.21999979,-0.35136148,0.048696928,-0.85656285,0.059601545,-0.6659653,-0.41869742,-0.070409656,-0.58228695,0.19165017,-0.17080498,0.20026907,0.07491213,0.16670382,-0.5662007,0.08610058,0.2910119,1.1094857,1.3595881,2.448639,1.0467087,0.9913826,0.5975261,0.28458345,-0.024659693,-0.62767065,-0.14763275,0.29870075
1705,0.088438004,0.35658067,-0.06006199,0.16248977,0.15775126,-0.14717999,0.631219,0.68273306,3.8008425,2.687994,2.9556973,2.0869675,-0.117117345,-0.10158995,0.38272956,0.3879537,-0.20195192,-0.52850574,-0.49363387,-0.23203593,-1.1968523,-0.089998305,0.09263022,-0.12604502,2.2468462,2.8043766,2.130814,2.2585428,-0.20784478,0.03824745,0.09377496,-0.25643352,0.5717879,0.59778315,0.72262377,0.6541236,-0.36193144,-0.09266436,-0.28275016,0.30465272
1706,-0.12596081,0.21854086,-0.013389111,-0.08262839,0.104106575,0.7561573,0.31926662,-0.5093756,-0.1232208,-0.29994598,0.03990501,-0.17812663,0.30865777,-0.46788436,-0.3558638,-0.37314737,0.8574281,0.6022874,0.44705188,0.5565054,-0.18760972,0.8120609,-0.16806632,0.49629954,-0.20759243,-0.11900126,-0.77801234,0.55933595,-0.07173127,-0.13531247,0.4977628,-0.47263107,-0.20266792,-0.71340895,0.3007141,-0.4077443,0.5813632,0.10170552,0.27560115,0.078187644
1707,0.4755447,0.2680708,0.46845895,0.30980852,0.04366348,0.18728471,0.06811233,-0.6696108,-0.38548553,0.38696232,-0.13918483,-0.47237703,0.42966822,0.22360897,0.42517,0.5024314,-0.13988274,-0.1568228,-0.34822917,-0.13146755,-0.09687877,0.11365117,-0.16575906,0.0044439733,0.72454906,3.5919158,1.7229882,0.3061824,-0.20964536,-0.25355834,-0.083830684,0.17056853,0.29727325,0.8231117,0.45707133,0.16391802,0.15413123,0.48409307,0.12528193,-0.27913788
1708,0.009721279,0.20141529,0.30392078,0.18213268,1.6344522,0.8144647,0.3680169,0.19837424,0.73627925,0.1655027,-0.76549137,0.15788746,-0.18812424,-0.13730103,-0.13064545,0.4967548,-0.13761473,0.07734358,0.44699407,-0.011530399,-0.2245025,0.38990468,0.04340613,-0.009902775,0.6974833,0.6930269,-0.4940195,0.7448174,-0.025111556,-0.37843555,-0.011872947,0.026859388,0.12165505,0.43302923,-0.24002816,0.031658202,-0.12073624,-0.22399262,-1.3127413,-0.20166016
1709,0.10420704,-0.7518568,0.029573858,-0.48759905,-0.42536938,-0.4963441,0.17010675,-0.40911365,-0.30623758,-0.32082856,-0.84538114,-0.4688431,-0.07957178,-0.39763248,-0.40061346,0.018028501,-0.06393534,-0.89516187,-0.4018777,0.35735968,-0.43542844,0.0035057664,-0.22940844,-0.847409,-0.4705996,-0.84534454,-0.85775083,-0.2522104,-0.21057332,0.20447972,-0.3289913,-0.25657558,-0.768019,-0.20682782,-0.86012733,0.014929233,-0.23996925,-0.4629534,0.5270349,0.336048
1710,0.39112484,0.97348684,0.75817823,0.7607626,2.184614,1.1494578,2.3767047,1.4992287,2.7239761,2.304212,3.046605,1.6575768,2.5949755,2.1954825,1.4630572,1.3118052,0.5217477,0.5287903,-0.18337983,-0.06425387,1.1392891,0.65892196,0.66161877,0.55150056,0.9341631,0.71720576,0.40901428,0.7969639,-0.18335208,-0.15967771,-0.09053433,-0.37853807,-0.21414296,0.04312533,0.06672466,-0.3229575,0.31305066,0.09114152,0.04537782,0.05302632
1711,-0.19469458,-0.14586806,-0.25722218,-0.5462384,-0.1261853,0.15166965,0.15863457,-0.5905303,0.3159528,-0.41963518,0.2187393,-0.4651618,-0.17619741,-0.38106644,-0.1378061,-0.40639123,-0.29390663,0.016473025,-0.64096606,-0.23652077,-0.26973516,-0.48485428,-0.13585743,-0.25281778,0.013050735,-0.19236937,0.12770462,0.5154345,0.24456814,-0.15461633,0.015995711,-0.5412318,-0.08877086,-0.53590953,0.11658409,-0.18084347,0.12326821,-0.079494715,-0.21580526,-0.20810986
1712,0.1668295,0.63149333,-0.113209486,0.5133674,-0.21700445,0.21355566,0.31224197,-0.15035594,0.0048052073,0.5277691,0.40597254,1.4761622,-0.3657162,0.017374605,-0.027442098,-0.30695564,-0.19421181,-0.39625615,0.22373831,-0.19394098,-0.38629615,-0.83866704,-0.11258912,-0.28237423,-0.38609976,-0.11306354,0.18501645,-0.20459798,-0.08862561,0.41741496,-0.23542629,-0.2903607,-0.03910221,-0.10665786,-0.5843347,0.13081008,0.13239628,-0.050789498,-0.34488854,0.6087594
1713,0.08348516,-0.32736844,-0.048855484,0.020344067,0.98194486,0.59639466,0.44028398,0.03645218,-0.36129153,-0.25789735,0.0632264,0.19168568,-0.79239213,-0.60730594,-0.6150757,-0.90363026,-0.07989544,-0.04448058,0.32962567,0.10996342,-0.30252844,-0.47982082,-0.9441546,-0.15756354,0.32507193,0.05835338,0.59416044,-0.39257014,0.04302931,-0.7394836,-0.050843656,1.5225452,0.5777439,0.095046,0.3837095,-0.024219498,-0.29489315,0.25073355,0.7314939,-0.5606047
1714,-0.08465326,-0.25923005,-0.83270955,0.19929162,-0.20047927,-0.7663744,-0.07748318,0.2510827,-0.30946425,-0.30773693,2.1575868,-0.36697727,0.16538805,0.30033532,-0.047868542,-0.3619635,-0.10088903,-0.15787178,-0.28123194,-0.4179442,-0.08490676,0.5765405,-0.33263588,-0.63182503,-0.30093977,-0.5279783,0.15422398,0.2127089,0.21094114,0.83061224,0.53082514,0.04315552,0.021044254,-0.19658753,-0.11808893,-0.039978743,0.43407688,0.90663826,0.1747929,0.29092973
1715,1.3271347,1.5946565,1.3054047,0.7394831,0.9633011,0.45413804,0.8459135,0.17985862,1.1120754,1.4272,1.4942546,1.5970423,3.757281,2.2780328,2.3820906,2.2976904,1.0794604,0.95331806,0.559127,0.24126427,2.093842,2.7191038,1.8885754,1.6954043,-0.004588723,0.08230758,-0.34325126,0.040945888,-0.47057778,-0.17790657,-0.19816504,-0.09331524,-0.17668176,-0.18814993,-0.17624718,-0.4462188,0.18753171,0.17475986,-0.011163294,0.04611844
1716,-1.2264764,-0.35334826,0.027732372,0.077970564,0.3951821,-0.330151,0.029988676,-0.2288807,0.19084233,0.27549747,0.18130201,0.23495597,-0.19660065,0.17740564,-0.014470369,-0.40242168,3.0470603,2.0356355,0.64856374,0.6783852,0.26064754,0.44480956,-0.25786042,0.2213459,-0.23871773,-0.19519982,-0.1488164,0.07661027,2.017386,0.7871071,0.40384328,0.6184397,0.32653055,0.11617647,0.5861758,-0.11386976,0.13474986,0.08841495,0.031881273,-0.41121116
1717,0.020467043,-0.24171689,-0.12534869,0.01614149,-0.63235736,-0.6383959,0.08331713,-0.2024272,-0.0048169196,-0.13280433,-0.24164844,-0.19229697,0.1966927,0.41904253,-1.8162874,-0.12213498,-0.09479861,-0.26393655,0.12891388,-0.34394628,-0.6106291,0.15778668,0.03548631,0.12835196,0.48338425,0.45864332,-0.23108742,0.32882985,-0.09356657,-0.17729723,-0.12558502,-0.054750055,0.17264386,0.03186436,-0.03227137,-0.28932828,-0.80674386,-0.19942033,0.08778183,0.33676636
1718,-0.605389,0.1913928,0.46465272,-0.18800798,-0.5763954,0.35998413,0.045261003,0.023634814,-0.50698197,-0.21936724,0.13087258,-0.19497284,-0.50624317,-0.064486325,0.008131146,0.016067505,-0.060186096,-0.012293011,0.11770243,0.43956524,-0.14074396,-0.13232979,-0.2298176,-0.23806685,-0.18246362,-0.3622244,-0.60364187,-0.059448816,-0.11665619,0.19302568,0.015272176,-0.08038849,0.2765458,0.49947554,-0.1475107,-0.05236216,0.5259745,0.18590987,0.09709139,0.048411287
1719,0.21760398,-0.25102746,0.10965991,-0.27836356,0.050157785,1.4138077,1.1130565,1.9664245,0.10009003,1.0645288,0.30140048,1.3918943,0.34983683,0.40509537,0.09004569,0.47508946,-0.4035464,-0.2744609,0.15842134,-0.6175861,0.13297284,0.7397952,0.24193981,0.82957727,1.5433645,1.3552635,2.1113365,2.198389,-0.1114707,0.24022967,0.18672565,-0.092423506,0.7784122,-0.15004045,0.6254887,0.20936878,0.3020602,-0.04749213,-0.08542774,0.16041315
1720,0.55059385,-0.33861434,0.070722185,-0.035574198,0.251406,0.042208433,-0.08494246,-0.12272477,0.5118404,0.099929444,0.35887092,0.09200448,0.75067884,0.1878576,0.046658322,-0.09528944,-0.67410535,0.28892753,-0.061943114,-0.2709666,-0.3977604,-0.08682032,-0.4069001,-0.24812716,-0.18406989,0.07543799,0.8013811,-0.22682822,-0.39381424,0.86074644,-0.35688093,0.21736306,-0.46845078,0.24634477,-0.16950302,0.025095522,0.5774893,-0.0097988695,0.185269,0.017102957
1721,-0.7779221,-0.70523286,-0.38307714,-0.14218116,0.024793148,-0.06168866,0.17709029,-0.4377331,-0.5973654,-0.0664283,-0.41017902,0.23263207,0.19950545,0.89065576,-0.3763125,-0.28114364,-0.14350948,-0.9767221,-0.07034522,0.07418418,0.045882702,-0.21329902,-0.07835692,-0.1690613,0.12087691,-0.23171824,0.18210721,-0.047724426,2.1469774,2.238958,1.8985051,1.9215238,3.151748,3.2535415,1.7257407,2.270947,-0.05224824,-0.43840736,0.16603673,0.11694133
1722,-0.60072577,0.07207921,-0.09751403,0.31841365,-0.0314821,-0.6234821,-0.012173295,-0.1752074,-0.46992436,-0.13742003,0.05748886,0.1868287,0.14581567,0.56607264,0.21152616,-0.30106544,1.0785166,0.6157427,0.40516806,0.7022734,0.64000916,0.3002739,1.1523468,1.5985758,-0.59972394,-0.3571161,0.06984925,-0.38680124,1.5366006,0.98360705,0.49349204,1.0871103,-0.057885915,-0.028520064,0.024786592,0.6271776,-0.2960029,-0.16154954,0.3455208,0.0989801
1723,-0.03423868,-0.15643983,-0.14105919,0.32321122,-0.00093460083,-0.06544929,0.20127136,-0.3622466,-0.32075647,-0.16013244,-0.048535377,0.31063807,-0.75133514,-0.3685997,-0.3615957,-0.21953776,-0.16815156,-0.38358834,-0.67012835,-0.062633336,-0.35840786,-0.40266833,-0.1564408,-0.8372839,-0.7850467,-0.51525813,-0.30924964,0.25324973,0.27542657,0.45856827,0.29842642,0.3490853,-0.69911456,0.15486693,-0.9546485,-0.08684799,-0.28674427,-0.33550525,0.26265705,0.16537029
1724,1.1456382,0.96482414,1.1388034,0.72062653,-0.32236147,-0.34337503,0.31858546,-0.46306056,0.62448084,1.7194312,1.8958077,0.71945155,4.380888,1.8270277,2.659615,2.5627542,0.5655729,0.22659892,0.45634946,-0.30029345,1.6532567,2.274444,1.038857,1.0929344,1.29343,0.63805974,0.12595674,0.48500937,-0.5135333,-0.30335122,-0.51326996,-0.40970683,-0.21595389,-0.13586485,-0.030670851,-0.19685987,-0.05917263,-0.110681415,-0.34182578,0.23571138
1725,0.4332438,0.37003848,0.7197526,0.3618009,0.9924744,0.36487103,0.08316007,0.14896768,0.76092017,0.48632413,0.27924386,1.4769526,0.42104793,0.340384,0.54979396,0.81585747,1.137434,0.1668778,0.38672906,0.11662382,-0.35833502,0.91873884,-0.009185821,0.08523226,-0.46333086,-0.25008577,0.104100406,0.64771116,-0.23172152,-0.17803198,0.7109105,0.6536143,-0.08963597,0.1405279,0.15194887,0.32174778,-0.44008812,0.48217607,-0.17449799,0.53394234
1726,1.4681256,0.17245676,2.0821605,0.30720082,0.111213386,0.22137055,0.11437875,0.026300907,1.3062935,0.7030202,0.37031403,0.3090715,0.2047081,-0.26201656,-0.17249134,-0.30153206,-0.30606306,-0.43502086,-0.24664688,-1.2992477,-0.2878398,0.8618127,0.09056574,-0.103547364,4.1228604,3.3649845,3.4738848,2.627814,0.71290106,0.382312,0.3962276,0.11143094,1.4234123,2.0466459,0.8322895,0.5762278,0.09593919,-0.25117123,0.11751711,0.018373668
1727,0.49528468,-0.25668436,0.05245304,-0.038667947,1.8419453,0.948065,0.9520144,0.46222016,2.6042836,0.7731239,1.4057012,0.84241426,0.42021,-0.18968296,-0.51146054,0.08518687,-0.1003716,-0.7867787,-0.27785376,-0.33950555,-0.40171146,-0.38592136,-0.27959865,-0.75391734,2.255318,1.2143247,2.5250635,1.3481183,0.31729937,0.33139375,0.13386351,0.53767097,2.3383489,2.2009325,2.2927225,2.0377283,-1.258583,-0.12272143,-0.048255563,-0.14455122
1728,0.4644743,-0.11659359,0.26490474,-0.15764622,-0.122155905,0.09917733,0.27165088,0.13682267,0.048855424,-0.15630752,0.2205348,-0.2099599,-0.080718815,-0.20314145,0.21973416,0.038353343,0.09847933,-0.2501811,-0.17818683,0.19112507,-0.17405081,0.10861477,-0.30907708,-0.25694394,0.03321278,0.28357878,0.28543806,0.14515606,3.4204571,4.959857,1.4558406,1.9691484,2.0627038,2.5451634,1.5590558,0.745739,-0.5780917,-0.28151298,-0.28422093,-0.26044303
1729,-0.17104608,0.11069995,0.21492779,0.27665406,0.07201725,0.11578235,0.33301455,-0.28995946,0.49833098,0.09212015,0.51917154,0.5364417,2.3319879,0.88352895,0.5432066,1.1809998,-0.28901806,0.40065575,1.8995516,-0.44598615,-0.2051188,0.61739415,0.00889495,-0.08490518,0.42515042,0.031069085,-0.17396772,0.19955072,1.1028523,0.28892547,0.14592838,-0.0273346,0.3477792,-0.027767122,-0.059046775,-0.14502561,0.016753018,-0.15588117,0.387916,-0.006280273
1730,-0.33915436,0.07313154,-0.34647247,0.03513196,-0.32531446,-0.78296864,0.3905133,-0.21125962,-0.7621363,-0.05430095,0.31364635,1.1474171,-0.5474918,-0.0044058263,-0.5288436,-0.9282524,-0.675574,-0.13721153,-0.35019115,0.123548925,0.06273821,0.33113462,-0.8078499,-0.39674124,0.08205891,-0.66393554,-0.26662567,-0.6640587,-0.9934548,0.3887069,-0.48308465,0.15861478,-0.14055216,0.2096659,0.58333033,0.39694196,0.32592127,-0.297368,-0.24961956,0.35233578
1731,-0.3615442,0.0800502,-0.12977599,0.74742675,3.0017831,2.119562,1.9840243,0.7894387,4.165349,3.1028647,2.3880785,2.228614,-0.4543785,-0.07630128,-0.25711206,-0.10891404,-0.2230694,0.1588302,0.38650882,0.0065759122,-0.26064855,0.0071355253,0.24696296,0.040742457,0.6222758,0.015154123,-0.22679405,-0.38949704,-0.5064056,-0.22936311,-0.00103122,0.014686003,-0.3257908,-0.29170188,0.016069978,0.17628533,0.16634953,0.3070857,-0.27905,-0.60489845
1732,-0.6801268,-0.3049808,0.32305247,-0.24795955,-0.16877079,0.065552846,0.18827057,0.038720742,0.41893804,-0.17354964,0.23768961,0.13522923,0.5184065,0.09422499,0.2824749,0.35711467,-0.58555883,0.80833155,0.4534801,0.03333181,-0.2618063,0.010323226,-0.20448577,-0.40260428,0.26457894,-0.22952558,-0.3690315,0.43384004,0.6645719,0.31448358,-0.6777288,-0.37510484,0.2375198,0.055548772,0.08618702,-0.26659644,-0.009549499,0.60845804,0.26071468,1.1248769
1733,1.3656555,1.12736,0.034224965,0.16124108,3.49264,1.7135248,0.38806373,0.6877769,0.8253958,0.1749289,0.44995552,0.6147044,4.29568,1.1908958,0.31375834,0.28957266,-0.9023155,-0.16936213,-0.20428243,-0.15536928,-0.14890134,-0.1917291,-0.27831584,-0.69171417,-0.641503,-0.34177247,0.32139838,-0.26032126,-0.28255096,0.3997992,-0.70974964,-0.6664712,-0.4062691,-0.11750287,-0.54662085,-0.101567954,0.47159582,-0.3050451,0.024297893,0.10217118
1734,0.4414828,0.24647129,0.44588792,-0.04745674,-0.07617235,-0.6901776,-0.5034344,0.31679684,-0.021106586,-0.009514719,-0.45015103,-0.21221223,0.99383414,-0.4610553,-0.033730358,-0.16569917,0.2715707,0.17397015,-0.22963636,-0.1879611,0.40802568,1.9086752,1.59044,-0.024134204,-0.78040516,0.12390292,0.6156149,-0.35301045,-0.34667456,-0.8980118,1.346372,-0.030144533,-0.25521553,-0.2779274,-0.24196163,-0.32562396,0.09141636,-0.0421232,-0.039217606,-0.09354229
1735,0.48935208,0.31519338,0.8579772,0.41458926,0.1302625,0.20867527,0.12508363,-0.042431474,-0.3943706,-0.09434029,-0.49513787,-0.284366,0.14801747,-0.45166355,-0.3490617,-0.37078133,0.025537431,0.17611858,0.12230493,-0.18756741,-0.09845513,0.20649767,0.42313573,-0.5427151,0.4392252,0.33425903,0.45795026,-0.02512312,-0.14297843,-0.124111995,0.55865175,0.10166064,-0.099844396,0.28815073,0.47498593,-0.16907531,1.0869265,-0.1776978,0.3665618,-0.06604588
1736,-0.3825425,0.078157306,0.22090906,0.13383412,-0.47807214,0.55877274,0.17096989,-0.16413912,0.27312237,0.5640639,0.5131647,-0.33544174,-0.18158348,-0.13282618,-0.28780866,0.15143645,0.3153053,0.13431913,-0.19718142,0.30021018,0.48772895,0.036443174,0.24037352,-0.1938665,0.60461646,-0.1426408,0.18744129,-0.48038653,-0.29630962,0.081290305,0.20607169,-0.029765256,0.042673588,0.11294994,-0.5705271,-0.031218976,0.08388399,0.2666216,0.043182567,0.35927933
1737,0.32522225,-0.36356902,-0.24421203,-0.6735277,0.8649008,0.22181904,0.73302054,0.56835234,0.3397231,0.2572463,0.53382874,-0.6250849,-0.054669417,-0.25319397,-0.253626,0.70697564,-0.09399468,0.2480845,-0.29574886,0.5128681,-0.08587599,0.2595686,-0.18986848,-0.2589418,0.12707698,0.43403098,-0.15432304,0.04004717,0.15671456,0.24928345,-0.06196648,0.9237137,-0.004304141,0.41317475,-0.16963309,-0.25084233,-0.34266675,0.26161185,-0.2528103,-0.033251867
1738,-0.190346,-0.5817643,-0.55031586,-0.14585489,0.10688162,0.15389803,0.37175632,0.41503203,0.32808632,0.60706073,-0.21838975,-0.17088248,-0.02556026,-0.016289115,0.24013638,-0.3977103,0.15985,-0.23318945,0.011584997,-0.5217726,-0.07952416,-0.63496983,0.23156488,-0.13532716,-0.1969918,0.51040053,-0.159875,0.0073744655,0.11739993,0.37284225,-0.5076446,-0.27228016,1.2346752,0.38535148,-0.29782528,0.1797108,-0.4918873,-0.3902892,-0.024688601,0.18256098
1739,0.007824898,0.018344223,0.40642267,0.08481158,2.2116535,1.7286111,1.5658689,1.9333899,0.71880543,1.5463228,0.8917023,0.8140134,-0.12142557,0.50686026,0.2635818,-0.1081993,0.23659953,0.64176667,0.21249136,0.7001634,0.34807914,0.44001034,0.5286018,-0.021651547,0.0145346075,0.015672266,-0.19694307,0.6004463,0.017770052,-0.09298831,-0.2837832,0.15362595,-0.39563695,-0.44411975,-0.19479024,0.5611635,0.61596096,0.08989432,0.48065174,-0.01617071
1740,0.15036574,0.10945505,0.11117375,-0.15278536,-0.019678593,-0.035851598,-0.098537356,0.203875,-0.23158401,-0.059616268,0.013106167,0.018269718,-0.060177624,-0.3361766,0.07357846,-0.015286416,5.0618734,4.402339,2.2514591,1.5825294,0.17195463,2.490573,1.3340061,1.7201312,-0.008256733,0.05307424,0.018927112,0.008859992,-0.0040997267,-0.24995518,-0.0094180405,0.21250108,-0.15549749,0.064171374,-0.143251,-0.27310213,-0.060073107,-0.53853726,-0.5447502,0.009906679
1741,1.0974392,1.0462983,1.3931016,1.4588325,1.6378932,-0.055623353,0.7055,0.56661195,1.8970783,1.0809946,2.3423133,0.091196194,-0.5595456,0.16923779,0.16254371,-0.73149985,0.59439415,-0.041080415,-0.42594418,0.85945034,-0.723733,-0.34961984,-0.09492357,0.016604632,2.281907,1.3480732,2.5979013,0.5371949,-0.28772038,0.12996496,-0.621875,0.108946264,0.22736487,0.25606108,-0.4226388,-0.10152181,-0.19747142,0.246192,-0.16816983,0.14213753
1742,1.7404294,1.5420423,1.6720326,1.1391714,6.293266,1.9348521,1.8769193,1.4144657,5.8570366,3.3701212,3.057366,2.4895008,3.9798195,0.8917074,0.35869697,0.16153973,0.3070042,-0.016520947,0.120425135,0.14592835,0.082350224,0.026752472,-0.16542676,0.06404154,2.0034773,0.777308,0.775928,1.3242874,-0.17099574,-0.15528053,-0.0109909475,-0.18427569,0.19619235,-0.2046813,-0.064540684,-0.12784386,0.3885466,0.20520537,0.13838033,0.099249855
1743,1.6452575,2.1428158,0.5728995,0.5875746,-0.17824614,-0.55819124,-0.15324914,0.01019004,-0.69714546,0.006486535,-0.17302677,0.06397891,2.431931,0.35606843,0.66458136,0.9242481,-0.78234935,0.059931815,-0.78585875,-0.123383895,0.11138435,-0.24911317,1.6168883,-0.079052,0.04725653,0.23165208,-0.10103357,0.64620256,1.2505453,1.5171183,0.61170614,0.7105108,1.1050252,0.8686043,0.5926111,0.6209949,0.22637507,0.031456947,0.080274165,-0.1868492
1744,-0.16754305,0.15896732,0.25701404,0.6337402,-0.38217324,0.1930595,-0.03283608,0.3541471,0.23065616,-0.12971905,-0.11437273,-0.12665713,0.16013241,-0.38578457,-0.16860612,0.12897126,0.26822665,-0.46921837,-0.20214795,-0.09171796,-0.027350426,0.13944112,0.23610091,0.07711491,0.053839624,-0.11566044,-0.13086021,-0.36061782,0.19210327,0.119999744,0.14287859,0.039807796,0.011482805,-0.23921257,-0.07568988,-0.33132917,-0.0044029355,-0.6040219,0.08344281,-0.3399705
1745,0.30687845,0.07227428,0.18781543,0.3418489,0.40046698,-0.1518238,-0.21420366,-0.6116245,0.28224316,-0.40215108,0.3006702,0.36104617,0.19988686,-0.0010260344,0.66444933,0.5148841,0.022775829,-0.037438273,-0.114422075,-0.0134007335,0.7822189,0.77876365,1.2760191,0.75672984,0.47292942,0.53335726,1.3642715,1.1077528,0.18195572,0.82293475,0.5840043,1.0605865,2.4616938,2.0145369,3.5988863,1.3373289,0.072133586,0.32498857,-0.22191721,-0.2949168
1746,-0.045250505,-0.32135564,-0.12202197,-0.26322782,-0.4031397,-0.41266453,0.7683185,-0.17551814,-0.25990793,0.0054658353,0.14290714,-0.0712789,0.12884653,-0.5395206,-0.18551865,-0.27517346,1.1409996,2.2314177,-0.0008433014,0.27573505,1.0455048,3.2875984,2.1815863,1.368129,-0.18102232,0.023785472,-0.41851783,-0.07534478,0.4995509,0.23726958,0.20740801,0.18930413,0.7905441,0.029961765,0.19296099,0.058213346,0.2783703,0.20471475,-0.29917386,0.5178615
1747,-0.45526743,-0.06937528,-0.43369734,-0.010186434,-0.58904374,0.02534604,-0.1994875,0.19932204,0.5918602,0.47480968,0.30059773,0.31006038,0.19444764,0.144153,-0.13299346,0.5519147,-0.18284988,-0.46556664,-0.2109233,-0.19587725,-0.65380013,-0.20174125,-0.7699921,-0.48926425,-0.05771669,-0.11731839,-0.21656261,-0.25956458,-0.08954425,0.07881254,-0.8321897,-0.53630936,0.34072173,0.45235813,0.0063751936,-0.2928403,-0.19473249,0.18171911,-0.70430756,0.28422344
1748,0.5638832,-0.6444267,-0.14418137,-0.10471207,-0.3135414,0.34210157,-0.20059773,-0.041559935,0.24603498,-0.24943313,0.13713352,0.11806053,0.35783732,-0.054360688,-0.20895678,0.6195963,-0.10284364,-0.1055128,-0.21866071,-0.42272916,0.04120618,-0.634683,0.1197792,0.021970123,0.08255613,0.4784385,0.1739912,-0.18174481,-0.32494387,0.009409092,0.61871755,-0.05094623,0.40938306,0.3381206,-0.2606024,0.31400907,-0.62344193,-0.11961796,-0.17405632,-0.07241893
1749,0.19708851,0.1765182,0.5134311,0.3326503,0.6372616,0.63165146,-0.19934888,0.42027283,1.0152643,0.6855411,2.1772265,1.6726397,-0.007302791,-0.004124105,0.2972561,-0.27553236,-0.05921656,0.08186245,0.0040667057,0.056976557,-0.0424968,-0.16974264,0.026667088,0.47274834,-0.2827127,-0.3645268,0.078267455,0.9287883,0.61662304,0.2801175,0.21996552,0.22150376,-0.6604426,0.031764805,-0.5366739,-0.06029123,0.11663675,0.39657182,0.5390857,-0.0371933
1750,0.14650567,0.19303185,0.042064488,-0.11430034,0.21921271,0.12097335,0.08562434,-0.7266202,-0.11128381,-0.47927222,-0.017121822,-0.088514686,0.10520589,0.20280743,-0.2151658,0.15328988,1.0043646,-0.8781897,-0.011200875,-0.39865667,-0.8089982,0.15878499,0.15130758,2.0287244,0.32486197,0.4021086,0.4192238,0.24337018,0.03796205,-0.3231107,-0.291022,-0.19871788,0.2498622,0.34484428,0.18295199,-0.04012692,-0.24562174,-0.20801947,0.12868583,-0.04100728
1751,-0.3207422,0.6973319,0.13715622,0.36817428,-0.20331317,0.48088914,-0.32839036,-0.54715586,-0.34243405,-0.115784824,-0.02326718,-0.1834369,0.011198282,-0.12544551,-0.2362769,-0.7199228,0.12594008,-0.13316348,-0.62240714,0.25619292,-0.07948685,-0.3899661,-0.052420452,-1.1620884,-0.18188581,-0.22108643,-0.22340375,-0.14043456,-0.21370575,-0.23593439,-0.27835912,-0.395438,-0.11017883,-0.29090232,0.0030009486,0.12798196,0.1828938,0.05893958,-0.5115507,-0.13541383
1752,-0.17917264,0.81972426,0.16569513,-0.7422867,0.2842188,0.062222183,-0.33024168,0.31193256,-0.32383505,0.028081298,0.062250324,-0.56917447,-0.46164078,-0.18449432,0.11617315,0.02860856,-0.05318305,-0.25609803,-0.034049973,0.10543656,-0.41161305,-0.010353293,0.04963559,-0.17824927,0.5368914,0.8760271,1.1275928,1.1703174,-0.14351714,0.05289656,-0.3940884,0.23628289,0.91047615,-0.112582326,-0.7906903,0.24987465,-0.5711852,-0.41907156,-0.082650065,-0.17995284
1753,0.12784885,-0.6224553,0.08450544,0.07756333,-0.009208649,-0.2845332,0.029881299,-0.28837538,1.3020132,0.27539435,0.63550353,0.41204995,0.94546247,0.22587596,0.21607117,0.15854988,-0.14004576,0.011018366,-0.17081606,-0.20940521,0.013532132,0.012587592,0.3728429,-0.03278023,0.041074067,-0.06114575,0.022958107,0.11454001,0.095748305,-1.5577884,-0.09575675,0.059972882,-0.06105888,-0.015426695,-0.025559634,-0.004408106,-0.10242976,-0.040166736,0.023075223,-0.03693824
1754,-0.36383346,-0.44804454,-0.118044615,-0.23553589,0.19462228,0.42136317,0.11334289,-0.14472657,-0.13133445,-0.18887539,0.036489308,-0.12557983,0.044633985,-0.072814256,-0.5251777,0.07718152,-0.16607386,0.18317658,-0.10652399,-0.16521147,0.052235007,-0.5726063,0.31061336,-0.18145552,0.2882324,0.204476,-0.07468307,0.21153182,2.0885043,1.993111,0.6748415,1.2479657,1.9597566,1.4714932,1.8401374,1.3400344,-0.47481275,0.15640515,-0.028388023,0.047764003
1755,-0.16103327,-0.32415104,0.022680119,-0.52447104,2.0316908,2.0678864,1.5275093,1.6383073,3.1893375,1.8918244,1.7549055,1.383655,-0.40041378,0.29262087,0.124750465,-0.33432186,-0.2573164,0.45562953,0.09356785,0.32254332,0.11203593,-0.5047042,-0.15142506,-0.5745524,2.7054899,0.47732726,0.80341196,0.81964135,-0.82912004,-0.09678625,-0.032794297,0.37474108,-0.57929254,0.103434145,-0.1762006,-0.10434756,-0.087584496,-0.26992613,0.9153547,-0.171386
1756,0.5592915,-0.07796357,-0.2735018,-0.13366067,2.3225458,2.0767362,2.2311976,1.2401103,2.7516484,2.949865,2.7899468,2.3879552,0.6331068,0.22874528,0.028585732,0.34879455,0.1670506,0.10401571,-0.17711455,-0.16175896,0.09798643,0.03415546,0.2720651,0.11701411,0.2758162,-0.47133422,0.051320136,-0.034314096,0.18578868,-0.03924358,0.11180365,-0.09778887,-0.057829857,0.028014064,-0.02694419,0.0019467995,0.18031128,0.1814664,0.19563448,-0.17985922
1757,-0.10098377,-0.31809133,-0.19497928,-0.8679234,-0.25997978,0.036273926,0.18127643,-0.2911069,-0.385946,-0.11190742,-0.079417944,-0.002332598,-0.1998002,0.40830547,0.25782382,-0.15005916,-0.19732964,0.002411306,-0.32094336,1.1861366,0.1517807,-0.6026875,-0.41439715,0.07547974,0.43263486,-0.18372926,-0.01783353,-0.2705027,-0.11011548,-0.27043566,0.91677606,-0.27649266,0.2951353,-0.12975955,-0.24200676,-0.5264694,-0.86743593,0.03967884,0.2632729,-0.09771755
1758,0.046011373,-0.15454517,-0.04604981,-0.2778784,-0.055192024,-0.14426243,-0.7091962,-0.5077182,-0.6181085,-0.39670515,-0.14333872,0.11764012,0.34733406,0.05621448,0.05017779,-0.10068336,-0.5233744,0.48030272,0.051823225,0.42609155,0.23613882,-0.06911832,0.19640042,-0.34865993,-0.12520693,-0.06568046,0.15805887,-0.039559394,-0.27101374,0.32461476,-0.08385716,0.09530187,0.25680342,-0.14466679,-0.33383214,0.31126922,0.112313926,-0.3043614,0.4210457,-0.18670525
1759,0.02703315,0.013067186,0.3289109,0.11079394,-0.32173586,-0.10492554,0.06234616,-0.030283287,-0.30975607,-0.3444633,-0.051106334,-0.9602819,-0.70635223,-0.53578365,-0.28494686,0.76605487,-0.04279244,-0.005378723,-0.29610988,-0.4028725,-0.56909525,-0.8675171,-0.6604382,-0.45439795,-0.49966717,-0.29726398,0.24208152,-0.16695687,-0.17092735,-0.3826619,-0.28699213,-0.016604736,-0.40025055,-0.99373114,-0.5160582,-0.2602532,0.2153073,-0.5380826,0.36239487,-0.021616817
1760,-0.19571608,-0.09619862,-0.07917583,-0.29642165,-0.05369723,0.12529147,-0.4573776,-0.5432704,-0.1316458,-0.19842267,0.021919549,-0.2285922,0.090031564,-0.05308014,-0.060429186,0.059962265,1.2050275,2.0297627,2.5419686,1.8418804,0.45344394,0.6281583,1.2324076,1.8362135,0.055693686,0.2669981,0.5883136,0.6083672,-0.08625041,-0.004568815,0.14367035,0.2855131,0.39127105,0.18766105,-0.17788199,0.28597873,-0.03488499,0.28112143,-0.48969245,0.06629068
1761,-0.19642416,-0.31930643,-0.4081282,-0.31171626,0.6093949,-0.07446721,0.6130057,0.29690558,0.045633696,-0.07438162,0.24446917,1.9223037,-0.17045021,-0.35292917,0.18213768,-0.19815692,0.08470321,-0.30381322,0.083292365,0.08205634,-0.053111076,0.061698318,-0.41985452,-0.400134,0.0868749,-0.13382447,0.12480624,-0.27953938,0.10839635,0.24027725,0.19109008,0.44975573,-0.1196761,0.16016352,-0.019017398,-0.22158976,-0.06705344,-0.13476521,-0.10029398,-0.093556404
1762,-0.3543254,-0.05589834,-0.05544144,-0.015724272,0.27208096,0.28147778,0.05425501,-0.009651899,-0.16956705,-0.12757719,-0.040221393,-0.122465014,-0.124253385,-0.58427966,0.03633678,-0.12874644,2.3358107,2.548752,1.853977,0.5386597,0.15890837,0.9628038,0.8876866,0.4887994,-0.21101767,-0.102508396,-0.013038963,-0.20822847,-0.51803076,-0.11142248,0.19198295,-0.10978756,-0.033662647,-0.22263104,-0.04469055,-0.2755142,0.22737086,-0.013382435,0.25518012,0.18247378
1763,0.07411194,0.21203499,0.07044172,0.110708565,0.78004843,-0.1389132,-0.053235233,0.11265865,0.21079516,-0.5080854,0.3913319,-0.109442115,0.8080314,-0.051338375,0.031216227,0.23964942,3.014004,1.2253966,0.4399213,0.105743356,0.6706151,0.27370346,0.3355947,0.18119839,0.91243446,0.46120334,-0.18818831,-0.3579464,-0.19035932,-0.64891654,-0.4796657,0.055383146,0.0711205,-0.3591885,-0.23631577,-0.75441706,0.8682264,0.20705664,0.63597345,-0.3498576
1764,0.40371585,-0.51656866,0.13875836,-0.13250431,0.31954047,0.53334296,0.37652063,1.7527275,0.66046923,0.37955922,0.5394141,0.13440922,0.13240674,-0.22540626,0.23352922,-0.6887095,-0.18290941,-0.34803313,0.30774933,-0.201505,0.08928605,-0.01732184,0.23785222,0.1598171,0.33946696,-0.27781835,0.21101163,0.24778584,-0.24898247,-0.02131164,-0.04103607,0.07615193,0.36821198,-0.19010304,0.58507913,0.15218383,0.011742532,-0.1137815,0.2611428,-0.13868433
1765,0.22393566,-0.31025586,0.23448727,-0.23713426,0.0766896,-0.008519411,-0.19574985,-0.49948275,-0.2488544,-0.43888986,0.007532358,-0.41765696,0.018874228,0.103884414,-0.1707226,-0.12954102,-0.12548196,-0.8764665,-0.33576435,0.051769234,0.23780572,-0.24349976,0.15941316,-0.44929665,1.3934383,2.5978737,1.7998667,3.236651,-0.33721548,-0.33864844,-0.05091539,0.492671,2.3686156,0.72812873,1.2813942,1.1621473,-0.20138335,-0.21092904,0.13473487,0.06289232
1766,0.39825284,-0.28522775,0.03854227,0.037692428,0.60969603,-0.5418195,0.74191254,0.12568349,-0.8263196,0.15649822,0.19573319,-0.2323668,0.2546507,-0.8716003,0.19786847,0.08227438,0.38830578,0.9300858,-0.1398657,-0.13983709,0.44623834,0.72482204,0.6642005,0.55147916,-0.10856727,0.59483176,0.4146878,0.8344747,0.65658927,0.021898396,0.31111187,1.1193527,-0.13038051,-0.151995,-0.0019617677,-0.92025256,0.07408512,0.26520544,0.84527963,0.34166113
1767,-0.1874961,-0.42867762,0.35337794,0.27776635,0.051825285,0.057496667,0.73136014,-0.3659563,0.31174022,0.26408678,0.027020216,-0.12467763,-0.013035536,0.2594369,0.11700648,0.18766952,0.14658922,0.48124504,-0.12089485,-0.063325316,-0.1187951,0.2550419,-1.032287,-0.13664186,3.5429013,3.0584881,1.4188272,1.443367,0.38576108,0.38113725,0.6399345,0.19628415,1.5734394,1.1403468,1.3866646,1.3868184,0.058053732,-0.47013953,0.06217009,0.30236512
1768,-0.53596014,0.19460076,0.042149782,0.008306205,0.29473478,-0.7136056,-0.593587,-0.27072227,0.1700682,-0.34048784,0.11917354,0.10196981,0.58383566,-0.17515731,0.2562083,-0.35266003,0.6245084,-0.15496632,-0.04950638,-0.061860442,0.41511843,-0.13480508,-0.1319755,-0.2717449,0.081680864,-0.3175191,-0.034537673,-0.20579311,0.06960952,-0.017179511,-0.10128176,-0.11332476,-0.045404583,0.3434348,-0.16903976,-0.21089312,0.2648699,-0.08074427,-0.5480904,0.024541557
1769,0.0746941,-0.083726585,-0.04177594,-0.36095762,-0.04380709,-0.04246548,-0.11691558,-0.27062476,-0.22767007,0.005302131,-0.16995531,-0.01098299,0.90659606,0.42259637,0.4504844,0.5293079,1.1240566,0.87386787,1.5391835,0.8431581,0.23393607,1.1627448,1.4149097,1.1818333,-0.13783062,0.07320219,-0.034051716,-0.27267814,1.1008306,1.0355517,0.6569927,0.7102002,0.430333,0.16379434,0.31730753,0.38426307,-0.20804232,0.16566417,0.10891986,-0.024056435
1770,-0.15922228,-0.09796071,-0.04600668,-0.2994933,-0.021365643,-0.35032827,0.070544064,0.051925093,-0.07861924,-0.059282035,-0.033685327,0.046542704,0.11896229,-0.013022661,0.027484536,0.18552098,2.6449757,1.5442224,1.0694358,1.1063622,1.5442847,1.925849,2.7443051,1.9430984,-0.31475663,0.10177529,-0.19159877,0.031091131,0.1648981,-0.034439206,-0.060245574,0.19596323,-0.11199826,-0.005153537,0.05898875,0.03239703,0.042315245,-0.065422565,-0.18968439,-0.0397256
1771,-0.05151534,0.1894429,-0.22169775,-0.19280005,-0.14070183,-0.060646117,-0.07792649,-0.38903624,-0.02478528,-0.33537698,-0.5931163,-0.9358187,-0.17591017,0.11391272,-0.12613112,0.21397153,-0.44786653,-0.151326,0.017355561,-0.17960265,0.1565482,-0.37360898,0.085462615,0.37525815,1.2077578,-0.0038064718,0.20207924,-0.13015202,-1.3936081,-0.18682146,-0.0025022626,0.35417473,-0.010650426,-0.04325697,0.30545768,-0.34020388,0.29459575,-0.094141394,0.032887936,-0.54268235
1772,-0.41411358,-0.16587164,0.00646773,0.08542478,-0.12833577,-0.5102011,0.120212376,0.38361982,-0.004683912,-0.15409929,-0.57374334,0.06332557,-0.25671834,-0.031170249,0.41921768,-0.14067033,-0.55228204,0.1527332,0.6640215,0.051604778,-0.10486126,0.27584404,-0.04016459,-0.2795941,0.1530033,0.87816757,-0.7096352,-0.1636883,0.22038108,0.99128324,1.0805633,0.28932473,0.6044122,-0.12698635,0.26984188,0.2853756,0.20771837,0.19629285,0.11388597,-0.32705235
1773,0.19007246,0.2767769,-0.3457833,-0.16394778,-0.11495716,-0.032874256,-0.075234056,-0.08973939,0.060023636,0.049836785,-0.5283253,0.4111723,-0.27122208,-0.29627064,0.07891762,0.09946628,-0.20495981,-0.039950103,0.12830585,-0.6851396,-0.34846282,-0.35614294,0.06360349,0.012368053,0.47249937,-0.43814355,0.45144075,-0.4927845,1.4519411,2.5448158,1.0114423,1.1212668,3.10205,2.5628862,1.606892,1.7687145,-0.48815197,-0.02901125,-0.037534505,0.45657986
1774,0.34551847,-0.13393843,-0.1294617,0.3069101,0.18704033,1.2876779,0.30488414,0.24383523,0.54782593,0.9968072,0.5154951,0.36686665,0.15473396,-0.15286621,-0.58400965,0.3521285,0.25028753,-0.10120654,0.11197665,0.1597389,0.5498801,0.181173,0.09963861,0.28330207,0.19761685,-0.33621076,-0.48764753,0.40962616,-0.16972446,-0.0479874,-0.548772,0.47173023,0.042742074,-0.22244716,-0.00899774,-0.029977977,0.014792442,-0.20040455,0.2094779,0.59202826
1775,-0.5394871,0.2252351,-0.062653154,0.1304124,-1.1717846,-0.121976495,-0.5103452,-0.17591757,-0.46620846,-0.48872456,-0.4733355,-0.30094787,0.20592284,-0.33560705,-0.33264908,0.40685594,0.2242763,-0.5705089,-0.28167224,-0.15030986,-0.916649,-0.7813011,-0.34337515,-0.18891446,-0.02673006,0.2589097,0.016219497,-0.6401304,-0.3746478,-0.3370691,-0.013260484,-0.071531,0.25255454,-0.2618996,0.07644531,0.32123986,-0.38016468,-0.32238105,0.031144738,-0.060078785
1776,-0.017639339,0.5985808,-0.23005573,0.097387135,0.60237134,-0.26897272,0.4944178,-0.096414626,0.6787728,0.3768445,0.039269686,0.25635314,0.13554068,0.08653715,0.25122535,0.2848006,-0.37754476,-0.14740625,0.11055395,-0.21742627,-0.155559,-0.1639963,0.37704057,-0.5358404,-0.079749465,0.53047836,-0.19575432,-0.33493316,0.28083163,-0.12760901,0.3488025,-0.26797932,-0.2425197,0.24681026,0.16971329,0.2845965,0.06628758,-0.15179491,0.27547285,-0.24232125
1777,-0.13373637,0.3427092,-0.032660484,0.09020817,-0.09555876,0.58976245,-0.40453815,0.3442769,0.107699215,0.5604157,0.4136173,0.018393382,0.39958906,0.5509199,0.11606759,0.6576745,0.49572676,1.6723496,0.9082589,0.38150558,0.79870063,2.6452043,1.0505472,1.5533552,0.37683403,0.4414676,0.51535547,0.55378175,-0.33971474,-0.19292614,-0.5691594,-0.28618312,-0.42190123,-0.32556748,-0.5628782,-0.29729927,0.23274535,0.45045197,0.35446718,-0.39875698
1778,0.25418454,-0.30284798,-0.297549,0.2890246,0.37765184,0.46690223,0.20580325,-0.18718493,0.36924672,0.011610985,0.22269402,-0.3871684,0.29117373,-0.15674227,0.16817254,0.09880986,-0.24696404,-0.8228836,0.04620546,-0.3767289,-0.02712679,0.14866754,-0.35703877,0.054119825,-0.27828968,0.7252836,0.12610537,0.29101896,-0.11540735,0.1785573,-0.2741331,-0.23848686,0.44233826,-0.010101169,0.39271033,0.054613113,0.121795595,0.040135086,0.151106,-0.2872601
1779,-0.15937126,0.14939094,-0.35040888,0.07300262,-0.2494626,0.20464706,0.08970642,0.029352203,0.6557794,-0.24489889,-0.50960255,0.22905609,0.20456767,-0.08920112,0.4996832,0.61610496,-0.3534989,-0.3458747,0.46265188,-0.23993067,-0.3739947,0.4238787,-0.040984213,0.22507662,-0.39599922,-0.0935781,-0.124367476,0.22484553,0.77857894,-0.08498788,0.009556413,-0.4064767,-0.27400503,-0.14068279,-0.088985234,-0.3045042,0.011175573,-0.13482918,0.009687866,0.21009955
1780,0.10268901,0.19816118,-0.23688352,0.6451696,-0.3817178,-0.04888606,-0.47407055,0.31552535,-0.03557496,0.0096785575,-0.6700989,-0.3720442,-0.11287665,-0.432008,-0.19889867,-0.8396063,-0.30711073,-0.09070112,-0.5312555,-0.4731294,-0.06118107,-0.38347098,0.1300473,-0.29277992,-0.48012227,0.16284561,0.32236886,-0.22183686,0.033977374,0.19028148,-0.39265275,0.33773053,-0.020420209,0.61276144,-0.16507924,-0.19137335,0.36398512,-0.78845346,0.34829408,0.3649081
1781,0.24633491,0.018908799,0.06131345,-0.11553699,0.008472532,-0.024247646,0.46947217,0.10740874,1.0000901,-0.2362841,-0.958391,-0.12066674,0.14629066,-0.54834414,0.034968585,0.18046397,-0.039378107,-0.26372743,-0.37828752,-0.12938897,0.028224766,-0.08684485,0.4612549,-0.21035147,-0.060431242,0.2645703,0.014729265,0.43286207,0.050455272,-0.27489787,0.6355635,-0.6281247,-0.6260315,0.0153273195,-0.30447942,-0.6409606,-0.119604886,0.25592184,-0.041954845,0.15166724
1782,0.22292274,0.09303856,0.26200688,-0.27753353,-0.037197616,0.83779347,0.6132293,0.31431988,0.17830735,-0.20244607,-0.11841889,0.24294138,0.5685251,-0.18633956,0.4181639,0.15757377,-0.25689244,-0.24873048,0.0933248,0.31600338,-0.15199745,-0.2281133,0.07882411,0.22203949,-0.12168127,0.16934772,0.82473814,-0.1840928,-0.52194655,-0.3006551,0.13955545,-0.08893627,0.12464237,-0.078157574,0.1455974,-0.22924852,0.28229693,0.40546378,0.7835847,0.40766233
1783,0.06268841,0.27212554,0.7016139,0.51102674,-0.002336979,-0.16223347,-0.23903933,0.12986186,0.15331054,0.011118174,-0.19141138,0.107791066,0.38918412,0.44921744,1.2056507,1.2714096,-0.054385304,-0.34949985,-0.1989535,-0.24624848,0.15138483,0.22577956,0.6794523,0.78543746,0.5360153,1.3738673,1.5621924,1.2045941,0.14519078,0.88729596,0.8449561,0.0466972,0.7722353,1.3801011,1.8813152,2.242817,-0.23706998,0.05863732,0.023979291,-0.11205873
1784,-0.03218788,-0.68677354,-0.19140685,-0.20029643,-0.12211144,-0.5508102,-0.2792648,-0.0473814,-0.057896137,-0.58973616,0.0025365353,-0.20202619,0.0006850958,0.026935816,0.84532154,-0.028973967,0.07347512,-0.2992521,-0.2844438,0.12936318,0.17770797,0.23326999,-0.030293822,-0.022283927,-0.11469215,-0.17973231,-0.1468811,0.020288527,0.207582,-0.09263599,1.1372709,2.7085545,0.05888915,0.17223436,-0.6175263,-0.06126657,-0.22357392,0.3524973,-0.5237289,-0.26129255
1785,0.12316123,0.26489905,0.86498034,0.042296827,0.009550929,0.20087051,-0.28133363,-0.061439693,-0.119661525,-0.6110224,0.05857736,0.2339915,0.7012819,1.3413247,0.56686467,0.9667503,0.0033887029,-0.39391333,-0.43094182,-0.41755885,0.77294075,0.47483876,-0.05010529,0.2766292,4.891143,4.125127,3.769179,1.3214076,0.9236634,0.5925144,0.03174849,0.114949286,2.0449224,2.180101,2.4356182,1.7585608,-0.22094402,-0.1127346,-0.268233,-0.10848963
1786,-0.109966576,-0.4190111,-0.43019447,-0.40211344,-0.013231397,0.124476016,0.46985537,-0.26408657,-0.024888575,-0.20413905,0.16066152,-0.5228965,-0.047492027,0.08103782,-0.07549982,-0.31256443,1.0788718,1.7499132,3.038018,1.6855072,0.06462562,0.40038544,0.71421385,0.6775288,0.84767735,1.3047597,0.5061715,-0.102212965,0.32165462,0.19281888,0.35155645,0.021967307,1.3343619,0.6194551,1.0253885,0.5204239,-0.1536842,0.12532902,-0.86546385,0.0656877
1787,-0.24836504,-0.367038,-0.59310496,-0.053398132,0.099200785,-0.5979059,-0.33178797,-0.18538159,-0.103316694,-0.7977781,-0.1621171,-0.51345646,-0.34416205,-0.005417466,0.4349588,0.09342488,-0.11331391,0.0017414987,-0.029837046,-0.018371582,0.32828766,0.22889692,-0.81629026,-0.23532856,0.09806162,-0.1253807,-1.1158857,-0.25918964,-0.055538774,-0.3426947,0.31429225,-0.031348035,-0.4800135,-0.073289394,-0.3239077,-0.09860933,0.34662575,0.22221702,-0.58656764,0.14439666
1788,0.16525626,-0.3914676,0.28412592,0.100914836,0.15337819,-0.2708373,0.5194623,0.1920073,-0.21340993,-0.42330337,-0.41764668,-0.29282928,-0.23486888,-0.16412768,-0.3934823,-1.8086863,0.15128058,0.06403008,-0.23353273,-0.081160516,0.7034471,-0.38654867,0.04204184,0.067871034,-0.3516214,-0.32761687,0.030710518,0.24366596,-0.5203566,0.16566342,-0.1582061,0.15387456,-0.02659902,0.34253657,-0.5997715,-0.3012452,-0.36290544,0.036419645,0.26575005,0.04966404
1789,-0.36352855,-0.27936435,-0.05742961,-0.018667936,-0.0578779,-0.08449927,0.056499124,0.018204987,0.009539545,-0.14216651,0.061754584,0.038787246,-0.040067494,-0.24656723,-0.2443157,-0.025952458,0.035345435,-0.31598294,-0.40082294,-0.08809811,0.17234457,0.060299434,-0.3558109,-0.3506438,1.9690795,1.8259317,1.7365928,1.5992959,3.055145,0.9578755,0.56996846,0.8934233,5.06792,3.8029802,2.7645307,2.1043088,-0.21878886,-0.14637847,-0.09924051,0.24029878
1790,-0.032911003,0.070595026,-0.5038156,-0.08660871,0.028143406,0.06560907,-0.16520926,0.15882671,-0.37817258,-0.1291676,0.054314673,-0.016281188,-0.30162394,-0.48493853,-0.087764844,0.14266697,-0.12133467,-0.2517243,-0.614275,0.0023020506,-0.14707649,-0.17881271,0.18306586,0.1047411,0.37172467,0.5216327,-0.25339818,0.38206172,-0.2479808,-0.4058819,-0.04898274,0.27860713,-0.51804996,-0.4901184,0.10471472,0.23347658,-0.60365736,-0.19710907,-0.37431344,-0.1701771
1791,-0.26550815,0.31616288,0.62915206,-0.28658614,-0.17160225,-0.2175633,0.12347211,-0.099077284,0.33652014,-1.1639614,0.43491632,0.44296518,-0.0015511513,-0.26953492,0.26340416,0.9877516,0.9005223,0.4456183,0.42262256,0.9574276,0.46617484,-0.33259034,0.45789576,-0.13628584,0.6710507,0.32139283,0.09997389,0.46219692,0.3295195,0.5497725,-0.69960797,-0.5796866,0.2598211,-0.51621467,0.04588476,-0.05885014,0.022052199,-0.38556203,0.6883767,0.09201315
1792,0.34167925,0.44043836,-0.049775407,-0.49637762,0.89582336,-0.21083666,-0.52855664,0.15832207,0.68422097,-0.45776266,0.34094355,-0.37594464,-0.21196254,-0.49626413,-0.3258084,0.2120871,-0.52277124,0.11343971,-0.26399124,0.50521886,-0.67262185,-0.57063246,0.6728401,0.61962295,0.06556028,-0.7257606,0.20570144,-0.20541716,-0.28497797,0.14786929,0.010489762,-0.2885518,-0.50762355,0.32281345,-0.50325453,0.1597735,-0.40941143,0.6658795,0.3937676,-0.33636343
1793,0.8604904,0.8389663,0.85994655,0.2774726,0.88569444,-0.3219298,-0.022508055,0.21550149,1.6119063,0.57651746,1.0577265,0.41773832,2.7240934,1.6836556,0.1363483,0.46727887,3.5393353,2.1005528,1.2738764,0.754063,0.04109037,1.413106,0.3949437,0.71033895,1.3919584,-0.0065654516,-0.7320755,-0.33642587,-0.922102,-0.12266296,-0.41535673,-0.23422724,0.2531264,0.1453132,-0.37822723,-0.16891038,-0.26993135,-0.013989203,-0.13833965,0.105466396
1794,1.2056943,1.8131876,0.2078008,0.60677457,0.017690867,-0.3399788,0.6533131,0.39618248,2.5173979,1.8010442,3.0988262,0.58565646,1.9122479,0.1620624,1.9881804,2.2941208,0.65137523,1.3405255,1.4259409,0.83462465,0.8480532,1.1922637,1.4643011,1.2421042,-0.37393078,-0.57446015,1.0954044,-0.25186884,0.22604686,0.42412525,0.028768785,0.20423537,-0.32340252,-0.7670698,-0.2176606,-0.40525055,-0.25785232,0.39049405,-0.034702122,0.57950246
1795,-0.15163231,0.25142735,0.022124149,-0.32322294,-0.32719433,0.14378774,0.32753175,0.1478666,0.5969788,0.38870817,0.058190063,0.49071813,1.1837096,0.6671725,0.36413133,0.35535836,1.3126066,0.7684157,-0.026892781,0.35535753,0.9094838,0.7020901,-0.009200275,0.46105337,0.35475123,0.8666673,0.2563189,-0.061725974,0.5041996,-0.69364095,-0.12029311,-0.0042042136,0.4543912,-0.74633014,-0.17666611,-0.12544063,0.13809627,0.07003336,-0.3163073,-0.36106676
1796,0.18597054,-0.2686594,-0.46502766,-0.13390669,-0.51980674,0.11936909,-0.31913716,0.31657657,0.08799234,0.024285674,0.24491858,-0.46344367,-0.10392499,-0.5989619,-0.32772934,0.13774917,-0.14098826,-0.16478664,-0.28613713,-0.30188078,-0.24129173,-0.4437554,-0.67650485,-0.23690301,0.609215,-0.12081796,-0.9073551,0.15150857,0.09966308,0.40605354,0.14917116,-0.007805124,-0.15376452,-0.42000946,-0.9954543,0.017641127,0.3421687,-0.35723108,-0.2488629,-0.035343707
1797,-0.3039419,-0.3715329,0.33422577,-0.43755007,0.24572212,-0.64810294,-0.29651737,-0.6114027,-0.17274404,-0.48973292,-0.5715964,0.1591239,-0.07392204,0.10990311,-0.079790205,-0.43249166,0.01788044,0.043262616,0.5776629,-0.0946995,0.28215665,-0.26646516,0.3579468,0.73866266,-0.23780838,-0.06605679,-0.18726969,-0.37651828,0.011955559,0.9550017,0.009224355,0.41793737,0.66242063,0.23549566,-0.27920634,-0.28340474,-0.39629278,-0.11332235,-0.2781614,0.110056065
1798,0.2290838,0.28660038,0.24567807,-0.28345585,0.32289177,1.6805627,0.36340737,0.73177326,0.3477152,0.19489226,0.108341604,0.003789395,3.1613061,-0.12915161,-0.0077370107,-0.18975279,-0.15881705,0.16234875,-0.2953548,0.35165918,0.29472494,-0.0622842,-0.064073175,-0.3322976,0.17661566,-0.23522598,-0.37005,-0.41457185,0.23511602,-0.45230502,-0.21760136,0.124144405,-0.58552474,-0.32614547,-0.13182428,-0.201415,0.40332472,0.36320892,0.61885965,0.34607774
1799,0.8343161,0.85582423,1.4992828,0.9625243,1.612132,0.34221816,1.185928,0.09158921,0.73557717,1.252888,2.4978702,1.0219334,0.14007014,-0.24634185,0.068764806,0.7600932,0.34470862,-0.14396356,0.32015243,0.2693746,0.13152343,0.11980671,0.1416359,-0.02540163,2.9088135,3.159234,2.261984,1.6179805,1.1367552,0.3621493,1.0338241,0.6284697,2.3597543,1.7952732,1.8349624,1.5265985,0.36436084,0.53801405,0.43217117,-0.045580447
1800,0.056423515,-0.26328588,0.43131173,-0.02668178,0.5869588,-0.36725312,-0.19609925,-0.18005168,-0.17819425,-0.18597937,-0.4807301,0.15394372,-0.3412624,-0.0010645688,0.28637612,0.15461445,-0.038446307,0.07517362,0.20751151,-0.12745866,0.037311494,1.1364083,-0.15006274,0.16179943,0.9542819,3.270998,1.4730152,1.0913538,1.4672062,2.0761976,1.921263,2.3578434,3.2965007,2.9677315,3.2923741,2.682539,-0.5071089,-0.036750168,0.12442857,0.07439941
1801,0.33188692,-0.6511841,0.014162004,0.58118606,-0.25587285,-0.020712435,-0.10191786,-0.048525214,0.26463693,-0.3426519,-0.043529034,0.23713374,0.54628503,0.5777018,0.44840857,0.5384525,1.927387,2.3769307,2.2648258,2.3245237,2.790741,5.4593363,2.456231,1.6817439,0.26687858,1.5707586,1.7052116,0.98055875,-0.31097043,1.179191,0.5059309,0.253942,0.60938185,0.81165904,0.92406046,0.7357941,-0.17759943,0.4577498,0.3256533,-0.16943753
1802,-0.2313919,-0.43003833,-0.20555215,0.20215473,-0.12064177,0.5358094,-0.37559605,0.49791032,0.16919905,0.1700262,-0.57705545,0.30080897,0.3377664,-0.25029248,-0.466882,-0.46950734,0.097053945,0.12981677,0.6626907,-0.03942898,0.03232819,-0.3239938,-0.34382424,-0.724735,-0.13026524,0.008448347,-0.2420196,0.10374121,0.25494963,0.22365963,-0.3005473,-0.46368307,-0.048722744,-0.15680593,-0.20322633,-0.57223916,0.628792,-0.021135509,0.004376054,-0.07746756
1803,0.24290684,0.05282256,-0.47982144,-0.5545691,0.034194946,0.32635868,0.32362008,-0.12549478,-0.24545425,-0.2763365,0.22505796,-0.44542304,-0.109750986,0.12209368,-0.19723366,-0.5155833,-0.16050255,-0.43206802,-0.2018913,-0.51420087,-0.5196724,-0.063452005,-0.43636504,-0.26466668,-0.49223864,-0.362222,-0.21684259,-0.5919876,1.9540708,1.0949392,1.5781565,2.0576637,1.5394777,1.2100292,1.1390882,0.9417486,-0.1916318,0.3723917,0.17830504,0.2676289
1804,0.0637469,0.6794444,0.7102867,0.033498693,-0.886152,0.9539633,0.35334653,0.23819369,0.30394664,-0.44560662,0.42423004,0.2952057,-0.024172962,-0.064475775,-0.043152858,-0.2855497,-0.039201975,-0.31437585,-0.48597932,0.22565189,-0.404557,-0.40666324,-0.1596373,-0.76698744,0.073806345,1.3613944,0.4761732,0.96868175,-0.14202529,-0.58573735,-0.08613616,0.16263847,-0.09746206,-0.31266654,-0.49235547,-0.12372431,0.006953746,0.26170903,0.2953176,0.56672996
1805,0.08865406,0.75164706,0.01584797,0.13253224,1.4354442,1.0163115,0.7913721,0.4682691,2.5667205,1.2358108,1.3520602,1.2629749,1.1972982,-0.3317343,1.26927,-0.2843734,0.35700125,-0.1259456,0.7735624,-0.11578894,0.022316039,-0.3086685,-0.26667166,0.13004154,0.23859082,-0.28258365,0.4455988,-0.33304352,0.5173791,0.059070945,0.11858863,-0.5726349,1.4836178,1.7377094,0.6742454,1.0115274,0.73321384,0.43877926,0.32984224,0.13268003
1806,-0.18956691,-0.23540516,0.2952267,0.34438697,-0.25651175,0.38321334,0.13616674,-0.19071767,-0.111622974,0.26572484,-0.08856677,-0.11539398,0.51599836,0.007090807,-0.102194965,-0.22218223,0.19366163,-0.10467017,-0.08726926,0.021041468,0.15653911,0.1360879,0.04740666,-1.5627524,-0.16461653,0.07354951,-0.36989403,-0.18446672,0.34036177,-0.29820266,0.057968915,0.10821235,-0.20191312,0.16536152,0.13465564,1.6915487,-0.013390422,-0.45341018,0.40356877,0.009288192
1807,0.3178832,-0.27624977,0.64879584,0.30706358,0.3504904,1.2741148,-0.037197232,-0.14304775,0.003694065,0.7454809,1.7047262,1.300837,0.618631,0.37976626,0.0106628835,0.37172136,-0.16235247,-0.059164226,0.23388898,0.0342893,-0.71119034,-0.9598867,0.4335187,0.34338266,-0.60508865,0.17694002,-0.6406154,-0.4755402,0.20580074,0.034449577,-0.49878877,0.096471846,-0.83419263,-0.9176574,-1.0122238,-0.26915014,-0.41412058,-0.45492172,0.8741896,0.14798597
1808,-0.52388287,-0.12989043,-0.22418727,0.45753992,0.17873573,-0.080691166,0.2076987,-0.39249775,-0.43640327,0.02661392,-0.71041447,0.76262486,-0.7850835,0.056539237,0.42790583,-0.34783992,0.6145276,-0.046597064,0.34964973,0.19146729,-1.0544883,-0.6836235,-0.26093996,-0.019201279,-0.5709448,-0.14598215,-0.36987466,-0.14411111,0.9979826,-0.90857595,-0.12015998,0.20381725,0.12875834,-0.94734406,0.09230292,-0.51604986,-0.014222965,0.5511582,0.32126868,-0.35052025
1809,0.08652385,-0.21701005,0.09823251,0.18401808,0.15643239,-0.3264917,-0.1727072,0.033997953,-0.5509881,0.012484193,0.38990498,-1.072325,-0.23288196,-0.3388506,-0.07187247,0.041553378,0.8300711,2.313918,0.478691,1.3976592,-0.004951492,0.7573077,0.32489687,0.42954063,-0.04894495,0.1429131,-0.07852173,0.13258804,-0.35166246,-0.07996127,-0.34030306,-0.001160115,-0.22825241,-0.33092332,-0.42310616,0.0036462098,0.6058153,0.5472263,-0.10805315,-0.47885776
1810,0.11063133,-0.39686137,-0.084267735,0.42283317,0.11972129,0.8234756,1.8984625,0.6019638,-0.1811403,0.30712515,-0.9638999,0.12204039,0.6604901,0.4328813,0.4641155,0.27110243,0.31107062,-0.3900716,0.18102026,-0.82474387,0.58377546,0.29313743,-0.1488977,-0.11086258,-0.30451483,0.0050183237,0.16208172,-0.23422483,0.28446186,-0.22282492,-0.5203114,0.32528162,0.71759474,1.5530865,0.22855723,0.41873235,0.14198059,0.30736065,0.58788097,0.6553664
1811,-0.063283205,-0.44980308,-0.3372584,0.09014073,-0.06586349,-0.23613927,0.16448814,-0.24439687,0.026981056,-0.45262736,-0.1499425,0.12756509,0.15926069,0.699731,-0.5198623,-0.3505112,-0.14827058,-0.26487362,-0.17336565,-0.3560546,0.3358517,-0.34923756,-0.09116025,-0.35236996,0.3773107,0.17082125,-0.37939906,0.19921774,0.6971461,0.44405854,0.18075368,0.2271077,0.790701,-0.11399951,0.25514707,0.47462857,-0.0040984154,0.056495786,0.16422346,0.11369124
1812,1.2997832,0.1682626,0.739063,0.63965607,0.9036649,0.5192419,-0.20421505,-0.33205596,1.6002358,0.22244933,0.49637708,0.39263216,0.92682683,0.24881524,0.23885378,0.22836512,3.9920754,3.0165029,1.5916474,1.6147962,0.9342691,1.2118584,1.266969,0.60558033,0.98155755,0.7860344,0.56980944,0.8856582,0.38464803,-0.09915304,-0.14253786,0.4428699,-0.45498785,0.084323764,-0.23095411,0.304499,0.53384227,-0.2623367,-0.4002424,-0.2366733
1813,3.221676,1.9259329,1.8360509,1.502456,1.807735,0.24386576,-0.1126554,0.43132433,2.011,1.2003913,2.4988189,0.63467854,5.071412,3.5653772,3.1443546,2.2068899,1.4031546,1.5817444,-0.14649537,0.5830493,3.5348895,2.0497732,2.326295,1.2733448,-0.19563897,-0.2123959,0.028026491,-0.32727933,-0.26090622,0.00658831,-0.08831751,0.021211952,-1.6690214,0.0802615,-0.07378906,0.014756858,0.20433858,-0.034706116,-0.061712354,-0.13598087
1814,-0.21256053,0.08990562,-0.34902728,0.4134022,-0.3818853,-0.073336005,0.00892511,-0.36886388,-0.16540715,-0.23151603,-0.014928848,0.388141,-0.50510997,-0.3253036,-0.32309067,-0.49732652,0.063622236,-0.16114122,-0.122262,0.35427207,0.2708869,0.23061079,0.13715869,0.5075768,0.56251997,0.11030191,-0.011969596,-0.11292881,-0.017852604,0.19651653,-0.37676594,-0.19207655,-0.25355628,-0.12274119,-0.4279768,0.7396553,-0.1562104,0.48750043,0.13391852,0.221493
1815,0.26062712,0.6545832,0.6402921,0.45884842,-0.036491513,-0.14292675,0.38219136,0.061448812,-0.06724489,-0.113712996,-0.0687083,-0.2211673,0.35996056,-0.034875035,0.10907403,1.3871721,1.6883917,1.8427392,1.5553477,1.3169783,1.2741996,2.2337112,2.6256313,2.1001625,-0.15212607,0.023607314,-0.41717482,-0.07320464,-0.37944856,0.00401181,-0.00056602806,0.075724944,-0.025744796,-0.11815131,0.13738334,-0.10230519,-0.18780899,-0.25461835,0.074662626,0.12940192
1816,-0.41592515,-0.13100633,-0.23149936,-0.8813919,0.22186235,-0.25155267,-0.11159122,0.7033036,-0.37818128,-0.25163502,0.44973558,-0.23252907,-0.80859244,-0.36574876,-0.49399123,-0.08948809,1.6603539,0.6087031,0.94130003,0.15157402,-0.8637855,0.0542728,-0.1119677,0.54182434,-0.30520642,-0.6426555,-0.5586901,-0.13529322,-0.679102,0.05507338,0.09823686,-0.24307518,-0.56590354,-0.44036585,0.044375896,-0.11815137,-0.07426241,0.17726979,-0.28225738,-0.31813464
1817,0.74970746,0.059482306,1.4265223,0.47972026,0.73579985,0.7603393,0.06527427,-0.18413658,3.0967243,1.0406841,2.5143592,1.9354345,1.2980478,0.19349411,0.45251694,0.6982069,-0.1880843,-0.13856047,-0.5587434,-0.28527558,0.035689354,0.26716945,0.11049172,0.5712815,5.975034,2.9438202,3.9345412,4.0485306,-0.5570361,-0.11728981,-0.46363783,0.17330405,0.21411628,0.20799023,0.56583136,0.016503662,0.1568024,-0.047645107,-0.0730035,-0.08110303
1818,0.2219829,-0.5104511,-0.25829148,-0.4530049,0.32963926,-0.59357667,0.12776768,-0.24566543,-0.026181102,-0.74007696,0.09995228,-0.42809898,0.32553494,-0.29158586,0.42701674,-0.25906336,0.15576077,0.3453774,0.004857838,-0.03383243,-0.17065996,0.575386,0.013047934,-0.12308109,0.098207295,-0.16372481,-0.115021944,-0.26080263,0.10144997,0.16123712,0.1476134,0.32114774,-0.43102318,0.15776664,-0.052823424,-0.58697414,-0.13558412,-0.17238551,-0.36150816,0.08775699
1819,0.82917786,0.234489,0.17346708,0.42282122,0.046518188,-0.71969795,0.6246241,-0.3085966,-0.79327685,-0.4793775,-0.22765487,-0.25073633,2.7150574,2.0072367,0.46326217,1.1719114,-1.962855,-0.5223502,0.11109951,-0.16109341,-0.10405615,-0.20603365,-0.0049066544,-0.17627813,-0.44764438,-0.7762626,-0.7925544,-0.86776215,0.21539623,0.27427626,-0.13276081,-0.37877464,-0.73788166,-0.13814318,-0.29212645,-0.8524925,0.108022735,0.2220627,-0.1618284,1.0017537
1820,-0.07406209,-0.034683526,0.22021657,-0.22898242,-0.14324743,-0.28066292,0.56482124,-0.052377075,-0.4542689,-0.07386392,0.27900392,-0.13221064,0.39980996,-0.428247,-0.4665861,-0.2165802,0.51824534,-0.0218658,0.26793092,0.00088288635,-0.10664797,1.3624398,-0.21824077,0.8061819,0.13204625,0.06919426,0.061737,0.30457395,0.098938696,-0.10215378,-0.1698277,0.13494104,-0.13352692,-0.0008854866,0.18951638,-0.036910713,-0.9152754,-0.59277594,0.13856314,0.4599307
1821,-0.23807338,-0.55360484,1.3878258,0.76593566,-0.09247619,0.11622474,-0.16976976,0.19140446,0.10019064,0.21482852,0.6163719,0.19672346,0.3325376,0.445987,0.5183227,-0.21764928,-0.19799674,-0.092105806,0.54646134,-0.24149261,0.2617922,-0.11578551,0.79559267,0.92285216,0.9101651,0.6767599,0.64758825,-0.19593391,-0.21668503,0.35263658,-0.1462687,-0.22412413,0.3454953,-0.17451236,0.70368505,0.47817543,0.19021925,0.41424924,0.9344834,0.0612432
1822,0.41982207,0.21144533,0.44082898,-0.06333524,-0.090649486,-0.140656,0.19656509,-0.17419931,-0.5947547,-0.03534454,0.027127862,-0.12614371,0.123901725,1.2820009,-0.29439914,0.2847442,-0.26725796,0.07915418,0.47114697,-0.049431503,-0.1571237,0.1929059,0.33876732,0.2061742,-0.21690506,-0.23656785,0.030825377,0.083800495,0.04797542,-0.20213178,-0.656906,-0.099937886,0.1028291,0.38811067,-0.7564676,-0.017360974,-0.4513695,1.5237046,0.36619118,0.13458249
1823,-0.084812075,0.33257425,0.8310977,-0.23426026,1.7994096,0.05173862,-0.08993423,-1.0186355,0.959696,0.36645645,-0.13276386,0.33494735,2.1816459,0.41705543,0.4729065,0.3954124,-0.43462312,-0.01688546,0.23025793,-0.043314636,-0.0093566775,-1.3959796,1.0949135,0.18589145,0.2227644,-0.31663972,-0.6670346,-0.037346065,0.043037355,-0.24985003,-0.36104614,0.051888585,0.56396616,-0.116643935,0.28202266,0.3004333,0.19484568,0.20755747,0.0331313,-0.0690496
1824,0.41032445,0.22650643,0.061035514,0.69007623,0.12047148,-0.5155098,0.24196857,-0.051058747,0.9776267,-0.12561348,-0.093560755,-0.2237357,0.8290582,1.8356823,0.90214574,-0.008045644,-0.4078927,-0.0023620278,-0.5680423,-0.618052,1.2974278,1.0842166,-0.4233234,-0.89762616,1.3936849,0.8621267,2.883997,1.1219597,0.16287735,-0.5503074,-0.49385703,-0.23435915,0.023212075,0.21246596,0.2218925,0.33427548,0.19629258,-0.34876668,0.4539325,0.17133218
1825,-0.16802573,-0.33138388,-0.45646328,0.26371562,0.0565217,0.45577347,0.22593462,0.48039234,-0.117970556,0.2623163,-0.15810367,-2.1780972,-0.363196,-0.006702006,-0.22665414,-0.20645349,-0.066754654,0.07091105,0.11786457,-0.264721,0.43979028,0.123697296,0.14956777,0.4538045,0.050157577,0.42515874,0.118516356,0.10939286,0.13406882,0.26143485,-0.3395978,-0.0026827157,0.31333438,-0.16241206,0.16234088,0.26660836,-0.16695508,-0.031183619,0.21643697,0.0715645
1826,-0.29626518,-0.13623253,-0.30170232,-0.053554714,-0.24008721,1.2341943,0.21479452,-0.08277209,-0.25955966,-0.19669354,-0.06946194,-0.30905503,-0.06034088,-0.36936104,-0.42649555,-0.5989746,-0.15129411,0.41877323,-0.30547783,-0.39241543,-0.3085948,-0.33274627,-0.12076384,-0.07474652,1.2108474,1.2797239,0.17576891,0.43129933,0.4804586,0.30148214,0.5165785,-0.05681382,1.237118,0.27052486,0.25408512,0.7169454,-0.31642097,0.2461853,-0.09088928,0.22768044
1827,0.3623765,-0.46170238,-0.12550554,-0.7646553,-0.24123544,0.19526054,0.906211,1.2863936,0.41093308,-0.11856851,-0.5941275,-0.18629068,-0.44889033,0.41366944,-0.048954815,-0.24100995,-0.11001295,0.38763863,-0.13768682,-0.25627056,-0.047398746,-0.0044327527,0.16960932,0.08269122,0.008049071,-0.9040171,-0.8451934,-0.23251241,-0.08845483,0.065525174,-0.14598228,1.1017835,-0.4290036,0.7977892,0.20909059,0.29158953,-0.16715837,0.19513729,0.28270417,-0.026471347
1828,0.30888367,-0.07740587,0.05556217,-0.27979136,0.18451893,0.66224635,-0.058880925,0.2398576,0.13733327,0.22840905,0.21061698,0.60957605,-0.0834828,-0.121077456,-0.20774898,-0.30051303,-0.5383371,-0.032360494,-0.3198453,-0.27288643,-0.09028216,-0.22355768,-0.4816934,-0.5733077,0.89552474,-0.32038772,0.09777574,0.013270181,-0.43051097,0.070474274,-0.29363862,-0.06308496,0.37027052,0.17046118,0.13791926,-0.050848633,0.43498695,0.14974785,-0.08071956,0.20298277
1829,0.51493615,0.8212377,0.7175429,0.10876095,0.3667589,-0.12340653,0.33653113,0.021074176,0.53407,1.009299,0.9595896,0.59676135,2.3518524,0.92930436,1.8315272,1.4490062,0.38715804,0.65599453,0.32313812,0.48402023,1.0048196,1.9080193,1.9011451,1.9081323,-0.089793205,0.035003953,-0.10627937,-0.060810506,-0.023732781,-0.22175747,-0.09888038,-0.05931163,-0.21847573,-0.11728692,-0.085677385,-0.15952396,-0.01438117,0.12273067,0.16432878,-0.10449982
1830,0.4541794,0.23567145,-0.33195043,0.31083852,-0.44308424,-0.7185489,-0.025710523,0.22402394,-0.43656808,-0.23855054,0.27711302,-0.21716267,1.0973091,0.40128255,0.4338431,0.23278576,-0.04778567,-0.36504078,-0.25350586,-0.06650412,0.51180875,0.19229662,-0.17016256,-0.110286176,-0.30791843,-0.26312068,0.2761218,-0.024288893,0.045356214,0.03963004,0.19180799,-0.21123123,0.88133156,0.12966451,0.26986426,-0.0118044615,-0.27608234,-0.5464314,-0.07513857,0.066928685
1831,-0.70562154,-0.11639331,-0.408756,-0.5470833,-0.014863431,0.34644598,0.05221054,-0.5527449,0.24163604,-0.36632916,-0.97306967,-0.61804724,-0.3829203,-0.16517526,-0.3983297,-0.12515312,-0.012092173,0.0021123886,0.39743078,-0.02976787,-0.22522348,-0.114943534,-0.27216032,-0.044739008,-0.35361934,-0.23855549,0.027669668,0.12503469,0.10927433,0.5640314,0.09854959,-0.49884853,-0.71288186,-0.620116,-0.20228752,-0.025250435,-0.3471621,-0.22183809,-0.26369524,0.46071294
1832,0.28751963,0.22594187,0.4224564,0.15727514,0.8454665,1.1689093,0.72025675,0.52115244,0.2083283,0.9049684,-0.17304647,0.88671696,-0.014481366,-0.9111519,-0.36390623,-0.21787925,2.4352515,1.8961458,0.77603775,1.0131121,3.0522332,3.7065654,2.0610254,2.134253,-0.23837443,0.5242952,0.6603463,0.58403796,-0.09203881,-0.0143066645,-0.012442768,0.6323952,0.12100828,0.10660964,-0.00089126825,0.0041828156,0.5849614,0.2849221,0.5636321,0.93623877
1833,0.4050077,-0.35918078,0.2055021,0.21858028,0.059328556,-0.46196076,-0.28448617,-0.25464773,-0.38039207,-0.07124259,0.0921393,0.23609869,0.34225142,-0.2880528,0.33567291,-0.22334158,-0.25642002,-0.066099435,0.7175819,0.27753145,-0.02993375,-0.75800323,-0.10898981,0.36366248,-0.5012665,-0.05748689,-0.52156776,-0.097171545,0.83345246,-0.21430913,-0.7828281,-0.03089866,0.12891343,-0.51776564,0.16715664,-0.08558905,1.1282578,0.30506304,0.4433462,0.74605054
1834,-0.19834074,0.11236487,-0.16320297,0.011273965,-0.33732224,-0.47452018,0.21709019,0.1648542,1.362491,0.89525956,2.0708542,-0.21401483,0.19004172,-0.4092382,0.01101023,-0.034546375,-0.114358634,-0.23522055,-0.74084896,-0.2506854,-0.63423204,-0.40853292,-0.3803255,0.06701782,1.5426077,1.6314526,1.3892751,1.8000231,-0.47328392,-0.20740892,-0.26405668,0.11680436,0.7172569,0.94226265,0.109948546,0.26307854,-0.31655517,-0.076924264,-0.1962012,0.099747926
1835,0.35670277,0.609957,0.35363656,0.18928367,2.7168608,0.71759903,1.5395075,0.8901303,1.8474925,1.8354232,0.9102943,1.1002771,0.72262883,0.20692691,0.33287194,0.41428325,0.6364074,0.10449967,0.2724393,-0.14855033,-0.21213835,-0.33903432,0.51812196,-0.18996805,2.407798,1.2752658,1.0404007,0.82519823,-0.20749539,-0.28781867,0.059189737,-0.058314502,1.5535336,0.71087337,0.8548468,0.3772834,0.09367216,0.02262777,-0.01382643,0.25016996
1836,-0.207537,-0.31182063,-0.25041533,-0.7835909,0.007052541,-0.1711539,-0.052521348,0.0055217743,-0.29693547,-0.32883462,-0.25014162,-0.20548624,-0.40266538,-0.30732137,-0.1693641,-0.41127548,3.1785154,2.3562512,4.4399276,3.7413964,0.045015097,0.7954516,0.5529725,0.5543676,-0.6153712,0.16681772,-0.25559038,-0.18842778,1.5802836,1.6616637,2.0502872,2.2201445,0.31314912,0.39081645,0.7513964,0.5590209,0.15251765,-0.16352117,0.12609576,-0.11816938
1837,2.645141,1.7772593,1.6043303,0.6157803,1.6529982,1.8756955,2.0551786,1.2090863,3.6119897,4.596834,2.8839216,3.0052984,3.8078136,1.6844683,1.8517342,2.0506465,0.050588697,-0.15663713,-0.26294184,0.3974972,1.3938885,0.48953295,0.61610186,0.54182863,0.9711346,0.05583275,0.40655905,0.100929335,-0.34149832,-0.2540362,-0.012369275,-0.09177534,-0.046752512,-0.020802617,0.3568108,-0.18331367,1.0277398,1.1402366,1.3789879,0.4682149
1838,0.1683793,-0.2939091,0.19279969,-0.207623,0.6738759,-0.0031072795,-0.05535984,0.092262946,0.18577468,-0.15895623,-0.53564256,-0.15512083,0.17252815,-0.49336892,-0.13510135,-0.92543745,-0.32668078,0.1147846,0.08562125,-0.360642,-0.46837807,0.05515939,-0.4474722,0.1281583,0.06725228,0.17119634,-0.3691678,-0.069389045,0.5565594,0.9288831,1.6927096,2.4670622,0.66017926,1.1085283,0.6222949,0.8552531,-0.009609997,-0.6986273,-0.02828902,0.12296736
1839,0.18860519,0.21657518,-0.13648018,0.060563147,0.010575175,-0.057379544,0.33583868,0.78456086,3.6619039,2.762403,2.9163508,2.5956292,-0.02940476,-0.11239985,0.03480667,-0.014835201,-0.059939504,0.018428862,-0.020162385,0.008382037,-1.2266363,-0.37749738,-0.3447305,0.08316624,1.847408,2.019436,2.4484637,2.2226307,0.06915039,-0.23062557,0.060251057,0.33880866,0.4271928,0.5995164,0.8704825,0.514079,-0.47265303,-0.12865096,-0.08312625,0.12692928
1840,-0.49382532,0.14399979,0.51316416,0.41935828,0.36943293,0.60775125,-0.34463358,0.69520926,4.5741506,1.4312813,1.2095222,0.7274907,-0.47089535,0.1483245,-0.13991666,-0.59499747,-0.17484969,-0.45639116,-0.7022558,0.10564408,-0.56717217,-0.59070706,-0.16359407,0.19606736,0.52628946,0.8222042,0.5740459,0.24842545,0.5272455,0.34355074,-0.22912934,-0.12106976,-0.55724865,-0.45611572,0.17735136,-0.50044674,-0.6155617,-0.55845445,0.06086015,-0.16905722
1841,-0.04529369,-0.02770245,-0.43568236,1.1408094,-0.31683707,0.12105897,-0.5968696,0.05000609,0.19485551,-0.20212016,-0.5777698,0.10624538,-0.086408615,-0.269587,-0.46268106,-0.0021353737,0.3921491,-0.11379421,1.0334646,0.46174067,0.48570767,0.60897356,0.39413893,0.6523287,-0.18761915,0.60922164,0.29011253,0.03042543,-0.30206978,-0.16333663,-0.5769085,-0.23264179,-0.123529375,-0.0423688,-0.46947286,0.026286036,-0.07427639,-0.14141893,-0.073821425,0.18129575
1842,0.35646173,0.22834715,0.4347341,0.11507997,-0.06180936,-0.10940177,-0.5533209,-1.2101281,0.027092695,0.21140933,-0.03135237,-0.37114528,-0.18650013,0.045502454,0.14225909,0.0117812455,0.092742085,-0.32129145,-0.52983725,0.2870483,-0.40000337,0.02125153,0.05967903,0.30593395,0.6205983,4.687499,2.5796819,1.4938643,-0.24976617,0.034339815,0.21603626,-0.10025723,0.06667738,0.24031204,0.35098085,0.044495374,-0.15821286,-0.047858417,-0.1275706,0.521538
1843,0.23513484,-0.07682271,0.031487882,-0.36624435,-0.3466878,0.031949997,-0.024594307,0.18330413,-0.4521921,-0.4311949,0.09257007,-0.5266422,-0.032094836,-0.3929215,-0.15647125,-0.21203642,0.059765816,0.14997566,0.64532965,-0.17375532,-0.4577651,-0.25153983,-0.029754013,0.15472338,-0.5065134,-0.45673388,-0.29772174,-0.65220046,-0.037494577,0.73250985,-0.0018275231,0.4418726,-0.081610814,0.029227376,-0.079568654,-0.32907784,0.5368905,0.12219858,0.31535947,0.35612243
1844,-0.17456943,0.0470421,-0.066629946,0.5003925,0.44216707,-0.12448141,0.18403512,0.19729328,-0.15450573,0.058181703,-0.07445243,0.4700942,0.014340043,-0.02350466,-0.23896706,0.07059394,0.20856047,-0.07979339,-0.28377756,-0.700578,0.06560445,-0.5004846,-0.08793199,-0.43531042,0.5554029,0.4099628,-0.025058806,-0.016507149,-0.5266108,0.11009359,0.07539125,0.14166458,-0.6096988,-0.071576,-0.07433371,0.6143715,-0.09980032,-0.25247407,-0.15767103,-0.48152882
1845,0.30884224,-0.4966703,-0.373801,0.37172508,-0.16422738,-0.8382492,0.7211195,-0.13942677,-0.59578943,-0.0060130954,-0.050311595,-0.63676584,-0.110395424,-0.097159296,-0.1426872,-0.68277764,0.14397803,-0.29098117,-0.28978795,0.10362826,-0.3552695,-0.10059514,-0.4310465,-0.7343284,-0.31072035,-0.2687588,0.09231235,-0.37939435,-0.43792576,-0.12821656,0.3840115,-0.07740703,-0.34428874,-0.29981315,-0.60976136,-0.060533375,-0.28348482,0.5519053,0.22222364,-0.07159823
1846,0.15188032,0.048871458,-0.27375707,-0.17137419,-0.25304085,-0.13759339,0.21122763,-0.3491044,-0.19433594,-0.39883888,-0.177813,-0.36986506,-0.025221705,0.22687471,-0.5553123,0.217541,-0.09313214,-0.08056247,-0.09568304,-0.52774096,-0.050533652,0.04063213,-0.38565302,-0.5085678,0.7055878,2.2671943,0.8310516,1.8241247,-0.38075656,0.04615748,-0.35369414,-0.11226532,0.56656134,0.9208635,0.9178412,0.4047395,0.54055023,-0.82861996,-0.25851032,0.1863954
1847,0.34137976,0.44978878,-0.06952232,0.19436866,0.1593962,0.613269,0.3933838,0.23751345,2.084465,2.1497731,0.97754836,1.1219068,0.997898,0.68418896,-0.036921084,0.49884737,-0.31548607,-0.40074113,-0.0018731356,-0.34030962,-0.26763165,-0.31155002,-0.19057316,0.0038768053,1.593932,1.716012,1.5235344,1.8041962,-0.2666303,0.049681246,0.06402013,0.031534433,1.651634,1.0969822,0.81535363,0.8484216,-0.06860447,-0.18369421,-0.13240337,-0.16023433
1848,-0.69990516,-0.02764699,-0.1280905,0.49259973,-0.12467027,-0.34010506,0.29548037,-0.5373515,-0.55212486,-0.22209662,-0.26860446,0.72920513,-0.14096418,-0.33743075,-0.029116124,0.28802228,0.060228027,-0.9113279,-0.33294263,-0.7687795,0.1197986,0.33844775,0.3616404,-0.35282287,-0.28339794,-0.29195654,-0.22538146,-0.16772652,-0.22444093,-0.2395197,0.056250047,0.33970636,-0.24843699,0.4058207,-0.1299271,-0.252054,0.08227974,0.27625585,-0.30816707,0.11935106
1849,-0.28720868,-0.26388842,-0.3422593,-0.021879554,0.17496735,0.59133685,-0.16072337,0.09486604,-0.18931824,0.96285033,-0.31183785,-0.19005293,0.17092192,-0.24651465,-0.5368531,-0.4021084,0.41128272,-0.40504497,-0.04686206,0.6297129,0.019358844,-0.4596934,0.05632329,0.114689946,-0.46459806,-0.47031224,-0.3683372,-0.51197827,-0.3749846,-0.13054115,0.0035337657,-0.3344398,0.03164953,-0.11335005,-0.6380237,-0.34438288,0.104068846,0.051229082,-0.048069347,1.1146309
1850,0.8158808,0.18038344,1.4116644,0.29039776,-0.16546112,-0.45658666,0.16169047,-0.31073254,0.20943645,0.80976033,0.3623792,0.5065696,3.6795697,1.9328816,2.0901523,2.909041,0.07651475,-0.05077961,-0.06672414,0.10220918,0.85209805,1.2299042,0.71418285,0.5701432,3.7260947,3.3501925,1.4560257,1.7873195,0.14673424,-0.20883274,0.062246054,0.12198186,1.8753912,1.1354012,1.0067855,0.4926775,-0.31134772,-0.12379542,-0.057796597,0.31235737
1851,-0.29152817,0.19289452,-0.20277241,0.5401778,0.011796236,-0.31953162,0.047001123,0.04099736,0.0980773,-0.15347049,0.43437362,0.08613257,-0.21745765,0.13792092,-0.48473483,-0.08208585,-0.10926664,-0.29168248,-0.0075241625,0.48676232,0.41538104,0.09790933,-0.021584898,-0.075624794,-0.14779794,0.2972518,0.744589,0.62806445,0.3722989,0.09797832,0.2453955,0.67380536,0.0066486597,-0.16799563,1.0119771,1.1673346,-0.09610522,0.05988051,0.75297487,0.23915221
1852,0.5345799,0.02777537,0.6551906,-0.02327627,-0.12810591,0.49459314,-0.16559684,-0.09873063,-0.120079905,0.27923667,-0.06884277,0.39486864,-0.052855015,-0.23542021,0.03496553,-0.055186495,-0.0074087977,-0.10885015,-0.11059369,0.05035308,-0.3671441,-0.34880304,0.046970487,0.045513056,0.085089445,-0.48582536,0.10433915,-0.09411471,0.34944323,0.57240087,0.24246788,0.10038464,0.108624645,-0.58325773,-0.31743664,0.23392981,0.25043052,-0.12423057,0.17895898,0.49794102
1853,-1.3524754,-0.10497022,0.21607739,0.13692978,0.055282593,-0.5065278,0.16106524,-0.28372943,-0.27334476,0.16982105,-0.1477052,-0.0027073398,-0.15148982,0.26222035,-0.43287697,-0.29712635,3.814959,2.2152698,1.3169072,0.4455095,0.6682836,0.65905523,0.59503156,0.6799717,-0.05026272,-0.19872245,-0.018282114,-0.06655638,2.7232778,1.6643122,0.5679007,0.87119514,-0.24434516,-0.03054066,0.14218654,0.37976626,0.09033951,0.31683767,0.23771614,-0.11159101
1854,-0.37297112,-0.6521934,-0.20214677,-0.13798691,-1.9027171,0.42786252,0.05551967,0.07097286,-0.9221387,-0.8284905,-1.1206051,-0.5471262,0.020717472,-0.3357876,-0.01981616,-0.13917214,-0.9866269,-0.96133226,-0.7383855,-0.096661866,-0.55739725,0.18711302,-0.10319954,-0.14199764,0.32976142,0.5041337,-1.0743529,-0.11029887,-0.39051273,0.20472382,-0.23365101,-0.5909646,0.22465241,-0.45752728,0.28125483,-0.2113629,-0.08922702,-0.15585417,-0.21878685,0.1978772
1855,-0.48312354,-0.2865396,-0.00826171,0.018630415,-0.16821307,-0.4282659,-0.13804704,-1.6525458,-0.37755996,-0.22904599,-0.3491046,-0.2554574,-0.58305657,-0.57443744,-0.43280175,-0.28448296,0.080302835,0.73206145,-0.24706012,0.49344972,-0.79512453,-0.29501662,-0.7034365,-1.2745255,-0.043548167,-1.1081564,-0.13357013,-0.24530017,-0.3102357,-0.39552015,0.06935081,-0.28754008,0.0021711588,0.10091232,-0.29218882,0.2687207,0.52777946,0.86223745,0.17353475,0.22686294
1856,1.223429,1.5416882,1.6877577,0.7404225,0.8617421,0.41140902,0.68115354,0.13432771,1.2179066,1.1897999,1.7965206,2.1527584,3.6692939,2.2663925,2.91501,2.9493735,0.799984,1.0715151,0.70911485,0.4211381,1.9617004,3.0200539,2.1894333,2.0811014,-0.0713979,0.013226166,-0.45607713,-0.072188854,-0.4005187,-0.15458769,-0.18527731,-0.09605187,-0.352875,-0.18539196,-0.1843071,-0.5055396,0.14025837,0.21757412,-0.05840826,0.09657246
1857,-0.5133686,-0.3358938,-0.38775212,0.08328484,-0.0052785873,-0.47441941,0.65363973,-0.17923844,-0.5175867,-0.52343136,-0.2534568,0.6103219,0.4174193,2.0549467,0.07157409,0.044321235,0.18002549,-0.09536064,-0.24822047,-0.22884691,0.64565295,-0.9897466,0.08356768,-1.0289782,0.1251117,-0.20452765,-0.7108823,-0.46866834,0.30199006,0.6212764,1.3428982,0.7529188,0.9868898,1.3109205,0.78163147,0.9848064,-0.39667398,-0.5034992,0.5599304,-0.1817347
1858,0.5959943,-0.3427674,0.142353,-0.009272575,-0.32980964,-0.028911158,-0.1254111,0.025194585,0.35987574,-0.20139296,0.46889436,-0.38720948,0.5781867,0.018268943,0.041805714,0.107190266,-0.6240812,0.2569664,-0.17723373,-0.093414366,-0.577397,-0.08231008,-0.6100855,0.056518197,-0.16801527,-0.014923334,0.56849194,-0.1252358,-0.35365593,0.7815002,-0.49272597,-0.031454086,-0.8769376,-0.036506772,-0.2987936,-0.12359154,0.24963418,0.10175362,0.042830884,0.050455153
1859,-0.1777302,-0.5135523,-0.26289997,0.31280813,-0.45119303,-0.8486587,0.040520538,0.3106344,-0.26805785,-0.10102621,2.2607117,-0.26624444,-0.088906705,0.17213434,-0.034784883,-0.12636185,0.017815411,-0.45218503,-0.5165504,-0.4034876,-0.25108528,0.9596051,-0.31974614,-0.628807,-0.23974966,-0.068170995,0.3751519,-0.19746947,0.047170877,0.5210098,0.49952546,0.6583587,0.08678532,-0.07119745,-0.15841535,-0.14421856,-0.12443185,0.9046867,0.17554766,-0.11510149
1860,-0.41844276,0.2052564,0.26966748,0.52610636,-0.41445702,-0.30388606,-0.311436,-0.5341098,-0.62020314,-0.61235607,-0.014290333,-0.32615203,-0.098172724,0.20045376,0.070221275,-0.22318411,0.108695805,0.7832544,0.45780796,-0.79069287,-0.69389415,-0.075546704,0.2929482,-1.0033237,-0.17462498,0.009826794,-0.42927986,0.041812778,-0.32093328,0.029367983,-0.35237744,-0.20355538,-0.2836246,-0.7021768,-1.2359178,-0.43539244,-0.2860293,-0.10127963,0.21179853,0.4028167
1861,0.7430745,0.41608733,1.359707,0.59971416,-0.027393281,-0.121502936,0.33819598,-0.21051854,0.7718683,1.484066,1.4340224,0.87546396,4.3261914,1.4919014,2.2124321,2.4101906,0.20420438,-0.084329784,0.32916617,-0.3701073,1.2259711,2.5246377,0.7633225,0.69198364,0.72846717,0.20607051,-0.35982674,0.73282814,-0.45444226,-0.5365778,-0.09930425,-0.23409414,-0.39158797,-0.0670318,-0.5773205,-0.4627739,0.098962486,0.27530015,-0.076974235,0.3368723
1862,0.08362919,-0.037878275,-0.20292452,-0.20078531,0.32907146,0.7863579,0.52568495,1.0169756,-0.15299428,0.27242637,0.2996939,0.863058,0.07231513,-0.23421349,-0.2744403,-0.14419551,-0.39744845,0.02326113,-0.51101464,-0.1157338,0.75592196,1.4737467,1.8417417,2.4013736,2.546924,1.6200559,1.1283154,1.5457666,0.20885338,-0.3217658,0.48154223,0.02361967,1.0608358,-0.2968113,0.41792095,0.19441319,-0.36580288,-0.00396955,-0.21580434,-0.007612109
1863,-0.034329712,0.22168118,0.7541944,-0.46252108,0.22429436,-0.2736987,0.5672005,-0.46038386,0.27925766,0.2398991,0.18506429,1.1269455,-0.48604754,0.32769978,0.28937432,0.86896443,1.0327961,-0.08200657,-0.18833259,0.092957675,-0.13126227,0.1308125,0.014716923,0.48369783,-0.0994997,-0.079987824,0.1016171,0.16194211,-0.2530885,0.018178642,0.7133037,0.10564613,-0.009841025,-0.12145287,0.2521608,0.08154607,-0.29015702,0.2556891,0.12275936,0.60351306
1864,0.86076605,0.6079633,2.2925894,0.3452407,-0.093230724,0.24697417,0.14411324,-0.18614605,0.603208,0.52122104,-0.018738836,-0.09854327,0.010211647,-0.26357925,-0.024910942,-0.34914842,-0.48813948,-0.2556834,-0.47148028,-0.953051,-0.16086292,0.82003844,-0.2283979,-0.11736542,3.1474614,2.7853937,3.837092,2.7706559,0.32710868,0.6420586,0.30284148,0.36042395,1.0509026,2.5814464,0.77629155,0.8646816,-0.13343546,-0.0076987147,-0.210197,0.06618154
1865,-0.01104486,0.2209144,-0.18177615,-0.18768668,-0.0044513345,-0.42917264,0.38360426,0.86235553,0.073747605,0.049790442,0.23708726,-0.027610779,-0.20927835,-0.18413049,-0.47986832,-0.46785125,-0.35914582,-0.23589575,0.24527559,-0.27057907,-0.20018893,-0.19370854,-0.16294509,-0.34719476,-0.111570954,-0.52894175,0.07219145,-0.3288064,-0.25804442,0.05368942,-0.28972614,0.19290584,0.15384406,0.17264536,-0.12881571,-0.24348947,-0.1942091,-0.026370466,-0.36473277,-0.11320117
1866,0.5147193,0.24005029,0.8218456,0.21979374,0.124521255,0.2192981,0.0680193,0.22753161,-0.57573134,-0.6598308,-0.5909687,-0.53735006,-0.06399715,-0.20387644,-0.21631345,-0.15455684,0.009956956,-0.024993569,0.2043713,-0.24559982,-0.28938127,0.2257247,0.29972017,-0.29490137,0.28128362,0.23738813,0.13358018,-0.08396798,0.14385092,0.1968415,0.5194058,0.10329285,-0.060472727,0.25254565,0.05921054,0.3483889,0.99790287,-0.17679036,0.30854166,-0.3337257
1867,1.4638202,0.52015245,-0.0936864,0.36806718,1.8049661,1.1338183,0.13503212,0.7333767,0.6143729,-0.36426923,0.71465707,0.4328975,2.4089315,0.48571843,0.20086157,0.4942313,-1.0980237,-0.27172488,-0.44094187,0.24841091,-0.22436696,-0.34087226,0.13320284,-0.8628195,-0.40077737,-0.021327138,-0.16682178,0.1863302,-0.04404083,0.021188632,-0.13494438,0.116359204,-0.14977166,0.15755844,-0.5102426,0.09178652,0.60388386,0.6060407,0.1397091,-0.07894269
1868,-0.19484966,-0.7788678,0.333315,-0.036659595,0.20755842,0.06573817,0.20811892,-0.69773626,-0.8467719,-0.19606026,-0.077657625,-0.26772955,-0.24216014,0.16179954,-0.22707552,0.110098645,0.025426686,0.6383387,0.20075996,0.33061668,-0.355411,-0.33248377,-0.27348435,0.08993572,0.13332069,-0.6068074,-0.61054784,-0.47758326,0.46592999,0.10940467,0.10924666,-0.7880106,-0.27602443,-0.08204666,0.1078501,-0.37808478,0.61301696,0.3905819,-0.20792994,-0.055442035
1869,-0.088713765,-0.52462417,-0.111331165,-0.23799877,1.1530787,0.44121864,0.26741546,0.5096204,0.83445984,0.6220006,0.4018128,0.107217655,-0.26596776,-0.20423174,-0.3752095,0.086993456,0.3303688,-0.57379544,-0.35117105,0.21097663,-0.59615487,0.04953122,-0.15169063,-0.3050297,4.0287657,4.8988023,2.1098623,3.1070662,-0.30943584,-0.6554302,-0.24393548,-0.14565545,1.6863841,1.3478514,0.5612928,0.8244022,-0.073322564,-0.17444739,-0.055254653,0.06488231
1870,-0.15720457,-0.44508243,-0.60480344,-0.34992084,-0.26393783,0.1277703,0.19135475,0.19576675,-0.030913286,0.8232479,-0.31531286,-0.341435,-0.3301262,0.014932305,-0.7003412,-0.2376112,-0.03190291,-0.65962505,0.17648453,-0.49171573,-0.04777187,-0.9635199,-0.11134063,0.08392359,-0.13357067,0.17174545,-0.032055877,-0.014273524,-0.084638,-0.11760469,-0.32009232,-0.15294811,0.59258616,0.29679927,-0.1457906,0.24979663,-0.9616741,0.08245474,0.22228646,-0.24369073
1871,0.029459193,0.2269957,-0.36887053,-0.29314014,0.010609806,0.060564816,-0.5548347,-0.048532635,0.05299467,-0.059023798,0.37633792,-0.026424706,-0.31377697,-0.43186992,0.31384528,0.13335511,2.33729,2.612591,1.5052915,1.2337861,0.3708215,1.7843633,0.24463478,1.4766846,-0.21309729,-0.27828187,-0.07722178,-0.5270594,-0.09137902,-0.063801795,-0.3401716,-0.2474971,-0.042249292,-0.15878028,-0.12956116,-0.5319506,-0.08046794,-0.15024245,-0.4950613,0.06620523
1872,-0.3699441,0.37967902,-0.22452459,0.45716316,-0.25609988,0.16357395,-0.18288913,0.96947324,-0.22011364,0.24747604,0.07619488,0.5058186,0.16308644,-0.32820502,0.87837374,0.21713832,0.23359396,0.025838524,-0.20609769,0.018463105,-0.17030351,0.20361246,0.053160246,-0.07223536,0.24830693,0.30343127,-0.6686483,0.6945438,-0.3222716,-0.23438916,-0.8409208,0.17443758,0.7021016,0.011745453,-0.13076352,-0.08285011,-0.08762128,-0.106796995,0.70128876,0.40215126
1873,-0.3467622,0.29045668,-0.62723416,-0.34305644,-0.56381863,0.16192868,-0.076055914,-0.021618247,0.68402576,0.38309914,0.41032648,0.08934605,0.081100225,-0.38701046,-0.66152847,0.9553051,-0.10901034,-0.6825244,0.09957658,-0.37346548,-0.64622134,-0.14207685,-0.24069059,-0.19222265,0.084623635,-0.49803266,-0.2745559,-0.39653033,-0.11002141,-0.28978103,-0.9432346,-0.6030047,0.00079888105,0.18503016,-0.6351757,-0.2989846,0.14393473,0.081712924,-0.6487324,0.2562523
1874,0.14526632,-0.21782386,-0.15979919,-0.09931517,-0.31588578,-0.15254939,0.31680724,-0.20410156,0.2271379,-0.088498354,-0.32957506,-0.17383999,-0.26811296,-0.257134,0.085210204,0.2601053,0.6421943,-0.038457036,0.5073283,-0.36486682,-0.64014745,-0.30753762,0.02821368,1.1469898,0.44770014,0.27954975,0.06639314,0.27215588,-0.14332289,-0.24405232,-0.37611017,-0.32168666,-0.11625224,0.3670925,-0.000544101,-0.32930788,0.015817106,0.32087135,-0.14097972,-0.30832875
1875,0.23695678,-0.8583969,-0.04160498,0.3458727,-0.27310398,0.33407527,-0.31657976,-1.3302579,0.026018828,-0.44865197,-0.27379474,-0.24886996,0.20036379,0.13639128,-0.15756743,-0.13970879,-0.2478069,0.23323211,-0.37776935,0.4952699,0.97055393,-0.26833805,-0.030076653,-0.07125127,0.030810013,-0.6267576,0.13115901,0.08425681,0.40943733,0.07775045,1.1459107,0.0059039593,0.53275764,-0.79172254,-0.06296736,0.2858051,0.109573156,-0.075057745,0.11732069,0.78203523
1876,-0.14377359,-0.026526123,0.35143617,0.04804918,-0.06957412,0.4387867,0.0334491,0.08955884,0.5795036,-0.29315835,0.25536266,-0.42890528,0.11430907,-0.15548316,-0.46860844,-0.104406536,-0.3443099,-0.15287709,-0.104459286,0.2730182,-0.24791282,-0.3734566,-0.30133793,0.19235185,0.12714261,0.011202574,0.22614998,0.5100434,1.6038617,1.5514144,0.89376634,0.48473302,1.7080524,0.9798335,1.1574417,1.0661877,-0.73723674,0.39538836,0.1451397,0.062006176
1877,0.08888379,-0.27548727,-0.16211106,-0.14355043,0.6095638,-0.19938886,0.9093473,0.1462419,-0.13941123,-0.24445814,0.37056366,2.405082,-0.2471452,-0.2513252,0.25356418,-0.31952995,-0.0938946,-0.12946385,0.14002919,0.031114459,0.42922118,-0.004082203,-0.1009455,-0.21605319,-0.0039321184,-0.29194394,-0.27041376,-0.010347389,0.41330734,0.6052163,0.12043289,-0.17960411,-0.38744074,0.117634654,-0.12080997,-0.1152215,0.12888592,-0.10578084,-0.19549644,-0.4378469
1878,0.22115299,0.28715086,-0.28257704,-0.06403434,0.12881088,0.32155654,0.45558828,-0.29331744,-0.22724694,-0.2787366,-0.044054903,-0.090400994,0.88451654,-0.5993002,0.47866786,-0.2381843,2.2977896,0.6346859,0.67426455,0.4641515,0.50017935,0.61176807,0.22762477,-0.13418072,0.41252083,-0.0915072,0.1483852,-0.3693417,-0.21917261,0.02502659,-0.36700583,-0.10715568,-0.42226002,-0.051140845,-0.32175115,-0.42847893,0.67959535,0.70744526,0.20772475,-0.25255173
1879,-0.19921227,-0.2567202,-0.29188484,-0.25615197,-0.08742499,-0.8654889,0.492778,0.18351465,-0.019013882,-0.23792033,-0.23426281,-0.6794531,0.004201293,-0.41596574,0.033694863,-0.19532049,0.0503487,1.1897037,-0.24905398,0.1645835,-0.1583173,0.3350653,0.16017354,0.4286133,-0.21651173,0.17976034,-0.21567026,0.23273818,0.53510535,0.48273176,0.30845362,0.5144284,-0.008318871,-0.35676244,-0.009816527,-0.49467516,-0.259014,0.47211337,0.08841351,0.59222233
1880,0.05577427,-0.23724519,-0.05483681,0.025329396,-0.28264165,0.020394087,-0.15965475,-0.45554626,-0.35105497,-0.45518327,-0.23258144,-0.28850704,0.06380284,0.43172508,-0.048318483,-0.11331506,0.14642346,-0.6712896,-0.37368757,0.41804814,-0.27939588,0.034668908,0.011624992,-0.4245367,1.3145113,1.6010473,1.521427,2.793769,-0.29781994,-0.25848812,0.5278243,0.0090282075,1.3937174,0.47029546,1.223037,0.91187143,-0.47400302,-0.107642055,0.006741181,0.052063286
1881,-0.23486221,0.25067317,-0.2110483,-0.19631386,-0.2266525,-0.8247672,-0.26326084,-0.12302149,-0.10469067,-0.2844298,0.10190858,-0.25118795,-0.2351568,0.05875671,0.16921473,-0.18591279,0.02042234,-0.75596493,-0.33921123,-0.17571479,-0.21900207,0.09155297,0.0655659,-0.14096105,-0.35440055,-0.33170125,0.024680018,-0.27654642,-0.4686202,0.19034147,-0.2747463,0.010490954,-0.3124218,0.0558438,-0.032702565,-0.43722668,0.2555805,-0.09867394,0.2659393,-0.013074607
1882,0.07486684,-0.027888238,-0.102166414,-0.72162974,0.08554423,0.052385837,-0.092654526,0.06445935,-0.07686949,0.1583961,-0.21710294,0.028824091,0.6814167,0.3436968,0.35960698,0.42069995,1.267709,0.57988995,1.7333733,0.8772569,-0.12394619,0.9270313,1.251863,1.3684063,-0.27488092,-0.026789546,0.028003097,-0.07211661,0.4914006,0.9091978,0.9563788,0.65863144,0.15390293,0.024604142,0.31341177,0.34893644,-0.26016513,0.06427385,-0.21429038,-0.08979213
1883,-0.17452703,0.16773236,0.020508558,-0.46112335,0.07621323,0.14227822,-0.17116846,-0.36978745,-0.38795698,-0.39719406,-0.10840085,-0.55762744,-0.07371552,-0.27119264,0.43697065,-0.5460393,-0.17311144,-0.23867851,-0.21764109,-0.35169452,0.20796072,-0.4591015,0.20760684,0.023362355,0.7499864,-0.22637302,-0.10143082,0.06029355,1.1440237,2.7064202,1.3063698,0.9988837,2.395077,1.6942081,0.85182226,0.9260318,-0.6417948,-0.0523538,-0.28011367,-0.19076982
1884,-0.17220446,-0.22329402,-0.21067816,-0.55410194,-0.16010994,-0.36278224,0.16895026,0.021375954,-0.091486275,-0.20900169,-0.10718584,-0.1366863,0.092573166,0.020248175,0.07373598,0.14069617,2.0413806,1.2659149,0.8816887,1.0596576,1.0909477,2.1083243,2.0440738,1.7037568,-0.53178704,0.12755448,-0.38869274,-0.08706618,0.23681027,0.1987153,0.12032965,0.28058612,-0.34336364,-0.021089673,0.088267684,-0.022479713,-0.10044068,-0.20630658,-0.18298864,-0.22679284
1885,0.6056613,-0.17861295,0.1601336,0.3664472,-0.4302163,1.3763893,0.2489147,0.5488218,0.5853069,0.6405347,0.7834154,0.5094572,-0.2634678,-0.47485107,0.089954555,-0.14632362,0.33731532,0.016617388,0.38259327,0.09372632,-0.10192377,0.28472325,-0.12859593,0.3953477,0.1970584,-0.56802744,-0.36576357,-0.25862956,0.22777575,0.48620826,-0.08864316,0.38002497,0.017513484,0.18733925,-0.35507053,-0.12844998,0.210078,-0.12579164,-0.04194379,-0.0732643
1886,0.44427997,-0.4723264,-0.29122514,0.073025435,0.09742355,-0.0767023,-0.63897544,0.24722163,0.63573086,0.2774021,0.36285442,-0.41007674,-0.25764817,-0.2831241,0.06001617,-0.41254374,-0.62152076,0.04677543,0.855611,0.3463875,-0.22639847,-0.18100739,-0.44368267,-0.42948222,-0.404399,-0.12515694,0.00455153,0.751275,-0.6841636,0.5699993,0.592199,0.2981099,0.44688052,0.36326617,-0.61732197,-0.5849261,-0.7422928,0.35211945,0.52891934,-0.031404793
1887,-0.045689046,-0.10124779,-0.053384498,-0.13867387,0.7665458,0.10629076,0.19855198,-0.4418699,0.8657232,0.071697235,0.020068884,-0.05837649,0.33167684,0.21927994,0.61227775,-0.07525393,-0.2370298,0.30179608,0.18570757,0.02986513,-0.09002364,0.26693615,0.005497412,0.1990802,-0.101917624,0.47964326,-0.083202064,-0.15197682,0.32852742,0.049193464,0.7722613,-0.08173372,-0.36008027,-0.08508438,0.18682885,0.10405566,-0.12398669,-0.24933684,0.6805081,0.1843288
1888,0.32386613,-0.37248927,-0.9617922,-0.046042845,0.5051229,0.32669282,-0.33919367,-0.49985677,0.6015158,0.057838857,0.28403732,-0.5445887,0.13222647,-0.15626645,0.37985796,0.121008195,-0.37287295,-0.5185815,-0.7719836,0.18253347,-0.22246051,-0.04781143,0.071166955,0.1869973,-0.14386082,0.38485846,-0.03973236,-0.6908788,0.28814578,0.44713217,-0.0043923855,0.0052919537,0.49347425,-0.25482655,-0.48140877,-0.13325498,-0.5009065,0.002206117,-0.16801095,-0.084950805
1889,-0.090000615,0.28667754,-0.6938994,0.441994,0.05480373,-0.36397636,-0.12829001,0.3503791,-0.15684551,-0.04911016,-0.56789243,-0.50098616,0.09535992,-0.55805814,-0.6053419,-0.39494485,0.047212005,0.24406989,-0.16553795,-0.28406107,0.23976648,0.17783493,-0.120005965,-0.09632987,0.19586964,-0.27039605,0.2010256,-0.21014501,-0.5287039,0.12534687,0.20107335,0.55270094,-0.4077994,0.11446324,-0.13557792,0.050902247,-0.07862581,-0.3898129,0.6370915,0.21139163
1890,0.012894809,0.25487804,0.15406214,0.6778821,-0.11043,0.07852733,-0.030331463,0.073417544,-0.072460294,-0.10079175,0.040241778,0.0073081255,0.18622774,-0.049557865,0.4983216,1.1786859,-0.06566149,0.3701679,0.10907787,-0.27610314,-0.055697203,0.10707033,0.4717344,0.4997251,-0.033009708,0.13523799,1.0079329,0.74835706,-0.030268908,0.38479984,0.52891976,0.12576005,0.046250343,0.5262723,0.68515265,1.3967743,-0.026093394,0.12510335,-0.13206808,-0.33589754
1891,-0.006093979,0.2746922,0.9774882,-0.16560455,-0.0676167,-0.017413259,-0.23707557,-0.34246823,0.025676608,-0.5739017,0.27277005,0.36560145,0.26711595,0.81700915,0.62990206,1.5994825,0.03781557,-0.3965277,-0.33471537,-0.3945427,0.32155752,0.30607298,-0.015291955,0.75345486,2.9129252,3.74991,4.5526514,2.7177157,0.42148262,0.54864913,0.09575106,0.31268013,1.2325103,2.1900573,2.926406,2.8378572,-0.32483345,-0.026626736,-0.27826148,-0.004600525
1892,-0.11365512,-0.4287795,0.049843997,-0.09343058,-0.096960545,0.21675685,0.31861162,0.09689528,0.05692494,-0.12864323,0.059720546,0.120058715,-0.250906,-0.3118043,-0.31952357,-0.03595984,-0.1088177,-0.4669758,-0.18680343,-0.05497375,0.068213046,-0.07697755,-0.36046144,-0.3460195,1.4619042,1.76491,2.3331623,1.8486409,2.5520692,0.8824454,1.0115576,0.7841939,4.457344,3.8851948,3.0537183,2.4888039,-0.788188,-0.17874825,-0.06686944,0.3193153
1893,-0.43037775,-0.13750061,-0.16340035,-0.1665889,0.62197745,0.6715955,1.0344836,0.96275127,0.7681562,0.35195762,0.34664923,1.1540564,-0.7393835,-0.12411845,-0.33623365,-0.05880508,-0.09623116,0.2808677,0.07936269,0.19923986,-0.0040109754,0.52750975,0.13097948,-0.6789073,0.22141558,-1.2996258,0.91015446,0.26790965,-0.08833939,-0.30615968,-0.477233,0.18188475,-0.13995838,-0.0010793768,0.19765773,1.2492665,0.4727818,0.39765686,0.22125097,-0.70486724
1894,0.20486596,0.14042622,-0.6261752,-0.66506475,-0.14436996,-0.079331756,-0.20270064,0.18514991,0.029777557,-0.4018726,-0.24727166,-0.481743,-0.2570302,-0.41372728,-0.28317225,0.7096851,0.28190255,-0.0032346249,-0.055018425,0.068323165,-0.06544453,0.031245202,0.28463113,0.13160682,0.39779484,0.36909217,0.07210857,0.28488052,0.05233884,-0.34549412,0.13666113,-0.19742759,0.10223316,-0.4281054,-0.2598443,-0.21360976,-0.6629863,0.17914535,-0.13597272,-0.042893983
1895,0.5927289,0.47452313,0.83008057,0.1954053,0.9153738,-0.043116607,-0.045575183,0.2240195,1.5661364,0.6025288,1.7649579,0.28009635,2.527097,1.6515288,-0.2387264,0.3258777,3.122938,1.6187544,1.4470944,0.3983357,0.042379856,1.4532325,0.67357874,0.9221918,0.7203735,0.12992248,-0.8500507,-0.18248977,-0.8156783,-0.27675566,-0.39932257,-0.41019908,0.1670621,-0.25074232,-0.1280036,-0.22894287,-0.38713586,0.00092448294,-0.2983864,0.27559498
1896,0.24946344,0.3497755,0.2590325,-0.18186763,0.9786409,0.52212715,0.78891325,0.2655229,0.76656127,0.51637924,0.6864978,0.55429626,1.4158921,1.5184224,0.6114171,1.0683247,1.8496348,1.5756271,0.53631705,0.9028939,1.6497796,1.5660989,1.1403266,1.376173,0.5295758,1.3356934,0.4999752,0.74835694,0.7559906,0.27498984,0.34890544,0.16326946,1.0369666,-0.18937697,0.21287227,0.07616189,-0.06991565,0.1642021,-0.31683564,-0.31863725
1897,0.16291553,0.25298217,0.5569173,0.39285928,0.22242135,0.08518988,0.9028975,0.38003758,0.44809058,-0.11046675,1.1882735,0.5541547,-0.20899206,0.2379775,0.2952776,1.9781938,0.11088675,-0.019449234,-0.40993068,-0.094771415,-0.49047965,0.004558593,-0.17179243,-0.035908516,0.58743966,1.6700463,2.2944477,2.298381,-0.1947527,-0.01744911,2.8379056,0.39699966,0.47099298,1.7065936,1.8339897,1.0293468,0.057047397,0.5125318,0.019691698,-0.26379803
1898,1.2587886,-0.07684347,1.1661379,0.24004456,2.5075283,2.1253548,1.5783008,0.47558355,3.182717,1.2513433,1.1705074,0.6847719,1.8138434,0.5056763,0.5506804,-0.037055433,-0.057243496,-0.20318487,-0.32628304,-0.2218265,0.117844045,0.1892081,-0.06060964,-0.08390677,1.0529541,1.229506,0.8624327,1.1119072,2.4451532,1.2371607,0.8473735,0.5553545,5.0919237,3.1166558,2.7788396,1.468646,0.30975187,-0.24759448,-0.21383387,0.20158559
1899,-0.368883,-0.06197822,0.008041143,-0.057095826,1.2792853,0.9200802,0.10667598,0.5717173,0.4110279,0.13380472,0.09024835,0.45605162,-0.25062752,0.012523651,-0.033601046,-0.11694911,0.3767687,0.00729239,0.087821275,0.20654967,-0.26426807,0.04864864,0.01654619,-0.038458735,0.73405445,0.07220027,0.02796477,0.09667134,0.6627201,0.21613085,0.4180524,0.52298725,0.7647656,0.15278637,0.22726351,0.39404756,-0.19814917,1.4020499,-0.14065823,-0.016688526
1900,1.1092584,2.1297011,2.0307012,1.2710354,0.05708301,0.41676846,0.3798951,-0.26667285,0.9029271,2.3884876,1.8790412,0.9423631,1.081446,2.068992,2.0196095,1.9003272,0.1700871,0.34946567,-0.18642445,0.3718875,0.40111363,1.3543322,1.5750762,0.83872086,3.0638614,5.2553124,3.1114786,2.4382489,0.18569314,0.11461598,-0.042309567,0.4827335,1.4408944,0.5163334,1.9252803,1.0630376,0.185051,0.13083857,-0.17981166,-0.086624384
1901,-0.2998807,-0.19983906,-0.5955969,0.03740114,-0.5548748,-0.33436352,0.28106198,-0.09076327,0.40223303,-0.16530645,-0.06923568,-0.133843,-0.1386869,-0.41276687,-0.45808685,-0.45378566,-0.18460062,0.028823212,-0.17287716,0.22828141,0.0093070865,-0.8088291,-0.427125,0.21640636,0.40855175,-0.2465955,-0.9155409,0.19999132,0.26407653,0.39007926,0.20992142,-0.5141052,-0.1723364,-0.3712054,-0.60501015,-0.1316866,-0.07728571,-0.21821272,-0.09326637,0.26265213
1902,-0.013910711,-0.60378623,0.11345503,-0.26790106,0.16093886,-0.49083036,-1.2766557,0.08537418,-0.19088322,0.083271444,-0.7248833,-0.47871485,0.03252542,-0.09406018,-0.10238883,-0.44237527,-0.17580634,-0.2929327,-0.28276098,-0.29794526,-0.0040599704,-0.32829753,0.4451362,0.17617138,-0.17352498,0.03034927,0.23819809,-0.29165697,0.43814844,0.48368374,-0.7353692,-0.044340968,0.08796781,0.056414425,-0.71802276,-0.942447,-0.44824582,0.18310535,0.12603486,0.000104714185
1903,0.35773128,0.9952751,0.10927069,0.46071494,-0.49282694,-0.7793643,0.5464487,-0.1980308,1.8320916,1.247531,3.0346868,0.25744516,0.91537267,-0.27806094,2.3767488,2.5259426,-0.044543624,0.41076565,-0.113652766,0.467318,0.6694023,0.339397,0.9042318,0.4266103,-0.15568018,-0.27557826,1.1850905,-0.6714194,-0.03714305,-0.10733926,-0.66541743,0.019976825,-0.61851627,-0.30257756,0.2664631,-0.44941747,-0.3336161,0.20897079,0.118798316,0.27208653
1904,-0.12603903,0.37158498,-0.21030639,-0.37106752,-0.23658593,0.9685297,0.4474323,0.48469722,-0.3194664,0.47199684,0.620608,-0.5386457,1.5272386,0.051704407,-0.20942414,0.19709401,0.080133855,-0.22421762,0.8394834,0.4302703,0.2444898,0.056997538,-0.1892879,0.0059360266,0.002028048,0.07243061,-0.044073433,-0.51894474,0.37001753,0.032685816,-0.101207495,-0.22322255,-0.5840631,-0.38373718,-0.16130054,-0.34459138,-0.30917847,0.16518402,0.06072122,-0.05824387
1905,0.53879094,0.09711307,1.2093327,0.14298956,0.38626352,0.38492823,0.49228063,0.14333555,0.98917484,1.1810615,1.665666,0.5166799,0.11859143,0.11756432,-0.09932184,0.40715384,-0.0018985271,0.2042225,0.41131154,0.83858716,-0.5610776,0.18361324,0.22263065,-0.035814255,-0.73280364,0.15076149,0.38605988,0.65990883,-0.016229391,0.02829492,0.22619897,-0.3104818,-0.14395797,0.098718405,-0.37432575,0.42277145,0.0756073,0.19761622,-0.058042318,0.14077362
1906,-0.2521089,-0.8505267,0.22186239,-0.0014269464,-0.34359306,-0.55652666,-0.17171282,0.38556057,-0.17619365,-0.56841135,0.08673334,0.47661415,1.0528877,2.3291962,1.3029691,1.0650966,0.91634,1.6084936,3.141294,2.5928535,1.2617148,4.2054424,2.8322537,2.277165,0.3905246,1.0428226,1.2871927,0.27797744,0.44891956,0.7441028,0.15668193,0.061509863,1.2631049,1.4361489,0.43026218,0.7006005,0.18850495,0.5964921,0.45748818,-0.0074988604
1907,0.18759906,-0.35714972,0.13572958,-0.92035764,0.26220703,-0.4583266,-0.38216597,-0.41187698,0.64353037,-0.03317806,-0.047645688,-0.22720283,0.20676255,0.03332922,-0.22920111,-0.16331851,0.5583872,-0.39846528,0.91844,0.27791423,-0.1685974,-0.009315647,-0.096650645,-0.16320205,-0.2978983,-0.1973842,0.15874946,-0.3326437,0.711856,1.4359465,0.35618445,-0.012895852,-0.20936191,-0.24594337,-0.17341912,0.057056904,-0.4061095,-0.19938484,0.05137229,-0.9706458
1908,0.5126387,-0.67238855,-0.027676001,-0.56735003,0.16711736,0.11178282,-0.2728517,-0.14178273,-0.112713814,0.30213755,0.09154898,-0.2548588,-0.5847471,-0.4588855,-0.32006574,0.022171944,-0.14606369,-0.30137312,-0.04477471,0.5136676,-0.14893475,-0.01821822,-0.18738852,0.093905985,-0.31307405,-0.14462343,0.102041095,0.110278875,-0.27253664,0.665293,-0.07241577,0.3088343,-0.47135556,0.07654154,0.062746234,-0.7275264,-0.2803232,-0.42149216,-0.15167105,-0.18578187
1909,0.65078133,2.3619514,1.2869817,1.2041566,1.7881372,1.4680574,2.045469,1.2550149,4.6692944,2.9560394,4.698123,2.2413688,0.9305247,0.19423494,0.59968007,0.46457535,0.2947741,0.27716085,0.48634547,0.27439332,0.2378802,-0.08749999,0.16449621,0.19827378,0.14819318,-0.2572587,-0.1038633,-0.23691913,0.11028999,0.04198289,0.24043523,-0.39382023,-0.13144018,0.19204779,-0.030157872,0.2263955,0.74347293,1.0481378,0.4228384,0.13901179
1910,-0.026426494,-0.12371044,-0.25329238,0.8309834,-0.33957762,0.351847,0.4311692,0.022937328,-0.5032803,0.015354374,-0.65782523,-0.044397354,-0.99417996,0.22917503,0.11221409,-0.08186333,0.08062953,0.17880678,0.76028335,0.38494882,-0.832082,-0.3694745,-0.44588223,-0.13225521,-0.5287124,-0.5108107,0.11878751,-0.13208795,0.41707003,-0.19626002,-0.37977,0.5634036,-0.0021931026,-1.0291708,-0.615497,-0.74827373,0.018706322,0.41887176,0.47899413,-0.5720974
1911,0.3449434,0.4079419,0.8015483,0.53486806,0.81757015,1.1074336,1.3321277,1.2150732,2.1713297,2.2364855,2.9707854,2.9833448,1.4599016,2.1199284,2.5140111,2.4405627,-0.60608006,-0.16452195,-0.06407109,0.10432345,0.11144251,0.07965213,0.67626524,0.37646008,1.6800615,1.8832905,1.9538395,1.4539412,-0.29747802,-0.29458377,-0.23452404,-0.30779198,-0.15124562,-0.7004501,0.44900367,-0.04658608,-0.05902332,0.19283268,0.1969752,-0.70107317
1912,1.3014953,0.076616645,0.811105,0.52848524,1.2041287,0.6009507,0.0006016493,-0.22843054,1.9250537,1.1624727,0.6406347,0.50456715,1.0703127,0.4918558,0.7550486,0.052077174,3.3888597,3.4057684,1.7283443,1.2496041,0.6980382,1.9379488,1.1434354,0.98035324,0.58242404,0.8983446,0.21535853,0.36651134,0.30491927,0.018614173,-0.42214668,0.08136456,-0.5556145,0.101762235,-0.13937569,-0.5110795,0.23017198,0.07055849,0.10517986,0.074172646
1913,0.02551192,0.14650375,0.16941562,-0.1986238,-0.35847223,-0.30406186,-0.0027744472,-0.2246752,-0.42443135,-0.06434086,-0.114473894,-0.05240011,0.1354397,0.020999968,-0.23652437,-0.45442736,-0.15797296,0.107286274,0.11928059,-0.28559247,0.062128946,0.0068083405,0.29536375,-0.82319987,-0.11423206,-0.14362717,-0.19775629,0.070963934,0.11374688,0.01437065,0.09951991,-0.09129745,-0.27297273,-0.20572582,-0.1743315,1.3954701,-0.33129567,0.09341824,-0.13769732,-0.15408432
1914,-0.14574869,-0.27351904,-0.6072423,-0.5328918,0.2001071,-0.47386262,-1.1601862,-0.2791742,-0.62456465,-0.2278699,-0.42944083,0.07025875,-1.659945,-0.42100576,0.13515788,-0.43275785,-0.1614618,-0.533295,0.23071082,-0.24712914,-0.26340598,-0.18128946,-0.12863044,-0.18861368,1.2191784,0.7857051,1.6640018,0.82907975,-0.43878806,0.1155673,-0.33097067,-0.22846007,0.66139513,0.21844518,0.38031182,-0.36475694,0.3743568,0.21391025,0.15349954,0.13629654
1915,-0.36688647,-0.63509405,-0.39499027,-0.48888433,-0.25399792,-0.15852755,0.41212356,-0.05693102,-0.08905327,-0.54911447,-0.57270396,0.22913969,-0.37910503,0.07619248,-0.6246108,-0.70904803,0.026672736,-0.18886513,-0.21154487,-0.5819547,-0.25266063,-0.4179045,-0.50432414,-0.9929317,0.47387815,0.24953572,0.08174087,0.08512181,0.106578425,0.5786718,-0.015406132,0.47596133,0.29735363,-0.71255267,0.05612454,0.26329595,0.27852345,-0.018630505,0.47979933,0.3557474
1916,-0.12323445,-0.10962376,-0.35863286,0.0821484,-0.21905077,0.80934966,2.0903177,1.0967078,-0.19667977,0.19980848,-0.77814186,-0.21360698,0.07442063,-0.12854958,-0.48816445,-0.42794117,-0.08788526,-0.4111778,-0.3620911,-0.67706513,0.12328279,0.19368365,-0.5297007,-0.2761947,-0.0018464923,0.2609548,0.2049731,-0.07098852,0.35420945,0.23895095,-0.27726665,-0.36792278,0.06905401,0.8101481,0.28912166,-0.2968328,0.212003,0.23243156,0.3903854,0.7216371
1917,-0.40839067,0.0682776,-0.15075661,0.31964397,-0.017682016,-0.03655064,-0.20954032,-0.2649685,0.17825934,-0.121533275,-0.11877462,0.44041318,-0.38096142,-0.0483945,-0.22296222,-0.26520863,0.16023487,-0.12344685,0.205028,0.030888557,-0.08301425,0.12564534,0.3488868,0.74076813,0.40510905,0.06322709,-0.1610417,-0.3260075,0.011537075,0.072761744,0.46124005,-0.6469484,0.055912375,0.10771197,-0.032395303,0.18479583,0.04361686,-0.30615306,-0.12464762,-0.21342462
1918,-0.031329304,-0.12234977,-0.06076026,-0.076297045,1.3266442,0.08898711,0.9364614,0.3462417,0.7577987,0.2649649,0.6252496,0.69546723,0.17005324,-0.064128935,0.2086208,-0.019080997,-0.33176473,0.17948835,-0.052615404,-0.08875078,-0.4017713,-0.23405644,-0.19258907,0.042188585,3.3282123,1.0755196,1.0774807,1.242653,-0.30832386,-0.1668792,-0.19209015,0.16781017,0.29679388,-0.12062535,0.06640151,0.1159628,-0.120900065,0.0692673,0.08751539,-0.14754865
1919,0.02878277,-0.48338634,1.1764736,0.80384517,0.016135514,0.41255796,-0.15719554,-0.17271012,0.2236358,0.026924402,1.8229706,1.4119836,0.192754,-0.1165286,-0.04249744,0.7008795,-0.045877278,0.042960137,-0.47941703,-0.23474503,-0.3366071,-0.090037584,0.10114151,0.34139407,4.5544395,2.5734825,4.5313263,5.0918226,-0.3418287,-0.14008343,0.09800632,-0.19702485,0.20303327,0.13309565,0.79455817,0.30752838,-0.14164159,-0.15686509,-0.06484535,-0.0874175
1920,0.27521944,0.14198261,0.72162116,0.0073105544,-0.45952737,-0.8529474,-1.1848478,-0.8880116,-1.0232579,-0.27398673,-0.47140092,-0.3232509,-0.19437921,0.07954633,-0.31764507,0.08544484,0.30826697,0.82329285,0.4403742,-0.6559422,-0.19833851,0.19764534,0.20275581,0.84911156,-0.7362585,-0.6527866,-1.1786282,-0.96837723,-0.38608634,0.026483476,0.09727621,0.08216136,-0.5847454,-0.383095,-0.7423176,-0.7270045,0.7008716,0.26871443,0.28671667,0.3839715
1921,0.13231498,0.044830978,-0.18400967,0.5147176,-0.41687775,-0.02579719,-0.179968,-0.549567,-0.19012082,0.46025246,0.43639278,0.5990546,0.34430718,0.41012073,-0.24267721,-0.38136756,-0.17862579,-0.37926638,0.121117294,-0.2590028,-0.53993964,-0.094729185,-0.29771197,-0.21258213,-0.02337494,-0.49072558,-0.12563008,-0.49431217,0.56307167,0.409354,0.5341556,0.09980321,-0.5955287,-1.0691514,-0.7000011,-0.23180574,0.0314247,-0.14676785,-0.46262303,0.10766196
1922,0.11609399,0.011779532,0.8064277,-0.1724762,1.2075664,0.40743017,0.011314869,-1.6382583,0.9954953,0.27463618,-0.46154976,0.644295,0.91732603,0.2015233,0.37363133,0.88573754,-0.3368842,-0.114105314,0.63659066,-0.312744,0.04472971,-1.4673826,0.6243374,0.05236166,0.0073502064,-0.05976909,-0.41544753,-0.16030101,-0.2547639,0.1684879,-0.5166454,-0.06573659,-0.08354281,-0.08251375,0.5141752,0.34365326,-0.17234017,0.13577348,0.13883728,-0.35268092
1923,-0.11764307,0.032144487,-0.11509,-0.03981918,-0.39188915,0.122585446,0.1889894,-0.10381079,0.086200535,-0.07416338,-0.14256924,0.16243427,0.05544901,-0.7275933,-0.10304317,-0.339382,0.43973517,0.4522333,-0.29334313,-0.2806012,-0.036472663,1.2057767,-0.31099862,0.8869625,-0.12702054,-0.22317693,-0.38921767,0.013354763,0.031311184,-0.03157401,-0.03891742,-0.1701743,-0.19970262,-0.4870383,0.14875984,-0.3573795,-0.45901722,-0.6751137,0.21254514,-0.3483888
1924,-0.010467023,-0.12689774,2.0512056,0.9627638,-0.18855436,-0.004537672,-0.3752206,0.34045193,0.22779474,0.053459883,0.55549073,0.34378362,-0.37029043,-0.049530447,0.1304786,0.34339333,-0.031360477,-0.35568798,-0.028568849,0.15859792,-0.17977247,0.07622442,0.44140592,0.042953722,0.19973895,0.19806194,0.45518577,0.60155797,-0.1868943,-0.07123363,0.2651463,0.44504282,0.021658689,0.48240277,0.82162756,0.5649725,-0.2767992,0.18085119,0.1251567,0.055150032
1925,-0.37563527,-0.26512465,-0.56316906,-0.18118829,0.54638124,0.4010026,-0.2727219,0.5525391,-0.15927273,-0.11897047,-0.48167792,-0.60807544,-0.44396263,-0.1893948,-0.34685093,-0.5574447,0.10291231,-0.18506953,-0.49059433,-0.46222305,-0.03640896,-0.33224478,-0.16676873,0.050657406,2.2899957,5.0351152,2.878339,2.9242132,-0.09130567,-0.44141892,-0.19200844,-0.23594934,2.2731595,1.7575507,1.7601097,0.72060955,-0.35182738,-0.379459,-0.10991195,0.11010623
1926,0.9650049,1.0719976,1.1153774,1.0074658,-0.21864092,-0.40838394,0.29101187,0.1845119,-0.44296983,-0.16185722,0.1521529,0.27936935,4.12132,3.2192705,1.32601,1.9612508,-2.3031552,0.08821109,0.2899841,-0.5530941,-0.11603129,0.060831964,0.27765405,-0.007216744,0.43556976,0.023437172,-0.8638507,-0.77661073,-0.29202917,-0.3992708,-0.2932704,-0.25149924,-0.32954565,-0.052736342,-0.41688156,-0.6825646,0.06975371,0.30948976,0.18619557,-0.10258934
1927,0.25622854,-0.12889357,-0.151663,-0.31533003,-0.29620337,-0.18794413,0.4554298,-0.06895442,0.045928568,-0.13015321,-0.640111,-0.43784353,-0.0026273131,-0.0044780225,-0.0956468,-0.2051146,-0.15487957,-0.014272273,0.08612177,0.052214622,0.08359021,0.17077306,0.391815,-0.030103505,-0.028652906,-0.47568816,0.24321252,-0.065341145,-0.4498172,0.503088,0.09336786,0.2182532,-0.41040123,0.55427873,-0.27028155,-0.36147803,-0.26316756,-0.055577546,-0.123239666,-0.14720266
1928,-0.79665816,-0.17907566,0.025254615,0.26752403,-0.6334646,0.1867937,-0.3896779,0.047006786,-0.03458354,-0.39650995,0.26613468,0.40480697,0.15389657,-0.23887457,-0.07889258,0.15058896,-0.126041,0.2137419,0.4063751,-0.0912789,-0.0030581355,-0.35784215,-0.30467653,0.19538112,0.078380376,0.02292956,-0.46291718,-0.46707377,-0.1427904,0.09330499,0.2629818,-0.06321851,-0.0591916,-0.33890682,-0.65099245,-0.40793002,-1.2792654,-0.18407024,-0.5302661,0.12713902
1929,0.30488634,0.59918106,0.84219074,0.20755988,0.33878374,0.03490895,0.5198128,0.02081263,0.5373492,0.641692,1.0229431,0.9996036,1.5109088,0.64849967,2.0024047,2.0828412,0.019597411,0.5956156,0.5167194,1.07302,0.9370199,1.3257115,2.6177528,2.8391457,-0.13847446,0.07658714,0.020948172,-0.04057482,-0.014705822,-0.16049618,-0.11129433,-0.0713824,-0.18325752,-0.09194648,-0.096594095,-0.30628777,-0.03759849,0.12300134,0.18703842,-0.17321062
1930,-0.055393457,-0.46063927,-0.05307907,-0.5227546,-0.24523032,-0.115798354,-0.055846076,0.32944566,-0.13854367,-0.18591732,-0.2507664,-0.2917704,-0.055089355,-0.19552258,-0.07669711,-0.35685623,-0.102374196,0.48576307,-0.4702825,0.637734,0.11312461,-0.055949986,0.10068667,0.19724426,0.14771497,0.52303874,0.39660168,0.1410069,0.0101982355,0.13451517,0.24550152,0.39565474,0.07526922,-0.058111966,-0.006334305,0.079708725,0.16054055,-0.4311775,-0.111719996,0.05005473
1931,0.45149755,-0.2476596,-0.018447528,0.034380138,-0.67756116,-0.2877279,0.32356563,0.14968199,-0.13620156,-0.46998933,0.12638007,-0.16312316,0.1532911,-0.36415517,0.22225058,-0.12108719,0.060861215,-0.71445185,-0.276554,0.066188276,-0.40998268,0.14842784,-0.08100897,-0.2149489,-0.6921903,-0.09655517,0.42839292,0.23399603,-0.17981488,0.37224233,0.30249578,-0.11976528,0.76574576,0.15412502,0.33093417,0.14890221,-0.3716771,-0.4896016,0.21749985,0.11495656
1932,0.5013688,0.018286869,0.39335153,0.57971597,0.48759,0.30997878,0.8923149,0.42163235,-0.10750198,0.52943736,0.48708454,0.26940605,-0.24182361,0.7603319,-0.23856288,-0.17476326,0.47554803,0.14016095,0.23137206,-0.25059608,0.17778724,-0.3930974,0.049021035,-0.7637737,-0.15297014,-0.5244929,0.5014764,-0.52623713,-0.38566497,0.39499733,0.550687,-0.5065507,-0.0078113675,0.15292564,-0.25195205,0.87100434,0.63318,0.31248862,0.8468133,-0.79541725
1933,0.8440812,0.27847353,0.4647002,0.15513472,-0.45653546,-0.77943414,-0.09869635,-0.37524804,-0.21382123,-0.44649974,-0.12724757,0.07578035,-0.58092433,-0.8110781,-0.09510639,-0.45422673,-0.03248401,-0.38377625,1.1406063,0.3499008,-0.51073253,-1.023238,-0.6916066,-0.42405048,-0.377105,-0.24841851,-0.27181935,-0.5131945,0.4267406,-0.4808067,-0.7603575,-0.2384998,-0.5033284,-0.40678638,-0.23566562,-0.041157484,0.6508813,0.098920695,1.1039505,0.9396906
1934,-0.12370469,-0.118208975,-0.049909532,-0.56537443,0.057649106,0.007950813,-0.362853,-0.07792176,0.08008841,-0.25674176,0.047585964,-0.19161427,-0.6104415,-0.57546395,-0.323995,-0.15643293,1.6940758,1.5386004,4.3966293,4.335856,-0.04264593,0.44097796,0.35798952,0.71570694,-0.45499226,0.06623745,-0.33736306,-0.3614184,1.2206992,1.1763939,1.8573679,2.4289558,-0.0021888688,0.3221978,0.79502946,0.5083925,0.12551025,-0.109335825,0.07446435,0.073804274
1935,-0.40428787,-0.3316916,-0.6025355,0.023709953,1.2655504,1.21635,1.3980131,1.0702008,1.0699193,2.286692,1.6646988,1.0911907,-0.5000601,-0.8954873,-0.56294763,-0.8730448,-0.25612974,0.024811983,-0.066973865,-0.23690268,-0.36598155,-0.626266,-0.3278317,-0.43945092,2.8190453,3.0456622,3.4400105,3.4268312,-0.17719978,-0.2889292,-0.35956603,0.050703287,1.1030183,1.678973,1.568096,1.8217385,0.30551434,-0.16274127,0.09446925,-0.053921282
1936,0.48267055,-0.2828864,0.082891345,0.05279094,0.30551752,-0.08102155,-0.093651175,0.09077808,-0.059606433,-0.32750437,-0.46353474,-0.24084115,0.1699602,-0.33570564,-0.35239226,-0.6864171,-0.15047668,-0.2725492,-0.46361285,-0.09619093,-0.53553104,0.15828487,-0.5238873,0.35805848,0.01141727,0.0341987,-0.37646902,-0.39159587,0.3314728,1.2529395,1.58725,2.1409295,0.40816838,0.4588708,0.34566852,0.38906756,-0.48908788,-0.5933689,-0.32807645,0.092782974
1937,3.7104185,1.7176276,1.5576468,0.930599,1.5835509,2.1587632,2.4632235,1.809022,3.7243156,4.506149,3.629301,2.7795134,3.5899913,1.7514439,2.1357026,2.4614837,0.044163495,-0.101576835,-0.0362849,0.43493944,1.5582912,0.9501928,0.9307349,0.7809912,1.591022,0.964283,1.0517745,0.58703816,0.08327073,-0.2671911,0.014280856,-0.028847873,0.10978407,-0.00043326616,0.42666686,0.36872151,0.87433,0.3513717,0.6424916,0.09142941
1938,0.5057442,0.53710157,-0.087087214,-0.7601739,0.12803519,0.016404003,0.52420783,0.23248984,1.947139,1.004168,1.466492,0.9568514,0.41747618,-0.081882775,0.19690733,-0.025207669,0.04784721,-0.028710812,-0.6089316,0.22977692,-0.61852026,-0.047928274,-0.09730391,-0.14720273,1.2185364,0.7974689,1.4820796,0.8592639,0.53602433,0.25885653,0.323629,0.13902748,0.8254375,0.23211291,0.3362295,1.0297232,0.19464779,-0.7972938,-0.07272041,0.19588412
1939,0.91322565,0.6356497,0.43358535,0.35985455,3.7106245,1.7517393,2.6042857,1.697597,3.715303,2.5237346,2.3372858,2.5547981,3.2114449,0.23248932,0.90359175,0.89197266,0.90224797,0.62520635,0.733683,0.20837605,0.52311957,0.3389727,0.3046772,0.026761651,0.90474,1.3781546,0.7293474,0.18104321,-0.14727634,0.066602096,0.30544445,-0.06814769,0.6982751,0.17960301,0.53192085,0.09933573,0.88434064,0.11219302,0.30867642,0.6904837
1940,2.016022,1.3961377,1.6667079,1.1016397,-0.07125634,-0.3699059,0.17582,0.0869834,-0.24511342,0.03795743,0.2099222,-0.036791116,4.4327374,2.7687716,3.7976694,2.3564394,0.32765543,-0.3950866,-0.17372446,-0.41098964,2.5534406,1.2747711,1.292395,1.6184376,1.7136351,0.9321518,1.4151735,1.3568707,0.7503175,0.22665766,-0.7453921,-0.062131524,1.530129,0.23368675,0.5756774,0.9370839,0.2612446,-0.040353924,-0.33975047,-0.3096929
1941,-0.25002694,-0.21719936,-0.38163322,-0.25685692,-0.19766402,-0.018293679,-0.54868233,-0.27091938,-0.1395815,-0.25726634,-0.49902076,-0.23943478,-0.071472526,-0.25955114,0.11159432,0.14004824,0.19043767,-0.035304487,0.51590294,0.6549326,0.09586996,0.026896328,0.6052539,0.37265953,-0.28829253,0.77277076,-0.13750237,-0.05757886,-0.09450829,-0.030590862,-0.34205303,-0.19005914,-0.18805295,-0.2028116,-0.43504468,-0.09487954,0.16917455,0.10799736,-0.40982074,0.039345443
1942,-0.070296705,-0.107052915,0.30655837,-0.49140567,0.18046248,-0.6197277,0.12694143,0.5231406,-0.38822305,0.057812214,0.2472207,-0.50678676,-0.22931018,-0.4746772,0.4075495,-0.07170701,0.38447723,0.042980567,0.2435273,0.26561666,0.08420217,-0.07630485,0.24575575,-0.25463438,0.178914,0.06138313,-0.39099336,-0.55320406,0.022847325,0.58278966,-0.23404843,-0.09169288,-0.008271188,-0.29543734,0.21561134,-0.17237774,0.046765506,0.21777995,-0.09482652,0.75515735
1943,-0.1084277,0.25699124,0.0069399476,-0.19994366,-0.005930662,-0.14846,-0.46504298,-1.0092757,0.28865153,0.0880159,-0.22730881,-0.12560496,-0.29690266,0.03885621,0.32724655,0.13131124,-0.0017057657,-0.24878857,-0.046427764,-0.24375284,0.18992615,-0.06020707,-0.06507449,0.11113463,0.31629333,2.4012856,1.8101668,1.0290902,0.13652742,0.117393285,-0.20600635,-0.07132977,-0.15082365,0.4611895,0.4036499,0.38120466,0.0045133233,0.27273238,-0.46390727,0.34523794
1944,-0.3571635,-0.27364415,0.7062001,0.24651533,-0.16961527,0.527262,0.12062154,-0.07449482,0.046136677,-0.5610841,2.3515644,0.47773623,-0.5748396,-0.6612323,-0.20825398,0.23982412,-0.11938918,0.2695414,1.3957515,0.40711647,-0.21300101,0.076719016,0.08965585,0.18413927,-0.3045243,0.5780537,-0.0973304,0.32977983,0.6104063,0.47658938,0.63472843,0.7644412,0.30330813,-0.10603064,1.1076479,-0.22912328,-0.27416503,-0.17189464,0.13049069,-0.06883347
1945,0.12191993,-0.1764276,-0.41433567,-0.10975823,-0.20355439,-0.21763468,0.098007664,-0.21484768,-0.39551026,-0.3813178,-0.15913856,-0.24566022,-0.057569146,0.2576982,-0.3982232,0.33377478,-0.0787338,0.25056016,-0.18151331,-0.5478552,-0.18192971,0.065944314,-0.19120568,-0.51302254,1.0957898,2.1622496,0.59608966,1.7297536,-0.08565986,0.17581964,-0.38099444,-0.19885889,0.7492906,0.9994069,0.7193744,0.4353136,0.4961475,-0.43314004,-0.11683893,0.20241414
1946,0.11256829,0.40132877,0.7438201,0.10665353,-0.85615385,0.050352037,0.66740507,0.10393809,-0.5403695,-0.28790933,0.5672265,-0.47128975,-0.62584877,-0.108157635,0.12383826,0.48412034,1.1200649,1.0424889,1.0621002,0.28958997,0.970533,0.4388587,0.6697526,0.61520904,-0.12468825,-0.45204744,0.31308365,-0.2329264,0.78226304,-0.2178203,0.26903814,0.16684623,-0.33712664,-0.12053427,-0.537223,0.59541595,-0.5547912,0.06993374,-0.83778095,0.054446638
1947,-0.25458544,-0.047295213,-0.3845662,0.018397927,-0.21556324,-0.55066633,0.7864482,-0.39345217,-0.39080182,-0.65517324,-0.52282965,0.02236265,0.0664011,-0.635977,-0.399762,0.23419482,0.124703825,-0.5157818,-0.18344718,-0.17209023,-0.10947794,0.23655301,-0.017386258,-0.071238935,-0.8278972,-0.7464134,-0.2578649,-0.8453715,-0.29453063,0.14129704,0.13678831,0.47613662,-0.65709376,0.09961192,-0.8493911,-0.54550385,-0.14586419,0.092078924,-0.5642829,0.015887693
1948,-0.03900045,0.18628505,-0.2288499,-0.26738656,1.0064579,0.7528517,1.3558717,0.2601679,2.9199367,2.034014,1.3289853,1.6130304,0.2770266,0.11387225,-0.1292553,-0.008583665,-0.113963544,-0.08765823,-0.037351996,-0.41227922,-0.5970179,-0.4706874,0.12707502,0.081074774,4.197538,3.8772347,3.8202963,3.4682155,0.6274717,0.31689227,0.20485869,0.30031377,2.7664988,1.8662566,2.5974581,1.7567458,-0.46985987,-0.26138565,0.14126909,0.07501504
1949,0.11888549,-0.047241926,0.0066821277,-0.3370351,0.048490644,-0.34880048,0.5780738,-0.23180169,-0.5071705,-0.2609253,-0.22062975,-0.17418289,-0.22844571,-0.10118979,0.26130238,0.082607865,0.48210773,0.29820916,-0.07134569,0.52985513,-0.2446664,-0.18334404,0.21517372,-0.6515231,-0.15799004,0.28723633,-0.19545014,0.036105633,-0.27876022,-0.019573689,-0.2908948,-0.2887858,-0.32579714,-0.3509625,-0.6544019,-0.27575096,-0.20895278,0.04825358,0.2570033,0.21715528
1950,0.107165515,0.04712063,-0.5146543,0.55723435,0.04667884,-0.21574533,0.2597986,0.2935285,0.10564226,0.17065525,0.19429362,0.12692577,-0.24812853,0.08497134,-0.7201694,-0.13866973,-0.11207318,-0.2729537,-0.012884527,0.38200375,0.19789982,-0.58979666,-0.27645284,-0.45283103,0.19967186,0.081136346,0.01622212,0.5571298,0.055925608,-0.31905672,0.13806187,0.47431207,-0.08772886,-0.1559657,0.5819725,1.0489482,-0.03513497,0.47428083,0.7637404,0.047685288
1951,0.82995486,0.72755486,2.085339,0.7048672,0.21786785,-0.3434631,0.36606777,-0.06397021,1.0578485,1.3979535,1.0873097,0.91181433,4.0584464,2.6383266,2.8325672,3.487308,-0.2207546,0.13060966,-0.022365168,0.6652417,0.74710876,1.4695214,1.1109179,0.6296771,3.1088464,2.6660001,1.1287639,1.2155756,1.2077446,0.04051715,0.46292883,0.39114594,1.004264,0.9271085,0.8580756,0.26372486,-0.09521544,-0.2095297,0.05141759,-0.029866815
1952,0.04235381,-0.31561902,0.47154903,-0.89410204,-0.2770465,-0.40057194,-0.22944947,-1.232955,0.14370885,-0.71775067,-0.34281918,-0.5243417,-0.70818704,-0.8304703,0.06980002,-0.50578326,0.010346651,0.60116744,-0.578903,0.3267935,-0.39727965,-0.23884772,-0.82863057,-0.5274286,0.23065358,0.033460945,0.04085502,-0.9283292,-0.41334438,0.12793085,-0.14412874,-0.33851793,-0.19208768,0.04909064,-0.5413323,0.23415393,0.11578044,0.014901936,0.09553668,-0.10418005
1953,-0.8657084,-0.5198375,-0.12701052,-0.12344092,0.5843496,0.4986404,0.1484202,0.28005764,-0.53671134,0.16533631,0.2913596,0.21329173,-0.3412876,-0.11361463,-0.19263084,-0.17131865,1.7214205,1.4191345,0.5479943,0.98174083,0.7881631,0.31596997,0.33689743,0.20311373,0.28639984,-0.2937783,0.13567692,-0.11423051,1.5224054,0.9177424,-0.21112363,0.8054848,-0.2549363,0.05221975,0.1463744,0.28146344,-0.23020563,0.494701,0.3558222,0.022178173
1954,0.8913637,1.2989917,1.3939562,0.8657259,0.6814007,0.14919007,0.7843755,0.379631,0.72996163,0.96208155,2.0648074,2.3043485,2.8817437,2.1121879,3.010398,3.2939787,0.90819883,0.8916658,0.644328,0.7093942,2.0347433,2.7235198,2.5340734,2.1772845,-0.14665794,-0.0843263,-0.6404853,-0.20098197,-0.26487988,-0.018260539,-0.2829662,-0.20461124,-0.46911436,-0.19908655,-0.32606438,-0.49322733,-0.051714122,0.24577272,-0.18247312,0.15971027
1955,-0.17248374,-0.6820741,0.08493954,-0.21291384,-0.06000209,-0.45939988,0.22623074,0.4212463,0.0056360066,-0.87352663,-0.024450164,0.2898173,0.3694868,1.853315,-0.27277607,0.0028601438,0.018887132,0.16291285,-0.18154073,0.08500421,0.690853,-0.7907548,-0.25649673,-0.73635787,0.07268417,0.024409682,-0.5495431,-0.512385,-0.3670259,0.27417645,0.43739474,-0.045125246,0.035359994,0.37103522,0.0002168715,0.323191,-0.6479252,-0.68007994,0.7846482,0.04389122
1956,-0.30707765,0.38843518,0.6088126,-0.94923455,-0.6759595,-0.31173488,-0.46052232,-0.3798234,-0.59390265,-0.22521341,-0.21429624,-0.57848763,-0.2649321,0.0065522566,-0.35387108,-0.34371853,0.20082152,0.5943043,-0.23828587,-0.58588266,-0.23503393,0.06843868,0.014196068,-0.18597043,-0.3582121,-0.38528448,-0.64099306,-0.49552986,-0.023691177,-0.063289136,-0.33650005,-0.3795173,-0.3182761,-0.390765,-0.28545898,-0.50316584,-0.08241674,0.19181223,-0.5864052,0.38576365
1957,0.23440188,-0.1600915,0.172165,0.022938848,-0.039526448,0.07903811,0.14899555,-0.19423878,-0.058288604,-0.16695869,0.5016679,-0.6326815,0.2602842,0.10351918,0.007489383,-0.0121173225,0.12776148,0.32872814,-0.4435481,0.09811014,-0.1608422,-0.45570624,-0.38031128,-0.15560785,-0.056687742,0.0028257295,0.68766594,-0.35012436,0.071468115,1.0272915,-0.40237767,-0.020194896,-0.5806081,-0.15413812,-0.4505322,0.012554169,0.53174806,0.08315213,0.18674606,-0.06041515
1958,0.9096748,0.16738932,0.08256824,-0.18280901,-0.087231964,-0.16496933,0.08307055,-0.5751912,0.72896874,0.23902449,1.6204093,0.5376283,1.7162931,1.0064068,1.3750994,1.7840669,0.49132347,0.2586953,0.024818867,0.21356624,1.0694244,1.6639136,0.6737609,0.51847935,0.8190341,0.14367019,-0.07968595,0.050391145,-0.17134249,0.08226216,-0.020392768,-0.32696185,-0.07629225,-0.23627886,-0.21586043,-0.15129162,-0.0031968951,0.3980991,0.5441773,0.10561849
1959,0.46142074,-0.25337613,-0.3710111,-0.2923713,-0.16603059,0.2634685,0.555828,0.04438732,-0.096305564,-0.5380809,-0.8768739,-0.21168944,-0.20233572,-0.58896816,0.30035886,0.3440578,-0.05461657,-0.16026156,-0.4302112,-0.2214273,-0.1628955,-0.08303577,0.30899101,0.32790565,-0.045991957,-0.08458519,-0.24402346,-0.18729402,0.51748776,0.19130316,0.012426075,-0.20404702,-0.14129257,-0.027608484,-0.12683538,-0.11797774,0.13685057,-0.125147,0.24261253,0.38343555
1960,-0.3373488,-0.3397897,-0.35902116,-0.48644462,0.71475154,0.3567481,0.4712948,0.19945955,0.9652612,0.2911414,-0.41779888,0.015069291,-0.43962616,-0.07867265,-0.7534653,-0.59124404,0.13144284,-0.3091451,-0.27525315,-0.04500264,-0.25438014,-0.34863746,-0.36440682,-0.4941805,2.8342257,4.296063,2.267512,3.1624553,-0.26950628,-0.6197436,-0.45325518,-0.37940216,1.2702341,1.3032192,0.42716485,0.506392,-0.038654566,-0.17470522,-0.06444227,0.6953815
1961,0.07219514,0.14720014,-0.8578018,-0.5835296,0.16353345,-0.24256459,0.22144175,-0.038016915,0.19884282,0.69716877,-0.11634648,0.1469551,-0.07596296,0.20157436,-0.0008918047,0.22187123,0.16071528,-0.3049093,0.18441108,-0.111227065,-0.36227253,-1.02863,-0.31394973,0.09506539,0.028374374,0.11148013,-0.32176226,0.07375096,0.098142385,0.18624486,-0.032722265,-0.3375672,0.24011742,0.3264576,0.003607154,-0.0573923,-0.5411829,-0.24076736,-0.5661706,-0.4582535
1962,0.15952879,0.061440043,-0.35050005,-0.28835613,-0.30149332,0.1273948,0.30729648,0.17196414,-0.10955393,-0.20551871,-0.22869354,-0.6386222,-0.12615135,-0.40280825,-0.06230242,0.17602313,-0.033005923,-0.059130132,-0.3293531,0.018640986,0.085787594,0.140367,0.3555184,0.8694879,-0.26862442,-0.13446437,-0.55451596,0.45252728,0.046550572,-0.09538791,-0.2247015,-0.37237683,0.5164775,-0.10036841,0.4546653,-0.006816417,0.017296672,0.5067516,1.1803654,0.20956165
1963,-0.4837713,0.38123026,-1.0534041,-0.370156,-0.79133505,-0.31644523,-0.28646857,0.032116413,0.06788969,-0.46481857,0.16242301,-0.16828042,-0.19837248,-0.46968985,-0.54007053,0.22628786,-0.057784677,-0.88279873,-0.33398107,-0.38450742,-0.49646097,-0.23226216,-0.80509007,-0.67858994,0.009938002,-0.4631933,-0.58024323,-0.29501045,-0.14671597,-0.374754,-1.0704725,-0.55845106,-0.31871486,-0.3743055,-0.37497365,-0.403028,0.011063561,0.5095088,-0.59240425,0.18109602
1964,0.26003826,-0.008025348,0.24252117,0.29620653,0.005025387,0.86315095,0.26800814,0.3011042,-1.0087961,0.11497387,0.030564398,1.0189778,0.2062633,0.033120416,0.2543945,-0.26860029,-0.13951033,-0.38399795,-0.4293413,-0.17559856,0.099776685,0.3098309,0.2971955,-0.20364097,-0.032977372,-0.014426017,0.111920744,0.29991907,0.7512323,-0.15005177,-0.187486,0.29593456,1.0150266,0.7451011,0.24476032,0.061253205,1.1069273,-0.10381922,-0.03498727,-0.46455473
1965,0.11583531,-0.3121188,0.019517757,0.067509905,-0.60325426,0.08551806,-0.48698604,-1.5352827,0.10378188,-0.110020645,-0.36036044,-0.50926536,-0.11728501,0.12012264,-0.16626358,-0.08968064,-0.34280854,-0.07721707,-0.75402194,0.9287383,0.4310049,-0.18853801,0.3211998,-0.31520912,-0.29381526,-0.60967654,-0.023467422,0.7579726,0.60664713,0.10799862,1.3505847,0.20614547,0.34165382,-0.28029668,-0.7085891,-0.061017573,-0.15658018,0.37577355,0.29725784,0.8491473
1966,0.90389174,0.08684936,0.03262502,-0.030370176,0.8789104,-0.03215226,0.056743413,0.3387153,1.4436437,0.57286656,0.113766104,0.16493374,1.8184263,0.31444755,0.19964144,-0.33407497,1.649498,0.25187257,0.15329716,0.06658608,0.8681935,0.15061177,0.06402218,0.07209033,1.7404499,0.8091546,0.07273802,0.16793156,0.3258462,0.26829344,0.07735044,-0.28514317,0.6740632,0.46066713,0.1299267,-0.040189296,-0.3272455,0.15275034,0.4062757,-0.24983212
1967,-0.013531476,-0.37426668,0.07168351,-0.79308796,-0.02238357,-0.49058503,-0.06330049,-0.07477152,-0.5983948,0.082987085,0.36194062,-0.4912143,-0.42458498,-0.56727004,-0.12129921,-0.005923629,-0.099761486,0.8022995,-0.20341066,0.35875246,0.23400632,0.16042385,0.6959232,0.25566575,0.057095587,-0.12890452,-0.15724802,-0.47448176,0.43832603,0.39241046,0.31757495,0.3338386,-0.27514672,-0.30273217,-0.098593295,-1.0071033,-0.173985,0.097099036,0.40304953,0.20014495
1968,0.37870672,-0.087922364,-0.5452366,-0.15815178,0.347604,-0.24052772,0.5674578,-0.29679355,-0.6063095,-0.027733997,0.41971248,1.3571424,0.1289638,-0.073824584,0.099791795,-0.035867214,-0.2208316,0.058133245,-0.21294333,0.036301672,0.059587494,-0.17087698,0.06846285,0.31422967,-0.10154104,-0.1253744,0.09315352,-0.19562683,-0.22976606,0.29008064,0.15954119,0.24832284,-0.21766004,-0.31334835,-0.07270081,-0.25926396,-0.0024698973,0.15628818,-0.20987788,-0.29693222
1969,-0.047004163,-0.217314,-0.026079059,-0.24036628,-0.19041055,-0.58792984,-0.32655254,-0.39485982,0.02599907,-0.45370036,-0.0042946786,-0.44486576,0.10753971,-0.22855103,-0.07126045,0.021992058,0.106221795,-0.657032,-0.2486167,0.21430075,-0.42231885,-0.14483881,0.15479897,-0.20906651,-0.48739707,-0.396561,-0.1903851,-0.32756,-0.12245992,0.1058207,-0.41434908,0.011048138,-0.3675381,0.14198643,-0.2327804,-0.05647862,0.30623594,-0.1494112,-0.12619728,0.015787251
1970,-1.2105606,-0.30222362,-0.002936542,0.14005125,0.10708052,-0.22572774,-0.8112029,0.00090738386,-0.030808926,0.27664924,-0.25697494,0.045008153,0.15347618,-0.159777,0.4845544,0.058247447,-0.32063174,-0.16531539,0.28769782,0.234658,-0.067860305,-0.20806232,0.19290161,0.025346696,-0.6998375,-0.42396426,0.07622741,-0.551024,-0.630404,-0.36814085,-0.107613206,0.2511848,0.22418967,0.11678365,-0.19043557,-0.06568598,-0.38194486,-0.3816787,0.18355666,-0.120313674
1971,0.103429794,0.79667044,-0.39195392,-0.2859894,-0.034157068,0.23084484,-0.09032875,-0.22783202,-0.21414834,0.4360097,0.23700978,0.17307311,-0.5885551,-0.20530565,-0.013742164,0.04509452,0.25598705,-0.36203432,0.56902933,0.3117234,0.4381333,-0.35870832,0.112110205,0.14782014,0.5955931,-0.30262202,-0.39000726,-0.21479668,0.07228299,0.11348211,-0.07804081,-0.024479203,0.53897166,-0.071709804,-0.21335925,-0.17364845,-0.19558442,0.13907911,-0.1317403,-0.24281484
1972,-0.0014489293,0.0887281,0.705188,-0.12037778,-0.11131418,-0.08987065,0.13373953,-0.22869095,-0.004340172,-0.046277016,0.07305923,0.5114547,0.008339047,0.3429556,0.34222132,1.3040848,-0.0010681152,-0.4177463,-0.354169,-0.17464638,0.016954064,0.26186362,0.041231617,0.7570288,0.62072873,1.7559638,4.033158,2.4933727,0.14697325,0.48701948,0.19847056,0.01152052,0.37655067,0.91403115,1.9393039,2.7732005,-0.1615274,-0.116668105,-0.02840209,-0.08096716
1973,0.11696005,-0.26683205,0.28468895,-0.71844316,-0.024760634,-0.010680079,0.32342982,0.0070584267,0.16121137,-0.19274107,0.28001222,0.309586,-0.6354292,-0.3156239,-0.45583478,-0.10206331,-0.20205098,-0.14795822,0.13318306,0.36664027,-0.09547329,0.28014234,0.3553894,-0.38928533,-0.09482527,-1.1386309,-0.14751536,-0.4880066,-0.084428966,-0.28797615,-0.31494278,-0.26975936,-0.043390095,0.024462163,0.021354318,1.178586,0.19453475,0.107980296,-0.17030832,0.5263846
1974,0.65218437,0.24512738,0.56254274,0.01804781,0.6714973,-0.047705255,0.077675186,0.08787507,0.9650405,0.5714662,0.5930447,0.2824943,1.0789887,0.46507752,-0.18842785,0.085216865,1.5349813,1.1219158,1.0150124,0.11454368,-0.5107517,0.52757466,1.0030823,1.0057645,0.33666062,-0.08735722,-0.2987781,-0.18189883,-0.70805097,-0.13400891,-0.09014615,0.012507036,-0.15405484,-0.03381753,-0.2984013,-0.28130016,-0.44215408,-0.18946077,-0.45714355,0.0704063
1975,-0.35306594,0.020838171,0.049258113,-0.16236755,1.5467826,1.046628,0.12036866,0.8224172,0.48938406,0.13665694,0.15003794,0.46322787,-0.41160083,-0.17586213,0.0048454404,-0.078593254,0.031288385,-0.031518817,0.11467704,0.16711304,-0.27286875,-0.06521571,-0.069090426,-0.023856387,0.6667526,0.13884857,0.15305781,0.29768804,0.6358481,0.18467912,0.5985311,0.77613574,0.69372267,0.24108681,0.27901864,0.8531748,-0.37405956,1.7235621,0.011881024,-0.05162832
1976,0.12269145,-0.40217644,0.54776317,-0.31000692,0.32012826,0.40447575,-0.87273383,-0.32172418,0.1887604,-0.46579054,-0.5152079,0.34598428,-0.021977723,0.45226845,0.06118706,0.008101046,0.009466052,-0.109017126,0.08480409,-0.7988683,-0.33127934,-0.414912,0.35074204,0.7153657,0.10562551,-0.16410604,0.15567374,-0.1294542,0.23483533,0.55939674,-0.10126656,-0.23321998,-0.18739218,-0.07282144,-0.49579313,-0.50658786,-0.2829751,-0.24079534,-0.04838705,-0.09232835
1977,0.5654934,1.4428641,1.9138311,1.0750633,0.0080782175,0.63396645,0.53987813,-0.5521548,0.9442343,1.789993,1.5845692,0.8532332,0.6124579,1.5079764,1.3630276,1.6418104,0.441477,0.16844958,0.049153026,0.217399,0.29941148,1.1268709,1.3873041,0.9406914,3.5629508,4.89018,3.1947653,2.5274112,0.682882,0.1805926,0.17097113,0.5522456,1.7868018,0.89809024,2.1164925,1.360757,0.16415009,0.040522516,-0.22321916,0.056177974
1978,0.26499772,0.75858104,0.33153123,-0.30453354,1.3263376,0.7810297,0.5457182,0.5388296,0.702935,0.4699962,0.9578643,0.6182952,1.3446093,1.0581956,0.23699689,1.0845733,1.5107036,1.6599464,0.9997975,1.2354513,1.2008917,1.9841546,1.6092234,2.195219,0.33533883,1.5534081,0.85946286,1.2421167,0.79865956,0.7283156,0.44052663,0.16993326,0.5925194,0.15966511,0.59463435,0.2291441,-0.06954908,-0.28254262,-0.4493042,-0.2441383
1979,-0.2895648,-0.081763744,-0.5022103,0.020624578,-0.12563117,0.24916187,0.48016024,0.08213171,0.3981562,0.12720928,0.005906403,-0.4290928,0.44183168,-0.12043437,-0.12440309,0.188784,0.5182197,0.63738644,0.44123158,-0.016760916,-0.4925658,-0.049665123,0.046613693,0.47943628,0.010279,0.064501524,0.17373419,-0.4272651,-0.03354177,0.2158446,0.09662399,0.5578135,0.098032385,0.017343327,-0.37889594,0.15804082,-0.2826926,0.076993674,-0.15309942,0.032060802
1980,-0.09125256,-0.25033256,-0.06345261,-0.20672905,-0.30195057,-0.41664058,-0.087059125,-0.047330856,-0.34729677,-0.27277303,0.15661614,6.330013e-05,1.6243577,3.4099977,3.304823,2.4342713,-0.5950955,0.9610087,1.8475914,1.401752,1.0996438,2.3364844,1.4116158,2.2162223,0.37841356,0.6351459,0.92720157,0.38954344,0.9518907,-0.06822443,0.3258347,0.4434528,1.1809505,1.8748994,0.75548625,0.696386,0.40113726,0.39089888,-0.05310765,-0.054091096
1981,0.08546305,0.09253496,-0.33637553,-0.40734535,0.113860965,-0.030866593,0.20518471,-0.111246765,0.17378163,-0.23661798,0.19179946,0.101926446,-0.10233891,0.12233466,-0.41741008,-0.24086094,-0.06502718,0.033723243,0.6008449,-0.017449738,-0.2761783,-0.50383675,0.1725907,0.3530964,-0.3344196,-0.22779033,-0.3026374,-0.23492533,0.3712762,0.9145575,0.38646406,-0.04645796,-0.17028187,0.27927342,-0.09369072,-0.033778578,-0.285909,-0.37045068,0.26904577,-1.0592417
1982,-1.2054985,-0.3928487,-0.40506765,-0.10232112,0.2754997,-0.5832275,-1.0546794,-0.52469426,-0.8613157,-0.60768116,-0.8895677,-0.13896517,-0.8506462,-0.6858783,0.4344529,-0.9056709,-0.30970106,0.16718626,-0.22700697,-0.45487016,-0.37286496,-0.107381254,-0.4265198,-0.47168374,1.9931724,0.7224443,2.0523324,0.7094229,0.37872434,0.54465306,-0.4054317,0.35889286,1.005671,-0.10492511,0.6857469,0.5230566,0.48286104,-0.42252338,-0.24369246,0.06881714
1983,0.8029151,0.5540899,0.37959054,1.0111814,0.6516851,1.6453187,0.40352964,0.25978875,4.002264,2.7032573,2.1370556,0.56458855,1.0292277,0.77649623,1.9815705,0.9215741,0.6678876,1.6755084,1.0776769,0.5947689,0.16590959,2.0748763,1.6436774,0.9717901,-0.30262557,0.34245774,0.38354075,0.0060877204,-0.1405662,-0.2670722,-0.25923586,-0.14215615,-0.77969736,-0.3307505,-0.42951417,-0.48323235,0.35486317,0.18762061,0.6064384,-0.21139899
1984,0.1269306,-0.08618206,0.8607331,0.1626715,0.78551877,0.86773944,1.657682,1.1590836,0.88282263,1.4835486,1.9803371,2.412259,0.8067708,1.8688505,2.9795916,2.7998104,0.03804426,-0.14552125,-0.12000139,-0.09657639,0.019632876,-0.11415142,0.46107048,0.55826545,1.6554129,2.040176,2.019784,1.4247987,-0.4326861,-0.4918738,-0.13821742,-0.08624756,-0.13998133,-0.5981029,0.48908478,-0.10425246,0.00684464,0.40241164,0.14625433,-0.81841683
1985,-0.20868886,0.12347233,-0.31694928,0.1535654,-0.009002805,0.56458175,0.29392302,-0.49761474,0.81519145,0.37869766,-0.64475983,0.13736647,-0.13265625,-0.30268562,0.13752393,0.39076373,-0.25372112,0.037959278,0.33891213,0.06443672,-0.4933663,-0.121863395,0.18929465,0.07281828,-0.23854041,-0.121390566,-0.15162627,-0.22704554,0.27398372,-0.23448297,-0.041841727,-0.11487234,-0.11061746,-0.6891442,-0.24031243,0.18318278,0.021488905,0.19626164,0.38560897,-0.12690914
1986,0.1510135,0.5024744,0.17428964,-0.6019827,-1.4723499,0.37101474,0.4173018,0.05303526,-0.127958,0.32537344,-0.04794249,0.23652488,-0.27602553,-0.024423242,0.37798825,-0.6881874,-0.18428802,-0.441527,-0.38086116,0.30895314,0.012498975,-0.17623249,-0.41115183,-0.22136945,0.86716676,0.28958187,1.2032995,0.57776487,0.08544916,0.22375293,0.15569252,0.40554184,0.015132442,-0.12648594,-0.061058816,-0.30778813,0.34083927,-0.51155686,0.08654708,0.13054422
1987,-0.4407803,-0.32934296,-0.5494673,-0.4200174,-0.5301902,-0.06677675,0.045870557,0.00026969612,-0.7488487,-0.47570238,-0.15595484,-0.06963675,-0.45064715,-0.5220207,-0.3729971,-0.25800657,-0.028950706,-0.21450739,0.035449237,-0.3908356,-0.3897948,-0.16492063,-0.56766444,-0.1300232,-1.1038761,-0.73063844,-0.21898046,-0.50500333,0.21119162,0.14481333,0.00741449,-0.695458,-1.5504298,0.274227,-0.34307945,-0.47275144,-0.20185494,-0.1590986,0.18154967,0.51618236
1988,-0.17240407,-0.35225707,-0.02636066,-0.29509377,1.252749,-0.014486849,0.53264606,0.22945695,0.1547159,-0.015807658,0.23722048,-0.046304464,-0.23770499,-0.04878491,0.0050286353,-0.0558632,-0.36248887,-0.23574945,0.23845029,0.04600838,-0.31599003,-0.22237077,-0.2101857,-0.0002438426,3.1858532,0.90289164,0.74932766,0.9614476,-0.38622338,-0.18872085,-0.19417533,0.037541628,0.13181639,0.11474145,0.06507921,0.18342341,-0.30472207,-0.19616327,0.20468819,-0.15734679
1989,-0.2607462,-0.22324404,-0.6415882,-0.7848887,-0.14997381,-0.4739951,0.00300508,0.3905338,-0.34566057,-0.8852491,-0.7686119,-0.255296,-0.6014403,-0.6581142,-0.44199085,-0.0711253,-0.11645532,-0.23677611,-0.52739155,-0.62235355,-0.045265794,-0.34243792,-0.5733181,-0.47545397,-0.6846595,-0.051126875,-0.009231031,0.029951751,-0.56128997,-0.03817889,0.1414923,-0.44116604,-0.1220347,0.3041895,-0.025875792,0.4393118,0.3198743,0.22542551,-0.0010446906,0.3896426
1990,0.22474727,-0.08655664,0.08801446,0.63836646,-0.20182613,-0.07820137,-0.59369844,-0.27241793,-0.04744415,0.28897065,-0.026052892,-0.23917979,-0.30136424,0.17843726,0.058600318,0.39599934,-0.40829352,0.43209222,0.5769439,0.005475737,0.12906037,0.7394158,0.2945013,0.24345697,-0.26498523,0.20938656,0.0821502,-0.13732493,0.2725054,-0.29323113,-0.17091398,-0.84762347,-0.7340845,0.3703083,-0.31346184,-0.56611955,0.6978525,-0.23594165,-0.13221258,-0.15423113
1991,0.068491295,0.38104102,-0.06310985,-0.4990736,-0.43508586,-0.38711876,0.29965568,-0.39355028,-0.2760487,-0.4932469,-1.3279326,-0.33027625,-0.6263663,-0.25684735,-0.64206713,-0.30603784,-0.2058183,0.14369506,-0.06643091,-0.20109484,-0.3284806,-0.3443106,-0.014306337,-0.34507272,0.2205562,-0.17212842,-0.9425225,0.40283933,0.09780991,0.2658484,-0.117561065,0.111736506,-0.52606916,-0.039340645,-0.39044696,-0.70441914,0.07262485,0.14434277,0.023139,0.10350785
1992,0.16840374,0.3448633,0.72376305,0.51002526,0.24000263,0.08119139,0.3995346,0.034654498,0.34859383,0.4093692,0.95978653,1.0106045,0.9092733,0.30836654,1.6487427,2.152058,-0.005297616,0.16053808,0.22145444,0.77193666,0.44699413,0.8458047,2.3227458,3.5521564,-0.055342287,0.02411294,0.060014367,-0.09693963,0.035768554,-0.1922915,-0.009534866,-0.02490887,-0.18443531,0.13585371,-0.18395954,-0.27386358,-0.030136228,0.07109213,0.3119535,-0.25456008
1993,0.61536187,-0.09493759,-0.039013743,0.35139537,0.21595591,0.1739882,0.24809922,0.2263214,-0.3517059,0.62663907,0.06347817,-0.31182468,0.30870342,0.4761836,-0.40993342,0.39069825,0.23221025,0.20826134,0.13194549,-0.122127414,-0.0013421327,0.28919432,-0.0694741,-0.65026534,-0.5966282,-1.0813066,-0.46215054,-1.11958,0.03613895,0.2826108,0.35300022,-0.06953663,-0.40163368,0.08991587,0.21229748,0.6514245,0.18472123,0.61357737,0.5896481,-0.20901966
1994,0.41848427,0.433839,-0.1330556,0.21832126,-0.6871662,-0.5776402,0.30798924,0.09855351,-0.51196516,-0.6413634,0.05119458,-0.3315709,0.4140631,0.21187115,0.115419835,0.11580998,-0.015775755,-0.567012,-0.07936838,0.042313516,-0.33851814,-0.39092025,-0.25782967,-0.23100977,-0.062051177,0.16360795,0.31643572,0.13196123,0.08024976,0.44067988,0.4036718,-0.3050538,0.96413743,0.6217162,0.06321196,0.15147671,-0.8845796,-0.15976104,-0.78519744,-0.21069467
1995,1.0066011,0.17168169,0.37684202,0.024134696,-0.1567725,-0.83271104,-0.2819047,-0.6297254,-0.13016695,-0.28739178,-0.33057585,-0.019135445,-0.62652516,-0.95581317,-0.08675009,-0.18674254,0.10141594,-0.519742,1.1991518,0.2508442,-0.5405585,-1.4333221,-0.5056119,-0.902882,-0.40283608,-0.18232667,0.12917382,-0.6898827,0.32700917,-0.43418032,-0.50389695,-0.3685703,-0.6394835,-0.4393851,-0.49561036,-0.030588508,0.31595027,-0.21561128,0.7194732,1.0578912
1996,-0.3217224,-0.516258,-0.7752509,-0.2106539,0.9702503,1.14356,1.5833548,1.3345184,1.5093133,1.8754175,1.3262695,1.3284975,-0.4706943,-0.7423878,-0.75189126,-1.1661658,-0.3692863,-0.0495373,-0.034870572,-0.07590073,-0.66786397,-0.9793563,-0.7096446,-0.3050321,2.469067,3.2650306,3.3878908,3.817004,-0.11445624,-0.30326766,0.06815463,-0.012496874,0.7940234,1.17147,1.4988141,1.6045054,0.060180128,-0.45116493,-0.036109865,-0.13222751
1997,1.3113647,1.3529164,1.3359747,0.8375466,0.85786307,1.9405293,2.7268877,2.3495905,3.2041411,3.3587537,3.40557,2.1849365,1.7557038,0.9522457,1.6675441,2.52565,-0.40718073,0.2062,-0.20787162,0.6262229,0.7437848,0.30935818,0.7326447,0.21163616,1.7999749,1.1602336,1.42402,0.98646814,-0.34149987,-0.15110582,-0.11257444,0.008963779,0.05491987,0.46085444,0.5680347,0.40431413,0.6137937,0.092549175,0.09750159,-0.18135686
1998,0.26791704,-0.45271924,-0.40070817,-0.3869297,-0.08632392,-0.10673404,-0.107025355,0.05701697,0.13313484,-0.17515919,-0.16944502,-0.07100046,-0.10219365,0.11251527,-0.21057895,0.02317959,0.109344065,0.77134705,-0.7076128,0.19970262,-0.11664742,0.15436038,0.009685755,-0.053279147,0.15633225,0.42378777,0.48573136,0.4835124,-0.15616488,0.03304489,-0.101599455,0.121216804,0.21804985,0.53022003,-0.26830497,0.045417547,0.09051396,0.15027907,0.061513897,0.014620185
1999,1.476032,1.3816701,1.7548885,0.85697424,0.012926519,-0.5818297,0.008415639,0.06633741,0.4602393,-0.10702485,0.016330302,-0.19330238,3.6484363,3.0509677,3.9396524,2.848193,0.31439668,-0.40948778,-0.2460503,-0.53435534,2.216257,1.3346303,0.8047639,2.1917913,1.2978573,0.3109315,1.2339954,0.33733082,0.40569252,0.20508623,-0.62562937,-0.0019714832,1.2304745,-0.03402227,0.36339414,0.68102026,0.19972298,-0.055313855,0.008859009,-0.27257335
2000,0.93618727,-0.22359945,0.28091228,0.6068397,0.46447566,-0.03959179,-0.21855122,0.12989238,0.8147065,0.04059902,0.6845825,0.48636138,0.041975945,0.6169172,-0.19687876,-0.7487291,-0.27041346,0.075077094,-0.3225205,-0.11318576,-0.34901685,-0.14986348,-0.24263747,-0.4634148,0.30458155,0.35513562,0.5375669,0.8497809,0.7858678,-0.51563334,-0.26683205,-0.37974387,-0.07028456,-0.1071987,-0.27346393,-0.35902655,0.25529295,0.00027543306,0.9193078,0.14303957
2001,0.0064526796,-0.28494197,-0.28950018,0.23848736,-0.23478273,0.14888948,-0.23468769,-0.45152044,0.24416324,0.18468873,-0.011176437,-0.25269824,0.21196735,-0.18838029,-0.06272523,0.1112192,-0.13696796,-0.14916554,-0.098614335,0.4333838,0.19066787,0.2677336,0.14439571,0.22429326,-0.086224794,0.4831884,0.27806616,-0.014420748,-0.12741578,0.4179199,0.12416442,-0.6466738,-0.280379,-0.29559457,-0.68629706,-0.14730035,0.40700623,0.18412691,-0.4663304,-0.15869552
2002,0.70817304,-0.15711392,-0.39192435,0.2725087,-0.3484879,-0.04922861,0.22592,-0.4313432,-0.2193296,-0.21798873,-0.08977693,-0.3276606,-0.2660861,-0.18883026,0.020287514,0.23045623,-0.03344214,-0.21676385,-0.025727212,-0.25676614,-0.2427584,0.15455264,0.06981398,-0.24714601,0.6166743,1.6087935,0.59550357,1.3010485,-0.029447317,0.30498832,-0.13698094,0.03667794,0.4173893,0.84067583,0.3036111,0.19058233,0.008218467,-0.5839075,-0.26308382,0.056637973
2003,0.36572006,-0.4484172,0.027217269,0.047130242,0.33922794,-0.069721475,0.36269727,-0.14157695,-0.14180624,0.37777996,-0.23067719,0.31266809,-0.20936942,-0.094424546,0.16503173,0.29387426,0.26619732,0.110935956,0.024738193,0.06473529,-0.8056895,-0.03669341,0.4612683,-0.37967217,0.2395938,0.33215356,0.38805023,0.5061443,-0.7029164,-0.0847584,-0.07409185,-0.19042343,-0.43654937,-0.53057337,-0.574898,-0.028142303,-0.32653078,-0.045843333,-0.028463125,0.4906082
2004,-0.25433844,-0.26839888,0.1739065,-0.45098022,1.2563362,0.9716427,1.2830952,0.50203466,2.1858394,1.0813143,1.048892,1.4723417,-0.13140923,0.2543668,-0.47751954,0.050721288,0.14483958,-0.18227044,-0.15535855,-0.699036,0.041252494,0.10778501,0.54499245,-0.07854502,3.6747,3.7059188,3.838434,3.4370894,0.8087262,0.32939225,0.35875398,0.2851233,2.4873097,1.9770217,2.4918377,2.2700686,-0.32699627,-0.23833147,0.02087894,0.06839776
2005,0.21915323,-0.36737806,-0.55924994,-0.2453531,-0.02460584,-0.20423576,0.09795153,0.105811514,-0.45864344,0.19636086,-0.11564471,-0.013847798,0.101168334,0.8838526,0.07690519,0.23943427,-0.1555117,-0.04873985,-0.6284955,-0.101356775,-0.13793837,-0.78750557,-0.04536435,-0.103456885,0.13047361,-0.08041685,0.09724052,-0.54083085,0.061198473,0.196016,0.2074957,-0.09447988,-0.0129598975,0.24153444,0.18436201,0.48981863,-0.30492777,0.11993489,0.67726487,0.39694056
2006,0.021545768,0.083982706,-0.23357165,-0.3043697,0.07366294,0.18149738,-0.10440509,0.3232346,-0.15424217,0.3222429,-0.03815217,-0.1427838,-0.15145457,-0.14512058,-0.22765942,-0.40089878,0.13071659,-0.6174425,0.48706406,-0.062492132,0.052258432,0.18708897,0.11572814,0.584517,-0.6256026,-0.5847488,-0.20151377,0.5112963,-0.40880576,0.22736675,0.15523699,0.37923312,-0.015526697,-0.41131082,-0.35586742,0.30855963,-0.030411303,-0.15017259,0.2659036,0.4654696
2007,-0.46643984,-0.47323805,-1.2423167,-0.31593737,-0.9479883,-0.2853428,-0.42879963,0.20188469,-0.32543555,-1.1802994,-0.78252727,-0.25769004,-0.4266097,-0.20451105,-0.4863557,-0.5645523,-0.2544632,-0.74599344,-0.39387417,-0.39317122,-0.34100318,-0.16615856,-0.3387398,-0.7299608,-0.0026407242,-0.516577,-0.5633837,-0.28022614,-0.45539314,0.010195166,-0.29989666,-0.45948392,-0.12121707,-0.31543204,-0.37623364,-0.3249907,-0.015742362,0.44375423,0.007225901,0.14258611
2008,-0.09643194,0.13699764,0.59313726,0.123387575,0.22992373,0.9761053,0.19198084,-0.11753096,-1.0565016,-0.12807977,0.4351643,0.82923836,0.034476995,-0.039479427,0.059285402,-0.30793,0.27985477,-0.2608217,-0.4056259,-0.14384031,-0.24043834,0.5052175,0.28016382,-0.043497503,0.05255413,0.2158862,-0.060521424,0.39532977,1.1809679,-0.39715078,0.0070886314,0.42540205,0.3302398,0.8180654,0.0027624369,0.4014611,0.5090323,-0.11973344,0.036293924,-0.28840232
2009,-0.007505536,-0.058159575,0.24187239,-0.48240384,-0.63172024,0.03660667,-0.20373982,-1.0828835,0.10459292,-0.028655991,0.0046031773,-0.46374118,-0.1725291,-0.22725186,-0.21435738,0.25324425,-0.39882767,0.39915547,-0.34002078,0.4281538,0.69851965,-0.4883611,-0.011201084,-0.4492574,-0.6991244,-0.46968937,0.10180405,0.34706485,0.7622106,-0.09336223,1.8786191,0.1370892,0.24910916,-0.4370464,-0.52733874,0.032919765,-0.30152166,0.3999014,-0.40395862,0.5737009
2010,-0.2626648,-0.31378615,-0.069304496,-0.3309856,-0.07903555,-0.4551946,-0.07773203,-0.1507728,0.14068294,-0.59590554,0.16944225,-0.37706268,-0.07962951,-0.020336986,0.2363236,-0.04717377,0.045269907,-0.81371623,0.02772355,-0.14495629,-0.21915092,-0.33749652,0.036887065,-0.2299298,-0.25608164,-0.49770296,-0.19550955,-0.3230218,-0.4053859,0.24272601,-0.503258,-0.071038306,-0.61730087,-0.33542588,-0.052060723,-0.07783204,0.0882588,-0.050750136,0.14374238,-0.39183336
2011,-1.1427778,-0.054674387,0.025795683,-0.011921525,0.09143722,0.19919345,-0.83067024,0.16776976,-0.43912154,0.33831963,-0.3533459,0.44305944,0.09605795,-0.4470153,0.4271139,-0.3243811,-0.29405737,-0.22421609,-0.029474556,0.41211748,-0.22999509,-0.2813763,0.58247864,0.012571067,-0.33786178,-0.12308281,0.15684772,-0.34245718,-0.50190353,-0.68850935,-0.2989452,0.55981153,-0.018409729,0.20335507,-0.18998411,-0.22637093,-0.30340174,-0.16775328,-0.34610188,0.360712
2012,0.25408548,-0.1860387,-0.044885054,0.38031167,0.7505021,0.16059768,0.40675074,0.06082791,-0.15809272,-0.08589792,0.22962715,-0.3832814,-0.098771915,0.24025723,0.13008614,-0.3001926,0.525253,-0.41688186,-0.331418,-0.3755239,-0.30727947,-0.19926018,0.17079403,0.2599551,0.25186858,-0.7586976,0.7653973,-0.05916454,0.25492585,-0.18128666,0.62290406,0.30071437,-0.2844175,-0.003962986,0.25536174,0.22121388,0.6272696,0.01343447,0.4316825,-0.21252781
2013,0.14847928,-0.2327553,-0.39806566,-0.52217454,0.094420224,0.11867404,0.26844433,0.28910586,0.10714656,-0.22398874,0.18980661,0.1887812,-0.43963736,-0.16247445,0.06199418,0.20126665,-0.56302816,-0.013375819,-0.21091524,0.14696597,-0.18354243,-0.03597328,-0.031058073,-0.02376619,-0.2416994,-0.5557253,-0.40636423,-0.83549714,-0.0890528,-0.25779468,0.44697478,-0.18061437,-0.38504988,-0.12518579,-0.5675001,1.1478131,-0.4462379,0.49177468,0.3993372,-0.25708377
2014,0.8789214,0.37173146,0.46850833,0.40273738,0.14623624,0.64832425,-0.23278964,0.18544994,1.0588696,-0.38684386,-0.034993112,0.126092,0.0128570795,0.20810115,-0.1708715,-0.025706291,0.09653962,-0.39085326,0.03464468,-0.2557952,-0.26520777,0.14770517,-0.13553229,-0.378788,1.8293622,2.5074306,1.6948104,0.7261628,0.7403455,1.0027554,0.64437115,0.23843092,0.7050687,1.595942,1.8568268,0.7806424,-0.5385419,-0.4151906,-0.014975131,0.21817651
2015,0.09100506,0.307666,0.89613235,0.45399782,0.33444566,0.6894556,0.6182492,-0.652123,0.5958158,0.80137193,0.6010297,0.07331967,0.17569071,0.4687426,0.5308377,1.0419893,0.48201653,0.20225844,0.32310396,0.29877755,0.37958774,0.8021989,0.7852508,0.6319321,3.07026,4.0133357,2.3208158,1.9836745,1.0389974,0.2879527,0.20850703,0.39470807,1.9456044,1.0316358,1.7923576,1.3910949,-0.0463219,-0.007011056,0.122838706,-0.11907768
2016,-0.017773002,-0.53183496,-0.08976783,-0.028946787,-0.060344934,-0.5458415,-0.23947313,-0.06205593,0.28485543,-0.45808214,-0.5010835,-0.20334181,1.2781861,3.1792545,3.2890904,2.496175,-0.55771416,0.30882955,0.6065308,0.04219538,0.44156408,1.536162,0.47148216,1.0321916,0.41725183,0.16739196,0.33887857,0.048619807,0.4240999,-0.56269455,0.42488158,0.43681225,1.2527286,1.6530232,1.1568301,0.07883322,0.61121774,-0.07737255,0.2024824,0.04304415
2017,0.20668826,-0.015120149,-0.07701695,-0.51166844,0.061620593,0.014558412,0.10173705,-0.39260375,0.35526562,-0.34885496,-0.17969184,-0.1538353,-0.0475592,0.43520784,0.007599041,-0.13844919,-0.34985435,-0.4801541,-0.11015716,0.010753855,0.23094851,-0.009142861,-0.29199526,-0.33287716,0.088861346,-0.07837945,-0.23281059,0.06797546,0.17911363,2.9016736,0.812211,0.3239095,1.9715371,0.60398895,0.76022565,1.2663115,0.44990295,0.39838898,-0.18739808,0.83459735
2018,2.2403283,1.0236384,0.9437049,0.8369719,0.13798252,-0.2691942,-0.19247717,-0.046013445,-0.08304091,0.4421875,0.1863712,0.2876076,5.9786625,2.6013455,2.6754034,2.614483,-0.60594505,-0.04356432,0.009045586,0.07874158,1.6257803,1.8669174,1.0501646,1.718741,-0.66471756,-0.8824129,-0.811373,-0.601599,0.22492069,-0.155408,-0.07281329,-0.06483114,-0.27884856,-0.15768534,0.100815535,-0.29893753,0.5028506,0.12027559,0.27998513,0.4348746
2019,0.4399243,0.83657926,0.9642041,0.56700736,0.14364278,1.7623821,0.7177911,0.43739977,3.6318104,3.2978308,3.230737,1.5435805,0.6637027,0.41911957,2.6544461,2.275024,-0.23692715,0.25199765,-0.06524862,-0.11914876,-0.09119612,1.1899178,1.8449042,1.0941198,-0.47719514,-0.06688541,0.3020383,0.13462251,-0.24896702,-0.76598006,-0.40425086,-0.23184536,-0.8373139,-0.37842616,-0.34641683,-1.0952795,0.43039078,0.04440987,0.06629262,0.14163081
2020,0.27016228,0.11572841,0.52503514,0.53765213,0.8435968,0.629332,1.1291996,1.0408024,0.70649433,0.96478677,1.7203114,2.0139148,0.6436467,1.4107413,2.373389,1.8388637,-0.052175462,-0.0056634992,-0.14001255,-0.22435983,-0.34303427,-0.38596937,0.48071593,0.2848147,1.5336721,1.6165308,1.927475,1.0484809,-0.5531385,-0.5377424,-0.1035068,-0.05951507,0.02952385,-0.44341353,0.13063483,0.09204318,0.03539425,0.41950008,-0.08518107,-0.46506432
2021,-0.5606044,-0.41022542,0.69776,0.11951004,-0.69871163,-0.048516948,-0.30651563,-0.022825345,-0.20737985,-0.45924258,-0.24863654,-0.61518365,0.5927405,-0.2397725,0.2593486,-0.3235078,-0.49091876,-0.25833547,0.30107996,0.012838498,0.24081217,0.16454545,0.2531634,-0.15044908,0.92152226,1.3178396,1.39623,0.47079927,0.7991495,0.4576851,-0.16487738,0.37635565,0.88828844,0.34005868,1.5509566,0.49131346,0.2730644,0.14842507,-0.17544067,0.05801791
2022,-0.2949281,-0.24079093,0.043584347,0.36433253,-0.7887249,0.19748247,-0.027862035,-0.33988154,0.17407039,-0.05984746,0.023415558,-0.20365047,-0.41918394,-0.18934351,0.3580848,-0.6575846,-0.32372043,-0.3578844,-0.43588114,0.12618077,0.14832723,-0.03484109,0.17560205,-0.06763542,0.45221823,-0.1981535,0.81646895,-0.21953332,-0.07188851,0.33663803,0.40735567,-0.79939026,-0.569761,-0.35222086,-0.2560401,0.0127877,-0.20353466,0.06494436,0.46109962,0.11647019
2023,0.2590961,0.2886129,0.79439527,-0.0035933536,0.52602977,1.2314916,1.0571774,-0.21719927,1.4292283,0.7515022,1.8832632,1.4521786,2.1689525,2.208392,1.7160418,1.739704,2.4714403,0.9358501,0.75905305,0.53823245,2.7264664,3.3251164,3.0732346,2.8826022,1.3397242,0.87005675,0.59284294,0.5605018,0.19675353,-0.09641451,-0.21917498,0.065567315,0.41746497,-0.1639424,-0.81342465,-0.013686538,0.059708267,0.0495463,-0.23694366,-0.19097659
2024,2.4059222,1.8178933,2.4103296,2.2884667,-0.68169653,-0.6558134,-0.004704714,-0.03769228,-0.13221964,-0.14031899,0.52606446,0.07112439,1.23954,0.8465313,1.9088732,3.3328767,-0.23246646,-0.18918192,-0.27887213,-0.8499365,0.71217716,0.2550223,0.4201945,0.19077675,-0.3032476,-0.24676904,-0.2792825,-0.64952195,-0.36825392,-0.77971023,-0.2441333,-0.07609695,-0.6473968,-0.20417446,-0.2821982,-1.1315185,0.4335692,0.35088164,-0.18621743,0.26667735
2025,0.6784295,0.004303634,0.028297678,0.10923156,-0.5096471,-0.5096545,0.059759885,-0.3926764,-0.50108874,-0.18311867,-0.58201015,-0.7442733,-0.44783294,-0.7851107,-0.14658983,-0.024372756,0.27809337,-0.42183524,0.9433466,-0.012742639,-0.51946646,-1.2291471,0.005839944,-0.17856859,-0.4375589,-0.23199433,0.024629295,-0.58890015,0.15354425,-0.44020283,-0.21578789,-0.26588154,-0.6250663,-0.32861632,-0.8706689,0.045787036,0.12613809,-0.17390177,0.29146475,0.8621614
2026,1.1207914,0.01938422,-0.28520444,0.26371834,0.53074765,-0.49081442,0.10208575,-0.23728006,0.5154168,-0.78514934,0.42129344,-0.32611203,0.36686423,0.24249879,0.043602183,-0.72791934,0.028348215,-0.34284535,-0.3381245,-0.3900202,-0.23202983,0.022782817,0.1982941,-0.45630768,-0.13953182,-0.08356156,0.573942,0.27851525,0.58483565,-0.10748224,0.38568756,-0.0013947189,-0.24568763,-0.5037428,-0.54309094,-0.11904516,-0.055730883,0.16326377,-0.1812205,0.6374531
2027,-0.22484612,-0.09789587,-0.5608641,-0.05392006,0.4797514,1.1007837,0.979879,0.6113819,0.8570032,2.1183817,1.0439243,0.83625287,-0.6492587,-0.66190654,-0.43627313,-1.3830645,-0.55798656,-0.02350974,-0.10087602,-0.1969157,-0.15047807,-0.5454234,0.0125670135,-0.45159733,1.2552046,1.0385251,1.7669498,2.5364459,0.20617098,0.45570543,0.35566053,0.098359734,0.44602585,0.39079332,0.8001222,0.44615746,0.07752406,-0.45709962,0.04366097,-0.18191466
2028,0.16055709,0.1390244,-0.43752575,-0.26306924,-0.34650916,0.0051363036,-0.21138906,0.0022195503,-0.08531168,-0.4430679,-0.77409637,-0.46594083,-0.29986042,0.19906867,0.22536403,0.08925654,-0.11524212,-2.4426062,-0.07887344,0.62763226,-0.014156878,-2.601958,-0.4629981,-0.10088262,-0.19191754,-0.03990376,-0.47772616,0.0014970452,0.15875202,0.17302957,0.19509569,-0.031775355,-0.036359817,0.5044412,-0.38381582,-0.4046054,0.07240802,0.15518385,0.013513587,-0.15395272
2029,0.23813286,0.47632653,0.21945137,0.13622856,-0.069149375,-0.8281042,-0.3406365,0.3571065,0.4976611,-0.43739688,-0.2642876,0.41950598,1.3335812,0.97921276,1.3790765,1.4302937,0.32025206,-0.13724554,0.6039205,-0.7223914,0.5862941,-0.071149826,0.34581268,0.61908597,-0.44184726,-0.17385748,0.39138672,-0.26761946,-0.5353856,0.31337702,-0.24048221,-0.107084334,0.5178168,-0.43596947,0.3136295,0.43704653,-0.0012664497,-0.09129104,-0.13606957,-0.26457655
2030,1.4334966,0.021454778,0.3379677,0.46386388,0.13331598,0.009575337,0.33810896,-0.38183025,-0.03424114,0.4552439,-0.008747458,-0.51797897,0.46350527,-0.61125827,0.19201368,-0.38529003,1.0315307,1.133424,0.40566194,-0.11366423,-0.44378462,-0.14812869,-0.47295386,-0.21594033,0.23520124,-0.09403895,-0.010232095,0.75736237,0.30054575,0.13337035,-0.2102303,0.68082446,-0.26176798,-0.04718849,-0.27535585,0.26383814,0.7083576,1.7619982,0.9802775,0.97876
2031,-0.027364777,-0.25489575,-0.43140373,0.47462678,0.23432386,0.39418623,-0.10644684,0.08463524,2.025394,0.92000103,0.4164152,0.5656785,0.92872024,-0.14106709,-0.26445112,-0.46635932,-0.004241258,-0.39062467,0.21096186,-1.0775287,0.15365106,-0.6644865,0.429965,-0.24768466,2.5678537,1.3391683,0.9436795,1.4087455,0.47086334,0.403901,0.09109801,1.1213216,3.0498965,2.4630823,2.8186464,2.2006664,-0.35425133,-0.005329013,-0.18385127,-0.027584458
2032,0.114344686,0.20434642,0.1567353,-0.34585646,0.33264884,0.25052384,0.11481798,0.28246734,-0.0101109,-0.3467589,-0.16512084,-0.4134787,-0.074025095,-0.13371348,-0.21172488,0.20429927,0.30157426,0.10902655,-0.057096124,-0.033452094,-0.4111908,-0.99636793,0.35308135,-0.12998486,0.33887503,-0.17243811,-0.25190017,0.054606944,-0.13594139,-0.2830664,-0.36518902,-0.1469558,-0.6180684,-0.032039016,-0.78441477,0.060218126,-0.110645786,0.50983703,-0.30167332,0.40641242
2033,-0.085954845,-0.57271403,-0.9682735,-0.19623756,-0.21275431,-0.30805898,0.017441057,0.05844763,-0.34266132,-0.8551663,-0.71433544,-0.5657618,-0.59015065,0.13622212,-0.32803607,-0.2629658,-0.23038042,-0.7073004,-0.5189837,-0.48509032,-0.24961853,-0.2737878,-0.08048391,-0.21353078,-0.060922265,-0.15223157,-0.4114734,-0.29592514,-0.05607471,-0.31493747,0.15493989,0.01563479,-0.2506173,-0.46609235,-0.18092807,-0.047935054,-0.04337366,0.32258725,-0.2974496,-0.00048981607
2034,0.3310223,-0.19353428,0.22656026,0.21161984,0.24425983,0.942435,-0.13825753,0.41816723,-0.6349831,-0.18328947,0.48982355,0.914388,-0.0012233257,-0.17584966,-0.09027909,0.24715793,-0.025882602,-0.24053505,-0.11499426,-0.11212474,-0.0021845102,0.073447526,0.49037552,-0.024645358,-0.10989106,0.5790675,0.2461957,0.69943273,0.9269393,0.40963537,0.31473872,0.6116462,0.51452255,0.80991495,-0.0048862398,0.45236495,0.54873025,-0.12895387,-0.13107383,-0.6546699
2035,-0.110230744,-0.22017421,-0.4622059,-0.28283525,-0.07391949,0.25631595,-0.39388168,-1.0598308,-0.11843906,-0.115025505,-0.15725654,-0.44572312,-0.03084457,0.22689526,-0.15958555,0.07341971,-0.30449808,-0.1797784,-0.62507963,0.34039778,0.7685828,0.28489316,0.33352137,-0.23134962,-0.13200006,-0.011818022,-0.12810129,-0.1618623,-0.18708417,-0.32382026,1.0634733,0.6243986,0.028264195,-0.4355452,-0.49804786,-0.0174613,-0.50261015,0.27522206,-0.14343342,0.57267356
2036,0.20789969,0.29632673,0.46486938,-0.035562873,0.15322536,0.09669066,0.120060325,-0.032221556,1.2482238,0.19153932,1.4008551,-0.11816031,0.71732736,0.39607614,0.36375517,-0.20981893,0.8429824,0.34951788,0.15740925,0.28053433,1.0790275,0.32470483,0.005421698,-0.13075083,0.80263746,0.87810725,0.044903994,0.14118946,-0.16468585,0.29255927,-0.14084136,0.010586366,-0.17694464,-0.082125545,0.11233896,0.04997462,0.12896955,0.43698364,0.56109446,-0.33479303
2037,0.033150792,-0.13492358,-0.27173558,-0.033794045,-0.20290011,0.012059689,-0.24717659,-0.06525563,0.16891968,-0.38019684,0.07451588,-0.59354365,-0.10426897,-0.039963245,-0.045526505,0.3870298,0.20059231,-0.6710732,0.01307261,-0.17271328,-0.5447054,-0.34026337,-0.18829271,-0.029819965,-0.5138558,-0.4414753,-0.0389809,-0.18499106,-0.13822049,0.08532295,-0.32105327,0.14161402,-0.73441374,-0.045480475,-0.54195845,0.12217063,-0.44407678,-0.38744956,0.32549387,-0.29059684
