,2h(-7),2h(-7),2h(-7),ma(-7),ma(-7),ma(-7),2h(-7)+ma(-7),2h(-7)+ma(-7),2h(-7)+ma(-7),1o3ol(-5),1o3ol(-5),1o3ol(-5),2h(-7)+1o3ol(-5),2h(-7)+1o3ol(-5),2h(-7)+1o3ol(-5),ea(-7),ea(-7),ea(-7),eb(-7),eb(-7),eb(-7),ea(-7)+eb(-7),ea(-7)+eb(-7),ea(-7)+eb(-7),ea(-5),ea(-5),ea(-5),eb(-5),eb(-5),eb(-5),ea(-5)+eb(-5),ea(-5)+eb(-5),ea(-5)+eb(-5),PFO,PFO,PFO
0,0.48613548,-0.19321376,0.02475521,0.25183606,0.23466283,0.5390687,0.39896882,-0.2947137,0.77292466,-0.14051288,0.12518716,-0.07878685,0.09937522,-0.36321214,0.33744282,-0.14719006,0.26881737,-0.17546761,-0.22359711,0.122786224,-0.060723305,-0.10529244,-0.11606771,0.3193493,0.19167358,-1.0240877,0.2532094,0.03753221,0.25930834,-0.03331554,0.10923901,-0.16547802,-0.2665701,-0.044821233,-0.3183049,0.09317875
1,-0.46537665,0.14777893,0.1802835,-0.036062777,-0.10407096,0.1093355,-0.011312723,-0.32965776,0.26215568,0.38156438,0.7474415,2.3882282,0.20992118,0.6348945,1.5735928,-0.0440076,-0.11214608,0.19681807,0.21363091,0.0236319,-0.67937934,0.040384293,0.09216863,-0.11727898,-0.014997363,0.17797233,-0.40804422,-0.17521435,-0.2670823,0.058040082,0.03654349,0.04789126,-0.28932795,0.30083638,-0.20731619,0.06389117
2,-0.0831452,-0.09519644,-0.12972537,0.16449869,0.0689701,-0.015638322,0.11503309,0.26802868,0.12675446,-0.27473688,-0.09713037,-0.27717578,-0.102583826,-0.011855334,0.07344064,-0.058095694,-0.24478382,0.21034431,0.0045943856,-0.019926568,0.63143307,0.08757372,-0.036169283,0.19152343,0.06085089,0.09643598,-0.7584634,0.04796338,0.3520651,-0.24462694,0.07326394,-0.24966502,-0.43883246,0.22233206,0.5670741,0.4059769
3,-0.26874706,0.03495979,-0.058579743,-0.18392748,-0.2719295,0.40092838,0.0056506097,-0.3753837,-0.18882859,0.2471821,0.20464966,0.39694256,0.092618585,-0.033566415,0.33652073,-0.34592628,-0.18650532,0.30988473,-0.00049233437,0.21678758,-0.45447338,0.026319563,-0.13690111,-0.1197741,-0.1363442,-0.044097614,-0.37085778,0.017396212,-0.63558203,0.10382646,0.013441712,0.07321274,-0.4221447,0.30761203,-0.0663549,0.039901733
4,0.30537462,0.48657352,0.34796157,-0.024342775,0.003945112,0.57989013,-0.064593494,0.08349967,0.36399037,-0.07442933,-0.038062334,-0.40481526,0.12661254,0.030044734,-0.046526432,-0.06155747,-0.064551294,0.114874065,0.070402265,0.077748775,0.1412847,0.02434051,-0.13004953,0.22249639,0.0680753,0.5789173,0.28126806,-0.11909199,-0.13769913,-0.09767258,-0.06478226,0.30724737,-0.10480082,0.35743254,0.06965691,0.39751327
5,0.12209356,0.1049141,0.23131679,-0.12680876,0.34231818,0.34390992,-0.06074272,-0.1626963,0.5975731,0.014001727,0.037616275,-0.01097755,0.088020444,-0.27393514,0.3996902,-0.18236339,0.25118697,-0.2505985,-0.2371707,-0.026308537,0.7391645,-0.09956169,-0.3469916,-0.5873098,-0.07287377,-0.3436976,-0.368191,-0.048199426,-0.07624368,0.35779083,-0.08462733,0.15960377,0.30544588,0.2597627,-0.21066046,-0.40641558
6,0.65454,0.23514298,-0.25884145,-0.025392532,-0.79971623,0.019455135,-0.039505005,-0.4305172,-0.052059688,0.004441321,-0.17127056,0.007130608,-0.13024175,-0.18562917,-0.40007216,0.4522151,0.71742356,0.4157341,1.7086312,-0.034844905,0.029393539,1.0441427,2.0429306,1.3948324,0.68078566,2.3796785,1.7009318,0.5786432,-0.41370875,0.0046777204,1.5194919,0.15128964,1.7586803,0.22567742,0.14704873,0.2606179
7,-0.2588966,-0.019859195,-0.041324615,-0.15447748,0.10865998,0.12639207,-0.30303198,0.41141036,-0.21745789,-0.00036340952,0.21695593,0.36064708,0.123773575,0.57882756,0.06477815,0.04783237,-0.063081026,0.6247675,0.14264315,-0.101318516,-0.20426834,-0.06620628,-0.038359925,0.12793475,0.29943794,0.022295073,-0.2783693,0.08561844,-0.055356633,-0.030344725,-0.11554021,-0.10403371,-0.009477675,-0.065074384,0.013465181,-0.4802113
8,0.14611876,-0.41911477,-0.17527008,-0.05315596,-0.5733191,-0.10860619,-0.17539376,0.27142245,-0.41430068,-0.0003774166,-0.20179385,-0.35676327,-0.17756456,-0.09662676,0.24192163,-0.20527405,0.2559857,-0.3051344,0.11348355,-0.09446242,0.09536761,-0.105274364,0.28750896,0.47272947,0.3436551,0.2529564,0.9079474,-0.010958552,-0.04052259,-0.044948563,0.48168784,0.05453971,0.71848327,-0.19540091,0.39756906,0.3345586
9,-0.028841972,-0.46499398,-0.26812655,-0.15806133,-0.34837228,-0.06002122,0.29959965,0.25774863,-0.47771883,0.17395312,-0.3075817,1.0818609,0.28471744,-0.30970043,0.15513827,0.37588584,-0.16862255,-0.036467105,0.17614615,-0.2519315,-0.54192597,-0.12969476,0.6437594,0.25908932,-0.384053,0.2603817,0.038511813,0.09661433,1.0625769,-0.064352915,-0.3166623,0.36182934,0.53253615,-0.046467423,0.07847811,0.035407424
10,-0.13405722,-1.8162096,0.25790972,0.0414356,-0.0022220612,-0.4969275,-0.103408754,-0.011747867,-0.53197336,-0.08357835,0.102633536,0.2557001,0.03720366,-0.15542033,-0.16095607,-0.2648737,-0.36621007,0.15960264,0.07618928,-0.523371,-0.3296789,-0.20627505,-0.09221049,-0.5441274,-0.18532048,-0.22512816,-0.15137173,-0.2859218,-0.40588653,-0.4662959,-0.1122812,0.24601933,-0.2538731,-0.2893663,-0.5921693,0.3774284
11,0.35458988,0.11618914,0.09398687,0.1749133,0.04564178,0.34176654,0.2500167,0.035839617,0.46741593,0.058422327,0.26413667,-0.24107921,-0.15170377,-0.20459968,0.028027892,0.18881106,0.5395516,-0.17641938,0.033131957,-0.25942713,0.3815537,-0.22256032,0.032166064,0.16930902,0.34107903,0.067849144,0.46061093,-0.23772073,-0.12169585,0.18973047,-0.08716935,-0.5035184,-0.6071167,-0.14470488,-0.28372836,-0.118567884
12,-0.26238853,-0.21223417,-0.24772447,0.4316958,-0.020181239,-0.39652944,-0.905823,0.13764638,0.04889515,-0.06223297,-0.3818161,0.12278724,0.2439552,-0.5881559,0.30917656,0.09377575,0.36943597,0.7426424,-0.029379085,0.5500804,-0.37289792,-0.038685735,0.18180753,0.23451352,-0.14042038,0.4627029,-0.3816798,-0.25763124,-0.2004929,-0.27681494,0.08770454,-0.73741436,-0.38172233,-0.13637096,-0.13442436,-0.3567156
13,-0.2303389,-0.056911945,0.29757282,-0.21723187,0.31583598,-0.51604366,-0.22831333,-0.15111104,0.074181296,0.20873636,-0.27601504,-0.3695121,-0.14019197,-0.37053534,0.42090574,-0.3902462,0.28185228,0.14942425,-0.35505992,0.19370782,0.3377968,0.23164946,-0.09455569,1.4152541,-0.08633803,-0.7930436,0.04199958,-0.18724969,-0.06401147,-0.17171419,0.1569686,0.27156854,-0.18053897,0.03370413,0.097088695,0.08388519
14,-0.14130831,0.13626382,-0.121345796,-0.0029107332,-0.18296969,-0.27958822,-0.08701694,-0.23902678,0.21869028,0.15506768,0.23236912,0.26652122,0.052706122,-0.58718336,0.22813216,0.04190463,0.18436092,0.42856503,0.050371647,-0.011939883,0.14568543,0.0048122406,0.0583961,-0.35445392,0.10426879,-0.30195326,-0.45589817,-0.46918505,-0.28727242,-0.5248657,-0.038443983,0.6994553,0.18577334,-0.27259552,-0.3355078,0.15341896
15,0.039096057,-0.4462156,-0.68068874,-0.053691387,0.119147,0.017954707,-0.21362355,-0.029627908,0.18360636,0.44423485,0.43034533,0.87150145,0.23051172,-0.014864951,0.2830405,0.50174785,0.028838277,-0.061956882,0.10555166,-0.2752055,-0.24413311,0.19666666,-0.09209329,-0.04890883,0.09476817,-0.28822678,-0.36923587,-0.24787176,-0.1466963,-0.5887151,0.072320044,-0.26508433,0.011767745,0.017896473,-0.16371822,-0.22245461
16,-0.30329007,-0.40165627,0.2299779,0.074988365,-0.09457712,0.0220806,-0.16693604,-0.15765327,0.38099718,0.014963448,0.90720034,0.1627137,-0.060727,0.49353278,-0.048772752,-0.12633991,-0.28357777,-0.041229308,0.15336919,0.2801566,-0.06685513,-0.11031729,0.079028904,0.404862,-0.17532188,-0.17007223,-0.6224927,-0.14590669,1.0665289,0.69859123,-0.258321,0.3425213,-0.08586156,0.5915673,-0.013874197,-0.30385715
17,0.2607166,0.3454201,0.8298124,0.5351455,0.055450577,0.9611002,0.53217274,0.16597465,1.3299596,-0.03118229,0.19807541,0.27828634,0.3564597,0.059271693,1.1236466,0.1799702,-0.028008178,0.5611763,-0.11889207,0.4154439,-0.2564246,0.17064512,-0.15052962,-0.26680154,0.32059732,-0.16640845,0.28495693,0.17617124,0.042434633,0.35428616,0.35415867,0.060475707,-0.48362446,0.10426569,0.11583081,0.37279335
18,-0.2814088,0.38916796,-0.85342735,0.019922405,0.32768154,-0.091246456,-0.29870525,-0.056731343,-0.31297404,0.14268053,-0.420246,-0.5128316,-0.37684864,0.0069749355,0.033045642,-0.04255891,-0.016797662,0.41159976,0.29241803,0.3485793,0.29792282,0.24205017,-0.17404658,0.09493494,0.2648337,0.21217184,-0.03033933,-0.32955313,0.14481777,-0.044475663,0.13494849,0.2507038,-0.4635018,-0.2165424,-0.23089677,-0.299937
19,-0.27328575,0.16588691,-0.39777452,-0.05495757,0.043254465,-0.08400756,-0.07696813,-0.033417717,-0.40793997,0.11487341,-0.17779163,-0.33117205,-0.010107458,-1.9279947,-0.16474527,0.05667925,-0.006533593,0.37743446,-0.007985711,0.24250036,0.15841651,-0.44124973,-0.01587626,0.06885586,-0.29350835,0.2379022,0.059667766,0.08476627,0.14054233,-0.28115517,0.034989893,0.19654295,0.58839405,0.062678576,0.0016198456,-0.75959706
20,-0.015884817,-0.06723142,-0.25836843,-0.15732366,0.08047044,0.43154424,-0.6365806,0.8295213,-0.31171548,0.18822026,0.07975599,1.0481517,0.4967066,-0.029088536,0.9574126,-0.16983205,-0.2370637,0.39754084,-0.22639,-0.2038466,-0.75489986,0.10260123,0.64559996,0.25799358,0.099898934,-0.92191106,-0.28694952,-0.09716126,-0.2143482,-0.35164374,-0.32613903,-0.013958573,-0.5292153,0.7695321,0.18771946,0.100626774
21,-0.63505656,-0.2374231,-0.43413603,-0.89532375,-0.13344705,-0.31529224,-0.7289031,-0.9374478,-0.19715032,0.20455208,-0.11077225,-0.34767926,-0.47516394,-0.74959326,-0.1742849,-0.40748936,0.020080566,0.36596906,-0.5747311,-0.12504458,-0.51824844,-0.10697907,-0.23592621,-0.19925153,-0.30884412,-0.6050284,-0.21934013,-1.0826529,-0.30808878,-0.2710556,-0.14357978,-0.53493696,-0.024426877,-0.387115,-0.67865264,-0.13708478
22,-0.0615502,-0.22359107,0.0437932,0.049230933,-0.0036376268,0.10820407,-0.33391237,-0.21585353,-0.059455037,0.08555144,-0.32260346,-0.01578921,0.20986462,-0.34122586,0.54977775,-0.33974528,0.18611634,-0.18660009,0.063007474,0.14414498,-0.16280043,0.05873531,-0.05564885,-0.4580009,-0.26182503,-0.32822806,-0.26023018,-0.18951303,-0.11263057,0.21496022,-0.00823307,-0.069818705,-0.09316884,-0.09443112,-0.3767591,-0.2973237
23,0.021214183,0.18459338,0.32195368,-0.35329986,0.10412124,-0.007873457,0.36481687,0.15876022,-0.08139035,0.2078028,0.056001514,0.4839555,0.15851063,0.15457541,-0.4739108,0.33145732,-0.30215576,0.3262952,0.1593077,0.16490121,0.20277773,-0.31741673,0.14089637,-0.031707153,0.097233444,0.43101335,0.24720317,-0.20964326,-0.08151837,0.19245559,-0.030724406,-0.11550904,-0.2569247,0.33584082,0.13604611,0.0045839846
24,-0.015006721,-0.4409931,-0.16847453,0.06934585,-0.29698652,0.5011873,-0.26259115,-0.7075584,-0.11812666,-0.07797615,-0.37605867,0.4741217,-0.098258495,-0.10841441,0.14002985,-0.14027156,0.11892551,-0.22968477,0.30638295,0.25517523,-0.16236061,-0.17381333,0.07953805,-0.38562948,0.23985764,-0.24588174,-0.3335152,-0.39975348,-0.23252568,-0.28802815,-0.3312344,0.3152044,-0.2568218,0.18112382,0.010104716,0.09928131
25,0.24795341,0.16748634,-0.15647972,0.003305912,0.5252916,0.1802805,0.004666254,-0.047101855,0.09591679,-0.018629551,-0.1851539,0.0039440393,0.53382427,0.002736628,0.27719432,0.22839203,0.16166343,0.5856509,-0.5558556,0.084561735,0.37266684,-0.176584,-0.2558683,-0.2533095,0.17109075,-0.02310419,-0.041474506,-0.41557145,-0.29569525,-0.17481577,0.08194983,-0.3133499,-0.045168698,0.12910193,0.09776956,-0.18627945
26,-0.16256624,-0.56081975,0.15102065,-0.0036081076,0.07750356,-0.6925874,0.50217944,-0.12165111,0.48916185,-0.21014966,-0.12531671,-0.31603977,0.41128665,0.19119322,-0.3305861,0.29742637,-0.106535375,0.30082417,-0.17184591,-0.43024385,-0.03443259,-0.30639148,-0.22279993,-0.31770074,0.3082392,-0.36862525,0.35966933,-0.18303919,-0.6331509,0.32060778,-0.46784142,0.042575955,0.14194769,-0.00040400028,-0.23865736,-0.319507
27,-0.4780593,-0.27890825,0.35728732,-0.1999385,-0.1327008,-0.4373052,-0.7012335,-0.3307551,0.037686706,0.23535961,-0.76546085,-0.24951506,0.15717465,-0.76267296,0.43306327,0.0843181,0.2530952,-0.013935521,-0.41399968,-0.39419302,0.81680644,0.23097771,0.5549512,-0.54212224,-0.35875982,-0.083085656,-0.55696535,-0.2435551,0.11971301,-0.071184635,-0.13274777,-0.064799905,-1.2147553,0.26208395,0.6611677,-1.0203705
28,0.7822089,1.8061634,2.7885478,0.14919084,0.23693502,0.34012887,0.7776118,2.8411517,3.3440585,-0.08523083,0.29780602,0.12849832,0.18938297,0.2744362,1.2234033,-0.14680243,-0.084253296,0.5845745,0.31218812,-0.08398309,0.1547857,0.04219258,0.2795638,-0.39027226,-0.05034834,-0.08118975,-0.49261722,-0.30829743,-0.010923679,0.05698037,-0.047778726,0.5160526,-0.61445653,-0.09238982,-0.022708725,-0.3596086
29,0.1522052,0.5712824,0.05869589,0.25376692,0.6498193,0.5220967,0.17899829,-0.04241848,0.047358412,0.04593283,0.28900108,0.27012184,0.52451086,-0.35262802,0.6660111,-0.089843765,0.39779004,-0.2890494,-0.09963977,-0.040753007,0.2395649,-0.107382715,-0.24029945,-0.42627764,-0.44551027,0.8440727,-0.114783496,0.16602752,0.15335062,0.085492805,-0.1519412,-1.0728985,-0.44309536,-0.055238664,0.010639846,0.7356605
30,0.37864602,0.27386224,0.89050907,0.015171513,0.1149296,0.14637774,0.38903272,-0.15258378,0.18493128,-0.6988505,0.39742386,-0.34093505,0.06285527,0.2653697,0.31900558,0.020014793,0.013924181,0.22173645,0.3720547,0.64976966,-0.4888123,-0.622046,-0.14789832,-0.84796625,0.4359585,-0.073331565,-0.032524526,-0.61361957,-0.2374444,-0.13783675,-0.085548505,-0.11119118,0.09030014,0.55780214,0.1162456,-0.35030144
31,0.13400018,-0.29298365,0.37961772,1.340652,1.0386416,1.6759801,-0.26006156,0.090290874,0.5729225,0.15398538,0.19838138,-0.36464044,-0.37752587,-0.012153417,-0.3117277,0.022158027,-0.28583312,-0.007482171,-0.25957426,0.27035093,-0.0070741624,0.27577448,-0.109407485,-0.5893432,0.03623414,-0.1560896,-0.22106847,-0.7211032,-0.14480934,-0.13889304,-0.19127214,-0.6410497,-0.34466153,-0.047487855,0.3292518,0.8756739
32,1.5713379,1.7923129,1.8552555,-0.26235387,-0.44576898,0.1770679,0.21628457,1.6628058,1.111089,-0.117506646,-0.5963973,-0.105100766,-0.20386904,1.2198489,2.8070488,0.24178095,0.6615938,0.51156956,0.4916767,0.0011227205,-0.037936687,-0.3025062,-0.11119938,-0.4116451,-0.48265734,1.1340764,0.66441494,0.2099143,-0.26729423,0.13387725,-0.18135588,0.20918833,-0.042750537,-0.01745385,-0.219504,-0.019898832
33,0.10166817,-0.034723774,-0.034870952,-0.0600134,0.1253491,0.11562598,-0.2668043,0.021479547,0.024788663,0.04864365,0.22209296,-0.05834067,-0.17432529,0.027483016,-1.1624901,-0.2694157,-0.5540184,-0.08241495,0.036524475,0.025730312,0.24269865,0.24414629,-0.054832757,0.30822223,0.28528368,0.108959936,0.15710825,-0.20546956,-0.141235,-0.11669539,0.29606494,0.170647,0.01966554,2.4960003,0.13756426,-0.1694779
34,-0.64336,0.10908431,-0.21379352,0.19888678,-0.047385115,-0.3136411,-0.0035504326,-0.443201,-0.1344975,0.58625317,0.24619482,0.7886425,-0.13864157,0.53068924,0.38818496,-0.49725977,0.14391276,-0.069661915,-0.53807664,0.759229,0.728985,-0.028702557,0.25151068,0.33520588,-0.18224591,-0.3209948,-0.018619418,0.55288446,0.6288334,0.23816922,-0.70756674,0.16225639,-0.51220876,-0.13090909,0.5061283,-0.34162578
35,0.26501423,1.8769896,1.3806647,-0.17062932,0.24194604,0.311312,-0.13292736,1.1338509,0.4195018,0.3176072,1.3756804,1.0887265,1.198665,0.15920225,0.37048802,-0.22666657,0.13852187,-0.45620212,-0.24980944,-0.0042152107,-0.24077216,-0.17608944,-0.53458786,0.14365241,-0.19875428,0.117845654,-0.56067514,-0.06615949,0.56610227,0.5318091,-0.46787146,-0.112764776,0.17190257,0.1067332,0.04036898,-0.5071187
36,0.13734698,0.19703856,0.56775707,-0.18753576,0.25626108,0.71730673,0.015063286,-0.023639433,-0.25923914,-0.13115406,0.08504167,-0.27148053,0.44072306,-0.22912079,0.10817252,0.14347464,-0.072105795,0.39896023,-0.013702035,0.20882994,0.06616708,0.33539864,-0.37839937,-0.6406009,0.022006154,-0.17655715,-0.05042091,-0.48567423,-0.09629132,0.13808614,-0.22628409,0.047756284,0.2575662,0.19075933,-0.5916982,0.43438733
37,0.050323963,-0.009605499,-0.4291697,0.1377781,-0.10734818,0.30383897,0.36399364,-0.21934767,-0.03352654,-0.41230154,0.4222316,0.3326893,-0.0063978434,0.1914959,-0.43916282,-0.036554635,0.00794363,-0.14807582,0.03267336,0.12317494,0.4175158,-0.025338888,0.013364598,-0.23395622,-0.4460668,-0.32986635,-0.63928705,-0.16382217,0.08483267,0.34473965,-0.434514,-0.063785434,0.34060085,-0.061950505,0.19792315,0.69151914
38,-0.062065303,-0.2599747,-0.7084789,-0.02994895,-0.48267707,0.02319558,0.116634965,0.28958723,-1.0053788,-0.3404534,0.07051641,-0.055413276,0.06090343,-0.09652805,0.07361507,-0.28533947,-0.05673921,-0.33220163,-0.22936454,-0.06776767,0.5206114,-0.15405509,-0.41386276,-0.010675728,-0.035042435,-0.031120181,0.0659738,0.19595242,0.5187351,0.65153694,0.68178886,0.24832979,-0.40778267,-0.20086685,-0.26833722,-0.3152089
39,0.20243216,0.19615996,0.024342895,-0.42862037,0.22649431,0.30462995,0.4394683,1.0764734,0.44873166,0.1088534,-0.4362264,0.19934368,-0.085422635,0.2962341,0.34358668,-0.3269006,-0.17895934,0.031062335,-0.10795063,0.2518206,0.39563403,-0.03565395,0.66705567,-0.7715775,0.43707544,0.20009062,-0.3577379,-0.39720082,-0.36224696,0.09695947,-0.2811174,0.03320782,0.055523038,-0.48565394,0.045405924,0.005820811
40,0.51975375,1.1698108,0.16402766,-0.20009679,-0.32514417,-0.05308348,-0.003905136,0.609386,-0.30291688,-0.5835655,-0.35281128,-0.062615335,0.2647254,-0.29060513,0.06595135,-0.4439348,-0.16487229,-0.28610784,0.37307733,0.13832325,-0.06810516,-0.37183404,-0.25144064,0.3801396,-0.35964495,-0.63705933,0.32505727,1.4002086,0.34005827,1.3772997,-0.37072146,-0.12356088,0.16168231,0.9202611,1.7498184,0.5740554
41,0.024476878,0.04717148,0.41262448,-0.14136177,0.27179337,-0.5412502,-0.55158615,-0.14243019,-0.04107642,0.14828801,0.8757033,0.38138688,0.0023721457,-0.11442864,0.23336297,0.17073977,0.4869071,0.8173914,-0.3719396,-0.25925124,-0.5077187,-0.2391425,0.30493093,-0.6245642,-0.36228544,-0.3881881,-0.26819527,0.051508427,0.23122059,-0.048923433,-0.3390063,0.14633596,-0.07834995,0.36699045,-0.23536927,-0.09692681
42,-0.12493652,0.17404968,-0.17374551,0.85231405,0.6365508,1.9668851,0.5028126,0.76152337,0.6465765,0.13440508,-0.048293233,0.08232266,0.14686257,-0.108918935,-0.004960537,0.044879198,-0.12922204,-0.4014888,-0.13217527,0.327688,0.21655422,-0.13001198,0.04751885,-0.060717344,-0.076785386,0.27406973,-0.23020804,-0.023661733,-0.04361991,0.55345976,0.004511237,0.09788495,-0.075740576,-0.00316903,0.1555734,0.22463489
43,0.90925336,0.37889016,0.29325795,0.289926,1.5364125,0.9437683,1.7753478,1.0300375,1.9254766,0.05331057,-0.696693,0.069869444,-0.08691706,0.7278818,-0.43905076,-0.05192882,0.7492122,0.3141924,0.024173975,0.5555319,-0.034778416,0.54161334,0.12489961,-0.29439202,0.11245066,-0.08672196,0.71643525,-0.42803353,-0.46826613,0.1920523,-0.20539847,0.54443526,-0.01785934,0.0054810047,0.37853545,-0.12326491
44,0.07589015,-0.4071418,-1.1243365,-0.1826488,-0.37418246,-0.075303435,-0.040931106,-0.2476595,-0.08936584,0.17505537,-0.16075718,-0.23457175,-0.19228286,-0.19888777,0.037796855,0.88561356,0.9738094,1.5405295,-0.0028244257,-0.08822082,0.13749212,0.13693392,0.7043455,1.6341789,1.6479005,2.8253436,3.5370402,2.205723,1.8717927,2.4902534,3.0326865,3.6098795,4.9223256,-0.2577933,0.10806027,0.07065189
45,0.25549847,-0.38257635,0.080501676,0.00709033,-0.19774169,0.03523861,-0.21488237,0.332565,0.044707537,-0.23104894,-0.8035417,-0.292796,-0.2440851,-0.5878293,-0.1601462,-0.10547233,0.2695021,-0.38947242,0.21895802,-0.110987335,-0.07416144,-0.38842666,-0.40791142,-0.077003315,-0.49486557,-0.23806429,-0.16169071,0.23177458,1.6146984,0.20361513,-0.63267475,-0.14559337,-0.5488208,0.5573175,0.6974734,0.25089863
46,-0.5958318,-0.8010953,-0.24478874,-0.16214734,-0.11298022,-0.27904385,-0.17306152,-0.08272481,-0.3580163,-0.1573137,-0.19667846,-0.5659015,0.38118058,0.15379727,-0.45631218,-0.61268556,-0.06254101,-0.3218788,-0.15043283,0.08504623,-0.75616825,-0.19917262,-0.04320848,-0.06180191,-0.375152,-0.46638536,0.32714015,-1.1798661,-0.44221276,-0.01790905,-0.66261566,-0.6722408,-0.50153106,-0.17558086,-0.5255835,-0.7556851
47,-0.12487584,-0.64995944,1.0224155,-0.18379563,-0.01494211,0.06610071,-0.08494115,-0.24122632,0.17922342,-0.03849888,-0.04494515,0.08828488,-0.26158577,-0.07512221,-0.57053035,-0.14883131,0.46270156,0.66463554,-0.088119745,0.18739893,-0.5074451,-0.07050657,-0.14416882,-0.15433274,0.17904091,0.2537242,0.29287252,-0.37771907,0.016204089,-0.42178774,-0.043015182,0.15627992,1.4993072,-0.12220937,-0.3182966,0.23960972
48,-0.008120894,-0.26702648,-0.34839797,-0.14588928,-0.43259346,0.052621126,-0.09256613,-0.029653907,-0.5323092,-0.07439923,-0.20266971,-0.23763904,-0.12838244,-0.21141285,-0.1235078,0.5843425,0.60704255,0.8417123,0.109357655,0.1792605,-0.16510206,0.6472415,0.7557286,1.6379994,1.830433,2.7435322,3.102056,0.72576123,0.71563363,0.94230556,1.5933818,1.6190213,3.0847003,-0.23834163,-0.09370977,0.016390577
49,0.85605484,-0.079577,0.21498954,0.41382486,-0.38948944,0.8407959,1.023437,-0.26963443,0.37447232,-0.07389051,-0.0053350627,-0.12577125,-0.31493455,-0.38574806,-0.5526117,-0.1220054,0.24988398,0.5258559,-0.3325699,0.24771142,0.52213943,0.11125528,-0.3014508,-0.24355903,0.2581222,-0.3107197,0.34723955,-0.4075203,0.024504788,0.2807466,0.21184883,0.269002,0.84425694,-0.068250775,0.33257377,-0.11959177
50,0.70541847,1.3806783,1.4706728,0.08647138,0.19789553,0.011344194,0.42239124,0.8137604,1.3839922,0.12373531,0.55749387,0.1459716,0.17333835,0.27770478,0.81263626,0.0055600405,-0.35570908,0.37584448,0.31844974,0.3751373,0.6922279,0.72512597,0.18090916,-0.7014768,-0.516184,-0.07722683,-0.23258221,-0.07051602,0.030295223,0.15934572,-0.41844094,-0.70524585,-0.41738272,0.14499366,0.16353007,-0.27017266
51,-0.13877913,-0.3327029,-0.5585745,-0.22459507,-0.88495153,-0.078285754,-0.013315946,0.115474045,-0.30470708,-0.07289949,-0.084406525,-0.07680237,0.43479204,-0.09364867,0.09307718,0.74482125,0.73527646,1.3176069,0.13157916,0.025217175,0.03932613,2.7624135,2.02323,2.4993634,4.2076845,3.9302528,4.0006256,0.10309854,0.04277443,0.23520958,3.2717485,3.1368155,2.5687618,-0.7206354,0.04251778,-0.34147924
52,0.4520151,1.8044673,0.522978,-0.027298331,-0.052532062,-0.24937299,0.15190995,0.6194402,0.19852501,0.026256442,0.027376235,-0.6966388,0.065264404,-0.026619613,0.17797458,0.048922718,0.045680612,0.034028918,-0.023875475,-0.16256583,-0.31197688,0.036942303,0.31072834,0.21728131,-0.055797875,0.33125174,0.5527062,0.12878883,0.03620392,0.6799962,0.3869517,0.3798563,0.9193928,-0.09207338,-0.2848239,0.3762281
53,1.0473508,2.2947288,3.2558935,0.32725507,0.68348646,0.18317378,1.2822229,1.4523071,1.9940584,-0.39888167,0.07618517,0.1453476,1.0387993,1.0469756,1.2993823,-0.02467215,0.009588122,0.16908394,-0.0236094,0.39373446,-0.20691097,0.08557224,-0.31464368,-0.081588626,0.031202763,-0.010871068,0.3366813,-0.01774615,0.43564075,0.37518945,0.3710775,0.39355403,0.524325,-0.084917784,0.036495805,0.0641036
54,0.24344303,-0.9676442,0.06999618,-0.13263808,0.33097893,0.14936973,-0.38169315,-0.26871878,-0.15144303,0.050671488,0.0016643703,-0.5303548,-0.11756027,0.2681833,0.48255545,-0.06899196,-0.28765592,0.39730486,0.030656427,0.016600415,-0.054819494,0.111854,-0.21558449,0.2504031,0.3502674,0.8147365,1.551007,-0.015809178,0.3652351,0.2136497,-0.010875747,0.2757328,1.0725552,-0.3754283,0.26132363,0.073743135
55,0.041962624,0.60867107,0.007831708,0.8791212,0.31747988,0.49528036,0.6401939,0.24585235,-0.36023736,-0.26533225,0.047411323,-0.5320296,-0.0098387,-0.13969839,0.24382246,0.45819518,0.5071907,0.21885152,-0.598639,-0.1014812,0.19540218,-0.22811896,-0.32425246,-0.2496068,0.1763953,-0.15148994,-0.12480521,0.6133012,0.29019704,0.43694443,0.5354937,0.30495566,-0.039212048,0.09093952,0.26822352,-0.46130896
56,0.1605377,-0.5444716,-0.46953487,-0.04542035,-0.51030034,-0.15210177,-0.34989426,-0.18883926,-0.3232274,-0.55515677,-0.1580711,-0.08578962,-0.4236618,-0.29203552,-0.17761493,0.30795932,0.2458517,0.15530497,0.37475246,-0.51146114,0.058896124,0.5004878,0.1327089,0.14949822,0.030221492,0.2795702,0.019587278,-0.22070932,-0.29592794,-0.13617444,0.17191112,-0.84596264,-0.027376741,0.088377655,0.6852478,0.20582712
57,1.8982729,3.708668,3.4700613,-0.06896339,-0.0035987496,-0.34327424,0.65985376,2.1045952,2.1514645,1.7376559,1.0835086,1.2498552,3.0883203,2.8244195,3.232074,-0.3115548,-0.3592929,-0.2583714,0.3562022,0.28690445,-0.16437256,0.03849858,-0.9064692,-0.4345139,-0.37832123,-0.70247346,-0.15799034,-0.499803,0.3164002,-0.11739607,-0.19694182,-0.4505743,0.021007419,0.057474434,0.07844928,0.48611158
58,-0.08130604,-0.039513856,-0.5003054,0.076477885,0.39694974,-0.06082596,-0.25203022,0.12891799,0.03831458,-0.4123378,0.18999556,-0.7289954,0.080568075,-0.07633099,-0.40304795,-0.06779531,0.08278796,0.6532542,0.102124184,-0.22183049,0.19812831,0.21489039,0.0888578,-0.09672767,-0.19824758,-0.13987404,-0.12197912,-0.6038475,0.39336166,-0.026276939,-0.055648655,-0.06509602,-0.5733867,-0.00909245,0.20254657,-0.4625495
59,-0.69005156,-0.06268412,0.1503857,0.52041984,-0.5205313,-0.11950904,-0.316057,-0.23363043,-0.089672044,-0.5422931,0.13757747,-0.35632333,-0.5596593,-0.8576149,-0.44095826,-0.31922886,0.4930365,-0.20109102,0.035710275,-0.30798388,-0.24386784,-0.37237734,-0.25527477,-0.4243011,0.3659211,-0.33597675,0.10941001,-0.30921704,-0.16794461,0.17744498,0.09845948,-0.54451656,0.34518728,-0.106120154,0.09763363,-0.047801122
60,-0.6300252,-0.25621173,-0.46870714,0.011059269,-0.0216777,0.35809463,-0.20301828,-0.010114908,-0.28231928,0.2466301,-0.28427976,-0.42188445,-0.30481866,0.18776,-0.402426,-0.10349664,0.3215931,0.38560975,-0.40335274,-0.019494757,0.36939442,0.4986302,0.15805578,0.36810577,-0.316405,-0.15855095,-0.25151306,0.026728421,-0.014206111,-0.310681,-0.12841621,-0.09026549,-0.7779715,-0.022482023,-0.177099,-0.2982481
61,0.19114071,0.091588974,0.36729622,0.19814909,0.33950272,-0.14344037,0.114166796,-0.12787032,1.1054511,0.32518518,-0.33444142,-0.5101501,0.13664371,0.021773182,0.013399839,0.2972722,0.433448,-0.07117915,0.117164016,0.2430105,0.4981936,0.025334805,-0.31473392,0.10637739,0.03055644,0.2591317,0.33314136,-0.05980289,0.099651545,-0.26330775,-0.17729503,0.39420786,0.011381596,0.118447155,-0.032965846,-0.43753183
62,-0.08841002,-0.20945919,0.044397473,0.14737189,0.245799,0.33208394,0.23409468,-0.15604933,0.26847935,-0.09946978,-0.11576882,-0.23715186,-0.025044441,0.005026579,0.05717969,0.008966625,0.07665172,0.44274318,0.18003839,-0.1366291,-0.12086868,-0.1506303,0.17750168,-0.024800718,0.115015626,-0.42373767,0.60126114,0.22534406,0.7565198,1.1927812,0.37324047,0.5749251,1.1544583,0.15903431,-0.046235748,0.074231744
63,0.052738443,-0.2134123,0.65262645,0.21435058,0.7095071,0.16643783,0.24761933,0.461109,0.23012197,0.5359745,0.36448014,0.35027483,0.19888243,-0.23890537,0.14028299,0.091425836,0.10569081,-0.37540194,0.26280233,-0.14348644,-0.13882333,-0.014415741,0.33879858,0.1499672,0.042934775,0.31122857,-0.21610305,0.36966094,-0.017876834,0.28241876,-0.30173856,-0.5856836,-0.3096277,0.051079094,0.24599557,-0.20171979
64,0.12631309,0.18839216,0.57274914,-0.1157006,0.8175824,0.27536952,-0.31961238,0.06858745,0.11728656,0.08865744,0.9843497,1.0269948,0.21058172,0.09519054,1.2247576,-0.13270253,-0.0714668,0.11730458,0.02417314,0.0059861243,0.48124543,-0.07747024,-0.21342787,-0.5924882,-0.14362097,-0.049061477,-0.659369,-0.09201056,0.7560899,0.17087555,-0.14759433,0.2678286,0.8871678,0.5162673,0.31751612,1.1233616
65,0.045865923,-0.86296445,0.055185497,-0.0683987,1.4524691,0.21855547,-0.7121772,0.024446696,-0.19534704,1.3003893,0.07097259,0.08111906,-0.83222514,-0.6343667,0.04068905,0.2898786,-0.36838624,0.636233,0.22977269,0.9486665,0.2040626,0.5035982,0.23571452,-0.09950131,0.22937405,-0.06828654,-0.05031246,-0.2989254,1.0796742,-0.3421582,-0.80544555,-0.23803008,-0.49858382,1.1699542,0.64769,1.436792
66,0.5103935,-0.1934053,0.37141854,-0.76840216,0.7236341,0.13788909,-0.45006624,0.4278957,0.01740668,0.9497108,-0.09429571,0.7752441,0.42944258,0.0977808,0.023650587,-0.039280027,0.16705543,0.23585135,0.09600986,-0.24388316,-0.07592252,0.34454906,0.74229395,-0.059200585,0.08348867,0.4729338,0.20939921,0.37042904,-0.2346296,0.5858411,0.26094943,0.28276297,0.23625772,0.04135307,-0.3324963,-0.068315774
67,-0.6575686,0.023365855,0.15714338,0.30190134,0.5465811,-0.11055696,0.4416185,-0.16285464,-0.00068416074,0.2831232,0.618371,0.37173358,0.26824975,0.22399633,0.55638367,0.30362418,-0.3855815,-0.5807568,-0.24129593,0.08532959,-0.090913296,-0.1302019,-0.21875978,-0.12749112,0.31884304,-0.17631578,-0.04002185,-0.3603836,-0.2365915,0.2844865,0.13328987,0.3239752,-0.0068892017,0.10686483,0.4381126,-0.29840153
68,-0.21074876,0.6190038,-0.09637058,-0.07135898,-0.82866746,0.079630286,0.10086432,0.38138404,0.43964714,-0.009588003,-0.12917323,-0.6859929,-0.046830952,-0.76079845,0.2539727,0.070746124,0.16141593,-0.06864959,0.31182545,0.14659241,0.88366956,0.11066276,-0.17586672,-0.4703441,0.45012966,-0.17241253,0.26035386,0.024507046,0.23918353,0.21995842,0.11471707,-0.2632768,0.42522195,0.1128781,0.014962256,-0.80398476
69,0.050407574,0.9858619,-0.29826462,0.06848275,-0.47188494,0.17689112,-0.121779725,-0.108360715,-0.73692113,-0.16089585,-0.32738948,-0.04812357,-0.29529342,-0.8165793,0.30756944,0.7052802,0.102992445,-0.44991112,0.08924453,-0.43837354,-0.07176626,-0.27691686,-0.05554241,-0.6489379,0.6055286,0.17806031,-0.029146552,0.11378667,-0.22609693,-0.048315622,-0.35551852,-0.92879015,0.41074216,0.11752547,-0.08450559,0.10085782
70,0.3268751,2.5599132,1.2988682,0.33804572,0.83022344,1.2685045,0.21479589,1.6063628,1.9068648,0.13043374,0.2346219,0.040273905,0.22032273,-0.2139085,0.70315456,-0.064989805,0.045685917,-0.057350755,-0.18565011,0.22689025,-0.27292675,-0.04771173,-0.11560136,0.30944657,0.04554969,0.19980423,0.030225337,0.11519444,0.098291785,-0.16163534,0.1187281,-0.11002964,-0.2645797,0.43985128,0.83475924,1.4932806
71,0.31415272,0.6021226,0.64391315,0.21873534,0.20853624,0.09647104,0.0153028965,-0.009285718,0.29832888,-0.11043525,0.009168923,-0.13238221,-0.0071177483,-0.017540127,0.07529777,0.19351733,0.1368447,0.11461505,0.027371883,0.17664725,0.16133884,0.479396,0.2612039,0.45060825,0.4657456,0.63289416,0.8652044,0.23339629,0.6108273,0.0720593,0.20940578,1.0708609,0.49527583,0.3136977,1.2462348,0.9288498
72,-0.15498754,0.11364728,0.027082503,-0.27498055,0.12976027,-0.35021606,-0.18309352,-0.63811946,-0.12086108,0.29876578,0.06817934,0.30569986,-0.053840153,-0.2019251,-0.52479285,-0.5173716,-0.045919687,0.063800305,0.23089768,0.003701697,-0.20259191,-0.030279234,-0.54044026,0.31251562,-0.110394984,-0.26595375,0.42056215,-0.1682182,-0.127902,-0.006193608,-0.38600582,0.39831224,-0.037417084,-0.010433935,0.036679357,0.390526
73,0.3565647,0.33005232,-0.2032305,0.9851655,0.3469422,0.959879,0.33510092,-0.07071799,-0.56848985,0.18409044,-0.045731068,-0.17608014,0.040087223,0.08501816,-0.16573822,-0.21757083,-0.9043209,-0.15239364,-0.40983838,0.055079285,0.43505332,-0.22827816,-0.24055593,-0.2429075,0.4658695,2.2145157,0.76526713,0.34400848,0.37051702,-0.38361245,0.63235396,0.99272335,0.015999833,-0.024817787,-0.047685742,-0.66006714
74,0.47531742,2.8888645,1.3494561,0.26192874,0.09548588,1.1514943,3.9392965,3.0825796,4.453268,-0.029149711,0.27113605,-0.22284155,-0.3851015,-0.0415231,0.267488,0.22117507,0.7188294,0.3491121,0.6165318,-0.108662575,-0.13195795,0.2617679,-0.09499395,0.39012796,0.2932428,0.42055798,0.035693645,-0.43008485,-0.22010982,0.11937007,0.1833958,0.9685968,0.2851569,0.23546422,-0.2012324,-0.12486732
75,0.93371856,4.73073,2.4759734,0.21407878,-0.080829404,-0.34101784,0.59960175,1.8956989,2.4877443,-0.09326032,0.01742348,0.35189575,-0.057099342,-0.13473581,-0.07551876,0.044036806,0.030926324,0.040171653,-0.06877333,0.2040708,0.27112788,0.44493896,-0.32222006,-0.64635915,-0.618099,0.13610274,-0.079080045,0.36068276,-0.36516193,-0.013049275,0.10382281,0.21432075,-0.059862077,0.89395905,-0.29343072,0.14066598
76,0.22486478,0.24621618,-0.16495919,0.058179855,-0.046857,0.3254869,0.28542143,0.44910485,0.25434893,-0.06614071,0.06287736,-0.22638953,-0.06349236,0.11582208,-0.0046206713,-0.2111094,-0.3947621,0.1363343,0.101969,-0.013414204,0.12229882,0.32392257,0.14157426,-0.41243976,-0.2789727,0.2535206,0.02315496,-0.1304065,0.47607115,0.80959946,0.036111146,0.37862483,1.1268243,0.04376751,-0.12927383,-0.41663933
77,-0.07670146,-0.13739285,-0.08539687,-0.44218984,-0.15512499,-0.0083679855,0.121371984,0.12094283,-0.34463108,0.3538829,-0.19618769,0.36943927,0.3264305,-0.4721124,0.35179806,-0.75453365,0.003953561,0.38956848,0.14578098,0.18619344,0.3148209,-0.72989386,0.46347567,0.22163726,-0.4510813,-0.30085248,-0.47652218,0.09600574,0.415582,0.1744715,-0.5031667,-0.085420445,0.31441846,0.3921113,-0.10191709,0.24882808
78,0.108398706,0.4191484,0.18429889,0.36183888,0.0053111315,0.4691871,0.9020157,0.2889195,0.23751768,0.027983472,-0.097032145,-0.07401859,0.76732135,-0.77571744,-0.3545413,-0.18940857,-0.28927362,0.112353176,-0.3165593,0.30805802,0.020099878,0.5465943,0.052491426,0.31304017,0.7634136,-0.62773657,0.38872015,-0.40510917,0.4102741,0.3387824,0.26332378,-0.15328896,0.041950732,-0.034742214,0.15055364,-0.06308141
79,-0.0228585,-0.12972122,0.45930827,-0.015016675,0.121202365,0.7600974,-0.12531872,-0.25015455,0.2953687,-0.17642337,0.061890215,-0.7204262,0.28564185,-0.31957436,0.52052146,0.09652102,0.20205994,0.1726464,-0.011968613,0.08437155,0.25134456,0.22337818,-0.19142257,-0.03878039,0.8894522,0.1999557,0.36445275,0.12464565,-0.37540305,-0.40969074,-0.0359841,-0.15074009,-0.17545146,-0.47090617,0.15702885,-0.21391714
80,0.123992264,-0.09332634,0.062224805,0.14666724,-0.06367548,-0.16323233,0.2274223,-0.16355383,-0.11856967,0.1216851,0.4361381,0.13361377,0.19859111,-0.09148109,0.28443217,0.050997913,-0.372803,0.20152792,-0.06473136,-0.23649171,-0.16115719,0.24750644,0.09994016,0.13819847,-0.23020208,-0.6322977,0.113556325,0.037938237,0.25751412,-0.004011065,0.34949046,-0.012040913,-0.55295146,-0.42201686,0.27439368,0.27501094
81,-0.020302176,0.346263,-0.30029678,0.08927888,-0.15498947,0.28113508,-0.040323555,-0.12321019,-0.36044586,0.073963165,-0.13429582,-0.3277558,-0.020196378,0.023954213,-0.088638484,-0.13182193,0.08285156,-0.044344902,-0.01573962,-0.26459533,-0.1546787,0.06597853,-0.121249616,0.43819273,0.01377213,-0.017534763,0.06150628,0.17532516,0.4472974,-0.16753644,0.03414148,0.31114286,0.20949516,0.17945434,0.48395395,0.6736078
82,-0.065291524,0.15686879,0.37582448,-0.20714545,0.003047064,0.43631905,0.009365618,0.20504582,0.5376786,-0.028010607,-0.33765143,0.017784834,0.42932916,0.4397514,-0.40406972,0.10708195,0.18767172,0.73712516,-0.02169025,0.26731274,0.088980615,0.13181883,0.017659217,-0.26941198,-0.043834507,-0.2647477,-0.42497075,-0.17408323,-0.86754906,0.011476696,0.25157815,-0.2352736,-0.5421932,0.18281981,-0.08384348,0.054433346
83,0.04471898,0.28257903,0.08751035,0.20911938,0.05204773,0.7175378,0.2955518,0.02320537,0.32986557,0.26468825,0.000700295,0.62404263,0.045953155,0.011261582,0.48403227,0.020950615,0.066238105,-0.17660847,0.06191641,-0.08467913,-0.24395871,0.14831072,-0.049637616,0.35066843,-0.028747678,-0.2183241,0.1701423,-0.22648007,-0.23222232,-0.61720145,-0.44933414,0.40112484,-0.29864874,-0.08072001,-0.25591293,-0.07708293
84,0.10391244,0.37171382,-0.5134509,0.077071786,0.19586122,0.0268552,0.3110286,0.13695392,0.010792553,0.21330082,0.17127712,0.3437649,-0.26570663,-0.0011041164,-0.24961984,-0.28646624,-0.139256,-0.08001077,-0.114466414,0.21862006,-0.5226982,-0.050531387,-0.10506904,0.17393708,-0.10161251,-0.024259955,-0.3555659,-0.3095575,0.024391294,0.04106927,-0.067245245,-0.05289954,-0.24847454,0.07689309,0.06236601,-0.20826209
85,0.19817895,-0.2176348,-0.3016681,0.4056577,0.13316569,1.3970473,0.092716455,0.5548915,0.2947597,0.015422344,0.16336173,-0.23885927,-0.43940496,-0.2656877,-0.31294024,0.0032330751,0.057807714,-0.23523581,-0.007978916,0.3656465,-0.2051728,-0.22235501,-0.21122372,0.031671286,0.111703634,-0.024876058,0.5172722,0.031683385,0.16900903,-0.09768006,-0.06036094,0.10703078,0.11088264,-0.043036968,-0.07988572,-0.40117395
86,-0.19079685,0.6575974,-0.28401917,0.1758182,-0.051317006,0.06409189,-0.057589293,-0.23599869,-0.6388564,0.032970905,-0.36801732,0.11544865,-0.22104377,-0.31376383,-0.010317713,-0.1848886,0.4288053,0.06916389,-0.110210896,0.21115091,0.18817037,-0.040846646,0.052816212,0.5264232,0.36151853,0.4083355,0.23379393,0.1010592,-0.3250382,-0.29890767,0.22470501,0.10297054,0.65403324,0.25071087,-0.062342495,-0.3070718
87,0.4996714,0.34434927,0.01184085,-0.31782067,0.44520384,-0.4558867,0.18150459,-0.46529987,-0.0504995,-0.106708646,-0.21208706,-0.52411366,-0.16943789,-0.31758633,-0.03900526,-0.0009367764,-0.16870615,0.29057598,-0.1702365,0.3326104,0.53500956,0.025653064,-0.1367583,0.4625296,0.83278644,0.39972776,0.3172172,-0.51709306,-0.16456492,0.1894015,0.37119725,3.803127,0.727429,0.6204985,-1.3776432,-0.16861808
88,0.16277838,0.23932427,-0.19843769,-0.012707591,-0.23011044,-0.07737678,0.17948335,-0.28079763,-0.47098076,-0.019866109,0.39830133,-0.070745006,-0.11009216,-0.036583498,0.59801054,-0.25663024,0.45196357,-0.13584045,0.03373158,0.45650712,-0.11093056,0.009329498,0.34102294,1.058347,0.3422427,0.5266247,0.3984446,-0.010537505,-0.8912314,0.03530609,0.15376341,0.27233836,0.8014157,-0.28621355,-0.08369762,0.6477788
89,-0.18066669,0.6504382,-0.506762,0.34838164,0.5652927,0.20329328,-0.074322104,0.05331225,-0.46493602,-0.06411052,0.2625556,-0.43788671,0.13606423,0.024056813,0.2937469,0.17482597,0.26801306,0.14312977,-0.22075349,-0.13886857,0.7185895,-0.005665511,0.15947515,-0.2675798,0.055202484,-0.20652544,-0.5296464,-0.0024362803,0.2754506,-0.30087858,0.118406415,0.047090903,-0.25168645,0.24961561,0.5116176,0.08898622
90,0.21988037,0.023857504,0.06997123,0.05779904,0.1204336,-0.14284907,-0.450193,0.076104596,-0.15223883,-0.09558749,0.510576,0.089652,0.5766672,0.07318586,-0.34973872,-0.48102343,0.19061214,-0.15048732,0.09090555,-0.5163777,0.43552476,0.53962946,0.20091951,0.2581228,-0.08829835,0.5528909,-0.5769764,-0.1512458,-0.5942255,-0.15553051,-0.19942725,-0.0226856,0.04082711,-0.023183852,-0.03438823,0.0373109
91,0.35778147,0.4415211,0.6516021,0.05439967,0.25238118,0.2743116,0.24172539,-0.73377633,0.81007814,0.15172046,0.44439352,0.3471262,0.22862577,0.34485045,0.48201233,0.22376502,0.43563956,0.16753206,0.12138772,0.277757,0.22081412,-0.0019547343,0.18440902,0.32331094,0.10099119,-0.11364555,0.3712353,0.057679236,-0.40254158,-0.050995156,-0.124738336,0.547328,0.17456004,0.28081632,0.54179966,0.48398498
92,0.33506107,0.3024046,0.4311852,-0.09412527,0.0024673939,0.196015,-0.31516668,-0.1277369,0.32555687,0.16931129,0.31310326,0.42083997,0.44691974,0.14377004,0.48566192,-0.12527412,0.11167464,-0.17130727,-0.06253171,0.15030186,-0.45534253,0.077510595,-0.16040516,0.15935034,0.20392895,0.009305537,-0.31066883,-0.26436222,-0.055673733,-0.101129055,0.15171498,0.29886395,-0.12634099,0.33731905,-0.113380104,-0.44526446
93,1.0596976,1.3049368,0.08957666,-0.23675299,-0.0139558315,0.42419326,-0.1744087,0.19817686,0.06441474,-0.03556454,0.20326635,-0.39743125,0.33739048,-0.3717164,-0.07841182,0.2240699,-0.004520297,-0.19417793,0.23916566,0.10919845,0.55745506,-0.17154622,-0.031336963,0.28276217,-0.094733715,0.56706285,0.0023655891,-0.34104514,-0.0038163066,-0.02595687,-0.18601173,0.029864937,-0.03821686,0.5905065,0.10254082,0.4220577
94,0.011471711,-0.09472935,0.008441687,-0.17793849,0.30534405,-0.25271425,0.31858575,-0.1180557,0.031831324,0.019389868,0.3140818,0.07201809,0.2234348,-0.31906852,0.25402927,-0.41865528,0.4485899,-0.1796056,-0.344428,0.35748065,0.67731005,-0.1987946,-0.7717723,-0.7369822,0.13382334,-0.32067108,-0.28252673,0.29710615,0.46051717,0.32063264,0.1962111,0.8038151,0.52238154,0.5717858,-0.054359555,-0.21525085
95,-0.24281573,-0.67075145,0.19310808,0.2298485,0.025247637,-0.31776515,-0.4414061,0.036483616,-0.39830518,-0.1951648,0.25052586,-0.29051417,0.006435126,0.09499995,-0.22254902,-0.020017803,0.22305086,0.3006442,0.3300392,-0.025431514,-0.18832693,-0.237656,0.039966166,0.34800246,0.25173712,-0.55707026,-0.9494459,-0.5520909,0.47533488,0.32193565,0.11329338,-0.37112927,-0.04333052,-0.6508713,0.546349,-0.40047717
96,1.1622161,0.39803675,-0.0025616288,0.08121224,-0.1482735,0.11135268,-0.17842683,-0.03156227,-0.30135167,0.17569126,0.1799858,0.053878307,-0.035863608,-0.025484532,0.1489436,0.809245,0.83567774,0.62365735,2.3853898,-0.04501629,-0.007578194,1.1947658,2.4060302,1.1411347,0.8858497,2.6554346,1.5179676,1.2152903,-0.4820686,0.38711476,1.6513156,0.453438,1.9967539,0.011004865,0.55052555,0.4068286
97,0.1357522,-0.17176157,0.20688295,-0.034992576,-0.21674916,-0.0011416078,-0.17495942,0.03396958,-0.46318865,0.12017536,-0.06301981,-0.12984549,-0.23072565,-0.09629738,0.10186362,-0.0847288,0.1447787,-0.09266034,-0.06375229,-0.07575617,0.12758344,0.17795634,0.38047126,0.59819704,0.30341172,0.779393,0.92303526,-0.1235255,-0.29737383,0.26040313,0.24963152,0.26107097,0.6605018,-0.24836643,-0.0387944,0.4065739
98,0.37256563,1.7685006,1.9553044,1.4670354,2.8481078,2.2322433,1.227808,1.2938336,0.41537356,-0.8772943,0.18953097,-0.57739776,-0.48249426,0.6041376,0.48587954,-0.036667652,-0.19507068,0.7456879,-0.46326068,-0.64697075,0.54620373,0.25296,-0.2852055,0.04401213,0.2940228,1.2411721,0.103342265,-0.28556973,-0.079268694,0.16728377,0.23918237,0.4587666,-0.46303535,0.58965325,0.91257614,0.6300361
99,0.21367541,-0.053385742,0.12698834,0.19169801,0.27044913,0.01756771,-0.08675146,0.7377516,-0.011629619,-0.09997642,0.20433813,0.02138555,0.8187889,-0.69344234,0.0736323,1.3113981,0.32697573,0.28234398,-0.0025713444,0.26192716,0.2071735,-0.98470473,-0.108398795,-0.25866368,-0.37434483,-0.38596827,-0.090682894,-0.030153632,0.18674201,0.23592925,-0.23306721,-0.12345195,0.3362761,0.1642561,0.3179016,-0.201478
100,-0.33231536,-0.8969069,-0.14884967,-0.25909895,-0.23081905,0.6032039,-0.24954385,-0.0066010505,-0.33496094,0.28461558,0.3434628,0.48102635,0.27686584,-0.0188604,0.13837469,-0.09312081,-0.11308727,0.09921968,0.2547264,0.28396297,-0.36069387,-0.4262299,1.2560829,0.5913521,0.18255967,0.7880151,-0.42546678,-0.4793365,1.0682335,0.04081279,-0.0991894,0.3213964,0.48847818,0.7433666,0.038552344,-0.023909032
101,-0.53283274,-1.9919705,0.07467395,-0.2165004,-0.21511668,-0.62402904,-0.1123603,0.25545457,-0.50320685,0.05047667,0.21601945,0.17940664,0.39588642,-0.11696947,-0.29139864,0.28333604,-0.6872083,0.11787498,0.013885379,-0.21781504,-0.22926307,-0.2304697,0.41248935,-0.5094648,-0.17989838,-0.11410338,-0.21346632,-0.41986606,-0.12723744,-0.31500304,-0.49052128,0.031692415,-0.5316825,-0.46207964,-0.94094,0.11311727
102,-0.16702837,0.15825757,-0.43716362,0.6228832,-0.0037915185,-1.2500196,-0.8997686,-0.45173633,0.1303643,-0.5897287,-0.71335995,0.30880225,0.005022824,-0.9182428,0.09175308,-0.01459837,0.13330744,0.23851302,0.2940588,0.11733083,-0.15527771,0.06647098,0.21449521,0.0353027,0.27421176,0.20447901,-0.20280787,-0.17639774,0.114575,-0.20673168,-0.24608147,-1.145994,-0.2937181,0.101563886,0.23323552,-0.5203895
103,-0.22410733,0.21130785,-0.15726161,-0.37545288,-0.26807404,-0.11460441,0.15956722,-0.4895145,0.087001175,0.49512792,0.57491076,0.23421311,0.24913526,-0.6972912,0.10839456,0.5169047,0.40442944,0.3523063,0.12430978,-0.06958735,0.20887458,-0.17553109,-0.00992167,-0.5398183,-0.035744965,-0.32183647,-0.563189,-0.8762849,-0.40328425,-0.37266782,-0.18944979,0.5582065,0.32538843,-0.5039089,-0.23718834,-0.08308613
104,0.03397262,0.7980062,-0.75116074,-0.015393317,0.0988574,-0.27523175,-0.15517029,-0.08730731,0.2871695,-0.10141063,0.35034236,-0.09203564,0.14080715,-0.23824185,-0.115570545,-0.057319343,0.11380169,0.037129633,-0.026549697,-0.35918966,-0.28085333,-0.2303046,-0.09888771,-0.031161606,-0.20015943,0.07845199,-0.327839,-0.13465726,-0.16136271,0.16665155,0.2210115,0.18448561,-1.2442911,0.3645675,-0.59033406,0.010205939
105,0.18545483,-0.28157353,-0.6301682,0.06425777,-0.14509314,-0.19962192,-0.9557638,-0.16050407,0.23419288,1.1616508,0.52371365,0.8765206,0.26223594,-0.88530004,0.09026113,1.2478312,0.3458963,0.14054164,0.21662748,-0.36519873,-0.30375913,-0.18405426,-0.2926733,-0.3743121,0.40011367,-0.12426643,-0.3176895,0.313549,0.0076010823,-0.3629238,0.39227888,-0.5241803,0.8069886,-0.049654283,-0.13357471,-0.19818716
106,-0.35130358,-0.18714733,-0.0974569,-0.3192,0.1907315,0.23675975,-0.031534195,-0.11989099,0.26340353,0.04016018,0.0061632395,0.235838,-0.10691351,0.09940383,-0.33952415,-0.21146852,0.42929578,-0.031957775,0.21725047,0.20018423,-0.26338977,0.026233375,0.00725469,-0.3733104,0.279253,0.10492462,0.8149664,-0.18564692,-0.17170814,0.010287344,-0.023501545,-0.26471996,0.009384155,0.1674648,-0.50741553,-0.065288305
107,0.008357227,-0.5711267,-0.1335339,0.09158063,-0.4075206,0.07769568,-0.15670055,-0.25411016,-0.07501584,0.19941068,0.058058,0.35526094,-0.054161668,0.25778145,-0.04417926,-0.14485365,-0.20384818,-0.28893387,-0.051858068,-0.1541706,0.16049933,-0.17056084,0.14241779,0.07793741,-0.4162333,-0.38233253,-0.3272081,-0.067460984,2.1301432,0.33683535,0.09986758,1.1642485,-0.032720625,-0.27321362,-0.23503271,-0.11459771
108,0.11979774,0.57341635,-0.21789202,0.10566914,-0.1256812,0.8674511,0.30550748,-0.6623879,0.03101641,-0.041201353,0.65934616,0.4197887,-0.13572782,1.0065771,-0.2762735,0.90775996,0.6659093,-0.9096481,0.079218626,0.25133872,-0.41215363,-0.46431237,-0.2293627,-0.18111181,0.43503478,0.08089858,-0.018942714,0.0036280975,0.2457724,0.5419393,-0.37595198,-0.12999171,0.24719656,-0.51857895,0.412341,-0.14468366
109,0.60961306,1.0200142,0.79419905,0.8988586,0.5832823,0.7260773,0.9473407,0.6316595,1.2502452,0.311548,0.53250813,0.021019295,0.59040225,0.45400992,1.1116595,0.26388836,0.21041292,0.5721802,-0.44231522,0.4205591,-0.42163238,-0.14692515,0.37028447,-0.302451,0.5553154,-0.748135,0.15414464,0.012216747,-0.013529599,0.7588784,0.317382,0.115059406,-0.18992496,0.55421466,0.39159364,0.07695615
110,-0.47337082,-0.011721909,-0.63003063,-0.06019616,-0.1427848,0.23702979,-0.6722111,-0.37679052,-0.5411831,0.05022168,-0.07659119,-0.7046703,-0.29390585,0.23671997,-0.09930709,-0.24420255,-0.17634621,0.23175311,0.635736,0.4938684,0.40963405,0.44129214,-0.1807104,0.053732634,0.44164783,-0.08428673,-0.14822608,-0.21807241,0.59191644,-0.088100195,0.13111037,-0.20693505,-0.1517084,-0.06525508,-0.1532261,-0.40616408
111,-0.5311249,-0.17929219,-0.24909282,-0.8662803,-0.16882402,-0.17518246,-0.49314976,-0.5894274,0.05675757,0.15667701,-0.112579346,-0.08369321,-0.53250015,-0.8101378,-0.120637536,-0.4004001,0.17043388,0.15500635,-0.30254996,-0.14857948,-0.25362036,-0.103553295,-0.035677582,-0.13310814,-0.21145609,-0.5111324,-0.15465948,-0.77103305,-0.37320146,-0.34028512,-0.17545187,-0.5741227,-0.16986567,-0.34040752,-0.49579185,-0.17026526
112,-0.07342109,-0.4943438,0.49668357,-0.044347204,-0.35532022,-0.06115257,-0.37361732,-0.6170013,-0.31582713,0.0062397122,-0.42584437,-0.22258231,0.57601774,-0.8795856,1.0601722,0.13470054,0.178262,0.40704045,-0.20801872,-0.12520611,-0.6905101,-0.20932692,0.39624774,-0.27559403,-0.30864507,-0.7423547,-0.86403143,-0.8131997,-0.28678522,0.4498789,-0.42647576,0.043601476,0.031776786,0.38730198,-0.6965223,-0.81983143
113,-0.06937599,-0.36021465,-0.70870936,-0.14238816,-0.05476275,-0.23725316,-0.19089907,-0.040903986,-0.69741356,0.039004385,0.0416072,-0.16101012,-0.15985757,-0.023085654,-0.09827444,-0.4641052,0.6271233,0.7476902,-0.162373,0.23523106,-0.29636848,0.5065577,0.21482776,0.43536198,1.2509022,2.3403664,2.8323066,1.5028491,0.8612726,0.42541742,2.9339728,2.1996474,3.2264016,-0.48093975,0.0038371682,-0.104028344
114,0.6478185,0.17737351,0.14472044,0.19379556,0.6390606,-0.21662092,0.2001877,-0.0056270957,-0.31137088,0.1902523,0.12696907,0.13953984,0.57271886,-0.1492754,0.25518882,0.11307779,0.4837562,0.33947253,-0.69492257,-0.057525277,0.54655397,-0.3040452,-0.138013,0.03695941,0.12174857,-0.3785922,-0.019123044,-0.6269008,-0.0445396,-0.6276312,-0.026819125,-0.24146846,0.20302105,0.31279367,0.3837505,-0.3134731
115,-0.07515216,0.14398253,-0.28552318,1.6999159,1.5601435,0.66157365,0.1686067,1.466862,0.2375859,-0.1957646,0.25109994,-0.2375592,-0.24041545,0.103212774,0.80948997,-0.19966301,-0.52235544,-0.28478032,-0.10061246,-0.27193332,0.07374048,-0.4682235,-0.51356333,-0.4709814,-0.11138492,-0.34186444,-0.43780395,0.6215075,-0.016785145,-0.07929546,0.38029325,0.60173774,0.6853566,0.056491375,-0.26635057,-0.15256166
116,0.863972,0.96221817,1.3064288,0.77496934,2.2313178,2.0226243,0.18645453,1.0660763,0.3779496,0.4080702,0.36948395,-0.35918346,0.1594519,1.0901575,0.6956834,-0.19826919,-0.085222214,0.17781101,0.14121962,0.583884,0.35545462,0.01834786,-0.17985076,0.2283004,0.0888173,0.28501981,0.3160042,-0.13718075,0.006235293,-0.20558718,0.054807186,-0.2488569,-0.40766943,1.1865841,2.336906,3.002684
117,-0.1303264,0.29700327,0.46913677,-0.53356403,0.19487113,-1.0211079,-0.90857023,0.16786249,0.24060374,0.19106361,-0.597247,-0.039164692,0.29182434,-0.33678362,0.7507727,-0.0054188073,0.65148425,0.08978231,-0.53059834,-0.32166305,0.6518542,-0.46612954,0.24388424,-0.3209457,-0.91021264,-0.074062586,-0.48633638,0.16963178,0.9498456,-0.14778113,0.21771169,-0.049434483,-0.68963134,-0.12601393,0.4798612,-0.5875939
118,2.1167521,2.4827254,2.678902,0.51037157,0.5215286,0.49843645,1.7516335,3.8719234,2.19527,-0.2952537,-0.09053637,-0.28153566,-0.1050006,0.6310184,0.741755,-0.14778972,-0.0007930994,0.7469597,0.16997354,0.29685536,0.2510214,0.2740028,0.18443528,-0.42239356,-0.22022164,-0.572484,-0.34052405,-0.32413524,-0.03949392,0.013387144,0.015716434,0.19986409,-0.54188347,0.28389007,-0.17719433,-0.3211391
119,-0.6880101,0.5440674,0.23424163,0.26140684,-0.18749742,-0.4675792,0.11438197,-0.3733762,0.4529015,0.1945402,0.48559317,0.052042022,-0.228426,-0.09007785,0.28392226,-0.0065675303,-0.36412454,-0.22277336,0.004852593,-0.43039894,0.3202522,0.11604298,0.4323623,0.024757912,1.4261262,0.3703302,0.73351663,-0.3613326,-0.21852782,0.15034191,0.27926433,0.56651187,0.1807988,-0.14798933,-0.32384595,-0.25563246
120,-0.08777583,-0.16467947,0.27518496,2.0957541,1.538689,1.5368649,-0.22193713,0.14467245,0.48292035,-0.10447049,0.14983469,-0.27968252,-0.8797916,-0.11964608,-0.08847815,0.38929623,-0.7293602,0.33319038,-0.45080554,0.23742348,0.13794404,0.20917423,-0.3790937,-0.82249653,-0.18453711,-0.38910833,-0.32220155,-0.84404606,-0.4258506,0.047794104,-0.13101459,-0.34634548,0.14588042,0.106865376,0.54473823,0.9362407
121,0.04172817,-0.24944143,-0.06270859,0.1596418,0.08044803,0.12719679,-0.12423093,-0.059928402,0.050447226,0.059643745,0.09348935,0.009675562,-0.28945553,-0.1642124,-1.0045745,-0.27238262,-1.1566918,0.0044256,0.06718695,0.07756311,0.14019977,0.007124901,-0.3719142,0.48034078,0.20107788,0.015630394,0.09485097,-0.1484517,-0.46892196,-0.08151671,0.40568495,0.114849076,0.16411054,3.1038816,0.041638777,-0.172204
122,-0.7075425,0.08631018,-0.14029157,-0.32492363,-0.16131684,-0.2517768,0.051096737,-0.8250221,0.15622392,0.6667857,0.6131025,0.97448474,0.6555685,0.5495011,0.49588943,-0.5655776,-0.29917532,-0.7895535,0.071386516,0.029290438,0.6037342,-0.114423275,-0.124703586,0.1570768,-0.23860733,-0.022248864,-0.37592793,0.7114778,-0.17379206,-0.5239522,-0.69124043,-0.2667204,-0.12865156,-0.03528315,0.15657657,-0.24418318
123,-0.29618388,0.32266754,-0.14289734,-0.09282315,-0.038812578,0.06947696,0.47595942,-0.22725968,0.0644393,-0.4218729,-0.39910543,-0.015226245,0.14623213,-0.40647393,-0.6693471,0.2702297,-0.1549877,-0.22234291,-0.13789243,-0.006865616,-0.196003,0.7115501,-0.4659297,-0.36363542,-0.2350952,-0.85056937,-0.88930404,-0.012178004,-0.9083492,-0.29084563,0.20743689,-0.43832582,-0.7651583,-0.103749245,0.30482027,-0.5790999
124,0.65057623,0.5458234,0.59099627,0.8374417,0.23715897,2.8639412,1.3088036,1.8518019,3.897202,-0.03188616,-0.1661633,-0.21407259,0.057074964,0.2017445,0.5820308,-0.17311186,-0.114657104,-0.0834336,0.14558268,0.09516212,0.04077688,0.018708527,-0.41755116,0.19203782,0.5037447,0.7231275,2.7475853,-0.03887403,-0.26009238,0.16281658,0.06600106,0.12696964,-0.15385747,0.10347167,0.37764156,0.94966453
125,0.2847041,0.45382246,0.55636364,0.11622077,0.26614067,0.488335,0.017865479,0.22156438,0.27085125,-0.038900554,0.03316343,0.12332827,0.106892526,-0.120975494,0.038328886,-0.06120646,0.11813146,-0.11501002,-0.00018942356,-0.011849463,0.12569082,0.03573394,-0.012474388,0.10414791,0.0765335,-0.016165927,-0.40029842,0.00012814999,0.06886949,0.13460064,0.26155752,0.17024964,-0.17167461,-0.043121934,-0.008969672,0.512725
126,0.20477176,0.28153056,0.4707954,-0.28529632,0.73044974,0.64898425,0.124393314,-0.08221221,-0.23194854,-0.032511353,-0.08758807,0.021786094,0.26939777,-0.5693484,-0.14272946,0.15379088,-0.63306147,-0.26555955,0.15962666,0.36268097,-0.38364935,0.24314964,-0.39369056,-0.5766983,0.06991881,-0.18712904,-0.13516289,-0.30541417,0.15510517,-0.0788303,-0.8118498,0.46569538,0.41006523,0.6650804,0.1820388,0.3788085
127,-0.28711697,0.3150037,0.1275671,-0.19350645,-0.16666564,-0.08445403,-0.18107365,-0.10926926,-0.116407156,-0.7073124,0.1274797,0.0027062595,0.33907115,0.077777356,0.2512923,0.35701293,-0.2621683,-0.11610695,-0.19435608,0.3756324,0.37626916,0.07136452,-0.080312416,-0.31630972,-0.5872157,-0.4192301,-0.82014334,0.67089885,0.47272593,0.24171045,0.20357113,0.0066907406,-0.53330445,-0.42578593,0.23403172,0.19496673
128,-0.14619088,-0.37500784,-0.81329226,0.1297983,-0.56266725,-0.04507789,-0.01955086,-0.016530037,-0.6060115,-0.31728357,-0.051453114,0.02226716,0.047007084,-0.07114452,-0.19985461,-0.46503818,0.68618065,-0.2587661,0.054056466,-0.54133755,-0.029234707,-0.13438903,-0.3844014,-0.021861956,0.008283526,-0.46546137,-0.12692612,0.659687,-0.15920866,0.22534338,0.73794556,1.2546027,0.628309,0.11259794,-0.009700701,-0.054007962
129,0.39375716,0.2866742,0.5068389,-0.19683355,0.43624434,0.5397311,0.7415812,1.2473669,0.59889174,0.40158278,-0.38778156,0.17388618,0.18076068,-0.04494542,0.100328684,-0.4797073,-0.15601772,0.094696626,-0.12050122,-0.02859953,0.34384295,0.26609176,0.1526853,-0.29473978,0.58588654,-0.11254578,-0.37729582,-0.6916815,0.02095592,0.027351141,0.012134183,-0.056545556,-0.45977873,-0.11873889,0.14109257,-0.15685025
130,0.23657687,0.16418132,0.18734474,1.27757,0.37053096,0.52637017,3.57522,2.2826085,0.54495996,1.7479432,0.21585982,0.3033506,0.10104489,0.5239593,0.31791717,0.33426556,-0.056119084,0.20146462,-0.11426455,-0.5739269,0.052543387,-0.16939127,0.3111459,0.39735335,-0.11786389,-0.32169443,-0.63904446,-0.11078197,0.38122883,0.17934944,-0.14395383,-0.08928783,-0.84046715,0.5633431,0.49337587,0.12636846
131,0.17834263,0.45841748,0.17465813,-0.12738532,-0.32135156,0.1238471,0.067811675,0.27464044,-0.04757154,-0.6599667,0.28192127,0.14345586,0.22590974,0.36977884,-0.10016656,0.0523881,-0.23639196,-0.42379594,0.8915623,0.059885312,0.1418125,-0.63343334,-0.7863357,0.12568353,-0.30722058,-0.47241864,-0.15003508,2.1349766,0.74766916,1.8158374,0.108567804,0.10271904,0.8581925,0.16447654,0.9911225,0.54759336
132,-0.13959579,-0.14387965,0.4520012,-0.051672854,0.4312076,0.22478604,-0.0645246,-0.51989967,0.4931335,-0.05666679,0.18870187,0.4685598,0.08316592,0.29179,0.69078636,-0.061504006,0.09175444,-0.28063706,0.05219519,-0.38507652,0.011805564,-0.08402799,-0.008208126,-0.04670748,-0.12144542,0.08108488,-0.079648316,-0.030297935,0.01277405,0.17841643,-0.52546597,-0.44257554,-0.39162374,0.09919673,-0.056252003,0.5008907
133,0.37360716,0.095775165,0.18402472,-0.12519038,-0.02809751,-0.41447955,-0.5027672,-0.24272293,0.0655027,-0.23524451,0.462251,0.5540464,-0.028342366,-0.34225452,0.02483058,0.4420691,0.49817598,0.6940304,-0.3683728,-0.42521137,-0.44315907,-0.5374536,0.213987,-0.7478179,-0.21274725,-0.46397197,-0.5653457,0.07042742,0.4050293,0.45353875,-0.36450624,0.022090912,-0.032978475,0.40858558,-0.17429644,-0.066103876
134,0.30758643,0.5738241,0.15886515,2.079505,1.8248506,1.8272406,1.3023274,2.3373075,0.6804211,0.19881421,-0.23521665,0.08711237,0.13930255,-0.09553387,-0.005093336,-0.014244795,0.10710658,-0.1789988,-0.013504267,-0.04318417,0.42315337,-0.009428799,-0.20815057,-0.050169885,-0.02210641,0.052064493,-0.4466864,-0.1282506,0.21017459,-0.17801034,-0.11301565,0.29959506,-0.19661568,0.106494546,-0.045354515,0.5502331
135,0.7584878,0.51768684,-0.013394535,1.1088445,0.95348644,1.6724788,3.482051,2.554673,2.304229,0.041626394,-0.11711763,-0.08134319,-0.45769548,0.22256352,-0.3999082,0.07086125,0.24512136,0.15049784,0.040251255,0.5514434,-0.13363606,0.7909294,-0.16850396,-0.2122153,0.2406547,0.5074592,0.42175686,-0.5366732,-0.47621495,-0.2789247,0.096313536,0.022326406,-0.48565114,-0.011197984,-0.029929519,-0.10766706
136,0.30883712,0.03094986,0.021409094,0.0015703738,-0.8672733,-0.23870969,-0.39683652,-0.009433851,-0.63199675,-0.067198396,-0.33122438,-0.15095457,0.060830623,-0.7928571,-0.48562065,1.1922605,-0.08828957,1.3533317,-0.0826416,0.107632026,-0.43792197,2.032574,1.7726449,2.1716917,1.6274108,0.9708773,1.6617388,0.48471737,-0.03458208,0.061226904,1.8491753,0.44767135,0.54922795,-0.8142232,-0.30179217,-0.44858795
137,-0.7498299,-0.67467725,-0.07910299,-0.2521108,0.19991985,-0.17295134,-0.1964305,-0.16239989,-0.23897016,-0.23860896,-0.20768476,-0.38968378,0.4038074,0.25041154,-0.24715614,-0.64042175,-0.0053340197,-0.21343541,-0.25960004,0.16330248,-0.6125435,-0.35464126,0.17533726,-0.07644951,-0.20633125,-0.5473695,0.0059432164,-1.3333004,-0.4369458,-0.078552306,-1.0984906,-0.9048809,-0.5847213,-0.23247766,-0.43820763,-0.6354945
138,0.003558904,-0.34799653,-0.65990025,-0.12005013,-0.4438536,-0.048221797,-0.17492229,-0.19020379,0.018125534,0.055027246,-0.24598426,-0.21513578,-0.057981074,-0.1523478,-0.1616539,1.1202472,0.6531012,1.1392508,0.043305516,0.40147516,-0.07093197,0.02027458,0.6239678,1.2372085,2.23553,2.9245462,2.4787633,3.5090613,1.9164236,1.8736807,3.633716,3.9558415,3.859562,-0.0010718107,-0.10556635,-0.02236998
139,-0.22654158,-0.7107629,-0.078914344,-0.04606147,-0.22761291,0.12278539,-0.7115183,-0.2966744,-0.009787202,-0.18972093,-0.2929597,-0.23899403,-0.6180284,-0.92842406,-0.18376786,0.04728496,0.32167995,0.08063358,0.042263925,-0.17778245,0.09788638,0.3000297,0.42239255,0.23967636,-0.7636106,-0.18990862,0.18398082,0.012637958,1.0766915,-0.20836002,-0.23280269,-0.38237876,-0.21712115,0.5348019,0.43429577,0.37212047
140,-0.09863743,-1.0124403,0.60670567,-0.38606238,0.116894186,-0.09419301,0.35986495,0.018904924,-0.094512194,0.1006608,-0.16687761,-0.21517129,-0.62298656,-0.72435635,-0.30802053,0.042672694,0.49227804,0.6096142,-0.18192041,-0.106611684,-0.5340641,0.1762132,0.07320164,-0.13732815,0.6091095,0.7795157,0.5820445,-0.2644361,0.28060648,-0.31334448,-0.0807112,0.79933167,1.1511865,-0.19522393,-0.046358466,-0.17661059
141,0.6918882,0.77853537,0.01795885,0.04131639,-0.27809262,0.15298653,-0.03741741,-0.10348368,0.04730624,-0.010107577,-0.23375922,0.24279279,0.14427978,0.21772793,0.2895236,1.4411957,1.3998076,1.7394848,0.25000244,0.01195915,0.17881383,1.5181272,1.6593168,1.2487357,1.8176161,2.1353762,2.2710843,0.3940139,-0.21860573,0.13098736,1.8014545,1.166931,1.8759471,-0.2689175,0.22535072,-0.1897628
142,-0.15817404,0.08236256,0.21881387,-0.22602165,-0.21281046,0.086114466,0.034764707,-0.25666314,0.24719505,0.37936306,1.9166183,1.44719,0.02256918,0.34898114,1.348846,0.042932987,0.053923577,0.29141992,-0.063706696,0.1307182,-0.51352364,-0.17854199,0.09507133,0.143769,-0.022194326,-0.03708359,0.012944341,-0.21975023,0.43064067,0.18468262,0.14774817,-0.17357123,-0.4272581,0.2082938,-0.2575662,0.25256622
143,-0.05825001,-0.53820467,-0.19428657,-0.104855716,-0.9938116,0.042615622,0.14336208,0.52623934,-0.2043236,-0.077676654,-0.4317643,-0.10785596,0.37607378,0.104420245,0.0077608824,1.2332357,0.7715094,0.856369,0.23317498,0.2076495,-0.09201807,2.952589,1.5462587,1.9773741,4.285469,3.698927,3.04406,0.12006229,0.06306518,0.43980527,3.7240036,3.0908046,1.9975007,-0.3280686,-0.17634624,-1.1482229
144,-0.15146638,-0.11448212,0.0980365,0.12810218,-0.39019728,-0.6056584,0.55645216,-0.27814695,-0.011217803,-0.3952987,-0.32685623,-0.09159046,-0.64169216,-0.5504338,-0.14715339,0.1113123,0.5048388,0.37485617,-0.1308685,0.20926027,0.07378158,-0.4075926,-0.4162367,-0.21992393,0.70238173,-0.36449915,0.0030578375,-0.18650454,-0.03481859,0.32363153,0.49465424,-0.71674645,0.52141356,0.4938367,-0.21989173,-0.31599736
145,0.9366044,1.3510273,1.4928148,0.18579161,0.30289102,-0.044760823,0.96591735,0.8303335,1.362673,0.22396272,0.90781957,0.24693048,0.0935072,0.55040604,1.0303097,0.12831283,-0.18932311,0.1195838,0.44770548,0.1516825,0.5301049,1.347651,0.23175693,-0.6870717,-0.8275342,0.039538383,-0.32373974,-0.034225836,-0.03613901,0.058992863,-0.6968568,-0.6843736,-0.06639409,0.11220431,0.2931135,-0.44558913
146,0.3643645,-0.4835904,-0.021908522,0.5170938,1.3310312,0.119522065,-0.52648056,0.20451638,-0.52679586,-0.05070813,-0.25652462,0.084858745,-0.4003376,0.4936692,-0.19485745,0.18765998,-0.2838528,-0.19484691,0.34798896,0.12905884,0.28647876,-0.81552875,-0.14113544,-0.69868374,0.7105304,-0.31078464,-0.7405141,0.5582324,0.24903345,-0.027408749,-0.38029248,0.43626302,-0.17145023,0.44823116,1.0723017,1.1981131
147,-0.47693855,0.20271042,-0.5371648,-0.28013325,-0.46760198,-0.68958527,-0.36527824,-0.41024858,0.07660383,0.28977805,-0.090117395,-0.48852414,0.6423083,-0.20341727,-0.5514872,-0.13447174,0.15037835,0.39858562,0.28500035,-0.06328191,0.25010884,0.8321739,0.6328172,0.5943966,1.4288849,1.8912289,2.5922623,-0.11237204,0.055428475,0.1786446,1.0124623,0.87069285,1.9133008,0.10571265,0.44503343,-0.35601342
148,1.7898033,2.704038,3.4450045,0.09594467,0.65558034,-0.028449493,1.7719717,1.7127904,2.1059992,-0.46219143,-0.18237936,0.058185186,1.214854,1.389972,1.2312204,0.1347413,-0.31564283,0.04029423,-0.058854878,0.14178848,0.114240654,0.050766356,-0.36076587,-0.19703841,-0.15396187,-0.070853405,0.14464459,0.5949525,0.2236366,0.3104854,0.023437738,0.56187,0.5340271,-0.2944348,0.44376525,0.08158952
149,0.1773082,0.42206925,0.12133607,0.30964667,-0.0053967834,0.55188537,1.0600837,0.30348718,-0.4201473,-0.011832714,0.09845728,-0.47050494,0.113621,-0.03540647,0.41125107,0.27348936,1.0814968,0.1572243,-0.49390054,-0.27672195,-0.08366194,-0.10507268,-0.17715421,-0.3014896,0.0281347,-0.17086709,-0.20289707,0.7004828,0.083182216,0.25343144,-0.055695057,0.47116476,-0.27917948,0.243836,0.47542572,-0.5760558
150,-0.08773553,-0.12335545,-0.15710449,-0.11865735,-0.15672389,0.08322871,-0.0070046782,0.5217847,-0.4088254,-0.06340945,0.12226692,0.0047784448,0.0073586702,-0.038860172,-0.19566643,-0.08315629,0.27859986,-0.09148079,0.18203092,0.17151418,0.13333797,-0.011222482,-0.34177095,0.3237763,-0.1896509,0.40883023,0.83014524,-0.16084814,0.010452151,0.08885527,-0.07090998,0.25273466,0.3805281,-0.12102085,-0.13045096,-0.11034024
151,-0.037392884,-0.4592404,-0.30331734,-0.3682342,-0.5003744,0.07688361,0.20569028,-0.23402181,0.041276276,-0.4355388,-0.06780919,-0.17830107,-0.4474515,-0.5059427,-0.057740897,0.4478414,0.1591079,0.16151367,0.054525703,0.51278675,0.13365994,-0.14626914,-0.09483462,0.9184912,-0.098797254,-0.2719888,0.26442504,0.54728556,0.9944976,0.07092628,-0.051156893,1.0041945,-0.11148076,0.12925929,0.046477154,-0.41979158
152,0.192628,-0.17372352,-0.6263358,-0.29635453,-0.2540335,0.19416821,-0.08881074,-0.0010775924,0.123560786,-0.64543253,-0.11513561,-0.73684037,-0.0061712265,-0.17176247,-0.7318168,-0.019653298,0.24034482,0.20055279,-0.16262215,-0.38985002,-0.31569862,0.09687878,0.29713666,-0.0035569966,0.12541646,-0.52747947,-0.2490035,-0.015936852,0.29069403,0.084049284,-0.27996373,-0.21304774,-0.07811439,0.20332879,0.22041847,-0.5342926
153,-0.21709378,0.114861086,0.08720068,0.06312919,-0.22043043,0.08958447,-0.039309964,-0.4260717,-0.4141016,0.81516314,0.098918945,0.04179638,0.08700496,0.025248267,0.12519068,0.47535333,0.28520626,0.28205413,-0.065513015,-0.41056758,-0.33127967,-0.28351587,-0.03991636,-0.4631704,-0.40130687,-0.21038207,-0.73198634,0.031410128,-0.58158123,-0.6359014,-0.08390464,-0.13452834,-0.38086134,-0.5390779,-0.025753142,-0.38884574
154,0.085317135,-0.14977026,0.33925796,0.052888393,-0.17834646,0.28459668,-0.16228706,-0.0929946,0.49992943,-0.29014134,-0.029963642,0.08451879,0.04321778,-0.15852825,-0.2236774,0.1433019,0.10008559,-0.30720115,-0.0146996975,-0.15012015,0.21704233,-0.10325873,-0.18244931,-0.73623323,0.19380587,-0.051331162,0.7602571,0.17452687,-0.23408163,-0.099334255,-0.1645962,-0.37527823,-0.015239418,-0.28701425,0.037926376,0.052586317
155,-0.71388686,-0.25287288,-0.6292281,0.12172046,-0.2520293,-0.3430425,-0.0798223,-0.17886905,0.28179556,0.4433926,-0.4248437,0.05293259,0.4710197,-0.1649854,-0.0266518,-0.28803968,-0.5737295,0.10337129,-0.3883781,-0.052918345,-0.4728104,0.58894414,-1.0659332,-0.6226762,0.013186708,-0.25772431,-0.4579486,-0.049512237,0.2697903,-0.18650123,-0.77417535,-0.032372896,-0.12735885,-0.37999523,-0.2413976,0.31622648
156,-0.29718468,0.4343761,-0.5307298,0.38096246,-0.02869764,0.13783616,-0.08969792,0.33954555,-0.3191975,0.43014276,0.036045015,-0.009240031,-0.40666425,0.04348053,0.10973024,-0.22251308,0.4684623,0.069551885,-0.22640413,-0.9656208,-0.33417082,0.17907178,0.007443607,-0.18072438,0.26367107,0.17412198,-0.28304297,-0.270539,-0.1395348,-0.1256355,-0.13731414,-0.03492236,-0.05343066,0.65541685,0.17471728,0.8047653
157,0.3870279,1.0403786,0.6424269,0.5945275,0.008900924,0.4384762,0.28455085,0.9267397,1.5393691,-0.26728842,0.26905817,0.31483653,-0.50657725,-0.36127472,-0.09690118,-0.06095496,-0.05297333,0.26229802,0.27512628,0.13054807,-0.013623625,0.27708402,0.5299047,0.19406807,-0.7514089,0.19141497,-0.33696428,-0.09253135,-0.0782966,0.5257958,0.27835116,0.5901568,-0.19763435,-0.056022108,-0.10570286,-0.26852745
158,0.19495082,0.6930675,0.13315876,-0.14755082,0.8926871,1.637661,0.7902641,0.43557584,-0.019391507,-0.21287936,-0.3361917,-0.09312776,0.36343628,0.64323306,0.42028,0.05231081,0.11227468,-0.06640141,-0.26415375,-0.34819758,0.008673221,0.44816613,0.19674712,-0.18488467,0.8948316,-0.49375725,0.027828619,-0.61805075,0.403346,0.63566977,0.01758489,-0.46717227,0.24063477,0.42223698,-0.32707965,0.1789853
159,-0.019476414,0.32325125,-0.047293723,0.007870078,0.2819552,0.047341764,-0.32251382,-0.10458352,1.1131343,0.08185387,-0.3578286,-0.6837414,-0.09749627,0.3396181,-0.6738308,0.51534814,0.12062445,0.42113677,0.017685771,0.23150691,0.45285523,-0.30949676,-0.29486492,0.090664774,0.29170218,0.041671515,-0.16493192,0.24796295,-0.1795614,0.22488794,0.050279945,-0.0018817186,-0.07534206,0.2699103,0.115354344,-0.75566757
160,-0.09946239,0.19181886,-0.4737092,0.3138659,0.32459927,0.35256767,0.12972838,0.10690975,0.45745438,0.04032111,-0.16842602,-0.13349906,-0.2598145,0.19685777,-0.06340966,0.012780309,0.45240974,0.5077425,0.019769311,0.22533877,-0.10972375,0.09865528,0.21608043,0.3466763,-0.08539951,0.016263738,1.1022657,0.7596116,0.70336086,0.84974134,0.913607,1.8356035,1.5986838,0.21356362,0.13089408,0.30867457
161,0.18764836,-0.15907848,-0.088002734,-0.35283834,0.26517692,-0.3041818,-0.45550746,-0.18502542,-0.050195754,0.23278713,0.16972679,-0.17845967,-0.09444706,0.02002883,0.04459169,-0.10714576,-0.23066808,0.09199918,0.7697437,0.0612944,-0.49890608,0.56478286,0.14301193,0.26060283,0.27813172,0.4190235,-0.025654182,0.7597046,0.32469058,0.9965817,-0.18203226,-0.3192005,-0.37212002,0.7168995,-0.24201941,0.5139935
162,0.07874358,-0.3879425,-0.09832564,0.018642783,0.27244973,-0.7053287,-0.14556953,0.105385125,-0.5076737,-0.3195641,-0.31884283,0.061589777,-0.4910401,-0.19803709,-0.4964555,-0.23262748,-0.21850486,0.010593832,0.18737996,-0.105056345,-0.09580219,0.35039452,-0.06712106,-0.02704826,0.38753927,-0.32671186,0.052182794,0.29192173,0.1762656,-0.0694969,-0.0469696,0.26143524,-0.17212927,0.5524206,0.072200164,-0.01446557
163,0.2399365,0.41386628,0.5244552,-0.057782054,1.4752623,0.5966109,-0.36985832,0.15340923,0.2536353,0.36419845,1.5509377,0.9995866,0.5083395,-0.033581793,1.0003973,-0.27417195,0.33992863,0.042663693,0.20445085,0.32491446,0.30025792,-0.04429221,-0.20628418,-0.36620486,-0.640385,-0.036370456,-0.4461307,0.13993347,1.0767672,-0.3785814,-0.0832712,0.9058409,1.4561746,0.94189835,0.3512975,1.5902208
164,-0.12765317,-0.33238387,-0.18018508,-0.14762738,0.69668496,-0.21654862,-1.3440623,-0.39332303,-0.2647226,0.9703639,0.1502983,-0.033450484,-0.547337,-0.16524398,0.38414946,0.24759907,-0.056738466,0.6201083,0.24329834,0.33825558,0.18158478,-0.20012611,0.54513085,-0.24191141,-0.27172038,-0.3323928,-0.41189164,-0.22784752,0.79858154,-0.46517944,-0.69032586,-0.24620897,-0.41151094,0.32542533,0.25348943,0.5364508
165,-0.39966598,-0.19667318,-0.014382854,0.27043265,0.01492624,-0.047463298,-0.20514053,-0.069134295,0.11036569,0.28294927,0.2221937,-0.025852948,-0.10641256,-0.03837982,0.19979128,-0.22696978,-0.0984942,-0.49443662,-0.29916835,-0.2117652,-0.2005282,0.21711826,-0.5511987,-0.5442813,0.08227682,-0.30940676,-0.5081893,0.21817338,-0.28500915,0.3654102,-0.2326993,-0.3563801,0.65667135,0.03298805,0.3326627,-0.27699864
166,0.36018994,0.913998,0.27522874,-0.42884296,-0.107071176,-0.17929193,0.064795375,0.2921332,0.8466799,-0.20920157,-0.58958703,-0.016650155,0.16256326,-0.3301202,-0.37579438,0.28512084,0.09782652,0.18816279,0.29163426,0.12537168,0.30415037,0.5376034,-0.0005157441,0.21043774,0.24372463,-0.17686123,0.21878189,0.13616566,0.34838587,0.30618715,0.55163985,0.36455008,1.1572651,0.18526673,-0.26133314,-0.70957124
167,2.853353,1.6590855,1.2468212,0.09676874,2.4877489e-05,-0.03238702,1.9304701,0.87491757,0.7902742,0.4840232,0.111665465,0.4881949,1.0891885,0.85475326,0.34291303,1.2356,1.2772801,0.89253265,0.07831299,0.022291183,-0.21343416,1.7930398,2.0568752,1.2160797,2.8623748,3.175558,2.5954592,1.2828181,-0.52026546,0.22722083,2.805091,1.6621555,1.3308792,-0.33894467,-0.14507253,-0.054992914
168,0.22143406,0.656442,0.3090496,0.048943043,0.32227623,0.07324004,-0.067142546,-0.03955078,0.20352232,0.42989337,0.7930884,0.42655098,0.5645164,0.30767328,0.58401775,-0.02860552,-0.020479783,0.7292247,-0.09968555,0.12200995,0.20761764,0.009000361,0.06178288,-0.122519016,0.026192427,0.13348123,0.1120902,-0.26535457,-0.17963496,0.054600716,0.09054446,-0.2760829,-0.18706167,0.23710471,0.0997267,0.40109038
169,0.48064744,0.8175469,0.36006427,0.5647578,0.5370197,0.33476692,-0.27441192,0.10121989,0.5152992,0.1672461,0.21229586,-0.2664642,0.0048303604,-0.009079456,-0.32617047,0.66153693,-0.012871519,-0.022264026,-0.21792734,0.40098223,0.40170836,0.42811167,0.10298842,0.1549256,0.49123263,0.50593203,0.782605,0.23793352,-0.106891274,-0.048238337,0.12812614,0.9767903,0.41547093,0.31576204,1.2265856,0.5382372
170,-0.15697111,0.06335202,0.29624572,-0.25590152,-0.30791798,0.17604387,-0.026682168,-0.78509307,-0.23121314,-0.16134252,-0.7269614,0.2619704,-0.26964664,0.06085389,0.3147773,0.96857315,-0.04545623,0.36063826,0.062068224,-0.2728626,0.64789397,-0.1640241,0.18347055,-0.21427512,0.58941686,0.053982332,-0.27272427,-0.36795714,0.1860493,0.26260385,0.30869466,-0.17328927,0.2637702,-0.43791497,-0.19464529,0.08818801
171,0.27328777,0.25663385,0.0359658,0.7417192,0.2766291,0.32350516,0.123134464,-0.03649074,-0.77813447,-0.15823346,0.011994898,-0.25070018,0.16292083,-0.07480776,-0.09529972,-0.147461,0.13718855,-0.34771514,-0.29946196,0.70591277,0.8040304,-0.18091404,-0.6508049,-0.26285338,0.44960305,1.6917992,1.1233827,1.0718484,0.10642302,-0.43900442,0.6773851,1.0247767,0.32639602,-0.21149331,0.46441442,-0.26081094
172,0.62253654,0.40542403,-0.340589,0.13686657,0.11476469,-0.2661729,0.39336547,0.43316114,0.36154187,0.060889065,0.41892016,-0.29341716,-0.11103481,-0.049002983,-0.12668395,-0.099102676,0.27014333,0.3757366,-0.06903374,-0.02059383,-0.07654747,0.14430135,0.2532087,0.053199947,-0.17561856,0.16501309,0.22586915,-0.23235968,-0.10941476,-0.5217931,0.03326288,-0.53017867,-0.3195717,-0.35453302,0.042132854,-0.24961945
173,0.6957134,2.9978213,1.1096387,0.2471601,0.48098955,0.8083283,6.1044097,5.0360546,4.7130017,-0.08857995,0.16020691,-0.18690294,0.014260083,0.16493367,0.066597044,0.0086543,0.22818604,0.09148286,0.5336526,0.020505965,-0.020068109,0.04518558,0.19966137,-0.019557297,-0.18953003,-0.27731064,0.09771669,-0.4321097,0.12202935,0.23622864,0.2668674,0.022549152,-0.056052238,-0.040832087,-0.086594105,-0.25281233
174,0.523183,0.0772419,-0.12799788,0.096330166,-0.027885616,0.09621179,-0.30344874,0.7470703,0.40579885,0.02208662,-0.17456937,-0.41361657,-0.17913389,-0.13681364,-0.24217567,-0.0057347566,-0.24107751,-0.21501076,0.25225222,-0.074302256,0.030625671,0.1869457,0.06381774,-0.28723064,-0.20878738,0.15745646,0.08911863,0.13474618,0.34341925,0.8206603,0.31225365,0.42750067,1.335726,0.17619711,-0.34451216,-0.5350032
175,0.62825525,2.4457211,0.8864331,0.20359427,-0.114860356,0.14546674,0.24207944,-0.21719664,0.8305338,0.044585705,0.102464855,-0.11144049,-0.25947487,-0.15197842,-0.14994964,-0.14884254,0.05898033,-0.064955816,0.10180324,-0.27470952,-0.11118691,0.5755799,-0.49879602,0.096000314,0.42215642,-0.18852036,0.22337222,-0.075280786,-0.15839824,0.32823515,0.36543775,0.54716074,1.3082018,0.733784,0.13303599,0.28347096
176,0.43175066,-0.5095375,0.75147957,-0.09981012,0.0036409497,0.67164326,0.20556858,0.124316394,0.30938727,-0.07050568,-0.53968847,-1.0436497,0.12040925,0.1271638,0.07079138,-0.10453838,-0.21566525,-0.24500683,0.16004527,0.3392671,0.5780991,0.3594241,0.5788863,0.13655668,1.3401334,0.41390944,0.011930138,0.20202577,0.3067296,-0.21850552,-0.09293991,0.11505676,-0.4002357,-0.32212126,-0.116922766,-0.6792217
177,-0.5707459,-0.1690041,0.45165473,0.051362365,0.43338004,-0.007856309,0.08722454,0.040022597,0.056875646,-0.31244457,0.21140584,0.6600359,0.41328272,0.20320591,0.4072878,-0.54438263,0.13486584,-0.53726375,0.2917717,-0.14799337,0.14247002,-0.2315825,-0.24412936,-0.23686594,0.52945316,0.24561933,0.0443255,-0.48992175,0.4498246,0.366037,0.10795438,-0.30193138,-0.10610086,0.7343213,1.3238136,0.20748112
178,-0.090233564,-0.19591811,-0.16851503,-0.015910149,0.28570968,0.09898281,-0.24005753,-0.13282159,0.39630425,0.09600186,1.0440356,2.0335686,0.20793474,-0.21229273,0.37377888,-0.13346487,0.04232928,0.80905133,0.024835706,-0.35640678,-0.28566325,0.08889043,-0.22194922,-0.15663214,0.12914157,-0.059940815,-0.29969728,-0.11012858,0.23332945,0.41391042,-0.01609838,0.17369509,0.10717857,0.072702765,0.17635626,0.19495016
179,0.22251207,-0.05088371,-0.44907522,-0.18169248,-0.40617788,0.16638845,0.03658086,0.094626665,-0.02981615,0.031362712,-0.2546474,-0.43782803,0.109680355,0.03829533,-0.6400123,-0.299844,0.273534,0.23062521,0.2364713,-0.21293083,0.101439,0.06714189,0.057984084,0.22113508,0.54180235,0.25119913,2.7843,0.1963548,-0.12736556,0.20163602,0.15921533,-0.097304165,0.4303279,0.08696711,-0.057601526,-0.2977391
180,1.3758408,2.1079445,4.0057635,0.030826628,-0.15450466,-0.32942975,0.19666803,0.49035665,2.8970377,0.26103035,0.32522422,0.40855494,0.69230014,0.657007,3.4478974,-0.129695,0.23402351,-0.2935927,0.0583539,0.32090706,-0.31434435,0.09982604,-0.27408642,-0.35645446,-0.096176445,-0.1999611,-0.7611311,-0.10631436,-0.14341454,0.27237946,-0.030433893,-0.009013176,-0.026366904,0.23397899,-0.30951437,1.3459761
181,-0.05170238,0.002772212,0.521403,0.029845186,-0.58281326,-0.071097314,0.1110965,-0.7822572,-0.49474657,0.1786977,0.38825577,-0.38253346,-0.36736834,0.190799,-0.16184765,-0.3853755,-0.41855508,0.07510308,0.28884992,-0.2001665,0.099357784,0.19432682,-0.02754049,-0.25468454,-0.20740527,-0.55059505,0.010008816,-0.2685873,0.30446255,0.5454036,-0.29170242,-0.47888258,-0.2199254,0.27491176,0.12452933,-0.1162917
182,-0.09529179,0.3914808,0.46053958,-0.13776562,-0.0531708,0.33479887,-0.16227937,0.3285122,-0.27604386,-0.26044118,-0.02972567,-0.41606364,-0.10783565,-0.031516075,-0.15121353,0.049013197,0.037636608,-0.20533925,-0.2815675,-0.10584319,-0.19762665,0.024523735,-0.15526083,0.07820964,-0.07243776,-0.0811798,-0.10100436,-0.21597248,-0.041935444,0.510948,-0.11035842,-0.34811565,-1.0267715,-0.039859533,-0.67691827,0.37085086
183,0.070507646,0.25744197,0.6480345,1.7351521,2.246249,4.484967,2.0702088,3.3507361,3.9764743,-0.15835392,-0.24164718,0.3115998,0.16909367,-0.03856629,0.19556093,-0.2055148,0.16223955,0.15240765,0.065865874,0.14312524,-0.004695922,0.055476725,0.0594846,0.252379,0.808968,0.47795272,1.5804697,0.120067716,0.03338082,-0.029992104,0.881284,1.934587,1.6240064,0.047164798,0.3064815,-0.33454448
184,-0.0021799803,0.25268048,-0.42240417,0.3487745,0.3983422,1.1928284,0.17592698,0.2856453,0.30507243,0.28501636,0.3826211,0.3471334,-0.03857553,0.071232796,0.05063069,-0.16137576,-0.04924971,-0.14207238,0.029239893,-0.03284675,-0.17616987,-0.030345201,-0.36019155,-0.4768963,0.023771048,-0.2807966,0.0527184,-0.2499718,-0.11945875,-0.5437045,0.13635403,0.201271,0.15572609,-0.12953883,-0.41091067,-0.22350582
185,-0.08154744,-0.24906486,-0.30625802,0.045441985,-0.0905918,-0.020598277,-0.32189238,0.014630318,-0.26559663,-0.014914155,-0.0012311339,-0.4244069,-0.08297527,-0.015090227,-0.00058060884,-0.2758272,-0.19036043,0.37337685,-0.049307108,0.0004107356,0.042608142,0.24263185,-0.18847021,0.8334804,0.28913274,0.15400445,0.29331923,0.12684327,0.7132573,-0.15044111,0.034300864,0.5881874,0.07094908,0.7408624,0.9457246,0.5857757
186,-0.16259205,0.094172835,0.06676167,-0.6239685,0.06993726,-0.025383517,-0.29995048,0.6077689,0.29975557,0.0799315,-0.013267517,-0.08228445,0.5884696,0.023341656,0.06820601,-0.3691689,-0.30107945,0.39114735,0.19064438,0.22993314,-0.047852814,0.6355616,0.47693673,-0.3486887,0.15942167,-0.06592965,-0.00036984682,-0.053437054,-1.4624887,0.035593554,0.6420334,-0.04240644,-0.024934232,0.29057813,0.22968055,-0.02982831
187,0.009602904,0.16830632,-0.12254697,0.20514563,0.360214,0.0021324158,-0.101062834,-0.095657215,-0.0145863,-0.012152642,0.16457179,0.07022162,-0.135153,-0.04402457,-0.048877716,-0.19399655,-0.34681046,0.18647638,0.031140715,-0.11170623,0.8134452,0.043101788,-0.18387283,-0.34170794,-0.2973159,0.40706694,-0.4814523,-0.120256305,-0.6219461,-0.5105051,-0.0749594,-0.16506249,-0.6994288,-0.093405604,0.6288362,0.6157925
188,-0.23000485,0.1408822,-0.050043464,-0.32585526,0.32246122,0.2007044,-0.67567563,-0.19117053,-0.10157013,0.3543065,-0.28491262,-0.047177047,0.2978832,-0.16261174,-0.4164543,0.26326716,-0.19982056,-0.57856226,0.017498612,0.25796545,0.57641447,-0.5934459,0.3050862,0.08285493,-0.36316967,-0.6311778,-0.69655555,0.49061114,1.4875977,0.68919706,0.04330355,0.6805679,0.3367315,-0.08949953,1.0496106,0.71431667
189,0.10244268,0.06630981,0.14629239,-0.07997537,-0.24994358,-0.17564034,-0.12172812,-0.19601619,0.17361152,-0.077141404,-0.24505103,-0.3842634,-0.098499954,-0.105492204,-0.3726642,0.037954748,-0.15212071,-0.20704651,0.03349638,-0.10272235,0.3604856,-0.04202476,-0.07841092,-0.11460292,0.08241475,0.03347349,-0.2597261,-0.04610747,0.07806959,-0.48765615,-0.012895048,-0.050114393,0.0787732,-0.15469366,0.178897,-0.23052955
190,0.18412796,-0.44063622,0.14447081,0.37162533,0.09052211,-0.24936938,-0.088330954,-0.25958627,0.25589845,-0.073853076,0.14078927,0.0619421,-0.09145957,-0.24148223,-0.15880132,0.2925606,-0.24562985,0.060232118,-0.15482897,0.31841773,0.45322475,0.18427989,-0.25451085,-0.43476292,0.077398,-0.013280431,0.21761867,-0.056007266,0.4452479,-0.22887969,0.0064915717,-0.17540538,0.07288885,-0.054527223,-0.0051718354,-0.17305803
191,0.015777856,-0.4842679,-0.34763694,-0.14061421,-0.123016804,-0.39004964,0.12663707,-0.34011796,0.023038924,-0.06734103,-0.3151041,0.13894464,-0.03781563,0.34783468,0.17843789,-1.0544591,-0.035113633,0.27259964,-0.07904321,-0.43274295,0.1892481,0.11736035,-0.23809874,0.34992266,0.115078926,0.44262263,0.5508716,1.8126637,0.7847883,0.9334191,3.906233,2.9600723,4.2085176,-0.16834712,-0.20184374,0.12564301
192,-0.006626427,1.0591582,-0.10714704,-0.16574574,-0.107546,0.7862054,0.8641413,0.25916862,0.00951463,0.35908484,0.3708272,0.004396379,-0.032512546,-0.7175446,-0.18485406,-0.29233044,0.008493006,0.13362741,0.13147867,0.11660445,0.66116476,0.15640247,0.07803258,-0.4175772,0.18548179,0.05847159,0.06540024,-0.138197,-0.44125015,-0.054926038,0.4842552,0.7454343,0.35485357,0.0067384243,-0.40501642,-0.42037037
193,-0.04573354,0.79505444,-0.03914544,0.437612,0.7260015,0.017452955,0.9477442,0.055452883,-0.016512007,-0.025039375,0.08870205,0.18792206,-0.47674352,0.2599693,-0.30130857,-0.23358563,0.09924668,-0.2289691,-0.8513669,0.07176103,0.005337417,-0.12727946,-0.27461383,0.04024063,-0.12583387,-0.007137835,-0.21258107,-0.2331925,-0.46320042,-0.42746603,-0.4053693,-0.15327036,-0.6086445,0.29417104,-0.06530857,-0.1516542
194,-0.16197401,-0.44017878,-0.071412265,0.19966832,0.31051308,0.1449422,0.14787608,0.17785296,-0.18893898,0.5119735,0.91059154,0.8432077,0.36670697,0.48199984,1.5096123,-0.12193602,-0.324626,-0.3497519,-0.06611812,-0.33084738,1.7719884,-0.18653119,-0.46456763,-0.17513634,-0.07304424,0.04502502,0.10954714,-0.33544213,-0.46751118,0.04423642,-0.13193107,-0.07201293,-0.15857829,0.23019832,-0.5871513,0.1725207
195,0.019820571,-0.759619,-0.5166981,1.4336838,1.2757261,2.3675256,-0.23346847,1.209274,1.093436,-0.14101714,-0.2021511,-0.13337304,-0.6413011,0.034262836,-0.41465986,0.039833367,0.20566589,-0.09470928,0.03282249,-0.052488923,-0.40784425,-0.2926346,-0.4770657,-0.26853466,0.1394471,0.168623,0.8013699,-0.089933336,0.5511891,-0.19355693,-0.08913022,-0.13158973,0.24739379,0.06301929,0.002429381,0.021876156
196,0.04367721,-0.06417328,-0.49822402,-0.03122437,-0.17640302,0.22240746,0.020490825,0.0010334253,0.20658879,0.0069104433,0.18127985,0.6206571,-7.236004e-05,0.38249362,0.015095875,0.0022995472,0.2066688,0.20931637,-0.027046561,-0.43806756,-0.5801637,0.018549562,-0.0013043582,0.43170166,0.4080819,0.13154113,0.20916086,-0.37536556,0.2863816,-0.2274208,-0.084421575,0.19895633,0.18028244,-0.12918264,0.43881744,0.32377
197,-0.1401332,0.17136383,-0.34029305,0.005179882,0.040971994,0.18756634,0.013765812,-0.15535483,-0.32079017,0.14945078,0.352247,0.14934868,-0.12469232,-0.3639311,0.10898644,-0.39724553,0.61599445,0.23256063,0.032072186,0.14623588,-0.11005181,0.28234193,0.2632162,0.8832473,0.57544625,1.2733594,0.5198674,0.11968607,-1.012069,-0.22804254,0.32025057,0.4236941,0.89484227,-0.47471297,-0.03948033,0.397919
198,-0.32000262,0.7573047,-0.053975165,0.425862,-0.29617098,0.03493893,0.023094833,-0.13974106,-0.47620946,-0.24394375,-0.2573272,0.094305396,-0.15983605,-0.6250996,-0.2383672,-0.1810844,0.47315115,-0.18294793,-0.38250557,0.09009302,0.15448678,-0.18962026,-0.07474342,0.6260122,0.39021572,0.5908979,0.46007407,0.07569987,-0.41123724,-0.12411022,0.1624887,-0.08851439,0.68553174,0.23340702,0.13739757,-0.09290591
199,0.054897428,-0.014134389,-0.2166599,-0.040110707,-0.021654248,-0.056556165,0.13136762,-0.11723466,-0.2212556,-0.017508507,0.13606948,-0.0025303364,-0.00032007694,-0.11050296,0.19248164,0.08777058,0.018565416,-0.32823217,0.18498707,0.11137223,-0.04947591,0.011501908,0.025852203,0.21275294,0.17009646,-0.17331237,0.11838293,-0.15163028,0.20423596,0.5477804,-0.043028235,-0.14027232,-0.01677838,0.2669661,0.31895196,0.8223951
200,-0.48165226,-0.079122245,0.38820603,-0.22823474,0.096147865,0.14640015,0.54648846,-0.4579519,0.67984647,1.5781393,1.6103041,1.341999,0.6069573,1.4345536,0.81760633,-0.15544641,0.27905726,0.16346216,-0.0017195344,-0.29389915,0.024928927,-0.33452114,0.05828157,-0.27524126,0.36503202,-0.21530336,0.08059031,-0.15728469,-0.722379,0.04779893,0.49357194,0.032856226,0.27399135,0.0005939007,0.14960313,-0.10160947
201,-0.4414245,0.29721278,0.015027046,0.74268067,0.5033294,-0.17952383,-0.2109515,-0.008670781,-0.26155227,-0.1376741,0.21594214,-0.69427574,-0.08062962,-0.27718312,0.16619311,0.62950504,0.09298912,0.082908005,-0.51213884,-0.21278322,0.53408104,0.27064627,0.14775866,-0.233388,-0.3075263,-0.3448733,-0.6150708,0.091590345,0.29101104,-0.4329959,0.06700021,-0.27972358,-0.3813772,0.1292886,0.8045059,0.30533698
202,-0.79725933,-0.29006982,0.16698831,0.41170436,0.31886244,0.6558577,0.059000075,0.3948079,-0.10953513,0.36262858,-0.016998947,0.42322493,0.080039024,-0.3105057,0.3844648,0.2800281,0.3738354,0.5363258,-0.019647837,-0.21198624,-0.06992559,-0.3318463,-0.060166493,-0.7330501,-0.06313748,0.86874676,0.07993835,-0.91016144,-0.6391938,-0.40684384,-0.02929759,-0.6805115,-1.1210462,0.10968667,0.33465284,0.036385365
203,0.47564515,-0.28935614,0.31896877,-0.24256015,0.14300466,0.7226893,-0.3982975,-0.22442183,-0.27358735,0.095205754,0.01076442,-0.4565311,0.23843497,0.12829265,0.024708152,-0.5124391,0.07115179,-0.24563438,-0.16660571,0.23151106,-0.12721264,-0.30173522,-0.3119562,-0.005812764,-0.008333862,-0.13626158,-0.11721367,-0.27803153,-0.09515275,-0.23223239,0.034603596,0.28591877,-0.3000574,0.84052515,-0.0017312765,-0.19307435
204,0.45931256,0.33695805,0.25199217,0.009809911,0.009791434,0.027831793,0.43887883,-0.28938937,0.4280635,0.6259296,0.46208256,0.29502118,0.33213133,0.38408712,0.5361992,0.4139996,0.36662138,0.044094145,0.24918148,0.47007072,0.18393773,0.06529912,0.13062465,0.19790387,0.042419195,0.11841941,0.24627176,0.06539577,-0.2631833,-0.040908962,-0.11950737,0.5592656,0.048323095,0.3494587,0.37832734,0.4463241
205,0.22652307,0.14092654,0.08618798,2.2571986,3.7363777,2.167662,1.2184759,0.3667664,1.1102403,-0.009727895,-0.13147493,-0.09903093,-0.18382907,-0.4129621,-0.37872237,0.010937214,0.34890437,-0.09174129,0.03857331,-0.34565008,-0.09683758,-0.07147211,-0.2215482,0.0036671758,1.7239898,2.5507965,1.7276701,-0.46127215,0.3187217,-0.5864389,1.7894166,1.073099,1.872665,0.044581234,0.18277827,-0.22844927
206,0.28446603,0.49007976,-0.020396493,-0.044745505,0.052445322,0.64387035,-0.08576262,-0.102740526,0.10830337,0.4996358,0.9946085,1.565512,0.71402574,1.0772138,2.8974643,0.08210355,-0.18545222,0.1850412,-0.08490515,0.25824088,-0.051071286,-0.12089318,-0.26008424,-0.124164164,0.14026749,-0.27607206,-0.023571968,-0.24952817,-0.17278486,0.046443105,-0.031362653,-0.11406687,-0.37178183,0.14814407,-0.2537174,-0.081583664
207,1.1152165,0.66140705,0.16636169,-0.19188237,-0.1924349,0.38772404,-0.44062734,0.29599386,0.21002321,-0.14105445,0.120406434,-0.81257606,0.27007914,-0.21378988,0.018963575,0.33429316,0.05229649,-0.16839057,0.41964376,0.3401569,0.06582144,-0.23862505,-0.23460785,0.15188324,-0.02505362,0.35165364,-0.19987813,-0.051702857,-0.05071497,0.10368514,-0.5167185,0.005373746,0.120719895,0.9041214,0.32962674,0.20373654
208,-0.14674598,-0.43976828,-0.10209024,-0.5292348,0.5640484,-0.37978852,0.32263756,-0.13212296,-0.05479285,-0.25714168,0.15685278,-0.113741696,0.026275098,-0.21347588,-0.14240253,-0.3902741,0.22561783,-0.015110254,-0.57425666,-0.02489072,0.2538661,-0.20825666,-0.86696327,-0.57013154,-0.013792887,-0.12269888,-0.30657083,0.30860686,0.33695447,0.5326171,0.012007475,0.7570598,0.67538023,0.57035893,0.32493937,-0.18315725
209,-0.19315797,-0.103604466,-0.48197597,0.01096499,-0.038625717,-1.3490226,-0.031695962,-0.32466105,0.24677658,-0.022809684,-0.30112922,-0.18891923,0.03331822,0.59023726,-0.52272946,0.051891267,-0.2289397,0.19856767,0.12535584,-0.0493474,0.022027165,-0.15078604,0.13918394,-0.13815236,0.06741953,-0.06305024,0.049004078,0.004708916,0.044786632,0.031992674,-0.11156374,-0.029209614,0.5386217,-0.13622814,-0.29791707,0.21491611
210,0.022976577,0.5835809,0.080010355,0.23480403,0.45087206,0.17819706,-0.031137288,0.7374817,0.4174887,-0.028607965,0.14000095,-0.09306708,1.0659198,-0.33058825,-0.032989502,1.3240166,0.24517348,-0.08256968,0.09368634,0.24953692,0.12417635,-1.3195195,0.23671584,-0.20417793,-0.30898154,0.21938589,-0.14634645,-0.14459592,0.20387203,0.14372724,-0.13997227,-0.1871638,-0.012574762,0.54081744,0.020925261,0.13740426
211,0.09518656,0.68594277,0.1485495,-0.0456236,0.014995635,-0.037257336,0.66132593,0.3044678,0.22847837,-0.11280167,-0.37609494,-0.7527208,-0.30077437,-0.19981563,-0.08415675,-0.07469709,0.19810098,0.05952853,0.28698045,0.033302516,0.42700553,-0.3494074,-0.43684468,-0.15531385,-0.07577962,-0.7492235,-0.3834415,-0.7172953,0.09400304,-0.36961317,-0.40367234,0.041543722,-0.5555911,0.08264893,0.14078462,-0.22939324
212,-0.024317652,-0.3634634,-0.30764282,-0.21744403,0.51314414,-0.33169866,-0.39820322,-0.021784157,-0.4528343,-0.5443847,-0.10542479,0.09817605,0.019689083,0.19887523,-0.19504817,0.26224786,0.04287699,0.14992198,0.10151973,-0.55911505,0.15665726,-0.12966079,-0.1909852,0.10089141,-0.09636381,-0.29947442,-0.2828712,-0.82803893,0.250652,0.24108984,0.093400665,-0.587853,-0.6191407,0.0935124,0.35712513,-0.13689631
213,1.0822425,0.98792034,0.12526816,-0.19313583,0.05828479,0.8245016,0.8582927,0.40283918,0.6785125,0.27298775,0.29335368,0.5395729,0.40498692,0.36529756,0.2612407,0.03680764,0.57574993,-0.3710173,-0.7977891,0.16067931,-0.14293894,0.37116274,-0.26374933,0.5664542,0.4931711,0.23490554,-0.2660782,-0.6016898,-0.046622157,0.14600587,0.30262363,0.4373161,-0.14005956,0.46240297,-0.034929212,0.38879523
214,0.15612906,-0.11479433,0.18462741,-0.010289669,-0.052390695,0.053946987,-0.43422002,0.2721843,-0.53838515,-0.00061905384,-0.30236584,-0.22162157,-0.44236398,-0.16504544,-0.11923361,-0.14067292,-0.041608274,-0.30089402,0.13425076,-0.21360874,0.08936852,0.3516035,0.42385012,0.42301005,0.44991398,0.9909349,0.9266491,-0.079639316,-0.38377494,0.11749852,0.8831852,0.47490263,0.4754026,-0.1797291,0.44066173,0.5816833
215,0.02174145,0.48466432,0.16261446,-0.25540596,0.46244895,0.2972784,-0.3114066,0.13562712,-0.07098949,-0.2426607,-0.033829212,-0.20892245,0.14254159,0.20720881,-0.37675774,0.15934485,0.16140588,-0.34989864,-0.091254115,0.06954859,0.31429332,0.13013172,-0.091863364,-0.15499634,-0.219491,0.10843626,-0.17149654,-0.07866281,0.16463695,0.15764213,-0.1626693,-0.34597078,-0.17966712,0.2859492,-0.12853166,0.2685951
216,0.47271088,1.6385937,1.7005806,2.2646618,3.154849,1.8617795,2.0864778,1.9525799,0.37131774,-1.0500885,0.38519746,-0.4728242,-0.51252407,0.22931081,0.2923675,-0.41181344,-0.24693316,0.75068116,-0.2854917,-0.5390879,0.69003683,0.09096863,-0.05282648,-0.0977869,0.55449474,0.9504739,-0.11392015,-0.0036579967,-0.32108712,-0.13787293,0.44638535,0.48336565,-0.29240507,0.8125471,1.2819426,0.6307449
217,-0.5028027,-1.8965069,0.33557278,-0.37720734,-0.27137208,-0.39253327,-0.036391318,0.18195593,-0.26435181,0.10936499,0.14393935,0.15799868,0.2275666,0.1459509,-0.25915092,0.4977517,-0.6329207,0.30990583,0.17359728,-0.55186397,-0.2936718,-0.14443566,0.20437998,-0.3108273,-0.60228276,-0.12648362,-0.13543767,-0.19994926,-0.1635414,-0.008023769,-0.35029623,0.03062135,-0.27327555,-0.49749237,-0.7253052,0.123423666
218,0.47895402,0.73993814,0.17979097,-0.14355946,0.0984346,-0.037029468,0.4974151,1.1973745,0.60926086,0.42700422,-0.17591669,-0.3767234,-0.44341993,-0.06869596,0.28341472,0.9577046,1.1789418,0.38433635,0.2541102,-0.3489631,0.60289735,-0.44805437,0.29141057,0.13857715,0.2477153,0.09007174,-0.06946927,-0.17427206,-0.37982908,0.5664647,-0.6532469,-0.779123,0.31834745,-0.35569435,-0.24200821,0.03666526
219,-0.16637914,-0.28577214,-0.3317141,-0.5129243,-0.8492306,0.24029493,0.34995362,-0.077376254,-0.34801334,0.15307246,-0.008229196,0.33532614,0.42397445,0.18116778,0.52172554,0.26700985,-0.15096337,0.11723119,0.6866559,-0.068826556,-0.13840625,-0.6268605,1.0813618,0.29882663,0.07068741,0.81431854,-0.022325218,-1.0551387,0.9403785,-0.1588453,0.49847972,0.45094877,0.37118942,0.13114342,0.13003218,0.33562234
220,0.1803903,-0.10450727,-0.16058522,-0.39663807,0.37684837,0.38718116,-0.31561714,0.43058282,0.3042189,0.124879,-0.33760488,-0.15094775,0.095038384,-0.22960909,0.010697797,-0.29875994,0.23704234,0.030901134,-0.033685863,-0.35730827,-0.38300052,-0.2707851,-0.12867105,-0.51762885,-0.52716494,0.42261449,-0.10482195,0.26730758,-0.2592721,-0.57411623,-0.14699155,0.2513041,-1.3684592,0.20061815,-0.08604193,-0.06492165
221,-0.5804736,-0.03442979,-0.101735264,0.39025474,-0.50550234,-0.57477665,-0.55169684,-0.37020028,0.20371461,-0.36558855,-0.82615316,-0.026367843,-0.17529348,0.028161824,0.19273317,-0.03574556,0.23059711,0.068917185,0.13321972,0.06023123,-0.009786472,0.2465122,-0.3418634,0.57834905,-0.13977218,0.4705155,-0.7891797,-0.49711052,-0.033720642,-0.060340185,-0.25782758,-0.041092575,0.2037297,0.08806023,0.12132497,-0.14313737
222,-0.028365135,0.53749174,-0.72558224,-0.3660897,0.0031323582,-0.22906405,-0.310812,0.10184252,0.3750302,-0.10788429,0.71502805,-0.37528753,-0.050736666,-0.044833884,-0.1899352,0.056123257,0.769452,0.0071395785,0.14173388,-0.46916303,-0.16554873,-0.39193028,-0.077126324,-0.23101771,0.013651371,-0.24715334,-0.77390087,0.05343479,0.096125185,-0.10084075,-0.10092734,-0.033992946,-1.33986,0.098093,-0.7799567,-0.03722634
223,-0.023902118,0.06917761,0.25965276,0.069981456,0.14303678,0.3224814,0.10412794,-0.6239209,-0.196513,0.26883706,-0.29168385,0.020706773,0.04463911,0.008497328,0.22737163,-0.11092496,0.15501434,0.016814828,-0.59582937,0.12420523,-0.6558191,0.028454423,0.02388984,-0.3234126,0.35412806,-0.043775022,0.8682783,-0.24582565,-0.29484624,0.22743294,-0.15026948,-0.1415629,0.032062292,0.1309461,-0.31959558,-0.3975985
224,0.09890175,-0.73180604,-0.14123264,-0.0051463544,-0.6034701,-0.2701389,-0.5500223,-0.12739727,0.0064741373,0.5536903,0.22721063,0.3843011,0.14708152,0.3532216,-0.08059263,0.013163984,-0.46763745,-0.27337173,-0.19670314,-0.34577566,-0.028588891,-0.43309015,0.15009154,0.14685349,-0.036074758,-0.17331725,-0.06875068,-0.1853372,1.495055,0.5302057,0.088157564,1.5541904,0.36524928,-0.015856773,-0.3349938,-0.30338407
225,0.17995723,0.078776896,0.10371609,-0.052981436,0.082568765,0.13184936,-0.037161678,0.12293053,-0.5935298,0.3921244,0.22309984,0.30360663,0.046689063,0.32992744,0.12876752,0.045855314,0.12159827,0.47337675,-0.004310325,-0.025172502,0.78489125,-0.09505716,0.22569111,0.6633202,1.4448866,2.5965333,7.3334575,-0.08184609,0.09752768,0.069961116,0.40262347,0.087151274,0.28178507,0.096886486,-0.16530098,-0.2224013
226,-0.20393384,-0.018783957,0.032973275,0.27214426,-0.42673826,0.6014232,0.3516236,-0.91345763,0.0587852,-0.0491184,0.17231584,-0.0083013475,-0.01097323,0.5272118,-0.15360665,1.4914694,0.75161713,-0.44242758,-0.12798816,0.75626445,-0.35329992,-0.73534983,0.13983247,-0.0135324,0.051088333,-0.0039655566,0.030156016,0.061402872,-0.18839362,0.40284443,-0.61244506,-0.119620204,0.45394248,-0.7396089,0.2835323,-0.23707354
227,-0.14924407,0.4430924,0.066921234,-0.7023521,-0.22231731,0.070146024,-0.087195426,-0.14392188,0.24915206,-0.20178986,0.32655585,-0.11895496,-0.08846453,-0.2592292,-0.10988966,-0.18759179,-0.067052186,-0.17379215,0.2860818,-0.6418858,-0.14686157,0.3120272,-0.7914922,-0.14339218,0.099363804,-0.31272358,-0.30579126,0.3385728,0.34696594,-0.2913142,0.3732666,-0.6263877,0.24505882,-0.31774303,0.012362063,0.1435849
228,-0.19228172,-0.21604627,0.3290875,0.029336724,0.259853,0.033858657,-0.32714915,0.34052944,-0.31729382,0.48809943,1.0402825,0.48502994,0.91295683,-0.07985318,1.0880163,-0.68887836,-0.030140698,1.3151834,-0.5463152,-0.20321155,-0.53835034,0.036967278,0.11126467,0.267637,0.059631824,-0.64144754,-0.31047145,-0.23223835,0.10234243,-0.40424877,-0.052609056,-0.15830314,0.25388217,0.5009855,-0.34062085,-0.0060665607
229,-0.41661984,-0.42552367,-0.6539677,0.14112079,-0.2563269,0.09898103,-0.27063763,-0.62279093,-0.19137096,-0.36142516,-0.3328998,-0.6270969,-0.6761197,0.098318875,-0.071119666,0.11690575,-0.42984188,0.08525044,0.8043586,0.53547734,0.33535522,0.13235593,-0.0071496964,0.009623989,-0.11864078,-0.028260253,-0.22052479,-0.17556454,0.28773814,-0.17228293,-0.24678689,0.019257724,-0.35362607,0.06665241,0.3019364,-0.06790045
230,-0.51995564,-0.1275581,-0.27897027,-0.46868247,-0.5435209,-0.74936146,-0.3234967,-0.025244005,-0.5222969,0.39092746,-0.043211065,-0.45913637,0.23158222,-0.37094656,-0.30447996,-0.23272014,-0.6482426,-0.37972382,0.20556378,-0.42087564,-0.33657438,-0.03450452,-0.37194535,-0.34148973,-0.0670315,-0.044849247,-0.074092105,0.22071004,0.49539885,-0.32513034,-0.13441849,-0.4111737,0.087127686,-0.14909697,-0.067194164,-0.080779135
231,0.087387085,-0.48619008,-0.060917318,-0.098028064,0.18299404,-0.0035634935,-0.066830695,-0.3390684,0.040556908,-0.06919378,-0.4026303,0.037869453,-0.02464515,-0.2867608,-0.154416,0.08298069,0.14627817,0.13437533,0.16415298,0.2553618,0.0629766,-0.050089955,-0.20695588,-0.5006953,-0.1539135,0.076251715,-0.37329954,0.18970418,-0.02924335,-0.13143522,0.10331026,-0.5862018,-0.5692916,0.1538471,-0.025158405,-0.083899975
232,-0.5844114,-0.06478225,0.17671055,0.12915778,-0.04854709,0.12753756,-0.2100209,-0.029838845,-0.30141467,-0.12243509,0.046372876,-0.9620344,0.15407628,-0.41749662,-0.64433664,0.09519036,0.23554876,0.55960697,0.05607438,0.15577948,-0.1586048,-0.48008463,-0.054065913,-0.30915096,0.23814511,-0.67478496,-0.41699022,0.30300808,0.39416796,-0.2660014,-0.23117203,0.79089373,0.17658627,0.6043926,-0.164267,-0.11160138
233,0.34243438,0.16525885,-0.018312767,0.44378185,0.026207909,0.012882203,-0.027854823,0.2591897,-0.12490269,-0.17044175,0.2647156,-0.29564723,-0.4025213,-0.7837336,0.04200077,0.1130355,-0.3651056,-0.0069262087,0.12524903,0.20354673,-0.07060847,0.5460529,0.095097005,0.014404595,-0.19999772,-0.50071925,-0.4073992,-0.2187659,0.35822007,0.18641797,-0.2818119,-0.65310585,0.07433225,0.14481045,0.19139177,0.03525605
234,0.010050714,-0.1538856,-0.56194675,0.043061793,-0.4272022,-0.05321586,-0.14170861,-0.10361844,-0.6858833,0.0067332387,-0.020146817,0.064548254,-0.04850495,0.13873404,-0.088686824,-0.52688015,0.5590632,0.40800968,-0.15747988,0.2764696,-0.010136306,0.6691242,0.578544,0.39615807,1.6824238,2.3466902,2.3699272,2.3249147,0.45275784,0.43142205,3.830882,2.5128691,2.9302015,-0.43092936,-0.23761922,-0.043999314
235,-0.103700876,0.0014006793,-0.3212872,0.053866625,-0.2486275,-0.37885684,-0.2537318,0.31131697,-0.015025705,-0.05886799,-0.038993,-0.62748945,-0.3579703,0.28063607,0.059744477,0.012415394,-0.46333715,-0.39830673,0.20239305,0.20077106,0.304309,0.14518422,-0.20732814,0.44428682,0.09873575,0.036621973,-0.69603664,0.43329203,0.15202694,-0.06818032,-0.15498304,0.32156125,-0.5613417,0.9878619,0.053193748,0.46803302
236,-0.349499,0.34356168,0.025250733,0.23787367,0.2420865,0.19806081,0.17207792,-0.3761052,-0.08242673,-0.19768536,-0.15442677,-0.47822875,-0.063664734,0.12436404,0.08015391,-0.3252601,0.3292591,0.5320872,0.25292438,0.130865,0.06566256,-0.20211938,0.44396403,0.9697085,-0.26787814,0.14953409,-0.2639229,-0.21047565,-0.85326535,-0.11888215,-0.0070028305,-0.6735198,0.18697748,-0.36370316,0.21378094,-0.19055238
237,0.21769215,0.31499213,0.25376004,-0.19200343,-0.0803807,-0.013006508,-0.21416536,-0.23865175,0.023381889,0.046557724,-1.1463504,-0.31032777,0.33589935,0.03344985,-0.04603876,-0.43843064,0.24482168,-0.4183846,-0.551717,-0.0017233044,-0.4755761,-0.17395306,-0.028371587,-0.1668137,0.08006473,0.02919507,-0.3117839,-0.09787002,0.19549713,-0.20302133,-0.12894006,-0.106676415,-0.61546814,-0.42045915,0.3615113,-0.26385903
238,0.054649115,-0.20169824,0.007809028,-0.12615436,-0.091857195,0.53830135,-0.58567786,-0.13032594,0.2793463,0.0068250895,-0.68603814,-0.7693226,0.20305806,-0.22297777,-0.41110843,0.026798964,-0.019029796,0.47995663,0.34609056,0.11587779,-0.1990129,0.2831276,0.48955172,-0.07127094,-0.28846934,0.02257726,-0.34048775,-0.1096586,-0.4717058,0.35899967,-0.18610018,0.32961634,0.0070451275,0.765782,0.6076646,-0.09941733
239,2.5653205,2.4077897,2.2454398,0.5593625,0.7046251,0.38762847,2.1229022,3.961951,1.9513388,-0.41432858,0.05777651,-0.55935246,-0.40059227,0.46377036,0.7927281,0.07411516,0.22067893,0.26540488,-0.076770216,0.27198195,-0.22212283,0.19368953,0.14045152,-0.5569985,-0.069989145,0.29013968,-0.22991252,-0.38740078,0.022972584,0.07597041,0.107842505,0.45326677,-0.39384732,0.18123192,0.18566352,0.009288967
240,-0.08206415,0.09551014,-0.1936791,0.7883397,0.4004899,0.58926356,-0.066026576,0.23490088,0.075402945,-0.13873784,-0.12008306,0.060496718,-0.09221618,-0.05819995,-0.09926355,0.21717021,0.0751705,0.31196216,0.020533498,0.08793453,-0.1389974,0.1757202,-0.061735407,0.23975946,6.4991846,6.509149,4.911165,-0.26858088,-0.1426022,-0.066964984,2.0120485,1.3075063,1.2696564,0.16515216,0.06901404,-0.06563172
241,0.027341306,0.22846207,-0.03881228,0.0824061,0.1776519,-0.06979903,-0.3138913,-0.006816983,-0.5359111,0.041937113,-0.022283912,-0.57911646,0.050372243,-0.14427459,0.101348534,-0.12528655,0.43643126,-0.24924208,-0.02482754,0.09662068,0.16640085,0.059321046,-0.10671872,-0.13206223,0.9642328,1.0603002,2.719623,-0.2649936,-0.03700018,-0.11913231,0.12791568,0.002183199,-0.1959553,-0.0090173185,-0.22347052,-0.35590208
242,0.35449672,0.6139065,0.635339,-0.04350555,-0.2612879,-0.22530067,-0.017110944,-0.060893744,-0.15352643,-0.10835683,-0.10250624,-0.12337148,0.20270383,-0.060138315,0.55229455,-0.0029548258,-0.0014335215,-0.48119345,-0.7838471,-0.6265911,-0.2035236,-0.031103,0.16267906,0.2331829,-0.22439352,-0.1915119,-0.24689066,-0.3984089,-0.13077152,-0.31375456,-0.23724987,-0.11106533,-0.3594991,0.23624471,0.009169638,-0.7725232
243,0.042186663,-0.30218703,-0.13184345,-0.27764702,0.48612157,0.17617953,0.20974955,-0.19834375,-0.53355986,0.3654739,0.47506636,0.43695724,0.26125672,-0.104718685,-0.106069386,0.03785278,-0.29527393,-0.2003628,-0.23472436,0.38540658,0.4961063,-0.20128737,0.1300917,-0.023171663,-0.35494596,-0.42263222,-0.18029308,-0.31514633,-0.5395807,-0.694904,-0.40975577,-0.117277384,0.40922827,0.26633435,-0.15659308,0.085796475
244,0.14338037,0.18043749,-0.1166881,-0.22143763,-0.23442675,-0.22972578,0.37743917,-0.7357542,0.16225749,-0.14930183,0.20532902,0.15037046,0.0844649,0.040160168,-0.18986258,0.14011502,-0.07346837,-0.32341903,-0.2598897,-0.06058535,0.24792142,-0.27899942,-0.36880952,-0.20370115,0.64075303,-0.0030912757,0.4280923,-0.19328061,-0.07430984,-0.23967244,0.6023078,-0.010649361,-0.04988408,0.7395967,-0.43584856,-0.05774258
245,-0.13220072,0.013286442,-0.21033682,0.30975753,0.120910704,0.62964386,0.08732534,0.15577239,0.20127603,0.20972407,-0.25655138,-0.2380361,0.057049334,-0.43992633,-0.85879457,-0.22592741,-0.6567824,0.13134682,0.20397592,0.31150687,0.2894947,-0.06804931,-0.5013157,0.48770088,0.4320721,0.28305838,0.4579238,-0.051514804,-0.14491239,-0.09299843,0.4376225,0.3171021,1.0261658,2.886132,0.7474312,-0.26180705
246,-0.29279333,-0.4291188,0.06881833,-0.14951903,-0.46627924,0.2340352,0.2620015,-0.30328846,-0.5384792,-0.39701927,-0.3128134,-0.9890896,-0.50082403,-0.11280659,-0.4493961,0.18033007,-0.35153115,-0.23263031,0.16444069,-0.6391399,-0.59781826,0.30861068,-0.5091981,-0.28247583,0.81286347,0.16535433,0.11322154,-0.19090363,-0.7941478,-0.32595444,0.090452895,-0.42463428,-0.6554489,0.0049782544,0.5405816,-0.47453701
247,-0.58010495,-0.26983204,-0.27274537,-0.4844778,0.2405873,-0.11552794,0.23856169,-1.585226,-0.2888791,0.95080125,0.43345463,0.6325405,0.54662097,0.44501382,0.10958958,-0.8178304,0.35460335,-0.28104764,-0.18794656,-0.14302814,0.45104712,-0.10547002,-0.5644893,0.2587433,-0.3424833,0.011052817,-0.43918568,0.5142793,-0.14654326,-0.22898048,-0.42467755,-0.046146065,-0.09444445,0.044624984,0.19544506,-0.6359471
248,1.9260468,0.8902581,0.4074708,2.2749894,0.36809486,3.3593338,3.4182632,3.1372597,3.5402577,-0.13584799,0.21270952,-0.23284994,0.043310046,0.09878206,0.31413198,-0.22417611,0.007419765,0.22573066,0.18546438,0.1799495,0.12578607,0.29382873,-0.055445448,0.551095,0.8502589,1.7378104,3.5045512,-0.24224126,0.5628367,-0.16554919,0.2996677,0.444218,-0.011342987,0.7626419,0.55532676,0.5132929
249,1.5232836,1.2921575,1.425093,-0.17326665,0.49487138,0.440823,1.1925375,0.739746,0.16552672,0.072652996,-0.029459342,0.3118084,1.1361685,0.6324358,0.6172453,-0.29621306,0.2281918,-0.046628833,0.052366152,0.04166788,-1.031091,0.13172387,-0.12064773,-0.49216664,0.04068923,-0.064446405,-0.22920147,-0.6616459,-0.06119284,-0.19973722,-0.5952103,-0.3053707,-0.13062537,0.19397643,-0.025583208,-0.11766863
250,0.3092162,0.22927172,0.5976516,-0.43302935,0.69682753,-0.1969759,-0.18288666,-0.0068073273,0.7913616,0.7027899,1.7948205,0.4350947,1.3981569,0.9319259,1.0425469,-0.24855816,-0.23698583,-0.07910061,-0.41578346,-0.032375365,0.113259465,-0.11678815,-0.20400083,-0.2858908,-0.1128844,-0.916073,-0.5757446,-0.53811437,-0.4561427,-0.32053286,-0.41390556,0.21993655,-0.34140608,-0.14085722,0.32307273,0.16784471
251,0.2750913,0.37468517,0.39666086,0.34014165,0.48032957,0.5209927,0.11054492,0.6124119,0.6685913,0.03364241,0.015256099,0.24490243,0.04945731,0.21658914,0.08175427,0.23377764,0.09948513,-0.3910311,-0.090785146,0.17691892,0.038643062,0.093865395,-0.1657637,0.18442655,0.25274295,-0.028744966,0.2747107,0.097631216,-0.08843851,0.070133746,0.10471916,-0.12017977,0.023965359,0.19882071,-0.0042269826,0.08798671
252,0.18134311,-0.19479576,-0.0042660236,-0.022384763,0.06544292,0.40181586,0.34241086,0.057885796,-0.20851952,0.05979222,-0.07696521,0.10500419,-0.10718483,0.0057683885,-0.040991426,-0.017342865,-0.386261,-0.101074934,-0.0060863495,0.39232564,-0.09785485,0.24413985,-0.28143236,-0.40986216,-0.14344418,-0.085355535,-0.31842673,0.09134197,-0.020425826,0.16173482,-0.4430691,-0.10260138,0.3542863,0.32796317,-0.16528222,-0.0030910969
253,-0.2162866,-0.42601368,-0.5199251,-0.10285753,-0.5849514,-0.043314457,-0.17447007,-0.33858013,-0.71391296,-0.54790324,-0.31215212,-0.032393098,-0.16147316,-0.3008198,-0.14840543,-0.5673616,0.3554085,-0.4532694,0.16966905,-0.29927063,0.21974769,-0.44689882,-0.24428484,0.2444074,0.010146409,0.05769816,-0.01497364,0.8862754,0.044665813,0.3312652,1.2951585,0.9836813,0.509724,-0.5002258,0.12095666,-0.09528735
254,0.350235,1.0452198,-0.014941335,-0.17545784,0.20324051,0.15379214,-0.25422645,0.096368074,-0.1767309,0.07283011,0.8173129,0.33978516,0.38085163,0.25992066,-0.10754913,-0.032866597,-0.06426725,-0.48391905,-0.43053734,-0.09378361,0.29671285,-0.10173839,-0.46309358,0.10343231,-0.7449955,0.557315,-0.3386687,0.10649268,-0.46280706,-0.6139543,-0.59959173,0.10609573,-0.33465037,0.5244316,-0.028195202,0.34495538
255,0.16466454,-0.13060845,0.1672293,0.14780629,0.19392931,0.017431945,0.27409497,-0.03673452,0.021154016,0.12724364,0.2905724,0.15631454,-0.3234123,0.4107555,0.35185832,-0.13411425,-0.5818069,-0.5182922,0.5797709,0.4468788,-0.047718287,-0.015949182,-0.13201937,-0.016754031,-0.62729716,-0.95926607,-0.58190113,1.8624187,0.91781425,1.1619776,0.28176498,0.34175158,0.8332218,-0.058566928,0.07467528,0.25568253
256,-0.029494166,0.15171216,-0.48097995,-0.12503678,-0.23382099,0.024997413,-0.020375729,-0.28302005,-0.29492468,0.07535112,-0.16590291,0.10272598,-0.09966987,0.10997915,-0.641773,-0.24992114,0.09116194,-0.009431243,0.1134823,0.3485604,-0.2875411,0.42104167,-0.07804057,0.97596025,0.048907995,0.25434852,-0.22624099,0.28374952,0.23679733,-0.20853621,-0.054805815,0.001186043,0.32775405,0.14236003,0.64044315,0.79876006
257,0.53646195,0.049034163,0.41697797,-0.51288426,-0.4626916,-0.42070568,-0.46712774,-0.28733692,-0.48042035,0.09713805,-0.2230501,-0.34454155,0.064431995,-0.25997472,-0.33285558,1.5614691,0.262475,0.772096,-0.5814005,0.0048700273,-0.32342678,2.0269036,1.7082515,1.4471397,1.6598154,1.2135751,1.3464823,0.1314106,-0.07398832,-0.096668065,2.4189422,0.5054953,0.5933815,-0.46246016,0.11466724,-0.26538736
258,-0.18137115,-0.59177744,-0.46696445,-0.14727402,-0.22767043,-0.12244624,-0.4438709,-0.2059539,0.17726898,-0.15566367,-0.2519287,-0.27315694,0.0084680915,-0.2316854,-0.32488883,0.67171013,0.5048412,0.6077045,-0.04524976,-0.004146278,-0.0009339452,0.15409517,0.55753,0.45464572,0.8311731,1.6052864,0.990679,2.8885427,1.6327052,1.2458515,2.2391615,2.2265022,1.9651194,-0.19238192,-0.3869893,-0.26301348
259,-0.044077456,0.14714979,0.0378747,-0.34614718,0.086902976,-0.07394284,-0.17127824,-0.6761612,-0.0911662,0.88349104,3.0860393,1.0867443,0.14050694,-0.11027384,1.2014961,0.048634656,0.4170602,0.2598199,-0.09868789,0.3743566,-0.37213975,-0.0751006,0.20070383,0.21810114,-0.111805685,-0.14993167,-0.20271122,-0.30892348,0.53239995,-0.069911,-0.06117335,-0.07048148,-0.3860776,0.027452543,-0.24328509,0.36881882
260,-0.08757341,-0.24881396,0.23403662,-0.02674824,0.25496462,0.5057689,-0.20790392,0.017361283,0.43039036,-0.06346589,0.24982148,0.38124868,-0.17769802,-0.12919222,-0.48903292,0.12105018,0.27481243,0.009559035,0.12675679,-0.0032598972,0.52078474,0.23614508,0.08810705,-0.24151564,-0.2174539,-0.28977716,-0.4661587,-0.09564483,0.18005279,-0.025718689,-0.19414145,0.061699077,0.0063267946,0.08702409,0.42145398,0.5889832
261,0.28010598,0.11182068,-0.798808,-0.22013015,-0.90215033,0.11319703,0.09226525,-0.12872529,-0.5303444,-0.11418855,-0.10302913,-0.36376643,-0.0722636,-0.23157096,-0.032832623,0.6942308,0.7309236,0.019450516,0.60477334,0.15241072,-0.06905788,-0.53367245,0.1805073,0.45658025,0.6117614,0.14520332,0.20903388,1.4451084,0.7289549,0.0708285,1.329588,0.60874134,1.6425936,0.05814457,0.14069378,0.16983104
262,0.32801324,1.2059178,0.56403506,-0.0317657,0.046110094,-0.41116458,0.04278186,0.4783098,0.23562144,0.14543903,0.10530597,-0.7031482,-0.081395686,0.13994057,1.9797715,-0.09845847,-0.38236618,0.091766655,0.21067518,0.6589929,0.5484232,0.06737438,-0.3854122,-0.656157,-0.034926295,-0.33709157,-0.3354331,-0.05830586,0.07021886,0.32121015,-0.32958353,0.6097546,-0.6737939,0.18285698,-0.31240445,0.010589153
263,0.09490156,0.14776495,-0.18352985,0.017645955,-0.2565717,-0.24740255,0.5959538,-0.14101005,0.24748182,0.056272864,-0.4461904,-0.53808725,0.052122712,0.11830735,-0.61279845,0.9067751,0.62730443,0.4095544,1.1328998,0.7184055,0.665246,0.44546044,-0.09663781,1.5154799,0.44664156,1.2744412,1.3700753,-0.3397206,-0.34618303,-0.10403353,0.46280095,0.47671127,0.9856678,-0.34601521,-0.386089,0.2058849
264,0.7907643,1.3489456,1.4430317,0.5166064,0.1504579,-0.33638912,0.8075447,0.9060564,0.59814,0.38387498,1.1957325,0.38286436,0.48483145,0.7290828,1.0227207,0.09976125,-0.29258773,0.07699996,0.65022904,-0.005563356,0.22426957,1.11776,0.26282454,-0.5717232,-0.57447135,-0.40218276,-0.3491423,-0.18190539,0.104341924,-0.07044059,-0.7391,-0.5373572,-0.059610546,0.12221831,0.32187018,-0.102054104
265,0.09725928,-0.081872106,-0.62214994,-0.132833,-0.28394824,-0.1862514,-0.030419707,-0.3187425,0.001086235,-0.03067565,0.22664624,-0.15604569,-0.10243523,-0.2386328,0.290327,-0.014887929,0.4549733,-0.1939424,0.31278706,0.12705216,0.5757401,-0.101484984,-0.38614815,0.7292158,-0.093289316,-0.09576085,1.0442657,0.010744929,0.091376066,-0.06858521,0.20941615,0.2905679,0.9613763,-0.3707744,-0.24507873,-0.1507088
266,-0.18268287,0.42462176,0.21949103,0.15404063,0.096613824,0.29120588,1.0119632,0.1216937,-0.37357926,0.16137767,0.0049604774,-0.26815218,-0.24037802,0.048338413,0.02954328,0.22218697,1.1700637,0.1006275,-0.6530957,-0.7094482,-0.057841063,0.21214357,0.15170252,-0.2708428,0.09445077,0.26284784,-0.27341044,0.7582827,0.3450791,-0.039892524,-0.34960616,0.213866,-0.0045019984,0.3175362,0.50374687,-0.2571666
267,0.0011395812,-0.23163551,-0.31312507,-0.14074999,-0.64114547,-0.015948713,-0.0042228103,-0.097094595,-0.68334156,-0.014578342,0.007924616,-0.2912482,-0.0037223697,0.09975061,-0.111168444,0.83502674,0.7726518,1.2228012,0.06889701,-0.010178268,-0.031089008,0.90085566,0.8628161,0.7973468,2.4602754,2.552035,3.2072632,1.6384823,-0.26663232,0.4167911,2.787801,2.015602,2.644282,-0.465281,-0.051080942,-0.19950742
268,-0.011458755,-0.7041033,-0.63395023,0.29514223,0.115229696,0.8255899,-0.26098767,0.6400629,0.24568723,-0.0015166998,0.54976594,0.34575135,0.06336945,-0.4095133,-0.39361125,-0.16355944,0.32254773,-0.53949654,0.084035754,0.079068206,0.05934991,0.022326887,-0.08846802,0.1650315,0.042289555,0.23178115,0.22625238,0.058076322,0.003661275,-0.1921753,-0.2032088,-0.50913954,0.48153448,0.22270921,-0.38333112,0.35466862
269,0.4647864,0.12288195,0.011926711,0.14573404,0.064542055,-0.2296764,0.45910436,0.7189253,1.7410098,-0.0545339,0.09373802,0.22127627,0.49671602,-0.15187636,0.9755717,0.25163853,0.2993182,0.0873459,0.13696924,-0.099553674,0.75533086,0.14983565,0.34980655,0.13412628,-0.008345306,-0.122555174,-0.21239921,0.0060816407,-0.42040107,0.21562862,-0.17218193,-0.7227413,0.74296784,0.026413888,-0.5313172,-0.38571468
270,-0.11107683,-0.042487323,0.02001325,-0.1290159,-0.21070269,-0.09257644,-0.099749416,-0.031410128,-0.23719269,-0.21018514,-0.068244636,-0.023448743,0.08073568,-0.1416485,0.045239776,0.56188893,1.2858863,3.1439013,-0.16547465,-0.12697594,0.17701076,1.3984425,2.0419638,2.1445603,2.8482769,4.6626377,6.12271,-0.29724097,-0.10232785,0.023972735,0.27945396,0.120940976,-0.0068433285,-0.39275724,0.028669193,-0.3018728
271,0.15328053,0.5301554,-0.65658927,-0.16782075,0.13409898,-0.0755955,-0.28376916,-0.07581127,0.2415258,-0.10751943,-0.69084364,0.2728995,0.013535976,0.19882938,-0.09538703,0.3861801,0.23873883,0.11970469,1.0659416,-0.1304907,0.5412481,-0.548496,-0.22577389,0.1865775,-0.16058065,-0.21547997,-0.36728898,-0.07288796,-0.64480823,-0.27443853,-0.6228785,-0.057107776,-0.10273802,0.15720806,0.04234171,0.78997225
272,0.040061265,0.2119596,-0.10027943,-0.005737819,0.3960754,-0.49776033,0.24516852,-0.19867682,-0.7026539,0.15893172,-0.40735793,-0.05510938,-0.20396915,-0.4224283,-0.6050877,-0.26444933,-0.19334306,0.00846678,0.27715212,-0.10088247,-0.535808,-0.14821273,-0.32490936,-0.08172625,-0.3370299,0.30590278,-0.650517,-0.1700063,0.33898464,0.17101052,-0.290936,0.052818775,-0.067637704,-0.08271408,0.4157039,-0.15941942
273,0.2921809,0.29957023,1.0341799,0.031957626,0.039198995,0.22532928,0.19345617,0.07468793,0.61442816,-0.1802895,0.09225559,-0.28744945,-0.056967974,-0.6930853,-0.07760036,0.27140376,-0.011962056,-0.25088823,-0.08263028,-0.22866148,0.27512354,-0.20232375,0.20456381,-0.9300747,-0.45110953,-0.13354442,0.077161506,0.07220024,-0.18132019,-0.24046421,-0.09459269,-0.04842834,0.1616416,-0.18991107,-0.27431208,0.22337472
274,-0.016582128,-0.48132247,0.20451668,0.19553548,0.57355475,-0.05735776,0.07868162,0.67155457,-0.50573885,-0.6410171,-0.044861108,-0.13970633,-0.01674448,-0.22420996,-0.63330865,-0.14358091,-0.25035176,0.25332636,1.7475424,-0.31068173,-0.49839395,0.34622,0.14757498,0.2180398,0.011845302,0.10211679,-0.16171628,0.7810545,0.7521043,0.4620158,-0.45182157,-0.6229738,0.14122844,0.7940666,0.6880176,0.900104
275,-0.7830535,0.08085024,-0.13514428,0.8785641,0.015388429,0.24381596,0.34854862,0.16055611,0.09271744,0.039972186,-0.19837034,0.1607751,-0.5097558,0.19877543,0.14498657,-0.18840615,1.649189,0.00465855,-0.40657318,-0.5604724,-0.38565606,-0.1421892,0.3334481,-0.1074118,0.54258287,-0.42983097,-0.53008115,-0.11112365,0.23476344,0.2392708,-0.55296415,-0.2493937,-0.28432006,0.23861748,0.2537428,0.41340804
276,-0.26787615,-0.4184327,-0.12634766,-0.38162196,0.3176397,-0.41531897,-0.507999,-0.21529226,0.5705487,-0.11689699,-0.077846915,-0.29364288,-0.14473093,0.4556278,-0.55969626,0.7332902,0.5513499,0.39308757,-0.54288745,-0.056573667,0.21073517,-0.32224694,-0.020731017,0.3618304,0.1549038,0.2692759,-0.005498577,0.6810921,-0.20270061,0.19018748,-0.0851091,0.42091796,0.0621005,0.6824678,-0.4845729,-0.39414644
277,-0.23565972,0.22550976,-0.067557216,0.66782665,0.19193372,0.65940386,0.14409804,-0.1270353,0.74296904,-0.0066827536,-0.4322065,-0.16600795,-0.0038206577,0.27915624,-0.070161626,-0.41603005,0.2049249,0.4098415,-0.14157343,0.06988625,-0.033606183,0.30717674,-0.09331561,0.42549312,0.14575326,0.4315347,1.1630306,1.1097285,0.59206975,0.67800903,1.8100467,2.6148875,2.1939752,0.42859074,-0.0843381,0.53433025
278,0.55150366,0.4161187,0.717,0.046975255,1.7757468,0.7456703,-0.5600288,0.7203137,0.18721901,0.8695933,2.0014753,0.7726219,0.8573833,-0.052309632,0.8837302,-0.8034112,0.09076828,0.0946728,0.2957772,0.52156687,0.2622745,-0.051359177,-0.13958696,-0.57886124,-0.90054226,-0.16766626,-0.43341497,0.31508952,1.3729366,0.03554046,-0.5333432,1.0379592,1.3684118,1.3521737,0.5376283,1.7625659
279,0.9115005,1.3508471,1.7615707,0.5482331,-0.11372492,0.39817524,-0.04358025,1.3755212,1.4757249,-0.7086653,-0.36671376,-0.4290086,0.021424614,-0.49788022,-0.29545534,-0.17555083,0.13032952,0.3426229,-0.47102243,-0.12138662,0.11226398,0.17417765,0.7067041,0.38464475,-0.32544982,0.31358048,-0.09441888,-0.6926992,0.12963563,0.16505493,0.3227659,-0.41839698,0.072335884,0.39732143,-0.8502134,-0.6399865
280,0.09930223,0.410602,-0.042843908,0.029527128,-0.20974818,-0.28360042,-0.14086342,0.45129523,-0.48671347,-0.115871966,0.11467816,0.14667457,-0.17526081,-0.34965363,-0.3304411,0.43289775,0.7268672,0.9515127,-0.00023390353,0.82816994,0.5236417,0.6766581,0.4180693,1.0442822,0.3013026,0.3052823,1.791673,0.46174946,-0.27792,0.79256964,0.81857556,1.043825,1.7202938,-0.47605935,0.4419349,0.06657404
281,-0.20638195,-0.5995715,-0.036108196,-0.2561422,0.19623464,-0.041080862,-1.5249659,-0.5363396,-0.3896235,-0.2340782,-0.16386187,-0.14863491,-0.043450832,-0.2015661,0.12386501,-0.42233062,0.53916764,0.13176695,-0.039868712,0.30494112,0.21804112,-0.20701098,-0.3336897,-0.27522168,-0.19280297,-0.34052435,-0.38807797,-0.011337876,0.24166483,-0.557242,-0.0049592257,0.059719093,0.09472668,0.035114765,0.18161806,-0.2168575
282,0.6746579,1.9642789,0.7488654,1.1693267,0.1443072,0.062922716,0.3095379,0.16359542,0.53934413,0.030486286,0.004689425,0.0022792816,-0.19638893,-0.90447104,0.3814692,-0.54749846,0.37938374,-0.017555207,1.0802431,0.28593934,0.4616206,0.19180503,0.3462765,1.078828,0.046036914,0.6218425,-0.040609032,-0.7263518,-0.120072946,0.99031687,1.0800992,-0.3853857,-0.340611,-0.10112792,-0.012879476,-0.022353798
283,0.06259906,1.1257188,-0.036706567,0.36687428,0.6032387,0.29693502,0.1443224,0.20533936,0.36184055,0.09137535,-0.32216415,-0.5593225,-0.26013774,-0.20819068,-0.8123344,0.2442565,0.42403507,-0.13946933,-0.21182835,0.06799078,0.48185804,0.6742294,0.12031938,-0.0009992123,0.4722538,0.5529046,0.93742776,0.89507276,-0.13829875,-0.14583471,0.59073603,0.28612897,0.20869556,0.25977492,0.72689474,0.24274877
284,-0.4110517,-0.26292235,-0.43324167,-0.27401474,0.32358503,-0.47077367,-0.29610318,-0.14672348,-0.20092955,0.629879,0.76505286,1.145933,-0.0041579604,0.3496768,0.66165316,0.3902167,0.21099386,0.2473908,0.32292718,0.067421496,0.22200292,0.002210945,0.5282547,0.2937358,-0.041621767,0.13283494,-0.35777324,0.7610048,0.5939433,0.44081175,0.18842277,-0.16595952,-0.29266024,-0.32696652,-0.0889016,-0.20081395
285,0.012962818,0.45495504,-0.13783395,0.70463794,0.28146714,-0.10107796,0.050391346,-0.13797134,-0.61600643,-0.47085825,0.0028440394,-0.10687238,-0.030648708,-0.0665521,-0.077234864,0.1008786,-0.020245433,-0.18125369,-0.28270742,0.5201811,0.6723798,-0.13241875,-0.5786054,0.24426547,0.6846788,1.4437832,0.9666894,1.0056137,0.34883142,-0.37011433,0.31789196,0.32067022,0.13350016,-0.10725987,0.43686765,-0.078980565
286,-0.76082885,0.35222584,-0.32061964,0.8199939,0.8579677,1.5084959,2.1875553,1.5020313,0.39646292,0.6082462,0.23305959,0.64338005,0.26704627,-0.09127609,-0.62297726,0.3302209,0.9685787,0.46594408,-0.083034635,0.29265118,0.5328369,0.16122296,-0.25763345,-0.28899887,0.23483439,-0.3578235,0.16103137,-0.1816616,-0.36560607,-0.84973574,-0.3401094,-0.079507425,0.04004979,0.17450476,0.5159149,0.2385742
287,0.008554846,0.4909171,0.49947444,0.45195824,0.30689,-0.25135,0.5721942,0.39242443,1.5072317,0.06317875,-0.2915428,0.096298195,-0.086659275,-0.28052664,0.09017036,-0.00602898,-0.36389413,-0.6203321,0.09664482,-0.019132793,0.29931852,-0.23452684,-0.6183653,0.22916256,0.17397043,0.4015661,-0.12104596,-0.10187811,-0.94464266,0.10194777,-0.15180084,-0.106095724,-0.11480343,0.19910672,0.49054837,-0.086666316
288,0.64106697,-0.29191393,-0.26012897,0.1974312,-0.12540314,-0.047766954,-0.4209671,0.68109083,0.23540363,-0.010684013,0.0011089444,-0.37628555,-0.17332745,-0.034113884,-0.52610254,0.20429593,-0.66096115,-0.18070982,0.33406448,-0.24862939,0.064425886,0.31947893,0.15192187,0.19253926,-0.21393351,0.09917587,0.16389596,0.62185436,0.5176854,0.7957842,0.32429633,0.56864566,0.7393143,0.114381194,-0.0638662,-0.44190848
289,0.6152846,1.5016334,0.21921039,0.15443373,-0.3799395,0.04859537,0.0029686987,0.1566942,0.10644847,0.3142252,-0.017750025,-0.08684337,-0.28997082,-0.47375867,-0.28657347,-0.20280652,-0.124527544,-0.09859967,0.2706118,0.45086765,-0.16488901,-0.053030103,0.33488396,-0.1110125,0.44619614,0.09406817,0.24338973,-0.026894808,-0.0401811,0.36517888,0.4065644,0.95307493,1.6445494,-0.22128864,-0.21853398,0.12017268
290,0.17026463,-0.43252584,0.11414241,-0.32443127,-0.02760035,-0.028075486,-0.18228447,-0.7430895,0.038869023,-0.451891,-0.13806501,-0.04851526,-0.056852877,0.30471808,0.12065274,-0.4020366,-0.41499782,-0.10487081,-0.22206372,0.06300253,0.05066055,-0.24017042,-0.2845915,0.027774252,0.38104355,0.25851393,-0.13119721,0.3046886,-0.16539666,0.39359796,-0.073423415,-0.43367475,-0.64399755,-0.31451917,0.65698487,0.5630548
291,-0.060840547,-0.299883,0.3927945,0.21643049,0.83181894,-0.40347034,-0.03428355,-0.046414748,-0.2080825,-0.1660814,0.6286234,0.4566113,0.33102554,0.014310539,-0.49044406,-0.23979992,-0.04896465,-0.6011602,-0.02924943,-0.007227719,0.21328346,-0.5004405,0.08856559,-0.33048606,-0.47501498,-0.015478969,-0.5325944,-0.0649578,0.27206668,0.09244847,0.40906894,-0.5349122,-0.14307451,0.19961458,1.3025969,0.28638032
292,-0.013475537,-0.32634273,-0.2367316,0.2549306,-0.10119087,0.08539775,0.0267542,-0.011045098,-0.2054917,0.22856247,-0.026158988,-0.6989928,0.091202915,0.17220116,-0.11096519,0.01587531,0.15292996,0.0626382,-0.08063108,-0.22958189,0.12784535,-0.09621766,0.217753,0.35765734,0.20496765,0.34436584,-0.19439909,0.05528605,0.019354343,0.4902597,0.30496418,0.29994047,-0.5776423,-0.24198085,0.03864467,-1.2625945
293,0.049942262,-0.019162834,-0.21677488,-0.11367953,0.29022676,0.020323873,-0.20898516,-0.039560676,0.4673656,0.54435223,1.3930274,1.878639,0.39731497,-0.23419285,0.46912828,-0.29401547,0.18551233,0.25015587,-0.016810894,-0.29611868,-0.15188158,-0.009963691,-0.33070454,-0.01827854,-0.11261034,-0.10990286,0.1079855,-0.19021745,0.4561293,0.16724575,0.15809542,0.3294251,0.38956887,-0.02193439,-0.38709086,0.34579027
294,0.014520526,0.36277366,0.5069711,0.09246349,0.2719621,0.029744398,-0.13594294,0.22585037,-0.41381365,-0.02684611,-0.21178827,0.14301753,0.2229619,0.16638072,1.2227861,-0.09322274,-0.0655756,-0.2675495,-0.4415021,0.1377697,0.348224,0.19861245,-0.2587387,0.17519182,-0.04208356,-0.20955673,0.33757544,0.21512413,0.37116927,-0.4088099,0.1860531,0.131823,0.42889044,0.42338586,0.17221603,0.77911794
295,-0.007447988,-0.08090454,-0.074424,0.041595638,-0.14243156,0.015042394,-0.0006992817,-0.47319865,-0.064083785,-0.06790444,0.6560616,0.6283829,-0.0030258894,0.32554966,-0.099447355,0.047439337,0.10290012,0.39262986,0.11135119,0.12559739,0.06623602,0.087358624,0.13121116,0.107519984,0.0947786,-0.0040317774,-0.15565784,0.1262674,0.085320294,0.09141648,0.0471721,0.08275095,-0.19573665,-0.091504365,-0.052045614,0.043796957
296,0.3768703,0.69266087,0.5932232,1.0227582,0.6888293,1.7225817,2.9736617,5.5616546,5.389644,-0.14281529,0.20709231,0.0515714,0.2738613,0.31194365,0.8739765,0.28380555,0.04468578,0.21479481,0.087818205,0.15423334,-0.20999768,0.09376967,0.012594432,-0.036112726,0.5473784,0.9673938,1.2761642,-0.06515643,0.19969365,0.08132306,0.23307228,0.14021575,0.0066896975,-0.017056167,0.08870282,-0.27497324
297,-0.1539532,0.11495599,0.6503804,-0.06336594,-0.115300655,-0.2947483,0.09379518,-0.4846402,0.11513215,0.06419122,0.5474623,1.1223502,0.2187716,-0.12053847,0.76414,0.056747913,0.1557998,-0.14427817,0.010755897,-0.028859794,0.4986689,-0.08034629,0.017900437,-0.21351033,-0.025669336,0.23270227,-0.46851265,-0.2271173,0.5052451,0.688655,0.10714197,0.22918618,0.27614862,0.064807355,0.8547023,0.7225651
298,0.061622217,0.1546376,-0.6592641,-0.18955499,-0.03176242,-0.008960485,0.5143703,-0.3103267,-0.61061966,0.19403507,-0.38617456,-1.0001073,-0.22150874,-0.3063283,-0.5938665,-0.23364472,-0.6256105,-0.14654951,-0.7202467,0.5825778,0.5770507,-0.06434733,-0.5502226,-0.4364571,-0.33306563,-0.14544708,-0.46887636,-0.28862274,-0.38595635,0.07644436,0.36056465,-0.3164537,0.33695278,-0.2882731,-0.25219995,-0.7158379
299,0.25595814,-0.12592578,0.5168998,0.26668036,0.5263382,0.10832384,-0.13034421,-0.43189424,-0.15950978,-0.13512933,-0.35706657,0.047837615,0.24490082,0.09682714,-0.10340151,0.028487772,0.36045527,-0.0171265,0.3368821,0.27935684,0.16973892,0.07071045,-0.1478527,0.009589434,0.29027665,0.43081054,0.66035676,-0.03735572,0.2451173,0.44101483,0.018636376,-0.9583813,0.42194185,-0.12697461,0.030404061,-0.28169626
300,0.16665918,0.17180625,-0.114417404,-0.31346798,-0.02510047,0.07288569,-0.2774278,-0.17763054,-0.3449725,0.9361137,1.6794816,1.9633927,-0.042472064,0.04728735,-0.22715381,0.34490058,0.02074194,-0.24758899,-0.74068695,-0.042804778,-0.41103446,-0.50092024,0.22159104,-0.019214272,0.6810004,-0.025780767,-0.57390445,-0.046432197,0.16444544,0.0049309134,-0.20210451,-0.17025071,-0.2338396,-0.28855747,0.14899269,0.31245935
301,0.009056151,-0.17844056,-0.58224595,-0.17361242,-0.33633953,0.27186355,-0.07406789,-0.023208559,0.012163162,-0.0065467358,-0.09646115,0.35152286,0.095297456,-0.13532868,0.09349251,-0.07475233,0.16344446,-0.39872164,0.03839612,-0.14967582,-0.31209123,0.05980575,-0.17482549,0.055141687,-0.023142874,0.20619261,0.6788641,0.020794928,0.29269385,0.008820057,-0.0028094351,-0.0062001944,0.22574541,-0.1707061,0.40141052,-0.38677764
302,0.14276564,-0.1613735,-0.068051994,-0.11347741,0.22768961,0.031153142,0.013051748,0.1088895,-0.32222688,-0.16117245,-0.06659146,0.086885095,-0.10627478,0.63364255,0.19478625,0.09388654,0.17819163,0.29897743,-0.1282174,0.004725877,0.09485957,-0.09612304,-0.3945084,0.45246616,0.29942352,-0.35106444,-0.00025224686,0.64428055,-0.3977934,0.2429336,0.13390613,-0.103128284,-0.10158005,-0.16127928,0.08654758,-0.26566398
303,-0.39279112,0.3085473,0.08528978,-0.20473218,-0.34202573,0.13708684,-0.320894,0.07286847,-0.34953588,-0.5788372,-0.035430893,0.60556686,0.026707292,0.11819738,-0.12122039,0.065939546,0.22570284,-0.74223566,-0.18414909,0.41924483,0.07160956,-0.1316058,-0.26662916,0.716288,0.01775521,-0.13594618,-0.10355562,-0.5265316,0.05154252,0.04591781,0.20620465,-0.489919,-0.45399797,-0.0393966,0.047236413,-0.2619759
304,0.3864331,0.34992164,-0.5593558,-0.12467277,-0.20416224,0.0536008,0.077665925,0.014607489,-0.3233111,0.051356435,-0.23013324,-0.054354668,0.27160984,-0.26493084,0.33805093,0.02174747,-0.03072837,-0.3098966,-0.29129392,-0.4892435,-0.55433226,0.41562474,-0.061909705,-0.15711531,-0.0327664,0.24329343,-0.3842486,-0.059892863,-0.72421986,0.019402057,-0.36725342,0.11395311,-0.3915504,0.020000577,0.49500626,-0.2412045
305,-0.23737025,-0.31038478,0.0035989285,-0.12408048,-0.07643059,-0.1618607,-0.15591216,-0.39080125,-0.4636228,-0.1198743,-0.048282444,-0.58428854,-0.037231088,-0.17616022,-0.3071366,0.02862075,-0.10353583,-0.026979297,0.075196326,0.20596863,0.085532576,-0.1636531,-0.17396343,-0.20725876,0.1198684,0.14488757,0.18372941,0.30912584,0.4379776,1.1091808,0.28934377,0.3472147,0.66496116,-0.018566757,0.07453512,-0.38072193
306,0.08525354,0.042125642,-0.23330188,0.11001009,-0.14224368,0.39005676,0.14911276,0.120883554,-0.953491,0.07150656,-0.15907586,-0.042361453,0.07551843,-0.119479895,-0.7404642,-0.2999846,-0.1828056,0.33865538,-0.067187905,-0.17516774,0.06499866,-0.08223596,0.23851126,-0.008457124,0.40843546,2.0753295,2.3029497,0.09248531,-0.3547927,-0.7091732,0.23071003,0.5331778,0.8167356,-0.15659843,0.33553255,0.11348933
307,0.19618762,0.43076813,0.8829897,-0.12030077,-0.4643042,0.7586602,0.11375016,-0.51658875,-0.14620173,-0.24968338,-0.062240288,-0.5335175,-0.060748935,-0.4159931,-0.29676378,-0.06387838,-0.0034287274,0.35122007,0.3013785,-0.09964836,0.11336368,0.4294331,-0.2577973,0.22305602,1.2194321,0.12289338,1.5513988,0.3066069,0.36299318,0.19086426,0.39039826,0.2287108,0.2220276,-0.16000488,-0.21750277,-0.30849496
308,3.9899049,3.5298915,4.376145,-0.2774065,0.027180105,-0.016966641,0.62687653,1.1868224,2.4536135,0.46393508,1.1346663,0.22792521,1.4082726,1.5296379,3.6455042,0.2005921,0.078901604,-0.16100527,0.160985,0.9781898,-0.11126506,-0.22863835,-0.033937126,-0.16355826,-0.40469038,-0.4242645,-0.86637425,-0.13485068,-0.0991437,-0.0061632693,-0.23587865,-0.26621187,0.008816563,0.8106705,0.13277525,1.7368912
309,0.022463262,0.059421375,0.07379192,0.4470421,-0.06994438,0.37219667,-0.19328153,-0.08076841,-0.47382718,-0.10532546,-0.24016638,-0.2818315,-0.21963012,0.059741557,-0.08590591,-0.1342245,0.05838859,0.8563414,-0.073351026,0.45351368,0.150897,0.5171245,0.5162444,1.4604719,1.2010015,2.5454695,1.168538,0.24917287,-0.38310844,1.4603466,2.7649357,1.7748241,2.7169397,0.069821894,0.10299848,0.23156644
310,-0.37507945,-0.061165333,0.67023134,-0.38544536,-0.021866143,-0.21407917,-0.3385817,-0.45972517,-0.28979447,0.14709091,-0.25640592,-0.32937267,-0.5640049,-0.0487414,-0.1842969,-0.20888424,-0.25578117,0.10364586,0.2967043,0.05758269,0.09543961,0.02196502,0.120582,0.3374985,-0.5875038,-0.3601048,-0.29287225,-0.01679036,0.38500977,0.054978967,-0.67579025,-0.075665325,-0.023589939,0.052193183,-0.002225563,0.08152002
311,0.033731848,-0.10504764,-0.263913,-0.04482907,-0.6928767,-0.1268625,-0.51292604,0.14724904,0.009872973,-0.26068074,-0.20072329,-0.166219,-0.008709848,-0.096267015,0.049497128,-0.54554343,-0.07779583,-0.11809039,0.03832233,-0.2554681,-0.05645375,0.16533145,-0.15758634,0.49651775,0.5139359,0.10274106,0.004909396,0.34310314,0.96274185,0.044794858,0.059207246,1.110098,0.30221,1.1264203,0.5210011,0.5099546
312,-0.13152683,-0.18545598,-0.18843615,-0.28943336,-0.21907333,0.19786175,0.006945759,-0.42455968,-0.0068169534,1.2502859,2.5277398,0.41784734,-0.070610136,0.0013391078,-0.09651366,-0.3140049,-0.064337224,0.25484174,0.1439153,0.041015916,0.05492437,0.13945061,-0.009754479,0.12413955,0.011051893,0.06430769,-0.8374023,0.11690223,2.462184,0.048672765,0.0037301779,-0.14953025,-0.20036331,0.050891757,-0.0373573,-0.3807481
313,-0.08619112,0.6119125,0.26534355,-0.13479364,0.19972265,-0.19849962,0.34571934,0.08603662,0.17220044,-0.56167233,-0.5151396,-0.25555915,-0.4173263,0.017438352,-0.18017624,0.072891355,0.3926379,-0.32817978,-0.61163175,-0.20587708,0.034582604,0.5647715,-0.1129305,-0.34197962,-0.1454019,-0.40549383,-0.29685813,-0.7178947,0.018560529,-0.21896878,-0.15877533,-0.8439897,-0.9486009,0.05721724,-1.017524,-0.05264364
314,-0.04956025,-0.1285663,0.019672394,0.108407676,0.09464205,0.89636075,0.1166136,0.15393913,0.4426645,0.026717544,-0.056783542,-0.39160478,-0.05659911,-0.0140067935,-0.00019744039,-0.040187657,0.32637724,0.041018486,0.07330854,-0.08997798,-0.08981988,0.13732478,-0.5707398,0.5274353,0.44059235,0.16056854,1.2398574,0.06603408,-0.12381655,0.010190874,0.3826695,0.16716674,0.50689435,0.27675983,-0.1968005,-0.300847
315,0.103987366,0.23391414,-0.20874953,0.675405,0.53925145,1.275301,0.6787638,0.8076248,0.48469284,0.4325707,0.70714855,0.36654437,-0.039401308,0.16577387,0.14887911,-0.84221905,-0.21858466,0.016377896,0.06310856,-0.18633091,-0.01691717,0.007958531,-0.6265722,-0.090576075,0.121590614,-0.112094164,0.10850176,-0.6932873,-0.4445743,-0.34111714,-0.04150635,0.28073692,0.004977256,-0.43244064,-0.18393081,-0.17427054
316,0.043459177,0.10096408,0.17421234,0.4700223,0.050804973,-0.006045878,0.025795639,-0.3491638,0.23083472,0.05984074,0.24897566,-0.20814276,-0.3578163,-0.07315421,-0.02089104,-0.12073302,-0.1598982,-0.0039090514,-0.01614666,-0.19244057,0.6548407,0.0502218,0.2236396,-0.5285983,-0.66133755,0.3875601,0.09429407,-0.35157454,-0.5455002,-0.40744716,-0.16713047,-0.22404766,-0.74373746,0.2003329,0.45542675,0.07318902
317,-0.034017324,-0.24666858,0.6702613,-0.080480576,-0.17575763,-0.053975463,-0.24624336,0.025542498,0.019179761,-0.10767901,-0.42458832,-0.5158542,-0.1291709,-0.47514826,0.025830388,0.26674753,-0.089137256,-0.485694,0.03891945,0.023626536,0.08506401,-0.14966337,0.17197588,-0.5322708,-0.0038830936,0.13514286,-0.101201534,-0.07460272,0.11733419,-0.18023339,-0.13394678,-0.0314603,0.51259065,0.06888503,-0.08161473,-0.093627214
318,-0.3985738,-0.5805246,-0.025510348,0.39806,-0.3133713,-0.15427421,0.07917154,0.3030298,-0.04852754,-0.5367441,0.13528511,-0.056913674,-0.47888944,-0.04222732,-0.36462978,-0.2826752,0.08354963,0.22235404,-0.3769766,0.43556404,-0.16643745,0.40827107,0.16678925,-0.42416504,0.016498715,-0.09379071,-0.3595487,-0.15984741,-0.24800819,0.013804883,0.5506147,0.055630654,-0.43515566,-0.5306316,-0.16262418,-0.09044241
319,0.58661544,0.121097,-0.60318184,-0.2913689,0.018482536,-0.39539877,0.16448551,-0.18595901,-0.38159412,0.6148783,-0.46544543,0.6102743,1.0182984,1.0527728,1.0220307,-0.90189564,0.21958625,0.088208854,-0.24167103,0.08395925,0.07074773,-0.016249359,-0.13743858,0.07832168,-0.009032667,0.06749356,-0.3101552,2.5361288,0.26705027,0.5506871,4.1414375,3.1234674,2.883832,-0.7318006,-0.02209939,0.58089346
320,0.086998105,0.7879461,0.1211918,0.70003676,0.59380317,-0.13861746,0.821293,0.14742425,0.30327094,-0.3571016,0.3900892,0.13303989,-0.76721144,-0.18294358,-0.28582168,0.031675484,0.015452772,-0.21868303,-1.5510144,-0.1896505,-0.03519675,-0.24331777,0.24035886,0.12410143,-0.08304441,-0.3071124,-0.2244761,-0.4459759,-0.23836459,-0.3822376,-0.4326711,-0.24968964,-0.17343122,0.119496614,-0.42754102,-0.01745516
321,-0.50952184,-0.04631993,-0.1294266,0.2393341,0.45021808,0.16962403,0.47072923,-0.11854914,-0.31043676,1.6751062,0.94773823,0.71883345,0.8442672,0.7551454,0.808692,-0.16883826,-0.051755786,-0.009659171,0.38021606,-0.32644615,1.066241,0.22989875,0.12110174,0.2530152,0.41459632,-0.29226822,0.12132025,0.02214706,0.059832633,-0.008544445,0.051117897,0.18788202,0.2538119,0.5084776,-0.13321385,0.1676257
322,0.30763614,-0.5177716,-0.63806236,2.0530283,1.9505038,2.528391,0.48831016,1.2434099,1.5493766,-0.54177725,0.11186305,0.16793078,-0.9236851,-0.3436765,-0.52847415,0.0009325743,0.26000994,0.22635908,-0.05183673,-0.03518188,-0.091368556,-0.14040591,-0.020646036,-0.42934436,0.5009834,0.93282616,2.1422806,0.18463308,0.46814165,-0.0144097805,0.36029577,0.9941332,1.5707759,-0.005907029,-0.18175489,-0.6063179
323,-0.18514836,0.40396118,-0.3201896,0.7594568,-0.17685075,0.41727483,0.050369635,0.1879367,-0.041511267,0.108463466,0.04341656,1.1301866,0.58942705,-0.089894,1.0045075,0.31642592,0.24549076,0.66834277,0.07826066,0.2168441,-0.71129596,0.16376749,0.802671,0.99592716,0.58317906,0.46055913,0.3988618,-0.6026864,-0.39326596,-0.18319452,-0.19467205,0.5581374,0.96316874,-0.052340657,0.26307565,0.41072512
324,0.18138024,-0.20608895,0.18743381,3.503216,0.41597497,0.6865975,5.9339714,4.655855,4.5287266,0.1643604,0.3732394,-0.00864774,-0.09888433,-0.023231111,0.17532894,0.07785585,-0.2967566,0.13471776,0.095187426,0.006252244,-0.13953707,-0.20415762,-0.028584778,0.20348409,0.07986693,-0.61075187,-0.3770982,-0.06790274,0.017225862,0.039382994,0.7003323,-0.1625356,0.4427916,0.21669164,-0.04151115,-0.07859433
325,-0.037919134,0.25562805,-0.37011087,-0.22286811,0.13507366,0.03203854,-0.5462147,-0.12644693,-0.3383096,-0.47594208,-0.03418684,0.31257597,0.22863215,0.6029213,0.052482918,0.15266368,0.076694764,0.30491027,-0.11212273,-0.034620643,-0.117925346,0.006135583,0.30885616,-0.15757331,-0.599892,-0.45065296,-1.1851673,0.31532088,0.06711769,-0.1875757,-0.5249109,-0.11370455,-0.1731652,0.2712391,-0.3963373,0.021115184
326,-0.5885564,0.33856183,-0.082746476,0.17438304,-0.043674037,-0.042648494,-0.14804797,-0.14213711,-0.22809881,-0.5676936,-0.28112096,-0.017632842,-0.015305102,-0.43387228,0.07802731,0.028448582,0.39384115,-0.08084303,-0.3242923,0.02367729,0.016527295,-0.13132465,0.044810057,0.2336176,0.098856986,0.32934102,-0.007462144,0.19874012,-0.094129205,-0.013070583,0.18166113,-0.3003958,0.4757129,0.60687816,0.13487281,0.040758014
327,-0.22860894,0.25872025,-0.59469885,0.14946836,0.14551115,0.0968031,0.036323845,0.073080234,-0.2182443,0.18354148,0.52045023,0.19448668,-0.1643511,-0.48636073,-0.18048334,0.007711768,0.54801637,0.29428476,0.1632787,0.3744797,-0.019134283,0.8352993,0.28610462,0.4735444,0.97998047,1.2643278,0.67821556,0.11408223,-1.1858032,0.1974827,0.45611215,0.50909126,0.82748586,-0.41386974,0.026018739,0.042687207
328,0.0031033754,-0.37277007,-0.52119565,-0.42146564,0.15651315,0.24420133,-0.852742,0.6605178,-0.060961973,-0.015246153,-0.25371522,0.5237073,-0.16906166,-0.06590408,-0.041387618,-0.2860331,-0.45222694,-0.38840565,0.33363408,-0.09074023,-0.35260057,-0.30989128,0.29657656,0.16101393,0.17642128,0.12638074,0.13931978,-0.20512772,0.35152206,0.51372963,-0.37768963,-0.52122784,-0.016896978,0.63459283,0.5977581,0.7060979
329,-0.24505605,-0.25266248,-0.11809704,0.66828823,0.88764346,0.8884366,3.1301763,2.5644648,2.0357635,1.2218561,0.8098372,0.34062544,-0.019411474,0.5371821,0.11914027,-0.3399973,0.1858877,0.34423882,0.24300349,-0.17366073,-0.43727475,0.096996576,0.35805216,-0.08520508,1.4713207,1.6869228,2.4498618,-0.19963875,0.07726188,0.16479376,1.6206424,0.7013063,2.239063,0.22309238,-0.005410373,-0.10913581
330,-0.34087184,-0.13232562,-0.009512603,0.96056926,0.050020218,0.13675064,-0.58720964,-0.035586894,-0.46034133,-0.12584415,-0.71729493,-0.77326304,-0.33108997,0.4333565,-0.05320376,0.3967675,0.32939863,-0.04655412,-0.7639233,-0.16288042,0.20434818,0.048866987,-0.048300862,-0.32944292,-0.7074877,-0.4642858,-0.2437222,0.14895636,0.5542181,-0.30466992,-0.013005376,0.11388558,-0.45287776,0.38794848,0.56738234,0.0135284215
331,0.52268755,-0.050860345,0.09501046,-0.406801,0.50640965,0.36088878,-0.7976343,-0.85344374,-0.36639675,-0.06313497,-0.25891513,-0.48295426,-0.28536808,-0.14056253,-0.10711259,-0.6636978,0.47530895,-0.13153142,-0.31898445,0.6007588,-0.08308005,-0.58924115,-0.30767375,-0.41904038,-0.14912948,0.0070574284,0.16055071,-0.8420701,-0.106569424,-0.18663442,0.6560116,0.4389274,-0.2846961,2.2411947,0.38070703,-0.53812706
332,0.40684336,0.36223772,0.25242734,-0.0170044,0.0307315,0.028206408,0.5071238,-0.44888675,0.3922338,0.79350716,0.21241313,0.16659701,0.5025941,0.28450087,0.42935503,0.38863343,0.38439196,0.048505783,0.2345324,0.21583706,0.03440839,0.25628185,0.02867496,0.10675311,0.07633665,0.028934121,0.03552854,-0.10047108,-0.34131545,0.025117636,-0.024558127,0.12276137,0.1845293,0.41871214,0.3801567,0.19513255
333,-0.111243844,-0.022950403,-0.060565054,-0.106904745,0.6065987,0.03186518,0.09209049,-0.15771692,-0.4762999,-0.20517772,0.007561922,-0.19002253,0.20307791,0.3896018,0.072364986,-0.21770515,-0.26439732,-0.052465796,0.30251938,0.34666178,0.119140685,-0.20808834,0.018417582,-0.26762512,-0.453998,-0.086227566,-0.26257598,0.2909521,0.3903183,0.16798079,-0.10565266,0.02641493,0.3292403,0.11269006,0.3819288,0.0465675
334,-0.108218804,0.43386826,0.84456044,0.25667048,0.5271725,0.75036824,0.024110079,0.32696962,-0.04225468,0.9659711,1.8260913,1.2919269,1.3698722,1.576759,2.7687593,0.032138824,0.040660396,0.055360675,-0.12739664,0.039373145,-0.2123585,0.090130866,-0.19516435,-0.016743511,0.31080642,0.042677402,-0.17397678,-0.07888056,-0.02741319,-0.016336858,-0.021820188,0.17656367,-0.4286872,-0.022899032,0.3087265,0.46861106
335,-0.025098085,0.05201043,0.2532995,0.03295201,0.060680687,-0.11790502,-0.12513006,0.30072218,-0.13500261,-0.14508909,0.008498445,-0.04246807,0.040397048,-0.46515363,0.0883711,0.11494577,0.09425474,0.3499689,-0.026648879,-0.27092955,0.97652996,-0.06192237,-0.3262803,-0.2824005,0.080586076,0.17570369,0.25320715,-0.21717644,-0.009031497,0.20745432,-0.014344752,-0.08509159,0.1408084,0.1110208,0.08937024,-0.2202875
336,-0.12053193,-0.6993365,0.03612928,-0.13209555,-0.23872599,-0.34312606,-0.11645684,-0.09548992,0.23670197,-0.18850304,-0.13240367,0.3374172,0.07611102,-0.024727821,-0.94271326,-0.079060316,0.09790288,0.18876536,-0.2577656,0.23316719,-0.13916549,0.14218566,-0.43117583,-0.009212211,-0.6185571,-0.0064280853,-0.66444665,0.02209887,-0.0017535985,0.057945102,-0.5326135,-0.48161113,0.0074760243,0.1955046,-0.3846153,0.11644402
337,1.367351,0.010094523,0.054346275,-0.25460666,-0.30864453,0.2717628,-0.99138504,0.32484227,-0.096073866,-0.48539397,-0.073171586,-1.4431502,-0.3918293,-0.3764724,-0.22686177,-0.18723425,0.33790487,0.30416095,0.6772397,0.19535574,0.18614137,0.040502444,0.07478882,0.013577469,-0.19114752,0.46602497,-0.22469425,-0.012196064,-0.45762762,-0.25524008,-0.5203533,-0.3973898,0.5683392,1.4215548,0.3638918,-0.4549452
338,1.0886366,1.9116488,0.8493426,0.23839542,-0.2501104,0.39928573,0.31282794,0.9944603,0.0052669346,0.7533155,0.61503434,-0.2652379,1.2555568,0.7026144,0.1874887,0.06485844,0.019324241,-0.4352886,-0.18121642,-0.22362053,0.103249006,-0.39561826,0.7148907,-0.0040358007,0.010031939,-0.1710766,0.20667273,0.15190071,0.16833712,0.14574403,0.45585924,0.46127915,0.25935695,1.1678514,-0.08279389,0.6183932
339,0.06392002,-0.14169586,0.10516292,0.3246958,-0.4158314,0.2411803,0.3908909,0.12897208,-0.23989552,-0.0916644,-0.3181228,0.008880794,-0.43289822,-0.6582677,-0.4684105,-0.47175306,0.050812036,0.071612895,-0.85743934,-0.90105426,-0.005268097,0.24793546,0.029149711,-0.1703707,-0.19483441,-0.21382777,-0.45636708,0.746642,0.025227189,0.13190103,0.459612,0.47275245,0.28380603,0.66790855,-0.03186494,0.31195343
340,-0.11293578,-0.19717997,-0.24813241,-0.24113292,-0.3837585,-2.4692936,-0.0937143,0.043599427,0.1768693,-0.18853307,-0.30115575,-0.2599434,-0.0800153,1.3280337,-0.87101173,-0.17800063,-0.059840262,0.076239124,-0.032187045,-0.39326686,0.015746057,-0.46394747,0.14761022,-0.06427038,0.13299268,-0.27073056,-0.02049438,0.32894608,0.43492076,0.22771588,-0.15385547,0.36566666,0.7764717,-0.23637801,-0.49157715,0.06841291
341,-0.09334868,-0.23912932,0.06743504,-0.08735564,-0.24894702,-0.27280802,-0.29178506,0.105030656,-0.3828292,-0.118477285,-0.025824606,-0.03657353,-0.30327725,-0.18335328,-0.027458906,-0.14819598,0.056089222,-0.1529538,0.14598078,-0.26784152,0.048805118,0.49322915,0.26812473,0.4046685,0.44826645,0.7288199,0.741686,-0.02319181,-0.15434642,0.027661562,0.90548867,0.33521903,0.42963028,-0.23888898,0.24870995,0.33814216
342,0.26281565,-0.18462566,-0.3266647,0.2433123,0.5663552,0.790328,-0.06339759,0.07237288,-0.20163432,-0.38616398,-0.46363652,-0.14563961,-0.35342014,-0.124360785,-0.26671278,-0.07236886,-0.23055542,0.06884595,0.1659497,-0.09451276,0.090906456,0.5039029,0.109436065,-0.14025463,-0.2384206,0.05195318,-0.39494348,-0.20259462,0.44781902,0.5820747,-0.26103616,-0.23979408,-0.5541614,0.32400158,-0.04641372,0.15843794
343,0.11396921,0.012667179,-0.29551592,0.28619725,0.29808477,0.24084842,-0.032936215,1.0619347,0.8401595,-0.039416075,0.3328212,0.9193157,0.07497156,-0.55107063,-0.42276,-0.1673457,0.12005766,0.24579057,0.23530644,-0.035839405,0.35958552,-0.08498603,-0.2928807,0.31135166,-0.30820316,0.23861746,0.20052163,-0.29232243,0.16194506,-0.0825133,-0.0338459,-0.06271994,-0.2524562,-0.07578981,-0.4267388,-0.7103343
344,0.7735442,0.16320856,0.07539219,-0.7369381,-0.27862865,-0.13806081,0.6861926,1.0195583,0.16008568,0.60340506,0.0294303,-0.23552161,-0.3036256,-0.30494708,0.16610336,0.9015554,0.60899365,0.23984534,0.5188166,-0.3363198,0.3437509,0.045588136,0.040260673,0.2259393,0.34942752,0.082534224,0.14592403,-0.10513419,-0.20794165,0.3068791,0.024097826,-0.6326225,0.20740193,-0.507974,-0.040828943,-0.1421116
345,0.1629687,0.78515005,0.12948525,-0.56035876,-0.17670763,0.016758949,-0.17403457,-0.17816563,-0.068532184,0.07728406,0.19673099,0.035882384,0.16935742,-0.47935778,-0.073640704,0.18020797,0.07070804,-0.28313193,-0.19536525,0.86907256,-0.14498577,-0.22124107,0.540706,-0.6865194,-0.16958943,1.7376357,0.8460841,0.85141337,-0.09634647,0.31898886,0.28696588,0.3855231,0.35910323,-0.25513664,0.056878254,0.044758193
346,0.15397546,1.4683461,1.1384792,2.45104,2.779857,1.1552988,1.8836179,1.4003432,0.2941225,-0.97608626,0.29181743,-0.3345056,-0.29139245,0.41526967,0.4043144,-0.6675929,-0.3992257,0.6312199,0.28044844,-0.72215605,0.09891366,0.16789079,-0.21267487,-0.237279,0.6544989,0.97308505,-0.07616019,-0.15793955,0.06384021,-0.505672,0.6035041,0.44314754,-0.7151608,0.87959933,0.85221845,0.33848518
347,-0.5442079,-1.0218945,0.1754893,-0.09859534,-0.5946351,-0.24524611,-0.17676364,0.23592329,-0.092675775,-0.018097341,-0.067204684,0.006968677,0.20736265,0.07583748,-0.2787409,0.5164808,-0.74879324,0.3868249,0.08088675,-0.7276741,-0.080837965,-0.081237614,0.5821567,-0.24691015,-0.24587631,-0.18968964,-0.31404263,-0.50641465,-0.42084783,0.070742875,-0.40213192,0.3338149,-0.2935054,-0.5176617,-0.40481478,0.3590669
348,-0.055710554,0.2358574,-0.43520862,-0.0034143925,0.09791844,-0.3348865,-0.26058215,0.28405112,-0.337837,-0.074107975,-0.18606305,-0.093875855,-0.038232505,0.159652,0.047483504,0.329371,0.47461239,0.20204827,-0.050262183,0.13626707,0.04505977,-0.10721342,0.18396392,0.6761947,2.702495,3.6586387,3.1331754,0.13496776,-0.8749596,0.29145086,1.1238089,0.57199985,0.3014928,-0.40422145,-0.29267424,-0.20354252
349,-0.2922211,0.6646791,0.53227293,0.26928902,0.41866964,0.09771675,-0.18321459,0.78084624,0.71392864,-0.4575687,0.19528483,0.0065712333,0.42444485,-0.42658094,0.14836179,0.7675043,0.34296808,0.10531242,-0.005757481,0.87578666,0.3740647,-0.90113276,0.05535838,-0.14710146,-0.21066362,-0.292046,-0.6779123,-0.58116174,-0.22265854,-0.080254346,0.108017385,0.16520216,-0.8534594,0.11176658,-0.14955533,-0.02625215
350,0.30180883,0.27864492,-0.039723158,-0.066865444,-0.02622044,0.2935024,-0.36514932,-0.0257473,0.30110472,0.13401473,-0.2773827,-0.06828165,0.45502865,-0.46531487,0.27573204,0.11453068,0.020082332,-0.10945982,-0.14467347,-0.051668167,-0.1752879,-0.348603,0.14175501,-0.4885144,-0.24456573,-0.09465905,-0.14179653,0.75814575,0.22326049,0.06898484,0.11796339,-0.42277327,-0.9545511,-0.17561893,-0.59761333,-0.21688348
351,0.096865416,0.0008042753,-0.62961537,-0.033090353,0.557022,0.029216707,0.08117983,-0.33963636,-0.14219606,0.0968585,-0.4736806,-0.42973465,0.18138048,0.087920845,-0.68627626,-0.20313379,-0.08428237,0.32312545,-0.3119713,0.06531191,0.06571901,0.22803733,0.3100667,-0.1598892,1.5248532,-0.2603814,-0.32642457,0.4341658,-0.12934458,-0.057150632,-0.5078768,-0.6669065,-0.023718191,-0.10058284,-0.13823044,-0.07038295
352,-0.08010507,-0.021178782,0.28487027,-0.41819638,0.54035413,-0.09287572,0.06985384,-0.05739534,-0.21430075,0.72394425,1.2729107,0.094515115,1.0329252,-0.26057422,0.71672654,-0.5209991,0.26727653,0.86868757,-0.47824568,-0.25823015,-0.3182602,-0.14560181,0.014229998,-0.010328054,0.0788815,-0.6952057,-0.20582156,-0.25213873,0.4298698,-0.23991036,-0.3764193,-0.52086085,0.75675464,0.32060272,-0.19742624,0.05635476
353,-0.25018066,-0.34064484,-0.37178332,-0.05024743,-0.283373,-0.7136503,-0.27974498,0.17923522,-0.18468937,0.273232,-0.2976785,0.030811012,0.072502464,-0.47290164,-0.6626757,0.2681976,0.0998984,-0.14038637,-0.93442094,-0.08163345,-0.17569631,-0.09733984,-0.5793618,-0.20963496,0.024836987,-0.16011795,-0.110526614,0.07313889,0.22257489,0.38393527,-0.4535776,-0.52065206,-0.95724475,-0.35949096,-0.7302525,-0.35294813
354,-0.40332085,0.627177,-0.6988179,-0.33591178,-0.16721094,-0.18263127,-0.154322,0.06933972,-0.509508,0.06577295,0.11360016,-0.246582,-0.024078786,0.22562595,-0.09378946,0.5885538,0.802456,0.19498263,0.33036143,0.40817922,0.124536395,0.17786206,0.44010282,-0.046946436,0.82677263,0.09856486,0.5722064,0.11993706,0.26599813,-0.033976614,0.13509461,0.5669997,0.20320338,-0.21906626,-0.035809755,-0.24084812
355,-0.48675728,-0.062215358,-0.49572524,0.20023423,-0.5654197,0.06619704,-0.089111604,-0.32490396,0.030015826,-0.062253833,-0.18932667,-0.32774645,-0.30799782,0.26168883,0.20425561,-0.086532235,-0.48566613,0.26998177,0.58977747,0.20457408,0.19852135,0.12223899,0.28694665,-0.64811635,0.21581233,-0.14743888,-0.34258568,-0.24406973,0.10347276,0.35987756,-0.050681286,-0.13064286,0.06367713,0.000109136105,0.18454093,0.0906294
356,0.25205898,-0.5893774,0.5153148,-0.006814137,0.8452511,-0.28062975,0.32847917,-0.007840086,-0.49556783,-0.18218294,-0.4459777,-0.36332434,-0.0982779,0.32499582,0.36781466,0.25823832,0.0026664734,-0.039881542,0.103527814,0.22554663,0.06348415,-0.22598289,-0.13876751,-0.29150426,-0.40584937,-0.19722763,-0.4029595,-0.24615479,-0.0544966,-0.26302427,-0.143552,-0.4904554,-0.24762884,-0.79323435,0.30584055,-0.4749505
357,-0.10358471,0.75069225,-0.27468443,-0.08570242,0.18478692,-0.0998148,0.1756956,-0.4150014,-0.3083779,-0.10587084,0.098498866,-0.22475566,-0.23993927,0.1595497,0.23150972,-0.21773505,-0.30048668,-0.06634927,-0.11096138,-0.2551902,0.21239549,0.07583845,-0.03642398,0.1834926,-0.13649356,0.163777,0.61617434,-0.03669393,-0.4505738,-0.09199065,-0.11566359,0.1640637,-0.18321452,-0.091848314,-0.27842146,0.4174704
358,0.052699387,0.16067171,0.018080771,0.10888636,0.12938336,0.49923158,0.23948658,0.2038264,0.54227555,0.2195549,0.12399331,1.1488315,-0.021657348,0.038344588,0.4834733,-0.009883046,-0.33349988,-0.6319126,1.1920929e-07,-0.3128338,0.37930167,0.077510715,0.05488503,-0.09229648,0.0380587,0.43298256,-0.3248328,-0.045817554,-0.11584358,-0.28809357,0.19380969,0.21912415,0.24088228,0.17804495,0.82688725,0.20910117
359,-0.4456032,0.45170677,-0.10960722,0.28065842,-0.13299419,0.30378374,0.30164725,-0.13309038,-0.29077578,0.04162538,-0.009252079,-0.27717584,-0.22733372,-0.24238634,-0.49046636,0.40993094,0.45098582,0.45542586,0.4883781,0.03421104,-0.23428255,-0.5120543,-0.11877963,-0.24021941,-0.068571895,-0.9268962,-0.14953524,0.7781341,0.30993646,-0.3774562,-0.14418662,0.7619171,-0.06113267,0.5217535,-0.11118585,-0.15679473
360,-0.13485953,0.53796476,0.48784578,-0.32961684,-0.17513376,-0.21266636,-0.027184593,-0.17418154,0.41657448,-0.33073303,0.44642112,-0.15853667,-0.38178176,-0.43056414,-0.15338624,-0.477417,0.8090842,0.6169748,0.13593856,0.43396974,0.29333138,-0.06582777,0.21767576,0.28991747,-0.26650578,-0.37949598,-0.108168185,0.14504962,-0.06253439,-0.105223656,-0.045652784,-0.04658792,-0.110851705,-1.1780472,-0.14058948,-0.07910947
361,-0.2522636,0.18127054,0.27373344,0.018731117,-0.518998,0.21918201,-0.011301786,0.27337626,-0.2562002,-0.5347285,-1.1447288,-0.17115808,-0.32747465,-0.51923096,-0.061743602,0.06145221,-0.103904426,-0.3510177,0.18865919,0.025478661,0.15941367,0.21088012,0.08031823,0.26405522,-0.029995663,-0.0044980347,-0.35559052,0.09354766,0.26569787,-0.27287978,-0.004212022,-0.35999346,-0.24549359,1.3513463,-0.007994965,0.2173236
362,-0.16909581,-0.19395341,0.06741333,0.21402246,0.33394578,0.16399063,-0.17900997,-0.19414335,-0.37471494,0.14674646,-0.67869425,-0.19490106,0.34056532,0.11382249,-0.20013192,0.15760547,0.16459753,0.2741666,0.09319866,0.5964876,-0.021604896,0.18016666,0.16782406,-0.054596484,0.27362198,0.41778716,0.28218246,0.0044754148,-0.045355678,0.12162167,0.040568173,0.6431091,-0.34857586,-0.010354459,0.67286146,-0.01671195
363,0.079671204,-0.14377765,-0.10026312,-0.08148599,-0.15670477,-0.48111176,0.01709032,-1.0424048,-0.29413545,-0.20002812,0.07100606,-0.6238961,-0.24657112,-0.091465116,-0.4508083,-0.030155957,0.068832874,-0.23127195,-0.1751219,0.30230504,0.30176783,0.09992951,-0.18529494,-0.023899794,-0.074998796,-0.13110563,0.38128284,-0.18293852,-0.20973665,-0.22517344,-0.21838576,-0.26271427,-0.073669404,0.095471315,-0.71238923,-0.091047406
364,0.25597766,-0.52641946,-0.21645495,-0.10785088,-0.032146424,0.07102561,0.08960211,-0.053564355,0.3734513,-0.724337,-0.8111241,-0.39330068,-0.45204988,-0.18547955,-0.053613633,-0.31070113,-0.38468564,0.09655464,-0.014389724,-0.25124267,-0.31141222,0.18099588,0.35958073,0.21887857,-0.26528063,-0.3766327,-0.731104,0.13824928,0.21758203,-0.10226828,-0.32642254,0.15804347,-0.2921539,0.2750845,0.11366516,-0.04644823
365,-0.25819778,-0.21054664,0.07780981,0.18706614,-0.3550928,-0.065722466,0.20941657,0.18491895,-0.4632905,0.07845801,-0.14614737,0.050597783,-0.16619253,-0.2304702,-0.28531277,-0.26662767,0.16939437,-0.27405292,-0.26230007,0.13203707,-0.0631758,0.16242123,0.27771732,0.14871669,-0.0892216,0.058419347,-0.42030424,0.050021887,0.14713517,0.5135167,0.023296654,0.3131611,-0.2138587,-0.15983462,-0.42207953,0.13555408
366,1.4558618,1.0844358,0.7605729,2.0522373,3.4145026,1.0496036,0.8335242,0.80859566,0.46894437,1.1747115,0.2552408,0.00661844,0.7798397,1.7023907,0.6286951,0.3912487,-0.19171274,-0.026494503,0.7099711,0.9231686,0.2749616,0.024768978,0.2200914,0.08140653,-0.04186973,0.027004123,0.046757758,0.010989159,-0.3567209,-0.05655408,0.18954039,0.16821945,0.13699234,2.0780454,2.1382565,1.8015494
367,0.1472187,0.18857273,0.15477505,-0.22195858,0.11061992,-0.5376723,-0.25132364,-0.3322745,-0.35319299,0.7764336,-0.3369377,1.306887,-0.14349973,-0.682858,-0.04930125,0.18861413,-0.30387756,-0.076757,0.25939763,0.36233127,-0.044896483,0.012298524,0.027247563,-0.063119814,-0.10075754,-0.37620926,-0.34471554,-0.33855185,0.25821322,-0.2588093,0.41441214,0.2799451,0.3762439,-0.27449775,-0.058706015,0.4271679
368,-0.022196054,0.055260412,-0.12588155,-0.032451153,-0.24479753,-0.14668477,-0.43044007,-0.16625798,-0.7396083,0.113462925,-0.4826039,-0.51168454,0.018122137,-0.10606575,0.028695911,0.051864088,0.56306714,0.15415342,-0.05919385,0.01816317,0.19648662,0.07504898,-0.12661946,0.03628178,2.110729,1.9575729,2.696638,-0.056568027,-0.4184209,-0.07644725,0.46356595,0.18811098,0.20435226,-0.77490866,-0.30866107,-0.48388222
369,-0.09214842,0.3850484,0.12690884,-0.38393056,-0.055428326,-0.012897015,-0.2741748,0.08647925,-0.31093243,-0.0070263743,0.39786363,-0.5283515,-0.052818295,0.030838123,0.44638324,-0.31816864,0.11288375,-0.15681148,-0.66116357,0.17856923,-0.089476705,-0.20782658,-0.31406572,0.014839649,-0.12066731,-0.69523454,-0.5431825,-0.38363326,-0.023091376,-0.3246215,-0.34738433,-0.4741296,0.099787116,-0.37220204,-0.33416006,-0.43240464
370,0.12352096,0.25866148,-0.054398,0.8118848,0.44109732,0.47276393,0.109120786,0.080098525,0.21009648,-0.027005713,0.24082291,0.10921228,-0.08291595,0.07576844,-0.029479682,0.08540075,0.04005695,0.22194028,-0.036374837,0.056291513,-0.10355896,0.24667652,-0.20766678,0.14609566,6.873555,5.3044066,2.796906,0.12839247,0.09190151,0.11780724,1.8387858,0.86463475,0.89986086,0.07334736,-0.067156404,-0.17613286
371,0.05172074,-0.2799893,-0.28346416,-0.19305241,-0.113752365,0.35292542,-0.06390393,-0.20331228,-0.42658722,-0.18090832,-0.4763893,-0.52353203,0.13081431,-0.10154027,-0.18220592,-0.2651227,0.22088432,0.42517227,0.12253499,-0.021682441,0.1522754,0.21927226,0.01422058,0.73387533,0.99142176,1.3027685,1.0819578,1.2223654,0.70237106,0.46599782,1.5201411,1.8376607,1.6651555,-0.21496874,-0.0067425966,0.09285642
372,-0.23177555,-0.107436895,-0.2174139,-0.6313716,0.116447866,0.15623844,0.09254515,-0.18256205,-0.44841093,0.48294085,0.7243662,0.4927736,0.5344365,0.082169,-0.08681637,0.075984955,-0.32689053,-0.14982831,-0.21627793,0.39332226,0.36016372,-0.2156865,-0.19954403,-0.10084236,-0.50355405,-0.056828678,0.27747965,-0.20387721,-0.38729337,-0.3465011,-0.22525397,-0.14587212,0.30416322,0.12620957,-0.11286026,-0.20075375
373,0.4204352,1.3309343,1.1387305,-0.040385127,0.18197748,0.1460666,0.69949186,1.2409089,1.6007733,0.03245938,0.7221099,0.21297073,0.09247339,0.07192397,0.23296113,0.04155851,0.029127538,0.6450997,0.06635189,-0.049474,0.26586038,-0.2642849,0.11136627,0.17536764,-0.038172126,-0.019586667,0.029063305,-0.15124243,-0.29168478,-0.19190112,0.00951159,0.12053597,0.17900309,-0.14988413,-0.08030468,-0.015512466
374,-0.16916122,0.6228235,-0.16568074,1.0232375,1.5889461,2.8851967,0.99695754,2.431654,2.1014721,0.00943017,-0.27583593,-0.69425505,-0.20609099,-0.37437403,-0.28349394,-0.02295494,0.030849755,-0.28077638,0.28443527,0.41248372,0.40389508,-0.40252924,-1.0944909,-0.24246848,0.29502004,-0.36896262,0.07655379,-0.47002196,0.071112454,-0.34279042,-0.31303692,-0.08869517,0.18988675,1.4220692,0.8694631,-0.18803123
375,-0.07649732,0.15786757,-0.38382494,0.18852806,-0.20937008,0.5429851,0.2911227,-0.061608016,-0.20937023,0.054317117,-0.029325753,-0.5638863,-0.103662014,-0.25030044,-0.33574185,-0.24231678,-0.28776056,-0.18740523,-0.5419727,-0.38764662,-0.07768196,-0.05559075,0.25732803,-0.077040315,0.19374499,-0.16501498,-0.15866065,-0.46276006,0.083537094,-0.03115936,0.021776408,-0.5226706,-0.38558435,0.20296764,-0.000684917,-0.22034091
376,-0.11838913,-0.43834335,-0.05439675,0.22871405,-0.33335352,0.3285969,0.0008673072,-0.11802316,-0.06790212,1.1480676,0.20082225,0.32884124,0.8626719,0.3564339,0.054506302,-0.40186185,-0.1365141,-0.036768533,-0.114504024,0.105707854,0.22356597,-0.46412393,0.0062262714,0.21683845,0.05676706,-0.39908475,-0.039166257,0.2794847,-0.21368113,0.040792584,-0.72546536,0.14880839,-0.030272603,-0.28396308,0.3096606,-0.3794229
377,3.7356014,0.5094691,0.2532501,4.8950357,1.2208459,2.5163321,5.5063696,3.421566,2.40724,-0.339287,-0.54398835,-0.11409515,0.17148222,0.5806114,-0.005700648,-0.18915653,-0.075770326,0.1392847,0.3420788,0.23770043,0.06259954,0.43430012,0.36852962,0.35212332,0.6349239,1.928166,2.9057243,-0.23096383,0.0953568,-0.27688962,0.45481074,0.20469081,-0.11030769,1.1024497,0.6788725,0.35688925
378,1.1118486,0.7207823,1.198108,1.015926,1.6937605,0.4422009,0.23671514,1.7287662,0.9338987,-0.11049938,-0.0031944811,-0.08351433,0.3029728,0.03376047,-0.07381004,0.64727825,-0.086062506,-0.22494942,-0.25689456,0.49466747,-0.24385494,-0.12737435,-0.58908725,0.64224106,1.1045132,-0.069855034,0.5962912,0.113354445,-0.5780773,0.00085783005,0.69071233,0.0073747635,-0.29546964,0.61862046,0.40900832,0.1873576
379,0.047605902,-0.21045664,0.4651165,0.1892949,0.39012182,0.066120036,0.14830005,0.16743088,0.32887888,0.103235714,0.64047384,0.16135162,0.97547245,0.5023839,0.8280866,-0.031019568,-0.119452596,0.08180404,-0.7591466,-0.5476172,-0.37560028,-0.5364993,0.4495132,-0.102553844,-0.29390883,-0.7954378,-0.78431153,-0.49552226,0.20968674,-0.18074983,-0.565824,-0.32355908,-0.5789401,-0.016255163,-0.20690127,0.16926321
380,-0.05982083,-0.2000984,-0.17365655,-0.16612157,-0.5638795,-0.10410756,0.093259305,0.011254638,-0.36099756,-0.3852736,-0.0064811036,0.24324268,-0.073514566,0.04312104,-0.16170496,-0.69069123,0.35344046,-0.28456378,0.20837754,-0.35780883,0.10386282,-0.41224527,-0.065467656,0.22366911,0.24014759,-0.1689497,-0.009914637,0.91339344,0.35799962,0.3427168,1.178363,1.002105,0.62482214,-0.24296784,-0.26131144,-0.035467505
381,0.3012408,0.39467004,-0.4512297,-0.057900973,-0.0105801225,0.4151578,0.40968674,-0.020250976,0.09184903,-0.44927996,0.5262896,-0.1368804,0.6258823,-0.1342606,-0.20428163,0.08426635,0.13210878,-0.36134094,-0.60511076,0.040112957,-0.040432513,-0.3696545,-0.27647513,0.37331924,-0.64239484,0.0012910366,-0.018791199,0.19064823,0.20190775,-0.21519065,-0.22948748,-0.107769266,-0.07364702,0.12748429,-0.21565229,0.075959906
382,0.39532018,0.1603361,0.1595819,-0.21563496,0.30586392,0.26058134,0.5462338,0.11585465,0.23487115,-0.16354877,-0.35710368,0.5107482,-0.06898332,-0.10205115,0.13394529,-0.13537395,-0.5000621,-0.12155312,0.22456777,-0.06072575,0.21376336,0.17690468,-0.039804965,-0.14922923,-0.2935323,-0.18833992,-0.08792102,0.02661407,0.2870136,0.1365521,-0.08624673,0.62558985,0.44801134,0.6847551,-0.13057858,-0.020927548
383,0.09765273,0.73634726,0.5984279,0.25434053,0.15519595,0.42232215,-0.022918195,0.747105,2.214382,-0.0488981,-0.13316241,-0.28461093,0.15326834,-0.2727198,-0.30908972,0.01806742,0.08998352,-0.30330774,-0.0016266108,-0.3671016,0.66055197,0.10694742,-0.025690272,-0.31464183,-0.24596572,0.018407881,-0.07337397,-0.0895772,0.034639925,-0.015701413,-0.15139443,0.020184726,-0.27308393,0.009682298,-0.37956113,-0.24016476
384,0.0484038,0.031996366,-0.19429106,0.027168691,0.16163397,0.045336187,-0.13610083,0.045167387,-0.41412574,-0.45702124,-0.51469535,-0.68413055,-0.061030746,0.16329351,-0.6245369,-0.1168547,0.52748656,-0.4014477,-0.066286504,-0.43448043,0.04190655,0.6436175,0.014125407,0.8572397,0.011933684,0.5479232,0.5270003,-0.397436,0.14172474,0.37588525,1.8026707,1.110697,1.1353022,-0.18160415,0.2230341,-0.5614599
385,-0.06750208,-0.17604488,0.21596363,0.40848625,0.7360601,0.535013,0.40430388,0.17012972,0.35709885,-0.27743608,-0.43033153,0.08429623,0.046201885,-0.021148086,0.83166355,-0.20389932,0.39539433,-0.1868842,0.08330417,-0.30563092,-0.03635329,0.11822521,-0.24465866,-0.16993189,-0.21441092,-0.19347674,-0.6449778,-0.047811866,0.59633255,0.038199544,-0.1882292,0.1011841,0.19399533,0.6814371,0.7637447,1.0827193
386,0.26715428,0.09536213,-0.093399584,-0.3262925,-0.50376767,-0.32572243,-0.035686016,0.003902316,-0.41041613,-0.053298593,-0.1934939,0.22161543,0.20987755,-0.24506599,-0.4624703,-0.80303717,0.33815825,0.009833515,0.14086246,0.16047606,-0.27154863,0.9050503,0.20806116,0.41214108,-0.39222282,0.13260666,-0.037852764,0.31473607,0.83525133,0.09066576,-0.29732257,0.035998896,0.34486026,0.54450727,0.587186,0.61023784
387,0.6335433,0.13814615,0.30298948,-0.07879856,0.20990446,-0.18597096,-0.77816415,0.36613733,0.031953454,-0.6386669,1.1373539,0.43567374,-0.028646052,-0.5880042,-0.051193982,-0.048109517,0.35506448,0.17994606,0.18949032,-0.37108073,-0.15353987,-0.59795195,-0.16690946,-0.3032493,-0.89154077,-1.1147038,-0.645231,0.09633504,0.460994,-0.26011944,0.074325986,0.5825673,-0.37421322,0.7337564,0.17956841,0.14094639
388,-0.6915767,0.052386284,-0.59633034,1.1224656,0.56225485,0.19781378,0.5261283,0.19216526,0.32384264,-0.0251235,-0.54146206,-0.10013643,-0.67254645,-0.028939426,-0.31078702,-0.047982037,-0.19809127,0.8337523,0.26573193,0.034172818,-0.056963235,0.06337146,-0.17010458,0.061913952,3.6530557,3.773461,5.697342,-0.3679814,-0.15333134,-0.32335666,0.18316442,0.31174347,0.4700856,-0.041781068,0.061539054,0.1741975
389,-0.6548997,-0.46953288,-0.30713975,-0.11059201,-0.07151461,-0.044772893,-0.7993697,-0.456083,0.22702864,-0.27311566,-0.39487052,-0.16566534,-0.019596051,-0.5148839,-0.4073341,0.28952724,0.14256263,0.09915984,-0.35383976,-0.15092576,0.0041109473,-0.48959473,0.45113498,0.07117158,-0.3248483,0.28268242,-0.061029136,2.1707032,1.7000828,0.8118193,1.1946658,0.82740915,0.16953981,0.1283179,-0.52413213,-0.0552534
390,-0.15515497,-0.1888909,-0.26314312,-0.38029101,-0.015085161,-0.14125288,-0.2611648,-0.032913536,-0.16068661,0.235267,-0.28240877,-0.28166872,0.022251666,-0.5048464,-0.2426002,1.3589883,0.31421646,0.37924004,0.05130422,0.19699788,-0.12112117,1.0472374,0.8957655,0.5810361,1.6188371,1.4209385,1.8114023,0.98377323,0.047685713,0.09951514,2.6449735,0.74443203,1.1232504,0.013699651,-0.14100689,-0.07878381
391,0.14355394,-0.33849767,0.28736275,2.2295837,-0.08489245,-0.26285008,-0.2676911,-0.15719184,-0.17642647,-0.08888822,0.057832107,-0.14703134,0.09111844,-0.23319241,-0.64380956,-0.249205,0.2548917,0.041386902,-0.18364944,-0.28735858,-0.21539411,-0.2168848,-0.3725392,-0.083709806,0.08671993,0.33685964,-0.24939907,0.28439078,0.007996887,0.027854234,-0.06394613,-0.016725332,0.38257974,0.108057484,-0.43583292,0.14422107
392,-0.42821914,-0.32153755,0.45851374,-0.023643076,0.3958018,-0.051955283,-0.0290716,-0.32928914,0.095359266,0.37407354,0.005618781,-0.22114795,-0.18771052,-0.13267118,-0.12941879,-0.2509723,-0.14094909,0.22894105,-0.18841451,0.2878219,-0.06998187,0.32841322,-0.1971107,0.09837425,1.8168645,1.087594,0.7210936,0.23721173,0.18180522,0.15168217,0.68068355,0.56303406,0.6006067,-0.30946195,0.053224936,0.2346209
393,0.18552125,0.13475055,0.02273643,-0.12056035,1.0832871,0.3002327,-0.61771,0.21127738,0.3503786,0.13292527,0.7991686,0.49799627,-0.35871667,-0.7174431,-0.7766093,0.35734168,0.21356678,0.59531385,0.21565998,0.09198403,0.28469265,-0.14570343,0.15326172,0.19088954,-0.2967723,-0.5622916,-0.5267272,-0.022737265,0.54048526,0.20181078,0.5556048,-0.22212803,0.13404357,0.100931205,0.7577983,0.2911552
394,0.05678165,0.010878079,-0.107782304,-0.115965724,0.26009464,0.3751902,0.04368639,0.2763734,-0.22927207,-0.32425106,-0.012563378,0.19187224,0.052528262,-0.065023124,-0.27505863,0.37763444,0.15923078,0.24364161,-0.0693326,0.221023,-0.11867148,0.16625464,0.06972462,-0.13023508,0.30773988,0.2421699,0.13698918,-0.07517105,0.9850716,0.39230043,-0.030080259,0.5137207,0.7552176,0.032552183,-0.048502028,0.0055027604
395,-0.8958202,0.25059837,-0.4979383,-0.61545026,-0.6470702,0.023067012,-0.75168747,-0.16280627,0.21131873,-0.27013752,-0.67866844,-0.39729625,-0.08421388,-0.3106264,-0.44591522,-0.40372735,0.4939427,0.5671704,-0.048411615,-0.7114013,0.42345494,-0.04077971,0.5062783,-0.058974087,0.108022094,0.93531966,0.45494002,1.2335026,0.108703494,0.87832725,0.27542996,0.3928147,0.17892157,0.07023895,-0.25203836,0.67835885
396,3.1456816,0.42789522,0.3395033,-0.69531476,0.507881,-0.06136456,0.33480436,0.2363136,0.015821755,0.028897911,0.033828363,-0.0030789971,0.2026905,0.07172567,-0.18604943,0.830857,0.043304205,0.13881375,0.30609542,0.14257275,-0.19577846,0.053269506,-0.092854515,0.062728286,0.74596286,-0.070464626,0.0007069111,0.21960568,-0.04695873,-0.15172532,0.81215197,0.86211073,0.379656,-0.08489859,0.14445221,0.08156854
397,-0.20898515,0.22618604,-0.40100196,0.10921848,-0.3323406,-0.5252258,0.7358479,0.115655065,0.15800135,-0.15780917,-0.5698642,-0.24549448,0.08031762,0.11088151,-0.4263842,0.6955706,0.9772819,0.20642644,1.656046,0.61383563,0.44490808,0.508119,0.2692606,0.9153956,0.5902484,1.0771763,0.903461,0.16316038,-0.22318953,-0.01876986,0.78977454,0.2448963,0.74786234,-0.51982623,-0.048066042,0.17306376
398,2.1832018,3.2540445,3.9594483,0.00060239434,0.49307108,0.5460069,0.27720463,1.2866598,0.31411722,3.0137732,3.164655,1.5053563,3.871015,3.9111307,3.3402343,-0.15087414,-0.08081865,0.19794062,0.27726498,-0.106740564,-0.19470423,-0.18696064,-0.07622212,-0.49249634,-0.122392416,0.096701056,-0.39457506,0.029047966,-0.26100516,-0.04958266,-0.017665267,-0.21680218,-0.75578284,0.050462782,0.31335056,0.37061894
399,-0.18520713,-0.66975784,-0.46302265,-0.69105816,-0.07559633,-0.5228875,0.14459103,-0.6257757,-0.29489303,-0.35583168,-0.83931434,0.15257603,0.15092711,-0.21266955,-0.62400544,-0.43067026,0.27973068,0.13109416,-0.01808095,0.18168956,-0.347143,-0.46685314,0.064657345,0.36195788,-0.34680945,0.12251067,-0.4743131,-0.6805475,0.24067962,-0.083604075,-0.8529295,-0.83597785,-0.13528022,0.061766148,0.109977245,-0.3871973
400,0.6726297,0.20615995,-0.23822656,-0.3411579,-0.7642975,-0.38427892,-0.041747246,0.08885658,-0.2965895,1.6234115,0.34870267,0.35660118,-0.03202522,0.36101803,0.07913674,1.4176645,1.5458553,0.89413095,2.2823427,1.3093336,0.7696518,1.6226585,1.0337775,0.5896542,-0.7271019,0.27821976,-0.46041295,1.7547698,0.10919514,0.15162343,-0.17817938,3.3764505,0.37050927,0.4417541,0.47976944,0.46106702
401,0.1357926,0.06460291,-0.2695333,0.018733576,0.46356604,-0.009909816,-0.5039229,-0.6656978,-0.5797291,-0.2651389,-0.124627024,0.19041547,-0.35810518,-0.28691807,-0.32266,0.71399295,-0.08738428,0.25041828,0.19094609,0.20831439,0.2790533,-0.5938755,-0.854782,-0.19564179,0.3454199,0.147977,0.4953398,-0.032318592,-0.12040529,-0.16583651,-0.22534093,-0.6774096,0.17989504,0.056461938,0.021563329,0.017374754
402,1.1932532,0.024782075,0.9624565,0.3874005,0.1902827,-0.4599847,1.1541339,0.62921935,0.3838279,2.138305,0.8231868,1.0700366,1.475896,0.9095698,0.5469299,-0.2229225,-0.21295527,-0.4246304,-0.5195518,-0.0023578405,-0.0013030283,-0.031855106,0.005660653,-0.3322822,-0.3772425,-0.17611197,-0.40952623,-0.26251447,0.40584615,-0.029871583,-0.12888278,0.095611036,0.3776802,0.122321784,0.4278299,-0.13235742
403,-0.04459372,0.1015915,-0.22954795,0.064519644,0.110313535,-0.01271221,0.9881435,-0.029193878,-0.44143543,0.2556658,-0.02593106,0.14983824,-0.28303275,-0.045274198,-0.09973985,-0.0003233254,0.23842657,-0.15349793,-0.42573598,-0.627422,-0.14873156,0.22923902,-0.32056075,-0.61015666,0.00050121546,-0.26903135,-0.6513691,1.4254574,0.4888013,0.25843713,-0.36031604,0.29822087,-0.14923874,0.12385394,0.39864665,-0.083768964
404,0.539731,0.15913188,0.15960765,0.51230216,-0.12804765,0.18302351,0.16576898,-0.09024782,0.19153333,0.18211566,-0.18634714,-0.34551412,0.45077652,0.041100055,0.04654251,0.12278776,-0.28531593,0.06067495,-0.23517114,-0.27092126,0.048044086,0.37201744,0.40618044,0.5010285,0.26555198,0.10866211,0.29812688,-0.20395786,-0.34201813,0.120778024,0.10067546,0.19276944,-0.5630816,-0.0860931,-0.46982613,-0.21116066
405,0.16845512,-0.2990159,-0.06640744,-0.17542043,-0.20612155,-0.11315784,-0.38943386,0.24487579,-0.21663138,-0.08986793,-0.09193429,-0.16690685,0.14643295,-0.10175754,0.12900987,0.12258959,1.0379692,0.10120806,0.08813241,0.11674254,0.0144532025,0.6917403,1.1915749,1.9079807,3.3199742,1.9061334,4.6184564,-0.012066357,0.105766214,0.051162153,0.39020905,0.5725447,0.113842614,0.07531981,0.74532694,0.09876911
406,0.9973502,-0.07308054,0.016622106,1.4098927,0.87459755,1.1442778,3.2805057,3.2886372,1.8674486,-0.24623069,-0.31959072,0.07551331,-0.27086404,0.005091071,-0.6194594,0.18677938,-0.047528684,0.23075414,0.097173646,-0.043562472,0.3484941,0.37981153,0.60839534,0.07393786,0.96918213,2.2262034,1.0259147,-0.3298143,-0.32159954,-0.010115847,-0.26557657,0.042328186,-0.27172828,-0.11358261,0.14787436,-0.12403345
407,0.10369748,-0.67017597,-0.3064585,-0.06339133,0.12639672,-0.06030482,-0.38439488,1.0338583,-0.22789842,-0.47500324,0.08890411,0.040742993,-0.4537487,-0.39056045,-0.17262185,-0.67408365,0.049412757,0.1130147,0.26475334,-0.67048633,-0.013965547,0.16673219,-0.4572205,1.1170863,-0.0021805167,-0.20137405,0.05681497,0.79452723,1.6468084,0.7377386,0.062001586,0.62473106,-0.66282773,0.38526154,0.5312159,0.392515
408,0.14434695,0.19975138,0.1689753,-0.20344043,0.055819515,0.4972969,-0.24799484,-0.0616827,-0.15454182,-0.0068119764,-0.35200733,-0.15002649,0.15177059,-0.22770637,0.288602,0.8360461,1.5045139,2.6039052,-0.2889623,-0.04542779,0.09894502,1.9851614,2.3095665,1.8220276,4.47534,4.7082314,4.932537,0.18507569,-0.008327469,0.14974338,0.19805464,0.14988622,0.045596614,-0.16342318,0.119832724,-0.27569684
409,0.7371967,0.3208749,0.8709868,0.25373757,-0.00011622906,0.21051896,0.05620043,0.69001716,1.1604406,0.09841418,0.14772952,-0.4482563,-0.012134433,-0.46020702,0.3030418,0.35887557,0.21510637,-0.28092188,-0.18764257,-0.23393738,0.17082936,-0.3530419,-0.02175203,-0.6293428,-0.37829143,0.2960124,0.021612704,0.10158264,0.035859466,-0.10346866,0.0011513233,-0.5476468,-0.16828878,-0.26422,0.1558258,-0.03880611
410,0.47501028,-0.81391275,0.20392588,0.2827735,2.3430152,0.25855064,0.020721197,-0.074475706,-0.3074541,-0.45412496,0.10438505,0.5314394,-0.064588636,-0.14460185,-0.05536458,-0.054035187,-0.68818074,-0.21203373,0.73536664,-0.48752674,-0.29860532,0.33633596,-0.34147555,-0.29728886,-0.33186123,0.07685998,0.013299882,0.35959023,1.8284733,0.29362094,-0.20165244,-0.15012413,-0.18852891,1.5447984,1.2569962,0.90868086
411,-0.1389665,0.021958858,-0.75182414,0.022465765,-0.55244344,-0.046381384,0.29031748,0.34049025,-0.4599403,-0.19687158,-0.34158152,-0.23887342,0.10311699,0.20560557,-0.7478476,0.51633024,-0.16163881,0.5261493,0.17829752,0.3434634,0.4730897,0.47284687,0.08796869,0.63022876,0.27944076,0.4117221,1.1025459,1.5787368,0.25654963,2.0528245,1.2614708,1.1208894,1.4725819,-0.085406244,-0.13869998,-0.010297537
412,-0.40005517,0.18839872,0.11550133,0.038206816,-0.16405182,-0.23546773,-0.6584822,0.26001018,-0.567524,-0.34360367,-0.02088219,0.027257591,-0.088698864,0.07222405,0.19094032,-0.072093904,0.5418645,0.10330024,-0.08156693,-0.39087087,-0.25871277,0.29934743,0.17412245,-0.11533615,-0.17832065,-0.1038135,-0.31931013,0.0076092184,-0.3412815,0.035109043,-0.30674702,-0.32609415,-0.19907337,0.19695765,0.4739724,-0.010902971
413,0.013270497,0.23449151,-0.22411644,0.14455307,-0.06742129,-0.14390546,-0.08485377,-0.1833044,0.3612115,-0.024591565,0.08801401,0.27314353,0.16815585,0.031568646,0.08001745,0.0012070835,0.03083998,0.42897636,0.035153866,0.019247651,-0.11457908,-0.11429572,-0.11283392,-0.16247338,0.080298305,0.16119534,0.28301316,0.26752213,0.2407703,0.18135905,0.18380529,0.2461909,0.49443877,-0.07635766,0.1086059,0.18407437
414,0.07835543,0.26878655,0.33544117,0.193792,1.3579712,0.4335694,-0.50238234,0.4254657,0.13348281,1.1206324,2.1710029,0.39596158,1.2807196,0.250354,0.53137857,-0.40174535,-0.015057266,0.10601807,0.19892687,0.48785335,0.21532166,-0.36736238,0.27718353,-0.25369793,-1.0298576,-0.32161862,-0.39442044,0.38709003,1.2840154,0.21094878,-0.61432576,0.8911878,0.47701937,1.4564668,0.16036388,0.8502661
415,-0.12267399,0.039148927,-0.35752395,-0.6478396,-0.056916,-0.40453616,-0.09385079,-0.041216917,-0.39061075,-0.39170074,-0.26051944,-0.4435606,-0.10948524,-0.5745114,0.019879863,-0.16995892,0.10182321,-0.33132327,-0.17270446,-0.26919115,-0.0066815205,0.47941124,-0.6992898,-0.57445705,-0.21219786,0.053524204,-0.64894366,-0.41104102,0.2749297,0.09547147,0.055656113,0.13712251,-0.3470758,-0.015708938,-0.21200919,0.23089643
416,0.38008624,1.4587221,0.41716275,1.0690618,-0.027109802,0.1517252,0.39770973,-0.005011797,-0.1442838,-0.20468235,0.29523325,0.17979193,-0.580665,-0.37382555,0.119626254,-0.34300447,-0.021281093,0.03919822,1.0048394,0.07149841,0.09689534,0.08890444,0.12995529,0.6990893,-0.060440004,0.26811236,0.27785417,-0.4167297,0.4256978,0.91351914,1.0158564,-0.20358339,-0.12204378,-0.198555,-0.13354573,-0.032084763
417,-0.34007776,0.6429452,0.04002139,0.42893302,0.09052974,0.47953767,-0.47129112,-0.040408693,0.16427135,0.17785774,-0.10967624,-0.70945597,-0.25835803,-0.15516508,-0.6476314,-0.008376911,0.47193336,0.05141878,0.0068641305,0.57345223,0.513168,-0.0040171146,0.19209474,-0.10362914,0.26231205,0.40886176,0.7338737,0.9122405,-0.12058365,-0.3574139,0.16759491,-0.66035783,0.090303496,0.16455749,0.24245465,0.1632626
418,-0.2376123,-0.0046761483,-0.5328628,-0.32457614,0.05148974,-0.11873253,-0.2505195,-0.26982534,0.14799595,1.0820806,0.48795757,1.2165015,0.33625418,0.25796103,0.92066085,0.10777183,0.27720475,-0.2743389,-0.10569811,0.2894436,-0.24956417,-0.76781434,-0.061863422,0.23322386,-0.113016404,-0.2843095,-0.378051,0.41462332,-0.2099083,0.5377722,-0.020157248,-0.23131493,0.3230933,-0.13338359,0.6287787,-0.4956483
419,-0.14082918,-0.07435608,0.07026443,-0.18939841,0.24588764,-0.272937,-0.35407457,0.110981345,0.42117935,0.545056,0.2718522,0.06093502,-0.15366173,0.1559664,0.12563765,0.19174494,-0.17380786,-0.09771007,0.03396982,0.1818198,-0.24271268,-0.15048686,-0.58895445,0.09759492,0.17681308,-5.38826e-05,-0.44994378,0.5372176,0.13012308,-0.3420629,0.29204088,0.18914902,0.15257704,-0.21986479,-0.22864187,-0.19392234
420,-0.24342585,0.59201044,-0.1836966,1.2702653,0.5374485,0.7870672,1.8723791,0.6899351,0.19839132,0.61120045,0.50065255,0.38880348,0.11766827,0.07039571,-0.42578942,0.7826938,0.67774886,0.24988085,-0.0041151047,-0.028583288,0.2743986,0.10765043,-0.05240214,0.08306426,-0.30132067,-0.24045146,0.120099485,-0.055468917,0.30459613,-0.4743893,0.079595745,-0.15606244,-0.09085047,0.086318046,0.3590943,0.02849257
421,1.205271,0.7069354,0.45743147,0.67980295,0.5187292,0.8620217,3.7353592,2.9527736,1.6880127,0.18656325,0.056714505,0.018748224,0.91250134,0.4136731,0.12581539,0.15490767,-0.24926496,0.124658585,-0.12853158,-0.35155803,0.038769364,-0.027321748,0.6042061,0.37508422,0.90007776,1.0007008,0.42300785,0.3079135,0.5721883,0.4149308,0.64704156,0.24069959,0.07109487,0.062998086,-0.2944845,-0.46899623
422,0.67728925,0.25285023,-0.06848073,-0.021864712,-0.26415944,0.3121871,0.0075231194,-0.13495809,0.08029717,0.78683126,0.74944603,0.68142456,0.1627621,-0.20189348,0.32590815,0.08933005,0.09114176,-0.03126979,0.31814566,0.13201854,0.19999862,-0.21905506,-0.20106958,0.108794436,0.5973979,-0.13046588,0.26280537,-0.18536988,-0.1947751,0.12465232,1.1586294,1.1609967,1.2898346,0.19667682,-0.2525565,0.34929454
423,0.747627,-0.12638152,-0.3286436,0.2892301,0.2521177,-0.043890536,-0.15402186,0.9170111,0.20846559,-0.052516177,0.08374947,-0.44043815,-0.27645925,-0.03213668,-0.42753926,0.29656363,-0.42791495,-0.29232517,0.2560377,-0.085993856,0.15170753,0.2975878,-0.0661608,0.00045073032,-0.09890923,-0.0629746,-0.021575928,1.1613402,0.3952948,0.3417498,0.22100002,0.5951152,0.657533,0.26097232,0.007945273,-0.27428344
424,0.07699674,-0.0711838,-0.5987304,0.76114213,1.3974153,1.542265,1.3344145,0.7892573,1.2677225,0.06732476,0.12950659,0.38059372,-0.078235745,0.08457053,-0.270754,-0.0060625672,-0.29361832,-0.45831287,-0.7644682,-0.14251943,0.20636743,-0.15438914,-0.6001709,-0.88411283,0.42229646,-0.08457804,0.45874062,-0.61294615,-0.097720504,-0.49018466,0.7655173,1.0948681,-0.021769851,-0.42240223,0.034665063,-0.2693053
425,0.16560698,0.9837331,0.008286297,-0.19544578,-0.011270285,-0.02742675,-0.116003454,0.10193664,1.0468739,-0.054391086,-0.35240108,0.47730374,0.25281262,-0.027985215,0.26771304,-0.42550844,0.6113678,-0.26787037,-0.17076778,0.03293942,0.19012456,-0.12990096,-0.038039774,-0.23875123,0.716909,0.14825803,-0.06089616,-0.15190272,0.4414217,0.75380874,-0.22672862,0.2804432,0.29669896,-0.23028721,0.24349701,0.7955152
426,-0.11556396,0.5553186,0.3410332,-0.521166,-0.557999,0.088577844,-0.16067725,-0.6906147,0.33921146,0.9768625,0.85023904,1.8615098,0.01153326,0.46999657,0.039924502,0.65858173,1.0288537,-0.16130328,0.64210415,0.15532988,0.19373631,-0.07394737,-0.11357701,0.5333302,-0.061226726,0.07386184,-0.05901459,-0.2496533,-0.5438944,-0.021991804,-0.23211065,-0.13162242,-0.565704,0.19138175,-0.06801491,0.82682824
427,0.19442365,-0.40640688,-0.013795853,0.05074507,-0.19919164,0.13267696,-0.28929877,0.223441,0.1320658,0.23967269,-0.036877096,-0.45338458,0.07096839,0.05002755,-0.14406385,0.2294598,0.5361227,0.04207015,0.045954347,-0.34614438,0.2276009,-0.3221308,0.13396513,0.17198668,0.31922308,0.40994823,-0.116344914,-0.42286158,-0.1864726,0.37668186,-0.028619528,0.41552877,-0.23526937,-0.18989828,0.3267054,-1.287546
428,-0.2789491,0.056797028,0.35514715,0.61086047,0.6966006,-0.09970534,-0.12679179,-0.44980285,-0.16991156,-0.57671523,-0.150873,0.021100283,-0.27904785,-0.14720516,-0.25470135,0.19366977,-0.0482648,-0.20209143,-0.015310109,0.05697602,0.24142495,-0.30735737,0.21287835,0.39418113,0.15259165,-0.1636771,-0.22463232,0.07752371,0.2506793,-0.23639196,0.46065545,-0.53264153,-0.43902227,0.08697349,0.8219874,0.11882788
429,0.13742071,-0.047781162,0.0027528852,-0.10016334,-0.092350475,0.06363645,-0.33938426,-0.025854468,0.10681212,0.15031826,-0.09598571,0.6006205,-0.054869235,-0.33626717,0.2685184,0.14794016,0.19585751,-0.04668513,-0.04549086,-0.046110526,-0.15146327,-0.061455667,-0.24933204,0.20693335,-0.1301586,0.28876972,0.32772613,-0.042144567,-0.097233176,-0.12353349,0.29116625,-0.13230875,0.32890463,0.006321192,0.6583329,-0.19311753
430,-0.08787888,-0.20791006,-0.27807438,-0.38095817,0.1466698,-0.13340127,-0.46326426,-0.3464911,0.25581175,1.0939027,1.6845126,1.1060071,0.38130438,-0.2215805,0.30719572,-0.24164654,0.46235996,0.0028159618,-0.31826085,-0.43507707,-0.14014818,0.037271142,0.006406218,0.014489651,0.1300101,-0.35295904,0.117595136,-0.25993085,0.51154745,0.11123294,0.23247936,0.06667918,0.058024526,0.34713733,-0.10839316,0.45058173
431,0.1715284,-0.23177499,-0.02543652,0.2994259,0.2522785,0.39012256,-0.18215817,0.1491408,-0.071039796,0.009000123,-0.023403108,-0.1485753,0.30380777,-0.16024095,0.4326079,-0.23670262,-0.100056574,-0.55972934,-0.029265523,-0.024014056,0.08668406,0.12511897,-0.032438636,-0.53681904,-0.21252733,-0.27115154,0.11080915,0.0005632639,0.12606347,0.6353689,0.14835083,0.1700277,0.68864644,0.06978381,-0.35966757,0.044086367
432,0.23089463,0.07851982,0.3049902,-0.100604594,-0.028774768,-0.2220664,0.014026642,-0.10736418,0.16944623,-0.12190139,0.23380204,0.15355611,0.023021698,-0.11747503,0.029995978,0.07159877,0.4532563,-0.24155998,-0.13751775,-0.15514135,0.20101455,-0.118967235,-0.24424216,0.6647296,-0.036267698,0.03928872,0.6510284,0.07474393,0.09562544,-0.105728745,0.13255978,0.24665555,-0.5827702,-0.2538352,-0.39277095,0.08628476
433,0.17468928,1.2437208,1.1663628,0.2550534,0.7427987,-0.16648802,-0.18833566,0.61452913,-0.44527647,-0.0067704916,-0.18295574,0.17521727,0.41539133,-0.08813442,0.84429896,-0.20479405,-0.24756569,-0.37298226,-0.31560123,0.03355226,0.13656107,0.10826266,-0.065006316,0.2643752,-0.22135162,-0.09922621,-0.68985224,0.32014275,0.47367957,-0.1545552,0.42144084,0.10248327,0.89082277,0.54140145,0.35500258,0.86412156
434,0.6448381,2.3756375,1.9244645,0.06206554,1.5103711,0.6693649,0.24684796,0.40607622,-0.101258576,0.17262894,0.625473,-0.018241957,0.0061758757,0.30167806,0.12685814,0.1635406,-0.22137761,0.15006651,-0.02058816,-0.5274202,-0.20253378,0.060290575,0.027493715,-0.1223979,0.02372837,-0.10128313,0.17849033,-0.29745254,0.12635165,-0.06504081,-0.29391932,-0.14400327,0.20178558,0.044849098,-0.6768632,0.14122196
435,-0.072479546,0.30196828,-0.1278006,0.059959292,0.11830044,-0.03526622,-0.23696187,0.038248986,0.3066954,-0.081076086,-0.26394925,-0.97718,-0.06288773,-0.31847262,-0.5926471,0.023524165,0.20019108,0.36994743,-0.08555132,-0.17961463,0.34699786,0.17985365,0.025529861,-0.4245546,0.21848674,-0.13941717,-0.14426947,-0.09525764,-0.010311723,-0.6648779,0.19356,-0.08140871,-0.6861038,-0.04363048,-0.115492895,0.47032648
436,-0.13799703,-0.15574431,-0.3389048,-0.051691413,0.09566569,-0.08024266,-0.21018434,0.121460974,-0.34929055,0.11510515,-0.0735071,0.075423956,0.022379935,-0.1704872,-0.008246601,-0.019833028,-0.02416578,0.37727773,-0.022904038,0.050427184,0.23310465,-0.10626471,0.12820996,-0.07359302,-0.033604085,-0.07920581,0.119995,0.14291185,0.19767764,0.1725308,-0.17005351,0.053911448,-0.46014535,0.5993768,0.8505054,1.8076364
437,-0.059428573,-0.078838706,-0.08320409,-0.0023449063,0.008011192,-0.010189414,0.0330168,-0.8812334,-0.2182996,-0.042830825,1.2873322,0.44338775,-0.033462763,0.2970245,-0.21215817,0.098674744,0.15582146,0.47576803,0.197222,0.2237385,0.3039565,0.04638189,0.049919456,0.19479616,0.07136005,0.00022682548,-0.027157545,0.34979928,0.13130936,0.14247772,0.035886794,0.23734841,0.09623119,-0.06298688,-0.022112459,0.15329845
438,0.15500093,-0.4469234,-0.453668,-0.04126823,-0.1687836,0.016793013,-0.08155811,-0.16424257,-0.40731102,0.077320695,0.069684744,0.008038312,-0.030307174,-0.18983978,-0.40874678,0.7220496,1.416705,0.9936103,0.20872676,0.9320113,0.29042193,0.36573243,0.22718084,1.45691,0.5364829,0.8907837,1.4433001,1.9440799,2.6231782,3.0676754,1.819438,2.6206062,3.0388768,0.14536655,0.85377085,0.73252076
439,0.61532074,1.4341048,2.1983669,1.4035016,0.72503906,0.54506236,3.4740813,3.5554514,3.6230056,0.014298797,0.59467196,0.58817685,0.26872498,0.5381647,2.1087492,0.030610621,0.19228762,0.19181496,0.021413445,0.16744572,0.023964167,-0.011720359,-0.0030034184,0.025065005,0.5244849,0.33189255,0.100794554,-0.14933944,-0.09924391,-0.073553436,0.27305537,0.17460859,0.30887923,0.10625434,0.11487144,-0.4247607
440,-0.0967055,1.1076398,0.63253486,0.43433285,0.0454157,0.3155563,0.21413532,0.7424596,1.1577474,0.0028346777,0.048924148,-0.08468044,-0.2709239,-0.15931013,0.035484433,-0.04768032,0.08167486,0.4911934,0.051463366,0.3861726,0.116062686,0.17012912,-0.23297161,-0.2559427,0.050278604,0.43093663,-0.19252628,-0.5576211,-0.09113395,0.40350473,0.09956092,0.37934554,0.112868726,0.097777784,0.16974296,0.18330377
441,0.24657404,-0.3725822,-0.00029718876,-0.35943848,-0.028153151,0.7030425,-0.4397862,0.26240486,-0.11784658,-0.12566876,0.3900923,-0.28213695,0.014416158,-0.040429056,0.17807221,-0.27015465,-0.47144455,-0.7501456,0.014175177,-0.3433177,-0.11241418,0.07656765,0.37600708,-0.6247874,-0.2774849,-0.68239343,-0.053418815,-0.59041893,-0.3336379,0.3727888,-0.37619793,0.021220684,-0.058736503,-0.3162962,-0.258784,0.07418281
442,0.16632533,0.027855814,0.13040428,-0.15824074,0.6341069,0.6576997,-0.2645647,-0.6235485,0.40341127,0.07540989,-0.051639497,0.10553086,0.121573865,0.007943928,0.20415714,0.014759243,-0.19784945,0.021391645,-0.3473028,0.20574826,-0.4241974,-0.039201677,-0.22182253,-0.5796262,-0.09846169,0.3510366,-0.1811518,0.030267239,-0.373123,0.17288446,0.06376189,-0.5053316,-0.8120694,0.04088666,-0.464473,0.6047504
443,0.6606969,0.1431137,-0.328566,-0.013673723,-0.73258764,-0.25794286,-0.43166125,-0.5785452,-1.463504,-0.42311826,0.56062734,-0.37894785,0.1403681,0.032953367,-0.40549996,0.29185003,0.66205764,1.7119889,0.17228532,0.16926947,-0.015138246,0.87558925,0.9504609,1.3064249,0.9472221,2.0345328,1.8182929,0.2389636,0.38404274,0.08271717,0.014943123,-0.2656192,1.5437256,-0.50599295,-0.20891319,-0.0013773218
444,-0.09565115,0.36264485,0.32556897,-0.3035612,0.17082477,-0.35856795,0.005203694,-0.9903719,0.027139366,0.08624786,0.92724186,1.2166861,0.9162431,-0.03832364,0.8056122,0.35025373,0.1972191,-0.14313829,-0.1823206,0.07625803,0.29168105,0.07997256,0.17764723,0.0044243336,0.33285743,0.0870669,-0.5802301,-0.483108,0.7286326,0.4682666,-0.15250891,0.50682193,0.6476041,0.5273249,0.5461341,0.9770384
445,-0.045545816,0.2811498,0.0069696903,-0.32317436,-0.020206928,-0.08974898,0.18195349,-0.15152526,-0.31453145,0.20542216,-0.3478768,-0.36614472,-0.19426727,0.0031074286,-0.2805786,0.10545635,-0.28692937,-0.04574567,-0.5316096,0.20288447,0.20483983,-0.006233573,-0.50582236,-0.19531035,-0.22310519,-0.15911499,-0.26291275,-0.22943425,-0.14169934,-0.06490064,0.18676639,-0.08345336,0.17106497,-0.3216864,-0.18232915,-0.20728624
446,-0.18656588,0.6073854,0.034074128,-0.17146605,0.19150439,-0.10788751,-0.166076,-0.3421958,-0.08833468,-0.11465478,-0.04630378,-0.19219291,-0.10576916,-0.09775129,-0.106529236,-0.024801612,0.07985002,-0.25016373,-0.15215725,-0.18014719,0.5236256,-0.057006896,-0.409806,-0.28823858,-0.080667734,-0.058855504,-0.2833351,-0.012898147,-0.19828096,-0.111722946,-0.121503055,-0.21487722,-0.73880553,-0.058832705,-0.23730019,0.46689045
447,-0.16053085,-0.15348037,-0.008734524,0.82737267,-0.3589191,0.36237013,0.57943,0.2291438,0.026911348,-0.24524151,0.60581386,-0.104353614,-0.61221224,-0.123494506,0.18147925,-0.3485738,0.36502743,-0.2452741,0.028943807,0.18969199,0.10514322,-0.330997,0.6281585,-0.7966167,2.5804355,1.9453975,0.99571836,0.00016799569,0.047408815,0.17121856,-0.12268523,0.13798884,0.023572933,-0.26645586,-0.4322015,-0.004138604
448,-0.5345105,0.13933186,-0.11667621,-0.09643966,0.0074067116,0.38513792,-0.12923306,-0.26379454,-0.10962683,-0.0072615147,0.1252839,0.17133904,0.07472986,0.1653117,0.103482425,0.2272616,0.21966112,0.35639864,-0.15063238,0.04758054,0.11480296,0.04447961,0.119127125,0.29431885,-0.06154269,0.09626056,0.09506869,-0.19029808,-0.2536341,-0.53896767,-0.10641366,0.06595707,-0.2911023,0.17666438,-0.10798578,0.25566506
449,-0.12831528,-0.2100422,-0.26956064,-0.90967274,-0.113628656,0.20182703,-0.40673932,-0.64643323,-0.18001452,2.176488,1.9874349,1.3473,0.024634652,-0.0492433,-0.28380233,0.64497304,0.09126076,-0.49483395,-1.3882992,0.034376234,-0.2640394,-0.46222857,-0.19195619,-0.14487427,0.43797547,-0.27850455,-0.3535599,-0.343853,0.29347524,0.0054635406,-0.2931728,-0.63039106,0.17292261,0.024226189,-0.26548916,0.22241527
450,0.026522368,0.101478785,-0.21113996,0.02237922,0.090801775,-0.13749236,0.46424094,-0.07198578,0.17216462,-0.28096658,-0.041840672,-0.061259508,-0.05117631,-0.027614117,-0.3974225,0.28717065,0.35140955,3.4620764,0.1875394,0.27285483,-0.5145262,0.23333776,0.18966275,0.21773136,0.11133638,-0.3480175,0.14597237,-0.5975013,-0.4382036,-0.2001343,0.061838314,-0.45486757,-0.16462362,-0.030817926,0.12929195,-0.07729471
451,-0.12605923,-0.60085624,-0.17743337,-0.38019794,-0.43333834,-0.28871945,-0.47289914,-0.71272576,-0.19902444,-0.09987724,-0.26425576,-0.36578792,-0.25175297,-0.34807,-0.59288716,-0.04130459,0.33639207,0.04702127,0.015164375,0.2014746,0.16998743,-0.48077708,0.109045655,-0.36757693,-0.042916,0.35553122,0.4382675,1.0899462,0.6997433,1.1124854,0.47960508,0.8208997,0.9180015,-0.20902003,0.07107866,-0.2575811
452,0.57820964,2.2715712,1.6696459,-0.25465488,0.08938499,-0.025377154,-0.11178751,0.9559392,1.2541057,0.35639513,0.39758042,-0.008927852,0.20117769,0.19451812,0.74149036,0.028746277,0.10344539,0.029040378,-0.09481251,0.16356733,-0.321339,-0.12269859,0.23662496,0.31727093,-0.22765978,0.07417092,-0.03229389,-0.26654127,0.16325241,-0.04245381,0.14893654,1.1198088,-0.24816926,-0.12030062,0.05603841,0.0948119
453,-0.021801218,0.004790604,-0.04524678,-0.34854814,-0.30985892,-0.35601225,-0.20452178,-0.9397079,-0.65614164,-0.7451379,-0.5349723,0.24401878,-0.09563327,-0.64755523,-0.31912398,-0.11948353,0.12813832,0.52137893,-0.18277758,0.3553298,0.024751361,0.32664517,-0.17895931,1.1206095,0.9807045,0.68028617,0.5755154,-0.19356719,-0.053696334,0.49606138,-0.6813445,0.19318381,-0.13968532,-0.5871901,0.32835537,0.8733548
454,0.37507814,-0.01830706,0.11000766,-1.0281112,-0.4020887,-0.107914776,-0.8059653,-0.3870867,-0.72969824,-0.3178919,-0.48655206,-0.28464672,0.26595718,0.25529534,-0.2636348,1.0007924,0.51342696,0.7233925,-0.9327323,0.13626754,0.26846814,0.50869817,-0.5264416,-0.3904481,-0.1837028,0.37820327,0.79549026,-0.08789703,-0.084051795,-0.23978367,-0.581231,-0.16517408,-0.094484895,-0.063582405,0.49850893,0.18698125
455,-0.16268611,-0.4530561,-0.33105028,-0.12179184,0.24953327,-0.6408824,-0.43323743,-0.70710504,-1.0692444,0.06243539,-0.3027459,-0.54641044,-0.054091334,-0.01563245,-0.07811749,-0.3116637,0.551543,-0.42052948,-0.17816186,0.3141178,0.8334929,-0.2192471,-0.08639994,0.5944742,0.08465761,-0.34991002,0.5362486,0.64121854,-0.23658204,0.9429751,0.20471913,-0.05459994,0.43720752,-0.36154366,-0.26066864,-0.7873871
456,0.5218833,0.9702295,1.282216,-0.45035952,-0.025318265,0.56066525,0.84175944,-0.40217873,0.3828785,-0.016064584,-0.6295034,-0.3080027,-0.1303029,0.036405623,-0.2507531,0.22801295,-0.17602098,0.32733297,0.33825836,0.22563136,0.26275295,-0.04185018,-0.6904818,-0.20534103,0.37649,0.06355709,0.40618545,0.59676826,1.2434801,0.80467975,-0.31728905,0.32193142,-0.38896465,-0.24616802,-0.47018865,-0.54153895
457,0.027914226,-0.21214184,-0.2635924,0.030777454,-0.8929062,0.6474311,-0.08028197,-0.3146278,-0.99363136,0.05935079,-0.17085987,-0.40478677,-0.0028172731,-0.0005079508,-0.53594315,-0.17555067,0.02706036,0.06382665,-0.029073596,-0.04207319,0.075809985,0.49065077,0.0742448,0.114329845,0.9216651,2.3661308,1.5887753,0.04141742,-0.10445905,-0.3864839,0.6537635,0.87822664,0.5453373,-0.0726811,0.21281192,0.36054602
458,-0.1280806,0.108048365,-0.15573359,0.5079891,-0.5943497,0.0662203,-0.28230423,-0.22597945,-0.33513564,-0.12934381,-0.27049947,-0.44576997,-0.29257298,0.06155446,-0.08473101,0.20597816,0.09393144,0.24483776,-0.04466009,0.38476294,0.06226611,0.32668173,0.28414258,0.8506172,1.7486138,2.1056864,0.79585505,0.43516856,-0.5900841,0.82651293,3.1441092,2.1282332,1.7470652,-0.35874283,0.26016137,-0.00063590705
459,-0.10473162,0.17100453,-0.018895715,0.8539948,1.9825625,1.0581428,-0.32408053,-0.32910722,-0.19567478,0.9890614,1.392601,0.47145247,-0.08098483,-0.38438833,0.4021222,-0.061355352,0.33282453,-0.007801987,-0.5303062,0.23735355,0.5859716,0.07661855,-0.01774332,0.09288414,0.16827738,-0.21318679,-0.28792357,-0.12880445,0.06676948,0.18789653,-0.2710997,-0.65835905,-0.71659356,1.7640891,1.5267888,1.4928765
460,0.35233584,0.03573817,-0.12471035,-0.47169852,-0.050900757,0.11211778,-0.49099645,-0.3278377,0.05841413,0.25647032,-0.3923706,0.29511964,0.7627315,-0.105422586,0.081098974,0.033375323,0.33639294,-0.24603069,-0.44208345,-0.9710214,-0.24467206,0.2533557,0.036524713,0.07562747,0.13870418,-0.21244061,-0.3024393,-0.1009113,-0.2899676,-0.6644958,-0.62113595,-0.14953732,-0.3048353,0.27666932,-0.4029575,-0.58623827
461,-0.1144689,0.22915998,-0.57012475,0.34344882,0.12018669,0.17845923,-0.86291605,0.64087486,-0.34318542,-0.012542516,-0.4005686,-0.22284168,0.029163718,-0.3791529,-0.45390582,0.45863137,-0.116538525,0.5551791,0.6271166,0.43884444,0.014150143,-0.20058072,-0.11525443,0.18412587,-0.27265668,0.13546488,-0.2140997,0.027535617,0.8097183,-0.6317431,-0.049515605,-0.06828143,-0.6321806,0.06269109,-0.7766479,0.43290025
462,0.5077918,0.4776834,-0.027204275,-0.97235245,-1.3570637,-0.35175914,0.09127426,0.14886904,-0.0008856654,-0.58451736,-0.40260017,-0.19962746,-0.13386351,0.21731845,-0.56948006,-0.18891826,-0.057368726,0.34159988,-0.2179008,0.17151089,-0.21832237,-0.32553542,0.7212169,0.19489852,-0.54208004,-1.0666631,-0.25934255,0.17617118,0.80155766,0.5587836,0.038835533,-0.7540643,-0.31983232,-0.022830546,0.28363025,-0.4806915
463,-0.32605234,-0.53485626,-0.020851493,0.5686941,0.29881597,0.5325074,0.7775931,0.17057028,-0.07387924,-0.397514,-1.1049592,0.085885525,-0.16096598,-0.09725729,-0.5295459,0.19923174,-0.092752054,0.3976469,0.6118538,0.47776878,-0.32336497,-0.47865438,0.22155735,-0.014663219,-0.8962443,0.078235,-0.18470603,-0.72641176,0.42202094,-0.047496557,-0.6789645,0.30455548,-0.21088608,0.37144658,0.28206363,0.15138438
464,0.017935857,0.51485133,0.27139422,-0.34011722,-0.036800712,0.003922522,0.13619743,0.000109255314,0.27670038,-0.62948084,-0.18844473,-0.29236698,-0.42303228,-0.31076652,-0.10359508,0.06725764,0.21386597,-0.13864318,-0.718071,-0.14670986,0.21961814,0.65538466,0.20261508,-0.2129903,-0.22890706,-0.4471665,-0.25434572,-0.5567998,0.11412054,-0.23387259,-0.30314317,-0.5201464,-0.26089334,-0.012547374,-0.5586235,0.23297304
465,-0.49305093,-0.1952395,0.5052787,-0.25328904,0.11599771,-0.16716236,-0.3648255,-0.6120661,-0.6671284,-0.64099085,-0.17774294,0.0129927695,-0.89456844,-0.043581724,-0.10150936,-0.078870654,-0.09813749,-0.21743365,-0.023521423,0.11319457,0.28778958,0.033081263,-0.2888735,0.12783924,-0.2969224,0.14677808,0.10606751,-0.22723922,-0.07028107,0.32393968,-0.8749939,-0.25751647,0.26998082,0.30976787,0.18816283,0.18448168
466,0.26482365,0.10356448,0.05182279,-0.2728181,0.34058988,0.57295275,-0.14260249,1.7788769,1.9742528,0.16165632,0.667037,-0.27570036,-0.0473302,-0.52834946,-0.040877238,-0.15282804,-0.1704356,-0.25962043,-0.23676556,0.19380823,-0.059755716,-0.3744252,-0.10127976,-0.13047221,0.8978437,1.4679692,2.484358,-0.11654395,0.7724233,-0.19312069,-0.16344292,0.46569836,-0.038716245,-0.1454966,0.18744731,0.030125875
467,-0.33984798,-0.06544179,0.5086744,0.27124572,-0.0058846474,0.60052943,0.31920248,0.080436826,0.26535296,-0.2257163,-0.052730918,-0.51921225,-0.18892945,-0.16964942,-0.12490791,0.04357493,-0.0027583838,-0.102889776,-0.3998277,-0.025036216,-0.051053822,0.4463837,-0.8824465,0.2925117,0.58556545,0.26339114,0.95792866,0.20429298,-0.00016844273,-0.0021458268,0.7488592,0.78219926,0.74440795,0.49659014,0.030962586,-0.16144282
468,-0.22210225,0.05775675,-0.36309934,0.22309855,0.40265527,0.15472634,0.2488248,0.014254242,0.3301508,-0.38509306,-1.0000398,0.03460478,-0.010919556,0.5563106,0.0039776154,-0.08390194,-0.71386355,0.11813563,-0.40434203,-0.23038477,0.00790216,-0.55643785,-0.66430914,-0.46907616,0.61172414,0.093749434,0.2229203,0.877568,0.050733984,0.58297867,-0.28570715,-0.45126045,-0.20216934,0.14879517,0.40011615,-0.10685154
469,-0.21872452,-0.24525931,-0.15235065,0.90898335,0.3319462,0.53145874,1.1562651,0.6326683,-0.0093125105,-0.3476757,-0.10186729,-0.21815348,-0.16695143,-0.33720326,-0.27804518,0.10474539,0.42263448,0.071908295,-0.22497684,-0.045800805,-0.08239597,-0.00077688694,0.13880831,0.29488397,1.6293101,0.749145,0.690866,-0.0835678,-0.5444493,0.031164408,1.4367403,1.0348806,0.39140832,-0.22361708,0.16524088,-0.23126714
470,-0.41953632,-0.3966627,0.7564345,-0.23176897,-0.7129174,-0.37502337,-0.5694996,0.1296007,-0.066589,0.0663296,-0.66789025,-0.18820104,-0.27546203,-0.59244555,-0.12196249,0.6259521,0.16416317,-0.8193377,0.035331964,-0.3446511,-0.13028264,-0.21030283,0.41544262,-0.30263522,0.15497375,0.09917051,0.05321777,0.103156775,0.39111036,-0.31959802,-0.40319556,-0.30323398,0.14967126,-0.10864955,0.02938819,-0.19539422
471,0.083159566,-0.4167023,-0.3515594,3.0308242,2.4517288,2.1640165,1.4852204,1.0280973,1.2324836,-0.21204491,-0.14623013,-0.014116228,-0.5459283,-0.6973656,-0.3141513,-0.38240218,0.064974666,0.13869253,0.2923334,-0.17896684,-0.090685844,0.11410862,-0.073660016,-0.13155812,1.8396065,1.2239841,2.13767,0.28854066,0.107910275,-0.092785954,1.6788459,2.1266935,1.9062781,-0.21365464,-0.07660049,-0.37534133
472,6.4199133,2.3582585,0.26964256,-0.26423287,0.08231502,0.4670545,0.028242938,0.041558705,-0.01236254,0.38266644,0.0884096,-0.14756143,-0.26696515,0.11365625,-0.5128263,0.531227,0.11524764,0.49180427,0.67514086,-0.112509266,0.041672885,0.68034047,0.4134608,0.31872568,2.7014956,2.0661852,2.665722,-0.17466372,0.18435858,-0.027366996,0.5091839,0.03941396,0.5209344,1.050627,0.45204407,0.48712084
473,-0.5739157,0.14188594,0.04607594,0.47130978,0.5937185,0.2868399,-0.14882214,-0.34275594,-0.27401984,1.713583,1.1400728,1.336562,0.9945414,-0.017100163,1.4303737,-0.20282814,-0.46694505,0.081480324,-0.26325086,0.077190965,-0.6313386,0.40159196,0.32825804,0.5934054,-0.21218385,-0.19791788,-0.15364267,0.07065734,-0.027875781,-0.66457283,-0.48844242,-0.16300163,-0.15763181,0.91842973,0.49777007,0.29651088
474,-0.18531156,0.28077912,0.16165495,0.43206596,0.64860946,0.07796097,0.8849733,0.19207288,-0.11842853,-0.01704663,0.36428583,-0.024867356,-1.4300444,0.01664102,0.12758422,-0.07774535,-0.17655577,0.025233716,-0.68719745,0.22308253,-0.04573232,-0.42132574,-0.021479279,-0.0054931045,-0.08993461,-0.23904914,-0.20884395,-0.22643244,0.013653696,-0.24662346,-0.3784435,-0.3022076,-0.16652143,-0.20128962,0.24477234,0.034596443
475,-0.27587003,-0.1438477,-0.4820068,0.3691423,-0.19503218,0.271129,-0.16396493,-0.25887835,-0.56895816,-0.14204186,-0.1673949,0.029138684,-0.18342298,-0.038713753,0.01947102,0.43519396,0.34794578,0.8414581,-0.19942623,-0.06579679,0.26919818,0.9168015,0.1061283,0.24149631,3.6916833,2.0285528,4.9176784,0.088011116,-0.07877551,-0.0126028955,2.5459626,1.6909573,2.0117903,-0.71387714,-0.21965882,-0.142095
476,-0.3245417,-0.061098427,0.03170502,0.6083419,0.07070857,0.07725978,0.23791127,-0.092117846,-0.037545145,-0.49990845,-0.11627418,0.010153949,-0.007922769,-0.03158182,0.092891574,-0.42283726,0.2439808,-0.12593973,-0.090064526,-0.062233284,0.16578531,0.20551944,0.33979493,0.07674003,0.13770401,0.10934842,-0.15162319,0.6401508,0.031659566,0.0077443123,0.17692745,-0.03905499,0.24051064,0.21393883,-0.07647574,-0.01686269
477,-0.3538077,-1.0957265,0.102842316,-0.3149147,-0.20357914,0.47220916,-0.82040834,-0.00432986,0.47404385,-0.3702206,-1.4579564,1.0493518,-0.422374,-0.0037732124,-0.5083344,-0.064913034,-0.50460005,-0.4640754,-0.40205327,-0.09906365,-0.8890759,-0.42810997,0.3614196,0.13592339,0.45781195,0.17628387,0.041751683,-0.04217525,-0.33410633,-0.08997625,-0.52199644,-0.34168,-0.6911389,0.03180042,0.42114764,0.25882703
478,-0.09196636,-0.014949381,-0.16448975,0.8817027,-0.015143156,0.45044875,1.4444226,0.24191883,0.52592,-0.27282012,-0.04714203,0.058878005,-0.6365943,-0.047789574,-0.03375125,0.32176578,0.5706724,0.22226018,0.506083,0.19906858,0.09352493,1.4647801,1.1074975,0.10422292,1.0816374,1.3194995,1.0807562,-0.30099377,-0.528118,-0.06105733,0.89110726,0.07996446,0.7538261,-0.3653626,-0.024485111,0.37875247
479,-0.9783451,0.18903506,-0.1720286,1.000549,-0.33562183,0.42800993,-0.5868664,-0.043305922,-0.42078316,-0.29438883,-0.100884676,-0.6464263,-0.12010938,0.51111054,0.0073203444,-0.2988151,0.01682499,0.09081015,-0.9286438,0.053947568,0.27100813,-0.46092278,-0.25629205,-0.41489807,-0.33846775,-0.61874497,0.022141337,0.12099014,0.046318684,-0.45541883,0.236068,-0.90949345,-0.19010359,-0.021483101,0.5785353,-0.190869
480,-0.45477378,-0.19403873,0.18915656,0.020701766,-0.40299457,-0.0890457,-0.19280195,-0.37558016,-0.17279208,-0.3369243,-0.23677963,-0.052889705,0.487849,-0.45731375,-0.44504842,0.10664761,0.25691223,-0.16467357,-0.27581286,-0.3681944,-0.41251636,-0.14793509,0.03836228,-0.5033132,0.5037314,-0.3070009,-0.44639564,-0.6082101,-0.31502676,-0.016873121,-0.5039177,-0.20240206,-0.5654563,-0.48291868,-0.19689079,-0.18149504
481,-0.018078417,-0.019286692,0.2371108,0.36796856,-0.24307154,-0.007812619,0.32747024,0.010073602,0.003754139,-0.28717184,-0.26400077,-0.04952854,-0.6571008,-0.05375746,-0.0021394491,-0.18576995,-0.042830966,-0.059896052,0.4180467,-0.33340696,-0.17074373,-0.011757374,-0.085446045,0.049663007,0.19518164,0.03905973,-0.04874307,0.38162458,-0.118361115,-0.08301568,-0.38041216,0.4427275,0.15274715,0.108755894,0.015414536,-0.21859586
482,-0.45014554,0.036969908,0.21286452,-0.13733315,-0.14451236,-0.3656919,0.34744728,-0.08654797,-0.1536248,-0.2677232,-0.21828194,-0.35373372,0.1879715,0.46832252,0.17729352,0.30545056,0.12710339,0.10125561,-0.07073966,0.037050348,0.24265084,0.27956235,0.20651412,-0.17171802,-0.07414286,-1.7614486,-0.14161289,0.40519893,-0.34933004,-0.218534,0.2867939,-0.18919575,0.05812955,0.13453008,-0.01298587,0.20841113
483,0.22758886,1.376128,1.5599463,0.42012078,0.53846586,0.5575757,0.2993573,0.12046945,0.091664776,1.7809968,2.0677927,0.865042,2.1276212,1.8868393,2.1855772,-0.010244608,0.35241663,0.06772977,-0.09026098,0.5035949,-0.12162526,0.12787032,-0.040573895,0.13747978,0.25436813,0.21166062,-0.13926685,-0.27375188,-0.2810118,0.061870337,-0.34067094,0.10187441,-0.5353422,0.06956166,0.31225103,0.8967781
484,-0.58197314,-0.09853611,-0.24092469,-0.3105624,-0.1659699,-0.095874175,-0.1828396,-0.799202,-0.7748286,-0.31802458,0.67456746,0.8436645,-0.010137975,-0.19597328,-0.34927335,-0.50772256,-0.14371479,0.1357323,0.008330941,0.18911451,-0.7571075,0.09299014,-0.17052884,0.11065853,0.29944864,1.0916839,0.33794084,0.30949917,-0.3158163,-0.061106198,-0.30963936,-0.34771428,0.20996656,-0.005663216,0.07036966,-0.21072751
485,0.14654821,0.62284446,0.58075607,-0.015690804,0.43241575,-0.27420652,-0.10231626,0.12619859,0.51586056,-0.13971132,0.013819456,-0.25286162,0.2779746,-0.63455975,-0.16436759,0.12966317,-0.17073482,-0.28443295,-0.08271313,0.09895861,1.1170232,-0.27277887,0.15853482,-0.0830732,-0.26200795,0.29046518,-0.18173513,0.10463661,0.22504203,-0.04117185,-0.13802367,-0.22444025,-0.0028752685,-0.31026247,0.018405914,0.2264775
486,-0.042496562,-0.0014277995,0.020435631,-0.06678605,-0.04012072,-0.09265062,0.03023231,0.160878,-0.0795818,0.039654613,0.24251597,0.7168073,-0.014301032,0.14450946,0.8384633,-0.02047354,0.08272529,-0.18855411,-0.2561244,0.017450273,-0.5379703,-0.0201872,0.09757808,0.051464707,-0.073156476,-0.5242641,-1.0750487,-0.3071245,0.1679177,-0.115885824,-0.17715442,0.07459855,-0.09158385,-0.058396816,0.1252441,-0.33407807
487,0.42681974,-0.030474663,0.39591396,-0.15138455,-0.15955347,0.141814,0.63270044,-0.16363633,0.36125278,0.9959341,0.27326775,0.06499022,0.4711864,0.2821499,0.2835046,0.5259453,0.46772993,-0.01624018,0.3943996,0.1799007,0.05828041,0.33765906,0.3721732,-0.04557413,0.10680315,-0.12752235,0.046960473,0.23856944,-0.17086655,0.05882317,-0.22668065,0.4145401,0.18316907,0.84771395,0.20429832,-0.002992928
488,-0.112817556,-0.06396788,0.033064127,0.07415199,-0.08611673,0.03071034,-0.41160864,-0.036634743,-0.46843594,-0.68055844,-0.34436148,-0.4562102,-0.50069463,-0.06688781,-0.1715595,0.464012,0.20572078,0.19856173,0.6762266,0.06677365,0.09884882,-0.355941,0.04013729,0.10139525,-0.5080354,-0.2880494,-0.14491141,0.089187205,-0.23339248,-0.21843925,-0.38585794,-0.22464651,0.78842556,1.0683126,0.014944047,-0.59679955
489,0.13866156,0.19228116,-0.40296507,-0.68210614,-0.57867026,-1.9729288,-0.10376793,-0.1336286,0.108894646,-0.36489773,-0.16671145,-0.40602368,-0.21220565,1.5312278,-0.23158552,0.026418313,-0.122846425,0.31009263,-0.30552188,-0.26476204,-0.07201511,-0.99439704,0.16921511,-0.08017504,-0.22095983,-0.028551817,0.016828239,1.1559998,0.383398,-0.07770404,-0.5523869,-0.14633176,0.4035607,0.024145812,-0.7413545,0.1306643
490,0.024882749,-0.111465365,0.17912036,-0.11281508,-0.2695796,-0.1187492,-0.112180226,0.02527231,-0.14917138,-0.054819405,-0.004698418,0.033209562,-0.26058882,-0.062115103,0.042825818,-0.14798403,-0.021162271,-0.10087454,0.12256706,-0.3024794,-0.012237549,0.51935506,0.24370879,0.14401454,0.25043255,0.52627975,0.42330265,-0.0011854917,0.0037784874,0.030985117,0.9297318,0.4579707,0.1325432,0.28353488,0.19475755,0.27690262
491,0.10911651,1.994496,0.0073557943,0.087910056,0.038440406,0.29599988,-0.2288146,-0.42923552,0.16098946,0.20701474,-0.20438954,-0.19613224,-0.17269742,-0.40277573,-0.13878062,-0.21083164,0.26283073,-0.040400445,-0.20476162,-0.0232386,0.14351279,0.019154489,0.21353993,0.137929,1.55694,-0.013040483,0.017846346,0.00052410364,0.09433451,0.3922757,-0.47702393,-0.5590871,-0.30396712,-0.21718729,-0.51533383,0.101587236
492,0.16790962,0.14069995,0.13632536,0.35302877,0.23914021,0.1510731,-0.14090711,-0.041735157,-0.36589855,-1.0298873,-0.12354225,-0.17065078,-0.36189124,-0.026231378,0.13025296,0.051316306,0.1620462,-0.6328816,0.51018476,-0.20120674,-0.12375426,0.15879542,0.036826134,-0.32714468,-0.7779379,-0.31234026,-0.7032646,0.32124293,0.24139556,0.534933,-0.47437656,-0.1559118,-0.27358007,1.1813093,-0.2511505,0.16613734
493,-0.14223629,1.3809257,-0.14906693,0.54288673,-0.4425429,0.043072045,-0.51701975,-0.2653308,-0.15226614,-0.0424091,-0.3417861,-0.070465565,0.112477124,0.34262368,0.03612387,0.13188237,0.92940253,-0.020278573,-0.2321446,-0.009879664,0.009679675,-0.06121844,0.09934144,-0.043916464,-0.12203715,1.5018673,0.3535784,-0.15200734,-0.038424313,-0.35017508,-0.050635457,-0.19219027,-0.2206471,0.27027938,0.36399502,0.32259738
494,-0.08982524,0.13848597,0.07232912,-0.28913367,-0.13571614,0.03543079,0.25795943,-0.24996915,0.09751612,-0.47718167,0.30703473,0.31472087,-0.2046668,-0.007431507,0.1603021,0.1877865,0.41709244,-0.032633066,0.30982423,-0.26407716,0.0020915866,-0.1629363,0.2585641,0.07731214,-0.07517342,0.29399425,-0.33463448,-0.3383602,0.27017784,-0.06826645,0.16642773,0.12206879,0.2868454,0.43534714,0.10834001,-0.051933467
495,0.23383635,0.8431106,0.56403345,1.0348564,1.136384,0.2884239,0.4980361,0.656157,-0.072702646,-0.5219665,-0.06905913,-0.22047609,-0.119128704,-0.06033033,-0.015333027,-0.45401978,0.108970016,-0.19118834,0.5540561,0.034723073,-0.41612822,0.05778426,-0.5221751,-0.8973,0.6170397,0.77248275,-0.32831824,0.58649546,0.27852008,-0.25569737,-0.35337022,-0.15015122,-0.50630903,0.098106995,0.72180116,-0.12571782
496,0.2824642,0.50450766,0.17695051,-0.008584157,0.363895,-0.11729161,-0.04930371,0.33286655,0.62349296,-0.4943146,-0.14484316,0.019944489,-0.30999798,0.020820051,0.08152914,0.12769721,0.39380485,0.11670506,-0.1519754,0.36604613,0.019013226,-0.34661856,-0.39869893,-0.14427242,0.068594694,-0.46166545,-0.4577726,0.09308058,-0.37863645,-0.15631035,0.58756006,0.55008084,-0.065893814,-0.48513258,0.28301203,-0.37089378
497,-0.1585871,0.28296518,0.06258216,0.5632074,-0.592877,-0.24696347,0.012699604,0.11435372,-0.18629378,0.12672341,-0.12694587,-0.53534985,-0.75860983,0.12815398,0.42886424,0.047847092,-0.03082484,0.17611632,0.34768808,0.41834256,0.2389982,-0.23854017,-0.24562505,-0.13835418,-0.14580959,-0.021177411,-0.90295774,-0.18744755,-0.2530117,-0.21116158,-0.30321807,-0.0917061,-0.26778284,0.20268816,0.28749812,-0.35286552
498,-0.107897215,0.1727319,-0.43276963,-0.23204505,0.16143209,-0.45431072,-0.1308797,-0.49721178,-0.25065446,0.42718816,1.0614136,0.6550925,0.47945315,0.14566249,0.17795569,-0.5375612,0.17029369,0.120352514,-0.002891302,0.15430857,-0.050202966,0.6945956,-0.11637327,-0.18760419,0.08683199,0.35130432,-0.50571674,-0.8191732,0.6064809,-0.35881278,0.2317369,0.050144464,-0.24071763,-0.37235892,-0.414103,-0.3130988
499,-0.41331464,-0.29811156,0.19979113,-0.36430192,0.27875772,0.14600676,-0.3512147,-0.119789064,-0.042164147,-0.55148077,-0.26529247,-0.40291017,-0.2469362,-0.017356157,-0.23849952,-0.04565674,-0.26139098,-0.1897515,-0.31523657,0.022173557,0.124008596,-0.24867207,-0.18189806,-0.44046295,-0.52110285,-0.11743122,-0.20816457,1.2784578,1.3031696,0.5155406,-0.1034258,0.44690287,0.2793281,0.024300218,-0.32793304,0.09237695
500,1.2470179,0.74778533,0.76886415,-0.19896603,0.16380788,-0.13497907,-0.109291136,0.6563115,0.10087824,0.15940475,0.5017526,-0.03366232,0.6145083,0.521171,0.09727579,0.5690325,0.06527215,0.036766022,0.14512014,5.0783157e-05,-0.053762555,0.14760035,0.17749742,0.3375032,0.723215,0.20284215,0.62755424,0.18717796,0.5077038,-0.0014689565,0.21024524,0.022798598,0.048707217,0.6528864,0.18246219,0.5049603
501,-0.005493015,-0.011964485,-0.1327095,-0.45367873,0.37837,-0.1848095,-0.42255083,0.5329446,0.20890284,-0.2694208,-0.6169525,-0.059577763,0.3331033,0.10028489,-0.18989,0.086618245,0.8406447,0.11558935,0.3913852,-0.31079417,0.08392042,-0.16212237,-0.13978083,0.19970334,-0.59075737,-0.31801358,0.15534282,2.1994877,0.81238747,0.04643786,0.36054724,0.5030604,0.36574978,0.1468456,-0.22784173,-0.042907506
502,-0.3926186,-0.3162231,-0.3566808,-0.02149035,0.47048685,0.04516858,-0.14390814,-0.24519509,-0.6713731,0.34241667,-0.81143725,0.018362463,-0.36506602,0.3899625,-0.24933368,-0.2932797,0.0105339885,0.09518993,-0.36737108,0.2006914,0.053910017,-0.19736129,-0.41982543,-0.060013443,0.6757504,-0.6245655,-0.22018099,0.09884015,0.033256054,0.044739127,-0.5391692,-0.33171886,0.09204215,0.2880141,-0.0926483,0.16457665
503,-0.18416262,0.050034955,-0.21956232,0.017707169,-0.9559612,0.07260068,-0.123923,-0.1638298,0.041302085,-0.09451008,0.14728183,-0.11956672,-0.44558668,0.23373562,0.2607883,0.01923871,-0.57720906,0.077995926,0.47022963,-0.07516776,0.035690144,-0.04154575,0.34654742,-0.3883611,0.2634706,-0.089637905,-0.10982919,0.11840731,0.06565721,0.20005713,-0.10093227,-0.027398348,0.16531536,0.16352695,0.27544308,-0.10669309
504,-0.17365217,-0.21617445,-0.54347456,-0.6692133,-0.10975927,-0.41193372,-0.23419768,0.1103492,-0.024676532,-0.04660976,-0.37324658,0.14618716,-0.13296267,-0.24264565,-0.48235762,0.23296714,-0.61512816,-0.5740618,-1.2636555,-0.15821987,-0.4066836,-0.6384848,-0.50897664,-0.28386033,-0.22906172,-0.17715728,-0.31070387,-0.358463,-0.009207234,0.09995794,-0.29660046,-0.7037759,-0.83271956,-0.31106204,-0.4361103,0.40258688
505,0.09863925,0.02164334,0.2414734,-0.26496166,-0.025447726,0.1571225,0.3553342,0.39306727,-0.060462475,0.52679414,0.9690466,-0.09404647,0.6708355,0.2929033,0.3161263,-0.55330336,0.21851772,0.37835917,-0.31709063,-0.2351762,-0.3296421,-0.13466994,-0.51183635,-0.05878091,-0.029225111,-0.50660515,-0.3534392,-0.21426249,0.4818431,-0.12141144,-0.024669886,-0.050625503,0.1489177,0.15507144,-0.23079929,0.08271456
506,0.33381784,0.14641628,0.2467699,0.7997551,0.27069625,0.08181292,0.60136706,0.27892467,0.39712417,-0.032639086,0.19194858,0.18813461,-0.069835186,0.3266865,0.28410608,-0.11716348,-0.12830693,0.32036582,-0.12787461,0.2046313,0.05327052,-0.02044499,0.17433172,-0.1482405,0.3133076,-0.096532024,-0.020537078,0.32001263,0.025794387,0.23383439,-0.09558648,-0.22001816,-0.042005867,0.6190835,0.22782081,-0.05413729
507,-0.0062918663,1.0180445,0.44830012,-0.08517941,0.037597448,-0.08246459,0.045456216,0.7481936,0.16651884,0.38670337,0.08066125,-0.26694354,-0.20269433,0.20168954,0.10375601,-0.23959297,-0.107237995,-0.33087677,-0.15610826,0.009186111,0.3081984,-0.11864793,0.031038702,0.19921407,-0.29225153,0.7748821,0.3324135,0.057993315,-0.13825285,0.2713088,-0.41520593,0.021739066,0.022078484,-0.32301414,0.12257326,0.12569278
508,-0.037416458,-0.12963,-0.13518673,0.33356416,-0.2919848,-0.062083364,0.15542835,0.007832207,0.060549974,-0.3014806,-0.285068,-0.27009153,-0.14572066,-0.0024416745,0.028062612,0.39643523,0.33176693,-0.17143518,0.49809372,-0.010509312,0.13658676,0.27181467,-0.36197495,-0.071751446,-0.6123413,-0.45755476,-0.43055952,-0.14609873,-0.3406839,-0.0024730563,-0.1847305,0.33576798,0.00045835972,-0.07616173,0.28189588,0.0006507039
509,0.033437848,0.012335034,0.35873276,0.10415053,0.23281582,0.34851086,0.31805193,0.103037655,0.4886195,0.5470862,0.66592014,1.2259212,0.28492367,0.14757729,0.46700406,-0.027334213,0.09589028,-0.50596625,0.09622872,-0.09496492,0.40358537,0.544997,0.03763059,0.091113925,0.38991225,0.4285159,0.23527506,-0.046911,-0.17594647,0.03244543,0.19795215,-0.1861119,0.77491146,0.18197533,1.1575955,0.16749187
510,-0.16497284,0.5371107,0.20473772,0.38540366,0.3593434,0.2917279,0.31191528,0.98994017,1.1480018,-0.07307398,-0.72406536,-0.031478986,-0.017472804,-0.46962345,-0.084281564,-0.23671666,0.3755686,0.27465135,0.056500196,0.94140667,0.66040176,-0.13169533,-0.4851601,-0.6830872,-0.0959661,-0.42157552,0.3040403,-0.30619934,0.310838,-0.29779917,-0.22311293,0.01021257,-0.85209954,0.08558345,0.04004371,-0.43631655
511,-0.11358877,-0.059434243,-0.008130789,-0.023831308,-0.8320743,-0.081469595,-0.2849913,0.17585064,-0.16321379,-0.7765358,-0.35977253,0.09866816,-0.60491246,-0.050106436,0.14946687,0.10084605,-0.5256585,-0.14611423,0.15842581,-0.30173853,0.11036849,0.06043534,0.26700178,0.14480174,-0.20631523,-0.10679531,-0.060799956,0.598176,0.36921662,-0.03207773,0.0581851,-0.38572526,-0.20721138,0.6939067,0.1296283,0.19345003
512,-0.028461903,-0.1559148,-0.26779395,0.029702187,0.46321326,-0.089739025,0.50178796,-0.15329781,-0.29422516,0.3609369,-0.4649297,-0.06527197,0.18179816,0.1770491,0.020292401,0.65542,0.38813883,0.5394172,0.29173484,0.52694035,0.18398649,0.019090697,0.3949041,0.042795762,1.3779931,0.62478244,0.12631647,0.11222212,0.3770579,0.3511803,-0.013051003,0.78210264,0.2627033,-0.033256605,0.17827421,0.5664534
513,-0.20781605,0.04898107,0.4897449,-0.46289545,-0.14372972,-0.5359403,-0.3530584,-0.0490873,-0.30615473,0.15160829,0.08077398,-0.48921815,0.2047143,-0.1368913,0.057130724,0.45689273,-0.09053713,0.01429224,0.20705569,-0.093309164,0.03690183,0.025354624,-0.6535079,-0.22052693,-0.2483707,0.13394508,-0.2277947,-0.1812009,-0.2230219,-0.34715128,-0.04557839,-0.26565242,-0.13564926,-0.26568186,-0.114506096,-0.07021624
514,-0.20198435,0.034855828,0.37466344,-0.045218468,-0.15202942,-0.14259008,-0.62325126,0.90452063,0.027086936,0.2830943,-1.1811643,-0.44449437,-0.423269,-0.21420862,-0.11970577,-0.40840867,0.04859793,-0.49572378,-0.2279836,0.33540455,0.35591042,0.13722315,0.51976204,0.79051054,-0.50660354,-0.30559367,-0.29984078,0.3533305,0.294209,0.51861936,0.3666816,-0.08537239,-0.10041726,-0.26219034,-0.4802999,0.27561912
515,-0.058412924,0.122450955,0.105131716,0.16676587,0.029205114,-0.26439697,0.7740859,1.2213167,-0.13966087,0.49888098,0.85747194,0.70741,0.44217497,1.6784537,1.3001851,-0.2645134,-0.057180703,-0.039797813,0.043703437,0.20763749,0.7677406,0.22791806,0.085078835,0.17396028,-0.23256838,-1.1390123,-0.56339645,-0.12978926,0.05614403,-0.20005718,-0.2997653,-0.05658853,0.33607048,0.09384656,-0.100579396,-0.077599704
516,0.01739198,-0.33370787,-0.39994022,-0.58688414,-0.099111736,-0.5663607,-0.3815487,-0.24159582,0.17825222,1.3156698,-0.1543895,0.8221668,-0.3027204,-0.8355022,0.14152917,0.120077044,0.04505539,0.3955016,0.22264838,0.089736804,-0.16577125,-0.31127787,0.38471028,0.4379779,0.13743311,-0.16469908,-0.30621812,-0.3173797,-0.31651646,-0.5506513,0.10588839,0.49169308,-0.08153623,0.34411874,-0.17732286,0.33771527
517,-0.6035718,0.11708927,-0.24453825,-0.159994,0.526733,0.35213125,0.26290667,0.4619069,0.8233291,0.09684342,0.47891855,-0.019739896,-0.30391157,-0.12424413,0.15499175,-0.50439394,-0.25751293,-0.07418519,-0.86358976,-0.07079202,-0.11060106,-0.39755487,-0.32239228,-0.019283056,0.14262879,-0.4978655,0.008023828,0.13110483,0.021065295,-0.34836948,-0.5792151,-0.37091827,0.029614687,-0.5566048,0.017550796,-0.16318369
518,1.36153,0.117043406,-0.2697343,-0.03520882,-0.44373596,-0.18891852,0.63728917,1.0843508,0.15243402,0.92110133,1.759613,0.39412048,1.9302545,1.4472233,0.81146795,0.15422535,-0.11814788,0.27751416,0.5496839,0.017852306,-0.092700005,0.83143747,-0.012069702,0.6174231,0.856171,2.0468824,1.5238249,1.0633751,0.61823994,0.9899278,2.1483598,0.43452498,1.21612,0.12362342,0.060859084,0.23694131
519,-0.37514296,-0.05646366,-0.29768252,-0.87041485,-0.36036068,-0.36485523,0.048817202,-0.6002343,-0.64421743,0.21347451,1.1976436,0.2690484,-0.144961,-0.0039830655,-0.34975073,-0.0167633,-0.15353662,-0.014775813,-0.08125962,-0.33928162,0.22122031,-0.06781392,-0.31971496,-0.23711362,0.18941644,0.060857914,0.5100012,-0.21666794,-0.1962338,0.48601305,0.17003402,0.8879819,1.2009422,0.06518092,-0.19121009,-0.63181263
520,1.1885533,1.7214184,1.0366746,-0.12488341,-0.36205173,0.097533464,1.7194614,2.448675,1.3539896,-0.1926899,-0.43357024,-0.20913142,0.3225689,-0.09109217,0.27681893,-0.11697292,0.33263186,0.28394002,0.11663425,0.10409111,0.24820009,-0.22144225,-0.0051443577,0.015850693,0.0074003786,0.26133177,-0.40957415,-0.41872615,-0.21425861,-0.261807,0.46128967,0.23046014,0.16385226,-0.3052107,-0.21072881,-0.26455593
521,0.23820236,1.548053,-0.043690383,3.3403068,3.1016116,3.1110196,2.3881419,3.680589,2.8348742,0.086319,-0.18928605,-0.3517325,0.056398533,0.2088517,-0.0991416,-0.3556373,0.21623427,-0.2919747,0.26671737,0.61799043,-0.13939898,-0.46093714,-1.1705573,-0.50572085,0.012952417,-0.31762934,0.21799922,-0.042590618,-0.02968514,-0.17371064,-0.37671167,-0.167609,0.25662738,0.19282217,0.5924248,-0.25553071
522,-0.044000797,-0.050754726,-0.09489679,0.005692959,-0.022321783,0.63913023,-0.0394893,-0.20959054,0.013968587,0.020370007,-0.21440104,-0.56047463,-0.030196428,-0.33132696,-0.089681804,-0.06505529,-0.13811988,-0.19533408,-0.64093995,-0.42631805,-0.016691282,0.048981432,-0.14600019,-0.44697142,-0.16464579,-0.34677544,-0.2230712,-0.24312627,0.054720033,-0.36666456,-0.05691831,-0.880459,-0.35001326,-0.5355115,-0.002599597,-0.3595293
523,0.62571883,-0.44884303,-0.12523949,-0.21240908,0.24712008,-0.061375737,0.43032193,0.27198556,-0.33954856,-0.6208341,-0.023192883,-0.5146922,-0.27453685,-0.18694189,-0.31613624,-0.28134978,0.25837493,0.094935656,-0.32210135,-0.11373314,-0.079487085,-0.08573949,-0.21416236,0.18773028,-0.33688936,-0.08817927,0.2814784,-0.09642404,0.22393864,0.08259809,0.23136348,-0.05032538,-0.12884624,-0.097013414,0.050876796,-0.26233006
524,0.6007593,1.8760802,0.8067906,0.39404774,0.6910653,0.60556114,0.3068816,1.079829,2.262821,-0.07646704,0.16945453,-0.28351226,0.3393989,-0.42547816,-0.27884492,0.13925493,0.7355561,-0.34958932,0.04880035,-0.013435274,0.66933477,0.1963256,-0.22454137,-0.6933352,-0.2575136,0.2074579,-0.31813848,-0.30569535,0.28184783,-0.24957594,0.114287555,0.19188398,-0.23872364,0.32287365,-0.34501636,-0.10168862
525,-0.1531436,0.0094000995,0.024588108,-0.09421137,0.2906757,-0.7377463,-0.41451478,-0.010707945,0.4878738,-0.3343746,0.23495021,0.13562441,0.22693211,0.3231183,0.21463321,0.124140054,-0.084582955,-0.26399165,-0.1907078,0.070860505,0.03554046,-0.47790045,-0.13629091,0.106286824,-0.44866174,-0.43472257,-0.7174011,0.042860597,-0.11116986,-0.4265986,-0.32907587,-0.5266604,-0.10432243,0.04412225,0.18589196,0.044273376
526,-0.3052632,-0.10971621,-0.17010567,-0.34656107,-0.4657151,0.0637275,-0.16855608,0.32584566,0.07079086,-0.66398406,0.047877967,0.20829079,-0.17519143,0.059333503,-0.1537061,0.040459156,-0.047867723,-0.12343824,0.4111805,-0.01619646,-0.023255229,-0.26844114,0.16837814,0.13893047,-0.455878,0.06267488,0.18681681,1.430702,0.60074896,0.5058564,0.69514215,0.9665739,0.6649386,-0.24449337,-0.06793088,0.2538522
527,0.17559433,0.12089899,0.5316271,1.9377707,0.90466744,0.65759116,-0.25290877,0.7064988,0.15702283,-0.47217724,-0.38620427,-0.36329108,-0.22543514,-0.17199177,-0.4679548,0.0010477602,-0.09753236,-0.35931706,-0.8452213,0.22141959,0.6612594,0.3540046,-0.67564845,-0.15289116,-0.6843416,-0.20437473,-0.69415116,-0.037359595,0.05911772,-0.06198886,-0.6352545,-0.70474505,-0.6039635,0.5857445,-0.16244236,0.29135764
528,-0.034736574,-0.46133786,-0.0903313,0.05576712,-0.0302594,-0.053249195,0.6511899,-0.2993086,-0.7523982,0.11442211,-0.521413,-0.66565275,-0.34912783,-0.03875202,-0.47228202,0.77108264,0.5180634,-0.5256822,-0.132236,-0.36911097,0.26146334,0.15368691,-0.41187972,0.3004652,-0.38827837,-0.5128748,-0.81770855,0.12307939,-0.56371665,-0.2864262,-0.22251654,0.39382756,-0.747989,-0.21828704,0.12195204,0.249174
529,-0.022599906,0.0052906573,-0.24321958,-0.28566474,-0.47410202,-0.19482702,-0.12952301,0.06306282,-0.03359145,-0.63072187,-0.56403565,0.0017616749,-0.12833264,0.10966152,-0.41567367,-1.0016037,0.11818331,-0.025439978,0.2224491,0.12423446,-0.061208665,1.0987428,0.07631495,0.08574563,-0.2596926,0.18596444,-0.085062325,0.64132774,0.2093969,0.16030604,0.677871,-0.21600074,0.2778074,-0.051845968,0.56216943,0.38647777
530,-0.28476492,-0.31296787,0.048812777,0.5656085,0.5920609,0.37065527,0.21676509,0.1307649,0.29801977,-0.6185786,-0.361002,0.06230086,-0.046088487,-0.17148429,0.68108773,-0.39130726,0.41426468,-0.1837318,0.19187587,-0.5515679,-0.09603888,-0.13144441,-0.2514431,-0.06901786,-0.04364592,-0.21257913,-0.61813486,0.04866302,0.25683153,-0.02165562,-0.4795506,0.14035882,0.13579783,1.0774858,0.92238146,0.64230597
531,-0.026477516,-0.14021459,-0.10590509,-0.17367037,-0.089473486,-0.45305246,-0.6935342,0.07979564,-0.288657,0.04988998,0.8695827,0.51174766,-0.10373846,-0.24802479,-0.0547117,-0.18297336,0.06337967,-0.03498292,-0.17177796,-0.7770624,-0.31327245,-0.5835889,-0.3119982,-0.16116187,-0.93570554,-1.1009011,-0.38546172,0.20980418,-0.4612531,-0.010384738,1.2916449,0.37393776,0.12685883,-0.05584123,-0.21833467,0.19453812
532,-0.17543113,0.18935819,0.007434875,0.16531807,-0.255179,0.13542393,-0.32476953,-1.0374436,-0.19470808,0.0058381557,0.27807602,-0.36370224,-0.31126475,0.17361104,0.45739144,-0.34245694,-0.14342332,0.75286853,-0.03304565,0.18737203,-0.26332253,-0.21956879,-0.10519266,0.21138275,0.034054995,-0.031463265,0.64495295,-0.17011899,-0.2443197,0.015027374,0.0004979372,0.09815878,-0.12875135,0.02679339,-0.412391,-0.46368432
533,0.007040875,0.21258026,-0.35423252,0.66838235,0.25565326,0.23285925,0.009884441,0.32523584,0.19497079,-0.010584593,-0.17841455,-0.05328232,-0.0749027,-0.3687021,0.11324713,-0.4288644,0.49473298,0.8491359,-0.09744847,0.36769322,0.102666974,0.38922474,0.42954814,0.2601948,5.808565,5.107429,5.4415255,0.369794,-0.20518184,-0.2038703,0.7608679,1.3227148,0.765375,-0.0769041,0.0105026215,-0.027546763
534,-0.76706904,-0.5263487,-0.17415972,0.029372543,0.116155386,0.08010599,-0.28032702,-0.060154006,0.36340111,-0.73430544,-0.4062288,-0.012758911,-0.004198998,-0.22673756,0.20719874,0.18007553,0.021291852,0.28740934,-0.29095852,-0.081273854,-0.38328376,-0.18358469,-0.06949431,0.019307017,-0.42912018,0.22477174,-0.0038989782,1.6618148,0.84617776,0.31086612,0.27570093,0.050386697,0.24141695,0.16923785,-0.41278347,-0.004982561
535,-0.23107438,-0.21709889,-0.3748157,-0.09808403,0.8016982,-0.24597543,-0.12434983,0.16360912,-0.22532532,-0.15391114,-0.24885167,-0.32633388,0.35562593,-0.4821784,-0.1784057,0.3425578,0.27583212,-0.2067796,-0.052475452,0.12625408,-0.27482265,0.30969977,0.15646763,-0.02832961,2.259974,1.8202053,2.2945864,0.24091005,-0.07420937,0.24052292,3.856657,1.2018464,1.6074984,-0.3054045,-0.020720392,-0.41409117
536,-0.01912126,-0.50561255,-0.5846962,1.2555399,0.46221578,0.80767345,2.9064798,0.930945,0.61751366,-0.17878026,-0.07678938,-0.101193346,-0.08593434,-0.1281777,-0.3939085,-0.299238,-0.05051232,0.031130075,0.113740414,0.38099563,0.054829657,0.054754194,0.29278672,0.06396645,0.23444997,-0.5533502,-0.38617203,0.18983674,0.34247488,-0.110042304,0.4686651,-0.12525785,-0.24855457,0.024151072,0.40310574,0.0827024
537,-0.38519976,-0.037826538,-0.27964833,-0.05397135,0.44652456,-0.10578543,-0.5856615,-0.15542182,0.10429329,0.09523524,0.46006605,0.3498491,-0.62254995,-0.63923794,-0.21087646,1.5040035,0.7194495,0.6083529,0.3498488,-0.0268808,0.055595756,0.6493242,1.0189942,0.7402405,-0.3035869,-0.45676306,-0.2882554,-0.12819928,0.3497274,0.2414453,0.24001253,-0.04227197,-0.11810306,0.28820777,0.60336906,0.035219967
538,-0.84955204,0.13781264,-0.7149286,-0.6627447,-0.51722354,-0.3693561,-0.6485207,0.4106084,0.2553497,-0.28813824,-0.3616987,-0.5340997,0.050849676,-0.7462286,-0.31054688,-0.26893416,0.2679634,0.020676017,0.23199528,-0.37397248,0.13440222,-0.090121746,0.85591954,-0.02365613,1.0445457,0.85144496,0.7922531,1.2346634,-0.04873371,0.49694663,0.6761979,0.43387094,0.38844427,-0.29061553,-0.42607296,0.2759018
539,0.09893608,0.5741636,-0.11923384,0.1777792,0.13854931,-0.059258148,0.2668027,-0.4384764,-0.48838842,-0.1728853,-0.18340588,0.40934175,-0.050151408,-0.4852141,-0.027163118,-0.0010627508,0.57361984,0.8730574,0.20278567,0.13751422,0.12643947,-0.07036334,0.33009613,0.56844187,-0.22255777,0.73523986,1.7342684,-0.049844027,2.2122812,0.06716949,0.059376836,1.1708363,0.85069954,0.32140332,-0.025369585,0.32722884
540,1.0076737,1.2845043,0.28162456,-0.72703123,0.5645708,-0.71430635,-0.56102216,1.0159712,0.08212459,-0.6305841,-0.53863513,0.57841617,0.084671415,0.1216571,0.73839325,0.38609606,0.2564569,-0.030002147,-0.081640005,-0.1689049,-0.07229531,0.57413185,0.1145601,-0.2471478,1.1394666,0.9381712,0.41694713,0.890653,0.16573125,0.45336646,1.7705588,1.219583,1.3263493,-0.54394233,-0.46472573,0.17945075
541,0.31733376,0.004644841,-0.34145397,0.19771276,-0.014932215,0.23083043,0.036693588,-0.06594625,-0.11646545,1.4724276,0.20139103,0.26406837,0.27388722,0.24478939,-0.01884374,1.0066731,0.4615425,0.6074629,0.51488066,0.0764083,0.033765644,1.7219558,2.315822,2.270702,5.775985,4.625683,4.620558,-0.16302438,0.14992285,0.10833797,1.6714337,3.5574157,2.8076372,1.2133144,1.6839993,1.2750398
542,-0.50870746,-0.040877715,-1.083392,-0.1609805,-0.9443694,-0.15892845,-0.073243946,-0.3582608,-0.17325127,-0.19713934,-0.16644306,-0.23268408,-0.17154713,-0.23587814,-0.14230931,-0.03752041,-0.038311474,-0.19362009,0.41796398,-0.29646957,-0.19560215,-0.84001315,0.06575966,0.6499386,0.17061748,-0.3115245,-0.5220724,2.9388475,0.3221285,0.2273983,2.9846528,1.0753245,1.0242848,0.3319158,-0.14221853,-0.4524556
543,-0.12607998,-0.41561702,-0.871475,-0.48715398,-0.8238697,0.03130573,-0.16607289,0.1377523,-0.4845411,1.9854959,-0.002968043,-0.20558214,-0.16432396,0.040444046,0.19604611,1.2515543,1.9988643,0.58675873,2.8702056,0.7516173,0.59306824,1.2405005,0.7739674,0.7283825,-0.7963164,0.14297703,-0.21152547,1.7189763,0.35227787,0.0010431409,0.1292296,4.6613436,0.32829502,-0.3393683,0.66255486,0.24028893
544,-0.03455399,0.25396627,-0.035571337,0.4877994,0.08656216,-0.16235974,0.9058644,-0.08779347,0.21299261,-0.40424716,-0.038353622,0.14322507,-0.18892829,0.044275045,-0.21108365,0.7602593,0.6116665,0.20896298,1.757531,0.57466656,0.31089622,0.52824974,0.22737624,0.49658406,0.3316767,0.5988261,0.6570205,0.13823551,-0.10714429,-0.055199742,0.94009614,0.22868371,0.6094445,-0.022472978,0.034010887,0.1636365
545,-0.001957953,-0.07849784,-0.6846416,-0.4262507,-0.572804,-0.3632751,-0.25550872,-0.16552359,-0.2443561,-0.23022793,0.019217193,-0.103726506,-0.22677296,0.014962614,0.069146395,-0.5739777,0.31956849,-0.013864517,0.8306235,0.09818375,0.31074262,-0.23087192,-0.16829509,0.23158431,0.66300464,0.27777535,0.77896297,0.26064765,-0.22708929,0.105264425,0.67901987,0.41960776,1.0178769,-0.36417377,0.073560745,-0.110087395
546,0.041150182,-0.14908573,0.09143022,-0.16502196,0.5094086,0.15928614,0.70431864,0.011461854,0.21456099,0.1552217,-0.5179478,0.0586102,-0.3879074,-0.039996147,-0.62761366,0.3636649,0.95553946,0.6077613,-0.12340939,-0.24622813,-0.025553107,0.047150165,0.9598946,0.4331259,0.23390383,0.37852323,-0.21159793,-0.1890378,0.45791295,0.39761102,0.2908867,0.4594546,-0.0747574,-0.30499518,-0.024252772,0.6923828
547,0.2203754,-0.34194526,-0.6458962,-0.0483616,-0.054285474,0.067489386,-0.024936497,-0.08006835,-0.6077695,0.3506446,0.09083192,-0.0090570375,-0.32666343,0.287993,0.041300047,-0.9102798,0.8109565,0.2999532,-0.068514146,-0.3016246,0.10767138,-0.40298954,-0.58823687,-0.32645175,-0.36105984,-0.890535,-0.78400975,-0.03309837,0.08289084,-0.5404352,-0.22134033,0.18600604,-0.017540753,0.75295454,0.23273417,-0.24744317
548,1.107521,0.002321884,-0.3892427,-0.13815647,-0.38394898,0.22404724,-0.3992577,0.24163967,0.16506487,0.09142165,-0.31990135,0.07506412,0.3544302,0.2368615,0.31879288,0.2510895,0.023860764,0.22770672,0.16102839,0.0026884675,0.1543782,0.5886986,-0.34617284,0.083538264,0.059666436,-0.5358614,-0.3902109,-0.77748513,0.33356172,-0.27705503,-0.15442237,0.18712819,0.21604404,0.6659569,0.29547018,0.6545073
549,1.0947646,0.10477333,-0.30958453,1.4370117,0.6906265,0.47864908,2.3333406,2.174489,1.275195,-0.18497047,-0.34185472,-0.22731376,-0.4596151,0.023773976,-0.46571857,-0.24828689,0.25721145,-0.5293695,-0.13802308,0.23056455,-0.09994197,0.46399048,0.5974832,-0.24076214,0.49321738,0.6157429,0.530879,-0.37348795,-0.1168022,0.476133,-0.41427854,0.057218045,-0.59137094,0.0029738843,-0.11583592,0.026390307
550,0.12871546,-1.05616,0.13823277,-0.14868343,-0.10765353,0.056853786,0.25692376,-0.0465305,-0.03325951,0.058027864,-0.4247149,-0.24791874,-0.60808146,-0.064029865,0.1871438,-0.052904993,0.08979468,-0.41150543,-0.98418176,-0.21327038,0.3175459,-0.7232348,-0.42123583,-0.26985162,-0.709653,-0.7965599,-0.6228377,0.1454593,-0.31856588,-0.2525484,-0.43648672,-0.46243775,-0.27750003,-0.15485159,0.26300943,-0.34127593
551,0.2670548,-0.43949336,0.7196009,-0.04756677,0.099102706,0.2858851,0.253581,0.020002306,0.47789186,0.1298697,0.78594416,0.8346126,0.28327256,0.26909867,1.7557617,0.03995782,-0.5801749,-0.023622274,0.057712555,-0.050557733,-0.4256137,0.1046837,-0.15457991,-0.4335209,0.11452925,0.116812766,-0.39334857,0.120096505,0.019285142,-0.14823963,-0.2585827,-0.21259624,-0.09318976,0.16170281,0.01924339,-0.1312508
552,0.2666751,0.3594063,-0.18987322,0.047882468,-0.40928692,0.111518025,0.6065714,0.22918624,0.033574894,0.22273242,-0.31534052,-0.06207651,-0.24133158,-0.24307767,-0.087914586,1.9228354,0.491604,0.38216075,0.41833583,0.025308967,0.014643073,0.9057622,0.36618078,0.3115733,3.9767525,4.208555,4.310823,-0.03051871,-0.1729137,-0.08070642,2.6817615,1.8075131,0.999055,-0.29210234,-0.24607584,0.035382837
553,-0.42749447,-0.3273243,-0.42617524,0.049104333,-0.44979256,0.3679483,-0.30385107,-0.10198668,-0.5424141,-0.48182273,-0.99520177,-0.32815963,-0.26952583,-0.26832575,-0.39491773,-0.31914043,0.13980642,0.08489454,-0.74294925,-0.23685692,0.04155284,-0.6679523,0.37625918,0.65244,1.0159302,0.6551718,1.039552,0.8027408,-0.61936355,0.12838405,0.07567389,0.19515443,-0.25905076,0.3226881,-0.019806415,-0.297329
554,0.05010307,0.22904441,-0.059745945,-0.10616696,0.29240686,-0.13335603,0.19105878,-0.6947115,-0.32514474,-0.21918958,-0.27770096,-0.33132505,-0.00039499998,-0.29669034,0.09009218,-0.064942,0.5290023,-0.32342282,-0.8450204,-0.33110297,0.05606848,-0.804376,-0.021000698,-0.4729023,-0.14424032,-0.6221822,-0.97033024,0.4404109,-0.4199896,-0.09540442,-0.4409403,-0.46611178,-0.770667,0.26932767,0.20445201,-0.588097
555,-0.1422823,-0.5764604,-0.7499622,-0.536649,-0.6915084,-0.14885768,-0.29373008,-0.18485838,-0.23850268,-0.45116866,-0.37316632,-0.29258,-0.25664794,-0.116687894,-0.044413567,-0.28701138,0.09179926,-0.11403465,-0.07717422,-0.25995353,0.04127693,-0.32974178,0.08041098,-0.015080214,-0.009252638,-0.14513552,-0.2947086,1.0706323,0.28896368,0.17383704,0.57005525,0.47189432,0.31350076,-0.40673733,-0.110977195,-0.22778997
556,1.177211,0.75941813,0.5261477,0.31448948,-0.2917482,0.4258414,0.70678616,0.9578748,1.8528972,-0.023321033,0.3342476,-0.32593477,-0.008379042,-0.35938123,-0.19492707,0.2607124,-0.11926162,-0.11038804,-0.26212704,0.021659791,-0.015118003,0.06668353,0.17900328,-0.48014733,-0.18507841,0.041809678,0.19061065,0.4360017,-0.3025576,-0.053927183,0.11534011,-0.51457477,-0.056558132,0.0058299005,-0.05104207,-0.16136295
557,0.97870696,0.84574515,0.48493445,-0.231574,0.15550405,0.42804664,0.0151464045,-0.051878147,-0.16554174,-0.029375732,0.007855222,-0.19919905,-0.100934744,-0.32574677,-0.27830085,1.1752777,1.7385771,1.6492697,-0.2791279,-0.07317406,-0.11863023,1.7931861,1.9586039,1.6736438,3.8919652,4.147012,3.2130523,-0.26807556,0.71912134,0.72013366,0.18092433,0.49326777,0.2275523,0.10213709,0.21341911,-0.15557304
558,2.4676096,2.945198,2.8496938,0.45013297,0.488254,0.11239725,3.2970982,3.4536357,3.4838035,-0.10311121,0.4625625,0.03499654,1.6966764,2.6111803,2.7205443,-0.03100899,-0.20418487,0.04509276,-0.17821619,-0.50854594,0.32047677,-0.08760059,-0.30009845,-0.012015477,0.027989045,-0.28808793,-0.3359478,0.012838073,0.1339419,-0.25272894,-0.23656891,-0.14679728,0.093325734,0.23735031,-0.34169024,-0.24696651
559,0.15644774,0.14444694,-0.15169197,0.46575102,1.5371987,-0.08413228,-0.2543764,-0.041577265,0.09057176,-0.55911356,-0.40271565,0.3983346,-0.18266472,-0.15443256,-0.10133251,0.1715593,-0.096003115,-0.33647567,-0.07178891,-0.75338244,-0.272586,0.10961757,0.023431681,-0.25482157,-0.37952626,0.47638783,0.236469,0.16974771,2.138284,0.31155038,-0.5896449,-0.049805373,0.08833736,1.523972,1.8180578,0.3831162
560,-0.04792306,-0.34875113,-0.27292287,-0.06187439,0.011503875,-0.3260101,-0.07877533,0.018034577,-0.050106168,-0.10568911,-0.28238934,-0.32621497,0.07209432,-0.14191592,-0.54358894,0.003653586,-0.06724197,0.43173683,0.014637709,0.18814772,0.22177672,0.1149891,-0.3054474,0.118147746,-0.24572963,-0.17649913,-0.07375005,0.020732433,0.47148946,0.11423707,0.316585,-0.076845646,0.38895774,-0.111531794,-0.090536445,0.2713766
561,0.07052034,-0.121183276,-0.7511716,0.08768314,0.14079624,0.16753301,0.21187848,0.37367144,0.25139847,-0.10070729,-0.18891984,-0.041452795,0.0967136,0.1898393,-0.27754623,0.39913845,0.06884116,0.6407882,0.25556523,0.298915,0.5122462,0.15354395,0.27262887,0.39831734,0.37301296,0.20975265,0.7065787,2.3985417,0.11836232,1.5989435,1.1609164,1.2730727,1.021136,-0.17023826,-0.36215255,-0.1517683
562,0.10497692,0.022966355,-0.5275127,-0.39695382,-0.61571467,-0.07930422,-0.06366557,-0.03689134,-0.54484665,-0.32582217,-0.22159326,-0.09005833,-0.064208806,-0.06037289,-0.10377872,1.1180279,1.4058076,1.2417718,-0.023086369,0.30119798,0.08252972,1.7391382,1.3204801,1.103527,1.962195,2.0934541,1.6603014,1.5314091,0.17880043,0.5963513,2.2059035,1.6460202,1.3628552,-0.59770125,-0.017835557,-0.10033241
563,-0.33693653,2.1555958,-0.32051048,2.7853394,1.4036423,0.77058756,1.048804,-0.025416434,0.2701401,0.21578252,0.2981619,0.574476,0.012236893,0.59037435,0.10371815,0.079070985,0.28189248,-0.20415401,-0.03294432,0.2840006,1.5457295,-0.32535672,0.034744803,0.0448796,-0.114973724,-0.38789135,0.27415383,-0.22815612,-0.39240527,-0.3597528,-0.2330311,0.26576388,-0.19095832,0.07018566,-0.36316544,-0.6645452
564,0.12771773,0.29425707,-0.053762197,0.033087015,0.30925724,0.065639496,0.11177498,-0.1562236,0.17419377,-0.12634706,0.04074055,-0.033844233,0.08670819,0.11335489,0.18755293,0.12283991,0.055561602,0.88433164,0.024680614,0.083011135,-0.2890321,0.02731371,0.12061149,0.051923513,0.3011229,0.477258,0.125115,0.108403325,0.40348327,0.24209857,0.41634232,0.5120914,0.8562052,0.0868807,0.1477103,0.20061427
565,-0.07532194,0.2297529,-0.42630208,-0.41439664,0.39617288,-0.3477511,-0.14648697,-0.00015065074,0.17920431,-0.0943504,0.16943657,-0.30882812,-0.14214702,-0.28444415,-0.20233238,-0.45917174,-0.31161734,-0.105205625,-0.32679784,0.06685674,0.14758903,-0.010699213,-0.5869442,-0.7806729,-0.26228517,-0.47848976,-0.029068857,-0.010808498,0.24913308,0.038276494,-0.1301088,0.055978104,-0.25821543,-0.27919266,0.2785823,0.44677725
566,0.28959858,-0.16405922,0.19386888,0.51561534,1.0196877,-0.048134804,-0.06287193,0.14638206,0.6026675,4.2960453,2.389104,0.51685834,1.7655919,0.93209726,0.57788885,0.27312684,-0.06758708,-0.31180575,0.12669468,0.35023957,0.73712796,-0.15806527,-0.37511325,-0.47479627,-0.0806368,-0.32992816,-0.3715012,0.35419357,0.54679906,1.2513738,-0.2893322,-0.2049824,0.52966744,-0.44623175,-0.010415196,-0.16230488
567,0.206847,0.5176532,-0.13877231,1.0631783,-0.21543953,-0.34671623,-0.0032581687,-0.09520531,-0.17326285,-0.3738513,-0.049502313,0.11053413,-0.21099025,-0.513922,0.03792292,-0.8014028,0.508229,0.29453036,0.7210951,-0.14851171,0.14494011,-0.04396312,0.14140373,0.61555165,-0.062131703,0.40640828,1.0876693,0.42187816,0.22136939,0.7186998,1.2207747,0.4621843,1.7288241,0.52322793,0.21866421,-0.5523861
568,-0.36508414,-0.05417794,-0.3502559,-0.52353096,-0.0701257,0.09669852,-0.38026386,-0.7824789,0.008411258,2.98939,2.8427072,2.6261907,1.4803067,1.3913205,2.5800347,0.33926094,0.012234509,-0.033378966,0.028164983,0.29926452,-0.23731834,-0.19650981,0.04695779,0.19067541,0.030694187,0.00010809302,0.05265498,0.28865248,0.22238868,0.5597583,-0.03674686,0.02834183,0.53757745,0.09263724,0.083687454,-0.4025973
569,-0.23069745,0.0034418404,0.038052857,0.2355963,-0.0009495616,-0.39440602,-0.1497769,-0.16806704,0.1699332,0.6011083,0.19085115,-0.07816684,-0.14528334,0.15027937,0.10732746,-0.057640016,-0.01098305,0.086147785,0.17453313,-0.19268003,-0.17288053,0.14781082,-0.06510307,0.13561457,0.0014401972,-0.5691725,-0.44926548,0.29404908,0.002716273,-0.013013065,0.05739651,0.12882781,0.26928163,0.23143968,-0.29794106,0.019960046
570,0.41795617,0.7869661,0.534878,0.5311787,0.27806962,0.18986496,0.41604766,0.9970615,1.0000019,-0.27132833,-0.10419236,-0.069075584,-0.043519497,0.057887852,0.15869331,-0.25984538,-0.36927497,-0.5679891,-0.23159969,0.32955152,0.030943751,0.18603307,-0.13900262,-0.41310138,0.46841243,0.24758106,0.06028241,0.93283814,0.81382346,0.9944514,1.0274479,0.73482734,0.874352,-0.4282789,-0.2321487,-1.144556
571,2.0654378,1.9423418,0.84659433,2.7613564,0.90692043,0.70651823,3.7904408,3.0712502,2.1212354,-0.6091422,-0.10088056,0.28751004,0.32405543,0.121944785,-0.059228778,0.24871713,-0.09604359,-0.1918267,0.21547079,0.051612794,0.04948479,-0.28985798,0.053572774,0.13536091,-0.056702595,0.44524655,0.14374179,0.13359201,-0.42282316,0.008304119,-0.07221365,0.09133592,0.33645988,0.22127637,0.27128953,-0.06729895
572,-0.368883,0.12988162,0.09580565,-0.12565911,-0.114022404,0.012430735,-0.3870683,-0.103958,-0.42050457,-0.38923523,0.11158022,-0.3466987,-0.067953646,-0.3632185,-0.027162671,0.11859056,0.14950025,0.060415126,-0.011852026,0.3484934,0.18954891,0.06357801,-0.282728,-0.03375724,0.20185015,0.15775704,0.2625684,-0.007316172,0.68262446,-0.00913921,0.013937771,-0.24074587,0.60208344,-0.08636853,0.18252596,-0.21851014
573,-0.16017649,0.36605012,0.1320455,-0.28448927,0.14424974,0.24498919,0.38994658,0.18302998,0.40065312,-0.06399736,0.64108765,-0.24953026,0.48293337,0.56106925,0.47917086,-0.22847573,0.4950054,-0.4119106,0.14938499,0.8229431,0.60958976,0.15448873,-0.11078942,-0.18109444,-0.4372257,-0.13964722,0.12492038,0.027665675,0.03635022,-0.32107878,-0.06177607,-0.75530773,-0.99392915,-0.088228375,-0.382043,0.0872343
574,0.10923749,-0.3929715,0.07116681,-0.48953754,-0.5199156,-0.4041462,-0.5489491,0.18051092,0.054299116,0.8044697,-0.08677256,0.45480114,-0.0019389614,-0.32844037,0.31989038,-0.12954518,0.18896179,-0.0535641,0.727729,-0.0010373145,-0.22039297,-0.51101196,0.2932851,0.3026591,0.17188519,-0.61029863,-0.10653436,0.23515737,0.0469954,0.106255025,0.18686229,0.5747514,0.30137515,0.25202298,0.40335226,0.2583788
575,0.07463063,-0.35959122,-0.37382105,1.887291,2.0469449,1.7674267,2.1299257,0.6809454,1.5135907,-0.22868466,0.15319937,0.00975284,-0.026186645,0.27310982,-0.025531292,-0.2995653,0.05050099,-0.10797304,-1.1746658,-0.1759989,0.2820655,-0.17862856,-0.44199473,-0.57033557,0.80428505,0.32547337,1.0875905,-0.42152497,0.10591328,-0.31656012,0.85012835,0.8585176,0.7882339,0.050443098,0.10082576,-0.16075227
576,-0.28983605,-0.02003771,-0.10652673,0.6950619,0.72527355,0.2793182,-0.046843886,0.68299866,0.4976936,0.39257962,0.7908203,0.07350135,-0.13429165,-0.02369535,-0.027213693,-0.55401653,-0.39555407,0.17669857,0.22455323,-0.10020518,-0.31838655,-0.2957518,-0.017913193,-0.12746388,-0.2458638,-0.4107669,0.6172334,-0.6199096,0.45218867,-0.19119763,0.22824776,-0.12366034,-0.06688592,-0.36542428,-0.024830699,-0.28679377
577,1.0286293,0.97142076,0.64901125,0.12945601,0.19106278,0.47433978,-0.521539,1.4745903,0.61515313,-0.10832897,0.4131391,-0.09960437,0.5252435,0.05540037,0.048567414,0.087561786,0.049170613,0.49990255,0.8793981,0.4668532,0.19835013,-0.13576627,0.17898726,-0.22213584,-0.17494473,-0.0023822784,0.4569409,-0.32777655,-0.26775232,-0.14927271,-0.0899719,0.28773382,0.07128507,-0.17844239,0.3811524,-0.083292544
578,-0.5120294,1.1094463,0.12693322,-1.0749269,-0.20415777,-0.35377443,0.46253937,-0.56520796,-0.05581659,1.4644731,2.2131763,2.0459743,0.5010172,0.31376502,0.09136394,0.9250443,0.9858264,-0.19629622,1.375634,0.22099905,0.32247674,0.10799569,0.19054648,0.34119138,0.47878033,-0.15389626,0.34811926,0.1927371,-0.073308155,0.43124163,0.08832914,0.1002347,-0.36049998,0.35407764,0.71373034,0.6359634
579,-0.1240477,0.028236538,0.36624023,0.5416006,0.53390056,-0.21843809,-0.5096461,0.18277523,0.18754464,-0.38678277,-0.0138668865,0.033945918,-0.18046427,-0.104907036,-0.5134417,-0.19775777,0.2456148,-0.28050143,0.47563225,0.30681202,-0.1928975,-0.08419889,-0.047050864,0.2022647,0.033392966,0.23254123,0.011206508,0.037992388,0.2378856,0.1459778,-0.12869468,-0.34739405,-0.27230173,0.21964878,0.1199549,0.102890134
580,0.102179945,0.04516262,-0.2988152,-0.16862196,0.08941935,-0.51825094,-0.16842493,-0.18862629,-0.27400672,0.6400655,0.43350035,1.7322654,0.16757613,0.05380559,0.31964886,0.013923168,0.1168357,-0.34072354,-0.0651325,-0.47053877,-0.37649602,-0.039569676,0.007739939,-0.14684421,0.21080059,-0.2094745,-0.1621567,-0.013020463,-0.44182384,-0.31296396,-0.029183865,-0.061601385,0.012183338,-0.023955911,0.44075254,-0.14786826
581,-0.07279679,-0.4938101,0.08639839,-0.24562573,0.55435854,0.31421775,0.17966086,-0.4839397,0.14065468,-0.023843288,0.34041095,0.27189398,0.42706084,0.049238235,0.29082847,0.3044735,0.2551695,0.17237727,0.115803,0.020419363,-0.25776458,0.15948781,0.04478532,-0.3177228,0.06315732,-0.290232,0.00040650368,-0.4129229,0.28107,0.21919584,-0.2681358,-0.43600965,0.34491605,0.04872808,0.2916705,0.29445702
582,0.9042543,0.43740118,0.34498203,0.46821016,0.015410669,0.32657567,0.07425592,0.0826385,-0.32375133,0.004345,0.040567458,-0.23060498,0.33825186,-0.0087862015,0.043769836,-0.07369994,-0.40754235,-0.3675265,0.09988022,-0.107527554,0.2422581,-0.4311381,-0.4264927,0.024775505,-0.16894919,-0.2899492,-0.46092686,0.47723174,0.65189743,0.6191046,-0.113197476,0.17443396,0.6631638,-0.07819599,-0.14983152,-0.17844433
583,0.26786745,0.009192377,0.2886744,0.029949188,-0.016195,0.4171176,-0.08413416,0.02049461,0.2178692,0.103675246,-0.15949237,-0.7073624,-0.18075526,-0.3302192,0.4013957,0.26113272,0.8777366,0.34504688,-0.15620905,0.04613991,0.051245347,-0.4171731,0.1389208,0.41858447,-0.022214174,0.4616717,0.045873642,0.08503103,0.17504826,-0.048953474,0.05945587,0.38662133,-0.3319676,-0.15367389,-0.20448233,-0.0946545
584,0.019515991,-0.1704154,0.15013683,-0.17675942,0.068158984,0.60153663,0.039800048,-0.07841724,0.1261791,0.0730055,0.036238045,0.32014835,0.0050075054,-0.27198666,0.2444762,0.12239373,0.044381857,-0.13077676,-0.10392237,0.09510717,0.1253736,0.08901477,-0.19160226,-0.07996434,-0.046960354,0.2710595,0.082197785,-0.10803735,-0.040555894,-0.075338006,0.040370464,0.022113416,-0.29760778,-0.037424922,0.23689425,0.8013983
585,-0.13699435,0.4907872,0.23813657,-0.12710625,0.022652686,-0.1003832,-0.11963161,-0.37803772,-0.092212915,0.87200093,1.7614336,3.4065974,1.8888923,2.2902222,3.808716,0.080648005,0.057110667,0.17860223,0.19061089,-0.09292364,0.22900629,-0.14181978,0.010497391,0.12994814,-0.05707252,0.098971255,-0.5139681,-0.028951466,-0.12933475,0.9867183,0.21362153,0.07941532,0.15217847,-0.31834823,0.11087087,0.28442007
586,0.01608169,0.030267477,-0.8125777,-0.01349479,-0.011568725,-0.10160768,0.035037994,-0.010669142,0.11325535,0.015740812,-0.19539526,0.03273128,-0.011529177,0.06872469,-0.079446495,0.016349643,0.03033346,-0.01983135,0.03714165,0.06395671,-0.049063936,-0.069708675,-0.0074526966,0.121668994,-0.032398194,-0.017003596,-0.17301668,-0.061630487,-0.035737604,0.005012572,0.09033236,0.07745224,2.0383,-0.029305667,-0.094482526,0.26919824
587,-0.30743706,-0.1394602,-0.26484016,-0.537859,-0.10368979,0.20175746,-0.083755165,-0.8665001,-0.14635508,1.9867017,4.2794504,3.735421,0.7213183,0.917049,1.272472,-0.1441192,0.005390525,-0.01761201,0.019033074,-0.0106211305,-0.1685994,0.058502316,-0.22882691,0.1229431,-0.1213671,-0.2681082,-0.2583381,-0.5267866,-0.016178355,0.1303562,-0.25406045,-0.17086008,0.079313934,0.11034167,0.07122829,0.101596266
588,0.2522967,1.325881,1.2086879,0.8745669,1.2926538,-0.33225042,-0.49377608,0.9997232,-0.73745054,0.08530742,-0.41222057,0.15631768,0.8882768,0.18999371,1.3596063,-0.14370114,-0.45467818,-0.6343568,-1.0162696,0.32647055,-0.011968255,0.3234716,-0.05965054,-0.034358144,-0.56986,-0.14439666,-0.72432655,0.82894146,0.523078,-0.19431746,0.65446913,0.08000636,0.9381881,1.2040473,0.58827317,0.59243107
589,0.15203744,1.216489,1.217967,0.10460216,0.23174565,1.1361277,-0.3431272,-0.18643019,0.08935779,-0.19244689,0.30719024,-0.35389733,0.08067584,0.17554648,-0.21441266,0.27505076,0.30528134,0.3658088,0.102284014,0.011158764,0.102146626,0.11864233,-0.24299894,0.5064753,-0.023849487,0.093730964,0.56373197,-0.37236258,0.08287604,-0.08391446,0.23383015,0.40400842,0.89394766,1.3407269,1.2874782,1.0095763
590,0.20342267,-0.29446203,-0.20789564,-0.12097973,1.3386326,0.76282775,0.025743902,0.46224505,0.24219435,0.011807561,-0.5027859,0.07567015,0.10145438,-0.19431779,0.48126635,0.03683853,0.7353635,0.43613422,-0.05200243,-0.092196316,0.25395474,0.04193145,0.21242176,1.0130022,0.37112206,0.81177497,1.5582558,0.09438622,-0.062133245,0.47653326,0.14294493,0.30197355,0.4904498,-0.19330546,-0.018235356,-0.11610401
591,-0.012908399,0.20493357,-0.0836342,0.01720792,-0.039641917,0.08780956,-0.03565228,0.07096565,-0.10412276,0.12759131,0.03646344,-0.068386555,-0.1420914,0.12046337,-0.45814538,0.08441663,-0.112969935,0.6632634,0.050027907,-0.12446535,0.17857876,0.086452365,-0.25197098,-0.058143377,0.32699698,0.15029374,-0.07160333,-0.07485181,0.25656393,-0.16040397,-0.09090322,-0.011415184,0.0063510537,-0.15998799,0.13725889,-0.13462031
592,0.52636,2.4306533,1.5730352,-0.12815854,1.7120485,0.51740015,0.56542534,0.9273178,-0.21060199,0.27422732,0.56192946,-0.052708566,0.071938865,0.20950913,0.05826974,0.21588841,-0.4507345,-0.06189871,-0.13773547,-0.38343054,-0.07912126,0.050608724,0.10435921,-0.2520787,-0.028973162,-0.12959254,0.0809862,-0.3366772,0.14455062,-0.025209486,-0.53168476,-0.27513844,0.40536132,0.4961457,-0.62988496,0.29848433
593,-0.23404133,0.38519847,-0.17394099,-0.050308585,-0.19129634,-0.24327639,-0.32944873,-0.19117,-0.062600076,-0.2146653,-0.39371675,-0.751801,0.101861775,-0.4695215,-0.17234802,0.030779302,0.08097303,0.0015468597,-0.096286476,-0.13947248,0.36273134,0.1784186,0.22848824,-0.36676317,-0.043289766,0.12291859,-0.3133052,-0.13878286,0.02718994,-0.98007333,0.061445236,-0.08813447,-0.57094574,-0.24215454,-0.4498273,0.36211374
594,0.16676438,-0.38140005,-0.6074144,0.16903543,0.23021764,-0.2061525,-0.28134656,-0.44582927,-0.40924355,-0.07365292,-0.17960298,0.14798403,0.028245747,-0.12708363,-0.14102215,-0.04536736,0.093597576,0.011433208,0.11527103,-0.15819925,0.14755747,0.071715176,-0.40162164,-0.0073764026,-0.20065421,-0.28012654,0.16228074,0.33681655,0.7969346,0.34817356,-0.12980661,0.107425936,-0.0106726885,1.3047183,1.8577307,1.8111444
595,-0.1887666,-0.17749499,-0.14813372,-0.17968106,0.127083,-0.17160994,-0.13059673,0.24809334,0.30995882,-0.14275992,-0.071166165,-0.22048241,-0.04220766,-0.09651218,-0.013601214,-0.2866884,0.09021835,0.43970722,-0.076880574,0.17283984,0.32488683,0.2553085,-0.21966481,-0.3478702,-0.17524892,0.17969444,1.3050374,-0.09498733,0.3017549,-0.02095133,0.092885494,-0.40855038,-0.31628722,0.2012085,0.037903428,-0.117611766
596,-0.053123504,0.2143713,-0.15142655,-0.26251543,0.6248476,0.84946376,0.1327309,0.066080034,-0.11602473,1.6232553,2.951543,2.9589086,0.98511547,2.0468996,1.1379015,0.3497426,0.2758699,-0.08240682,0.3391558,0.16763541,0.13744754,0.43672,0.28900343,0.005219102,0.072627425,0.47338805,0.63769764,-0.003250122,-0.33276019,0.20280951,-0.052313924,0.058553785,0.018065538,-0.16579908,0.31970096,0.041501284
597,1.5563009,2.052799,1.0754056,0.0019411445,-0.109579444,-0.040625244,0.5233055,-0.106943935,0.3717584,-0.36678892,-0.44812587,-0.17157528,0.83743143,0.35896757,0.9928826,-0.2603723,0.123770714,0.17569572,-0.14670849,0.019041598,0.55509526,0.16848028,0.26366094,-0.4115513,-0.29106727,-0.5577756,-0.604764,0.0026760697,0.4216885,-0.053960066,0.17091371,0.50981814,0.5585381,-0.121483855,-0.4004004,-0.50318766
598,0.09830022,0.22691184,-0.43411434,0.4905383,0.9247844,1.6030763,0.30123624,2.0458302,1.2096119,0.53162116,0.028976798,0.6924981,0.08870098,-0.10977179,0.4755043,-0.48603904,-0.23675434,-0.4933725,-0.21247339,-0.49037263,-0.011419848,0.14777623,-0.17357934,-0.47338077,-0.030289471,0.015554398,-0.23280571,-0.46215263,0.91321754,-0.6649703,0.956674,1.2702518,1.8925238,-0.014064908,-0.08756763,-0.76656747
599,-0.0039716363,0.0025697649,-0.31539428,0.382501,0.3949577,0.6757287,0.17135197,0.1999745,0.34633887,-0.031526446,-0.057881176,0.16067995,0.020182848,-0.34838074,-0.029297352,-0.11493048,-0.39019024,-0.22704348,0.08955133,-0.015641272,-0.02258414,-0.077454895,0.06395781,-0.34363735,0.13649058,-0.20417467,-0.1782639,0.6636923,1.4645615,2.3717752,0.23609793,0.88738066,0.7046162,0.038501143,0.017736912,-0.3380617
600,0.16495645,-0.48304677,-0.5349824,0.060160995,0.13853478,0.8078766,-0.016816497,0.09313735,-0.26029253,0.064596534,0.14400193,0.4314049,0.18429446,-0.12927814,0.22377443,-0.04429716,-0.13644296,0.26362723,-0.085603595,0.32966167,0.13355535,-0.155478,-0.027269937,0.17965752,0.31295073,0.13750404,0.6397039,0.20359057,0.13346872,0.486763,0.04427409,0.28175384,0.16572154,-0.22601226,-0.32611254,0.414389
601,-0.10454494,-0.14314818,-0.42987534,-0.075661,-0.3957544,-0.013761699,-0.08038384,-1.1196661,-0.58364534,-0.08196801,1.3607358,0.37869632,-0.011555791,0.34079742,-0.19125521,0.20705171,0.64230716,1.1145694,0.3878856,0.44194895,0.28190875,0.414751,0.56668395,0.84967977,0.30721408,0.5576681,0.45284015,0.83071524,0.25144443,0.42473724,0.4107201,0.7674396,1.1315124,-0.35213098,0.2831672,0.055436134
602,0.27927297,-0.1815002,-0.17200798,-0.05666423,-0.39913142,0.073476136,0.010551333,-0.042477727,-0.18786386,0.097049356,0.050665796,-0.064189315,-0.078164935,-0.03396654,-0.40151995,1.0621693,1.852704,0.74508274,0.4269644,0.74714464,0.33109295,0.74669033,0.65741116,0.94018805,0.57786375,0.9619888,0.98075765,3.292037,2.3970947,2.2784681,2.4801948,3.5077112,2.7349901,0.85875773,0.5207665,0.21961904
603,1.1533653,2.3547544,2.2857442,1.0854852,0.66580147,0.019346833,2.2226617,2.7386866,2.4505308,0.2499522,1.0787194,0.71114796,0.7676625,1.0535634,2.0969489,-0.084329724,0.12598014,0.14995453,-0.065207124,0.11445224,-0.09981178,-0.0047851205,0.16679382,-0.00758034,0.13871652,0.00081270933,-0.3539179,-0.332471,-0.2573221,-0.07625923,0.16795325,0.16800368,0.3891952,0.1919756,0.054578364,-0.40234506
604,0.40625235,1.2996591,0.40389284,0.7300653,0.055379212,0.6391913,-0.0103003895,1.3583889,0.92491776,0.13004798,0.1263198,-0.5067245,-0.3359205,-0.033412457,0.18203124,0.10136551,0.21090844,0.27024364,0.27433932,0.48611218,0.18255605,0.30389792,-0.06367567,-0.16992402,-0.26294202,0.18956152,-0.04581812,0.06325227,-0.015924748,0.57902247,0.07660225,0.5585695,0.8114342,0.012295127,0.15064985,-0.15525562
605,0.25382334,0.43559194,0.1658498,0.12980175,0.13631168,0.89814234,0.23078512,0.31431115,0.5724325,0.08072102,0.30782515,0.21210444,-0.082154214,0.083551854,-0.051666856,0.19895935,-0.026984662,0.026919335,-0.14041436,0.19923645,0.15757868,-0.08962417,0.12647262,-0.16997683,0.31898117,0.24396966,0.067320704,-0.0460124,-0.13037601,0.18880612,0.050690234,0.3617656,0.35380566,0.063064754,0.17175329,0.63387936
606,0.0863077,-0.01652728,-0.15809172,-0.4210257,-0.17035651,0.56592727,-0.5333036,0.4761778,0.057747096,-0.36637187,0.3247435,-0.21868569,-0.067600936,-0.32722455,0.37305605,-0.15899745,-0.9370433,-0.8581956,0.303308,-0.124297075,-0.3117869,-0.14834541,0.40140563,-0.49728215,-0.33467555,-0.9334307,0.026760459,-0.96613115,-0.42756093,0.27465147,-0.69402593,0.32102907,0.13124816,-0.59032613,-0.18137753,0.0150038
607,-0.31246457,0.16656756,0.05917847,-0.34387583,-0.3799042,-0.5170659,-0.02158475,0.5364925,0.2642536,-0.31364024,0.046224296,-0.052414566,-0.06379634,-0.43331394,-0.61029756,0.31080306,-0.19307041,-0.18257868,0.05219865,0.21957922,-0.2159482,-0.5099162,-0.06779525,-0.31676567,0.17498064,-0.26756406,0.0065355897,-0.37438428,1.6202047,-0.30433252,0.08128348,0.66570306,0.37955445,-0.4188826,-0.31284806,-0.35995382
608,0.340252,0.64126855,-0.12857163,-0.0136470795,-0.057508916,0.33806333,0.5746111,0.22541383,0.5659428,-0.3382808,-0.219946,-0.39070725,0.11826712,0.6830173,0.4762642,-0.1576105,-0.056276202,0.48509827,0.111760676,0.8859644,-0.31700498,-0.9591131,-0.39210206,0.30648452,0.0032973886,-0.1579236,-0.38807425,0.20464274,0.20554851,0.14270566,-0.17750534,0.40998703,-0.23774248,0.14688563,0.043388903,-0.44798458
609,-0.12729293,0.8750191,0.3742021,-0.17067921,-0.0055343285,-0.016500354,-0.3996401,-0.23139158,0.00551033,-0.17753077,0.11901964,-0.473184,-0.20801234,-0.07300195,-0.007912517,0.058091044,0.4531292,-0.5470829,-0.20502895,-0.05619981,0.120862365,0.016671777,-0.09758699,-0.20001045,0.06476027,-0.1648262,-0.20305741,0.030037701,-0.08547878,-0.010201216,-0.08239639,-0.35209835,-0.29829448,0.05870104,0.21892977,0.17069441
610,-0.19866627,0.21922058,0.12016392,-0.25011015,-0.017526805,-0.08215737,0.07846099,-0.10569382,-0.14514065,0.09080541,-0.21445537,-0.14471954,-0.254853,-0.11821216,-0.18177855,0.03469789,-0.3079018,-0.09051967,-0.35938716,0.19906685,0.08693445,-0.11913514,-0.27871826,-0.034848332,-0.10464519,-0.14462149,-0.26037812,0.045078397,0.004296422,-0.012808144,0.03689754,-0.17778942,0.09799713,-0.07913411,-0.0819923,-0.104335785
611,-0.092696786,0.25772685,-0.17458224,-0.23501503,-0.030679762,0.29326773,0.0053822994,0.009472311,0.1814174,-0.022433877,-0.05257961,0.48258448,0.03925073,0.21295792,0.1250458,0.03356695,0.20352703,0.5122771,0.03005147,0.0643121,0.25063074,0.29965305,-0.012560934,0.18394822,-0.0005013943,-0.20481,-0.2683087,-0.48106703,0.07339534,-0.37035978,-0.32343894,0.13222045,-0.20094201,0.03801602,-0.5015975,-0.24524355
612,-0.19288553,0.0036557913,0.002881825,-0.46499652,-0.22902879,-0.025010884,-0.23537385,-0.90173686,-0.2005161,-0.2331492,0.78017616,0.34837186,1.2143528,-0.032767534,0.4035696,-0.32909667,0.205429,0.18309444,-0.18238506,-0.18095458,0.19979277,-0.12811288,0.09401326,-0.024010777,-0.081237055,-0.34214652,-0.5187302,-0.47104427,1.0285476,0.58913,0.09896642,-0.044634476,0.32385242,0.71136916,0.9055234,0.47360218
613,-0.15537158,-0.6099781,-0.2991971,-0.29683906,0.20506603,-0.22380573,-0.08537021,-0.6499802,-0.34488624,-0.16589057,0.23474297,0.35741952,0.07018489,-0.19976825,0.088086754,0.23553422,0.27295166,0.016539574,-0.16181582,0.16798972,-0.021023631,0.28897965,-0.03720957,-0.14905465,0.061451107,-0.32528266,0.0040787905,-0.12471849,0.20416394,0.5997876,0.25151184,0.444041,-0.4832517,-0.28332868,0.253937,-0.02459174
614,-0.08154929,0.029004723,-0.78347886,-0.25079817,-0.46509355,-0.14290684,-0.63275254,-0.067441106,-0.59105,-0.073807806,-0.17772526,-0.2548945,-0.004324615,0.010541856,-0.27861124,-0.24645239,0.25854966,0.19223973,0.019777775,0.116296545,-0.091083705,0.2627116,0.41174728,0.57278925,0.41157824,0.74669206,1.5513144,0.094602704,0.36293653,1.0419972,2.1963372,2.7610335,3.3365083,-0.16154546,-0.044774935,-0.007860333
615,-0.09366064,0.29318702,-0.54447544,-0.31799242,-0.0322887,-0.050523847,0.35428807,-0.20729856,-0.25626785,0.081863165,-0.008771136,-0.106443405,-0.047765195,-0.5691931,-0.31628242,0.026626527,0.31272036,4.447875,0.45609894,0.32661566,-0.58456296,0.066844374,-0.30293605,0.5226562,0.22482952,-0.4835533,-0.15972775,-0.30091333,-0.28722155,-0.21499707,0.21112299,-0.5001917,-0.10503101,-0.07746953,-0.095383845,-0.14654723
616,-0.050058544,-0.5085113,-0.17845207,-0.17440975,-0.4633466,-0.44299823,-0.21478039,-0.24154276,-0.903595,0.038175583,-0.0890176,0.34235746,0.045609176,-0.0126930475,-0.15653268,0.16274464,0.4713559,0.6208475,0.17263913,0.36484998,0.33733916,-0.05089903,0.24959645,0.48983184,0.2942757,0.060221344,0.6268567,1.5494432,0.010405064,0.8719053,0.4510504,0.5042217,0.80624926,-0.19931903,-0.17986178,-0.9274539
617,-0.58838314,-0.51050067,-0.40591586,-0.47878844,-0.4948528,-0.18770619,-0.44772273,-0.5279028,-0.2603904,-0.34360254,-0.4580822,-0.28887403,-0.37328643,-0.5090558,-0.43104893,0.024854302,0.43909264,0.100388765,-0.12846732,-0.0120451655,0.1265617,-0.6642899,0.013699949,-0.053162687,0.15659453,0.37052447,0.30638877,1.6143596,0.59717405,1.3290852,0.9407424,0.91984445,0.9764051,-0.34293276,0.31545937,0.38544878
618,2.2957041,3.4751449,3.0422482,-0.323002,0.02859497,0.20316559,1.0054349,2.8475888,0.951972,0.5510343,0.010962188,-0.15629542,0.67866373,1.089596,1.502373,-0.008773506,0.03887716,0.41502172,-0.11199111,0.16023538,-0.24106067,0.18660995,-0.059445143,0.17140901,-0.31912723,-0.018961132,0.18328798,-0.29209903,0.51269877,-0.3864676,0.29440907,0.34536204,-0.13104121,-0.08406007,0.109422304,0.21048266
619,-0.10809784,0.0029565692,-0.54258037,-0.5361523,-0.16658781,0.21131532,-0.1178059,-0.21055716,-0.32962042,-0.31255147,-0.50484234,-0.473037,-0.18938649,-0.7474506,-0.020980954,-0.36122364,-0.08515122,0.70245874,0.18462217,0.28195718,-0.078962594,0.7458905,0.4564039,0.81086785,0.75639135,0.07463205,0.41232598,0.21416613,-0.38118407,0.17720944,0.36105755,0.21712607,0.53434956,-0.20638323,-0.084543824,0.14697886
620,-0.1596429,-0.009679943,0.16548735,1.2184916,1.8398311,0.8103281,-0.102280185,-0.10773562,-0.16575164,1.338423,0.9034994,0.39187843,-0.13440752,-0.32742047,-0.234231,0.14381152,0.05943025,0.24909797,-0.87994564,0.4450938,0.28685203,0.18971997,0.011027172,0.16231242,-0.1538049,-0.5094762,0.0004374683,-0.2614262,-0.15650207,0.30519444,-0.3653642,-0.3756231,-0.4123179,2.1952958,1.3058755,0.7539179
621,-0.39591363,-0.12514064,0.032917082,-0.20143783,-0.1161051,0.067983925,-0.09300476,-0.45531368,-0.88780856,0.3341081,0.3518046,1.363595,0.1078459,0.23575848,-0.055269927,-6.943941e-05,-0.4356473,-0.07764572,0.08435893,0.13314632,-0.1653462,0.28296113,-0.22053818,-0.17606133,0.05068347,-0.38464904,-0.54622227,0.04917109,-0.23457016,0.5265082,-0.5565883,-0.08968054,-0.32264364,-0.0031417012,-0.60938585,-0.4109082
622,-0.07034421,-0.030172005,-0.17312954,-0.16879004,-0.5241895,0.49807876,-0.053898692,-0.41332293,-0.5028615,0.24223912,-0.2671281,-0.37530118,0.02227962,-0.15446013,-0.19816214,-0.19244456,-0.30665565,-0.24162109,0.05013311,0.22135687,0.12480934,0.049496204,0.15239108,0.1306423,0.9351687,1.7194387,0.941818,0.24934173,0.43567145,-0.28318667,0.34708595,0.7315352,0.35021192,0.08330071,0.15337431,0.37130618
623,-0.08470917,-0.2342121,0.06921029,0.5738251,-0.21199715,0.21745162,-0.11684251,-0.0790652,-0.6326871,-0.0821017,-0.011549838,-0.1394198,-0.10351896,-0.3173443,-0.11675295,0.061297774,-0.1739037,-0.22115952,0.017961204,0.15880388,0.098751724,0.014793515,0.01076743,0.05189407,1.6617522,1.4900734,0.21935791,0.2501781,-0.64413565,0.047510684,2.4133518,1.0166668,0.9684052,-0.36820757,0.33894244,-0.18872944
624,-0.22686943,0.58250064,0.30384317,-0.010295391,0.024953127,-0.24783158,0.056253985,0.13539833,0.24396192,-0.72573364,-0.1610207,-0.17684728,-0.78326356,-0.24298811,-0.3720054,0.26390198,0.055809915,0.1757994,-0.693872,0.034354113,0.3909663,0.49242646,-0.16466095,-0.04352136,-0.029362172,0.10111721,-0.13695526,-0.27565876,0.056990653,0.030362546,-0.39131615,-0.18950501,-0.04958427,-0.14382736,-0.30928853,-0.076684505
625,-0.09274091,-0.20858212,0.43962497,-0.28663415,0.4607711,0.22976607,0.18667021,-0.13846028,0.14510489,1.1002088,0.81315863,-0.61109245,0.0764447,-0.07148637,-0.29764685,-0.20945118,-0.04439935,-0.014385536,0.4114559,-0.42217684,0.12874037,-0.3495775,-0.18674597,-0.1574243,-0.042210877,0.32742742,-0.36804077,-0.07777643,0.7113968,0.07787445,0.14838183,0.26462078,0.21605134,-0.4945485,-0.26717487,0.18115404
626,-0.31600338,0.07016003,-0.14911985,-0.6692475,-0.13539633,-0.43064576,-0.8009722,-0.41023916,-1.104024,0.51501775,0.17311801,-0.26101112,0.5191418,0.063543014,-0.659074,-0.044713784,-0.07311195,0.07944322,1.4778264,-0.496386,0.199559,-0.3267082,-0.33275378,-0.2074084,0.19056058,1.8812374,3.2254577,0.68135303,-0.0145832235,0.5009029,-0.031765923,-0.0710751,-0.14157112,-0.54257214,-0.2973542,-0.15430646
627,-0.11672884,-0.09207076,-0.26232097,-0.60939014,-0.38339773,-0.3443182,-0.15708423,-0.27139023,-0.25189173,-0.8430276,-0.120113194,0.43348247,-0.31143612,-0.123351395,0.013398722,-0.24309257,-0.32087278,0.007605493,-1.4492278,-0.2648889,0.16114172,0.021357834,-0.14432329,-0.07934129,-0.2955399,-0.12925503,0.33362448,0.78450423,0.55006504,0.8819013,-0.3449716,-0.36743858,-0.1130988,0.48187083,-0.16621938,-0.022721201
628,0.87128294,-0.2620927,-0.18535087,0.5873818,1.0473167,1.7616935,0.121786535,0.33309066,1.2626605,0.9867029,0.15972622,-0.45522055,1.426717,0.07521498,0.3637305,0.019849852,-0.12657607,0.5140964,0.4712246,1.4136212,0.4440636,-0.69328797,-0.71117675,-0.1027984,-0.1862315,-1.0502971,1.092887,-0.5449802,-0.05075693,-0.26515013,-0.6739436,-0.77514917,-0.615592,0.08219838,0.31285107,-0.47365707
629,-0.3746726,0.3624608,0.016581833,0.8179109,0.66647315,0.14821899,0.6422255,0.32414415,0.09817994,0.08038679,0.7985423,0.021369576,-0.17180878,0.4337796,-0.18835735,-0.5998783,0.19756249,-0.17681575,0.44176018,0.0755384,0.18713981,-0.3466888,-0.10276675,-0.124412835,0.06640959,-0.36501116,-0.3305719,0.77307105,-0.21740201,0.32585955,0.66608614,0.38577855,0.5269125,-0.16583851,0.22159249,-0.011660457
630,-0.20676003,-0.2913473,-0.3599847,0.53122413,0.18795991,0.05648899,0.56981975,0.02513665,-0.21852729,-0.2788236,-0.19387296,-0.012648761,-0.04693655,-0.30502415,-0.23307389,0.31873345,0.1430002,-0.016871452,-0.16378897,-0.21334803,0.091290474,-0.020475268,0.29949105,0.21408212,1.3792349,0.7763097,0.71136165,-0.028094359,-0.4762591,0.044614553,1.3742917,0.36085415,0.058370233,0.37046075,0.6777222,0.14826399
631,-0.3129297,-0.57282436,-0.18420303,-0.046941213,-0.17684415,-0.44227523,-0.17911752,-1.4161322,-1.0566632,0.9331211,0.10242862,0.11551784,0.45266783,-0.37262505,-0.4148733,0.04090357,0.3842951,-0.12921804,0.058773816,0.34648177,0.039148748,-0.25042415,-0.7354605,-0.39237526,-0.57798225,-0.9526578,-0.71101224,-0.11945754,0.7509972,0.48276994,1.1177171,0.8670634,1.962377,0.1473065,0.35363552,-0.17354086
632,-0.367177,-0.1767728,-0.016336162,-0.5268316,0.49202052,0.17155702,-0.6532944,-0.5752263,-1.1510955,-0.0058336556,0.28349638,-0.2703563,0.46672902,0.22591166,-0.4436562,0.23030913,0.016188562,0.05799675,0.07275063,-0.43934286,0.21049672,0.0030720625,0.5356829,-0.30551964,0.02278155,-0.09334779,-0.33844674,0.25207168,0.3782006,-0.16113774,0.24824359,0.80192727,0.37509716,0.17758632,-0.07141112,-0.28898638
633,-0.035879135,-0.25582823,-0.84293914,0.016352355,-0.42067125,0.032857113,-0.079233706,0.009310901,-1.460962,-0.023850858,-0.104880214,-0.37498516,-0.0027589202,-0.16027954,-0.11409715,-0.116270065,0.14291972,0.6114665,0.079352796,-0.026594222,0.01025036,0.29945,0.037482798,0.7483878,0.5340205,1.2259202,2.6727567,0.379572,-0.070904344,0.38785547,1.5355228,2.1283715,3.092933,0.0029307157,0.12709686,0.017092757
634,6.6162305,1.887305,0.74547756,-0.010289535,0.043055996,-0.1751399,-0.22552133,0.33048788,0.40562412,-0.038207058,-0.18444082,0.053761482,-0.19586137,-0.014140226,-0.2410863,0.5364827,-0.17140158,0.18738508,0.78712595,0.2874989,-0.07751769,0.7487652,0.6838938,0.1616987,2.27941,2.3389323,1.3842992,0.19061717,-0.045487054,0.14387321,0.9385192,0.16320881,0.6079289,1.2692821,0.35617357,0.27587128
635,0.085273504,-0.13807705,-0.23941717,3.5882392,2.3914862,1.2996858,1.5496299,0.6524053,0.6585951,-0.35801774,0.15651166,0.05747652,-0.16969453,-0.7732809,-0.20955002,0.032437086,-0.58111274,0.30327398,0.27824706,-0.38626453,-0.08540261,0.18922701,0.042835236,-0.24641281,1.9078093,1.3646984,1.6371354,0.31826627,0.46009415,-0.13660592,2.080173,2.111792,1.646085,-0.22875017,0.0010907054,-0.09142488
636,-0.6487426,0.1204201,-0.12520587,1.091217,0.83373344,0.15866232,0.34657463,-0.05769483,-0.30102074,1.7308265,0.7021916,0.5850792,1.0576402,-0.07768197,0.5579033,-0.21060221,-0.6288909,-0.15667963,0.14271933,-0.08236547,-0.3032443,0.32165337,0.059238024,0.07634789,0.06299932,-0.35190994,-0.18213335,-0.08954668,0.11681026,-0.36242878,-0.19442776,-0.005717993,-0.12829936,0.5908246,0.3943308,0.18397754
637,0.14872256,0.499917,0.040804088,0.88908696,0.35983086,0.17558777,1.9233682,0.8664808,-0.43500575,0.077341974,-0.1324234,0.061606586,-0.2717203,-0.015253067,-0.024961233,0.867321,0.74607944,1.5792224,0.14640725,-0.031675696,0.06875098,2.299141,2.5073266,1.4047815,3.7704062,4.204469,6.0674376,0.15091494,-0.74135226,-0.13072544,1.3360453,1.2430601,0.9752463,-0.18870464,0.077991575,-0.12917554
638,-0.58111185,-0.44010764,0.22794056,-0.44252726,-0.60040057,-0.16676211,-0.39496273,-0.7246622,0.03313589,-0.44753414,-0.19098324,-0.33334517,0.083664894,0.0046185255,-0.40652275,0.23226579,0.517921,-0.009097755,-0.042128563,-0.67783153,-0.7337051,-0.12364578,-0.15569007,-0.4147845,0.4171244,0.20285061,-0.842551,-0.055371165,-0.22965261,0.09042995,-0.3061068,-0.41008157,-0.35784268,-0.48313797,-0.28710443,-0.45290458
639,0.078763306,0.116443634,0.07045081,0.49322796,0.15231091,0.28617173,1.6987166,-0.17511511,0.28759465,-0.03683412,0.1991952,0.07665515,-0.06455748,-0.08639412,-0.18788874,0.23929757,0.41723037,-0.13142353,0.64153373,0.08311817,0.10227537,1.2191968,0.96457165,0.027525246,1.0242639,1.6162317,0.5376802,0.027535737,-0.6031594,-0.036008358,0.9719796,0.33203292,0.27593392,0.13777894,-0.17011863,-0.016374946
640,-0.5435792,0.09667382,-0.6262698,-0.47692847,-0.74700654,0.03364116,-0.21994531,-0.73048586,-0.11745837,-1.2215104,0.7261535,0.3912199,0.14075613,-0.085290104,-0.2806892,0.010787606,-0.009986788,0.35390267,-0.5392662,-0.40588132,-0.46317136,-0.1471961,0.26460063,0.4693592,0.5988147,0.52119666,1.0101414,-0.03931454,-0.2694625,-0.5588389,-0.004359212,-0.20136613,-0.054681107,-0.82796043,0.20734157,-0.57638234
641,0.28813827,0.9469266,-0.2898681,0.018934414,-0.16696069,0.048090756,-0.47989818,-0.12747636,-0.2860702,-0.49508148,-0.33176783,0.25921443,0.2548011,0.15694931,-0.08482386,0.74843824,0.5957644,0.45199174,-0.27396438,-0.46519718,-0.028719485,0.9111197,0.4836296,0.56633115,2.989271,1.9383054,2.3812425,0.032732796,-0.18235672,-0.4171995,2.1169698,1.1858667,1.0041378,-0.3524288,-0.02139612,0.029078364
642,0.45553517,0.6028584,0.06900427,0.00055778027,0.7299186,0.16483006,0.09665573,0.60420585,0.73428375,-0.24430388,-0.2509004,0.085888684,-0.08206549,-0.7382208,-0.020383,0.1850256,-0.1612913,-0.43168852,0.07716644,-0.01598072,1.2985822,-0.44476393,-0.3498518,-0.37942833,-0.44005287,0.21287164,-0.3465658,0.087878734,0.28266287,-0.10318059,-0.5063017,0.06803717,-0.048817247,-0.8205409,0.55814,0.19700278
643,-0.25394052,-0.11550754,0.10569203,-0.11115521,0.008326173,0.004730046,-0.01525788,-0.20424289,-0.31669015,0.1961211,0.30389374,0.5946341,0.10447389,0.17158931,0.8651939,0.08576697,0.08960813,-0.09899551,-0.33871236,-0.15412128,-0.6031134,0.09502977,0.12338042,0.21141434,0.108585775,-0.22847831,-0.89518166,-0.2539018,-0.0806666,-0.14275484,-0.029090583,0.07131076,-0.10482913,-0.31308743,-0.029931337,-0.31773126
644,-0.40719172,0.27291194,0.14034846,1.7501402,0.6849412,0.26964787,3.0657506,1.4283625,0.8203665,-0.1943773,-0.14733848,0.2634742,-0.38304162,-0.12090652,-0.37018585,0.18209335,0.34396195,0.21439418,-0.01546479,-0.30720684,-0.13791533,-0.33739674,0.018687591,-0.12147555,1.0034807,0.67003286,0.07552791,0.36059242,-0.37610692,-0.40171295,1.3087453,1.1211358,0.72973925,0.10333141,-0.13677382,0.43460578
645,-0.29524297,-0.003873881,-0.0024644732,0.33501118,-0.16688755,-0.09542388,-0.26825622,-0.1925058,0.0898118,-0.39076638,-0.5649556,-0.06718725,-0.6161388,-0.14496529,-0.08661488,-0.5312988,0.05255252,0.11413103,0.60168886,-0.28546908,0.12601376,0.28040892,0.3840066,0.10282642,0.25586846,-0.15814263,-0.33888674,0.37400252,0.083496064,0.0028992891,-0.3085739,-0.3137348,0.5539117,0.48217005,0.4461455,0.019758284
646,0.45348066,1.4848847,0.09395337,0.15530896,0.6892392,0.52129364,0.14538875,0.55245143,0.2588724,0.06585717,0.16829735,-0.5604666,0.3493915,-0.2329323,-0.1339095,-0.09400129,0.25932193,-0.42550564,-0.97224206,-0.30969653,-0.25955543,-0.5616826,-0.16191375,0.53868806,0.9594566,-0.030985475,0.4032401,0.14354604,-0.109654605,-0.052286617,0.23316208,-0.13081557,-0.44063962,-0.5893072,-0.58772916,-0.004933009
647,-0.1274701,0.09172028,0.26062936,0.1451481,-0.061939478,0.049387455,-0.21144786,-0.056619406,0.20025659,0.31975025,0.10984914,0.10211927,-0.208056,-0.054304093,0.13707632,-0.1375053,0.050284803,-0.061699152,0.35861498,-0.12735614,0.0080387,0.6156815,0.48020232,0.12950093,0.5299088,0.58065856,0.30928707,0.26249734,-0.16640432,0.1397407,1.0348605,0.44788963,0.31713343,-0.09190869,0.19662383,0.23295736
648,-0.15971905,-0.5242583,0.032922268,-0.15860283,0.5756567,0.33349833,-0.23610495,0.0064630806,-0.33161318,-0.5380743,-0.064620316,0.05109975,-0.32123613,-0.20214713,0.6488514,-0.020953655,-0.03475058,-0.38237667,0.32990077,-0.0056040287,-0.38178653,0.009390831,0.011855915,-0.1355327,-0.7033529,-0.09936996,-0.6450898,0.43628836,0.33981362,-0.15432197,0.12332821,-0.20849389,-0.5170095,0.6604484,0.10323906,-0.06994969
649,-0.012297571,0.1961555,0.35734534,-0.11256254,0.07943797,0.35252267,0.022742748,0.053322256,-0.09347093,-0.048615336,-0.286372,-0.058501124,0.023242116,-0.07843241,-0.18714413,-0.005211115,-0.14228556,0.40030903,0.14095926,0.26728597,1.0868698,0.11036199,0.10281621,0.16757381,0.12455058,0.39291564,0.34113264,-0.0508914,0.13676181,0.072761744,0.335086,0.14772686,0.3912124,0.05251521,-0.24551411,0.5670044
650,-0.010329127,0.011998564,-0.17650872,0.33413166,-0.391315,-0.2436977,0.44520962,0.21976548,-0.17250663,-0.25010848,-0.17192036,-0.5377752,-0.85422117,-0.19434312,0.25797558,0.29959393,0.37835926,0.10342699,0.15485716,0.3061526,0.11789921,-0.5699136,-0.24832883,-0.03993213,-0.28494108,0.10361621,-0.44831896,-0.24864781,-0.14452529,0.023783982,-0.3089474,-0.17045885,-0.010101974,0.16317837,0.43565696,-0.20921695
651,0.3566297,0.032360084,0.048434824,-0.054835558,-0.109231845,0.0062678456,0.17989762,-0.033190846,0.20400986,-0.6495588,0.17674056,0.13351423,-0.10118896,0.17967491,-0.0053530335,-0.09956938,0.21444955,0.2015244,0.7284472,-0.115783304,0.023561895,0.13094547,0.048238486,0.18973395,0.097309485,0.10875493,0.03459519,0.009898841,0.2534758,0.16373491,0.22053462,0.29992378,0.13538638,0.08769938,0.1538484,0.1156407
652,0.942921,0.010034032,0.16495752,0.2983095,0.4377082,-0.00034597516,0.045594513,0.9667861,0.103193164,-0.50777054,0.052172936,0.077157736,-0.19213754,-0.0453884,-0.057645082,0.20985517,0.28128344,-0.0923574,-1.7881393e-06,0.17910498,-0.06835115,0.17806324,-0.25982952,-0.045366794,-0.115169704,-0.13992104,0.12502128,-0.118019804,-0.338993,-0.248963,0.15576667,-0.2464832,-0.17447093,0.14764315,-0.104594454,-0.21219444
653,-0.60902035,-0.2369343,-0.72533685,-0.14023846,-0.11015284,0.113108456,-0.41889167,-0.19947332,-0.18350196,1.1126357,1.3991077,0.9183161,0.4965921,0.27335584,0.49256346,-0.5199241,0.07871589,0.6017642,-0.008684456,-0.2817148,-0.43112555,0.24699217,-0.21511227,-0.3808134,0.13948993,0.15864491,-0.17105642,-0.6619626,-0.18609709,-0.47910848,0.40620685,0.1872977,0.33809868,-0.33057818,-0.3156802,-0.066663325
654,0.98374104,0.64996374,0.47255385,-0.25368667,0.22429556,-0.022094727,-0.28447497,0.328243,0.06768829,-0.08300066,0.3533515,0.008366406,0.32792783,0.29725993,0.029996336,0.56852376,-0.030048907,0.013393879,0.09847212,0.045660347,-0.013677776,0.15883987,0.24522795,0.2075291,0.11854988,0.2127659,0.2618078,0.031979978,0.32145533,0.0076708198,0.21451944,0.060192518,0.10660055,0.32854113,0.17101952,0.33072272
655,-0.38190925,-0.009432219,-0.16446882,0.19073868,-0.8566694,-0.06457512,-0.030154824,-0.19317695,0.013184309,-0.07122159,0.14894104,-0.12536052,-0.6072671,0.305056,0.05980718,-0.115044475,-0.45137817,0.071988046,0.49802065,-0.099721864,0.07085773,-0.006397903,0.42026943,-0.31354418,0.18433541,0.1484974,-0.1020242,0.10629052,-0.087385565,0.113473475,-0.20963466,0.036397636,0.10131705,0.14812821,0.14985693,-0.054423094
656,-0.23843539,1.3260186,0.7849269,-0.27641568,0.26787606,-0.13588893,0.027226359,0.20963442,0.46817148,0.36947897,0.77453476,-0.25902313,-0.08520195,0.08679336,0.1595791,-0.17868483,-0.2426273,-0.17400587,-0.010672301,-0.26273546,-0.050104618,-0.024761796,-0.022548914,0.20421344,-0.3616575,0.30132413,-0.0037472248,0.28426906,-0.37147433,0.23978946,-0.10679206,0.121588826,-0.03959316,-0.13870996,-0.38921273,0.1421845
657,0.3696035,0.18305123,0.5237,0.0022096392,0.5565784,0.44427812,0.8954643,0.59721094,1.4473011,1.1129913,0.5927488,0.88663447,0.48784602,0.37120116,0.2826361,0.116918266,-0.034107506,-0.37459666,0.16713071,0.05825609,0.18279943,0.5462648,-0.18351872,0.39918518,0.6900514,1.4233823,1.7840743,-0.24691808,0.10016565,-0.24200445,0.6096528,0.861941,2.002492,0.18758404,1.4700205,0.04152274
658,-0.15663296,0.25748557,0.022045255,0.3509977,-0.012079418,0.55273634,-0.16899014,0.224932,0.099758506,0.39748323,0.15657151,0.49284327,0.26470423,0.007825136,0.46818417,0.32537824,-0.2576366,0.5492274,0.25506175,0.22133334,2.442997,-0.24340382,-0.59247655,-0.27178878,-0.37036029,-0.36594498,-0.14396244,0.08893013,-0.009924114,-0.5424609,0.10666725,0.3643208,0.0096565485,0.0025586784,0.30942664,-0.32425556
659,0.441108,0.27394152,0.6362866,0.16919237,0.38686004,0.3700993,0.44009244,1.3863378,0.94076705,0.079933345,-0.2181713,-0.3155259,-0.08596671,-0.24008137,-0.3913856,0.17132524,0.091059014,0.24534516,-0.26699948,0.7936369,0.32753778,0.025980294,-0.124785066,-0.20108747,-0.15981378,-0.317375,0.001101613,-0.0092378855,0.2478591,0.0895426,0.15761799,-0.04725179,-0.850606,-0.6229001,0.14502755,-0.39479598
660,0.09973848,0.036648303,0.6110408,0.25229663,1.2718761,1.0123199,0.029239953,-0.4163385,0.25729337,0.8151165,1.5672033,1.0048397,0.10048336,0.80904377,1.3315673,-0.0501256,-0.066859156,0.11516062,0.0836494,0.19347382,-0.058683068,0.17158604,0.43849948,0.5431726,0.38443202,0.61360276,0.35736224,-0.10056931,-0.1763803,0.16268528,0.22356182,0.6991254,0.8436235,0.46639904,2.8624377,4.1475277
661,-0.07851255,0.047574043,0.2397116,0.096320406,0.0023582876,-0.2577522,-0.12920302,0.1359837,-0.14078414,-0.1267979,-0.00016191602,0.06689024,-0.30454114,-0.35341692,0.070481,0.3993461,0.39373145,-0.0471915,0.3632087,0.41849476,-0.08531284,-0.26983738,-0.8487803,-0.02920878,0.20789266,0.2438694,-0.2989788,0.051380515,0.3168109,-0.057694614,0.105302095,0.30047584,0.0062940717,-0.23451269,-0.12041283,0.081492305
662,0.10063517,0.23850974,0.16801184,0.33554325,0.2850391,-0.3476299,0.6678481,0.7791717,-0.25018913,1.0869455,1.026374,0.7685467,1.2858515,1.9383401,1.6698625,0.012261222,-0.09543359,-0.21214288,0.0046111345,0.4390528,0.48902345,-0.23865688,0.009438634,-0.032605767,-0.09080082,-0.7704041,-0.36770934,-0.27666968,-0.30007434,-0.17015529,-0.40960178,0.11893737,0.40451258,0.16455013,-0.11344725,0.021690227
663,-0.20388399,-0.0791693,0.036877275,0.21000183,0.09338932,-0.09524351,-0.19260326,-0.2211598,-0.06720698,0.62813175,-0.04131426,-0.25708902,0.44797918,0.21756406,0.35452774,0.14972982,-0.4281397,-0.7635343,-0.22116959,-0.35296524,-0.4814123,-0.014115885,0.16458073,0.23837024,0.29439563,0.35768083,0.23520917,0.61116606,0.17390595,0.24945796,0.6244671,0.7524526,0.18407464,0.26809257,0.1758479,-0.09709416
664,0.09276457,-0.3354821,0.36476707,-0.43902093,-0.0138212,-0.3401465,-0.35941768,-0.2576792,-0.69338554,0.1109131,-0.1385742,0.203587,-0.1422509,-0.0010611713,-0.13256684,0.013781382,0.10017219,-0.023793742,-0.5793571,-0.08145784,0.087564275,0.12893915,-0.0893686,0.09460586,0.24087018,0.4663945,0.8366092,-0.12038296,1.5257432,-0.16551656,0.111692935,0.13968548,-0.051478744,0.32092547,0.35337564,-0.2940324
665,1.4579077,1.8057293,0.8555976,-0.34295815,-0.35232055,-0.10546516,1.8917305,2.2698817,0.87628484,-0.19683748,-0.44246027,-0.27815932,0.21616173,-0.23714131,0.21707624,-0.07850146,0.24189547,0.29461282,0.26602137,0.038565576,-0.03755337,-0.44758272,0.22813237,-0.0838874,-0.24488443,0.16168484,-0.20105296,-0.40959257,-0.15067267,-0.20314783,0.47838372,-0.048846513,0.19440293,-0.1823278,-0.17126712,-0.052521117
666,-0.31607476,-0.21280777,0.07003362,-0.11219494,-0.24698831,0.013728768,-0.18249297,-0.052342832,0.13603017,-0.6296062,-0.32413253,0.03336239,0.10005766,-0.38953158,-0.020651072,0.26248902,0.58987105,0.5339606,0.40311182,-0.086146,0.010865927,0.12214717,-0.35462737,0.2262455,-0.09706619,0.52216196,-0.17351604,0.25579444,-0.14242479,0.14716886,0.37825733,-0.22886768,0.38843107,-0.13812819,-0.080447234,0.9263313
667,-0.26489103,-0.385715,-0.05165553,0.5221926,1.0734619,0.60662264,1.6570116,1.522466,2.0823271,0.31572407,0.12843265,0.02158317,-0.0846291,0.307667,0.16400337,-0.28531462,-0.100252,0.0885936,-0.7376393,0.04480046,-0.032574654,-0.19477239,-0.26546276,-0.16412103,0.4705142,-0.13583335,0.23386002,0.07904875,-0.08463067,-0.29325294,-0.21118754,-0.26321578,-0.056628823,-0.4080483,-0.1387763,-0.170874
668,0.2675449,0.23252669,-0.083893836,-0.013576031,0.10207987,0.20383579,0.3387995,0.833421,0.19603276,-0.56512773,0.18944009,-0.13159126,-0.44002292,0.7014346,-0.06841746,0.18680298,-0.5000728,0.07019502,-0.63016355,0.19124287,-0.021174371,-0.2880013,-0.27635112,-0.2642063,0.44696927,-0.23078108,-0.28976208,-0.13224491,-0.056414127,-0.10695501,0.07261692,0.23973551,0.19702071,0.08787894,0.51419306,-0.2596538
669,1.0350145,0.245287,-0.43174228,-0.28908345,-0.48178035,-0.03801042,0.36242127,-0.15413049,0.12205541,0.7347264,0.8337784,0.02762781,0.8179052,0.4328261,0.5187433,0.044371486,0.028004736,0.2609406,0.623191,-0.28089595,-0.097227216,0.8998633,0.24887244,0.60569733,1.4331037,2.388804,2.052038,1.468139,0.40367666,0.5665556,4.1369133,1.6693279,2.5193515,0.16640185,-0.117426604,0.0052369237
670,-0.3140983,0.09630495,-0.11963785,-0.25267506,0.014219016,0.38343143,0.06536265,-0.22125384,0.12419379,-0.22893345,-0.43350172,-0.33837423,-0.29579747,0.019670218,-0.05824256,-0.52763337,-0.6811265,-0.1909517,-0.7553544,-0.23152651,0.047725677,0.12713271,0.70777255,-0.47088736,-0.42114806,-0.7265854,-0.050239265,-0.67166877,0.24472682,-0.36192495,-0.14795515,-0.78014046,0.23887444,-0.072996825,0.36303392,-0.24791294
671,0.071106926,0.008624315,-0.020166337,0.2187458,-0.21894,0.3528028,-0.12747572,0.024830393,-0.6470439,-0.6101426,0.03408356,-0.22610116,0.39257705,-0.37142158,-0.023293734,-0.36660168,0.068468645,0.2577796,-0.076979905,-0.04888028,0.19013438,0.023575544,0.34042692,0.024118327,0.76182127,0.7027233,1.3288419,-1.0571067,-0.029012144,-0.329988,-0.026180744,0.37909612,-0.54371136,-0.78472054,0.10814938,0.15589958
672,0.9366113,2.1237526,0.8273026,0.67857325,0.9351834,0.50442255,0.17957711,1.3644582,1.9316001,-0.13897765,-0.13107842,-0.25350574,0.05862254,-0.21038178,-0.08828607,0.3516611,0.8850933,-0.2238019,-0.028548956,-0.33724463,0.53661555,0.25667536,-0.50169,-0.5646664,-0.7186279,0.20891574,-0.28972918,-0.07880306,0.12900561,-0.55305606,0.070699975,0.09223145,-0.16428804,0.786567,-0.33950275,-0.07767081
673,0.085459694,-0.12003362,-0.52335274,-0.2894673,-0.17210007,-0.31622404,-0.22878718,0.011149585,-0.4792974,-0.2849449,0.5168726,0.05729264,-0.74613893,-0.2297802,-0.29018116,-0.03343749,-0.4219793,-0.19658434,-0.31093,0.07428983,0.4279611,0.23444396,-0.29812974,-0.31155849,0.18207249,-0.24252376,-0.22206926,0.7486189,-0.6088255,-0.10647035,0.78165096,0.011104345,-0.01455088,-0.65001667,0.15508577,-0.76251113
674,0.45123792,1.491543,-0.11464739,3.788159,3.0104165,2.019533,3.036204,3.8828301,1.9816222,0.06625773,-0.3201336,-0.19650751,0.032210976,-0.039916396,0.06093836,-0.4062488,0.14252381,0.033685505,-0.030574873,0.7889181,-0.088198185,-0.10436369,-1.4445862,-0.2568466,0.24203405,-0.13672873,0.1265446,-0.073251255,-0.09736127,0.17130512,-0.020604553,-0.13437888,0.36178404,0.14288671,0.055841655,0.012907684
675,-0.2824726,0.6490588,-0.034227848,-0.23797196,0.19308145,0.20911768,-0.6092043,0.19510394,0.13650748,0.10760346,-0.4001756,-0.10312776,0.0827536,-0.11138038,-0.084311366,0.60403,0.5365046,0.010830104,-1.3456402,0.062288225,-0.2689572,0.31908342,0.21373832,-0.1671918,-0.6595232,-0.2829436,-0.3771658,-0.19870383,0.2556239,-0.2731139,-0.90978354,-1.2100221,-0.41061506,0.21806782,0.15624869,-0.035839885
676,2.0901475,1.1725144,0.88043034,-0.5366197,-0.22662783,0.33343825,0.44755432,0.33184475,0.59929967,1.1745163,0.4282445,0.023921594,1.029995,0.74086916,0.17817467,0.6443498,0.24002631,1.0384388,0.37761596,0.6524334,-0.35126483,0.6662586,0.49425986,1.3877842,2.7998044,2.7570882,2.4502718,0.2234633,-0.75678,0.06982052,1.1759486,0.9370415,1.5182691,0.2348806,0.05361736,0.3331437
677,-0.022014022,-0.022932172,-0.17470583,0.009155154,0.06519145,0.22105813,-0.09972876,0.061081216,0.33195287,-0.028664589,-0.059828877,-0.03619057,-0.10437864,-0.11249985,-0.2782678,4.2438507e-05,0.044841826,0.16220719,-0.041393638,-0.01845771,-0.14034665,0.005763471,-0.027181089,-0.3080334,0.049125552,0.057872385,0.10502422,0.07333493,0.38009405,-0.17796504,0.07335448,0.1283052,0.07538161,0.089004576,0.27868327,0.4743005
678,0.19687068,0.14319849,-0.679586,0.5895293,0.9176199,0.5699143,0.24566281,0.02645716,0.026260853,-0.27325755,-0.21437584,-0.12582386,-0.19244456,-0.12548071,-0.34159398,-0.30604222,-0.053561687,-0.09824266,0.08529947,-0.02139306,-0.09276605,0.04870233,0.38042074,-0.22299957,0.17638975,-0.030364156,-0.042308584,0.22568041,-0.06681538,0.17544675,0.39732507,0.14321232,0.6525199,0.24110325,0.06510991,0.32353354
679,-0.33082092,0.011214614,-0.35233563,0.11094691,-0.17405587,-0.15483317,-0.5155207,-0.6017106,-0.24165395,-0.08768356,-0.09219357,0.020324074,-0.10923827,-0.6759418,0.2886374,-0.08266407,0.74252707,1.4841511,-0.18232131,-0.1434167,-0.045194246,0.09697008,0.38567406,0.68362945,0.54663557,1.3260957,1.9771845,-0.68771476,-0.49882862,0.35167587,-0.2530951,0.24190968,0.29867023,-0.14704055,-0.41811627,0.14059734
680,-0.69296676,-0.20744282,0.023916245,-0.36884344,0.181125,-0.2790979,-0.5777348,-0.2236147,0.04096234,-0.08413851,0.24577981,0.22155166,-0.40044448,-0.013872206,-0.2915994,2.0614672,0.6744188,1.2342765,0.2558174,-0.14439371,0.13532746,1.0461402,1.6580371,1.1774709,-0.22770637,-0.18404739,-0.051993072,0.27212495,0.15157324,0.13183296,0.33954623,-0.18145704,0.18703097,0.23239002,0.34481746,-0.16999829
681,-0.06459725,-0.012262918,-0.07694386,-0.0017613769,0.011908263,0.17177874,0.074186146,-0.01790452,-0.45151317,9.340048e-05,-0.11757362,-0.008990392,0.05627668,-0.18915927,0.8853526,-0.12654608,0.0885019,0.17641273,-0.0074991584,0.20095456,0.023173653,-0.05545813,-0.010485828,-0.14612372,-0.09834194,-0.41458815,-0.9390774,-0.13382298,-0.063684195,0.08167392,-0.16589704,-0.21102971,-0.058920726,0.06044799,-0.18478316,-0.015625834
682,0.29791087,-0.084937826,-0.52422845,-0.46548033,-1.1784413,-0.016935304,-0.10106218,-0.7688987,-0.4088127,-0.21601877,0.15135655,-0.14588265,-0.6549022,0.03950873,-0.53382635,-0.93789333,0.036619008,-0.24533929,-0.0677267,0.3656818,-0.055530038,-0.36305845,-0.07564765,0.05234225,-0.41500333,0.09452894,0.27565876,0.38322803,-0.6835686,0.3953954,-0.5076217,-0.511703,0.37977535,-0.6737476,-0.32604563,-0.27746323
683,0.3831178,0.01826927,-0.30304122,0.26999986,-0.23353605,0.032051563,0.1704016,-0.08501044,-0.04939717,2.3608758,0.049013793,0.13763982,0.18823087,0.32252556,0.21606004,1.132171,0.7309035,0.47500876,0.43180668,-0.2036933,0.11503342,2.1913016,2.7450514,1.841637,5.836711,5.301777,4.071162,-0.05602055,-0.1584327,0.19971341,1.3305715,3.4421887,2.0515833,1.4332967,1.9920917,0.8931296
684,0.006904304,-0.11605833,-0.4793467,-0.5166975,-0.49679685,-0.45381722,-0.452381,-0.24200028,-0.1398704,-0.13415784,-0.05787295,0.1407435,0.1177956,0.0025049448,0.07810378,0.054746866,0.49309507,0.023103893,0.90704817,0.053769432,0.05015099,-0.4315049,0.082711935,0.21872503,0.30890554,0.2285736,0.4546348,0.6498368,0.10047376,0.04432386,0.56379116,0.88072944,0.602085,-0.06045103,0.049810886,-0.16930252
685,0.20477116,0.54479253,-0.21188223,-0.035496175,-0.21818414,0.341839,-0.43763208,0.2419532,-0.0108714625,0.011224747,-0.00060656667,-0.14075914,-0.08252019,-0.10266806,-0.04260271,0.11876941,0.4542851,0.8564194,-0.2698346,0.20681289,-0.17583093,-0.11206761,-0.05516074,0.22708805,-0.26538023,-0.17505932,1.0271895,-0.20018941,0.253744,-0.47147983,-0.0051648617,-0.68920076,-0.4033088,0.26340434,0.6226136,0.30342013
686,-0.013836332,0.20091954,-0.6034784,-0.12854718,0.6084156,-0.17842722,-0.046973597,-0.6729851,-0.23090734,0.11653739,0.23281096,0.15632662,-0.2634571,0.27651295,-0.02638071,-0.84694904,0.4287697,0.42879906,-0.053257972,0.12133025,-0.053435028,-0.11926392,-0.072121955,-0.3083364,-0.80782044,-0.57033855,-1.128648,0.19194826,-0.49015856,-0.33286062,-0.28591317,0.065382764,-0.018367773,-0.16387638,-0.019213669,0.11301464
687,0.6024675,-0.30863476,0.091048084,0.21930397,-0.17318003,0.42914045,-0.5315078,0.17880625,-0.009895248,0.016751781,0.9828594,0.065812275,0.79618573,-0.033065446,0.06879098,0.068243295,-0.15747915,-0.30607462,0.43054572,-0.106551334,-0.34822997,-0.0053242743,0.13247947,0.012201369,-0.39945266,-0.51023644,-0.8012239,-0.02322106,-0.15381636,0.11127217,-0.07399501,-0.09961319,-0.08365372,-0.003973931,0.7363103,0.6023412
688,0.61590636,-0.33325952,0.18270142,0.8147589,0.24686718,0.109401315,0.51899225,1.5415214,0.5181262,0.029910296,0.2207624,0.32727155,0.14414501,-0.0903313,0.032159448,-0.012334213,-0.4584908,-0.031110018,-0.8629163,-0.58077043,-0.08644667,0.24777181,0.19167604,-0.030936658,0.22599114,0.50835264,0.62199384,-0.16175443,-0.4755319,0.8591025,-0.2995225,-0.45096225,-0.2258384,-0.25077933,-0.7204554,0.06891608
689,0.08801013,0.6384901,-0.13025689,-0.1297186,0.13739365,0.2961576,0.22659338,-0.22147194,0.39833927,-0.063700795,0.26177955,0.34213695,0.08326167,0.012275696,0.327699,0.19344807,0.31902263,-0.1790772,-0.12911469,0.026871536,-0.109069824,0.04583025,-0.25307903,0.08934492,0.25765383,-0.4207699,0.258798,-0.07451314,0.08796263,0.022258839,-0.053710103,-0.12286353,0.13959599,-0.066172175,0.011969864,0.15347046
690,-0.18901941,-0.2198554,-0.030052342,0.5616993,-0.08135116,0.49246472,0.34108618,0.063617826,0.0513435,-0.26521146,-0.00045782328,0.15127616,-0.021667935,0.16907355,-0.20565915,1.2214377,0.26274067,0.29867944,0.74928063,0.01893872,-0.13505542,0.85827476,0.061142266,0.26090652,4.108938,5.2272873,5.232186,0.09825799,0.02394174,-0.06303399,1.7305067,1.3507082,1.1740215,-0.1854339,-0.39653286,0.34072697
691,-0.33881158,1.0307152,-0.5441445,-0.042512745,0.2092148,-0.20349547,0.13114858,0.082090735,-0.33448505,-0.35760725,-0.11076504,-0.100886226,-0.4303317,-0.30059236,-0.16072476,-0.2533022,-0.009031057,-0.12645203,-0.37768653,-0.2901044,-0.02951479,0.28561923,-0.19065699,-0.2135976,-0.015356123,-0.29141295,-0.090506196,0.23681223,-0.024732769,0.09156537,-0.30482388,-0.0007908344,-0.6255898,0.7359087,-0.04254788,1.2579861
692,-0.02036193,-0.41239044,-0.30565834,-0.19552794,-0.0090741515,-0.37218702,-0.24848977,-0.03547275,0.14814225,-0.12912297,-0.61080366,-0.57083076,0.35164052,-0.14184427,-0.3001267,-0.13406992,-0.11476907,0.44354028,0.3593632,0.58494604,0.35551432,0.15103534,-0.4886526,-0.17060271,-0.46151078,-0.22200477,-0.042726576,0.35238618,0.7412702,0.38449347,0.3203678,0.29240704,0.1758089,-0.4067906,0.14915207,0.29210556
693,1.4546026,1.5642436,0.6892058,-0.71918803,0.1329828,0.4834423,-0.16004042,-0.13056418,-0.17290431,-0.0066356957,-0.16892937,-0.11564803,0.43173498,0.32521865,-0.23871583,0.37781247,0.3675682,0.4110607,-0.3003546,0.08941293,-0.029541254,1.1859577,0.9566293,1.1644152,2.4928665,1.6795341,1.290395,-0.16862142,0.6237355,0.71361125,-0.1212785,0.27854538,0.38603312,-0.09257249,0.1040397,-0.10110527
694,0.8742755,0.49440807,-0.002698779,0.26606834,-0.30698597,0.76961684,2.0514545,1.3231152,2.6846166,0.1797932,0.28521347,-0.22735912,0.063118935,0.020903632,0.011638403,0.3251934,0.11899121,-0.24597913,-0.19373941,-0.010182604,0.14913064,0.49756515,-0.5666703,-0.25218233,-0.10636419,-0.25864488,0.49262047,0.5119506,-0.1012725,-0.2584442,0.75337553,-0.109185815,0.23687321,-0.08589555,-0.20121428,-0.17679864
695,-0.14240122,-0.19440146,-0.46152693,0.0028473139,0.3274716,0.29451925,0.60081595,0.68099135,0.5239898,-0.1390422,0.11205548,0.28611135,-0.05204636,-0.07678446,-0.07236192,0.75826526,0.169184,0.16641816,0.32442224,0.2902819,0.26775354,-0.12516105,0.2156125,0.20620361,0.55843717,0.122663975,0.47632587,2.237863,-0.006453514,1.1145138,1.1950619,0.85496473,0.798926,-0.407933,-0.39177322,-0.028837174
696,0.4016716,-0.08844754,-0.16508105,-0.08832985,-0.62234384,-0.22152612,-0.047160387,0.0109754205,-0.8187173,-0.16893157,-0.31321204,-0.17524427,-0.07381779,-0.1524846,-0.048178732,1.5174686,0.89816713,0.7241987,0.42213422,-0.260198,0.053346395,0.5663791,0.41413838,0.547418,0.81308234,0.76714593,0.7581765,0.032145917,-0.2264241,0.000908494,0.37765223,0.17010143,0.42270747,-0.6660465,0.0619255,-0.20839849
697,0.0539093,0.83690035,0.06390339,1.373393,0.48291582,0.36202803,0.63022155,-0.4018005,0.16656387,0.5487975,0.8633022,0.6131123,-0.108665526,0.27614403,0.5084667,-0.09552592,-0.28345788,-0.46131277,0.2108351,0.14152807,1.2580738,-0.09264046,-0.35331607,-0.21839339,-0.7764091,-0.3340096,-0.8247272,-0.4338512,-0.3158828,-0.3128949,-0.08249714,0.44330812,0.52910215,0.19982755,-0.14147022,-0.47601855
698,0.39497548,0.498502,-0.12165272,0.08738124,0.07513122,0.13318205,0.28474456,-0.16666114,0.15946937,-0.0037943125,0.14329666,-0.09702456,0.06861186,0.26962632,0.2870987,0.17706008,0.19438885,0.7039835,0.36549163,0.020673588,-0.29575825,0.044175,0.16907215,0.15003762,0.48979098,0.41782802,0.29561138,0.25862464,0.4206022,0.25037003,0.43752334,0.6211198,0.8982842,-0.13103355,0.062029723,0.06344062
699,-0.36246157,0.2650591,-0.17965734,-0.004227437,0.019192778,-0.09004384,-0.14055176,-0.23609485,0.1732791,0.33421394,0.4103862,-0.2075904,0.2704199,-0.7981709,-0.042505443,0.29053384,-0.60496324,-0.38617748,-0.60490084,-0.30165175,0.04754877,0.17638218,-0.71965295,-0.48829353,-0.09002143,-0.4459355,0.20922285,0.51616925,-0.086377144,0.18464905,-0.249882,-0.023544073,0.052579015,0.17001176,0.33903524,0.05233825
700,0.121747255,-0.16838259,-0.55576795,-0.20113397,-0.25822714,-0.17768061,-0.69793797,-0.12355679,-0.034812212,0.91786575,0.13609347,0.29206318,0.363383,-0.51749516,0.025600553,0.13309687,0.12407466,0.37210616,0.23480546,0.3470048,0.25082952,1.5604131,0.8965913,0.8984772,1.2380145,0.29050952,-0.23308863,0.25742418,-0.25001884,-0.20773134,0.6062573,0.3487159,0.6495006,1.704001,1.8172977,2.5442555
701,-0.07581673,0.3851552,-0.5190617,0.12250401,0.08288771,-0.17753339,-0.029105663,-0.30151695,-0.04187727,-0.04552725,0.7235875,-0.3924703,-0.08471571,-0.15432858,-0.3406483,0.0063619018,-0.3364829,-0.48636815,-0.09016001,0.09570867,-0.39611125,-0.4707609,-0.23490632,0.279091,-0.12853739,0.41215074,-0.08822018,0.52723366,-0.394227,0.43244064,-0.019468248,-0.8258534,0.15502924,0.5894026,-0.53823966,0.20718843
702,-0.38958767,0.25237077,0.47013915,0.9988077,1.5933665,0.5435849,0.30824584,0.55517715,0.7300104,2.7977104,1.2764106,0.092020154,1.3336809,0.4814985,-0.04961644,0.10176706,0.07106626,-0.5209151,-0.10971427,0.49138224,0.89153665,-0.058988214,-0.24395931,-0.95463943,-0.20714608,-0.5395908,-0.34315622,1.0630414,0.43351778,1.3346786,-0.28188166,-0.3286878,0.2997563,-0.4267537,0.053131223,0.04576379
703,-0.3011858,0.03532155,-0.031772576,-0.20073062,0.05252852,0.16087845,-0.1609258,-0.20543954,-0.009748653,-0.14445703,0.10360971,-0.50515103,-0.46163976,-0.034368932,-0.30165336,0.092242956,-0.25203657,0.039179716,0.56931776,0.17250824,0.28206342,-0.08875169,-0.26766348,-0.27484766,-0.036403164,-0.26131868,0.003359858,1.8854141,0.0191289,-0.03141889,-0.019387625,0.043171667,-0.13678397,-0.07655212,0.4393826,-0.506927
704,0.0334723,0.67303103,-0.22029877,0.3190056,0.10543883,-0.119100794,0.48699793,0.61173,0.6865561,-0.27372622,-0.3490941,0.033678904,-0.5129098,0.08496559,-0.21679384,-0.22618543,0.099657774,-0.34692758,-0.37837324,0.63650763,-0.44467533,0.4020407,0.17322037,-0.13347834,0.6285901,-0.0037451088,0.09100956,1.1629629,0.7279796,1.1427246,1.9370965,1.0185256,1.1159594,-0.36062074,0.0043870807,-1.1023638
705,0.14895666,0.09131074,0.39114183,-0.067537725,0.10708837,0.045481637,0.0643934,-0.49488285,-0.44515365,-0.2335965,-0.3973642,0.25188306,-0.37751836,0.46803838,-0.38568962,-0.3810807,-0.24153072,-0.24290796,-0.40421242,-0.50077164,-0.21559238,0.27327463,-0.32326525,-0.0789153,0.08414823,0.08888608,-0.10061574,0.1258341,-0.0206348,-0.1312393,0.65264106,-0.6902104,0.5602542,0.3102046,0.08432084,0.15398145
706,-0.4371194,0.31537414,0.04099706,0.022448093,0.31393233,-0.118091345,-0.30873156,-0.49732962,-0.4685693,0.047157127,-0.35953283,-0.06348343,-0.12256631,-0.048719525,-0.5269078,-0.07544348,0.3340907,-0.09510799,0.10164872,-0.08120324,0.19100286,-0.3463736,0.04674281,-0.093921855,-0.25263315,0.19234794,0.062232435,-0.18403566,0.10713911,-0.13070312,0.17991287,0.11804435,0.37676305,-0.13143659,0.1755035,-0.08590478
707,-0.3059199,-0.10849416,-0.123047695,-0.359735,-0.09318471,0.0024853498,0.35097343,0.03937894,0.32088596,-0.060567603,0.8141701,0.36313045,0.36546463,-0.02400577,-0.080511086,0.24072444,1.0217566,-0.9269776,0.5342029,0.51945066,0.6904025,-0.21871686,-0.11316204,-0.15083212,-0.6697319,-0.01786691,-0.6215431,-0.08193123,-0.06846307,0.011074126,-0.51070946,-1.1604913,-1.3618639,0.8905301,-0.652182,0.22275099
708,0.20786619,-0.23564552,-0.1878199,0.8094653,0.49934635,0.28552037,0.082247674,0.27282637,0.16380721,0.1856372,0.5033639,-0.18058395,-0.104177475,-0.16380918,-0.10383701,-0.09027338,-0.4574206,0.08531344,0.04152268,0.07441078,-0.26267463,-0.13655704,-0.16239475,-0.081502855,-0.37677145,-0.24370444,0.21378821,-1.0067718,0.14828368,-0.034940362,0.19236165,-0.18634328,-0.21652475,-0.048985243,-0.07289073,-0.24164444
709,-0.11046722,-0.34183633,-0.6248222,1.8564188,1.3368176,1.1131856,1.6093013,0.04187937,0.75146604,-0.35115248,-0.65855473,-0.24337077,0.028864726,0.0727759,-0.20484209,0.20196909,0.15095747,0.43364227,-0.9834874,0.49632257,0.23935856,0.25696713,0.09652567,-0.18939653,1.9687986,0.9384438,1.8645502,-0.6395999,-0.39903128,-0.25681573,0.7131976,0.7390326,0.6228831,-0.21675575,0.007548671,-0.16565242
710,-0.12580717,1.171716,0.5245525,-0.48211348,0.040776007,0.34122697,0.034464836,0.2623086,0.25332057,0.6451146,1.3506434,0.40484598,0.1070416,-0.13115704,0.007988682,0.83198655,-0.5282104,0.2839504,1.6144768,0.6316257,0.45063528,0.31498098,0.32263783,0.1722324,0.5361104,0.57617426,0.20914716,-0.25632685,-0.29777288,0.4950592,-0.09923008,0.02304636,-0.6728305,-0.42026383,0.57000995,0.48469055
711,1.0803306,0.4874615,0.37746054,0.7428053,0.48604503,0.25908563,-0.40040135,1.0854145,0.3847118,-0.0698466,-0.33709657,-0.15054715,0.39989018,0.16455758,-0.07088232,-0.32024026,0.13633709,0.17110008,0.6918534,0.54336965,-0.0046103,-0.104687236,0.07811457,-0.11620867,-0.7284579,-0.21777254,0.0005877018,-0.6871391,-0.5314057,-0.3611138,0.18157136,0.2163775,0.19863248,-0.11270742,0.5576523,-0.12081975
712,-0.062517345,-0.049316823,0.06878352,-0.39635205,-0.049800858,0.16853379,-0.10077816,-0.34990582,0.3001397,0.23139253,-0.05299113,-0.57077205,-0.09305996,-0.47870597,-0.27310374,-0.036110803,0.058887392,0.57843024,0.32187116,-0.004288584,0.12298998,-0.1442557,-0.04822229,0.09097886,0.15056235,0.37027788,-0.10389471,0.42042968,0.551779,0.19581074,0.27693552,-0.8092851,0.36316955,0.44224137,0.08453679,0.6129729
713,0.11005386,0.034024835,-0.40406176,-0.3920528,0.15764034,0.02416867,0.10403025,-0.047477007,-0.28713447,0.7357328,0.361149,3.697206,0.32602227,0.08620846,0.21900028,-0.056047082,-0.08003065,-0.13213494,-0.09903437,-0.14526281,-0.11265962,-0.12463963,-0.097001836,0.32019705,-0.10705519,-0.22851412,-0.22277743,-0.34631884,-0.2917371,-0.19896194,-0.1907677,0.3572731,0.24141754,-0.34526378,-0.07186047,-0.012468338
714,-0.059208006,-0.6041255,0.16060323,-0.28740156,0.2128505,-0.4030155,-0.64406216,0.017378032,-0.27489692,0.12817347,0.14462078,0.0803349,0.4866947,-0.35954297,-0.05730045,0.030712694,-0.5657279,-0.7971989,-0.16119587,-0.29205596,0.17382333,-0.061926305,-0.29288363,0.48760867,0.30788612,-0.5022919,0.19276184,-0.011425838,0.5712919,0.18537855,-0.8883596,0.19953907,-0.23793274,-1.4899938,-0.047207594,0.010229904
715,-0.38639638,0.10367143,-0.67244494,-0.54786235,-0.2958624,-0.4242832,0.26403546,0.046762496,-0.45590276,0.98106503,1.0479228,0.48986787,-0.39365262,-0.009240329,-0.21679854,0.22919321,0.10515891,-0.32448757,0.43457735,0.12607577,0.17139626,0.5362774,0.21542662,-0.16107965,0.1464227,0.05835831,0.06692514,-0.2064225,-0.33108592,0.20230696,-0.034703813,0.051870942,0.07207705,-0.2692914,-0.084197655,1.2209038
716,0.13730109,0.12049991,1.630503,0.17107257,0.28851616,1.3067225,0.95626616,0.83010143,1.9971879,0.12349343,0.10271421,0.31400818,0.1486637,0.26428393,-0.20840248,-0.019224703,0.048577428,0.01495097,-0.009924293,0.0821507,0.5284233,-0.19475874,0.016023874,-0.15959467,0.0040700436,0.12564379,0.36186087,-0.35032803,-0.059947014,-1.0605943,-0.035648823,0.07250345,0.0639621,-0.05141723,-0.01461634,0.25938874
717,0.08500114,0.1909466,-0.051552303,-0.5506927,-0.19187059,-0.20655623,-0.3606885,0.5930433,-6.03199e-05,2.8874397,3.008651,1.3754023,0.48820415,0.6746404,2.750663,0.06682825,-0.18978149,0.11601896,-0.1681338,-0.05615081,0.058654845,0.07217765,-0.019059122,0.3036644,0.09725857,0.13637939,-0.08772433,-0.23086792,0.19583608,0.14440188,0.07596964,-0.11721963,0.06933798,0.034908056,0.17327651,-0.080610424
718,-0.080607325,-0.016603231,0.06411016,-0.044116557,-0.33763263,-1.0061376,0.19684732,-0.25346765,-0.77513874,0.2614439,-0.22256762,-0.6358353,0.24077606,0.020132631,-0.6441139,-0.06090586,0.13200739,0.08484705,0.009246707,0.25386328,0.10435341,-0.18463644,0.1005609,0.25332013,0.2794809,0.12182629,0.9830487,0.7977576,0.49281555,2.9639993,0.45405322,0.92509425,1.8994603,0.07527155,-0.23340225,0.02282679
719,0.037935972,0.3350571,0.23409677,0.060800076,0.75746715,0.38937294,-0.17443997,-0.13110977,-0.036255896,0.33953506,0.3116554,0.83249325,-0.16549271,0.56467783,0.36765933,0.26120424,-0.31346264,-0.16844094,0.37006903,0.24557187,0.22365975,0.12314287,-0.15516917,-0.41325015,-0.070905864,0.24046719,-0.2067107,-0.11316252,-0.1132246,-0.43646383,0.0024552345,-0.014092833,-0.13662195,0.7035721,1.0062519,0.7512834
720,-0.16334939,0.11187163,-0.66587234,-0.20954525,-0.30114603,-0.38661504,-0.21756369,-0.09644461,-0.22297889,-0.20397216,0.14086199,-0.5787022,-0.18148172,-0.063782215,-0.34883088,-0.07224682,0.035305504,-0.20235017,0.045856714,-0.34099367,-0.2845633,-0.14080805,0.21310163,-0.06158924,0.21466815,0.21390803,0.3979258,-0.08812231,0.23451325,-0.18064535,-0.1933609,0.026815742,0.25449103,-0.14966017,-0.051756207,-0.14150414
721,0.8523959,-0.013937861,0.6747763,-0.20790017,-0.24792479,0.15538323,-0.13580504,0.04850906,0.34670126,0.36410895,-0.7695941,-0.71158373,-0.08412063,-0.67750937,0.025849044,0.85957825,1.7093142,0.3008669,-0.6401074,-0.14447528,0.19237459,-0.8433993,0.2928605,0.4849465,0.075841546,0.5710984,-0.09796113,0.352219,-0.061144292,-0.17799819,-0.14805269,0.61038077,0.030931711,-0.13907075,-0.27542102,-0.20136026
722,-0.32672492,-0.097137585,-0.8193457,0.329737,0.10832525,0.1759767,-0.3210234,-0.11666617,-0.47371843,0.12852979,-0.19145137,0.09390372,0.11863029,-0.4212125,-0.6387212,-0.1399275,-0.26321754,0.15101373,0.034728765,-0.1898072,0.42641538,0.07237017,-0.4362415,-0.51491,-0.14499933,0.23486385,0.4060237,-0.14201668,-0.3208531,0.16621661,0.28218699,0.3961105,-0.30347514,-0.2320607,0.30204916,0.20736589
723,0.10424024,-0.18895522,0.2363627,-0.18661205,0.07845263,0.16390812,0.13409877,0.07596922,0.066223145,0.12315775,0.0014931224,0.3298062,0.054395556,-0.28245157,0.21963051,0.054167032,0.011678457,0.03174424,-0.11359385,0.19768205,0.13862991,0.05936861,-0.30473733,-0.14011866,-0.11355138,0.2823984,0.29749668,-0.33698583,-0.10331768,-0.022362873,0.09605646,0.13572198,-0.103616476,0.001404345,0.73347545,0.42555237
724,-0.074396014,0.006702453,-0.14493999,-0.05815679,0.056996047,0.25231224,-0.2769872,-0.47697806,0.025208235,0.41816556,0.8151699,1.4744451,0.19321084,0.18525326,0.8378333,-0.055767596,0.19812447,-0.02338159,0.029027224,-0.13632667,-0.23800945,-0.1889211,-0.16203973,-0.16420001,-0.14920324,-0.17443073,-0.581908,-0.1371814,-0.42703378,-0.28967378,0.06782591,-0.09289795,-0.2473563,-0.31415308,-0.10611717,-0.232025
725,-0.18572521,-0.4311279,-0.4086951,-0.06965864,0.4721726,0.8017169,-0.15572506,0.24843304,-0.284223,-0.17389339,-0.6441938,-0.08812672,-0.16442335,-0.12784964,0.18364519,0.024797857,-0.25355688,-0.02603978,-0.101551354,0.04036661,0.27461267,0.11910236,-0.11493647,-0.16714051,0.08916861,-0.25450802,-0.24148044,0.23363537,0.3119002,0.17659289,-0.24274492,-0.16025363,0.30058277,0.035845578,0.34440997,1.4772508
726,-0.38836884,0.24267466,0.22196883,-0.08887567,0.26288027,-0.36133415,0.36153793,-0.13308315,-0.30876473,2.2836282,2.9655054,2.6242359,4.066158,3.3723798,2.51748,-0.23354843,-0.2883814,0.44966075,0.2566643,0.08113158,0.28488973,0.0632928,0.27376136,0.14673969,-0.066991806,-0.002968505,-0.53790444,-0.22201827,0.37662077,0.6555798,0.21933693,0.28822482,0.09267965,-0.3043232,-0.047638357,0.27942255
727,-0.014818549,-0.0034629703,-0.971447,-0.024932325,-0.027873427,-0.4837737,-0.005525619,-0.1760705,0.014249772,0.017994285,0.01920706,0.10076034,0.028719842,0.08029378,-0.043524873,-0.11549415,0.07797867,0.06733583,-0.051266313,0.3565522,-0.061580308,-0.012740284,0.16472858,0.011845909,-0.14111184,-0.0032262057,-0.18632954,0.001730144,-0.05371377,-0.11807117,0.045464754,0.11298397,2.0979733,-0.035140127,-0.10464205,0.022520825
728,0.2753423,-0.22174516,-0.68602365,-0.13290215,-0.25049853,0.013017252,-0.058499098,-0.36807254,0.38497794,0.089117765,0.085108936,-0.21949996,-0.2011357,-0.32883793,-0.016701877,0.16002247,0.14802766,0.117576286,-0.017754555,-0.32660285,-0.18573552,-0.26464373,-0.02496028,-0.46016705,0.119948745,0.022351563,-0.19625592,1.3179438,2.0043702,1.9893311,0.7450798,0.9269266,2.1771183,0.28082034,-0.7102548,-0.38564083
729,0.06455595,0.24311918,0.083535075,-0.22115332,0.25456554,-0.14484905,-0.06647301,0.3384896,-0.13584772,-0.29804993,-0.09018007,-0.084708646,0.16364902,-0.7234123,0.08457142,0.18369761,-0.4296379,-0.02211824,0.0695318,0.46171632,0.29250658,-0.25377154,0.015023485,0.3984683,0.4266973,-0.2796559,-0.84513915,-0.035059724,-0.13225898,-0.0019553304,0.23903555,-0.1901982,-0.7146646,-0.1725649,0.38622206,-0.34455758
730,1.0177938,0.5996643,1.284459,0.4060809,0.2194038,0.28534976,0.43198186,0.6049446,0.15152168,0.073874414,-0.030700594,-0.3279213,0.0501388,0.26273853,0.32868183,0.30545488,0.1677374,-0.118382215,0.32264906,0.32251272,0.050055943,0.04372958,0.15673614,-0.14468896,-0.15064265,0.056808017,0.6545061,-0.16701156,0.077620074,0.56124336,-0.099961296,-0.13278818,-0.36020154,0.07297897,-0.29031217,-0.21016872
731,0.33677945,0.10069978,-0.4221278,-0.1039426,0.12164441,0.29502046,-0.007997364,0.4877674,0.29118395,-0.0024219602,-0.11281878,-0.33886003,-0.2935326,-0.17991912,-0.25318742,0.07984078,0.38050768,0.26243204,0.12813064,0.28882894,-0.144781,-0.048477173,0.27449384,-0.14221483,-0.08360869,0.06893796,0.1033175,-0.22261727,-0.20816821,-0.14197397,0.023934007,0.25585437,-0.28043485,0.04068595,-0.23234616,0.22075105
732,-0.102078915,0.8518142,0.79733443,0.6293049,0.6883717,-0.10799277,-0.19122222,1.0636532,-0.039497137,0.03855461,0.03829515,0.05254966,0.3024137,0.24843809,0.46943808,-0.16376255,-0.15166748,-0.23320884,-0.8089955,0.05181393,0.06330168,0.054265887,-0.18009862,0.037374735,-0.4607062,0.033876438,-0.23105562,0.9288112,0.45186496,0.037178636,0.44484848,0.1923263,0.41257858,1.1664946,0.56252563,0.3516783
733,-0.31597644,-0.013105392,-0.30215782,-0.63914686,0.25842807,-0.11157423,-0.24997328,-0.64746094,0.17376223,3.498461,4.303328,2.2422936,0.9894266,1.1738844,1.0196348,-0.1901415,-0.1617468,-0.1192919,0.16095585,0.26610887,-0.08590154,-0.2027877,-0.02528137,0.28309745,0.00015413761,-0.4531867,-0.5959819,-0.23383626,-0.039872184,0.0644795,-0.42520753,-0.13864782,-0.025869876,-0.23176247,-0.404121,0.17596138
734,0.07801086,0.16569865,-0.1687848,-0.20141304,-0.050114512,-0.8257181,-0.18565959,-0.097082056,-0.3120563,-0.06921959,-0.051895916,-0.021213569,-0.04757601,-0.020046175,0.059266925,-0.12357342,-0.103577554,0.12314379,-0.011758387,0.042006075,0.3569582,-0.03557545,-0.32537764,0.18221188,-0.0018321276,0.5073409,0.28174806,-0.09722912,0.23006007,0.050082266,0.03893161,0.098237514,-0.23383003,-0.049571633,0.14910969,1.324179
735,0.14937001,-0.14997934,-0.041713238,-0.15802342,1.6725831,0.57504195,-0.097473025,0.1329983,0.23158926,-0.34759212,-0.68226695,0.03356549,0.116473794,0.12758663,0.16494092,0.1737298,1.014177,0.24738476,-0.08870107,0.30060953,-0.0927507,0.6670947,1.3745226,0.55303127,0.62893236,1.084204,0.5498998,0.019864142,-0.4228814,0.08280583,0.3549829,-0.1304217,-0.57502246,-0.35968974,0.1088618,0.074388444
736,-0.011118889,0.59903824,-0.5630077,-0.012832522,-0.10048935,-0.20828292,-0.15069199,0.20746905,-0.00016891956,0.19044065,-0.24563518,-0.6061937,-0.1541344,0.3399763,-0.57520473,0.015809357,-0.19236778,0.15278393,0.49514854,0.1273095,0.31031254,0.06242855,-0.3690371,-0.32202566,0.82744336,0.10736991,-0.47824338,-0.106579185,0.43440893,-0.13580528,-0.091445446,0.28033912,0.21936724,-0.13102846,0.18684512,-0.044545054
737,0.35211787,-0.1035392,0.06436223,-0.13630283,-0.0045680404,-0.44906077,0.28106195,-0.5207275,-0.349399,0.45078188,0.3166029,0.08298218,0.5336443,0.18894354,0.060012043,-0.04903686,0.16366637,0.038927972,0.05444163,-0.034361504,0.25741887,-0.15918666,-0.62382984,-0.28916284,-0.06954497,-0.038802296,-0.39099878,-0.2554925,-0.30653363,-0.24530119,0.0017597079,-0.12689576,-0.34322503,0.021116257,-0.3611674,-0.09223342
738,0.84888303,1.6911247,0.8407873,-0.0403243,1.4847653,0.059386373,0.61251056,0.70851547,-0.19482386,0.42372838,0.43862075,-0.08254701,-0.016041756,0.2189548,-0.044225633,-0.028086722,-0.21249306,0.05744481,-0.105257094,-0.29356083,-0.06923312,-0.076232,-0.04891932,-0.07424486,-0.06894131,-0.19318402,-0.0063999295,-0.16236895,0.25213856,-0.074373126,-0.26197976,-0.31057134,0.1589235,0.35611835,-0.62307835,0.07213783
739,-0.81106806,0.16474456,-0.28285962,-0.20769745,-0.41639704,-0.47054708,-0.35593325,-0.33947563,-0.38573906,-0.24946356,-0.39708585,-0.8756602,0.20163438,-0.8443184,-0.36903808,0.14065653,0.30026376,-0.098858,-0.5786301,-0.11929315,-0.14090502,0.21722841,0.4703676,-0.2767672,0.06336844,-0.11937924,-0.34351182,0.091021866,-0.106031775,-0.88921344,-0.1210985,-0.8005731,-0.31881928,-0.27503335,-0.1418581,0.65905994
740,-0.32394153,0.044842534,-0.44119653,0.24763364,0.17096223,-0.3813936,-0.3766612,0.06840078,-0.038208485,-0.35171348,0.007450819,-0.27885652,0.02173388,-0.1125496,-0.43188316,-0.26566225,-0.3570128,-0.2691984,-0.22184324,-0.13994038,-0.069596976,-0.6331993,-0.09718174,-0.02648598,0.3066663,0.5449859,0.45063594,-0.38533,-0.44054717,-0.28637668,0.39298537,-0.03546208,0.6522396,-0.91228706,-0.02773974,-0.15206969
741,-0.045040846,-0.6918235,-0.24403986,0.15089494,-0.016744137,-0.54549545,-0.09662008,-0.19634765,-0.22896028,-0.048475835,-0.20156717,0.25525826,0.14305004,-0.3395577,-0.27462325,0.36689335,0.1837295,0.1931212,0.724599,-0.51998675,-0.01977557,0.1746338,0.17402577,0.091591716,-0.23189434,0.0021334887,0.8305433,0.77354103,0.40946028,0.22539783,-0.29814744,0.33539146,-0.13862044,2.327537,1.9459252,1.6630878
742,0.030905887,0.049301118,-0.63327676,-0.10497594,-0.432521,-0.30034286,0.16451061,0.09536725,-0.2511388,-0.19980082,0.21981032,-0.50174326,0.082386136,-0.009579934,-0.5693535,0.5211405,0.7233348,-0.053510815,-0.2208713,-0.21736595,0.035053395,0.047959775,0.41977015,0.57922614,0.3828293,0.11834729,2.7170022,0.41562968,-0.4958368,0.17304802,-0.19099027,-0.38380045,-0.71481085,-0.047654875,-0.3407363,-0.115953326
743,3.2311633,1.7487309,0.71646214,0.30576104,-0.11140233,0.016566455,0.94981694,-0.10035378,0.09514331,-0.04159397,-0.41343927,-0.5146868,1.8798811,1.1917764,0.7425748,-0.61339235,0.20457971,0.18810195,-0.15514828,-0.07319507,0.20326169,0.045547247,0.38470757,0.3466935,0.50368756,0.4264959,1.3519254,0.24334505,0.31806493,0.08573109,0.15637612,0.19350445,1.0840487,-0.3227686,-0.2231136,-0.4942643
744,0.26122347,-0.30538306,-0.23092705,-0.5639359,0.33470958,0.52305067,0.27211994,0.5524612,0.06650395,3.1291785,3.6065595,1.9381765,1.5217894,2.2779088,0.8767978,0.5458423,0.08833873,0.088387966,0.4953289,0.12937641,-0.038138114,0.8331699,-0.0008883476,-0.10130164,0.3409599,0.30646294,0.6968831,-0.10335952,-0.027951755,-0.028741717,-0.23487306,0.24964464,0.5382304,0.07173854,-0.20168114,-0.3565153
745,-0.05972874,-0.21609855,-0.8199954,0.074601054,0.1364947,-0.17980078,-0.07188767,-0.0992012,-0.0721972,-0.108015895,-0.13711119,0.06721783,0.055966318,0.32011294,0.013604477,1.3079098,-0.23017472,0.65537125,-0.3858306,0.05839628,0.16872333,0.91450727,1.340764,1.6267462,2.6036062,2.8661835,3.0830486,1.6331779,0.94824517,1.8942943,3.2459354,2.5446239,5.109891,-0.257101,-0.7181964,-0.39223087
746,2.565675,4.4697657,4.568828,0.0016623139,0.009767264,-0.23963332,1.3260927,1.8820814,2.3665004,-0.014894605,0.07792902,0.086123675,1.3463945,1.0056366,1.9133893,-0.18315029,-0.025583684,0.045430362,0.033545613,-0.15057904,-0.037564486,0.038668513,-0.06712425,-0.10654582,-0.014739871,-0.086693004,-0.14524332,0.054992914,0.15548584,0.5727177,0.48166937,0.610029,1.1867108,0.22815645,-0.12416792,0.018233147
747,-0.022608697,-0.3406405,-0.8053658,0.060487807,0.03877628,0.53481793,0.0030725002,-0.13196903,-0.100179434,-0.1468674,0.28941503,-0.11515921,-0.08352405,0.17245306,-0.14049086,0.0499506,-0.12061751,0.39150703,0.015204191,0.31679416,-0.25138366,-0.055457264,0.2796324,0.515266,0.513221,0.86529756,1.9833415,0.08574623,0.30940834,0.8282729,0.37482792,-0.16250849,1.2049704,0.13778418,0.018267164,-0.22115898
748,0.031898998,-0.34362978,0.20738506,1.651639,0.9992337,0.8920609,0.7297957,1.851217,0.5258169,0.72132665,-0.03164339,0.27550605,0.025924206,0.3249424,0.3301931,-0.7279617,0.1438929,-0.34405398,-0.181552,-0.5699544,-0.12785184,-0.07122052,0.006465018,-0.028413683,0.3376745,0.057028428,-0.22907537,-0.070626676,0.25430965,-0.15837389,1.2433803,1.7142931,0.7904098,0.099842146,-0.17251119,-0.18256342
749,-0.011592507,-0.2817012,-0.45764527,0.4895597,0.41386205,0.119779825,0.17587394,0.37766844,0.6589138,-0.08727479,-0.06634885,-0.00787425,-0.11986101,-0.36369628,-0.023947239,-0.18755823,-0.2028115,-0.23390883,0.097482204,0.11580618,0.023951441,-0.046056286,-0.25914583,-0.24105138,0.093097,-0.21005279,-0.23989606,1.1825434,2.2522178,2.5983856,0.22009489,0.8066317,1.144181,-0.21375418,-0.23865336,-0.35977876
750,0.40256286,-0.12470183,-0.4211033,0.06776476,-0.51156384,0.23917964,0.06171626,-0.1009779,0.19881272,0.413678,0.049648345,0.073016524,-0.06402922,-0.020001054,-0.104041815,0.8591055,1.6186066,0.22841954,0.7356174,1.0559881,0.17001987,0.5207634,0.3497001,0.4624626,0.75947976,0.6938564,1.2730713,4.272833,2.0562835,1.6748704,3.342635,3.4482207,2.372438,0.5303452,0.41732156,0.021505281
751,2.0459669,2.7297897,2.2702537,0.5804805,0.45745915,-0.056604147,1.7225909,2.0903587,1.8680726,0.53109205,1.4995852,0.6421448,1.6458616,1.0995387,1.9748627,-0.042572737,0.22743434,0.2854694,0.014444113,0.17090613,-0.054061636,0.024743855,0.1600478,0.29869217,0.03253901,-0.2918325,-0.26935053,-0.22209328,-0.38539326,0.11198723,-0.041734844,0.2920444,0.5073873,0.34569097,-0.19549078,-0.3417275
752,0.5435378,0.5836897,0.39077353,0.28786287,0.29700273,0.90590143,0.60189086,0.7875382,0.5741855,0.12646925,0.19558018,-0.087662935,-0.35763305,0.2067005,0.34228814,0.41591358,0.06145668,0.1771191,-0.13086677,0.5723821,0.33804873,0.1276955,-0.019187398,-0.019368172,0.61567926,0.46730912,0.45208824,0.039628148,-0.17214829,0.25223875,-0.006614566,1.1602426,0.76557994,0.39830267,0.28945696,0.48228663
753,-0.20746487,1.0671153,0.06384292,0.59802455,0.5889522,-0.28011537,0.5230231,0.8308626,0.21196929,0.21393529,-0.3315943,-0.8254216,0.016685186,-0.21553575,0.16652371,-0.23936412,-0.30743444,0.31745642,0.67061955,0.58109885,0.01481837,0.011116615,0.063455716,0.28848177,-0.0857051,0.13896027,0.1288532,-0.41001576,0.1083684,0.2821053,-0.13917762,0.20050132,0.1438418,-0.25216174,0.39061362,-0.17216277
754,-0.97236395,0.51298726,0.122035265,0.092633486,0.21045849,-0.10214545,-0.039975494,-0.06251079,0.2967531,-0.008632541,-0.47988325,-0.42551896,0.12634772,-0.20224546,0.42196488,0.091899455,0.706147,-0.11156595,0.39671075,0.0156107545,0.09020692,-0.5130706,0.074092045,0.059701815,-0.66274637,-0.65325236,-0.6966337,-0.11360899,-0.57448435,-0.098402634,0.6076493,-0.3327737,0.10238707,-0.025081694,0.3159526,0.0022069067
755,-0.026917756,-0.23317939,-0.2380598,-0.17658818,-0.1221624,-0.20040375,-0.43128577,0.5223205,-0.056813955,-0.5487623,-0.008768797,-0.20451832,-0.12830657,-0.12625876,0.05755818,-0.026242316,-0.424896,-0.3503818,0.52503526,-0.4003858,-0.02637279,-0.07355793,0.22925127,-0.4166555,-0.39048326,-0.40749893,-0.09553468,-0.43147337,-0.072058976,0.31072414,-0.42030028,0.28659213,0.038120627,-0.27309787,-0.19479972,-0.28162336
756,0.13760924,1.9836079,0.87488073,-0.38825145,0.36523998,0.40326685,-0.16094103,0.5281203,0.11353332,0.15740108,0.95085824,0.37531084,0.6655178,0.17763063,2.1160874,0.28522992,-0.05766073,-0.47283965,-0.08984661,0.7711144,0.2561919,-0.22164232,0.2848213,-0.1633479,0.0733729,0.35930264,-0.17348152,0.38972926,0.28552347,-0.101162374,-0.6618279,0.16798604,0.014535047,0.3004167,-0.0007093549,-0.48532158
757,0.105616786,0.042732276,-0.3482515,0.022665948,-0.29762357,0.35402063,-0.471381,-0.18249324,0.24195601,-0.3109341,-0.11366037,-0.41952956,0.003281653,0.04353687,0.21703587,0.25013393,-0.807407,-0.3205275,-0.05491829,-0.2510547,-0.5192416,-0.33009267,-0.24250588,-0.1762951,-0.53310835,-0.3264801,-1.0660719,-0.40217096,-0.0221757,0.22518513,-0.19910774,-0.58917725,0.04108566,-0.045964003,-0.10423747,0.08614436
758,-0.53973144,0.038833395,-0.7931983,-0.011883795,0.0333966,0.22785795,-0.21710333,-0.62245464,-0.6204417,-0.2895149,-0.3832215,-0.18411306,-1.0240867,0.044450402,-0.4181649,-0.06589252,-0.4479237,-0.15655607,0.00889492,0.13800927,0.2226938,0.19879578,0.16158421,0.7202254,-0.32402813,-0.52093315,0.05225271,0.18140405,0.24519457,0.3031804,-0.3871415,-0.37845147,-0.008899689,1.7810704,0.81846017,1.911803
759,0.84257805,1.9252443,2.2151587,-0.09811664,0.17005205,-0.43328947,0.35463288,0.9241441,2.3474927,-0.41899002,-0.522553,-0.8047127,0.58105975,0.7220783,2.641079,-0.055267066,0.10855377,0.1713725,0.44235927,0.5403079,-0.3194685,-0.07872205,-0.18614016,-0.33203334,-0.10527539,-0.31471422,-0.4713496,-0.03172353,0.6117382,-0.08847232,-0.14616314,0.055945992,0.24540988,-0.07771003,-0.0878461,-0.4662798
760,0.0778075,-0.2594545,-0.06659949,-0.47032398,0.019744128,-0.3439824,-0.24931788,-0.069931075,-0.080466166,-0.02039051,-0.15362144,-0.06470576,-0.035182416,-0.055158317,-0.01678982,-0.05515796,0.17197976,-0.11188924,-0.4065026,-0.1251769,-0.23257108,0.027794242,0.094595864,-0.39249897,0.067397594,0.20057926,-0.014141724,0.00482291,-0.07124233,-0.1532153,-0.14546731,-0.34786513,0.359271,0.0513298,-0.19598854,0.009102836
761,-0.22182155,0.4562149,-0.08703745,0.2874601,0.8900336,-0.006849557,0.56658775,-0.016405761,1.0363759,-0.5530495,-0.7712306,-0.19289243,-0.2671001,-0.37710282,-0.31868824,-0.30578774,-0.29090542,-0.14995459,0.45697993,0.62839115,0.317105,-0.10692428,-0.28058064,-0.08517372,-0.085858345,-0.010422155,-0.019331396,-0.1637502,-0.48870847,-0.038740803,-0.21329239,-0.64173853,-0.3380425,0.5776694,0.100454986,-0.085383974
762,-0.11883974,-0.023966804,-0.12107235,-0.13804162,-0.17530298,0.30356884,0.3143816,-0.34657478,-0.3005309,0.08375597,-0.37804013,0.16916919,0.18498674,0.44075269,-0.18029886,0.09189457,0.29977357,0.01861918,-0.05990064,0.25439763,0.2884555,0.09616619,-0.02146393,0.41490033,0.41827953,-0.38516212,0.0017159581,-0.621783,0.05734414,-0.12895639,-0.23933959,0.0108526945,-0.12415107,-0.43040615,-0.7023954,0.07581532
763,-0.26412317,-0.1826086,-0.18914095,-0.34999156,0.05231017,-0.30525905,-0.10174778,0.020868257,-0.054641634,0.37963793,0.67279387,0.22989619,0.5252769,-0.5542594,-0.11997175,0.6353113,0.5286647,3.773909,0.80498683,0.50087297,-0.64633274,0.3304602,-0.002957046,0.23507497,-0.21856284,-0.24976802,-0.24655259,-0.41450346,-0.32343343,-0.12474014,-0.047582597,-0.31507567,-0.34348598,0.10406071,-0.18737835,-0.55462015
764,0.07915348,-0.16064507,-0.065125644,-0.2627182,-0.45059282,-0.4403346,0.010902226,0.13290805,-0.29466498,0.5756655,0.6223377,0.90327764,-0.069585085,0.13288021,0.048214674,0.28238106,0.4243006,0.55848193,0.5558971,0.5191466,0.0708791,-0.0007765293,0.3402747,0.39594263,0.29537377,0.001267612,0.45506865,1.8479338,-0.15886712,0.5352012,0.7289324,0.44102415,0.5158614,-0.40649056,0.111283064,-0.6528903
765,-0.6285201,-0.77131224,-0.22927144,-0.12904166,-0.12509346,-0.2015118,-0.2642122,0.09555876,0.037766546,-0.32595873,-0.30479485,-0.294661,0.12174159,-0.08011848,-0.09350009,0.36333108,0.04384029,-0.4096319,-1.0138702,-0.09635469,-0.0050967336,0.5696665,-0.21149714,-0.1447339,-0.24577099,-0.3465588,-0.3905024,1.7903454,2.1224961,1.3405449,-0.2223239,0.07417625,-0.0018181801,-0.3104803,-0.48663527,-0.6087506
766,-0.026382744,-0.10777246,-0.3582722,-0.6772747,-0.41854835,0.61715704,-0.2516722,-0.21590865,-0.45827323,-0.36897457,0.0638749,-0.31261712,-0.20168024,-0.26532543,-0.48574263,0.3199209,0.1877468,0.29013175,0.0074917674,0.50686157,-0.3326549,0.43319267,0.30938283,-0.28529096,0.53791314,-0.199359,-0.27421415,0.15234339,0.44333804,0.6216841,0.1466707,0.5149879,0.082539886,0.082852535,0.59198713,-0.29777253
767,-0.060592502,-0.4782631,0.16520464,-0.2396295,-0.15342164,-0.3820048,-0.08197789,-0.36760485,0.117041826,0.31372023,-0.13204134,0.1402182,0.3250568,-0.023183227,-0.03752899,0.0084783435,-0.14037353,-0.15967137,0.06331444,0.07939035,-0.085971,-0.27309644,-0.10884398,-0.40939057,-0.26322323,-0.027268142,-0.3408811,0.5366914,0.7169552,1.0505701,-0.2226938,-0.3089973,0.20223868,-0.0072728395,0.050712492,-0.261935
768,-0.04302579,-0.16437984,-0.29042244,-0.28294444,-0.37393486,-0.35755128,-0.42235515,-0.09081113,-0.16553898,-0.02910453,-0.5337856,-0.0931198,0.025207162,-0.10968065,-0.1766333,-0.6775427,0.5293018,0.10874444,0.11987266,-0.27202618,0.02316463,0.07156192,0.25938958,0.5513612,0.48501977,0.70569277,0.7323209,0.3111881,0.17617738,0.6852927,3.3736477,2.8883963,2.3091912,-0.39387,0.1526418,-0.024655983
769,2.0893724,1.7844088,1.310993,-0.029865146,-0.12533583,0.86787474,0.9118583,1.3393701,-0.31794548,0.29593426,0.22370028,-0.43709797,0.523871,0.8009044,0.53699875,0.015956402,-0.11028789,0.021422923,0.25426316,0.009957433,-0.023298249,0.09737408,0.032877803,-0.19037938,0.06911963,0.22039318,0.12755871,0.0020729303,0.16582248,-0.0031997561,0.22543377,0.0465011,0.30838466,0.24924776,0.34998998,0.45701844
770,-0.0463084,-0.18988076,-0.13476932,0.02794224,0.067350715,-0.13822055,-0.019378662,-0.24523741,-0.29668596,-0.39276814,-0.503273,-0.7029574,-0.070452034,-0.73787117,-0.39271855,-0.34582886,0.3459866,0.26977995,0.015276134,0.49976826,0.20640865,-0.050292075,-0.20743214,-0.045281827,0.32873866,0.06957397,-0.3228922,-0.013160229,-0.35557598,0.0866434,-0.4224988,0.0066677034,-0.18950343,0.12985694,0.18099637,-0.08902636
771,0.12093066,0.11956656,-0.034799993,-0.5119334,-0.0060881414,-0.0745942,-0.29016244,0.047661543,-0.4740653,0.115475655,0.2929554,0.19390006,-0.61910933,-0.15461168,-0.44574642,0.3176564,-0.30739343,-0.08128682,-2.0350025,0.04196924,0.19992793,0.28162736,-0.017395027,0.45834017,0.4609222,-0.27127233,0.30278796,1.0998768,-0.10361618,-0.20068195,0.15916863,0.048412696,0.39061227,0.32219547,0.26568168,0.11129433
772,-0.45585147,-0.539142,-0.35570103,-0.53109145,-0.53312147,-0.33479223,-0.31546012,-0.43991995,-0.12645946,-0.5202056,-0.23380667,-0.18488479,-0.29412943,-0.29597342,-0.35417354,0.15880251,1.0246388,0.48396802,-0.2523791,-0.021165684,0.08895159,0.2358445,0.3205278,0.8488078,0.26771,0.79914176,0.39982238,1.1154692,0.41508555,0.5058068,0.688532,0.730472,0.29272366,0.54516065,1.213969,1.5561769
773,0.89748275,0.31829822,-0.33386257,-0.17936331,-0.14025077,-0.17614633,-0.5608615,-0.13958997,-0.063248366,0.22307205,-0.13665134,0.27142495,0.94286513,0.16733336,-0.09646857,0.11530191,0.2870905,0.15075612,-0.10815853,-0.5197031,0.23698246,-0.42643064,-0.28472564,0.2895178,-0.2188797,0.056298316,-0.29547644,0.10776731,0.18395704,0.015560105,-0.22945553,0.69527215,-0.026415456,0.19893429,-0.13927376,-0.124497205
774,-0.46100298,-0.1779308,-0.3390667,-0.26310217,-0.17287058,-0.11664939,-0.21696258,-0.07602991,-0.23788962,0.10679829,0.20272279,-0.16708967,-0.41244167,0.24923448,-0.21116449,0.1736649,-0.40645966,-0.21372843,0.2560808,0.6140306,-0.17390406,-0.29229382,0.26741692,-0.008241236,-0.026746184,-0.097363204,-0.6493859,-0.0710758,-0.09201209,-0.39002717,-0.25530404,-0.3645505,-0.45938808,0.549443,-0.17602198,-0.06762698
775,0.6195023,2.2346919,2.4412785,0.005227834,0.041161865,-0.17381668,0.7865407,0.9920263,2.1544313,0.107518554,0.10778046,0.37905,0.2863042,-0.090008736,1.2291055,0.01735729,0.023154646,0.2999338,0.055657268,0.21490073,0.8562448,0.1966368,-0.08420478,-0.2421149,-0.18494487,-0.6796942,-0.6414626,0.22283882,0.05189675,-0.0038099885,-0.12003371,0.030579146,0.9103511,0.28857917,0.028109223,-0.42503035
776,-0.16615629,0.05100563,-0.29262576,0.32423314,0.11837972,-0.041706108,-0.40026242,-0.035924077,-0.21791492,0.20890355,0.22547504,0.073149204,0.17203233,-0.12746346,-0.5240183,0.26977572,-0.35706273,0.2415773,0.30788916,0.018185206,-0.022277594,-0.17993334,-0.110617235,-0.068581104,0.005356185,-0.25839308,-0.08702403,0.06349555,-0.20016801,-0.26727563,-0.35866418,-0.07261574,-0.15397811,-0.32900536,-2.747438,-0.08480033
777,-0.3718567,0.2790944,-0.09369216,0.1286793,-0.61551136,-0.26706177,-0.69704455,-0.36882737,-0.7349561,0.28170156,0.075256675,-0.13727741,0.13333249,-0.29557073,-0.46414945,-0.54635966,-0.28590256,0.47143018,0.16648248,-0.12431094,0.6180701,0.01448638,0.17134112,0.16312692,-0.008919593,-0.038639963,-0.16288221,-0.21614489,-0.3814377,0.43565905,-0.2987849,-0.14939821,-0.51484174,-0.81909305,0.2678561,-0.06041178
778,0.17597798,0.15014327,-0.35315165,-0.12356335,0.23311609,-0.639338,-0.5005215,-0.30769908,-0.85217375,-0.54669064,-0.007304199,0.13923304,-0.13800657,-0.2817776,-0.3872136,-0.13467498,-0.3170842,-0.26032335,1.1589191,-0.24276465,-0.20270014,-0.11356574,-0.4115623,0.019329637,2.4905417,3.5710616,4.7964168,0.088362776,0.057166263,-0.17388356,0.4745402,0.4820851,0.10613312,-0.10248353,-0.2940756,0.103238195
779,0.0610646,-0.19094947,-0.39693648,-0.43410245,0.21473461,-0.13242936,-0.353583,-0.13902894,-0.103420526,-0.9135745,-0.06392592,0.4593405,0.23357469,-0.024688125,0.046973705,-0.16676229,-0.17779478,0.5668827,-1.3941488,0.2425292,0.065226555,-0.0466004,0.22378261,0.11141005,0.044519782,0.18315089,0.91169447,1.1367589,1.3826141,1.0744423,-0.14939505,-0.12157601,0.42852682,0.6631348,-0.09011689,0.0916433
780,0.2386491,0.265975,-0.019385397,-0.3215121,-0.20785213,0.17256814,0.09652479,-0.6607491,-0.29741424,-1.062459,-0.08290684,-0.29153943,-0.90592104,0.12221046,-0.36766472,-0.29421836,-0.3497744,-0.35646838,-0.17418349,-0.24885197,-0.026016116,0.058632605,-0.32333055,0.052856565,0.44861296,0.61199546,-0.060305953,0.25514555,-0.4151355,-0.024305403,-0.22583139,-0.22622573,-1.1131905,0.38379407,0.013824433,0.47103477
781,0.075762026,-0.94868493,-0.30655718,1.1919823,1.0065769,1.193259,0.33211064,0.5404137,0.95945084,0.25276113,-0.27795124,-0.34256703,0.38320488,-0.5686065,-0.31507182,-0.25204092,0.07229781,0.38912976,0.89975023,1.401784,0.39656183,-0.6463284,-0.7750411,-0.038369954,0.033786297,-1.1728747,0.8159115,-0.44686,0.10259521,-0.02709961,-0.4814669,-0.5031195,-0.4858193,-0.25753438,0.2908085,-0.4140023
782,-0.2947175,1.3395673,0.21366414,0.6240294,-0.1402354,-0.4379294,-0.18792646,-0.0012004673,0.4584257,-0.5664989,0.33628416,-0.31454635,-0.7234005,-0.17429322,-0.24092448,-0.043097436,-0.35522622,0.1312544,-0.37882876,0.15656996,0.68883705,0.82402474,-0.30867648,0.05936511,-0.22505647,-0.018514097,-0.13118708,-0.12549886,-0.27591115,-0.18085158,-0.5099399,-0.062821984,-0.22275698,-0.1291151,0.14528689,-0.45370597
783,0.29655927,0.25197157,0.0852758,-0.2980857,0.5609128,0.30578667,0.18479776,-0.19397846,0.23480538,2.1765654,3.9026077,2.6356683,0.4274186,-0.32903063,-0.20954964,-0.090714335,0.0446468,-0.011397243,0.10687983,0.06559275,-0.24625513,-0.010563016,0.3524333,-0.084376395,-0.01425916,-0.025005609,-0.13340043,-0.20658422,-0.0731692,-0.54870737,-0.3572713,0.12212502,-0.13457245,1.104696,0.58429116,1.083515
784,1.6087463,3.9434671,4.069323,-0.5205112,-0.41804463,0.12939349,0.36314094,1.142566,3.6109595,-0.45340994,-0.26307237,-0.17460796,0.14290482,0.53257495,0.9877744,-0.33308622,0.03239101,0.0392507,-0.34453163,-0.09913942,0.19966336,0.13342023,0.81577146,0.19314535,-0.22585759,-0.028862745,0.033031613,0.2803279,-0.043238193,0.4688241,0.2190018,0.21826196,-0.1309005,0.19924751,0.048321426,-0.17471102
785,-0.4234478,-0.0893296,0.3357203,0.28628093,0.79595554,0.43756723,0.093198,-0.0060985535,-0.07888192,-0.26897073,-0.42533636,0.2891776,-0.19348711,-0.26569128,-0.33100334,-0.42650315,-0.09257847,-0.6125058,-0.18854219,-0.065476716,-0.3626587,-0.047606647,-0.15803708,0.35252476,0.54249954,-0.20591354,-0.04738331,-0.11527115,0.05686261,-0.01674819,0.31702673,0.683173,0.10897261,-0.23250842,-0.0025398582,0.20124978
786,0.022310913,0.21418285,-0.031469345,-0.14854896,0.06908119,-0.008974135,-0.16326207,-0.09857437,0.21027876,1.2889941,3.794929,0.677172,0.124810815,0.114752114,0.24047491,0.097717226,0.03167385,-0.20359743,-0.007958293,-0.123545155,-0.14536643,-0.10743958,-0.1885115,0.45969242,0.10874802,-0.28759113,-0.039382845,-0.25365877,0.44619212,0.054361552,-0.09218383,-0.16661829,-0.27910125,0.37494117,0.11583722,-0.039343655
787,-0.0980255,0.37623954,0.06524342,-0.011956692,-0.37545222,0.09097469,-0.19612733,-0.05715411,0.31487823,-0.4338359,-0.036348104,-0.1294837,-0.6372467,-0.45586807,-0.32476875,-0.45796037,0.1656509,-0.18945497,0.10545184,-0.13912033,0.031712353,-0.58544445,-0.15408956,0.23721552,0.11250627,0.1186842,-0.098957896,1.2945752,-0.26049063,0.15191567,0.64902633,0.1579768,0.74043626,0.13657802,-0.12717685,-0.07870847
788,-0.4530034,-0.26226985,-0.3055976,0.11129451,0.857919,0.10794119,0.39031512,-0.02212882,-0.19022876,-0.49779946,0.50452906,0.15044117,-0.21942112,-0.34578672,-0.11484885,-0.24394941,0.3498788,-0.031344593,0.16867763,0.15923479,0.092892766,0.11293852,0.272663,0.111806214,0.8687476,0.19857019,0.21185064,0.038333148,-0.07937683,0.061398387,0.9631867,-0.32668352,-0.19732928,1.5435416,1.8617284,0.8462986
789,1.1610533,0.6684421,0.5801035,0.16274697,0.24362123,0.041045867,0.49198252,-0.008296251,0.25490463,-0.08867963,-0.27246538,-0.14038211,0.43741068,0.028940678,-0.029873788,-0.44972643,0.05914799,0.037885785,0.15008563,0.2775852,0.04204023,0.35362184,-0.2070514,0.09030652,0.27533746,0.22146177,0.32432544,0.35629457,0.52884126,0.4038725,0.8577852,0.9329277,2.4644558,2.8608127,0.33451092,0.44778463
790,-0.041039288,-0.1706329,-0.9676901,-0.07785928,-0.47774705,-0.032903045,-0.18327057,-0.2890758,-1.1523746,-0.014750481,-0.14843756,-0.26061577,-0.08396798,-0.07781476,-0.14755493,-0.19886792,0.2967822,0.64706194,0.10371989,0.1330046,-0.020282209,0.5181049,0.1399355,0.40596327,0.83216697,1.4056566,2.2103505,0.6108447,-0.19725798,0.38892055,2.5250306,2.9366565,2.9132934,0.021245062,0.015360713,-0.023802742
791,-0.0021138191,-0.010152191,-0.48826027,-0.576583,-0.76273257,-0.1690396,-0.07701212,-0.038897894,0.058065325,1.4724725,1.9183211,0.8383526,1.1926157,-0.44728562,0.38485235,0.80085903,0.65738183,-0.01442498,0.4841376,0.16765253,-0.04563436,0.884897,2.0560136,0.9039716,0.61638886,1.7017958,0.79391277,0.022359267,0.191962,-0.28380048,0.38890177,0.5560826,-0.14088985,0.5120815,0.8950211,1.4975325
792,0.51165473,0.36384535,0.03972575,0.16571409,0.11606957,0.17027572,0.43340427,0.051878095,-0.49428752,0.105811924,-0.14448091,0.21518803,-0.010361046,-0.15549767,-0.09268594,1.3271418,1.443306,1.1664938,0.077281885,0.15888111,0.020371675,2.5559802,3.338223,1.376719,4.548525,4.247493,4.4779844,0.23550966,-0.57145417,0.040208638,1.3696461,0.85141075,0.43997908,-0.21239464,0.24057585,-0.11151022
793,0.49516308,0.8315849,0.0796774,-0.40890968,-0.01618192,-0.38361067,-0.08423561,0.3225671,-0.18183163,-0.05969274,0.0036208034,-0.50785303,0.2550246,0.104554296,-0.37364185,0.122276306,0.112350784,-0.1879201,0.71908784,0.18551084,-0.13025364,-0.086652204,-0.23179501,0.029037386,-0.29979953,0.19947588,-0.20629859,-0.4213925,-0.5757998,0.66557086,-0.34074008,-0.37379724,-0.32607353,-0.24850059,-0.02470114,0.09587139
794,-0.53328687,-0.22509056,0.15780771,-0.39757723,0.04113221,-0.058761477,-0.050040543,-0.18349445,-0.5412499,0.5512989,0.41059366,0.4082531,0.071611255,0.10064244,0.98496914,0.24365199,0.18691915,-0.027225535,-0.80959415,-0.14882934,-0.58330077,0.23979653,0.21521771,0.1680829,0.13322335,-0.52680594,-0.61276054,-0.6204815,0.006557822,-0.10225326,-0.11865407,0.088966966,-0.21227598,-0.6133324,0.1206654,-0.17782295
795,0.5321169,0.80744934,0.4745649,-0.00926888,-0.008595586,0.25623363,-0.21977389,0.26797143,-0.20106448,0.7880914,0.3393522,0.20151457,0.90255994,0.49245274,0.06753862,0.28344136,0.011442333,-0.43712333,0.102884054,0.3036675,0.1885428,0.034641027,-0.07906352,-0.5161653,-0.06317791,0.08695686,-0.82462114,0.06760967,-0.26206678,-0.60658175,0.044185013,-0.14666867,-0.58687556,0.09715015,0.23993784,0.030083776
796,0.20829475,0.62390375,0.37872833,1.3941693,0.7911895,1.0241821,-0.1679211,0.5323215,0.15865952,0.110955775,0.17765576,0.363039,-0.34542876,-0.42461464,0.011075944,-0.2998706,0.14123935,-0.37300807,0.018506527,-0.048925757,0.1603153,-0.7166996,0.21300593,-0.048601277,-0.5647641,-0.09901145,-0.0043162107,0.114026666,0.04469937,0.23420174,-0.8254999,-0.10437264,-0.04404583,-0.01951114,-0.10882133,0.36123073
797,0.12247443,0.22389589,0.17734635,-0.0829283,0.26773268,0.06220457,0.08425498,-0.36499375,-0.10673094,-0.113203466,2.6478925,0.52628237,-0.24989676,-0.36326146,0.36546263,0.37410358,0.22133055,0.4676546,-0.032356143,-0.32536003,-0.53407145,0.40051854,0.6495743,0.4489968,0.1970954,-0.1450295,1.1290767,0.13826668,-0.3060528,2.0094228,0.2883127,0.12494376,2.305821,0.058889806,-0.3079843,0.42523915
798,0.10108036,-0.53070855,-0.16913639,-0.4223308,-0.0436306,-0.14115417,-0.11187896,-0.5505694,-0.13149273,-1.0279331,0.13133392,0.002203405,0.3103085,-0.44565517,-0.24888676,0.06859699,0.55243075,-0.24351835,-0.04005122,0.21332972,0.12668304,-0.0051115453,0.060996443,-0.12136778,-0.37804478,-0.2050839,0.378071,0.067320764,0.048887923,-0.28215474,-0.024961144,-0.38464954,-0.019034356,-0.08792406,-0.013820648,-0.17682654
799,0.43692845,0.66122437,0.18083103,-0.49983925,0.37558338,-0.15696621,0.21563637,0.4211333,-0.32111764,0.8002327,0.43134758,0.53481776,0.6535564,0.33357888,0.5215109,0.049224325,0.18082437,-0.19049591,-0.22877663,0.027404152,0.17435646,0.025955677,-0.046132762,0.17366719,0.95311135,0.43907416,-0.06356609,0.2614351,0.2033562,0.11624694,0.8868479,0.43132126,0.5673524,0.79719675,0.31656912,0.43497816
800,0.35884923,0.12850863,0.0388816,0.56834054,0.10575412,-0.40777153,0.8555114,0.4711412,0.1938495,-0.106333435,-0.2911715,0.32529616,0.029994309,-0.07340651,-0.07292077,-0.23485595,0.35527146,-0.26250836,-0.035466015,-0.06670059,0.04902804,-0.24318516,0.39277938,0.45449555,1.0204852,0.6272522,0.6417903,0.55925524,0.40526658,0.17674956,0.11517519,-0.18924756,0.5464153,0.08325881,0.11887717,0.1336841
801,0.50242317,0.7517063,-0.20813203,0.18883923,0.2361007,-0.35311568,0.22480893,0.0061115026,-0.086737275,0.064491674,0.31733856,-0.5108763,-0.13735044,-0.22473162,-0.00415653,0.5253492,0.47470784,-0.52685916,-0.16137612,0.07835269,-0.2631811,0.030555487,-0.20221597,0.92547417,0.38884956,-0.27528197,0.042822182,-0.25100005,-0.011571109,-0.015196979,-0.081112,-0.045814566,-0.33203351,-0.33522308,-0.45503607,-0.3191828
802,0.14056921,0.5616883,0.34719777,-0.117028296,0.055309206,-0.48164415,-0.085442245,0.04596144,-0.3618733,-0.102898,-0.40990767,-0.40961403,-0.06319195,-0.26895082,-0.01860863,0.14138979,0.0075657517,0.24992603,0.019501925,-0.11419715,-0.040084302,-0.17112449,-0.08935404,0.32108277,0.033495575,-0.22760397,-0.19464731,-0.03546828,0.1209048,0.11870229,0.4515611,0.34918213,0.682969,-0.015353411,0.07224214,-0.016399026
803,-0.11809969,0.2732489,0.42346957,0.27519917,0.50345993,0.40564293,-0.058799863,0.056320235,-0.17362684,-0.0018316507,0.35371506,-0.18015414,-0.19963014,-0.03249301,-0.4430101,0.13541877,-0.38357893,-0.27285293,0.27572596,0.60728407,1.1211901,0.36317274,0.33211875,0.028981566,0.118168354,1.0858984,0.8382443,-0.02055657,-0.0016312003,-0.029058307,0.58120316,0.21110058,0.7293151,0.35435498,0.41654205,0.74244636
804,-0.5364178,-0.33584476,-0.7074942,-0.39986074,-0.111040056,-0.22495115,-0.16681302,-0.15102357,-0.28179568,1.7820259,1.447522,1.7529968,0.6005593,1.3355355,0.53235734,-0.1728692,0.4924354,0.65398705,-0.19343916,-0.39959782,-0.63515925,-0.23716658,0.036530852,0.5919873,-0.11650677,-0.031674743,0.47076762,-1.3007072,0.05327373,-0.20506012,0.48016816,0.05016747,-0.24623024,-0.69674194,-0.04979384,-0.1252557
805,-0.46747297,-0.5780168,-0.2065058,-0.22623909,0.51556945,-0.3731776,0.24705875,-0.4372464,-0.0630185,-0.04076165,-0.23857442,0.11622584,-0.24418497,-0.5551658,-0.12093526,0.10549635,-0.20142257,0.3398705,0.88052696,0.033622876,-0.09761311,1.5641114,-0.46315217,-0.23566848,-0.7715513,-0.58559334,-0.5875146,0.23277722,0.6308297,0.06597948,0.36069447,0.8915273,0.32994992,0.83018196,-0.55325437,-0.1671767
806,-0.110608816,0.27002388,-0.084986314,-0.054369807,-0.11315879,0.38220537,0.031280577,-0.18753274,-0.053918302,0.2490111,0.062097162,3.306954,0.17769492,0.018396065,0.4746417,0.16693312,0.23487183,0.036144644,0.05792719,0.29032397,-0.4972996,0.016660273,0.4150476,0.4224113,-0.08404821,-0.14750496,0.20740145,-0.13906598,-0.03007549,0.0036976635,-0.017337978,0.56623346,0.6591592,0.051765203,-0.15279064,-0.09303248
807,0.8659381,0.2260518,0.18914524,-0.10185242,0.08202264,0.044041336,-0.071451664,0.24508841,0.0329867,-0.03771901,0.16455783,-0.08888203,0.11046374,0.19452721,-0.0032138824,0.43792468,-0.090665966,-0.00068485737,-0.024440765,-0.032613218,-0.016267776,0.073252045,0.15307967,0.23180664,0.13330753,0.27271497,0.5518447,0.29759032,0.12977156,0.06695378,0.1473051,0.25337854,0.2934767,0.51884806,0.18152815,0.091255486
808,-0.073206365,-0.5305684,-0.73077524,0.14451492,-0.031720515,0.17777649,0.03669828,0.011328191,-0.45001912,0.1987794,-0.09688264,-0.037376434,-0.14023781,-0.1145511,-0.40243864,0.09808898,0.14222938,0.12213245,0.101581275,0.025579855,-0.06479427,0.3408414,0.2833935,0.19205856,0.4201454,1.0710205,2.0519843,-0.21329033,-0.060521305,-0.3607184,0.27669188,0.42684492,1.5976884,0.4009813,-0.14342287,0.5082225
809,0.38265964,-0.06968111,-0.07731128,0.4740032,0.5194146,1.1109401,1.6357152,1.5924487,2.3053946,0.83308065,0.26574048,-0.042547703,0.16115105,0.10231267,-0.15341854,0.03595124,0.071133316,0.31381974,0.10263336,0.17472523,0.2119906,0.76106435,0.71133566,0.659123,1.6167665,3.2311878,3.2880425,0.08914876,0.39466876,0.19256204,2.124164,1.8354212,4.0709343,-0.105134964,0.37116835,-0.0886116
810,0.08202189,0.09382143,0.03224373,0.2252549,0.2014143,0.38001537,0.13117355,0.16749191,0.13140571,-0.16533399,-0.046600997,0.21190345,0.31951356,-0.29909307,0.2616682,0.34472084,-0.37862563,0.038053393,0.25688827,-0.07563105,1.6812733,-0.12698346,-0.44586593,-0.3161158,-0.13292551,-0.23837239,-0.22081983,0.34196165,0.18246543,-0.46008766,-0.074022904,0.4864527,-0.20594537,0.13454156,-0.026801169,-0.18035847
811,-0.10635221,-7.4744225e-05,0.19132769,0.0026091337,0.35872126,0.105629325,0.25103128,0.9856001,0.25783122,0.33317316,-0.3937354,-0.17090833,0.07586086,-0.037310317,-0.25346065,-0.050215065,-0.008532852,0.008572102,-0.050045475,0.22805393,-0.14255673,0.082722366,0.059761465,0.07657534,-0.119519114,-0.19337241,0.16701615,0.6694992,-0.1289336,0.23178387,0.17079836,-0.033281654,-0.22444192,-0.074196815,0.30255625,-0.24249583
812,0.67012316,1.5567093,2.647625,0.0067186356,-0.03661889,0.60351,0.32533765,0.601392,1.9908652,0.020632982,-0.012701511,-0.2892968,0.1800232,0.44211137,1.5758815,-0.10186589,-0.10454482,0.16665207,0.054077446,0.06637031,-0.09424415,0.08857477,0.018499672,0.14566988,0.045492172,-0.080412924,0.13180107,0.17415643,-0.12608947,0.59194916,-0.04901147,0.06159985,-0.011996135,-0.013294995,-0.23564257,-0.0203619
813,-0.096523285,-0.35975462,0.12224364,0.45564917,0.2636105,0.03744179,-0.16628194,0.27431837,-0.21616125,-0.34575543,-0.0053039193,0.22486508,-0.0403322,-0.0335564,0.043426514,0.44892234,0.24445964,-0.084486485,0.06214784,0.10115087,0.09964764,-0.074714065,-0.4047658,0.24588591,0.22063708,0.045206726,0.13439012,0.2946933,0.05711569,0.08969635,0.053520977,0.089214504,0.29824907,-0.3212496,0.13181376,0.14906049
814,0.080694735,0.31910092,0.7158517,0.20228875,0.2379745,-0.38924384,0.1965223,-0.23476475,0.40101957,0.07253337,0.17387626,0.17350432,-0.026196241,-0.15651369,0.4282984,-0.024397135,-0.23659942,-0.034957588,0.072968125,0.13289839,0.040375173,0.20599133,0.5631568,0.28004175,0.06839061,0.32401234,0.6439861,0.08176279,0.6252394,-0.14780307,-0.0298841,0.27328098,-0.08673018,0.19708979,-0.31526974,-0.17465512
815,0.18485385,0.64847505,0.12440449,0.27758938,0.3027552,0.18308535,0.41647232,0.5976423,-0.05569309,1.5279799,0.28440782,1.0284072,1.2956152,1.0652059,0.123046756,-0.5595654,-0.3061734,0.29177523,0.13114381,0.7697422,0.00021648407,-0.021311104,-0.13073915,0.033882737,-0.04872173,-0.4316858,-0.04359378,-0.7605159,0.12193088,-0.07674408,0.060118794,0.07341093,0.119252235,0.6332335,-0.51374745,0.11362162
816,-0.08121288,0.12399632,0.17353833,0.13317913,0.016358137,-0.03993696,-0.5357539,-0.39888132,-0.31842455,0.3629728,0.17825061,0.08521935,0.5370283,0.3298474,0.7556077,-0.08462471,-0.2621619,-1.1336031,-0.14673626,-0.42354903,-0.2019636,-0.44269237,0.21469477,0.0009601712,0.19302547,0.01750186,0.08955312,-0.339332,-0.24889317,0.22228402,-0.3309965,0.17933278,-0.08497977,-0.099565566,0.29745582,0.052660584
817,-0.054813474,-0.3884556,-0.21684213,-0.49215984,0.109832525,-0.3195973,-0.42052752,-0.5694698,-0.4546826,0.37852293,0.20298184,-0.1173172,0.089015104,-0.21683604,-0.07132292,-0.111600965,-0.085428156,0.3709907,-0.40145203,-0.18962884,0.23505098,-0.2776851,-0.0629518,0.019233108,-0.60112333,0.17652583,0.2598526,0.36419207,1.515951,-0.17700285,-0.23719387,0.11551282,0.27309126,0.60898644,0.16719268,-0.22301018
818,0.2119529,-0.25792637,0.34681058,-0.2811427,-0.1405217,-0.1975053,0.226713,-0.32078955,0.14035445,-1.2442666,-0.05315602,-0.13134465,-0.4227796,0.3138248,-0.17449686,0.36071432,0.20474568,0.2819965,0.43156588,-0.3197686,0.20474494,0.5033595,-0.4205987,0.10029659,0.017396629,-0.576025,0.17680168,0.389147,-0.37244555,0.009607434,-0.45419022,-0.23143321,-0.039373815,-0.5898346,-0.41356853,0.64168876
819,0.17325743,-0.07992172,0.035037756,1.4430131,2.200562,0.6905577,3.2280025,2.6632197,1.4969118,-0.17151982,-0.11421199,-0.15380579,0.14163968,0.33125353,0.15195268,-0.1662882,-0.20635302,-0.007260978,-0.24990344,0.04179944,0.2275101,-0.3839702,-0.42966956,-0.085085094,1.1230134,-0.06256938,-0.116955966,-0.015249014,-0.040114373,0.050524056,0.083936766,0.16145629,0.23623759,-0.47475737,-0.18568191,-0.048169583
820,0.30328432,-0.32224974,0.28873053,-0.3710255,-0.6569989,-0.13636792,0.21754262,-0.1268929,0.1202144,0.54992807,-0.14133145,-0.29976913,0.53586906,0.29847667,0.35734713,-0.12722164,0.21431479,-0.07680148,0.30291936,-0.106309086,0.12947533,0.89362687,0.17716336,0.55310076,1.5820265,3.0626082,1.701257,1.3975393,0.3330427,0.20621458,4.150908,1.7438483,1.1359091,-0.30936664,0.37943238,-0.13769811
821,0.07823871,0.17310447,0.13461763,-0.40518722,-0.10942774,0.2904889,-0.22234234,-0.020118587,-0.54636544,-0.5226001,-0.4474565,0.39137584,0.37138543,-0.09145102,0.052269757,-1.1428174,0.14465925,0.022901028,-0.03821047,-0.09617826,-0.42526323,-0.0076327324,0.009418741,0.33138335,0.14127135,-0.2421118,0.6451995,0.20000029,0.19414979,0.03616354,-0.041177213,-0.012899637,-0.5975025,0.486547,-0.1213959,0.29766726
822,0.67340213,1.426022,0.39293787,0.90547055,0.8548603,0.33506274,0.499969,0.93200856,0.9956273,-0.5733974,0.06997609,-0.049621522,0.16832054,-0.33113372,-0.28086078,0.06762102,0.3021161,-0.35205334,-0.34178483,-0.105235815,0.17436135,0.24739754,0.08853704,-0.50108606,-0.9358161,-0.27996737,-0.3050365,-0.22768092,0.25514063,-0.4225427,-0.14034465,-0.21480662,-0.36586696,0.60176885,-0.19627377,-0.08039743
823,0.078912705,0.059878826,0.16642934,-0.52832085,-0.5965023,0.52781594,0.087923825,0.10723579,-0.23168129,-0.32758895,-0.11943631,0.13007271,0.14931776,-0.06299323,-0.28914678,-0.107035875,0.29621163,-0.66372997,-0.0073952675,-0.052035153,0.15312237,0.58374345,0.5297433,0.21380682,-0.44458374,0.080863655,0.0619272,-0.19606876,-0.4357218,-0.1880796,0.19371326,-0.53015125,0.09111349,0.3594631,-0.23923488,-0.01128602
824,-0.27735096,-0.29609907,-0.003140837,-0.09967476,-0.3041418,0.08401388,0.275422,0.11854443,0.17532387,0.22951639,0.31524622,-0.3705514,0.2255888,-0.2896256,-0.17694259,-0.1230945,-0.3467511,-0.50041884,-0.4991277,-0.49095404,-0.061192453,0.12006961,0.35715353,-0.055482835,0.33990455,-0.7364903,-0.03954476,-0.61732906,0.6041452,-0.08288847,0.16096845,-0.61713016,0.255179,-0.21569121,-0.14523366,-0.2635984
825,-0.013899207,-0.14240289,0.032573946,0.029475212,0.005496919,0.08300644,-0.040971518,-0.2326326,-0.15918481,-0.021945715,0.07085872,-0.016097158,-0.4882653,-0.62424546,-0.19928236,0.064481795,0.14169031,0.31389156,0.025671244,-0.07799977,-0.34295875,-0.118959665,-0.08860101,-0.23398773,-0.008620858,0.34220958,-0.058231294,0.06905079,0.29068077,-0.051119484,0.18967289,0.30040467,0.18299031,-0.011515975,0.12668271,0.4594363
826,2.567006,0.9154477,0.453188,-0.3889828,-0.11925691,-0.0138885975,0.46457827,0.24720043,0.25552797,1.5828977,0.18830416,0.2740409,1.0927546,0.5435304,0.317501,0.868443,0.59701943,1.1710014,0.5243101,0.5326493,-0.29521033,0.6715818,0.4826631,1.3751593,2.790155,2.994145,1.9221569,0.47523728,-0.53262305,-0.061514795,1.5074544,1.3463647,1.246357,-0.25386918,0.084358454,0.13206899
827,0.074302435,0.22867516,-0.23794836,-0.20978838,-0.40104663,-0.31432498,0.35475877,-0.53493416,-0.20556575,0.1177583,0.3841462,-0.2216757,-0.24364574,-0.18683429,-0.0027701557,-0.034051508,0.30227223,-0.14477018,-0.20000583,-0.4324652,-0.39345285,-0.7454976,0.28943217,-0.52277815,-0.06782207,0.06180094,-0.13389534,0.18687929,0.026707714,0.56356966,0.36282223,-0.33646134,-0.24278381,0.49722686,-0.39179087,0.09689945
828,-0.0895081,0.12125077,-0.083088264,-0.64925003,-0.23303734,-0.099849895,0.004945427,-0.34807396,-0.088857144,0.46298558,0.14395168,-0.21794036,-0.6582812,0.043220162,0.08235395,-0.10631716,-0.07788145,-0.07973623,-0.20575511,-0.31841648,0.26051962,-0.28642416,-0.06735512,-0.032448858,-0.5176685,-0.006886363,-0.039484918,0.6750677,0.12259336,-0.23399195,0.501149,-0.16846189,-0.2853921,-0.005171627,-0.18016079,-0.48442164
829,-0.024595529,-0.009808145,-0.24126498,0.26723,-0.14672455,-0.16025758,-0.17955144,-0.3636579,-0.18368942,0.32844478,0.38721415,-0.08062023,-0.20319885,-0.11556201,-0.24725488,-0.4814837,0.02428028,0.4455382,-0.23210025,0.021373227,0.27382365,0.15399161,0.4903059,-0.027690947,0.13108465,0.3479537,0.27881628,0.5604985,0.36571637,-0.03148544,0.17458361,0.3687402,0.80870914,-0.15374538,0.28932196,-0.048501015
830,0.003274858,0.09977704,-0.19146878,0.006685734,-0.016247034,-0.019421399,-0.21250236,0.049980268,-0.34073448,-0.010521233,-0.35547084,-0.055362094,-0.0038980842,-0.23603278,1.0224273,-0.20206422,0.18543902,0.025154065,-0.09830946,0.34204537,0.14090255,0.07554382,-0.051647045,-0.11771608,-0.32917327,-0.5345546,-1.151161,-0.2618431,-0.17722842,0.04965476,-0.22292489,-0.49902806,-0.11708833,0.13160735,0.075946406,0.12868553
831,-0.07064521,0.25727922,0.3247701,0.67682177,0.3224467,0.65413153,0.2934761,0.32079375,0.4646932,0.07982978,-0.0005581975,-0.28994107,-0.5910969,0.09458113,0.105415225,-0.390684,0.2624537,0.31046665,-0.07183652,-0.14855404,-0.17193352,-0.5704215,0.12853894,0.34357467,-0.10856876,0.08941051,0.26413828,0.68538404,0.19170488,0.22145163,0.86780655,0.26858613,-0.15173501,1.2616175,0.7442726,0.91906095
832,0.6989496,-0.24647489,-0.47000992,-0.7994808,-1.0312139,-0.10456588,-0.26238993,-0.08730882,-0.19594279,-0.2851235,0.03470342,-0.31103182,0.025554093,0.1126083,-0.41833526,-0.22689348,-0.3356023,-0.35138452,0.047828827,0.20354556,-0.18284908,-0.71995765,-0.42652375,-0.35337716,-1.0124553,-0.9977338,-0.7541729,0.78099656,-0.45878145,0.053896368,-0.17055604,-0.59297574,-0.32395765,-0.5019902,-0.15443489,0.27361774
833,-0.10859442,-0.11052179,0.03077671,-0.10559438,0.04126218,0.002156876,0.01050204,-0.21656111,-0.5280776,-0.025695473,0.0045425966,0.09296503,0.12504542,-0.014661297,-0.26896504,-0.21801025,0.56794536,1.5196613,-0.29917857,0.070794046,0.054328777,0.10158241,0.62322503,0.88511837,0.70518816,0.9812983,3.4157462,0.057127535,0.18870908,-0.12057282,-0.41627192,-0.37958792,-0.12649712,-0.016775325,0.23915581,0.6719229
834,0.34064364,0.5193881,1.0283384,0.32697088,1.3071082,1.0555432,0.1853621,0.8855186,0.2966435,0.019126415,0.11538637,0.6092776,0.43606585,1.3353232,0.8426048,0.07849985,-0.009856269,-0.20322557,-0.061025858,-0.055604726,0.13904226,0.22751716,0.13730681,-0.29699892,-0.19063747,0.30852377,-0.43092942,-0.3262276,0.042198755,-0.27484888,0.23083204,0.25852782,0.2917186,0.24676758,0.816274,0.45340887
835,0.53163296,1.2942702,2.4244928,-0.13285503,-0.14411324,-0.40503037,0.8230581,1.169001,1.1456113,-0.07577163,-0.09041342,0.06656615,0.47010309,0.6105723,1.4862747,-0.18349536,0.26049376,-0.07499096,-0.15257782,-0.6470206,-0.23279367,-0.26224545,0.08642445,-0.4389612,-0.58331156,-0.035700962,-0.48122734,0.2838138,-0.34507057,0.25604895,0.07893106,-0.59692955,-0.16625658,-0.32367036,-0.5401658,-0.3765393
836,0.8174368,0.6291665,0.32581213,3.735171,4.346818,3.57352,3.320537,1.5369284,0.41858664,2.8193746,0.46188477,0.049648285,0.470757,0.7403323,-0.14257821,0.8851516,0.83973134,0.34900182,1.3618053,-0.3217997,0.07690215,0.6968082,0.880888,-0.026282623,1.6566521,2.640714,1.1861241,0.27427125,0.27180228,0.40275046,0.14926249,0.36296594,-0.11037946,0.9082201,1.356469,1.4235134
837,0.0636377,-0.013164997,-0.23242079,-0.06485224,-0.32757977,-0.36646315,0.113179654,-0.13941765,0.0016635954,-0.022789448,-0.3478397,-0.013023883,0.08174073,-0.19406493,0.16366789,1.4946212,0.7544796,0.43145588,0.053624883,0.05846089,-0.033690155,1.4016671,2.2900157,1.6497717,5.246549,6.031522,3.7319145,0.15042935,-0.7364552,0.21163088,0.7475132,0.56378514,0.4944817,-0.5389781,0.071526855,-0.20130643
838,-0.26899368,-0.100971594,0.47240782,-0.18599248,-0.092124864,-0.0796864,-0.5088227,-0.21038252,-0.023692459,0.35781756,0.6262553,-0.12698194,0.10694145,-0.15738598,-0.21843334,0.6763958,0.6566803,-0.18101716,0.18279871,0.28698683,-0.3365876,-0.198701,0.39561397,0.29106852,-0.032002904,0.13545948,0.02348277,0.1992553,0.018602856,0.15262124,0.1062929,-0.22459455,-0.8733836,0.25318277,0.6226709,0.48359686
839,-0.27736115,-0.27544498,-0.58786345,-0.27493265,-0.40867555,0.08181594,-0.09865375,0.012520935,-0.046634167,0.20790607,-0.16297895,-0.17284432,-0.07302749,-0.5418182,-0.4319564,-0.546695,0.37230963,-0.07894444,-0.0348268,-0.6614844,-0.260638,-0.010868311,-0.42299786,-0.22851515,-0.6189225,-1.2579575,-0.7462501,-0.15541017,-0.20766103,0.1084654,-0.32009205,-0.19701692,-0.035544373,0.083328485,-0.44363636,-0.025401354
840,0.606536,0.21734893,0.079861104,-0.43498093,-0.49061328,0.2688082,1.0305005,0.47196993,0.033675313,-0.117922604,-0.0011922717,0.28099948,0.7249919,0.3726768,0.71626246,0.57740825,0.06057018,-0.7541023,-0.14096624,0.2822837,-0.13536564,-0.2454523,-0.022290617,-0.18906951,0.16252884,0.08451742,0.12946516,-0.58507895,0.16916537,-0.016598836,0.28764614,-0.36409438,-0.1415,-0.5039865,-0.21618885,0.5054368
841,0.004627168,-0.2744581,-0.24259087,-0.4011405,-0.4284707,-0.066660546,-0.26864475,-0.16337116,0.01268357,-0.41588208,-0.5887835,-0.31293157,0.12200796,-0.05341485,0.03513983,-0.05848074,-0.04961896,-0.046976686,-0.5804659,0.029897958,-0.040140003,0.19753338,0.14094287,-0.27756488,-0.12062158,-0.43137056,-0.5159943,0.82696307,0.19161049,0.2630946,-1.0360998,-0.30979747,-0.7717588,-0.42286474,0.058805197,-0.28545737
842,-0.03345135,-0.4179768,-0.36639994,-0.51159465,-0.11062467,0.11932239,-0.25085995,-0.035208732,-0.15827966,-0.7436547,-0.41508728,-0.2086366,-0.6261569,-0.046546698,-0.15875018,-0.117306754,0.050862312,0.030864596,-0.25994802,-0.1977525,-0.16335714,0.1531983,0.3100588,0.23717815,0.7153559,0.04982446,0.3427707,0.6817517,0.4283808,0.12688756,-0.72809553,-0.7061658,-0.6077032,0.59673977,0.3604033,0.20503658
843,0.3847101,0.76923674,-0.23173842,-0.13839144,0.13375318,0.15705842,-0.059031934,-0.04652852,-0.28422976,0.17341685,0.42487997,0.18455935,-0.13195169,0.06886259,0.02329123,-0.34890413,-0.14254344,-0.09459227,0.07047756,-0.16950288,-0.035933852,-0.020689428,0.13359863,-0.337051,-0.02362305,-0.020317446,-0.036683083,-0.04698503,-0.11884302,-0.13386273,-0.2940063,0.0093438625,-0.39643857,0.68006337,0.1768356,0.8739027
844,-0.36643726,-0.16958427,-0.62303615,-0.4989668,-0.25570202,-0.48720998,-0.23118842,-0.029918373,0.19580698,-0.4547844,0.024480224,-0.41612607,-0.023595631,-0.16478014,-0.1144827,-0.02786982,-0.24281645,-0.74858046,-0.4643167,-0.47957957,0.04753256,-0.4627282,-0.44627005,-0.27596548,0.06061071,-0.10514516,-0.5291281,1.2355258,1.1924934,1.4755895,-0.52829623,0.2252815,-0.21407175,-0.051033147,-0.13588336,0.088508666
845,0.33762923,-0.09222749,0.21231943,0.103791535,-0.5145502,0.15244132,1.4372128,1.0109707,1.4720092,-0.17144567,0.07293868,-0.087453246,-0.6178839,-0.020111233,-0.0039106607,0.05844131,-0.26098678,-0.27950096,-0.36481583,-0.22091153,-0.19469732,0.10675824,0.282661,-0.30898014,0.07363361,-0.0237163,0.01703614,0.671909,-0.12334531,-0.23016924,-0.379166,-0.17770316,-0.069001615,0.06870407,-0.40151656,-0.11532313
846,-0.08876246,-0.40609965,0.038018484,0.09708223,0.19346946,0.371284,0.51366174,0.25760674,0.111917935,0.19158633,-0.0017121434,-0.1426743,-0.21023217,-0.05973074,-0.1241176,0.4282744,0.19528714,-0.0054838583,0.44539732,0.50243586,0.14549834,0.15555418,-0.28841165,0.46853378,0.16213307,-0.18125159,-0.1512705,1.6224028,-0.045092076,0.380958,1.1441689,0.5897733,0.058611482,-0.21559769,0.053118482,0.226695
847,0.08117199,-0.27223206,0.19328743,0.31043643,0.43457013,-0.0037623048,0.26388615,0.62877405,0.31657282,-0.033410132,-0.5321074,0.21458283,0.28409094,0.017429829,-0.36318433,0.18465355,-0.15851517,-0.16410789,-0.124155045,-0.49073243,-0.11355929,-0.0004915297,0.83175147,0.07347288,0.089240015,0.13889787,-0.031748474,0.772317,1.672087,1.8902618,0.07929644,0.033974588,0.31255484,0.030057289,-0.2759748,-0.2793139
848,-0.19535053,-1.1261035,-0.42983022,-0.1365844,0.09491843,0.9416808,0.22296827,-0.03871149,0.2687964,-0.29031587,-0.6394355,-0.6343642,0.05517745,-0.40331087,0.3090375,0.047866702,-0.07410964,-0.31151426,-0.83723485,-0.1205847,0.03832844,0.022626579,-0.1720658,0.03321241,0.46024188,-0.88898337,0.18101335,0.42821848,0.4173126,-0.3712615,-0.7840042,-0.29570127,-0.30469173,0.37957495,-0.22648457,-0.29123503
849,-0.11929202,0.47247005,-0.53660274,0.1871149,-0.17015235,-0.36120015,0.10570353,0.2708551,-0.24315482,0.13656619,0.11868599,0.0595966,0.020680472,-0.38336837,-0.21226877,-0.29347366,-0.40060645,-0.24225605,-0.30262774,-0.14795467,-0.33694482,-0.60269266,0.559577,0.09509009,0.059345663,0.32277662,-0.022266746,0.49142122,-0.14285795,0.04132557,-0.31406403,-0.5928656,-0.100106835,0.26744184,-0.2861585,0.37794632
850,-0.18100458,0.18455644,0.079653494,-0.17908598,-0.21309589,0.17861435,-0.23025316,-0.043273136,-0.3479011,-0.17659274,-0.015721887,0.28764153,-0.20432651,-0.46977705,0.02577293,-0.00846535,0.4787514,0.30323893,0.17177719,-0.015105069,0.013504744,0.19145969,0.07945146,0.23993471,2.4207323,2.5742767,2.5337732,0.48083186,0.5738494,0.30749083,2.8433206,2.3095658,3.985439,-0.6224794,0.13586916,-0.46866253
851,-0.011803567,0.025693297,-0.0699926,-0.50739735,0.018796913,-0.11669421,-1.0771575,-0.61669195,0.00081813335,0.6117409,0.40024814,0.35627264,-0.32198286,-0.11142843,0.07507835,0.5488963,0.33718157,0.069183886,0.24383625,0.23247296,0.14568293,0.82712173,0.94892967,0.077525586,0.3273412,0.07129747,-0.6758658,0.04796824,-0.3542474,-0.25212398,-0.224092,-0.23432744,-0.061672285,1.5679936,1.1885321,1.6700093
852,-0.5967818,-0.111982316,0.28073472,0.9016179,1.1279278,0.3320657,0.25361478,0.37781549,0.26412338,0.97180295,0.5715252,0.11048329,0.75369567,0.24982387,0.57056797,0.03974262,-0.0058428645,-0.13130218,-0.25290632,-0.20288111,0.6015045,-0.36820328,0.29294306,-0.41816002,-0.24232107,-0.61925495,-0.6122416,0.7743308,0.37424523,0.554824,-0.1870184,-0.6712638,0.37320626,0.14986852,0.08732432,0.2966434
853,0.23603615,0.63307,1.1184819,-0.039583445,0.09897345,0.077572346,0.40983987,0.16879857,0.31552052,-0.10652065,0.22085689,0.16867825,0.26004058,0.23273665,0.45421436,-0.59738,0.3520796,0.25171703,0.05020547,-0.32900995,-0.40422687,0.4516142,0.045417182,0.5624635,0.22087288,0.29439706,0.39125085,0.41818887,-0.22112566,0.2996891,0.6636753,0.5112576,-0.117482126,0.12051416,0.08343421,0.12644282
854,-0.11823815,-0.9549974,-0.2841256,-0.8881805,-0.42854148,-0.48826215,-0.49430218,0.12963283,-0.08545002,0.04456359,0.38633537,0.03301394,0.3110597,-0.25696853,-0.5665962,0.09033257,0.23616897,0.11597033,-0.32130402,0.21951908,0.20784539,0.52858406,-0.05774809,-0.08604722,0.118285626,-0.16191447,0.2837548,0.14987478,0.7012893,-0.12391765,-0.96649224,-0.15155791,-0.22860235,0.6537482,-0.12382313,1.0464559
855,0.71643585,1.2176588,1.3716409,0.8458957,0.6501837,1.7528347,1.3453606,2.482405,2.764234,-0.32407033,0.021673143,0.3331353,0.18471628,0.7064934,0.71331346,0.009265184,0.06724864,-0.06678879,-0.12256384,-0.3118044,-0.33616593,-0.19975752,0.14156646,-0.30637026,-0.08814752,-0.0825901,-0.3583128,0.38984048,0.5240176,0.9877103,0.21296972,0.29154348,0.397337,-0.049057007,-0.48699427,-0.59010243
856,0.19752192,0.60483325,-0.5029348,-0.23992538,0.03804204,0.6768467,0.3715508,-0.46834502,-0.043077826,-0.059578538,0.10472527,-0.84590805,-0.26063538,0.11655241,-0.18309999,-0.111070395,-0.23629168,-0.60748696,0.10018274,-0.07831949,0.32889634,0.07437086,0.03493146,-0.19267444,-0.50717604,-0.04700631,-0.018555284,-0.09510684,-0.08389032,-0.05825728,0.37029368,0.78646064,-0.08013874,0.13342986,-0.5512782,-0.19443166
857,-0.18189317,0.26080543,-0.091667175,-0.16422713,0.14741239,-0.30123428,-0.013825178,-0.59473026,0.22388136,0.65755033,0.37368315,-0.10636854,-0.38741326,-0.22264245,0.3849368,-0.14289436,0.16808693,-0.26228634,-0.31971526,0.16960871,0.55770123,-0.40429688,-0.18191123,-0.6410698,-0.24991636,-0.26858655,-0.27832806,-0.30158913,-0.22441489,-0.5173436,-0.07318431,-0.819551,-0.4467014,-0.13575363,-0.46394014,0.48339993
858,-0.025811642,0.6706927,2.4042282,0.16068971,0.37544334,-0.48341966,0.26201785,0.14528248,0.07734881,-0.007849157,-0.05254621,-0.2829708,0.39908886,0.6084087,1.0867375,-0.14223528,-0.13884783,-0.21822125,0.12962204,0.37711748,-0.59013385,-0.34749,-0.22781646,-0.6632467,-0.06040895,-0.2323363,-0.68366754,-0.5056033,-0.5416751,-0.09545615,-0.14321,0.2964722,0.33361495,-0.10114843,0.4344275,-0.2247554
859,-0.49599516,-0.33976263,-0.17216341,-0.6307175,-0.31597766,-0.031943806,-0.3991188,-0.8039511,-0.19014803,3.934116,3.2120106,1.2897325,1.8574277,1.7150469,1.1537809,0.05119264,0.11475766,-0.27865845,-0.0017803907,-0.14524549,0.04314296,-0.22839406,0.013686776,-0.21539146,0.058292925,0.070402056,-0.22139618,1.4219521,1.40104,1.2206881,0.8065225,0.7985958,0.6721017,0.0043245554,-0.092324495,-0.18216133
860,-0.61097276,0.1498499,-0.40910524,0.7148311,1.1565032,1.8207563,-0.04756757,0.89848465,1.070368,0.32163328,1.1264373,1.5527377,-0.046490133,0.14123261,-0.21029513,0.24494964,-0.91123974,0.362943,-0.28814155,-0.9081772,-0.45981824,-0.4203542,0.0975956,-0.07945418,-0.23757137,-0.5741244,-0.5370009,-0.5160688,0.053060025,0.13336141,0.38469577,-0.44729024,0.7499451,0.24431348,0.180468,-0.031990707
861,-0.100896426,-0.053120628,0.28961954,-0.112172216,-0.17739666,-0.24187392,-0.13667464,-0.26800686,-0.15501976,0.08278345,-0.13593805,0.22556323,-0.036673173,0.17264372,-0.44486237,-0.56139827,0.20210123,-0.21841592,-0.73208123,0.043496788,-0.46333268,-0.2579977,0.13727051,-0.41173947,-0.088341594,0.30658025,-0.15763175,0.15492995,-0.5300109,0.055876732,-0.040253043,-0.16125537,0.3577546,0.24475265,0.07782066,0.021551132
862,0.02269423,-0.1376096,-0.3831444,-0.26801077,0.4803074,0.14955719,0.17831321,0.01112029,-0.10193503,0.10785562,0.6415608,0.43963438,-0.13217226,0.015546471,-0.20833835,-0.046495914,0.881065,-0.29933697,0.53781116,0.42012244,0.20068665,-0.26922524,-0.12307906,-0.4924033,0.06008423,-0.18054916,-0.34015206,-0.3689644,-0.38927215,0.038282484,-0.5275933,-0.414279,-0.6274611,0.63300216,0.1733226,-0.046026766
863,-0.162709,-0.08126417,-0.0014725924,0.82357717,-0.11451577,0.3229822,0.47790545,-0.0037326813,-0.03483069,0.29541117,0.46803302,-0.1306768,-0.041861415,0.09043431,0.019862592,-0.29913843,-0.31817645,-0.089916945,0.19575454,-0.22680183,-0.18894154,-0.17311746,-0.008635044,-0.2770677,-0.22962612,-0.20859803,0.04675162,-0.117513776,0.036396354,-0.2456308,0.36366868,-0.4707131,-0.2665891,-0.032221913,0.17469406,-0.0149124265
864,0.09102419,0.6929712,0.5294361,-0.40554702,0.073945105,-0.03937885,0.27419493,0.36633897,0.28799444,-0.37236312,0.595994,-0.04340054,-0.0028313994,-0.0118432045,-0.083393455,1.1565045,-0.22201309,-0.35674503,0.41272238,0.73703694,0.28065586,-0.22381005,0.26251757,0.10229176,0.30638403,1.4049966,-0.051769137,0.73423,0.36826944,1.2260889,0.08063024,0.24166244,0.11452162,0.12063572,0.12697238,0.06896162
865,1.6110811,1.1054873,0.755821,1.0196991,0.28550544,-0.13237086,0.088428795,1.0236229,1.0311781,-0.0014710426,-0.13899827,0.08267546,1.295079,0.48820612,0.3498813,0.26136458,-0.009476781,0.013585389,0.6335441,-0.21700537,0.18929803,0.24115872,0.9586539,-0.3917989,1.4437647,-0.060228944,-0.34224603,0.58001465,0.1689991,-0.029184163,-0.2636643,-0.2876677,-0.11779308,0.2701732,0.45641214,0.18079358
866,-0.2074634,-0.19830713,-0.016757816,-0.2157915,0.14681658,-0.05670166,-0.024764955,0.00020420551,0.047962397,0.58941746,0.645295,4.7371926,0.2348885,0.31204903,0.2685591,-0.040498495,-0.06914253,0.18009341,0.038643032,-0.3623541,0.03698738,0.011131227,-0.08996528,-0.071080685,0.17345747,-0.16563645,-0.14274037,-0.31233737,-0.22724049,-0.16433516,-0.042883098,0.11912207,0.11323562,-0.385653,0.15342423,0.22116256
867,0.31167364,-0.47916347,0.074309275,-0.018235505,0.12600462,-0.04889971,-0.34268737,0.012847304,-0.022716403,-0.45774114,0.40137845,-0.11737347,0.40411288,-0.026771903,0.5163212,-0.011416793,-0.4094628,-0.31881535,-0.03388405,-0.46672383,0.13892668,-0.13018024,-0.49700114,-0.031883836,0.06457305,-0.4044254,-0.21962038,-0.037165526,0.6283473,-0.11429942,-0.37842762,0.018410593,-0.29255116,-0.5825492,0.23519957,-0.07968271
868,-0.27763852,0.011985123,-0.31666064,-0.34414005,0.03184873,-0.4098671,-0.4646505,0.22465402,-0.056631744,0.7303774,0.78633076,0.7023771,0.24140239,0.124837935,-0.33678484,0.13347739,-0.21883129,-0.23184958,0.16308329,-0.12670188,0.02177754,0.011146814,0.11807832,0.19281125,0.08941015,-0.16730848,-0.6146296,0.41388148,-0.4551322,-0.12721324,-0.11595664,0.09188056,-0.1131393,0.06521422,0.29652116,1.4065433
869,-0.32793924,0.042052954,-0.09755871,0.3705805,0.32245916,1.6087091,-0.14113379,-0.18907441,-0.12315321,-0.094999045,-0.41596177,0.01746291,0.13707578,-0.6628292,-0.057277292,0.006579995,-0.051983774,0.35204655,0.16653615,-0.34691578,-0.38170016,0.29462233,0.5049478,-0.17813736,0.39720154,0.52141786,0.7151298,-0.26995033,-0.037322104,-0.63557786,-0.14133024,-0.027535116,-0.4584477,-0.2217853,-0.7052357,0.27937987
870,0.40512112,0.1851391,-0.34993517,0.5718175,0.4001794,0.7326648,0.35758483,0.6365373,0.18107471,0.31935275,0.011284851,0.1499063,0.01745972,-0.1637732,-0.5644239,-0.07598418,-0.34832224,-0.13500974,0.0016292334,-0.1153238,-0.5977576,0.22467875,-0.2421261,0.038297653,0.10566211,-0.83087754,0.5514338,-0.12565124,-0.4025259,-0.27655345,-0.23622562,0.13858819,-0.27397847,-0.23435867,-0.056133337,-0.01009047
871,-0.060885727,-0.47704512,0.32227767,-0.3861206,0.110563725,0.027789712,-0.5140122,-0.12654239,0.4327858,0.034059405,-0.3731808,-0.16901973,-0.15052557,-0.087658525,0.30649233,-0.09170044,-0.57982004,-0.5648329,0.28102696,-0.40842998,-0.42570633,-0.17813611,-0.52462304,-0.065410614,-0.3131227,-0.26765382,0.48064685,-0.301566,-0.030504704,0.4135201,0.038321793,0.10641354,-0.23410082,-0.04764664,0.24162734,0.304062
872,-0.04998547,-0.19853604,-0.2311964,-0.17889571,0.22353977,-0.08114001,-0.015240729,-0.339335,-0.10727668,0.068305016,0.35270405,0.38653642,0.024212718,-0.1918437,0.03861934,-0.04469186,-0.15848804,-0.43081236,-0.046129704,0.022671819,0.34686583,0.054670095,-0.16901916,-0.029779255,-0.16106898,0.2744371,0.2509098,-0.10737163,-0.24663423,0.0332679,-0.18145883,-0.14698851,0.12404895,-0.0141483545,-0.12002178,-0.2936809
873,0.0044164658,0.083088964,-0.07574308,0.004410982,-0.05215144,0.08595404,-0.053158462,-0.0038541853,-0.200408,0.058102548,-0.26328146,-0.62164164,-0.04856181,-0.04641053,-0.32444334,-0.119930685,0.014003634,-0.015687168,0.15395796,0.15510008,-0.55752593,0.027831137,0.14875087,-0.14220649,-0.034078717,0.5895593,-0.33486277,-0.015657723,-0.18303359,0.39684272,0.025170624,-0.104359075,0.031749368,0.04963243,-0.6692951,-0.351233
874,-0.022948742,0.08319979,-0.1919808,-0.513897,-0.03212565,0.06027177,-0.43210107,-0.13021803,-0.0924367,0.3927372,0.8352879,0.07998538,-0.1821208,-0.80087817,-0.19613406,-0.028521001,-0.116987765,0.08823228,-0.2388593,-0.03433627,-0.2735942,0.0039572716,0.44092172,-0.2297148,0.16375893,-0.12354149,-0.106897354,-0.05459869,0.15728238,-0.061444223,-0.1770525,-0.038023174,0.4933725,-0.2119829,-0.12274904,0.4393062
875,0.15073425,-0.1060939,0.4810019,0.006007731,-0.29411396,-0.0017704964,0.020234704,-0.059385613,0.32058275,0.06987059,-0.077816196,0.028515637,0.0069702864,-0.5169573,0.23975766,0.10130912,0.29977646,0.2911999,0.19437003,0.23707122,0.27871823,0.25166452,0.33175978,-0.054834068,-0.10185313,0.19271158,0.27291965,-0.13026375,0.18559253,-0.6065674,-0.014524996,0.0898996,0.116600215,-0.43004015,-0.11658251,-0.3596223
876,0.043530583,0.2264429,0.06426549,0.24189717,0.060555965,1.5601678,0.25465322,0.7446702,1.0991561,-0.20494187,-0.3135917,-0.5949313,-0.10413867,-0.44783157,-0.095122874,-0.09049058,-0.10242979,-0.24202305,0.1666863,0.09943889,-0.4673739,-0.07485235,-0.18336679,-0.10331708,-0.019886851,-0.013943136,0.08640063,-0.14212567,-0.23961277,-0.3459803,-0.06519222,0.109792545,-0.012552917,-0.23222822,-0.4154896,0.15117672
877,0.10830808,0.24397749,-0.022940263,-0.08202219,0.33726674,0.0059201717,-0.1686281,-0.16552374,-0.26718712,0.21311003,0.22129634,0.42943555,0.112240374,-0.15737203,0.5127591,0.043571413,-0.19401067,0.12816882,0.025399208,0.022950143,-0.010287881,0.13758487,0.18708728,0.24037614,-0.05370468,0.005644262,0.51606536,-0.1034053,0.12188065,-0.18454772,-0.03569579,0.10322583,-0.12237125,-0.24845344,0.099853136,-0.12948859
878,-0.16830145,-0.029359326,-0.49246794,-0.45473218,-0.9361578,0.15714505,-0.4588285,-0.14424811,-0.16108441,-0.27141201,-0.14366671,-0.48079813,-0.14329958,-0.32728595,-0.4131438,-0.595059,-0.044107385,-0.36977643,-0.25524402,-0.03084056,-0.086143106,-0.02332306,0.34276167,-0.33224395,-0.25999147,-0.40544763,-0.15497501,-0.6456579,-0.8206434,-0.53830284,-0.66630054,-0.647276,-0.5921551,-0.38349885,-0.35020536,0.042809665
879,0.053237975,0.5022881,-0.1586904,-0.18854332,0.0009601712,0.36500204,-0.17050862,-0.113271505,0.046914995,0.07053536,-0.24807534,-0.42747998,-0.035158694,0.077180244,0.10052544,-0.31474158,-0.20336047,-0.29402184,-0.38411748,0.40370536,-0.17584902,0.03485459,-0.08831796,0.8743137,-0.079014,0.07800871,0.042388856,-0.26991242,0.00017125905,-0.44470912,0.12954867,-0.04960686,-0.51610905,-0.31006944,-0.037484955,-0.30686003
880,-0.15029287,-0.45874947,-0.062350333,0.17157102,-0.38239336,0.7523555,0.19800109,-0.029313803,-0.15135694,-0.26240075,-0.3351462,-0.5597787,-0.08733906,-0.11087254,-0.50802624,-0.049187243,0.13713366,-0.122341275,0.23013675,0.1282072,-0.16555206,0.1628223,-0.4501639,-0.35658514,-0.27450353,-0.16903567,0.4199649,-0.3115474,-0.2676121,-0.13326609,-0.091516495,-0.056325972,-0.41440246,0.73121446,0.3405186,0.57664895
881,-0.016177356,0.0030952692,-0.65884686,0.054703712,0.010551989,0.32761937,0.3430152,0.8603226,0.7499008,0.20899326,-0.00063061714,-0.28403163,0.044482112,-0.027199209,0.6846539,0.12232828,0.09641558,-0.067332864,0.054859936,-0.07373993,0.18832064,0.13132489,-0.00066006184,0.20343801,0.31383163,0.20921001,0.4635312,-0.16760075,-0.16628982,0.3602264,0.013019979,0.1749886,2.8662791,-0.072282374,-0.07525855,-0.29695165
882,0.061359167,-0.68919,-0.11073506,0.0480361,-0.072232425,0.053084105,0.16691858,-0.37958446,-0.3412213,-0.040891886,-0.28621387,-0.19455257,0.062075198,-0.3616407,-0.57274634,-0.05943072,-0.092009276,-0.011622965,-0.04514259,0.18158793,0.2222739,-0.0003196001,-0.20319498,-0.16031784,0.16054934,0.10960132,0.6976156,-0.21082091,-0.34933686,-0.123403735,-0.2697004,-0.3099925,-0.18231063,0.04177007,-0.061412513,0.008749902
883,-0.48917747,-0.38910738,-0.20323542,0.11023921,0.10731226,0.97102374,-0.2714815,-0.38114297,-0.4690375,0.06825191,-0.38773823,-0.42177376,-0.14956981,-0.13888323,-0.46959612,0.18289153,-0.030083641,-0.16350058,-0.23965406,-0.1028221,-0.5260365,-0.28828275,0.101831585,-0.09241058,-0.3257863,0.21928358,-0.17930868,0.07945946,0.605077,-0.2996443,0.1355091,0.31458753,0.022222638,-0.16292384,-0.3351301,-0.23043358
884,0.059707224,0.18934447,2.207331,0.7355914,0.9709536,1.1620215,2.7561452,1.7073125,1.7040541,0.65562296,0.19390067,0.27995515,0.35905942,0.3604618,-0.38587192,-0.043091238,0.007635832,-0.032292098,-0.072708905,0.17883414,0.31256366,-0.45315832,-0.09300923,-0.13929541,0.14699751,0.19676967,0.25358954,-1.1524923,-0.19348204,-0.9891057,-0.15245207,-0.06367765,0.026763856,-0.09525573,0.10369745,0.13407207
885,-0.27618816,-0.011408061,-0.13579684,-0.44529903,-0.08140167,-0.10443354,-0.06354849,0.28960347,-0.03215444,5.3257165,3.1054344,0.8776365,0.7897663,1.0839101,1.3429813,0.02201268,-0.2434774,-0.10258931,-0.21399492,0.31808493,-0.12962648,0.054844767,0.18543015,0.12741145,-0.25825265,-0.047566324,-0.048891783,-0.09581458,0.16049051,-0.18771169,0.13942885,-0.2792266,0.16445458,0.14108106,0.016438276,-0.10341656
886,-0.22470796,-0.357899,3.559247,-0.36333817,-0.0962981,0.25871676,-0.5614875,-0.18829426,-0.5180308,-0.13108051,-0.11772649,-0.53721684,0.0359976,-0.09717688,-0.53683347,-0.43246362,0.18424451,-0.62028456,0.0035988092,0.54660374,0.3056417,-0.18460727,-0.6160245,-0.49951398,0.009860992,-0.09148979,-0.6084579,0.15078545,0.06687984,-0.70812786,-0.33998173,-0.21181026,-0.5482967,0.4084837,-0.49704137,-0.30754346
887,0.13128036,-0.113397524,0.056135386,0.07989675,-0.15807411,-0.22859478,-0.1192382,-0.39203265,-0.1922729,-0.12201893,-0.079789296,-0.49741358,-0.11857778,0.25126463,-0.32429874,-0.14334452,0.15095645,-0.12919113,0.09475696,0.4934309,0.69536126,-0.075809,0.12311664,1.1481067,0.28636,1.1515956,1.1650801,-0.24579978,-0.35271844,-0.49609494,0.05012095,0.29927424,2.019609,-0.12639362,0.0121892765,-0.06775588
888,-0.13689634,-0.39088142,-0.30430964,-0.18123019,-0.5381607,-1.149846,-0.10011703,-0.4262547,-1.1948838,0.4177637,0.23581481,0.6267209,0.07282567,0.6997132,0.33883932,-0.2905568,0.15159775,0.16785422,-0.01745677,-0.56051236,-0.058635473,-0.38099018,0.6746768,0.20533869,0.40405607,-0.08615887,0.99867946,2.160618,2.1549149,2.900162,2.0547624,1.9726665,2.357112,-0.3988221,0.058227286,-0.43143284
889,-0.0035171509,-0.13791919,-0.08909484,-0.17334017,-0.008761287,0.25333306,-0.48515594,-0.14807343,-0.46227807,0.6133169,0.9784017,1.312526,-0.12182807,-0.4624951,1.306774,-0.15038836,-0.17630363,-0.11141656,-0.13773322,-0.10562295,0.19962454,0.1105696,0.0829252,0.14061601,-0.118017375,-0.10097504,-0.53610915,-0.36977258,-0.2856974,-0.23678231,0.069006085,0.15947443,0.011947691,-0.22863936,-0.085713625,0.1611284
890,-0.32124728,0.121350646,-0.2636373,-0.06307018,0.025921404,0.0939551,-0.11108661,0.0052105784,-0.42303905,-0.13893557,-0.093191564,-0.56004554,-0.10629332,-0.38373548,-0.008021772,-0.2851234,1.1653769,-0.17326602,-0.10025954,0.040130317,-0.62590826,-0.1950481,-0.47799957,-0.043080896,-0.16753252,0.17328,0.115798235,-0.034337528,-0.26340765,-0.19624284,0.030977577,-0.017499566,0.36395448,-0.25449663,-0.8008747,0.25541717
891,-0.07965645,0.24631943,-0.03165102,-0.16513675,-0.07678354,0.23958921,-0.6527399,-0.070007265,0.23233515,-0.37922674,-0.18248267,-0.5025471,0.11901665,-0.03877604,0.2429828,0.40550894,0.018092215,0.14042576,-0.04653001,0.3103922,0.35704806,0.1664252,0.22902454,0.1718376,0.07625736,-0.13351259,-0.48943648,0.47198993,0.6412877,0.6378623,-0.59454674,-0.26861945,-0.058731623,0.49026242,-0.24952674,-0.02909249
892,0.022787958,0.0076871812,-0.6190538,0.28859314,0.81555486,0.2636995,0.5338096,0.47175682,1.7556608,0.13168412,0.15334603,-0.4945595,-0.17568064,0.081747234,-0.59073824,0.11163759,0.12637678,-0.14214092,-0.1281575,0.35540017,0.5778486,-0.23201448,-0.16379565,0.46802998,0.27019846,-0.03486882,0.2618875,-0.3467146,-0.3111642,-0.54973733,0.20415641,0.48167443,0.49219453,0.09437725,0.37655973,-0.6652687
893,-0.13701686,0.28546953,-0.1646111,0.07193738,0.5952312,0.49682724,-0.5644142,-0.084005356,-0.041448712,0.7065476,0.63809633,0.7103948,-0.17034301,0.7914134,0.38296574,0.34267628,-0.16795164,-0.20077223,0.7099687,0.22120851,0.068883,0.17476851,-0.19536307,-0.3376032,-0.31380278,0.22930092,-0.09700489,-0.22776145,-0.05825621,-0.30544057,-0.30230302,-0.12201214,-0.19302654,1.4433074,1.1562983,0.68855476
894,-0.08354825,0.08999026,-0.18954678,-0.35759118,-0.77122986,-0.09982647,-0.24727997,0.11861813,-0.038139164,-0.6599236,0.32333255,0.15596199,-0.44534332,-0.4846534,-0.45862895,0.062491,-0.06923627,-0.029814392,0.29217702,-0.6890302,0.031722486,-0.3311226,0.34529084,0.255059,0.75195414,-0.09882933,0.26490116,0.7110281,0.21558617,-0.28584886,-0.16900402,0.2730649,0.36406505,0.3358884,0.0019465983,0.0186494
895,0.8297336,0.0015170127,0.45149136,-0.47283977,-0.079939954,-0.08224572,-0.022709846,0.14568263,0.28031015,0.3480308,-0.72092974,-0.27786216,0.04504624,-0.6095342,-0.010180593,0.90416765,1.290204,0.15404457,-0.9298372,-0.12964746,0.05865836,-0.7141466,0.71549827,0.1042472,0.01578772,0.6313798,-0.17994404,0.4725809,0.06690258,-0.28134644,0.359963,0.63128996,-0.060477972,0.012897909,-0.10604632,-0.03238082
896,-0.051252067,0.5885267,-0.083200455,-0.072836876,0.18513112,0.6795958,-0.18070537,-0.013233304,-0.113919914,0.11998236,0.66746163,0.1472342,0.45629466,0.51569,-0.24904633,-0.029375851,0.094884515,0.289914,-0.34704435,0.27075213,-0.2662278,0.317652,-0.38925478,-0.76555717,0.35682407,0.06258461,0.18076766,-0.26330107,-0.39091367,0.41577178,0.20600069,0.24098116,0.3271184,-0.17940299,0.1618959,-0.3256407
897,-0.3322699,0.26035276,-0.08883619,-0.29726458,-0.2339222,0.24492714,-0.057696044,-0.27910194,-0.7722863,-0.08157176,-0.45896646,0.041135788,-0.013762683,0.16733229,-0.1998856,0.027457505,0.3665626,-0.24682903,0.055914074,-0.2033444,-0.046804965,-0.29286608,-0.045674115,-0.308442,-0.11976659,0.47064984,0.022917032,-0.08022371,-0.15732998,0.3724268,-0.4059595,0.0033926368,-0.04918915,0.26874095,0.05579683,-0.23275614
898,0.23950288,-0.19691005,0.48441613,0.04676199,0.013249129,-0.03720081,0.31418428,0.21407688,-0.014317811,0.05319369,-0.17121297,0.23772046,0.04103154,-0.5072396,0.21245623,0.23112305,0.08046463,0.08118445,0.045103073,0.12710711,0.24786408,0.18805903,-0.31211138,-0.061768487,0.011650324,0.3938161,0.26674864,-0.36405283,0.0741089,-0.17287588,0.14227456,0.13423347,-0.05316913,-0.22220361,0.8047611,0.2769838
899,-0.20928034,0.04111898,-0.21743941,-0.2679004,-0.01308918,-0.0060782433,-0.32178107,-0.57733023,-0.067581214,1.5343089,1.4840243,1.0536863,0.70922655,-0.0040233135,0.6155144,-0.4525469,0.31885,-0.0034294873,-0.061459303,0.15288036,-0.22724217,-0.32260948,-0.1992993,-0.13702905,-0.49472806,-0.5863184,-0.79524225,-0.39869457,-0.24883093,-0.15533812,-0.09743863,-0.12141228,-0.06286806,-0.28661767,-0.17030701,-0.22491667
900,0.032001555,0.41011295,0.16637659,-0.14027709,0.04772103,0.48753485,-0.59783447,0.636223,-0.116538525,-0.26585245,-0.50482166,-0.31839514,-0.13935989,0.22635758,0.008177638,0.64990574,-0.13018794,0.38893098,0.033520937,-0.12533617,0.32934034,-0.06138128,0.7048837,-0.6059039,-0.27397665,0.08900058,-0.6356971,0.15403277,0.67895514,0.33598182,0.096564725,-0.66330993,0.08504498,0.055389524,0.3159199,1.5363413
901,-0.1316162,0.030012041,-0.93861294,-0.07921463,-0.10241987,-0.4599207,0.062212616,-0.0878511,0.05548787,-0.017243505,-0.024516255,0.076624215,0.17149487,0.21628802,-0.13073097,-0.15114263,-0.10425053,0.042269915,-0.062381864,0.45037138,-0.11837003,0.056230664,0.3382001,-0.04361379,-0.23171502,0.12262444,-0.2317673,-0.020518541,-0.1358155,0.04742199,-0.103639424,0.2054813,2.069424,-0.010833459,0.050377876,-0.002807498
902,0.44916198,-0.14759456,0.8507256,0.058803827,-0.36137053,0.23112997,0.03613422,0.41460115,-0.33712015,-0.44145435,0.14078403,0.22595136,0.35144696,0.20547181,-0.2055867,0.37892696,0.0019462109,-0.110811666,0.5478516,-0.41985086,-0.02090776,-0.106047094,0.068128556,0.08604625,0.61635935,-0.066673756,-0.8390682,0.3933617,0.25607592,0.39732072,0.17397508,-0.07725677,-0.04365465,0.49184608,0.08368999,-0.14661068
903,0.27420217,-0.40585095,-0.23366016,0.033266664,-0.30101034,-0.59324586,-0.048494577,0.057139248,0.814149,-0.042059302,-0.20422047,-0.27647573,-0.43358418,-0.1565837,-0.30240136,0.03885605,0.07623104,0.7347017,-0.056859016,-0.23915207,0.037013084,-0.24742328,0.59090006,-0.095568985,0.08834249,0.5133945,-0.048000455,2.762376,3.1039507,2.027853,1.6805247,1.4534838,1.4365476,0.87674165,-0.66145223,0.0014908016
904,0.25447828,0.499838,0.094465315,-0.3451966,0.120867066,0.053857565,0.17339924,0.2490782,0.090437114,0.06297827,-0.06798058,0.13053602,-0.052157044,0.08707692,0.2697695,0.06464845,-0.3768757,-0.1750924,-0.009001136,0.23949417,-0.24253297,0.18219054,0.19912827,0.26750064,-0.0045389235,-0.031648245,-0.019319355,0.029815614,0.13256164,-0.104531646,-0.09051126,-0.05472541,0.39067304,0.54343086,0.4116009,0.76101
905,0.061279044,1.7674261,0.7739754,-0.0069411397,-0.117426656,0.14818436,-0.1492256,0.3110809,-0.19964308,0.3015246,0.20653397,-0.080512255,-0.44987932,-0.042736813,0.20833969,0.0642294,-0.1534015,0.15109828,-0.006852329,-0.11078514,-0.25363567,0.21971273,-0.18435043,-0.06821743,0.2086381,-0.09124167,-0.7481862,-0.319108,-0.3046908,-0.7504458,-0.39165372,0.16119498,-0.048662692,-0.059364796,-0.28505427,0.3244453
906,0.3946098,-0.062021215,0.033846945,-0.17796993,-0.085163474,0.29439887,-0.37714034,-0.13682492,-0.3089651,0.026667237,-0.33549005,0.08948165,0.03466469,-0.034069687,-0.101267874,-0.37992215,-0.36550903,0.40938893,0.105728865,0.7643361,0.20951045,0.41916135,-0.059832335,0.39985648,0.004356563,-0.35254586,0.61628443,-0.17102647,0.4457016,-0.20492616,0.14560637,-0.20962411,-0.45143226,-0.17625588,0.16314709,0.25191665
907,-0.0122259855,-0.14098036,-0.42393374,-0.1438868,-0.12719452,-0.025556177,-0.09385377,-0.3053959,-0.9169266,0.18339771,0.07969469,-0.034362458,0.36957258,0.06328964,-0.10863608,-0.08377689,-0.19711933,0.7127657,0.1352551,0.69654346,-0.004388064,0.22816692,0.0736503,0.7409265,0.021548092,0.17765224,1.6468334,0.5644134,0.39625627,0.47152025,0.8023463,0.4211656,1.0180371,-0.17274138,-0.37190232,-0.2387737
908,-0.3650137,-0.32995957,0.26871008,-0.11933315,0.36307317,0.078068554,-0.06738463,-0.29575157,0.34653735,0.12221044,-0.18216886,-0.31322896,-0.32550365,-0.4814152,0.35987878,0.17299414,0.7809849,0.40038794,0.52913296,0.5345034,-0.6276237,0.046366572,0.6259352,0.27289253,-0.08032116,-0.16719915,-0.44250062,-0.32489723,-0.110296756,-0.39291584,-0.790696,0.35991684,-0.23062168,-0.017036982,0.074646026,0.12097257
909,0.929293,0.21579991,0.5823177,-0.2146299,-0.078161806,0.3843943,0.22628549,-0.21807389,-0.07070508,0.1564824,-0.20938313,0.2638146,0.5413485,-0.16264029,0.48020053,-0.35458112,0.29290107,0.4167294,0.33244887,-0.41759646,-0.35486534,-0.22748432,-0.22911441,0.03223163,-0.650035,0.169547,0.12083483,-0.52195626,-0.31172082,0.059755184,-0.28630358,-0.37891582,0.48822725,0.20883852,-0.5632086,-0.7918103
910,-0.35792932,-0.14097641,-0.1846298,-0.54057056,0.019373342,-0.08293302,-0.5879401,-0.42078966,0.019646227,3.933045,3.0785427,0.99182594,0.77331746,0.44301555,0.21871065,-0.09939611,0.06346187,-0.03974688,0.05078411,-0.041495234,-0.34108925,0.10891241,-0.23522098,-0.013747543,-0.055442333,-0.35209572,-0.21958669,-0.3648482,-0.113741696,-0.13511893,-0.5090837,-0.21915074,-0.14030868,0.10592243,0.013825774,0.17546824
911,-0.14951694,-0.66505516,0.012166798,-0.09085518,0.67411375,0.33037767,0.105231166,-0.42891902,0.09217167,-0.15856206,-0.09804706,0.16165298,-0.07612932,-0.24696065,0.27869472,0.023570836,0.8397796,0.3076468,-0.57743955,0.60100526,-0.17898473,0.38001963,0.9024012,0.6609834,0.8392683,0.09663963,0.03088355,-0.19988894,0.12347008,-0.01586157,-0.05479926,-0.20074475,-0.79854465,0.056343824,0.3090705,0.18463898
912,-0.34036547,0.07286912,-0.13203004,-0.18202627,-0.8133079,-0.16229516,-0.09897661,-0.15279007,-0.061677337,-0.1628142,-0.53676444,-0.116836846,-0.7455555,0.10275006,-0.38820267,0.16320848,0.13987157,0.15291575,0.84361744,-0.122948915,0.14692712,-0.20270288,-0.2878394,-0.278748,0.72561306,-0.094334215,-0.22400689,0.06976569,0.5455279,0.0094207525,-0.5627599,0.36631233,0.19626069,0.14175189,-0.19939415,0.1621437
913,0.6163884,-0.80388784,-0.4932927,-0.21113023,0.065880835,0.29444915,0.13796806,0.10335554,-0.4114846,-0.26049522,0.12091632,-0.24406323,0.2339437,0.7444135,0.15293519,-0.43510118,0.03252752,0.4266526,0.24723715,0.1904573,-0.18037054,0.22275993,-0.15902895,0.53826773,0.28880206,0.61011314,-0.16761845,-0.0986424,-0.041627496,-0.10822062,0.07484536,0.30330202,0.24623154,-0.41620383,-0.42888045,-0.3149093
914,0.13276142,0.027938843,0.14636162,-0.55546206,-0.22594082,-0.47481704,-0.4561796,1.1267828,-0.6758714,0.05599439,0.082068086,-0.2607034,-0.276529,-0.76669323,0.2240603,-0.46881917,0.37286103,1.0068804,-0.612377,0.81987345,-0.13530011,-0.22631724,-0.46243146,-0.18755776,0.31539467,0.35777998,0.39990586,-0.40635103,0.41052318,0.28846413,0.04347402,1.012313,0.26751274,0.30311847,-0.04619831,0.8759707
915,0.20168686,1.6299293,0.7869174,-0.44798124,-0.56935716,-0.26025012,0.6860925,0.18665537,-0.008372933,0.18709642,-0.021341681,-0.30366796,-0.11591923,-0.37677234,0.38806176,-0.21484286,0.09769809,0.2499386,0.12281114,0.30610585,-0.17805609,-0.32602328,0.032892734,-0.59308773,0.05241555,0.15319699,-0.5981703,-0.4375782,0.24390753,-0.39420083,0.04328978,0.3671795,0.38650477,-0.4628864,-0.00014972687,0.21439528
916,-0.09246005,-0.2981306,0.08382356,-0.0357289,0.050601825,-0.09971678,-0.25121415,-0.113446906,-0.54477483,0.32219398,0.1875411,-0.07829857,0.43109667,0.09018747,0.19913319,-0.09220007,0.21891455,-0.21471794,-0.019473553,0.23384309,0.6756745,0.31090337,-0.31154937,-0.7212831,-0.16049033,0.16345939,0.036224887,-0.40705985,-0.08671045,-0.62825227,-0.13268939,-0.67169,-0.45079204,-0.45121676,0.37734777,-0.03142912
917,-0.03823465,-0.19466531,-0.5150676,-0.09288263,0.33296484,0.2474253,-0.14484054,-0.20336415,-0.5097538,0.07497895,-0.020761907,-0.21226656,0.003958583,0.39519104,-0.51659864,0.0040673018,-0.44351304,-0.55885303,-0.26959026,0.0008036494,-0.0067022443,0.0535943,0.03561032,-0.37792754,0.04573502,0.47176182,0.6190136,0.30457714,0.029121578,0.7006127,0.38272125,1.4299846,2.1469126,-0.24977264,0.6680982,-0.527758
918,-0.7435926,0.2106373,-0.077602565,-0.31577158,-0.06987643,-0.036921635,-0.7162514,-0.41766173,-0.42974508,-0.59769714,-0.21110457,-0.7182796,-0.46583927,-0.7143646,-0.4572664,0.52763355,0.13756123,0.23098019,-0.6410398,-0.045940995,0.085624754,0.31362757,0.35410702,-0.3291814,0.033532023,-0.24386781,-0.15231146,-0.23555937,0.09380901,-1.2229422,-0.18881653,-0.6309998,-0.60480875,-0.32301557,-0.32821417,0.38633403
919,-0.48967952,-0.50340813,-0.33540797,-0.43344104,0.05154065,-0.24685514,-0.36524725,-0.37948227,-0.54220915,-0.15685442,-0.24376589,0.030562043,-0.3359731,-0.50953496,-0.28455412,0.073345006,0.07218628,0.30223495,0.22823936,0.13004419,0.32606947,-0.08118674,0.44447795,-0.11701986,-0.016045451,0.55014867,1.6143407,0.34041017,0.32242334,-0.051864386,-0.40635377,0.10405576,-0.5930231,1.0200553,0.26204556,0.14309633
920,3.6295865,4.16852,3.7218602,-0.012213707,0.073227316,-0.38965774,2.259342,2.2609744,1.6873169,0.08405721,-0.06503844,-0.08782944,1.6250196,1.0804346,1.1832725,-0.22921023,0.06885147,0.0513874,0.09873003,0.17041737,0.09533298,-0.0145744085,-0.17429054,0.120411724,0.10289064,-0.24156518,-0.040126503,0.43522048,0.29625258,0.6070025,0.43179324,0.8385699,0.79934,0.33404994,-0.21205735,-0.1961321
921,-0.12363738,-0.40703923,-0.7006172,-0.5733961,-0.40334332,0.27736104,0.07008326,0.6314995,0.15348113,2.3671665,1.9003711,0.37320045,1.0372297,0.8736296,0.16310754,0.38203347,0.27573514,0.14330828,0.5338001,0.3980128,-0.35305342,0.35593072,0.12251288,-0.49487984,0.09019172,-0.54982316,0.6133922,0.07651721,-0.190662,0.18596315,-0.34729022,0.32931697,0.607612,-0.19522047,-0.91315013,-0.53021795
922,0.37994587,-0.2034606,-0.16269124,0.089019336,0.22803733,-0.43325838,0.067022994,-0.24957567,0.2305689,0.14741988,-0.17048763,0.034003586,-0.23848726,-0.21655089,-0.036973685,0.15682738,1.0519365,0.28932828,0.10771999,0.14175877,-0.111377046,0.8889805,0.05964282,0.8611445,0.635039,-0.15420325,3.1389875,1.0230082,0.070234895,-0.13763164,0.443473,0.26981974,-0.3165035,0.0025942922,0.076096654,0.14788586
923,-0.26922107,0.024105199,0.14251754,0.5579904,1.0285175,1.2632669,0.19938308,0.7063651,2.5833986,0.1376673,-0.20117941,0.22094956,0.2375797,-0.09430069,-0.08374286,0.14619762,-0.036080062,-0.25922656,0.005308032,0.04660687,-0.13939819,-0.022537649,-0.30943775,-0.5908769,0.14883614,-0.6618332,-0.4533346,-0.34738278,1.0287848,0.101218276,0.21306776,0.7653963,0.21502298,-0.14859557,0.06260735,-0.37289804
924,0.59600383,1.260525,1.7988032,-0.36805248,-0.030793488,-0.12218015,0.5035016,0.5464679,1.2140645,0.2951026,-0.09955037,-0.4763466,0.6762699,0.62589777,0.789949,-0.29753625,0.17247236,1.0031404,0.156044,0.28194097,-0.3067295,-0.13036136,0.15199012,-0.45276073,-0.21393104,-0.23788929,-0.60172844,0.07089028,0.13474625,0.0103973895,-0.32702506,-0.1077958,0.5714761,0.41930416,-0.23914531,0.10761371
925,0.19255531,-0.5354931,-0.85305166,0.02389574,-0.12733531,0.1489529,0.18329334,0.025178075,-0.31256366,-0.2944085,-7.145107e-05,-0.21977922,-0.27870893,-0.1876216,-0.20474207,-0.071053386,0.051735282,-0.08520478,0.11568463,0.6355427,-0.4817459,0.019931003,0.089416385,0.8515632,1.7244803,1.8235577,1.8135562,0.18806738,0.59746957,0.693895,1.3297012,0.9574869,1.5906188,0.006550789,0.10287723,-0.6448648
926,0.29379928,0.61549956,-0.23046625,1.7272385,1.9092495,2.6741333,2.051527,3.1875618,2.9450057,-0.09075427,-0.15057176,-0.24496356,-0.050392628,-0.07485908,-0.04354897,-0.48450118,-0.1724135,0.0017309487,0.17037731,0.009215683,0.07416746,-0.051795304,-0.124480784,-0.21550573,0.8610971,1.3895326,3.0550296,2.1423523,0.7156492,0.6985086,3.1648211,3.2655091,2.8466792,-0.101328135,-0.05608529,-0.5646543
927,0.03182757,-0.29561007,-0.3483258,-0.096226454,0.20121413,-0.055157542,-0.23223746,-0.1800502,-0.16231903,-0.07682985,-0.34695548,0.1534943,0.14389014,0.16080421,-0.013569415,1.7830801,-0.046152353,0.47168148,-0.21639934,0.26128983,0.10067004,1.3524083,1.4174163,1.1055701,3.4297235,2.7730763,2.5974278,2.3002326,0.93469876,1.3001175,4.090938,3.0879357,3.47831,-0.048474133,-0.29040307,-0.4349717
928,-0.47727913,-0.0014560223,-0.23133445,-0.41386336,-0.22001994,-0.10665807,-0.096687794,0.13312906,-0.30606157,-0.27770376,-0.34575927,-0.18213803,-0.09630522,0.23433146,-0.10141786,-0.14803267,-0.35928702,0.13689163,0.1613603,-0.616627,0.05366361,-0.16262867,-0.44516784,-0.32063293,-0.7717773,-0.54256403,-0.5690024,0.3499461,0.0005631149,-0.024199847,-0.79953307,-0.6661471,-0.702362,0.41738045,0.45982066,-0.11234158
929,-0.30326992,-0.4656216,0.018182188,0.62782586,0.43609357,-0.026898474,0.23174763,0.6680007,0.62301165,-0.03885126,-0.27015024,0.012953162,-0.32322937,0.08846414,0.016526282,-0.0047450066,-0.1614812,-0.13500786,-0.14947796,-0.13797225,0.0026674867,0.0075383186,-0.30735978,-0.32797715,-0.05247152,-0.32888043,-0.37945616,2.0339708,2.115881,1.9246479,0.25105453,0.8171428,0.88506174,0.18456638,-0.18448663,-0.30188474
930,-0.06319031,-0.50211185,-0.093135305,-0.43536687,-0.7354437,-0.42574552,-0.18367353,0.06357384,0.1333909,-0.2816073,-0.2639741,-0.045580447,-0.47096387,-0.21625549,-0.33473298,0.05697429,-0.01729323,0.2158417,-0.16388547,0.3343052,0.20601745,0.55820966,-0.026203692,0.21680236,-0.18091244,-0.0607208,0.2875043,0.34653997,0.21920833,1.4145491,1.202856,0.8938778,1.8259537,-0.25816026,0.011653841,-0.51677376
931,0.2108013,0.51976585,0.001881659,-0.5629478,0.3919194,0.60188794,-0.039555162,-0.06896037,-0.16688597,0.2785725,0.17247656,0.05395204,0.47845674,0.021649122,0.3361538,0.19355357,-0.20460322,0.20874688,0.32109833,1.1564133,0.32661822,0.3409084,0.38583657,-0.5968298,0.029203057,0.4735876,0.09044373,-0.22574115,-0.6947941,-0.11641125,-0.47452286,0.1667567,0.0680853,0.42045796,-0.19867957,-0.18377686
932,0.11069548,0.078472316,-0.91638625,0.7689886,-0.0690487,0.71693784,0.41272005,0.7078017,0.877905,-0.16274399,0.2686515,-0.20019135,-0.2550472,-0.08708447,0.009895742,-0.16643813,0.37256032,-0.044188976,0.79841745,0.48881465,-0.014975943,0.4429214,0.26528585,0.12482178,2.7872756,1.4215752,2.376832,1.9153254,-0.09658014,0.40826023,2.7258286,5.316581,2.5634215,-0.56515133,0.05057609,-0.2924444
933,0.056474984,0.056866944,0.06413245,0.11841297,0.04963237,0.3555751,-0.09013212,-0.22749256,0.36047003,-0.1565677,-0.47368628,0.21046925,-0.22421145,0.049383864,-0.13361013,-0.23381972,0.2405464,0.3460612,0.038634658,-0.029500216,0.17974126,-0.11033839,0.2337093,-0.24146259,-0.3415497,-0.5888966,-0.07201469,-0.48162264,-0.24891281,-0.15437847,0.022983223,-0.2307998,0.3874662,-0.09067309,-0.4446879,-0.18210852
934,-0.33650422,-0.10115206,0.023694277,-0.13332057,0.053759336,-0.30016732,-0.2132771,0.15341063,-0.21556047,-0.6293379,-0.11795288,-0.18396536,-0.32298896,-0.19611779,0.25122678,0.099806964,-0.46837556,-0.090886205,0.56548786,0.098199904,-0.028760731,0.2840842,-0.015562773,-0.65204316,-0.44877028,-0.45948702,-0.5600735,-0.0369173,0.21443206,0.3233819,-0.6445927,-0.07892597,-0.3530836,-0.07390249,-0.17351842,-0.14944845
935,0.11786866,-0.09241006,-0.113336496,-0.54436177,-0.95096457,-0.23224248,-0.18805766,-0.31779283,-0.6255027,-0.28671086,-0.22168921,-0.16466358,-0.109095216,-0.5810472,-0.10786271,0.055161595,0.12633112,0.29137796,0.28767884,0.01144734,-0.23346291,0.19902492,-0.08102709,0.75051516,1.0076375,1.1108025,2.3390577,0.28100276,-0.301432,0.16037542,0.6968231,1.0419884,0.6931808,-0.68374914,0.3143382,-0.4357684
936,-0.49084732,-0.38756856,-1.0683078,0.08455074,0.13822436,0.67612696,-0.14188594,-0.049015522,0.2521978,-0.1071223,-0.28292382,0.48740956,-0.13421363,-0.11427274,-0.19427234,-0.017724633,-0.40533417,-0.47799435,0.13065517,0.4440428,0.2775697,0.21148807,-0.3701008,-0.5956621,-0.34963995,-0.47546366,-0.676427,-0.3600983,-0.30707833,-0.29398918,-0.2684998,-0.24934751,-0.016420603,-0.050409973,0.19849361,-0.48117208
937,0.5536814,-0.19015862,0.52980506,-0.20552409,-0.9529583,-0.4382056,0.26372886,-0.037240982,0.12940666,-0.3609836,-0.2470662,-0.33410084,0.6693474,-0.66110086,0.36437103,0.12549095,0.12344714,0.65294397,-0.646873,0.088382214,-0.07383847,-0.062036186,-0.07258407,-0.07628459,-0.43574777,0.86901027,-0.5158951,0.25046608,0.3197382,-0.074023664,-0.11196479,0.064932406,-0.49882334,0.0491153,0.24623843,-0.15506238
938,-0.026849747,0.030589819,0.08271673,-0.1755265,-0.028332353,-0.3022267,-0.3374822,0.14545822,-0.045008183,-0.59681094,-0.29753423,-0.2562567,-0.28721535,-0.13587022,-0.24162072,0.27739725,0.059035897,-0.19626293,0.015669703,0.17243174,0.08896279,-0.0025582612,-0.044245392,-0.23742718,-0.20648728,-0.18845445,0.058904767,-0.12017965,0.0975149,-0.27758723,-0.35135826,-0.36416042,-0.2691303,0.0817191,0.25915536,0.027624786
939,2.9300227,3.94112,3.1495996,-0.573561,-0.06744373,-0.45463294,0.59190035,2.0449903,2.4544828,-0.18598294,-0.4902077,-0.329924,1.3764085,1.6985031,2.2820227,-0.23668146,0.020003319,-0.0486819,0.25158298,0.7012978,0.07849079,-0.15447702,-0.3128143,-0.11848968,-0.6232733,-0.29948747,-0.4183909,-0.15673712,-0.32087868,0.028540313,0.23754886,0.003494382,0.06567195,0.31270045,-0.1528849,-0.39542198
940,0.01999148,-0.020177621,-0.037356466,-0.017132819,0.3155411,-0.31519148,-0.3776469,-0.24010818,-0.116662085,-0.5726216,-0.03992133,0.09505373,-0.3460173,-0.18719882,-0.20490354,-0.15173925,-0.48525771,-0.34947747,-0.042192936,-0.27129793,-0.27176335,0.24604598,-0.20037183,0.76563334,-0.18293184,0.16949368,-0.01545015,-0.15591367,0.21199766,-0.040629745,-0.48527294,-0.5039727,-0.31029093,1.2314959,0.7058269,0.59733856
941,-0.11107156,-0.26060134,0.04716766,0.016393676,-0.20825958,-0.047947645,-0.28354937,0.21878241,0.23910281,-0.32513177,-0.14783847,-0.2586512,0.18992971,-0.05294764,-0.1366008,0.14684811,-0.07151848,-0.16931325,-0.9516001,-0.24118677,0.09547293,0.48646253,0.0377187,-0.024617374,-0.29673642,-0.6236903,-0.41605183,1.3822005,1.6628869,0.92801785,0.012563586,-0.14106643,-0.27692077,-0.06910525,-0.10182202,-0.46655816
942,0.15988222,0.19472738,0.49721706,-0.08647472,0.05041507,-0.2885085,0.024749339,0.010941267,0.04874575,0.27753842,-0.1533351,0.13834429,0.15230453,0.09432587,0.18074991,-0.004198551,-0.10325736,-0.11496544,-0.006971121,0.047667503,-0.09098554,-0.35106087,-0.06553608,-0.25846875,-0.121614516,-0.08531615,-0.09568197,0.5687707,0.62831295,0.56974626,-0.2756691,-0.29720223,0.104946494,0.19236386,0.018031284,-0.05432569
943,-0.26781744,0.00934574,0.38480452,3.3995683,2.4710574,0.74180156,2.157846,1.7813197,0.93935627,-0.5201975,-0.49842894,-0.44600374,-0.52471113,-0.055645883,-0.23430961,-0.2318371,-0.43538842,-0.35422835,0.18041778,0.13989097,0.0825237,0.18607444,0.5015876,0.04047823,-0.66632617,-0.5306064,-0.36120254,0.5718765,1.6056113,2.053835,-0.0030136108,0.4917968,1.1341882,-0.30992132,0.13196582,0.25760114
944,0.5053856,-0.14306888,-0.27125674,-0.032272935,0.090513796,0.46418232,0.17104095,-0.25077403,-0.7055573,-0.12134075,-0.2540807,-0.33274916,-0.24396527,0.2109646,-0.05282098,-0.032446533,-0.10742122,-0.30406493,0.08029485,-0.031146288,-0.14749223,0.08806385,-0.031471074,-0.3327421,-0.20020086,-0.33605218,0.022531867,-0.075951934,0.016324311,0.45607537,-0.4350137,0.038265586,0.31573302,0.32907262,0.29825112,-0.04936692
945,0.9149749,0.08678726,0.17817184,-0.5887324,-0.2554881,-0.13284832,0.11841017,0.24659812,-0.027547387,2.436976,2.6693854,1.760921,0.5292389,1.0319654,0.35147583,0.37057447,0.24939783,0.31548086,0.8201918,0.24800763,0.010301292,0.13541794,0.3802882,0.2585828,0.3678738,0.08208966,0.37771246,2.0753067,0.3253054,0.47877344,0.7306278,0.28271663,0.404016,-0.2978918,0.20033216,-0.3163997
946,1.3085302,2.3329506,0.9649838,0.06773621,0.37000555,0.33280432,1.9671357,5.6772676,1.9121201,0.20092398,-0.33095017,0.032228097,-0.34354174,0.067711025,-0.12130961,0.17171904,-0.37959677,-0.2785467,-0.099642515,0.16279304,-0.01627317,-0.533718,-0.08588669,-0.0056241304,-0.058080852,-0.35244998,-0.22222656,-0.0057479143,0.6143817,0.16671982,0.45639694,0.44971925,1.0107936,0.014778301,0.0695322,-0.13726895
947,0.33051705,0.31516603,-0.0015224814,-0.54606986,-0.040904857,-0.63033104,-0.10632682,0.31572968,-0.698004,0.2469216,-0.13406795,-0.36732855,-0.25983578,-0.25339797,-0.3428855,0.06948261,-0.08670061,-0.24157058,0.28886986,0.36888045,0.21686034,-0.2510828,-0.40584219,-0.12273142,0.26178887,0.10080923,-0.31081665,-0.009881109,-0.40686977,-0.13448538,-0.28202462,0.5550705,0.400952,-0.034254834,0.1164701,0.18525018
948,-0.26916778,-0.15901437,-0.20928654,-0.4236874,-0.121270865,-0.018666044,-0.17558384,-0.2782892,-0.3149441,-0.5578784,0.23867857,-0.10873707,-0.14405489,-0.36391953,-0.322798,-0.13641357,0.04270176,0.60785335,-0.17534065,0.34431034,-0.26921904,0.9675138,0.10527312,-0.3611682,0.33550325,-0.2446323,0.40876156,0.0584334,0.21779138,0.47010338,1.0923138,1.3282263,1.2214457,0.21360403,-0.5782486,-0.96090823
949,-0.7307427,0.25002748,-0.10186499,-0.68512094,0.09828399,-0.32768765,-0.1727843,0.14207971,0.39938462,-1.3262457,-0.11709833,-0.022120982,-0.028508633,-0.3173263,-0.089802116,-0.219311,0.18044823,0.13040867,-0.8874974,-0.11372362,0.10896778,0.093339235,0.14885545,0.6356081,0.47759497,-0.21436545,-0.04178524,-0.26000604,-0.1849803,-0.10857648,-0.052146196,0.16400218,0.04202175,-0.15158224,-0.022256747,-0.11585225
950,0.11853681,-0.35040665,-0.58753645,0.07121977,0.04650107,-0.16654775,-0.14531094,-0.3033284,-0.36693096,0.33003342,0.21633813,0.36601248,-0.026798576,-0.2438874,0.017341077,0.026839554,0.1091942,0.009130359,-1.850286,-0.22014508,0.045965552,0.82495403,0.62396836,0.30231553,0.64329076,-0.0072137713,1.9489694,0.6858646,0.37880355,0.42452002,1.2283478,1.2629228,2.7492673,-0.033955056,0.27500668,0.30197334
951,-0.471406,-0.19395721,-0.016962647,0.09709674,-0.027186275,-0.5497916,-0.2791794,-0.14780855,-0.3424886,-0.024690986,-0.9268203,-0.7731086,-0.14545453,-0.358934,-0.71385914,-0.3376714,0.19693033,-0.18167977,-0.084679484,0.51067,0.060883217,0.03966061,-0.36520904,-0.39599946,-0.20664577,-0.15024251,-0.6295774,-0.22792614,-0.3255628,0.1898723,-0.2692866,-0.5201027,-0.086387396,-0.025979966,0.22035731,-0.33604982
952,-0.5771214,-0.039002094,0.045374572,-0.6962227,-0.10822943,-0.19311619,-0.8291245,-0.84226024,-0.89887506,2.8346238,4.6079016,2.619852,0.9213432,0.4258126,0.4189698,-0.091677874,-0.23707785,0.20569474,0.27242225,-0.06364404,-0.55490214,0.26490593,0.015183934,-0.4317477,-0.27010894,-0.51602584,-0.7351501,1.1295159,0.09479779,0.30747125,-0.23844755,0.0007582903,0.1870929,-0.16049892,0.09051871,-0.100838065
953,-0.13644595,-0.29162574,-0.3235258,-0.03504485,-0.5140643,-0.05824554,-0.20153213,0.04822889,-0.40697443,-0.4645239,-0.44593397,-0.08626342,-0.3152286,-0.01958716,-0.006203413,0.018238783,1.4171762,0.6696365,0.07851359,0.040208936,0.10084462,2.6196609,1.2749875,1.093935,1.5846479,1.9749285,0.7334312,0.51428306,-0.41616565,0.13316983,0.4171371,0.20952755,0.31211412,0.18650973,1.4106457,1.7452896
954,0.36045402,0.07360575,-0.6729908,-0.16731165,0.5652486,-0.552239,0.07139999,-0.06712696,-0.09415761,2.4011474,-0.35306472,-0.047129363,-0.28419763,-0.44508696,0.36563104,0.2650627,0.05871965,-0.18016711,0.24228483,0.028884038,0.114167094,-0.2550992,-0.023305822,-0.33600816,0.10712257,-0.38972652,-0.0063420236,-0.17016852,0.5015901,2.3551502,-0.19530948,-0.053385943,-0.20065361,-0.037621975,-0.06684646,0.02497518
955,0.12576306,0.3485237,0.14126325,-0.37938964,-0.031498462,-0.40038437,-0.24695027,-0.06938579,-0.4256695,-0.15401912,-0.34141642,0.16379213,-0.16348189,-0.17112118,0.12496855,-0.107960284,0.21651134,-0.1483646,-0.07238686,0.35802966,-0.1883282,0.08386406,-0.13808537,-0.46902078,-0.49755782,-0.37136057,-0.70360065,-0.58439964,-0.20425683,-0.64934325,-0.19806156,-0.14479521,-0.53950167,-0.1637167,-0.82050997,-0.5698525
956,-0.26179695,-0.35425454,-0.13016713,0.042370677,-0.14117575,-0.2490598,-0.3527776,-0.104970574,0.032115877,-1.2367388,0.10839206,0.027347058,-0.34371057,-0.4726245,0.19521594,0.0542961,-0.18417034,-0.104759395,0.81743956,-0.5291769,-0.21344876,-0.55501753,-0.073933356,-0.18667826,3.600142,3.2625544,2.8781044,0.0016834736,-0.27726454,-0.20976663,1.0267928,0.27973488,0.17588416,-0.30550763,0.013078898,-0.33607033
957,0.12888217,-0.49399894,-0.5512873,0.4787253,0.8324523,1.0639219,-0.25014398,0.19758533,0.079576194,-0.22061384,-0.34300974,-0.022257417,-0.40035692,-0.46949244,-0.1662063,0.047920555,0.035516635,0.13759138,-1.1771331,-0.07224859,-0.061323136,0.6277748,0.4311225,-0.1357514,0.29603246,0.31414598,-0.22281218,-0.1621081,0.6798083,-0.36750847,-0.18468721,-0.45511478,-0.6193791,0.30198994,0.24066086,0.25505883
958,0.038053572,0.036711037,-0.2116445,0.36853158,1.7523042,2.2987678,0.7988961,0.14730981,0.22367078,-0.22283709,-0.14923024,-0.006023377,0.06658727,-0.09169656,-0.112709805,-0.34710878,0.11920136,-0.2672622,-0.16322798,0.20033911,0.18366179,-0.1703473,-0.089172855,0.053143397,2.1649523,1.4483824,3.2678125,2.571002,0.3646772,0.48778576,4.1863275,5.756753,5.3019066,0.16495097,0.25616252,-0.14513433
959,-0.35153332,-0.59505296,-0.050584733,-0.19918114,0.37551177,0.09040184,-0.5087793,0.044839382,-0.28374767,0.25917578,0.5230399,-0.116256416,-0.07998051,-0.29810265,-0.08751881,-0.20362297,0.19401017,0.42856222,0.29942864,-0.36181712,0.042685434,0.48645177,-0.032865644,0.9565458,0.4289787,-0.010974824,0.61967963,0.48613724,1.1350101,0.46066087,0.6080392,0.7052982,1.772723,0.60781515,-0.1418292,0.38949576
960,-0.54436755,-0.1708045,0.89042825,0.08796656,0.88007635,0.32957578,0.53940845,0.5293143,0.0737724,-0.53259563,0.12824447,0.5389544,0.20244008,-0.3477186,-0.48967737,-0.25970727,-0.10833979,-0.65961087,-0.27363363,0.75191814,-0.19643618,-0.275685,0.41882735,0.18245637,0.20513162,-0.84628797,-0.5048933,-0.2530414,-0.34704834,-0.39847955,-0.00937587,-0.07581854,-0.5020697,-0.075995386,-0.23425825,0.1518184
961,4.655203,5.046367,4.3962955,-0.19691288,0.009494096,0.05210953,1.8151958,2.525492,2.9496412,-0.16335166,-0.29354775,-0.17750126,0.50114,0.5777836,0.72466534,0.002894193,-0.011561334,-0.030749649,-0.27346617,0.031940043,0.10420041,-0.018875778,0.42166564,0.2102157,0.066661656,0.066010445,0.2411469,0.30264577,-0.028684527,0.57704043,0.2642346,0.7451734,0.6633464,-0.15384898,-0.5166651,0.19984242
962,-0.051045723,-0.62666416,-0.096965335,-0.2862467,0.2980321,-0.09045514,0.1283761,-0.13927817,-0.2606973,3.0739875,4.8248253,0.2941201,-0.16162957,0.18346143,0.2228334,-0.1859419,-0.15217635,-0.19904312,-0.3390547,0.0042372644,0.27444106,-0.015267261,-0.31968272,-0.0116801085,-0.53757197,-0.3429227,-0.44851714,-0.21540655,0.29748183,0.26376256,-0.011322543,-0.090479285,-0.38163593,-0.3354144,-0.2888919,0.20585799
963,-0.07605952,-0.32010046,-0.56054795,-0.041166574,-0.38976192,-0.018241137,-0.14120087,-0.115291566,-0.6401664,0.013596281,-0.3103473,-0.13390648,-0.14876634,-0.08309874,-0.074442565,-0.19478917,0.4748255,0.33050823,0.20861551,0.11851376,-0.023954272,0.5620332,0.19876009,0.26520568,1.018404,1.1971679,1.3765298,0.8538196,-0.256936,0.17318565,3.4009113,3.3876524,1.7543209,-0.11648083,0.018921137,-0.090889335
964,-0.23270169,-0.6451261,-0.22129637,-0.27382585,-0.1534213,0.25060976,-0.054961063,-0.08199233,-0.23863028,0.56756914,0.1339332,0.1899665,0.095964745,0.55977404,-0.104530156,-0.36885,-0.09658232,-0.07881749,0.47403735,0.4585973,0.002993822,0.29396927,-0.30664235,0.03153813,-0.11064223,-0.4975629,0.20516133,0.17810158,-0.11799744,-0.15463346,-0.665367,-0.20569345,-0.07588601,0.60809785,-0.15390736,0.4141359
965,0.806613,3.1163764,1.709529,-0.23352057,-0.11992407,-0.22809125,1.3976219,1.5503898,1.0425843,0.12812221,0.14922297,-0.27167568,0.32942814,0.30517852,0.67927384,-0.1160284,1.3597215,0.99358976,-0.23527753,0.3734009,-0.14855492,0.60931337,2.613172,1.0963304,2.697751,3.0113792,2.5695853,-0.06574094,-0.68022,-0.07485822,0.4546955,-0.10138282,0.2365003,-0.34788546,-0.37821686,0.128783
966,0.29054576,-0.1391552,-0.32317606,-0.11230111,-0.05837673,0.221724,0.050497472,-0.09731783,-0.054681327,0.14994869,-0.061844785,0.109067336,-0.32970244,-0.5136842,-0.2764112,-0.50130135,-0.26576778,-0.4705358,-0.4721719,0.26740158,0.121941,-0.06058702,-0.6539357,-0.3119661,-0.11462483,0.14695022,0.3754407,-0.19556178,-0.39459544,-0.52354306,1.6039203,0.12153548,-0.43385202,-0.41432878,-0.052061588,-0.59266293
967,0.15225917,-0.23148687,0.04983902,-0.6877407,-0.51939905,-0.13542736,-0.07116681,-0.009833768,0.007927299,2.0078766,1.336391,0.6136919,1.337485,0.018265754,0.17142212,1.1607292,0.42163253,-0.060151935,0.6391089,-0.43601978,0.15188229,0.5871695,1.482317,0.5576138,0.69556606,0.7772306,-0.033311725,0.18762606,-0.10819623,-0.090615034,0.32447737,0.34651384,0.13936698,0.24629399,0.38450485,0.517271
968,0.43319643,0.271529,-0.37771475,1.419878,1.4620696,1.4152086,1.6273961,1.128117,2.008926,-0.021159291,0.056776404,-0.02682808,-0.06343919,0.06979194,-0.12980872,-0.56325203,0.06698331,0.11160061,-0.03609723,-0.20194608,-0.09843591,0.4261946,-0.17990792,0.15825604,1.2771817,2.5072834,2.3956459,0.07176459,-0.17094451,-0.18896183,3.7342553,2.62348,4.121478,-0.18062802,-0.23053403,0.09679827
969,-0.039040565,0.2812617,-0.38856238,-0.83559346,-0.36019173,-0.19584143,-0.7787747,-0.04454425,-0.14302528,-0.4211203,-0.39308926,-0.1516918,-0.44443226,-0.2003105,-0.2850963,-0.118521646,-0.17700097,-0.12251207,0.6621095,0.15017302,-0.028306305,0.02192831,-0.32675052,0.07385722,-0.3552591,-0.34636047,-0.22786283,-0.36125922,-0.38584828,0.3906638,-0.23933968,-0.29356906,-0.108373046,0.06534655,-0.4254781,-0.1406033
970,0.3542549,0.22533908,-0.012038156,-0.6220237,-0.07989929,0.19778726,-0.38492793,-0.40355614,-0.09146163,-0.032726943,0.557546,0.17031194,0.07811633,-0.07763496,-0.07135153,0.17324185,-0.45771,0.08686775,-1.7831367,-0.269929,-0.112486705,0.0064841807,-0.23585574,-0.104329675,0.17696889,-0.026525471,-0.14792956,0.07510781,-0.7655671,-0.17595941,0.3464008,0.41976812,0.27274442,0.12292636,-0.8766908,0.07559815
971,-0.09080005,-0.11516738,-0.054331183,-0.13839561,-0.40209627,0.4541804,-0.5450742,0.13223928,-0.34973234,-0.15288174,-0.09330928,0.0070490837,0.52438426,-0.24405652,-0.05334258,-0.10935867,-0.20129153,0.035132885,-0.40579867,0.24104184,0.23489553,0.17551076,-0.09246859,-0.19508862,-0.1316837,-0.1739173,-0.38322985,0.042451918,-0.277356,-0.24008656,-0.2684111,0.15762985,-0.042321503,0.1726036,0.616613,-0.088623226
972,-0.2457305,0.2425634,-0.2896204,-0.0730772,-0.53710645,-0.80788386,-0.12817639,-0.08057885,-0.13954198,-0.11274749,0.0268614,0.1362099,-0.15694275,-0.304731,-0.25009167,0.09543255,0.2568502,0.28063706,0.34217814,-0.32127115,-0.54494846,-0.47078425,-0.059235312,-0.495253,-0.26883644,-0.3005414,-0.37106442,-0.24576688,-0.085720584,0.25294155,-0.08562714,0.38773054,-0.22006238,-0.07236603,-0.3477944,0.23509157
973,0.26231706,0.2674913,0.009713143,-0.14017355,-0.41304523,-0.27611968,0.12882584,0.11526239,0.2225864,-0.15850234,0.056705773,-0.55297565,-0.21221507,-0.30463642,-0.30177587,-0.18797374,0.14370862,-0.84905124,0.47638768,-0.27817452,0.07936168,-0.7174898,-0.07278901,0.5130813,-0.04272926,-0.3635543,-0.19534701,0.6726438,0.4091515,0.35911268,0.3585968,-0.32097283,-0.40518206,0.21150215,0.040688295,0.13415825
974,0.82007337,0.7366688,0.37137902,-0.113749444,-0.36649585,-0.1591048,-0.13422102,0.0029008389,-0.33835173,-0.20552659,-0.12122953,-0.24565482,-0.23718321,-0.050492823,0.11378515,0.36602366,0.23869902,0.063697964,0.08937019,-0.6809848,-0.13482231,-0.04431945,-0.14000222,0.40383723,-0.04960215,-0.31676865,-0.11522937,0.049406946,0.47674584,0.46229362,0.594077,0.65797454,0.94425774,0.18189502,-0.14746162,0.09174896
975,-0.48523957,-0.22180796,-0.118670344,-0.038770497,-0.3357578,-0.3351472,-0.69326884,-0.17735589,-0.2460926,2.6700373,1.883113,1.4178638,1.4565444,1.2186426,0.7355869,0.025212646,0.8048969,0.70488703,-0.12995794,-0.28052074,0.039893568,0.45224607,0.4329479,0.4672854,0.22922102,-0.15429167,0.40817165,-1.4888668,-0.06167778,-0.057947665,0.35912874,0.19246161,0.15553862,-0.16742732,0.103096545,-0.094849706
976,-0.32647875,-0.29427978,-0.24101807,-0.13066709,-0.058340788,-0.364192,-0.13693774,-0.08208212,-0.16532212,-0.29414266,-0.5324074,0.039565682,-0.030474305,-0.35059035,-0.20765519,0.3030684,-0.20458347,-0.21614158,1.5093306,0.69434905,0.053987622,-0.33333904,-0.29388857,-0.21309984,-0.22227255,-0.09691107,-0.3004036,1.0255855,0.65642685,-0.13122082,0.1401949,1.4341099,0.06533849,0.17097953,-0.29562134,0.0061113834
977,-0.04588765,-0.03219816,-0.107233614,-0.09826434,-0.4623043,0.43620968,0.013689756,-0.40825057,-0.2574218,0.666856,0.77291286,2.0058277,0.048387885,0.20870872,0.28818965,0.18853024,0.1877332,0.42388958,0.008680224,0.60254157,0.09062025,0.22001177,0.685784,1.3145758,-0.045051336,0.2985752,0.98552763,-0.21933103,0.3153948,0.2037858,0.3565833,1.9229244,1.3684404,0.10772413,0.28632703,0.87383586
978,-0.059782445,0.044736437,0.10569221,0.09622544,0.1162191,0.15009528,0.0798645,0.08441165,0.15051556,-0.027333617,-0.20745966,-0.25425047,-0.059785128,-0.06441599,-0.4007995,-0.1424452,-0.12773848,0.046939015,-0.016180277,0.119262576,0.14256585,-0.12414497,-0.010656238,-0.09617138,-0.13663,0.03868839,0.26848555,0.014281154,0.0747468,0.17171466,-0.14174223,0.049054503,-0.16569453,0.11555576,-0.19653179,-0.120358825
979,-0.16246217,-0.13733447,-0.6105821,1.4318355,1.2974715,0.7872294,2.7729735,0.43020704,2.4629693,0.4126017,0.2791062,-0.21205777,0.07778308,0.008596167,-0.75300723,-0.46383238,-0.72273165,-0.34195566,0.003539145,0.14132032,-0.07745445,0.10315749,-0.29473868,-0.26520932,0.9324739,-0.0891293,0.11064914,-0.09885061,0.32690787,-0.28310424,2.529474,2.3886335,2.4485943,0.05005777,0.80518883,-0.35926482
980,0.21327078,-0.6358692,-0.15031366,-0.011729598,0.24190979,0.11114064,0.17989725,-0.1638375,-0.06359306,0.044588685,-0.20842803,0.51801527,0.09664202,-0.60004103,-0.1113171,0.12951177,0.25238276,0.5068403,-0.047177672,-0.0362353,0.63775873,-0.107843965,0.18929452,0.29736012,-0.091435134,0.30434898,-0.057857275,-0.010943294,0.96713406,0.4636712,0.26564807,0.12068197,-0.3065449,0.0068409443,-0.08642727,-0.06787586
981,-0.06447703,0.29822552,0.1840843,-0.009104967,0.08904986,0.12067014,0.3354751,0.48909917,0.15699512,0.036095142,-0.12080966,-0.089051664,0.06003523,0.28232294,0.19341564,0.3713686,-0.0022779405,0.04219669,0.45488906,0.09306297,-0.033702374,-0.21309268,0.24479645,0.13727862,-0.034796774,0.26607063,0.18384314,0.44594246,-0.085464716,0.13542676,-0.52152205,-0.51703274,0.13983253,0.3917067,-0.06766868,-0.032908916
982,0.4775511,0.0004911423,-0.1108098,1.5273181,0.85750395,0.72505295,2.0125282,2.0899396,1.4036876,0.84600055,0.18796445,-0.0479995,0.13005441,0.031190664,0.045827508,0.112083614,-0.08357224,0.21217605,0.07948768,0.42081764,0.046371818,1.0138203,1.0299212,0.40015697,2.929474,3.122469,2.4102168,0.41606736,0.34228116,0.1710974,3.6457934,3.1315987,2.8229895,-0.050055683,0.44489384,0.24089777
983,2.084137,2.930619,3.1222343,0.07466483,0.15791482,0.7479963,0.91954565,1.6011189,1.7337611,-0.07092941,-0.09792745,-0.016189933,0.77056885,1.6636498,1.4921976,-0.29837316,-0.10657689,0.23152624,0.13587308,0.3050228,0.043552935,0.16705382,0.084160686,-0.18390903,0.106738895,-0.17406699,0.15343016,0.34147763,-0.1154865,0.3954044,-0.011178225,0.19995004,0.2152335,-0.10439539,-0.060926914,0.21170771
984,0.5853981,0.37800238,-0.19541901,0.21650422,0.5378306,0.0015317947,-0.15787911,0.09916353,0.20419423,0.92294145,-0.0077779144,0.45801306,0.73483354,0.17288017,-0.23825783,0.35404822,0.40310654,0.4117493,0.2661203,0.4863388,0.07949838,-0.105205454,-0.4948206,0.4461857,-0.52064687,-0.15364215,-0.48324645,-0.052186966,0.76469576,-0.20446855,-0.27182335,-0.2571701,0.05698298,0.36888716,-0.46990442,0.53232056
985,0.19987297,0.2003139,0.2951988,0.110498965,0.060158104,0.03443998,-0.09419584,-0.20807499,0.0714075,0.13669556,0.79768264,0.70814407,0.5655742,0.26311296,0.98630774,-0.096681714,-0.13315144,-0.4252293,-0.0862892,-0.25815898,-0.13422728,-0.39826548,-0.15075302,0.010519862,-0.14763096,-0.19028926,-0.32007924,-0.14704826,-0.45479006,0.26310402,0.029096127,0.33296427,-0.11709416,-0.2639573,0.51257694,0.02425605
986,-0.30071217,-0.2420775,0.046370506,-0.22123766,-0.0063883364,-0.41263974,0.05003324,-0.068021044,-0.17745149,-0.01691389,-0.13398862,-0.01414305,-0.41687223,-0.46251222,-0.03273344,-0.49322528,-0.013390303,-0.22838354,-0.3840785,0.34261596,-0.06938559,0.045021936,-0.123573616,-0.14266253,1.0754967,-0.13792899,0.16204727,0.0048439205,-0.0819245,0.014384389,-0.01841189,-0.20598543,0.04960355,0.6218692,-0.11597431,-0.06496012
987,0.54719234,0.42703247,0.3152958,-0.13315494,0.22887385,-0.11436218,-0.32682228,0.40747526,-0.115283966,3.197115,3.755848,4.3757796,3.0639174,4.0568886,3.5726845,0.031355888,-0.26714957,0.18815787,-0.09388691,-0.16028464,-0.38336283,-0.059458703,-0.16824429,-0.0066904426,0.01583761,-0.077687435,-0.3375188,-0.01904416,-0.085436285,0.25204608,0.28698567,0.17354769,0.5190054,-0.037289977,0.07899527,0.0019097924
988,-0.73057956,-0.052445278,0.42255038,-0.64470434,-0.3637034,0.30853313,-0.639685,0.17117542,-0.5313638,-0.57581747,-0.31715447,0.601942,-0.14206642,0.16705132,0.21978837,-0.076031834,0.05732093,-0.17956984,-0.012522787,0.1643542,-0.26532635,0.21581209,-0.072165206,0.23032314,-0.16047466,-0.13785672,-0.35123268,0.91711795,-0.09303668,0.1439519,-0.54349977,-0.3315614,-0.14100516,-0.10008123,0.29293525,0.4297098
989,-0.4751567,0.23100328,0.3213883,-1.0626476,-0.53656036,0.27727443,0.21095917,-0.09294307,-0.0071200132,-0.19266886,-0.0025281012,0.26576543,0.2569308,-0.11959629,-0.052601933,0.4901607,0.19164313,-0.52010155,0.66221404,-0.12223175,0.13923872,0.46884954,0.3298518,0.09861623,-0.43593124,0.28924793,0.06519103,-0.30587885,-0.23261887,-0.052237272,-0.11208075,-0.71132374,-0.15607458,0.4021191,-0.2676841,0.16555
990,-0.16560912,-0.08181667,-0.3064598,-0.11574662,-0.17729378,0.07675874,0.0020356178,-0.19475424,-0.15535575,-0.024268985,0.057279035,-0.11728442,-0.94052577,-0.39881086,-0.22508079,0.16745958,0.33856812,0.0658595,0.2162925,-0.047480777,-0.24262273,-0.28212607,0.25489864,-0.042048752,0.34362713,0.569469,0.34027052,0.29769903,0.4135338,0.07659763,0.6167054,0.7211809,1.2736616,0.4518902,-0.10267188,0.2922634
991,0.12843671,1.0545448,1.1295215,0.2545013,0.3751018,0.23909223,0.25471622,0.8160953,0.9125053,0.46342912,1.3946002,1.8908219,0.7641916,1.2527676,2.82648,0.014246106,0.5375771,1.0382075,-0.13830894,0.012934446,0.008440614,-0.009187102,-0.048457146,-0.08147948,0.23258105,-0.39425611,-0.27372003,-0.63335407,-0.17024934,-0.36658913,-0.40983593,0.052684665,-0.16558023,0.0133571625,-0.21731529,0.3869847
992,0.14603549,0.5794816,-0.19287992,0.06423402,0.51772606,0.8784972,0.27750677,0.39516652,0.04504262,0.014366984,-0.14838201,-0.020845056,-0.030251205,0.49110034,0.17324892,-0.08179128,0.09512669,-0.0076977015,0.053331017,0.26729554,-0.07217098,0.4470142,0.20812446,0.914587,0.10772562,-0.25672108,0.19084978,0.39896172,0.3038043,0.002218753,0.17697327,0.32503593,0.34911466,0.14236411,0.68221426,0.32607484
993,0.071566224,-0.47844476,0.34495196,0.47297454,0.16007143,0.08861357,0.3107862,0.16516405,-0.025293529,-0.14611226,0.12595491,0.21490353,0.09630418,0.12263206,-0.07712531,-0.5472797,0.36762983,-0.0036478043,-0.23068357,-0.14689611,-0.21380457,-0.2263155,-0.16352923,-0.065277934,0.046134144,-0.035238445,-0.00074368715,0.06497139,0.10505475,-0.24136645,0.041915476,-0.19536558,-0.22614124,0.08359566,0.18909743,-0.3241709
994,0.0701952,0.23829412,-0.56483746,-0.09687197,-0.31298792,0.3476414,-0.088715434,-0.21089375,0.27205813,0.046573043,0.10997589,-0.28817868,-0.16502911,-0.08676919,0.0039646626,0.10912275,0.2959581,0.56711537,0.06629038,-0.0740723,0.32741764,0.11974937,-0.16708758,0.5312356,0.35938972,0.46077248,1.1965663,0.027844965,0.46521193,-0.032820106,0.028108716,0.69182134,1.6257074,0.036538363,0.063393,-0.3971123
995,0.08764604,0.24382505,-0.46188015,0.0970965,0.088608146,0.3294952,0.12906955,-0.020382285,-0.25866103,0.44050434,0.19456926,0.21619818,0.28116262,0.17257553,-0.28867465,-0.032123804,-0.32728276,-0.13997234,-0.16256642,0.7881932,-0.110887766,0.107525855,-0.34033987,-0.6717044,0.21958788,-0.0137040615,-0.24258175,0.06959626,-0.37283665,-0.61263514,0.67162675,0.18818629,0.10307619,0.033198774,-0.13726783,0.16319463
996,-0.06446223,-0.40826273,-0.30077177,-0.23849742,-0.84504867,-0.23598877,-0.2195625,0.15229818,-0.07040027,-0.049535096,-0.25563094,-0.056802005,-0.567488,0.07586153,-0.03568828,-0.49701756,-0.24922848,-0.008118555,0.63344955,0.3552817,-0.029501319,-0.10566488,0.492474,-0.016167223,-0.47739366,-0.7822212,-0.26024643,-0.2323832,0.07781558,-0.033747554,-0.042951554,0.004280776,0.14398211,-0.19867328,-0.22497717,-0.11576557
997,0.011390865,0.3266682,0.06608683,-0.048494816,0.12259793,0.9885119,-0.031595886,0.18436345,0.7483443,0.095695734,0.5071265,0.97991824,0.19354707,0.6562344,1.7221111,-0.0108085275,-0.11040458,0.32168013,0.006916702,0.23043215,-0.19004184,0.04205036,0.10272029,-0.15683621,-0.21887755,-0.31292355,-0.27635443,-0.080611885,0.18233095,0.30824974,-0.3014385,-0.0883522,-0.18468362,0.1393525,0.36974442,0.59280705
998,0.15486982,-0.15546113,-0.3198374,0.037611417,0.32913095,0.08271968,-0.012806401,-0.8450234,0.07999497,-0.09665215,0.32406244,0.27159187,-0.18199658,-0.08691302,0.007106781,-0.2766845,0.7385912,-0.051619247,0.20217294,0.4185152,0.36761937,-0.8186458,0.012099758,0.50061715,-0.22108346,0.12115096,0.3057928,0.8420705,0.662875,-0.52025074,-0.29819566,1.0721781,0.01424402,0.2579896,0.4944613,0.1283868
999,-0.10255051,0.20923446,0.13806325,0.25569463,0.488939,-0.039479315,0.12807417,0.49088466,0.012407482,0.6857519,0.50757396,0.39849514,0.9645181,0.4191501,0.5051497,-0.11180587,-0.06739251,0.048207104,-0.24779856,-0.09221631,0.11728597,-0.076358184,0.089898825,-0.11977637,0.022925837,0.19000389,-0.09497975,-0.009327471,0.17302139,0.06715447,0.51406944,-0.19907586,0.2341809,0.23432444,0.1342637,-0.107718945
1000,0.7551867,0.55044997,0.50061846,0.9073485,1.180539,0.4677783,0.071297035,0.57247674,-0.3175773,0.025795698,-0.29450274,0.30547988,0.9026015,0.98221385,-0.09185839,0.5079495,-0.17039892,-0.092202276,-0.15709162,0.36237758,0.18750903,0.57968545,0.159839,0.4397948,0.8376006,1.2249982,0.5819638,0.12184909,0.04337591,-0.24178019,0.6537589,1.0375754,0.8397348,1.0078416,0.4290017,0.21109259
1001,0.98978704,0.21483377,0.44730678,4.904206,4.2796082,2.1726117,3.8087454,1.1650248,0.1993278,3.8335776,0.24405538,0.17512116,0.44766164,0.6223392,0.1440258,1.085675,0.15466157,0.296128,2.0999923,0.008904308,-0.12044552,0.64527345,0.5979205,-0.069046944,1.5149314,2.3834853,0.704735,0.07116559,-0.06069553,-0.17261225,0.10155526,-0.08090058,-0.072948754,1.0246404,1.1285782,0.72155714
1002,3.242394,2.5298557,3.8119285,0.12096149,0.35136184,-0.30853423,2.555734,2.5228589,2.230373,0.2362178,0.22258916,-0.0856097,1.7409415,1.6964182,2.319842,-0.070414096,-0.39246762,-0.09084809,-0.052726835,-0.262687,-0.07318896,0.19441521,0.11595763,-0.6173261,-0.52430403,-0.3994578,-0.6841104,-0.16247956,-0.4166536,-0.24420986,0.14744435,0.36191794,-0.27222496,0.58639216,0.5018286,-0.017001927
1003,0.11407125,-0.20324056,0.06281078,-0.07095158,0.025687277,-0.05031699,-0.06807405,-0.18668124,0.052532747,0.15152013,-0.15067774,0.27926064,0.41634786,0.44093424,0.24485147,-0.08079794,0.35639507,0.3443774,0.3289008,-0.18065679,-0.08109152,0.13698047,-0.19398165,-0.81762636,-0.62835974,-0.064095005,-0.46081355,0.14549327,1.1376771,1.0059042,-0.103709996,-0.41145122,-0.102742076,0.31967723,0.20293069,-0.26833427
1004,-0.010557309,-0.35145283,-0.114344954,-0.0618186,-0.10843474,-0.15534729,-0.2394562,0.38025844,-0.07292068,-0.63342476,-0.21793461,-0.09621453,-0.6231655,-0.08134699,-0.12532485,-0.19089171,0.16579807,0.059790015,-0.5354912,0.050261438,-0.022061408,0.25990072,0.102010846,0.11091882,0.10344976,0.036932707,0.20267427,0.6253794,0.27506134,0.057657897,-0.38163745,-0.6455097,-0.23507877,0.3052086,0.22694075,0.17632008
1005,-0.09927127,-0.38283205,-0.19063517,0.16312164,0.2516397,0.36049485,0.063956425,0.523595,0.025632977,-0.63965553,-0.106000304,0.0018693209,-0.45477736,0.027909994,-0.32127538,0.098660976,-0.5994191,-0.3707443,-0.108502746,-0.029647171,-0.23346162,0.40361577,-0.09356898,0.28575507,0.294981,-0.29715043,-0.15996766,0.77556944,1.623069,1.2050582,-0.20392716,0.40011573,-0.2529838,0.5295002,-0.019942611,0.39710492
1006,0.10249168,0.59722686,-0.1467914,0.06688821,0.2232126,0.046795547,0.17436838,-0.13403943,-0.23324561,0.22424209,0.09320453,-0.012982011,-0.31276035,0.18357871,-0.11683464,-0.41713467,-0.13723302,-0.11184281,0.1012916,-0.17468321,-0.10224104,0.11306819,-0.08447854,-0.26646107,-0.113916606,-0.07584515,-0.064222336,-0.22610545,-0.20137835,0.010523319,-0.25463712,0.013918638,-0.08061305,0.64189863,0.15235037,0.40738523
1007,-0.29543394,-0.27595812,-0.4553246,-0.40382412,-0.04471615,-0.4745054,0.15007034,0.33853373,0.038405545,-0.14318138,-0.31565475,-0.36974573,-0.29693815,-0.07104838,-0.15550792,0.5024738,0.027095795,-0.48795545,-0.6684171,-0.44248104,0.036599398,-0.43165952,-0.49347955,-0.18094754,-0.06881964,0.13009012,-0.24955666,1.1720346,1.2295837,1.0843143,-0.5028497,0.15877345,-0.4496006,0.2996134,0.030020118,-0.013983369
1008,-0.31437206,-0.30596,-0.21933681,0.18808888,-0.39574918,-0.4855141,0.05178404,-0.29906094,-0.0780682,-0.038290292,-0.2815187,0.034914255,-0.15258497,0.23042166,-0.20554128,-0.113583386,0.31945184,0.05526665,-0.054121614,-0.17761599,0.042614877,0.051247776,-0.1416063,0.07482472,-0.06679723,-0.0933471,-0.45864922,0.04627049,0.030981869,-0.18240082,-0.008940732,-0.23331542,-0.32994005,0.8860524,-0.32927707,0.27716422
1009,0.11368704,-0.107670486,-0.007935226,-0.116401315,0.24331346,-0.19622566,0.17738713,-0.16948259,0.058627784,0.04522854,-0.29472488,-0.31105018,0.15408173,0.05978924,-0.3983187,0.0668354,-0.29572797,0.10948604,0.18181169,0.0833461,0.033125818,-0.18673182,0.031972587,-0.098579705,0.30394292,0.15432471,0.092790365,1.493753,2.088404,1.4590135,0.6024337,0.70302415,0.55579436,-0.19406533,-0.25252366,-0.19435683
1010,-0.06295652,0.18514693,0.43247437,-0.22289598,-0.26913798,0.28971714,0.1126132,0.048478037,-0.23902977,0.30769205,0.23207724,0.7260461,0.18710788,-0.36913264,0.20377031,-0.041359037,-0.03964901,-0.15289575,0.2630778,-0.24362153,0.12321973,0.22477216,0.16099542,0.46024656,0.17946075,0.5694171,0.3607093,0.4926559,-0.010300577,-0.03851074,0.6234176,0.65586317,0.62101024,-0.04519391,0.11372757,-0.07424641
1011,-0.045449257,-0.6767702,0.29314286,1.4371223,1.0738031,0.44758585,2.3228369,1.2706499,0.38658112,-0.58450526,-0.049068093,-0.5297311,0.18799385,-0.08598071,0.014494419,0.200944,-0.0135092065,-0.21467847,-0.724087,0.14619409,0.21788639,-0.58274025,-0.13222814,-0.20799929,-0.060116887,-1.174885,-0.12844846,0.68515015,0.23026428,-0.25130942,-0.79292214,-0.40073165,-0.7033016,0.05505365,-0.18585797,-0.16513048
1012,-0.11674154,0.102057576,0.047644377,0.04349017,-0.14879808,0.37414348,0.047257304,0.17978597,-0.27961063,0.047208667,-0.6032789,-0.4344769,-0.16102809,-0.34136677,0.009812832,0.28203523,0.010288712,0.09181744,0.11054599,0.4239236,0.15920776,-0.04799208,-0.20473503,-0.3160293,0.2790103,-0.096230745,0.32114792,0.38661122,0.2749875,-0.089192614,-0.06085523,0.20779747,-0.45130235,0.07198417,-0.32231924,-0.06647587
1013,0.38194627,-0.26072037,0.7395705,0.4386257,0.7982466,0.74919873,0.6902894,1.6136328,1.6644237,-0.43804038,-0.42411593,0.38032734,0.117425025,0.3757504,0.6861873,0.262326,-0.20421675,0.17035002,-0.08808774,-0.3238759,0.055166125,0.2661173,1.6069517,0.18991053,-0.14716926,0.19846392,-0.2285702,1.3327737,2.533349,1.6149595,0.39160696,0.2659852,0.074162215,0.039601862,0.02048394,-0.405796
1014,1.560205,1.8960297,2.28801,-0.12985599,0.05536878,0.1534121,0.2072675,0.9857187,1.1144582,-0.023653984,-0.033194363,-0.066836715,0.31698096,0.77185255,1.0120815,-0.13194549,0.048889935,0.50675327,-0.017466426,-0.017377377,0.2629789,-0.11561209,-0.3010722,0.11061549,0.08698189,0.3089997,0.20026438,-0.19603848,-0.14234346,-0.03396964,0.7374661,0.6032027,0.21060348,0.118207514,0.07691108,-0.29088652
1015,-0.102881014,-0.014472425,0.19274004,-0.23314452,-0.06664544,-0.2474312,-0.18125004,0.08362144,0.3312746,0.053634524,-0.16466448,-0.16433632,0.06322098,0.2105465,-0.055255175,0.62585485,0.2379983,-0.19135594,0.17991698,-0.3285166,0.31585574,-0.2701882,-0.15916523,-0.03724371,1.0317047,0.43382663,0.12193349,2.0941262,1.8612936,1.5938685,0.3951261,1.3906951,0.91525185,-0.02687022,-0.18897694,-0.09590587
1016,-0.09807427,-0.03156956,-0.13364041,0.8171042,0.4344714,0.6740973,0.42606714,0.7121241,0.40033114,-0.23233545,0.042892233,0.05440383,0.065611295,-0.5735808,-0.3463257,-0.16266415,-0.24601024,0.033205464,-1.545701,0.06655693,-0.2301,1.6371897,-0.35944074,-0.19801912,-0.7234371,-0.82229745,-0.5359458,-0.44537568,0.15087238,-0.03482285,-0.87868536,-0.4934213,-0.30936098,0.59028,-0.18715382,-0.024742812
1017,-0.0997895,0.14389211,0.118332386,-0.30767143,0.04960896,-0.3577406,-0.18604553,0.2371791,0.07442808,1.0603542,0.04717505,-0.25615478,0.49542648,0.055138893,0.513658,-0.31946605,-0.36572945,-0.12867081,0.17580451,-0.2782727,0.22654721,-0.22924939,-0.5735932,-0.30731827,-0.673674,-0.6750526,-0.4045944,0.15587056,-0.31219876,0.049085855,-0.22158623,0.21147138,-0.13204813,0.058180235,-0.028142177,-0.030434966
1018,-0.35878825,-0.0003144145,0.08883349,-0.4364162,0.083988905,0.05428937,0.52119875,0.6323074,1.7143185,2.6445374,1.6706781,1.1191308,1.3159229,0.48112923,0.6388554,0.3569277,-0.7440699,0.2538361,-0.16171813,-0.30820596,-0.4451605,-0.095157444,0.00065660477,-0.19539016,0.33511198,0.020410366,-0.09370047,0.93975765,0.24740642,0.40713817,0.6385113,0.79169464,1.215642,-0.10689491,0.15615112,-0.47255602
1019,-0.025524795,0.106341034,0.10407482,-0.5494129,0.47250313,0.18308994,-0.0895012,-0.010751218,0.02466929,0.46480423,0.10216446,-0.70964205,-0.17641649,-0.0814265,-0.033970833,0.63311684,0.34347743,0.12550911,-0.113594234,-0.10537422,1.2564037,0.523748,-0.038484007,0.83559686,0.35145995,-0.028421521,0.5996284,0.116172075,1.0067532,-0.20782113,0.05034274,0.2503792,0.2953136,0.8121442,1.2519339,1.6394743
1020,0.16391504,0.5620338,0.6199623,0.16154099,0.014718175,0.060252883,0.15001535,0.28982386,0.5580046,-0.18462032,-0.17344856,-0.17605737,0.20696655,0.20878021,0.032361865,0.25521338,0.0516544,0.1801889,0.2991284,-0.08854261,-0.08234477,-0.41241089,0.097283036,-0.42170754,-0.33946264,-0.2628215,-0.7748728,0.6573335,1.8469886,0.55355585,-0.04338044,-0.034229755,-0.1886628,0.74396133,-0.07742679,-0.06051314
1021,-0.17553449,0.07018025,-0.0010449886,-0.080596566,-0.12241639,-0.25603652,-0.56888515,-0.46658018,-0.0919224,0.18210125,0.28769982,0.109044194,-0.9268621,0.099133454,0.13218153,-0.2106379,0.42235982,-0.29911998,-0.47731966,0.23315789,0.11371595,-0.24492276,-0.22395158,-0.28522265,-0.54950863,-0.61551195,-0.31742936,-0.4310484,-0.27226666,-0.09321219,-0.1600877,-0.65289557,-0.39441776,-0.17372115,-0.39914617,0.3924713
1022,0.5580689,0.6778594,2.8940747,0.8433877,-0.14864951,-0.367038,0.52887535,0.056907594,0.33785874,-0.16850209,-0.04276207,-0.3492496,1.0670468,0.50047135,0.82675594,-0.33756065,-0.38500774,-0.27066302,0.18034708,0.19719627,-0.1881367,-0.35566688,-0.9828337,-0.3209641,-0.3574851,-0.08164768,-0.6833999,-0.71175665,-0.37259275,0.21466655,-0.083860606,0.27055538,0.32520014,0.17131686,0.19643602,-0.13414562
1023,0.1521039,0.28528637,-0.005899906,0.35823107,-0.0059522092,0.48945647,0.71694654,-0.041896164,0.28153318,-0.29292262,0.0076931715,-0.089838386,-0.6562425,0.007072866,-0.023642063,-0.14154622,0.1919001,-0.007777162,0.03752549,-0.24309278,0.1816253,-0.01002723,0.2256295,-0.21542406,-0.0813005,0.034472823,0.038064897,0.1826818,-0.22209972,-0.060132086,0.66207784,0.62361205,0.2273585,0.07456394,-0.40938482,0.0005389452
1024,-0.15887895,0.47448817,0.054347113,3.043301,3.1932304,0.9958755,0.52821815,1.41084,0.13598812,0.18848512,-0.31248063,-0.27341938,0.18994193,0.10796659,-0.1677916,-0.2354881,-0.013760418,0.45392984,9.275228e-05,-0.10216642,0.30486828,-0.40553024,0.13950627,-0.1042335,0.036089726,0.6234738,0.4930609,-0.16345035,-0.24921557,0.05353701,0.46150175,0.3570143,0.24849479,0.13450448,-0.0022026598,0.6199828
1025,-0.18238005,0.050418466,-0.08574644,-0.03935665,-0.17501023,-0.015757173,0.020858645,-0.13989556,-0.4046077,0.18240613,1.2132535,0.80174005,0.09277135,-0.21451199,0.71416193,-0.1849607,-0.007882595,-0.5680526,-0.06601375,-0.046696305,0.09133041,-0.14830053,-0.10176827,-0.20662169,-0.23681942,-0.15564795,-0.959391,-0.2257505,-0.24090447,-0.6526392,-0.031779766,0.055792093,-0.09255639,0.17713565,1.1543235,-0.3473271
1026,-0.66892916,-0.34390652,-0.07788885,-0.0056321323,-0.35445714,-0.008732546,-0.28719896,-0.3319401,-0.43022728,0.069827676,0.20826535,-0.06347725,-0.1363459,0.06002572,-0.2089743,-0.31384557,0.54833865,0.06403875,-0.47948462,0.5265432,0.101927914,0.2628255,-0.35575643,0.39091352,0.20476428,0.3082339,1.7489705,0.03636813,-0.42120242,-0.23709616,-0.18077165,0.043373313,-0.21822643,-0.14964986,-0.11513919,-0.23641747
1027,-0.14973879,-0.1551581,-0.08630332,2.386093,2.204136,1.3469489,1.1147141,2.8909512,1.3521057,0.08618207,0.79967475,0.36115512,-0.27059007,0.057242334,-0.2827197,0.31645608,-0.5158992,-0.07653472,-0.31586465,0.11559321,-0.26214224,-0.4667794,0.149244,-0.2895114,-0.4348328,-0.8082529,-0.39385432,0.06659287,0.121022135,0.6094497,0.3858054,0.41727713,0.61625963,-0.354929,-7.3194504e-05,0.21671051
1028,0.030074537,-0.391232,-0.3008734,-0.15836668,0.24874672,-0.10597898,-0.31356466,0.0691998,-0.5507435,0.05810225,-0.48957944,-0.10075402,0.15223426,-0.08314395,-0.33780587,0.5385256,0.408911,0.5984003,-0.071513414,-0.025965989,-0.28821814,0.24772537,0.5296692,0.9787196,0.62220395,1.2089503,1.138204,1.151942,0.71297765,0.35870314,2.4350994,1.5384392,2.2936325,0.15517747,0.09984106,0.63245094
1029,0.04753375,-0.38648716,0.12694247,0.9021631,0.9533391,1.9318712,0.14693853,-0.28809372,0.28768316,0.2082295,0.54837996,-0.12425041,-0.4358421,0.47751123,0.12586185,-0.11839485,0.45856804,0.24899809,0.18780339,-0.21124929,-0.2549729,-0.27121392,-0.60027623,-0.27842546,0.47117203,-0.069213495,0.25855377,-0.41572437,-0.10511425,-1.1275733,-0.25765803,-0.2542535,0.19220749,-0.03428644,-0.269929,-0.26737392
1030,0.35120377,-0.4475767,0.028931797,-0.40800977,-0.065313965,0.08183968,0.46277106,0.3481241,-0.35382575,-0.6466502,0.11646563,-0.031248987,0.15678698,-0.21524425,-0.042398185,0.19899988,0.08908743,-0.11473203,0.62065005,0.1399407,0.1745776,-0.23642191,0.33223245,-0.4164676,-0.09744496,-0.14030494,-0.16493183,-0.32881087,0.16645828,-0.053337514,-0.3838744,0.06298263,-0.46778467,0.4267642,-0.097376496,-0.5587838
1031,0.18833971,-0.0012454689,-0.08195341,-0.22781178,0.4667812,-0.22139937,0.7748866,0.6770335,0.73870593,-0.11086273,0.3942798,-0.01884146,-0.2226525,-0.16110611,-0.4430053,0.6461612,-0.51105237,-0.6082829,0.2920454,0.6340038,0.3969367,-0.11038977,0.05103275,0.0919344,-0.13151643,0.15399438,-0.2074095,1.0107771,0.67867297,0.6651818,0.4913659,1.1076638,0.12696946,0.54002243,-0.17164975,0.0012875795
1032,0.008338273,-0.19603962,0.064122915,-0.071330726,-0.63350624,-0.42115837,-0.055122912,0.123386085,-0.5178485,0.033052802,-0.021397054,-0.6664486,-0.053294152,-0.21572584,0.03131354,0.57515645,0.370459,0.0748941,0.08634162,0.2215532,0.009512663,0.6819364,0.31223464,1.2294345,-0.17238027,0.3539486,0.62756777,-0.16711217,-0.2853878,-0.19901252,0.4952512,0.5451099,0.3482296,0.2484262,0.5331458,0.7313098
1033,-0.2443063,0.5383733,-0.006163597,-0.13813315,-0.17506143,-0.67553896,-0.2375364,-0.2454291,-0.22435004,0.017835021,-0.20298532,-0.3126712,-0.10183126,-0.07331419,-0.24898106,0.49729872,-0.23591062,-0.08350226,0.11497584,0.14918816,0.2099551,-0.14153257,-0.48205078,0.14660387,-0.3284813,0.09964791,-0.33301944,-0.15871921,-0.38810965,0.39301744,0.26249534,-0.1452913,0.15138924,-0.50258374,0.4310568,-0.17831275
1034,-0.03657034,-0.23018798,0.24749827,-0.47704604,0.010809094,-0.35592082,0.30452818,-0.26216716,-0.052963383,0.5850373,0.42299837,4.118078,0.10916674,-0.011473954,0.2104741,0.062186003,-0.017411113,0.252761,-0.1768857,0.18858296,-0.14345688,0.11051038,0.09640075,-0.0681622,0.07092844,0.036565043,0.13668598,-0.16113147,-0.04924223,-0.28915313,-0.069767505,0.19375503,0.16543923,0.44463846,0.0006891936,-0.1544655
1035,1.9386193,2.2360382,1.9560835,-0.12998044,0.3052916,0.17665923,1.5515131,0.016816383,1.472333,0.116239995,0.034169465,-0.88532364,0.09709641,0.23365602,-0.3519965,-0.074181765,0.105515614,-0.25718188,0.18668458,-0.3510424,0.22135778,-0.0004466772,-0.23329356,-0.13477588,0.11589619,0.10013515,0.27019402,-0.5933106,0.2630445,-0.079707146,-0.20268196,0.19980317,0.072699726,-0.03460616,-0.08613196,-0.020583749
1036,0.4362021,0.108290575,0.08057782,0.28151667,0.2934282,-0.16330785,0.36783773,-0.34013963,0.1444009,-0.6597465,-0.3510906,-0.23673905,-0.105608255,0.43369716,0.04857278,1.0172198,-0.34922433,-0.45897168,0.29178894,-0.47578955,0.25256395,-0.75979376,0.15721267,0.2256935,0.11665176,-0.30807126,-0.05587387,0.14123756,-0.53626,-0.28785598,-0.29152098,-0.05634335,-0.15581357,-0.6525947,-0.26686454,-0.21220279
1037,0.61486804,0.5104641,0.27595818,0.4585467,0.43849564,0.015739202,-0.02437532,0.35272962,0.023204148,-0.22806144,-0.19335967,-0.2605797,0.057225525,-0.03697741,0.4288515,-0.6043764,-0.5410524,-0.14293563,-0.12777078,-0.7223418,0.014062762,-0.15679264,-0.36059248,-0.21286534,0.38325107,-0.8157341,-0.26071703,0.23715383,0.59558815,-0.035434723,-0.46802032,-0.3705045,-0.261539,-0.14662766,0.2603798,-0.025592953
1038,-0.16081485,0.29500672,0.27081102,-0.22186255,-0.09406304,-0.3133955,-0.19135144,0.28561667,0.05931282,0.7671402,0.9108746,1.6226451,0.6944281,0.18666276,0.41841662,0.40815535,-0.4009278,-0.21862778,0.2732802,-0.52427536,-0.5094729,-0.11391532,-0.42061484,-0.23626569,-0.46798277,-0.2523852,-0.48479834,0.7913782,0.16568744,0.035243988,0.17439818,-0.07967636,0.08489859,0.69419044,-0.011885196,0.70452785
1039,0.61949563,1.0184526,0.306352,0.4136526,-0.112935394,-0.010229528,0.5739558,0.52083594,1.0720483,0.022636592,0.027893007,-0.074418455,0.23045486,-0.24304679,0.44079795,0.18221837,-0.21662779,-0.3808353,0.29660118,0.74845904,0.61177164,0.24708962,0.17635761,-0.07795942,-0.49560106,-0.65186,-0.4056199,-0.14728358,-0.14850798,-0.18506348,-0.0719794,0.6624216,0.37491846,0.19477499,0.08538212,-0.2002331
1040,-0.40866637,-0.5957873,-0.43917996,-0.21148926,-0.40564793,0.7843635,-0.24720483,-0.7579243,-0.23933697,0.47510138,-0.2159648,0.29504895,-0.23316243,-0.25554907,0.3519593,0.13336131,-0.40636054,0.15049174,0.16139197,0.07763094,-0.57551026,0.30650678,1.02897,-0.041329205,-0.018072177,0.20372033,0.01727143,-0.71770436,-0.108002126,-0.16406596,-0.32670993,-0.14565319,0.023588002,-0.65684164,-0.23132017,0.21646559
1041,0.41855657,-0.016127765,-0.24358773,0.8196567,0.1467247,0.45512515,0.055983484,0.70685625,0.13000548,0.31877077,0.081673324,0.12708539,-0.04129374,-0.08578238,-0.47587723,-0.2686161,-0.38325566,0.028683722,-0.046770573,0.08550663,-0.22937047,0.10223436,-0.38688973,0.114206135,-0.088829756,-0.24133301,0.091563135,0.048400998,-0.22316453,-0.06258702,-0.6616778,0.1318819,-0.06423348,-0.1380676,-0.070845276,0.01971662
1042,0.47747433,0.08503938,0.066450335,-0.2841968,0.75347745,-0.3339431,0.050382406,0.34246245,0.7585267,-0.5684409,0.09961654,0.14542457,0.040786684,-0.37141144,-0.19044253,-0.3067137,-0.28927827,0.17768854,0.1310339,0.07461929,-0.1309123,-0.19772476,-0.51440895,-0.40468198,-0.40935624,-0.12253064,-0.023718908,0.9056819,1.0669057,1.1846682,0.35513645,1.0513601,1.3550547,0.57928133,0.55413073,0.14594921
1043,-0.18270983,-0.45748854,-0.19682008,-0.3406713,0.095559835,0.14411896,-0.6682273,-0.12528038,0.3337493,0.13766032,-0.43608254,-0.37914342,-0.11418285,-0.17146826,0.24960583,0.26735103,-0.72729295,-0.4540667,0.40134013,-0.46184102,0.16339082,-0.42870942,-0.34206676,-0.24838886,-0.4038739,0.19039494,0.38879538,-0.24237764,0.032831788,0.00087562203,0.10123563,0.23320043,-0.14799482,0.0038159192,0.107399434,0.52424824
1044,0.11111623,-0.08431959,0.06696221,-0.040738285,0.037457526,0.21692653,0.023526609,0.22099137,-0.042610317,0.017026663,-0.145383,-0.8096638,0.18691856,0.1305547,0.041215897,0.13286436,0.082353,1.7746899,0.08973837,0.3656757,-0.14722489,-0.15897286,-0.07795566,-0.21659978,0.10380721,0.25567648,0.15841103,-0.1138612,-0.022197723,0.41531315,-0.047765434,0.1552499,-0.25163123,0.14701033,0.25135946,0.0046598017
1045,0.051108003,0.03282385,-0.10910335,-0.028738797,0.08747551,-0.0686993,-0.08080286,-0.03461355,-0.1332221,-0.021706581,-0.059257388,-0.21809289,0.06331235,0.06733492,0.6859505,0.0064567924,-0.009605885,0.10620177,-0.031359076,-0.08649962,-0.21453047,-0.010332525,0.1626299,0.094733,0.28264368,0.56538624,0.78146696,0.019681156,-0.15661427,-0.11864537,0.16119546,0.2507268,0.13852972,-0.15025604,-0.09649038,-0.3286695
1046,-0.0658139,0.058120668,-0.053511433,0.06425333,0.097568035,0.24735677,-0.26808602,0.088628024,0.17640585,0.027810752,0.14396301,-0.11864841,-0.010508299,-0.28654486,0.09336877,0.14472151,0.17176524,-0.5272256,-0.008485079,-0.2150448,0.5301303,-0.051671624,-0.39428574,0.16589582,-0.20154154,-0.06458649,-0.19013494,-0.07918954,0.022421256,0.21732104,0.023289323,0.1744489,-0.47983217,0.07686877,-0.16925448,0.60498446
1047,-0.06943911,-0.11002935,-0.5133875,-0.06815982,0.15996051,0.0062994957,-0.10431415,-0.118689954,-0.112988114,-0.16819811,-0.106197715,-0.73300016,-0.018800974,-0.008605719,0.2330082,0.09949082,0.254978,-0.15019119,-0.015570164,-0.11669311,-0.5472988,-0.060440958,0.003508687,-0.14066541,0.07706177,-0.015701592,0.6264465,-0.1263709,-0.18341613,-0.044685125,-0.07302666,-0.06601536,0.013592839,-0.06137854,-0.060274158,-0.18743122
1048,-0.012147665,-0.06323901,-0.11815232,0.0108190775,0.2684874,0.08100498,-0.061231256,-0.29084092,0.06276655,0.027165294,-0.17118254,0.08280587,-0.08946663,-0.14136541,0.1465233,0.19261712,0.12807006,0.1445747,0.01962459,0.10992846,-0.17228162,-0.0006096363,0.026115566,0.31678876,0.023168087,0.052857444,-0.104447365,-0.21655363,-0.11464125,-0.20165485,0.061653078,-0.041530013,0.22848201,-0.12391865,-0.024222732,0.21341443
1049,-0.33599353,0.44861394,-0.004193008,-0.15542704,-0.19510186,-0.26188952,-0.025589049,0.10653579,0.7596369,-0.1973815,0.009478509,0.00988996,-0.059045076,0.03466502,-0.41552955,-0.13617611,0.0067816377,0.27357376,-0.020608187,-0.22131792,0.24146837,-0.12494779,-0.05211848,-0.29826498,-0.1306901,0.04726851,0.059522808,0.007684335,-0.069036365,0.9066126,-0.1308696,-0.03784603,-0.020313501,0.28142488,-0.26282412,0.44699645
1050,-0.23198467,-0.0064668655,0.2730034,-0.12661159,-0.15689811,0.085523516,-0.071279526,0.48323867,-0.07111156,0.04440552,-0.02047044,0.1033507,0.025545895,-0.3782175,-0.35026622,0.038124084,-0.5593539,-0.6683788,-0.24968174,0.18385358,0.16127324,-0.12462735,-0.09810889,-0.040502787,-0.29635024,0.12054294,-0.30366522,-0.106810644,0.43263987,-0.066952065,-0.21874082,0.5699308,0.5359194,0.07093629,-0.24612123,-0.020302773
1051,-0.033100307,0.056863785,-0.11389972,0.021189213,0.3803981,-0.10652143,0.09498978,0.20914741,-0.08260822,-0.028620481,0.079905525,-0.7843826,-0.056860745,-0.06733616,-0.15185729,-0.2082848,0.34888613,0.12627435,0.110257745,-0.09258044,-0.038573503,0.0931983,-0.074935585,-0.6391618,-0.32293886,-0.05133526,0.06630373,0.0049168468,-0.11514547,0.027757198,-0.01989472,0.10686141,-0.35922623,-0.07585561,-0.7463426,0.27843928
1052,0.12429458,-0.03911996,-0.4938653,-0.26716918,0.14069045,-0.19198465,0.013837397,-0.16257381,0.13597083,0.3414533,0.8035078,0.5000392,0.06592548,-0.028807282,0.32290363,0.049388766,-0.21723479,-0.2687173,-0.06837833,-0.0076873302,0.5656624,0.20011455,-0.08851975,-0.16318315,-0.14763454,0.3722003,0.086928844,-0.22942561,-0.069854476,-0.000266999,-0.10011345,-0.024192274,0.4038775,-0.08886528,-0.3748011,-0.38601267
1053,-0.020691276,-0.055105925,0.30038726,0.07914585,-0.12071088,-0.008461356,-0.035811126,-0.065904394,-0.33977038,0.0041823983,-0.0035462603,-0.16413206,-0.16656142,0.104358494,-0.27073723,0.054145634,-0.20857058,0.3665399,0.02384317,0.35525343,0.30747876,-0.17062145,0.1239946,-0.090072185,-0.1883561,-0.26104861,0.010261834,-0.09630096,0.49411014,0.115508944,-0.089527786,0.3625707,1.0723381,0.0069060326,-0.04156089,0.34848362
1054,3.3307369,2.5503862,5.168062,0.004631102,0.6629623,1.2703722,2.1336708,2.1669166,3.3556414,2.46827,2.7856383,1.4523249,0.91867757,1.1809975,0.4822948,0.22607744,0.28597224,0.29257512,1.218886,0.522448,0.39008448,0.12742639,-0.017815769,-0.096122704,-0.21605843,0.5874542,0.22490093,-0.111691535,0.17024665,0.117528245,0.07122797,-0.14991182,0.054245196,0.5362846,0.6522264,0.27996802
1055,-0.08134478,0.25642788,0.036204293,-0.22849041,-0.22941488,-0.27019265,0.017789185,0.018683031,0.2483679,-0.0910157,0.17288607,-0.2832626,0.1508621,0.092424646,0.25581002,0.17493242,-0.019245684,0.7290517,0.02926135,0.4594067,-0.34668458,-0.16943264,-0.169903,0.029656231,-0.08904928,0.49335122,-0.0572654,-0.20048332,0.29244155,0.005604744,-0.32261276,-0.24899372,0.009903729,0.107510954,-0.5391216,-0.12822264
1056,0.071669996,-0.16139212,-0.16210404,-0.10113323,0.08270395,-0.08011758,-0.061080575,-0.41452378,-0.12623617,0.4222424,1.6500354,2.2270858,0.38099253,-0.00057435036,0.8230145,0.0054740906,-0.008771807,0.1334176,-0.019863844,0.08358306,0.16501927,-0.009620249,-0.19225577,0.009820968,0.024818838,-0.16438036,-0.53533095,-0.038632333,-0.40349382,-0.10433945,-0.028976023,-0.011348128,0.1070534,-0.1359241,0.090201154,0.12932539
1057,-0.063507795,-0.049641848,-0.18378073,0.3240267,0.22290953,0.5842178,0.10150808,0.26537633,-0.105125904,-0.13804209,0.11564796,0.3897699,-0.687016,0.21202517,0.13681352,0.0854826,0.09628147,0.12292659,-0.19647503,0.5542879,-0.37483668,-0.07287085,-0.7600765,-0.13295338,0.4984247,-0.11800113,0.19019988,-0.6664468,-0.73573375,0.13971281,0.11077583,0.0895755,0.42619032,-0.210536,0.68342733,0.19099356
1058,0.010777891,-0.45829818,0.16644317,-0.35629466,-0.011489391,0.18988481,-0.43788284,0.34541237,-0.04442066,0.09707832,0.65872586,0.19490248,0.13643944,-0.25417447,-0.08549011,0.10027677,-0.065547764,-0.42744938,-0.038391232,-0.13762942,-0.43426144,-0.055508733,-1.2397567,-0.15858564,0.06472647,-0.78773946,0.10040212,-0.21317798,-0.4854755,-0.014555514,0.040627897,-0.50559366,-0.16353852,-0.10131985,-0.08074047,0.03098309
1059,-0.030859113,0.33988154,0.2750658,-0.22156471,-0.16097838,-0.14964603,-0.29031724,-0.09884035,0.6862639,0.2978201,1.9175065,0.11432412,-0.22886051,-0.7268319,-0.014485799,-0.28525478,0.38546,-0.015020281,-0.76937485,0.10151577,-0.14421865,0.043188572,0.28978458,0.21985613,0.18715465,-0.11515394,0.33129692,0.21525058,0.43883318,-0.039122015,0.0017692745,-0.19601822,0.4352312,-0.1087926,-0.2217898,0.3688717
1060,0.2769348,-0.0628887,-0.016270913,-0.17240876,-0.3017921,-0.13358745,-0.18065229,0.29330033,-0.15816009,0.059355676,0.24311954,0.07069051,0.1514976,0.19679537,0.05358261,0.38246202,-0.12416333,0.17337906,-0.10415995,0.1700806,0.7123422,-0.05207342,-0.023091532,0.17927863,0.35817397,1.5106119,1.5522628,-0.16645038,-0.09764117,-0.068468004,0.15491754,0.49027377,0.08771761,0.15198535,0.3756556,-0.030526102
1061,-0.018289566,-0.00279665,-0.17772283,0.15909612,-0.10070342,-0.19436991,-0.13454819,-0.06839576,-0.43493772,-0.17142966,-0.57057446,-0.2806914,0.053507328,-0.002519995,-0.17873836,-0.083609045,0.009236276,-0.053696692,0.33431643,0.4500769,0.06947321,-0.07770899,0.10782869,-0.16228205,0.013654694,0.8259167,-0.13899778,-0.15662861,-0.22217792,0.0149844885,0.13923639,-0.08841428,-0.11890423,0.089117914,-0.62737715,-0.37752813
1062,-0.28452864,-0.15751807,-0.052019715,0.53433156,0.5597813,1.9081696,1.1100066,1.8479426,0.33656567,-0.2080518,-0.25951666,-0.6462238,-0.07291162,-0.3559303,0.2879203,-0.051965475,-0.03214726,-0.5661619,0.004586458,0.38466263,-0.16662318,-0.077076316,-0.055580884,0.4114584,0.06355862,-0.41799966,0.16516137,-0.24101365,-0.27275503,-0.496428,0.09762871,0.015312403,-0.30919135,0.078222305,-0.077973634,-0.14724651
1063,0.20541134,-0.13487005,0.53880715,-0.26823092,-0.918971,-0.6511803,0.15628281,0.08240062,0.36694932,0.013274491,-0.2363095,0.20612031,-0.028671026,-0.16104484,-0.09295976,0.2118836,0.10062277,0.93986905,0.26918077,0.7273147,0.2098484,1.1859792,0.9574385,0.030906893,-0.2703762,0.214275,0.40627703,-0.28941792,0.9999052,-0.58358353,-0.23524594,0.5749895,0.14462793,-0.89659035,-0.23920342,-0.21098289
1064,-0.100643635,-0.1750928,-0.46946815,-0.21640381,-0.36123997,0.6402088,0.21834664,-0.17528772,-0.19312125,0.6565549,1.0852377,0.64352304,0.34175152,-0.17929628,0.3307019,-0.08284783,-0.346555,-0.58184725,0.016049623,-0.15991153,-0.5442674,0.049363375,-0.31706,-0.22800851,-0.222126,-0.21146634,-0.13756654,-0.81913304,-0.18074554,-0.054522842,-0.19073954,0.4579382,0.13082814,-0.2259304,-0.06930201,-0.5963594
1065,0.00011534989,-0.012825638,-0.17396712,-0.22870368,0.290818,0.3727271,-0.081922024,-0.39236116,-0.25886905,0.5209285,0.38169253,0.3991303,0.45343667,0.30131745,0.59267014,-0.028943658,-0.26004994,0.26628655,-0.136433,0.14161035,0.15926552,0.36039752,0.5584047,0.12822187,-0.122095615,0.48640153,-0.010762572,-0.06433272,-0.07603955,-0.13569933,0.12903726,0.38834223,-0.1067528,-0.57062376,-0.124219686,-0.2797389
1066,0.09369463,0.57302415,0.20086038,-0.21948695,-0.37125525,0.098387,-0.6152829,-0.16513343,0.34150875,-0.13328671,-0.29648328,-0.72157824,0.31104696,-0.22915977,-0.034840792,-0.3012386,0.31612068,0.36149222,-0.4114855,-0.038862593,0.11242746,0.21926498,0.09059146,-0.36277616,0.007932723,1.1430618,0.49586642,-0.514165,-0.035435632,-0.20854586,-0.22450125,-0.15035923,-0.08434856,0.119181044,0.29679525,-0.17651379
1067,-0.045109153,0.41999236,-0.19510898,0.94658124,1.207686,0.5531856,1.8913547,0.74678504,1.1108572,-0.18217707,-0.3733346,-0.23029765,-0.17657173,-0.7550185,0.01406204,-0.015307695,0.591377,0.61181295,0.105694056,-0.29692426,0.21752955,0.62340355,0.6129384,-0.0581643,1.4976989,1.3750193,1.1635685,-0.30397975,-0.31407264,-0.24409458,0.6920085,0.48056358,0.6670423,-0.30112255,-0.4355944,-0.13255346
1068,-0.07705924,0.00771787,-0.8827776,-0.43431997,-0.23340496,-0.30670398,-0.3114762,-0.028655797,-0.32939675,-0.43554544,-0.2917188,-0.13757275,-0.553141,0.216023,-0.51272494,-0.18306161,-0.031985253,-0.0389826,0.3420161,0.476681,-0.12543166,-0.19307673,0.03220341,-0.008861404,-0.51510787,-0.33893144,-0.35340482,-0.31012964,-0.63794416,-0.2298844,-0.9541089,-0.12255533,-0.42982924,-0.5975989,-0.2912515,-0.11195141
1069,-0.23803777,0.40071806,0.16043627,0.16477495,-0.5971229,0.038880527,-0.20479706,0.3905092,-0.19542605,-0.29092795,0.26011685,0.16161525,-0.012039363,0.14000008,0.13110009,0.43655857,0.14087045,-0.37283772,0.035705447,0.28625447,-0.064926356,-0.10774964,-0.21825472,-0.13179725,-0.02925381,0.6959148,2.9785209,0.31742808,0.8944699,-0.027073413,0.2177425,0.55026233,0.51735634,0.75061965,0.87191653,-0.44234914
1070,-0.6044748,-0.0011700988,0.21211043,-0.22049433,0.13847679,1.0767292,0.6586924,0.19687903,-0.58864784,-0.17321658,-0.5092336,-0.65355736,0.28714025,-0.4416329,0.09787905,0.39527932,-0.020201206,0.065797694,0.29451025,0.037147284,0.41704512,-0.008035421,-0.51906574,0.15155542,0.21904662,-0.54419005,0.056572318,-0.68932277,-0.24097592,-0.43535873,-0.3612369,-0.16716072,-0.4686131,1.2852826,1.1760243,0.46759874
1071,-0.23422606,0.14340386,-0.16694081,-0.23248544,-0.003017962,-0.10973528,-0.16867712,-0.6357508,-0.1739443,2.4914489,0.7993102,0.24380755,-0.27358377,-0.1958788,-0.23534557,-0.0007893443,0.419845,0.22790524,0.317281,0.04994902,-0.37135655,0.32510018,0.572943,-0.1874328,-0.08447063,0.1394308,0.25950855,-0.5589949,-0.5875738,-0.52741253,-0.22128122,0.029991448,0.07605654,0.22054467,-0.1665599,-0.57068497
1072,0.030302763,0.100132644,-0.7160814,0.08691597,-0.15008295,0.05443068,1.0862052,1.2051698,0.5719179,0.5375609,-0.35466442,-0.6059938,-0.03127992,-0.113247156,0.6798302,0.13829523,0.47113967,0.05789566,-0.014197946,-0.20485917,0.29614645,-9.533763e-05,-0.015257478,0.53593004,0.6850524,0.63190114,1.5899711,-0.040112853,0.12118341,0.54708487,0.18924993,0.17849286,2.9590547,-0.30078954,0.007843137,-0.19845173
1073,0.0032910705,-0.5677785,-0.12742984,-0.030110538,-0.22362614,0.09680648,0.34092295,-0.2544992,-0.27818272,-0.018713951,-0.23022223,-0.007863855,-0.04644996,-0.1031158,-0.42385942,0.19493628,0.04140313,0.025552914,0.05156362,0.19898981,0.15364666,0.02266559,-0.31048274,0.057401836,0.17333013,0.31726497,0.42417902,-0.2039234,-0.3222016,0.022544026,-0.19223112,-0.27549875,-0.14712153,-0.37755138,-0.051989377,-0.24269833
1074,0.3643344,0.39105773,0.45644903,-0.03832841,0.10390723,0.30882215,-0.103982,0.39363033,-0.29813457,-0.087589145,-0.06772724,-0.6453686,-0.18553478,-0.10788596,-0.08393335,0.046575963,0.15135306,0.0017732382,-0.18812251,0.25117874,0.09954381,0.28920698,0.1360495,0.08740497,-0.20339686,-0.14275078,0.2725202,-0.26454115,-0.026754692,-0.2730751,0.15445113,-0.09752673,0.15318346,-0.14157921,-0.4603691,0.21211529
1075,-0.0142633915,-0.008994596,-0.042388014,-0.1422013,-0.039631635,-0.24301109,-0.16293657,-0.3587851,-0.1278615,0.044705033,0.059631705,-0.17226899,-0.20327431,0.017656267,-0.14298522,-0.039115295,-0.066271484,-0.07375729,-0.038435817,0.23844111,0.060229182,-0.16149294,-0.26047814,-0.13979137,0.19827199,-0.005601164,-0.12467086,0.6336828,0.81282246,0.9482925,0.35650444,0.4362676,0.80215347,-0.109395266,-0.06863965,-0.16966665
1076,0.1326719,0.16561967,1.9499362,1.0623208,1.1894442,1.0442116,3.6962287,1.834224,0.83572114,0.8874588,-0.08384135,0.01794225,0.42280525,0.5683543,-0.4686241,0.03265214,0.06975329,-0.023885846,-0.13933718,0.10696751,0.59622645,-0.5014698,-0.17642874,-0.06582481,0.23404682,0.42866895,0.6841471,-0.8376161,-0.2427615,-0.7286274,0.02176176,0.34302986,0.24132131,-0.09504455,-0.004353851,0.014221817
1077,-0.30619287,-0.13248181,-0.7270849,0.20335352,0.34575143,1.971668,-0.0606578,-0.037939433,0.8604331,-0.14730132,-0.13344125,-0.15033603,-0.04066181,-0.2296674,0.06729853,-0.056218594,-0.1020586,-0.6425618,-0.015889645,-0.21431865,-0.22191691,-0.2599715,-0.16625553,-0.9832153,-0.23984528,-0.049882393,0.31711397,-0.018154114,1.181754,0.032845795,0.09104571,0.6583259,0.6643579,-0.3618644,-0.22495608,-0.6208513
1078,-0.16420451,-0.1581362,3.2675817,-0.7682772,-0.024910808,-0.6509187,-0.67545915,-0.27760017,-0.14267682,-0.17394821,-0.59500647,-0.63932395,-0.121284544,-0.7019127,-0.05905339,-0.35270405,0.15751109,-0.15227945,0.401806,0.601421,0.12392065,-0.06432481,-0.85588783,-0.5457487,-0.68064666,0.421215,0.016312003,-0.42482698,-0.04960442,0.11357647,-0.51952827,-0.8824613,0.059502095,-0.69144917,-0.25959635,-0.07294619
1079,0.24745196,-0.11323811,-0.15234624,-0.17629257,-0.18803832,-0.12994625,-0.1899451,-0.13392782,-0.093459696,-0.09983224,-0.14016554,-0.03806305,-0.05283904,0.7923527,0.08504951,-0.5818893,-0.18138415,0.2265017,0.16417897,0.68561846,0.37608612,-0.15160927,-0.014923245,0.8350399,1.3814766,1.7252543,1.3333348,0.20869887,0.15438253,-0.64344895,0.03871575,0.48308194,2.2999208,-0.17631713,0.007430911,-0.15503132
1080,0.08348417,-0.14256746,-0.277109,0.15520942,0.032514304,-0.031218454,-0.60271823,-0.56436455,-0.21449634,0.9077023,1.2613965,0.66803294,0.007180631,-0.055412054,0.93389404,-0.32500225,-0.059013367,-0.20072639,-0.2683862,-0.08946276,0.26254293,0.037161827,-0.108581424,-0.046544135,-0.12980968,-0.49269283,-0.5259916,-0.532277,-0.40545112,-0.27753013,0.051440597,0.34869993,0.030946076,-0.101009905,0.037055075,0.06939742
1081,-0.059387445,0.3870719,-0.31162822,-0.3943799,0.27578223,-0.36056197,-0.33231583,0.041275024,-0.29201692,1.4380646,2.6615353,2.4232614,1.0065217,2.3121564,2.7512097,0.02302445,0.105528474,0.16999799,0.016129375,-0.0364075,-0.04129815,-0.023858577,-0.0913108,0.22629283,0.1538552,0.021213472,-0.21054006,0.8516312,0.27525258,1.0756222,0.33092046,0.44450057,0.3375244,-0.09772694,0.021354347,-0.32826862
1082,0.2895518,-0.3109323,0.031160578,-0.17778915,-0.24086875,-0.6243353,-0.61154956,0.22857518,0.12529266,-0.39059833,-0.7332429,0.024063468,-0.19187817,-0.24903786,-0.44546843,0.18819448,0.018358052,0.03420271,0.0023109317,-0.49097598,-0.5636549,-0.16126144,0.34912446,-0.20762828,-0.28441012,-0.083652794,-1.0230141,-0.41589162,0.7222503,0.5800577,-0.6102605,-0.7482196,0.0028305054,-0.18361437,-0.38339233,0.2693222
1083,1.2903309,1.7232678,1.5237015,0.7600802,0.44908047,0.51333857,0.85600305,0.46348172,-0.19003838,0.14262876,0.055999577,0.05564016,0.5537684,1.2280822,0.10408427,0.13839872,-0.29258245,0.14395821,-0.39524007,0.458341,-0.10343063,0.1273885,0.9145795,1.254126,0.24956499,-0.3527547,0.26731345,-0.45540413,0.70429707,0.10145694,0.7684729,0.775832,-0.28295407,1.2353559,1.3615352,0.70639426
1084,0.021988392,-0.2653292,-0.19724852,0.05885434,0.37875068,0.5031316,-0.12487924,-0.32569268,-0.48079765,-0.42042893,0.33227155,-0.7447754,-0.075941324,-0.13694769,-0.17661732,-0.34980488,0.4804221,-0.029064268,-0.02342248,-0.36665213,-0.42169392,0.077634394,0.21743658,0.44596994,0.13827246,-0.5640433,-0.22754133,-0.07863626,0.54398245,0.47780973,0.085320055,-0.04726854,-0.3438897,-0.060472667,0.15180841,0.9636706
1085,0.083503276,-0.12231615,0.054341078,-0.12168217,-0.27794412,0.4350212,-0.18475467,-0.09572591,0.5586046,-0.2618642,0.08097896,-0.15271294,-0.042236358,-0.47835046,-0.21535306,0.004826039,0.17502263,-0.3586617,0.059369147,-0.33668256,-0.043380067,-0.07528287,-0.1733451,-0.044545263,0.06096798,-0.20828915,0.23772529,-0.007956266,-0.043986686,-0.36678022,-0.36607403,-0.15980259,-0.47393245,0.077188194,0.11068651,0.0058674365
1086,-0.004092589,0.4985383,-0.06582677,-0.25097564,0.74840105,0.47879988,0.5439882,0.8094198,0.56519544,-0.13371499,0.25303698,-0.41155523,0.23127012,-0.19456354,0.63047427,-0.16981044,-0.16881016,-0.5918751,-0.13863792,0.49539235,-0.10976168,0.10438864,-0.16764262,-0.045191884,0.04092636,-0.07291934,0.32012886,-0.03496637,0.35106498,-0.7173748,-0.16254023,-0.26074582,0.3235741,0.23369558,0.008195605,-0.2009367
1087,-0.25026655,0.102572024,0.06548,0.1419496,0.2593553,0.10812026,-0.49370947,-0.47326872,0.08208811,0.5283673,0.3828915,0.4040761,0.04581511,1.0715245,0.22351027,0.36343658,-0.21539074,-0.08104384,0.96280396,0.58732915,0.02860421,-0.06081432,0.08222358,-0.09852591,-0.25815648,-0.18377037,-0.08504045,-0.04166916,-0.16227227,-0.34899938,-0.253221,-0.29949784,-0.06080869,1.3559468,0.6686937,0.20879269
1088,-0.38758397,-0.10502115,0.6347635,-0.1906853,0.104188226,0.16415632,0.34919876,0.08839291,-0.10905354,-1.2835193,-0.57175297,0.3105196,-0.5255879,-0.2761482,-0.6132842,-0.2778994,-0.27105916,0.50131154,0.32868385,-0.1868656,0.22284979,-0.11200747,0.36164805,0.09091346,0.4320293,-0.15096197,-0.11017984,-0.039347824,-0.056131005,-0.3220063,0.04072345,-0.01252611,0.14176019,0.45830193,0.8382591,0.31419575
1089,0.32453033,0.29685324,0.07436999,0.32305163,0.04150328,0.59308636,-0.092960104,-0.1838038,-0.7404378,-0.014644623,0.36829728,0.100084126,0.055886984,0.13115484,-0.7424506,0.034641534,0.32059464,0.36161354,-0.4444782,-0.15495104,-0.121978626,0.38189286,-0.29635486,-0.7781007,0.39766556,0.36854652,0.35340983,-0.32124808,-0.7194583,0.6355723,0.1323697,0.21444896,-0.084683955,-0.28084052,0.41464707,-0.45222723
1090,0.42890987,-0.31527787,-0.43333352,0.0009467602,-0.51944065,-0.25901678,-0.2918223,-0.087098256,0.4272651,0.0030997992,-0.33677366,-0.4852177,-0.060888976,-0.5512601,-0.47613984,0.29782066,-0.019380257,0.5034524,-0.06972772,-0.2544861,0.22304383,-0.69615585,0.08838554,0.04508459,0.2998271,0.8581469,-0.120515734,2.97078,2.5749779,1.7617778,2.2543375,1.1826276,1.6721289,1.1613625,-0.4932275,-0.31763688
1091,0.1475627,1.5573959,0.48922005,-0.16936696,0.22658832,0.4550773,0.4443715,0.19953814,0.778503,0.9048479,-0.4488995,-0.16052283,-0.13159052,-0.061153114,-0.24784921,-0.24167171,0.06577115,-0.25712267,0.10447365,7.136166e-05,-0.116891235,0.22766256,-0.014246911,-0.06709342,0.15509741,0.003137678,-0.5810711,-0.006995961,-0.40483588,-0.29478985,-0.10313591,0.50057167,0.18750243,0.7395921,1.0849369,1.4002442
1092,0.59889,-0.123773456,0.27660704,-0.26097834,-0.24142551,-0.014031395,-0.30521846,-0.11526339,0.0073639154,-0.22020197,0.2597984,0.070850834,-0.3327533,-0.5769572,-0.11948502,-0.132177,-0.2253524,0.29580665,0.09382594,0.8618773,-0.13830963,0.7256596,0.7785376,0.13905933,-0.026237607,-0.037234426,0.39925113,-0.08923165,0.39401624,-0.5922862,0.25407812,-0.8519546,-0.74900895,-0.6616043,0.16142488,-0.2692454
1093,-0.114418924,0.6854438,0.8042119,0.34504795,-0.022777364,-0.075968325,-0.15681162,0.2260307,-0.4101832,0.5511899,0.7968831,0.3041708,-0.06962693,-0.17853226,-0.051743984,0.54738665,-0.054307558,0.0024634898,-0.23033285,0.23575519,-0.13395947,0.27756804,-0.10193664,-0.106942534,-0.41721943,0.5648512,-0.6850046,-0.32416245,0.5829634,-0.51227164,-0.5477383,-0.04324965,-0.34842885,-0.05975786,0.110346176,-0.17877734
1094,0.13836089,-0.02955246,-0.050768137,-0.12773919,-0.23320568,0.21763194,0.0053503513,0.008891463,-0.22613665,-0.022435367,-0.28033423,0.7082287,-0.12062232,-0.410205,0.08914518,-0.09193784,-0.04651779,0.07332671,-0.017920256,0.10693437,-0.37454033,-0.19838178,-0.050035536,-0.28487468,0.05709064,0.07491058,0.22436547,0.21535727,0.42180583,0.19418159,0.2842677,-0.46612793,0.41874802,0.43410033,0.29885903,0.055390775
1095,0.24238718,-0.1937514,-0.3505882,-0.28735065,-0.31550997,-0.09086204,-0.20726609,-0.27725112,-0.790867,-0.120714486,-0.30761755,-0.17319292,-0.10227561,-0.25071853,-0.29006255,-0.21674776,-0.31469372,0.6440023,0.3779012,0.96956396,0.079381704,0.023045301,0.19434312,0.4569462,0.16336706,0.27631307,1.4137862,1.0270017,0.70329064,0.48541707,1.3247526,0.7812863,0.9770974,-0.19809991,-0.5169072,-0.39607164
1096,0.04459697,2.3608994,1.3925043,-0.4142607,-0.6451829,-0.4992157,1.371584,0.05316688,-0.051813334,-0.23915839,0.036161184,-0.13443695,0.0031051785,-0.9685086,0.24143058,-0.2600199,-0.024709344,0.5159629,0.61084485,0.5308953,-0.3308022,-0.15848804,-0.08113332,-0.7212907,0.0559296,0.15649794,-0.78554046,-1.0300002,0.12131503,0.10289922,0.18140367,0.25238526,-0.065163225,-0.4222322,0.28491366,-0.25730008
1097,0.2565046,0.34755033,0.0930208,-0.3177334,-0.10694526,-0.96246415,-0.5079706,0.42517316,-0.31779242,0.05521202,-0.4111982,-0.27415955,0.15999365,-0.61472106,0.4060319,-0.19433856,0.16088313,0.922549,-0.32030666,0.16218948,-0.3457985,0.24094355,-0.23356934,0.45643842,0.6581441,1.4407203,1.6048207,0.58750033,0.9966079,1.2798805,1.1741757,1.5376961,2.516833,-0.4265017,-0.4014036,0.29914856
1098,0.17820156,-0.044220954,-0.0980252,0.08835316,-0.045611113,0.27027085,0.03765309,0.055173904,-0.24035048,0.023138762,-0.009084493,-0.31159258,-0.03276491,-0.4045313,-0.2631396,0.047459543,0.24452683,0.33589178,-0.92517346,0.561098,0.17986153,0.28414863,0.3214954,0.4387741,0.63083416,0.11370905,0.7305615,-0.13190114,0.2076281,0.058537975,0.07606804,-0.052589532,-0.48018324,-0.33188182,0.05255443,0.22062624
1099,-0.07694888,0.53647286,-0.21231097,-0.11636686,0.09745346,0.8861511,4.6209435,3.421841,4.4043317,0.52391523,-0.05028228,-0.03108181,-0.27450544,0.280306,-0.10210976,0.10266966,0.34038767,0.018978238,-0.05807787,0.16648859,0.21891469,0.006254554,-0.26023117,0.5724821,0.13141125,-0.12479468,0.14998709,0.55626416,-0.110774264,-0.31426132,0.18781286,0.3622198,-0.24186337,-0.18429647,-0.14854576,0.058173448
1100,0.049858503,-0.005687749,-0.038553864,0.5647949,0.416775,0.70083404,4.454619,6.2222257,4.1465654,0.046556115,-0.16166382,0.14118886,-0.054409266,0.2043854,0.29515782,-0.14947042,-0.07369195,0.083974704,-0.021831602,0.14326571,0.002737835,-0.0625709,-0.0048288982,-0.054418772,-0.15610692,-0.102186985,-0.3771537,-0.4972061,-0.07147367,-0.113578446,0.58512574,0.6457647,1.4652114,0.42787126,-0.018889595,0.05943869
1101,-0.112785816,-0.31407014,0.45367157,0.6221061,0.06712307,-0.48966575,-0.33107334,-0.41696504,0.1316326,0.0905149,-0.26374814,-0.31375802,-0.16943991,-0.48982266,-0.035339586,0.014328092,0.6556307,-0.07786393,0.6150229,-0.085096,0.004159957,0.41762578,0.07179406,0.042247385,-0.10523778,-0.26405776,-0.38712472,0.08880381,0.17981774,0.2434741,-0.21902372,-0.011035055,0.3684696,0.6555418,-0.37832633,0.95496714
1102,1.3285182,2.3867767,2.6400716,-0.20908976,-0.29522192,-0.29310396,1.8001083,1.5918396,1.3718158,-0.07197344,-0.24610138,-0.2937246,0.42444083,0.42161036,0.16053933,0.0025611408,0.016802669,0.2810977,-0.068496704,0.0014809286,-0.23724449,-0.21306573,-0.15040499,0.2571477,-0.017829001,-0.27031153,-0.16348529,1.4884162,1.7513372,1.7745302,-0.31347245,0.7897786,0.52018577,-0.20353425,-0.5570503,-0.37480995
1103,0.27175826,-0.48044795,-0.7923633,-0.24588111,-0.17476642,0.05101013,0.16589022,0.21713531,-0.48220852,-0.4900204,-0.03371647,0.07297984,-0.2390086,-0.040239155,0.010895878,-0.2990371,-0.097893596,0.004602596,0.26212984,0.62245166,-0.5312941,0.19512719,0.55424714,0.67962575,1.9439261,1.3817698,1.0562608,0.21185887,0.6151029,0.44312054,1.1425146,0.91305435,1.3581266,0.017860055,-0.09535411,-0.3400417
1104,-0.42254546,0.09903699,0.31751072,-0.042014778,0.26605445,0.7804623,-0.6281705,-0.27299917,-0.58971894,-0.62776667,-0.46831238,-0.55137473,-0.30181378,-0.49323338,-0.32696027,0.41802126,0.69280344,0.059765577,-0.17505638,-0.21821561,0.58813846,-0.27351993,0.16483735,-0.31043234,-0.079678655,-0.06690788,0.033409983,0.15638757,-0.06082964,-0.2842567,0.17050405,-0.2619421,-0.016711324,-0.28368053,-0.1406242,0.23196045
1105,2.224785,3.2973616,2.34873,-0.16475776,0.1870724,-0.48442808,1.9447968,2.0246456,1.192698,-0.16892725,0.29150668,-0.09485227,1.2706558,0.27273077,1.8575323,-0.11636591,0.027327597,-0.11407119,0.031953245,0.07442626,0.17625004,-0.21709633,-0.10584015,-0.015731215,-0.35051233,-0.23747513,-0.45137638,0.2640875,-0.18843922,0.5048604,-0.10513204,-0.18163255,-0.22046743,-0.12313604,-0.19188929,-0.29179937
1106,3.3433774,2.476317,1.9627776,-0.0066331625,0.091145575,-0.2393065,1.8036156,1.9465435,0.84724563,0.057496488,-0.15661132,-0.5268413,1.8490813,0.8387817,0.7465362,-0.25882667,-0.06881082,0.19172025,-0.20439196,0.039306343,0.26717243,-0.10468024,-0.1131469,-0.017452538,-0.007276833,-0.2526995,-0.16736603,0.88566345,0.6217306,1.6534898,0.34803855,0.7274743,0.3524648,0.41348675,-0.13171318,-0.23614895
1107,0.027671456,-0.5015004,-0.055622935,-0.40008187,-0.15008976,-0.002934128,0.07756543,0.034378268,-0.67186093,-0.106270075,-0.14529014,-0.16939926,0.052755296,-0.77221197,0.027034044,0.004251361,-0.16083139,0.8180493,0.24479091,0.5283592,0.33685917,-0.029333979,0.59671843,0.23089239,0.40586823,0.37586454,1.7003798,-0.46072572,0.24297643,-0.21332347,-0.2627898,-0.46807325,-0.46408835,-0.18734436,-0.29288572,-0.81187475
1108,-0.13630927,-0.2170622,-0.035800934,2.062049,2.0297465,1.2224076,1.0696263,1.5652705,2.7027497,0.18359506,0.034703672,0.3204,0.5453833,0.057163954,-0.22829813,0.22491205,-0.20454365,0.02456884,0.014168024,-0.14230365,0.11934536,-0.2381952,-0.5374347,-0.4290857,-0.22398472,-0.74189925,-0.47716266,-0.11441228,1.5494817,0.28729406,0.37985486,0.98277104,0.18697178,-0.005178213,0.386999,-0.8227217
1109,0.03185214,-0.33011803,-0.60869724,-0.639391,0.31823757,0.5450392,-0.92176855,-0.58370125,-0.746583,-0.1846676,-0.3583607,0.0020808876,0.061819702,-0.43030104,-0.5250822,0.03455827,-0.06774976,0.061956525,-0.88826704,-0.13358596,-0.1498959,0.36535236,0.028563946,0.1334794,0.17101601,-0.28563315,0.05504168,-0.12763056,-0.096285835,-0.029604107,-0.2872108,-0.78294486,-0.1490005,0.15727991,0.27367634,-0.22411446
1110,0.41485238,0.26484582,0.26281497,0.22396544,-0.05541548,-0.6734465,-0.022816867,-0.5474101,-0.24551636,0.023381267,-0.35297152,0.34861347,-0.22254299,0.07370791,0.14190903,0.84691906,0.21914709,-0.22710283,0.26421648,0.0034631714,-0.120802104,0.013802566,0.7586046,0.28161862,0.33055162,0.7048887,0.96004885,0.015152305,-0.052892424,-0.5370282,0.15609047,0.034970284,0.123350754,-0.056966215,-0.24737626,-0.026552662
1111,0.34233773,0.23748784,0.6024897,-0.17148593,-0.62030244,-0.49516588,-0.18960002,-0.049197547,0.6817441,0.09954864,-0.12150915,0.10756481,-0.032347642,0.25233448,0.1433789,-0.09480487,-0.07941218,0.24275947,-0.039923355,0.2543708,0.3086428,0.18253419,-0.27617756,-0.20202594,-0.7133697,-0.33957735,-0.53110355,-0.24352932,-0.04670559,0.011749327,-0.23969428,-0.99056756,-0.5995581,-0.35330778,0.21695654,-0.17127442
1112,-0.16778794,-0.0708133,-0.4820344,-0.0022053719,-0.18548745,0.8839786,-0.0011933446,-0.18476148,-0.0019376278,-0.028734207,0.049818277,-0.7190592,-0.16814661,-0.34336516,-0.52982974,-0.18367746,-0.17057931,0.6161846,0.048379183,-0.21084975,-0.13401335,-0.0119639635,-0.06635958,-0.1662085,0.034687877,0.2879781,0.28672528,-0.25211477,-0.58586526,-0.51522255,-0.07809484,-0.04586667,0.44607013,-0.20636147,0.07941361,0.05698502
1113,-0.048688203,0.0371847,-0.40842932,-0.38895345,-0.00054970384,0.523561,0.09296185,0.43348962,0.16877154,0.3355775,-0.29547065,0.2045596,0.1360777,-0.23721972,-0.014034629,0.38758177,-0.45625737,0.16712958,0.8420894,1.0387497,-0.08917928,0.15822038,0.18167755,0.050982237,-0.06698418,0.27924475,0.3367797,0.053548038,-0.25543618,0.40104198,-0.032461405,0.36577296,0.12370592,0.1247468,-0.11300099,-0.3795079
1114,0.85486174,0.9484182,1.3350455,-0.10627365,-0.46377808,-0.13870326,1.1462772,0.4169699,0.87399215,0.09173596,-0.09302147,-0.7468684,0.43900523,0.8576207,0.5535889,-0.29345748,0.26381487,1.3117905,-0.020160079,0.34033412,-0.36494142,-0.12597793,-0.31357396,-0.33604792,-0.46295667,-0.74691296,-0.55344003,0.27129558,-0.5188436,-0.3946219,-0.2293176,-0.3220445,0.4921586,0.46291077,0.20929107,0.1933378
1115,-0.10641545,0.020508766,-0.5699432,0.48289216,0.37307435,0.63507974,0.097792104,0.43752322,0.2354085,0.10294533,-0.10502243,0.07605344,-0.2462914,-0.15950698,-0.079765715,-0.037920475,-0.43858442,-0.81339383,0.300084,0.32840404,0.5184308,-0.4057091,-0.64868414,-0.14975393,-0.6515668,-0.48452306,-0.6802397,-0.11282982,0.07470149,0.13620615,-0.010880649,-0.13710535,0.11032134,0.042101026,-0.36290264,-0.3668938
1116,3.178271,1.500695,1.117533,-0.25569,0.2608757,-0.10194423,2.2992902,1.3354617,0.36520547,1.0000466,0.9586046,0.18439826,2.304617,0.55548155,0.75660187,0.21053767,0.9423956,1.0972356,0.30804706,-0.1573497,0.19702959,0.87066674,2.034289,1.4293901,1.1122947,1.4016615,0.51763743,0.22457993,-0.16343306,-0.016042292,0.09876463,0.3239075,0.042877182,0.32268324,-0.1162685,-0.18710583
1117,0.25404286,-0.20097446,-0.40310234,0.010989189,-0.18478513,-0.08607003,-0.1920383,-0.24984357,0.2062746,-0.15653288,-0.11562805,0.1573647,-0.4407936,-0.7503971,-0.19179165,-0.18476361,0.15270561,0.3915757,-0.17179656,-0.102100685,-0.033823848,-0.19784254,-0.19079882,-0.40136972,-0.19354987,-0.49765384,-0.5363365,-0.3934325,-0.19989347,-0.18213949,0.06783196,-0.43319836,0.022649944,-0.18523067,-0.8145567,-0.17891563
1118,-0.38093555,-0.23733258,-0.088642776,0.069548786,0.5428617,-0.22736026,-0.38644308,-0.5814874,-0.040617406,-0.45762706,0.2357561,-0.17730215,0.040433973,-0.6098552,0.48783493,-0.23890875,-0.5933441,0.0526464,0.14386004,-0.13363671,0.21372165,-0.31720608,-0.81054914,-0.44027916,-0.52426374,-0.30717188,-0.2441293,-0.41648787,-0.15960354,-0.28946188,-0.75497776,-0.6016935,-0.13548349,-0.4649405,-0.15125535,0.036590695
1119,-0.03608483,-0.10886727,0.23914135,-0.075951576,-0.9171039,-0.14912209,0.23570585,0.356525,-0.030987144,-0.38656688,-0.009744734,-0.17551273,0.39234734,0.0065326393,0.20927036,-0.0070920736,-0.097466126,0.23064205,-0.36121178,-0.18884772,-0.13541043,-0.4443449,0.19042319,-0.022679687,-0.6975908,0.088694334,-0.32155296,0.35141537,0.43288302,0.048054755,-0.0056017935,-0.1504261,-0.26163012,0.037775815,0.2458109,-0.27940822
1120,0.032601386,0.5074599,-0.2699086,1.0494578,0.8544508,0.95262265,1.4002194,1.5680306,1.2310678,0.029512532,-0.31082204,0.2111165,-0.2692277,-0.16416416,-0.17694286,-0.6116574,0.085321315,-0.26756456,0.65236765,0.13213725,0.20663428,0.78284985,0.25151393,-0.093144,2.6418946,0.62777054,1.2256097,1.2069098,-0.23691301,0.34186563,2.4150157,3.4309838,1.2834324,-0.2658877,-0.13823643,0.03457424
1121,1.74491,2.2963905,0.8624943,0.26189137,0.49375993,0.2999842,3.013443,5.368483,1.2047281,-0.13306092,0.1017877,0.18307772,0.05386094,0.25464058,-0.41020644,-0.19389805,-0.4826368,0.0635854,0.21527922,0.0029641911,-0.003931761,-0.38926768,-0.04829456,0.014270127,-0.14580745,-0.21055663,-0.35028762,0.8447145,0.6588496,0.5024481,0.13409624,0.97112215,0.7502428,-0.1664708,0.31639656,0.013971984
1122,3.6947389,3.676621,2.201302,-0.7740697,-0.12990844,-0.47450125,0.6464213,2.3628552,1.9791054,0.014894605,-0.1672274,-0.314582,2.0133026,2.0340345,1.6626964,-0.07975817,0.14282778,-0.40217513,0.1158452,0.5067605,0.35039738,-0.2753138,-0.12608874,0.05019042,-0.41122666,-0.30736512,-0.29759628,0.19474936,0.20289403,0.2568857,0.24513137,0.27389225,-0.20447928,0.42085397,-0.098733485,-0.4547966
1123,-0.3778754,-0.45533565,-0.7776366,-0.6039932,0.32488582,-0.44395733,-0.051100492,-0.71737033,-0.30091637,0.20016849,-0.5828085,0.22590134,-0.13879168,-0.11219263,-0.0065774918,0.26741612,0.056257486,-0.16318789,0.5155107,0.94132274,0.822099,-0.2632919,-0.45314628,-0.1384826,-0.3336117,-0.25622654,-0.5233867,0.25813583,0.62860966,0.84902,-0.32940435,0.26819253,-0.60823977,0.13139021,0.6009202,0.07066181
1124,-0.3720132,-0.6127486,-0.023590676,2.7222223,1.894754,-0.14742261,1.3220786,1.0756719,0.020111706,-0.54577196,-0.43288794,0.1568399,-0.82192016,0.09509981,-0.22854418,-0.4270805,-0.3991357,-0.31630385,0.09494215,-0.10930586,-0.31025177,0.10666424,0.14126123,-0.33463156,-0.1987662,-0.11231482,-0.6747019,2.12849,3.2603781,2.9133313,0.18504462,1.0813824,1.1319201,-0.5325325,0.16343984,0.22561692
1125,0.10065678,0.17618388,-0.3315151,-0.5599466,-0.036496807,-0.03737104,0.102703065,0.058192752,0.043029904,-0.5878018,0.39260402,0.16696204,0.38183412,-0.2940409,0.18149424,-0.40283132,-0.11500162,-0.122978866,-0.034284115,-0.2680056,0.052267194,-0.028180957,-0.7478446,0.071522474,-0.688047,-0.046288013,0.08290622,1.0217445,0.99683905,-0.19231862,-0.42790318,-0.24311775,-0.40751693,-0.26562944,-0.27362245,0.3484531
1126,-0.18076606,-0.011957869,-0.4318639,-0.26847312,-0.2060762,0.016518593,0.27118748,0.14389735,0.07210314,-0.04767415,-0.17208676,0.17614037,-0.19011956,0.1680663,0.025047898,0.42406768,0.24739614,-0.18317437,-0.10365182,0.20803271,0.022407234,0.08970909,0.20342591,0.24790052,1.2306932,1.3131542,0.785932,0.05306658,0.35482654,-0.20914018,0.21573275,1.561698,1.5568182,-0.21412185,-0.54523444,0.28788006
1127,0.1487852,-0.2491219,-0.0989413,0.5484555,-0.0001757741,-0.33360136,0.3094179,0.020715252,-0.35467368,1.4169178,-0.6183416,-0.47124392,-0.7532972,-0.3101172,-0.117766365,0.24048227,-0.9617252,-0.32691127,0.28622544,0.045713767,-0.25455403,-0.10954267,-0.16254735,-0.7320187,-0.500269,-1.1203858,-0.14153302,-0.018935591,0.8566359,3.3065026,-0.29250368,-0.35838127,-0.78914833,-0.09928683,-0.47156456,0.12833606
1128,-0.110154964,0.28775063,-0.11816144,-0.8498446,-0.39928982,-0.36813927,-0.3222264,-0.56946504,-0.31781188,0.22821313,0.27282313,0.3435672,-0.4991648,-0.21763659,-0.65946585,-0.47759986,-0.9544921,-0.23348577,0.42502668,1.1324656,0.122133255,-0.53298557,0.050243795,-0.23901527,-0.08736166,0.1557987,-0.48485285,-0.12803885,0.09768975,0.2927082,-0.94566345,-1.0194976,-0.016975552,0.8507552,0.00043588877,0.021382809
1129,0.33908084,-0.025643455,-0.061956644,-0.010947555,-0.09027186,-0.6453736,-0.64905983,0.059638202,-0.06953251,-0.09573051,-0.74549127,0.25949734,-0.47815427,-0.7304916,-0.15205419,-0.22084862,-0.21674895,-0.027201474,0.09281825,-0.4831375,-0.11987817,0.29057425,-0.32352015,0.14242873,-0.34195244,-0.37195998,-0.27681786,-0.53547597,0.17459476,-0.26581156,-0.52199143,-0.5065578,-0.4535439,-0.12209284,-0.63488716,0.022152245
1130,0.53067845,0.1360321,0.06063749,-0.55927,-0.119501114,-0.26586866,-0.036061406,0.16421548,-0.29438716,0.079517365,-0.10609186,-0.345636,0.10508034,0.102437675,-0.33706772,0.04698226,0.19136615,-0.018076569,-0.13842212,-0.4666198,0.27366924,-0.06675431,0.040405337,0.37219167,-0.49004263,-0.34383136,-0.38106912,1.2371902,1.8415066,2.4920177,-0.45350596,0.31114787,0.8104761,0.18552805,-0.113942385,-0.119826525
1131,0.71417135,1.3735533,1.3803997,-0.32481745,0.3189683,-0.122053966,0.27619177,0.078440666,0.57048595,1.8908442,2.5440302,1.8689501,2.8156042,1.6147852,3.0968246,-0.0910669,0.29299426,0.20491993,-0.12022966,0.14954197,0.04219961,0.18706983,-0.09953962,-0.16973,0.31711286,0.1561127,0.15014726,-0.08055776,-0.006263137,-0.17130154,0.34697542,0.5220406,0.7572895,0.27415878,-0.049215555,-0.08111331
1132,0.12552744,0.14287603,-0.07106453,0.038960755,-0.5820194,-0.022908509,-0.11437112,-0.10672414,-1.147912,0.031848848,-0.4090555,0.10207629,0.041149795,-0.040705323,-0.21703008,0.9437667,0.47097844,0.91728264,-0.060221307,0.10718125,0.09267181,1.1425312,1.3913835,0.3680164,2.9407942,2.057253,3.1876144,0.20272186,0.238249,0.5618001,0.8921976,0.82933116,0.4426604,-0.3806821,0.111085355,-0.07498221
1133,-0.01638721,0.106166765,0.11609882,-0.24246073,0.4294541,0.3918079,0.44696832,0.20602974,0.033854872,0.33081436,-0.03901726,0.06797218,0.020723253,0.14895368,0.12432939,0.07030682,-0.045604423,0.0937718,-1.0142345,0.036978096,0.08857733,0.22550306,0.014631972,0.19472785,0.045595974,-0.1344463,-0.060510516,-0.3110662,0.3029247,-0.12173185,-0.25551635,-0.080777854,-0.25397354,0.372926,0.08890686,0.11783081
1134,-0.18849853,-0.25162277,-0.051122725,0.1251597,1.7497804,1.6339778,0.657143,-0.05859168,0.07521379,-0.018346898,-0.0056933314,-0.1172564,-0.06160301,-0.33250642,-0.20990115,0.06791368,-0.24895656,-0.08109835,0.35238412,0.2626278,0.026254714,-0.10776694,0.18814117,0.017341971,2.9430318,1.5752171,2.1975718,4.0383315,-0.008351564,0.13338976,5.1088467,5.6016827,4.194346,0.15564494,-0.083232716,-0.26599133
1135,-0.7370106,0.008099854,0.26750067,-0.0011661649,0.5865842,-0.21251822,0.152893,0.6828158,0.16987371,-0.3767323,-0.570098,0.3118357,0.39624882,-0.08705711,-0.21106303,0.107596464,0.46620065,-0.44272864,-0.3385073,0.30177787,-0.013688803,-0.31789142,0.3993355,0.05087611,0.006692648,-0.7123538,-0.1477952,-0.3706925,-0.030473942,-0.046592593,-0.20160943,-0.7566114,-0.10588801,-0.13326469,0.11990747,-0.026865005
1136,0.66923505,-0.22251236,0.21450809,-0.11464423,-0.23916021,-0.35210767,0.16180561,0.07343456,-0.009859502,0.20575534,0.022530973,0.33974963,-0.22654888,0.18441738,0.08966744,0.1805691,0.14953396,0.44039097,0.62958616,-0.095284045,-0.023752809,0.3620608,0.1662569,0.20282912,0.14268595,0.22201364,0.020542622,-0.2256043,0.4393701,0.018313527,0.513497,0.30759692,0.40345013,0.07839477,-0.08413392,0.16286588
1137,-0.59077674,-0.4005649,-0.3803841,0.43653223,1.2991874,1.0767511,0.35608923,1.5453836,0.53588325,1.6891687,0.5197555,2.0619762,0.37144187,0.11251567,0.02491641,-0.05180787,-0.119999066,-1.1464052,0.52472126,0.25670284,-0.51112145,0.073994696,0.1054156,-0.20796856,0.17139047,-0.24002013,-0.4159456,-0.24969012,0.415246,-0.009083152,0.0154031515,0.1908282,-0.7160195,0.47604915,0.42346975,0.37367904
1138,1.1414814,2.2659068,1.7536278,-0.060556293,0.18342975,-0.1557765,1.4773202,1.2157961,0.5564763,-0.3517026,-0.19130947,-0.17340311,0.2055427,0.19864306,0.3134505,0.019374698,1.8414086,0.669025,-0.3612687,0.26969108,0.09587997,0.20479076,2.5000973,0.5227074,3.2517803,2.744533,1.8557315,-0.053268224,-0.23519957,0.21779895,0.22943917,0.044349045,0.28380424,-0.07460195,-0.2122592,0.07111931
1139,-0.25254518,-0.68621653,-0.076759726,-0.18514061,0.12701762,-0.11449641,-0.5440415,-0.06943306,-0.14974552,0.018494338,-0.02881813,0.14066142,-0.28605175,-0.102693304,-0.13650662,-0.08805728,-0.068779945,-0.07684034,0.45827913,0.082707465,0.050649762,-0.1411146,-0.12959737,0.061505377,-0.27589187,-0.3478698,0.005397558,0.056927174,-0.015500218,0.02440536,-0.48301524,-0.18265682,-0.17105293,0.46625924,-0.28862613,0.30741882
1140,0.19657248,-0.08180937,-0.057044327,-0.9719808,-0.29844233,-0.046671987,-0.4383856,-0.025812238,-0.10942179,2.3307424,0.6343155,0.24351579,1.3390555,0.002002418,0.077242374,0.70300484,0.46249765,0.053481817,0.32772493,-0.016654164,-0.04565668,0.755597,1.1570066,0.12351823,0.82477474,0.35643852,0.08942747,0.38306046,-0.0833289,-0.10587877,0.10886356,0.14138037,-0.15820032,0.4277329,0.45888752,0.13270265
1141,0.084673,0.2956424,-0.44071746,-0.18801406,-0.24316795,-0.18642749,-0.0647901,0.15231735,-0.34641588,-0.14929277,-0.35296947,-0.38168135,-0.06115663,-0.08285266,0.27080888,2.1282868,2.1287892,3.1683476,-0.2480953,0.31946686,0.21143752,0.35841778,0.6826785,0.81636417,4.7846646,4.839888,5.6494718,0.20026451,-0.58512807,0.029433072,1.2952502,0.78628683,0.9377601,-0.107966065,-0.06628755,-0.19209406
1142,-0.4396839,0.05990976,0.4098299,-0.41107708,-0.12074627,-0.2124415,-0.0056352764,0.45031142,0.08429992,0.21546602,0.4222466,0.100097954,-0.77794003,-0.5315676,-0.009454519,0.07260703,0.5182376,0.43394127,-2.0690215,-0.11128652,0.076655984,-0.25310588,0.23429586,-0.22880697,0.15059799,0.28365678,0.1914182,0.32213664,-0.15668291,0.34027365,0.101348154,-0.040508155,-0.2117829,-0.4210527,-0.50080764,0.09713352
1143,-0.5045148,0.092814505,0.053370714,-0.66368836,-0.42296088,0.20221817,-0.3189572,-0.33960292,-0.4646079,0.3623266,-0.45702755,-0.090001166,-0.3117088,-0.0013060309,0.09710938,-0.28503543,-0.17154722,0.013028026,-0.050602317,-0.2599666,0.11925316,-0.1271218,0.16407155,0.40877956,1.4471854,0.38014695,-0.18705547,-0.10472274,0.033320725,-0.28633243,0.016754813,0.21008408,0.35986978,-0.46574426,0.027030647,-0.010477483
1144,-0.06328117,-0.40956452,-0.14374301,-0.23467189,0.16060653,0.38731802,-0.18786119,-0.43441346,-0.42932263,-0.24003392,0.5513918,-0.112633854,0.0029541254,-0.33112165,-0.103863716,0.4006077,0.15921816,-0.45380747,0.315876,0.013679162,0.09600301,-0.22895266,-0.21346769,-0.40146446,-0.14073206,0.30482814,0.19659983,-0.24319294,-0.026089303,0.059373245,0.347419,0.11962483,-0.28439662,0.47053573,-0.22071317,-0.19958478
1145,-0.50834763,0.01973398,0.30211577,-0.47982445,-0.10953853,-0.111274555,0.25361955,-0.14684805,-0.06969309,0.610524,-0.35673368,-0.13166863,0.1878277,-0.029609382,0.050156593,0.3446374,0.033650786,-0.00029176474,-0.99872863,-0.3169965,-0.08259189,0.30126756,0.09163463,-0.33581108,0.078106314,-0.16395852,-0.07785973,-0.30485845,0.4882997,-0.011670351,0.35764885,0.16385001,-0.11028798,-0.4435054,-0.011408893,0.02436459
1146,-0.31939155,-0.023536846,-0.092716396,-0.32392907,-0.12555757,-0.060183287,-0.21472633,0.1354691,-0.059107304,-0.4827952,-0.020028144,-0.13727951,0.45453537,-0.22206369,-0.035648108,0.037052393,0.14748272,-0.017481685,-0.2529807,-0.09829905,-0.052519917,0.29571736,0.11034274,-0.075567186,-0.650195,-0.33827844,-0.101634204,0.37400138,0.048620224,0.025592089,-0.17894483,0.105757356,-0.1375187,0.29876,0.1290716,-0.11193186
1147,-0.5551103,-0.08338916,0.4767379,-0.70086634,0.34257823,0.041509032,0.3098101,-0.21528265,-0.33265424,0.12877968,-0.09564066,-0.24216649,-0.15937084,0.24083668,-0.40109986,0.60351515,0.040481538,0.0395419,-0.93564975,0.7145483,0.1318888,-0.8024721,-0.17205048,-0.11158073,0.00951615,-0.5098461,0.03209424,-0.13828927,0.32446918,-0.13059783,-0.443977,-0.31341735,0.17630923,-0.40130284,0.16131243,-0.101866364
1148,0.391994,-0.64226866,-0.2618332,-0.04718578,-0.7505928,-0.27059972,-0.57318425,0.38603532,0.07092321,-0.015838861,0.32933804,-0.35142612,-0.20499659,-0.54671764,-0.25341046,-0.31074572,-0.3067283,-0.27076256,0.71135396,0.21059254,0.1759659,0.2505973,-0.12795421,0.25137272,-0.122813165,0.030183531,-0.34459633,0.18452865,0.82972157,0.050574303,0.20717499,-0.06595099,-0.17931533,-0.14229889,-0.03792849,0.31124437
1149,0.4234829,0.2416498,0.11773491,-0.26298112,-0.37200963,-0.30880654,-0.17126656,-0.27554196,-0.5251951,0.4186352,0.3112552,0.031837136,-0.07206434,-0.3755482,-0.08040023,0.989324,1.0873637,0.6878823,0.10117757,-0.5651922,0.05506873,0.48171318,1.1722422,2.3577871,0.6255109,1.1559919,1.7536886,0.8150255,0.6124185,0.71535414,1.4213125,1.9969432,2.310892,0.66409963,0.42534688,1.4499714
1150,0.024597555,-0.11761047,0.11541748,-0.08802247,-0.037826866,-0.09367764,-0.48405525,-0.4538564,-0.06431559,3.4269319,1.6202258,0.4702859,1.047265,1.5814986,0.25724018,0.16989255,0.93339944,0.20211837,0.05698034,-0.058423936,0.026616573,0.6437826,0.31731334,0.36790854,0.53677005,-0.2789221,0.072143376,-1.2716148,0.053820238,-0.010052502,0.13357055,-0.036792308,-0.07968056,0.0015472695,-0.02270341,0.024270952
1151,0.40731215,-0.102112964,-0.13232195,-0.30259863,-0.28104517,-0.37158322,0.023259073,0.5325748,-0.39958504,-0.04624158,0.1386039,-0.13697627,-0.06813973,-0.40799594,-0.35083854,-0.18056834,-0.27340096,0.2127822,0.16265106,-0.00078618526,-0.022141188,0.034041006,-0.32520026,0.06642772,0.16254568,-0.45361054,-0.030643702,0.29082215,-0.4621833,-0.012069225,-0.11147281,0.9078338,-0.033116043,-0.30091032,-0.0075192004,0.05977422
1152,0.041170478,-0.11270943,0.009643018,0.0769912,0.23724622,-0.24529442,0.04880047,-0.44999865,-0.059724927,-0.043762803,-0.4647321,-0.10451856,0.08787191,-0.14254439,-0.3864715,-0.066911876,-0.18923481,0.24990618,-0.055158377,0.086438194,-0.16264755,0.28358322,0.040434048,0.060693204,-0.19799417,0.34468395,-0.18596011,0.007987499,-0.32518315,0.47221887,-0.004279852,-0.252868,-0.1162684,-0.013882995,-0.082662456,-0.13029575
1153,-0.26691446,-0.121175736,-0.42730412,1.7786818,0.8359916,0.42632967,3.6345754,0.74536955,1.0872444,0.12436685,-0.3853323,-0.02830875,-0.35432458,-0.20236906,-0.48104763,-0.18980387,-0.7413151,-0.3497442,0.11149438,-0.08927671,-0.052397132,-0.018591702,-0.19559641,-0.116683066,0.21779267,-0.14507097,0.241413,-0.16402042,0.12902495,-0.14905506,2.3245301,2.2327666,1.5248132,-0.05730754,0.04390341,-0.3539248
1154,-0.0212484,-0.098668694,-0.07701534,-0.0045677423,0.15217549,1.0487702,-0.0060370564,0.06431109,0.0934034,0.018265367,0.06613064,0.23153698,-0.024339914,0.16847818,-0.12870371,0.020362556,-0.07296911,0.0016798377,-0.120808125,0.098358706,0.13432962,0.11843419,0.13055754,-0.063281864,-0.05507499,0.39195293,0.3984174,0.023778498,0.3223988,0.1197809,0.013055682,-0.14920843,0.19349676,-0.11274755,0.42296106,0.006455004
1155,3.9174995,3.190435,2.97975,0.115180254,0.17572239,0.7039967,1.6026336,1.9507818,1.0644479,-0.1953268,-0.16649716,-0.19284666,1.8598721,1.6885195,1.0433297,-0.79261565,0.22957435,0.11014491,0.5481162,0.24416137,0.008651376,0.23490852,0.3356623,-0.2254416,-0.07161909,-0.2185309,-0.09860462,0.8908223,-0.009864271,0.3258252,-0.0230847,0.6517457,0.32771832,0.1347198,-0.25968546,0.07930058
1156,3.8725653,3.518128,3.7762048,2.241828,2.6487212,2.906138,4.28928,3.6939895,3.1589098,1.1557536,0.056081682,0.12448686,0.87255037,1.4676793,0.36398196,0.42530498,0.1743876,0.080396295,0.21572071,0.13322723,-0.08396101,0.82348883,0.4232926,0.76336634,1.2386405,1.8375281,1.1017895,-0.27663147,-0.2719313,-0.15567058,-0.13222575,-0.28814635,0.038688123,0.95872235,0.81962264,0.8357177
1157,0.16139996,0.2843662,-0.057732284,0.06547922,-0.15146491,0.02940613,0.20824933,0.0033118129,-0.09176451,-0.005030632,0.9198849,0.5650655,-0.03290981,0.85392946,0.54364336,-0.13001028,0.20190449,-0.36994332,-0.26979494,-0.3381753,-0.32855073,-0.54228073,0.21748391,0.15657282,-0.29589403,0.17574883,-0.2457959,-0.09428217,-0.31279957,-0.24003321,-0.15583718,-0.057920963,-0.020476222,-0.10190372,0.039621234,0.033150375
1158,-0.7393267,-0.26750645,-0.15941042,-0.37924016,-0.061503857,-0.22860777,-0.5154149,-0.13089469,-0.33208233,-0.33815998,0.05510567,0.50231254,0.17127353,-0.11655387,0.17296368,-0.493597,0.2431233,0.018204093,-0.14443797,-0.25086522,0.09998661,-0.3307441,0.29848224,0.12485784,0.20379126,0.0030290456,-0.043083727,0.23993772,-0.044239998,-0.17678612,-0.3445753,-0.038087726,-0.0071557164,-0.16750804,0.024931729,-0.04895264
1159,-0.12810332,0.0967338,-0.24258883,0.016826034,0.087174594,0.43217546,0.023422182,-0.014681667,0.011774063,-0.022589743,0.063482165,0.17340517,-0.009821475,-0.050021857,-0.008097887,-0.093280435,-0.08707625,-0.16325897,0.0030575395,0.0784173,0.05748582,0.008393288,-0.012074709,-0.19368553,-0.024211347,-0.08200865,0.21480346,-0.08861452,-0.030254006,-0.040808976,-0.05301833,0.052113116,0.007436335,0.00087189674,-0.005052656,-0.0963856
1160,-0.29534358,0.07078385,0.1388334,-0.9222386,-0.6797922,0.16222747,0.26111913,0.023079425,0.12053692,-0.043256342,0.31540295,0.24573648,0.1416955,-0.028957572,0.033552885,0.6819134,0.14757511,-0.18268925,0.5523182,0.07435915,-0.011182785,0.42009008,0.26750442,0.15312043,-0.2768501,-0.081894875,0.015744805,-0.21624465,-0.20544991,-0.079588056,-0.46545288,-0.43306518,-0.11882731,0.09942788,-0.22423233,0.021544576
1161,0.4410499,-0.03172254,-0.34620523,0.41855416,1.0204899,-0.29980016,0.81342214,0.17710118,-0.33646435,-0.34151348,-0.17629682,-0.23922151,-0.20507163,-0.11690403,-0.35659158,-0.017759189,0.47088185,-0.16375138,0.40572992,-0.1098789,-0.06969428,-0.35998207,-0.8926801,-0.3416642,-0.38830212,-0.14068139,0.078403056,-0.24533778,0.022895612,0.11281693,-0.106989026,-0.19326565,0.18381608,-0.49641082,-0.18590714,0.16155046
1162,-0.060171425,0.25671908,0.20063959,-0.12860072,-0.26687765,0.52978003,0.062328935,-0.40319046,-0.047317386,0.037417054,0.3910771,0.28723747,-0.45800245,-0.4137084,0.28835735,0.113787055,-0.18927921,-0.1055173,0.11131191,-0.07265127,-0.03519249,-0.10534173,0.4433534,0.27120373,0.04954952,-0.12366188,-0.23961735,-0.30203086,-0.45509565,0.20317513,-0.25803852,0.111783266,-0.107156694,-0.100705504,0.022781104,0.081329465
1163,-0.27460968,0.32242507,-0.11886495,0.09464896,0.74395895,0.21354878,0.17321923,0.21253768,0.05092746,-0.31774223,0.23519824,-0.16906752,-0.17312273,-0.1569257,0.6178715,0.42212856,0.21218833,0.28208908,0.464659,0.5295099,0.094116,0.27893585,0.5897633,1.8889952,0.42330155,1.1215929,1.1259211,0.51841646,0.28777578,0.062376082,-0.0356189,0.55565137,1.2212818,-0.12293953,0.59115446,0.16567695
1164,-0.15474093,0.33916137,0.105377555,-0.09623635,-0.55389464,0.2490508,-0.012582004,-0.38352025,0.12887907,-0.25734293,-0.36282712,-0.35329366,-0.26164663,-0.6918341,-0.064727485,0.1490136,0.12636387,0.65327495,0.44595063,0.2418913,0.591642,0.1910267,0.20589718,1.1272714,0.6677551,1.4032577,3.4449325,0.08944738,-0.099393845,-0.04489672,0.66534364,1.58357,2.1744561,0.043986082,0.057868496,-0.19443133
1165,-0.2678027,-0.56410956,-0.45345932,-0.11034042,-0.9098486,0.050714433,-0.19990039,-0.12259936,-0.8907159,-0.44235423,-0.46945643,-0.22644109,-0.05851066,-0.40005425,-0.2497074,0.8717853,-0.051127955,0.19966742,-0.12965345,-0.1161696,0.103031695,0.037854552,-0.097497046,0.56757253,0.010809191,-0.043485835,0.1929076,4.060347,2.066695,2.91556,2.6196628,1.941623,2.0143647,-0.842579,0.007278323,0.029054403
1166,-0.016170144,0.41948432,0.1492006,0.12822878,0.42918414,0.75990534,0.10494441,0.30276716,0.4183064,0.09584665,1.1296806,0.5454415,0.49790412,0.9391665,1.3877742,-0.010207295,-0.09228332,0.1901977,-0.044307232,-0.14484149,0.07103193,0.056754827,0.21629357,0.099879324,-0.15561008,0.44003522,0.25181103,-0.14152437,-0.24486768,0.22280532,-0.12591231,0.18713498,-0.10204962,0.017264724,0.0007056892,0.4338352
1167,-0.34760717,-0.23989771,0.03833139,-0.6847232,-0.09031083,0.285017,-0.013649669,-0.029060751,-0.24146318,-0.15544114,0.4243096,0.18159056,0.18966447,-0.08182272,0.09218621,-0.4394393,-0.08554959,-0.16943681,-0.15534845,0.28244996,0.25371075,-0.013791323,-0.30183554,0.039736032,0.24613969,0.038914677,-0.12253541,0.92762935,0.70864797,-0.4062027,-0.33416614,0.5113428,-0.09751773,0.19234121,0.27684098,-0.0074684024
1168,-0.4909637,-0.8786465,-0.6301831,0.11857009,-0.68465686,0.43621835,-0.4112618,-0.21975833,-0.8154878,0.17996183,0.75437886,0.7074807,-0.121584654,-0.5178996,-0.45596454,-0.08915901,-0.06373197,0.7745478,-0.046260715,0.09492707,0.22309774,0.0012164116,0.5454848,1.2377855,0.4167253,-0.5418393,-0.25252262,0.3418516,0.48840755,0.25134388,-0.88500154,-0.607304,-0.52661645,1.0258198,1.3717651,2.4937062
1169,-0.18980223,-0.3637126,-0.21004733,2.0782151,1.0523373,0.6485266,1.1684862,0.63537395,-0.05691766,-0.03103584,-0.42258343,0.09273332,-0.25395066,-0.275616,-0.13105643,0.41925147,0.36477393,0.13642521,-0.02838689,-0.08399212,-0.11734313,0.80270386,0.8964574,0.95297337,4.300111,5.232394,4.143251,0.23067698,-0.21260056,0.14886189,3.9054499,2.9646847,2.7609136,-0.58180785,0.07175666,-0.10991268
1170,-0.13107288,-0.21689582,-0.26567936,-0.50255686,0.009832621,-0.45282596,-0.650994,-0.11141591,-0.09772992,0.5947928,-0.37449807,0.19459176,-0.3174284,-0.30267796,-0.089522704,0.008071721,-0.26618695,0.07299745,0.010623157,0.4776485,-0.15148413,-1.6720593,0.053973913,-0.23661262,-0.46262735,-0.46356347,-0.4621057,0.64126587,-0.26143405,-0.114555955,-0.5688199,-0.08028929,-0.010858417,0.6686475,-0.0374645,0.08305222
1171,-0.0928756,-0.37496367,0.21740067,-0.5327989,0.27378172,0.23600394,-0.37586403,-0.11653018,0.52390665,0.08365178,-0.015399158,0.3363412,0.7993061,0.4661479,0.048677444,0.29451,-0.16944599,0.08731061,-0.25255835,-0.24573958,0.10599238,-0.2592233,0.027028993,-0.34737098,-0.48386222,0.05362147,-0.48610884,0.7691906,1.8747859,1.388331,-0.3507537,0.05250883,-0.15115571,-0.3232677,-0.3455587,-0.3512966
1172,0.10524821,-0.050773025,-0.19791126,0.15707406,0.36457658,-0.46803325,-0.38443145,-0.34535956,-0.20299664,-0.021174908,-0.23371375,-0.23444958,-0.2853494,-0.1947729,-0.20315018,0.05030848,0.18070894,0.6429763,0.006651938,0.042842098,-0.10440549,0.22761065,0.108896494,0.40525952,-0.38422227,-0.08347374,-0.34035838,0.3313307,0.38377225,0.24048746,-0.070312485,-0.23507902,-0.33946463,0.2620445,0.40000224,2.87537
1173,-0.0545395,-0.8249454,-0.06380445,0.5449136,0.2812646,0.3251784,0.07906452,0.6017549,0.04522264,-0.7964468,-0.26143485,-0.18260694,-0.75177735,-0.104162574,-0.08512384,0.2044704,-0.48364466,-0.38618237,-0.19965732,-0.22060847,0.13578486,0.0908778,-0.011077344,0.3863149,0.38987297,-0.12775648,-0.25645214,1.2194799,2.3059287,1.4052385,-0.1495179,1.1573013,0.26330733,0.74878615,-0.15263349,0.33624494
1174,-0.26551604,0.29409257,-0.2210927,0.16021776,-0.0079391,0.116300166,-0.0059756637,-0.052248985,-0.17592347,-0.018544912,0.17475256,-0.09135997,-0.079214334,0.00891836,-0.061338305,-0.50412154,-0.044997036,-0.10468793,-0.014288545,-0.21550211,-0.040871143,0.13845918,0.037685946,-0.0930801,-0.12680487,-0.28560936,-0.028091192,0.057326555,-0.13113695,0.11539054,-0.46568453,-0.02285254,-0.059886783,0.40343666,0.09063712,0.12786919
1175,-0.3027096,-0.28886867,-0.36138803,-0.40087026,-0.106704876,-0.25777316,-0.087911695,0.07515654,0.07890695,-0.36824232,-0.15926033,-0.10245633,-0.36363357,-0.13890946,-0.038422108,0.5585001,0.092404366,-0.28455806,-0.66808057,-0.5559481,0.07610369,-0.43939567,-0.27059025,-0.12967539,0.034538716,0.1972391,-0.119927645,1.2069551,1.2226622,0.7347349,-0.23832154,-0.09955609,-0.31709117,-0.12705493,-0.14940408,-0.038187087
1176,0.08900034,-0.29321408,-0.018892407,0.12963563,0.40715715,-0.27463004,-0.024021342,-0.1201154,0.13298327,-0.27975285,-0.23093688,-0.1528976,-0.033236146,0.022311747,-0.15687145,0.32543695,-0.098719,-0.07303333,-0.061178684,0.1771054,-0.072310805,-0.20002902,-0.033885926,-0.19611919,-0.051992416,-0.20862485,-0.18014824,1.880738,2.1065795,1.396607,0.2270968,0.6346712,0.24388292,0.043127716,-0.07512349,0.09753671
1177,0.15064943,0.32777226,0.47994733,0.1717118,0.36088437,0.25465035,0.08253273,0.2819324,-0.05692926,0.17574477,-0.37637788,-0.5817055,-0.17594182,-0.30129224,-0.39459747,-0.18896699,-0.13530943,0.25240391,-0.03192854,0.1491316,0.21775466,-0.025644287,0.0023452844,-0.09778142,-0.07901126,0.05800867,0.035969973,-0.36598617,0.06271276,-0.26250926,-0.32309163,-0.09150344,0.023393318,0.21106282,0.033444494,0.16455781
1178,0.3553375,0.35960358,0.89638853,0.73652536,0.9290292,0.52597296,1.4649813,1.585089,1.5469966,-1.024519,-0.6789322,0.81589735,0.021535277,0.5656978,0.74099195,0.25904933,-0.27838966,-0.16805673,0.46779755,-0.6440767,-0.029963493,0.42648748,1.3872732,0.20213073,-0.39427495,-0.0043850243,-0.19055045,1.343977,1.6458488,1.1250331,0.41940758,0.40295553,0.76255566,0.5461701,0.040204212,-0.2884562
1179,0.45947024,0.07014501,-0.16025186,1.6115246,0.7152625,0.77991533,1.303845,1.0501189,0.6352464,0.1675297,-0.22921163,0.0138578415,-0.08049333,0.027200222,0.25247753,-0.11712396,0.26933026,-0.18104428,0.09123826,-0.11508697,0.05899465,-0.19944733,0.40882236,0.15093897,0.37248948,0.64207673,0.4219636,1.0393777,0.4410001,0.76628155,1.4234624,1.0661947,1.3205564,0.18317407,0.48712105,0.014373839
1180,2.402565,2.398625,2.3709898,0.00670135,0.082918316,0.14999616,0.28610915,1.473303,1.2801244,0.1414336,-0.12522203,-0.14932275,0.67188954,0.46111092,0.8877199,-0.083807886,0.2139718,0.5247648,0.021620035,-0.0020090938,0.0579859,0.07927656,-0.06946829,-0.16501647,0.20897058,0.47244912,0.31764004,0.3565841,-0.06568807,0.38159442,0.58591855,0.6593856,0.44592774,0.40467438,0.076629564,-0.3127825
1181,-0.20116237,0.02310735,-0.2676342,-0.4566576,-0.27175885,-0.5561576,0.35154673,1.2555405,1.1242957,2.2439213,1.3413591,0.53571475,1.0100554,0.41419208,0.16009857,0.3844051,-0.58171326,0.86205757,0.42995107,0.10985917,-0.5167915,-0.695964,0.5017636,0.02695918,0.2552359,-0.13417003,0.50538945,0.85736644,0.38808352,0.4230613,0.30712909,0.9131802,0.49597406,0.03553009,-0.23891544,-0.50977314
1182,-0.21858808,0.16961065,-0.14205888,2.6809247,2.8710854,0.8021753,0.27737427,2.0266948,0.45200416,-0.0443677,0.5981767,0.099352,-0.26341367,-0.063123025,-0.5674349,-0.23309065,0.4155081,0.30225733,-0.6471449,-0.24604277,0.12032604,0.020952635,0.0485465,-0.11576012,0.46356308,0.032275293,0.2946313,0.6128415,-0.04301864,0.40804052,1.6396062,0.35147706,1.2162371,-0.110188335,-0.08717307,-0.3886538
1183,0.061620638,0.22832233,-0.03444475,0.79368114,0.03623426,0.35515907,0.36924997,-0.1627767,0.22014582,-0.46019268,0.34158584,-0.1171169,-0.474622,-0.02062577,0.072015405,-0.17149921,-0.20767325,-0.14232291,-0.031891555,-0.2009527,0.19361722,0.04240644,-0.11005661,-0.23503163,-0.07566485,0.0112988055,-0.05561143,0.2566856,-0.031396568,0.07151547,0.40249562,0.7219311,0.7245569,-0.102305174,0.0032417178,-0.008045256
1184,-0.31190524,-0.26677042,0.10877401,-0.21779437,-0.63027996,-0.11060402,-0.118542776,-0.54120076,-0.14082615,0.6379918,1.543491,0.9732435,0.41328117,0.21174479,0.7915425,-0.40951705,-0.257059,-0.6692021,0.012850404,0.17308742,-0.52639264,-0.008577764,-0.22602105,-0.050316364,-0.14701991,-0.30833638,-0.4649601,-0.27787358,-0.25846556,-0.2643539,-0.16737348,0.07377854,-0.16692698,0.16816312,1.5920091,-0.10367003
1185,-0.4656847,-0.5102035,0.28365,-0.08032662,-0.04236126,-0.018141776,-0.38936046,-0.3729668,-0.6572883,0.24841094,0.003248699,0.39582586,0.08571303,0.45135385,0.8117136,0.04096949,-0.10753292,-0.21856242,-0.34202045,-0.20552714,-0.12440109,0.19034386,-0.26662478,0.23889902,-0.07108402,-0.55409646,-0.03418231,-0.24005225,-0.17271526,-0.5766515,-0.37756258,0.007938445,0.26874804,-0.14720565,0.4322527,-0.36296827
1186,0.036941677,-0.2787657,-0.015135527,3.3020911,2.0845768,1.1461416,0.9538483,3.0355945,0.67081755,0.004591137,0.5464957,0.029923111,0.34113732,-0.27476954,-0.27360314,-0.52068347,0.26516208,-0.22228354,-0.44043398,-0.27789378,0.1739941,-0.27920803,-0.25939786,-0.21462235,-0.32479802,-0.7136494,-0.3220648,0.06648025,-0.047460586,0.11857329,0.093355455,-0.4175166,0.24633637,-0.33928406,-0.112264134,-0.34247226
1187,0.2331699,0.24428236,-0.21363103,-0.1369496,0.21178527,-0.29565817,0.116620734,-0.1349963,0.31458116,-0.5362514,0.2336727,0.082916155,-0.2966932,0.081655145,-0.18302998,0.30230427,-0.68419814,-0.2315191,0.75102544,1.1236537,0.42853802,-0.08120288,0.07319683,0.056880966,-0.7213655,0.10528344,0.09026843,0.9697567,0.987074,0.84560585,-0.28981924,0.7852115,0.23110962,0.6673162,-0.06773788,-0.144463
1188,0.8437643,-0.025870726,-0.009355009,0.30290174,0.026023626,-0.08421779,0.027896434,0.21259278,-0.1497652,-0.8396719,0.5099989,0.12884617,-0.026679218,0.04642785,0.110813916,0.008357465,-0.024323866,-0.31059438,0.5809448,-0.19809297,-0.29491764,0.18429509,0.42832002,-0.2505888,-0.013331165,-0.5974109,0.3431242,0.04992339,0.06825349,-0.06389856,-0.18336198,-0.24319181,-0.14763415,0.022044852,0.61007464,-0.39715534
1189,0.12794223,0.13404016,-0.09576811,0.5807954,0.5750089,0.035597876,0.07947102,-0.30827293,-0.15461574,0.0726234,0.29980144,0.08945875,0.30397472,-0.056612466,0.25304735,0.6962,0.03346081,-0.07058175,-0.08153048,-0.13259806,0.016085878,-0.0749423,-0.16393352,0.19178079,-0.8689156,0.026564881,-0.02936706,0.46169424,0.21719171,-0.1780744,-0.17755151,-0.08949098,-0.028083399,0.2732624,0.46027356,0.009587392
1190,0.03571081,-0.08105967,-0.024049409,-0.313196,-0.6696565,-0.36855447,-0.3214583,0.05202043,-0.5149918,-0.12351033,-0.0032152534,-0.16905561,-0.27202713,-0.13602,0.075029254,0.55466104,0.14137273,0.048354,-0.03905617,0.041285932,0.047008812,0.5744313,0.3497129,1.3042812,0.013954014,0.41341254,0.49186474,-0.128465,-0.20990443,-0.073949456,0.70201594,0.34412694,0.26529843,0.51195574,0.7756468,0.4789856
1191,-0.06456286,0.10381171,-0.056523524,-0.097364545,-0.11392379,0.17690212,-0.10950321,-0.02235226,-0.26375794,0.083052754,0.32945904,0.47374684,0.028432012,-0.02114147,-0.21929641,0.022468686,-0.36764598,0.51265514,-0.047111154,0.16855901,-0.025573134,0.088433266,-0.23402041,0.09913136,-0.079901695,0.17425337,0.47993016,-0.34395456,-0.21509787,-0.37705514,-0.258438,-0.05517374,0.034035236,0.07354146,0.24848801,-0.084374905
1192,0.021786153,-0.7587921,0.021870524,-0.35321447,-0.8018262,-0.012193808,-0.10594383,-0.27574575,-0.5523592,0.19182628,-0.05777348,0.027556062,-0.32054007,-0.19040072,0.13993084,0.18446887,0.1125153,0.20621943,-0.15550466,-0.041947067,0.3130377,0.027944565,-0.39786452,-0.10190806,-0.15549219,0.20431294,-0.053611517,0.1573945,-0.008440018,0.2929849,0.6349365,0.084240556,0.8595289,-0.12858441,0.2212649,-0.012313843
1193,0.56828606,0.620244,-0.15501279,-0.277549,0.55160594,0.06304825,-0.103543624,-0.043650508,0.31610698,0.29985118,0.7484725,-0.36443245,-0.03382057,-0.3646725,-0.17753565,0.713763,0.22507973,-0.21645126,-0.020120263,0.16640705,-0.26623446,-0.20342097,-0.15771833,-0.51045036,-0.30998898,1.6042715,0.10159296,0.027219139,-0.22864257,0.056913793,-0.69719124,-0.3598917,-0.6668359,-0.23249626,0.041418433,0.07262045
1194,-0.23333073,-0.4367864,0.26589558,-0.4865636,-0.11254561,-0.13374779,0.28508666,-0.13332307,-0.0418333,0.6498459,-0.037516266,2.082926,-0.03237629,0.1811744,-0.08023721,-0.23068208,0.15001637,0.7000462,-0.023648739,0.3638908,-0.4294117,-0.21171314,0.27376562,0.2649312,-0.28788415,-0.008360453,0.27462447,-0.39234757,-0.0070249736,-0.6728077,0.037543654,0.18035993,-0.21908385,0.43972033,0.027701944,0.018773317
1195,-0.18878454,-0.17378494,-0.2956976,0.05445814,-0.084995255,-0.039290637,0.20330107,-0.62416047,-0.0124358535,-0.17494309,-0.0762468,-0.23110741,-0.15043402,0.18086651,0.10815179,0.7464147,0.037533283,-0.11812228,0.10327768,-0.117701754,0.11318809,-0.24696392,0.006634414,-0.15444425,-0.038391262,-0.33802575,-0.10244882,0.24668324,-0.13900247,0.028588116,-0.012744166,-0.030811667,-0.10917404,-0.25475168,0.010254562,-0.06864816
1196,-0.2651593,-2.338564,-0.20236588,0.010426402,-0.24714014,-0.16536227,-0.111003816,0.06065771,-0.08909066,-0.29183334,-0.06620115,-0.11495161,0.111780316,-0.43785095,-0.06732136,0.122960925,-0.36200005,0.36272296,-0.06968519,-0.012493283,0.11162746,0.16230059,-0.39546844,-0.4737814,-0.14996022,-0.016468376,-0.34596264,-0.18412966,0.94225395,0.31601214,-0.053700447,-0.10436441,-0.30984578,-0.062711656,0.1424789,-0.15682083
1197,1.2148476,0.6365639,0.17615825,0.5710393,-0.20096046,0.20427352,0.30680734,0.21576095,0.9334739,-0.02181805,0.09473038,-0.090880975,0.118679255,0.1510947,0.62563485,0.486404,-0.34210312,-0.4914711,-0.061145335,0.17721793,0.6504678,0.5757052,-0.09623,-0.062307715,-0.28384018,-0.52144337,-0.13667062,-0.26386243,0.033708632,0.1397516,0.028980691,1.927834,0.20821321,0.22562648,0.12968118,-0.44439632
1198,-0.48783255,-0.52631056,-0.34066942,-0.33123016,-0.38141274,0.23437922,-0.29264036,-0.1790451,0.16685593,0.21955551,-0.666838,0.0012258887,-0.4467206,-0.31375015,0.15262318,-0.20903513,-0.20762803,0.3038432,0.38520467,0.2958877,-0.3883773,0.15117173,0.6844125,0.0048382785,0.11823584,-0.26061386,0.19319028,-0.54113925,0.3977998,0.37453192,-0.2887246,-0.24849075,-0.34736195,-0.31969664,0.117075354,0.22518528
1199,0.45645988,-0.1796358,0.13823009,0.77473646,0.49138105,0.3732437,0.0657202,0.27339268,0.03698343,0.26532304,-0.1828984,-0.025418758,-0.59995425,-0.044261143,-0.22036403,-0.16470769,-0.3138234,-0.038753033,-0.12681404,0.13726258,-0.21584144,0.063822,-0.13603225,0.0006517768,-0.14498751,-0.5108709,-0.11326915,0.024609566,-0.18180083,-0.046539664,-0.17744863,-0.029034257,0.02576065,-0.07811074,-0.10156056,0.07812989
1200,-0.20400429,-0.30707997,-0.04941053,0.045925498,0.033236206,-0.23528159,-0.48654866,-0.04325956,0.1865629,0.22649324,-0.33047092,-0.27881503,-0.24150082,-0.011781931,-0.06964111,0.47643304,-0.38816804,-0.2552812,0.27188468,-0.18727514,-0.030490339,-0.33103377,-0.21869308,-0.15619706,-0.1218012,-0.098701775,0.16247952,-0.13036078,0.036527634,0.10444474,0.31695306,-0.2551558,0.029273808,-0.08092883,-0.046540737,0.30732542
1201,0.007946432,0.030077219,-0.18058258,-0.000325799,-0.015735528,0.023085982,-0.03080517,0.1964713,0.1862222,-0.08205414,-0.09208715,-0.5071008,0.15001237,-0.07607818,0.16615759,-0.0064112544,0.26413247,2.2759826,-0.116989255,0.37117988,-0.086991176,-0.23104137,-0.32335347,-0.16523403,0.16301924,0.14544937,0.33225107,-0.09402132,-0.09666258,0.46457976,0.0081290305,0.06443605,-0.034606993,0.25705165,0.009108067,0.1073079
1202,-0.12191588,0.15460199,-0.34768915,-0.0067002177,-0.3168739,-0.06418288,-0.22599024,-0.30461946,-0.19620001,0.25102717,-0.27381942,0.3006904,-0.26952904,-0.49488178,-0.07165283,-0.10861868,-0.25515875,-0.01990807,-0.062107056,-0.2493313,-0.15083557,0.08948982,-0.0692538,-0.27313897,0.34610015,-0.101554096,-0.2161825,0.22495246,0.054162502,-0.15335155,-0.9060258,-1.0478187,-0.77560556,-1.060177,-0.1539442,0.20359552
1203,-0.33633035,0.19045143,-0.04471084,-0.150469,-0.16126966,0.17270869,0.19972691,-0.30312914,-0.56587464,0.21546632,0.2719972,-0.09525943,0.30582038,-0.27014226,-0.2813238,0.3396765,-0.027465343,-0.18720567,0.02972418,-0.105206996,-0.9024608,0.0888083,0.07780069,0.270939,0.37275517,0.09270214,0.016891956,-0.08270627,-0.38227955,0.08093095,0.14294916,0.044974446,-0.35502312,-0.09981078,0.17516327,-0.13840479
1204,0.1060189,0.13514632,-0.24243331,-0.004380405,0.050196707,0.0346528,-0.01214914,0.024499774,0.24036431,-0.06364924,0.03242767,0.021566033,-0.3219543,0.1620881,0.11160189,0.23671767,-0.0058098435,0.45209354,-0.03817463,0.15653563,-0.17946045,-0.09136395,0.0037637353,0.4407588,0.25060362,-0.33141997,-0.30453503,-0.099935144,0.46965435,0.052730653,-0.10549027,0.07071906,0.7786604,-0.0041931868,-0.030061238,0.14165378
1205,0.1640619,-0.019123519,-0.1382733,-0.05098784,0.0015749689,-0.22527227,-0.16478932,-0.094828665,-0.22169125,0.10524392,-0.14075866,-0.047425576,0.08661759,0.22007549,0.6240628,0.011423618,0.07720363,0.28850698,-0.077168584,0.22515206,-0.13679373,0.12810676,0.26520663,0.0010498688,0.37103695,0.8759265,0.7010586,0.16307598,-0.43168765,-0.001962185,0.5054382,0.18886012,0.1432627,-0.22503406,-0.06299445,-0.44457898
1206,0.03199309,-0.08480643,-0.3064608,0.093536496,-0.12851888,0.25696447,-0.21624243,0.163553,-0.19188282,-0.15768397,-0.057647765,-0.18353981,0.015429497,-0.24408275,0.117030025,0.40552974,0.2510915,0.14542079,0.3221776,-0.6957053,0.6891719,0.27473953,-0.2654962,0.3200869,0.056223497,1.5917293,0.32607597,0.025159657,-0.36015362,-0.55925906,0.17563301,0.92516875,0.7269795,-0.3882271,0.18964551,-0.28727624
1207,-0.24861515,-0.08892019,0.1582185,0.13202256,0.12913847,0.13943034,-0.35967094,-0.08589485,0.15148619,-0.0433504,-0.012164623,-0.05296588,0.09956545,0.10795218,-0.0967603,0.30823946,0.5524049,-0.53280306,0.2157681,-0.28871906,0.48330015,-0.019111156,-0.25954795,0.14110851,-0.5231319,0.21646348,-0.454761,0.119075894,0.1024809,0.16328496,-0.17213118,0.15174848,-0.37749726,0.15061402,0.055889793,0.18934727
1208,0.023535252,0.2638313,-0.4184115,0.007200241,0.1689617,0.02869767,-0.018054366,0.086236596,-0.4990002,0.05167234,0.040468276,-0.80279046,-0.05799949,0.07336891,0.12517929,-0.069503784,0.37730274,-0.20309728,0.013345718,-0.33477557,-0.4368534,0.33853352,-0.060144544,0.035052657,0.08887231,0.21128127,0.43871033,-0.17926657,-0.032059625,0.049589753,-0.006872773,-0.046874337,-0.15446109,0.027222961,-0.10058588,-0.3057882
1209,-0.05559641,-0.02851224,0.16818622,0.1680466,0.1022602,0.28036177,-0.09914988,0.02029106,0.29919827,-0.046522677,0.32079387,-0.022161305,0.050116718,-0.25302058,0.23813128,-0.12736773,0.12895384,-0.12252718,-0.17463434,-0.25297162,-0.06688607,-0.1358549,0.030930504,-0.6013455,0.15047741,0.3087688,0.1552704,0.0028432608,-0.11647187,0.0055612326,-0.055235505,-0.0147250295,-0.142883,-0.121616066,-0.04459119,-0.18202507
1210,-0.15046072,0.03354737,-0.27738455,0.065543234,0.09370285,0.24572913,-0.013076365,-0.9272249,-0.9040094,0.19922763,-0.22222665,-0.013602689,0.0017502904,-0.20050226,0.30426317,-0.49309784,0.029848158,0.563168,0.24117249,-0.16417964,-1.0318431,0.43451408,0.41386268,0.700869,0.7016722,0.5318389,1.1616297,0.23924997,0.12827903,-0.09741743,1.2755551,0.55233425,0.1699214,-0.25958186,0.2859031,0.19698668
1211,0.13941365,0.08965495,0.29279086,0.12882525,0.3796145,0.15027606,0.44694442,0.15786755,0.4813696,0.268601,0.45935223,0.9277624,0.08030653,-0.04301235,0.27962628,-0.2372115,-0.27183664,-0.8438711,0.30258214,0.51099396,0.6528504,-0.28117204,0.32158905,-0.13804445,0.31257463,1.054743,0.5966509,-0.4854893,0.018458843,-0.31862056,0.23303133,-0.018671215,-0.44054142,0.24113375,0.09969556,0.34376472
1212,-0.12801415,-0.22502121,-0.27588493,-0.022500873,0.07409716,0.095989585,-0.39830273,-0.11722042,-0.10300481,0.13183177,0.10064711,-0.016324759,0.054675817,0.17588352,0.12911528,0.019038796,0.1535765,-0.5654612,0.05554247,0.052599013,0.05453086,0.1370359,0.09598676,-0.07830098,0.25179476,-0.009286821,-0.009113073,-0.3087876,0.098780036,-0.066675305,-0.1725145,0.088448316,0.30974686,-0.015494287,0.14357045,0.060829878
1213,-0.36710292,0.78734136,-0.18225425,-0.12561578,-0.4438331,0.2015562,-0.3391602,0.3654751,0.6070113,-0.1575545,0.3772212,0.23749769,-0.19353813,-0.096215315,-0.13052697,-0.109856665,-0.00070750713,0.11779362,0.20811197,-0.2733372,0.23316842,-0.58484316,-0.17685539,-0.3480001,-0.3295161,0.06092882,0.19860578,0.19238663,0.12867874,0.46185303,-0.25782168,0.10445571,0.51943827,0.30315113,-0.082093894,0.5277773
1214,-0.36109048,-0.41044497,-0.2795325,0.1317749,0.17527354,-0.06541684,-0.2952005,0.4964323,-0.12856817,-0.26619333,0.2727911,0.4500258,0.047889844,-0.38224363,-0.512564,0.082971215,-1.1282718,-0.37336013,-0.30342114,-0.10671876,0.064118266,-0.3000158,0.38758558,0.1758666,-0.35164392,-0.10986328,-0.2957707,-0.23519063,0.61117214,0.021279216,-0.2996694,0.4332671,0.74037135,0.08955431,-0.075701416,-0.31235695
1215,-0.119125724,0.03955242,-0.43470955,-0.11582792,0.19909647,-0.07606235,0.31465736,0.094539106,-0.064615786,0.9430637,-0.14436015,1.9171731,0.33990324,-0.27232176,0.5303209,0.27894774,0.17619568,0.0656181,0.10831821,-0.14792913,-0.01326406,-0.4534747,0.015555739,0.04892686,0.6039895,0.14756721,0.70996934,-0.11544353,0.74839103,0.096705616,0.07506418,0.05082047,-0.16478604,0.026597083,-0.04369922,0.12056115
1216,0.17792422,0.08498429,-0.20806992,-0.30165535,0.1322616,0.06564823,0.033483326,-0.142285,-0.08219475,2.4278688,3.887396,5.411497,2.1359258,3.2555118,3.4343257,-0.085190475,0.09721008,0.22810486,0.03086251,0.015520439,-0.047508344,0.09550893,-0.09418444,-0.21636866,0.054507256,0.016117247,0.2860086,0.043358803,-0.14553764,-0.07489765,0.07385665,0.17075723,0.19032341,-0.116306275,0.26456854,-0.04040858
1217,-0.21960777,0.516932,-0.31605095,-0.09631276,0.25297254,-0.24954632,0.069179475,0.27255732,-0.26217967,0.048885226,-0.41169763,-0.8316097,-0.051101625,-0.104836404,-0.1421062,-0.34929204,0.47572464,-0.20436537,-0.054797173,0.36121106,-0.20518166,0.4623535,-0.36544877,-0.75025314,-0.061998725,-0.5906515,0.14089334,0.036104202,-0.14681168,-0.29150775,-0.38839233,0.45645493,-0.86849564,-0.006714523,-0.2789333,0.6105308
1218,-0.10112882,-0.17848766,-0.64653456,-0.533077,0.20819795,-0.061966524,-0.09895089,-0.37567675,0.18062365,1.0347147,1.153887,0.5996212,0.24615839,-0.12521398,0.16693842,0.3768227,-0.28329268,-0.16921642,-0.11753464,-0.02641952,0.62058824,0.5047642,0.08697021,-0.065970875,-0.48795283,0.6145944,-0.028631806,-0.112825036,-0.01563844,-0.2233839,-0.27719587,-0.17190686,0.405074,-0.18564767,-0.36721885,-0.5197859
1219,-0.31530455,0.021072328,-0.08046746,-0.37647104,0.18794101,-0.015026033,-0.141165,-0.5484293,-0.17602313,2.9017148,2.752757,3.5947297,1.3362534,1.8256196,2.7483528,0.27979147,-0.039118648,-0.15613511,-0.058023572,0.110007405,-0.31788778,-0.12625055,0.13529462,0.18640178,-0.079939425,0.12855178,-0.3398831,-0.17527205,-0.4821068,-0.06695731,-0.07760739,0.06084937,0.1321921,-0.15638387,-0.09380555,0.06790382
1220,-0.039417267,-0.37199852,0.075158834,-0.027045727,0.39979118,-0.15454823,-0.436288,0.070590205,-0.70755255,-0.21931577,0.37608978,-0.19599235,-0.1516639,-0.34053648,-0.06852481,-0.1744684,-0.60266834,-0.35995227,-0.1705755,0.35255536,0.3942132,-0.29720807,-0.002235055,-0.51092017,-0.3653363,-0.16338313,-0.5715335,-0.13114417,0.24659842,0.23233438,0.033836603,0.58348274,1.334388,0.20032924,0.4930948,0.52772915
1221,-0.555161,0.16603793,-0.006492436,-0.36052233,-0.15573704,-0.3990154,-0.3070929,-0.38595307,0.009685934,-0.11162257,-0.14214888,-0.01604116,-0.018607736,0.29290795,0.6984663,0.16901135,0.2520447,0.31909955,-0.10936606,0.5650315,-0.3459686,-0.24930811,-0.30021188,-0.34512907,-0.12593082,0.8749844,-0.6702929,-0.6605253,0.11239162,-0.24564719,-0.7192755,-0.047278672,-0.42440483,-0.017135251,-0.7209159,-0.30394444
1222,0.10949755,-0.5652473,0.013036013,0.25955057,0.07162672,0.116282165,0.19075611,-0.1050741,-0.09418383,0.4794128,0.28586364,0.43964624,-0.34917998,0.7417697,0.034689084,-0.31866297,0.57119215,0.07986739,-0.41523626,0.096335344,-0.38012156,-0.20323613,-1.0638038,0.035992578,-0.10383427,-0.3489047,0.2292291,0.009468351,0.21417706,0.009776041,-0.18690723,0.29394147,0.5436273,0.27452266,0.5387129,-0.20179701
1223,-0.00800249,0.53870493,-0.21751289,-0.19625393,-0.23673405,-0.3212253,-0.48654604,-0.3949559,-0.97715235,0.21587709,0.016305193,0.727567,-0.24734521,-0.32642305,-0.4545509,-0.10172629,-0.21324132,0.3926184,-0.597471,-0.04319026,-0.5755805,0.27201596,-0.04984113,0.12713613,-0.043872684,-0.61285174,0.09757763,0.046157435,-0.11714411,0.34683645,0.23362686,-0.1985175,2.9081903,0.016800463,-0.5872515,-0.064193666
1224,-0.056802034,0.1867485,-0.43048128,-0.20020801,-0.18754128,-0.18254524,-0.26713428,-0.048175126,0.4789774,-0.14920986,-0.32922477,-0.24525708,-0.3302089,-0.3064435,0.1681188,0.0857535,-1.1231887,-0.29629305,-0.52474236,0.3833354,-0.21766153,-0.33646232,0.7295144,-0.028561503,0.029341668,-0.14513291,-0.059701562,1.2259483,-0.35577267,0.31318495,0.3041501,-0.30010515,0.39042312,-0.2960184,-0.35911888,0.11528343
1225,0.3733167,-0.53086054,0.0439052,0.6292368,-0.062237054,0.003920108,-0.025343493,-0.2766512,-0.28222358,-0.23890829,0.09728339,-0.13725793,1.5135697,0.23363975,0.23519868,-0.198549,-0.54190147,-0.31866002,0.07524586,-0.29489058,-0.15573537,0.06818024,0.58693814,-0.12893711,0.6730213,0.06436658,0.03809248,1.3490381,3.1992702,1.5780511,0.42666614,1.330507,1.7395885,0.34938776,0.36291713,-0.069576174
1226,0.38059995,0.9769,1.8529098,0.0805102,0.35333923,0.082110286,0.31475878,0.817975,1.0124032,0.69139946,1.1919401,2.5485861,0.7582947,0.81820655,1.4918243,0.07844186,-0.323145,0.09157133,0.0034241676,0.053145945,0.0226416,-0.1498403,-0.1519723,0.053106666,-0.08816737,-0.12570593,0.007232964,0.67465186,0.7183629,0.9832313,-0.171561,0.32633048,0.34668362,0.078075886,0.071219325,-0.26763105
1227,-0.19519025,0.22384703,0.028221473,0.29686004,-0.34401366,0.23696956,-0.044756114,0.4109664,-0.00630188,-1.1530914,0.0442508,-0.060949817,-0.11079502,0.038250208,-0.51227367,-0.18225485,-0.11832932,-0.1360717,-0.06955731,0.12707329,0.3423944,0.13373864,0.08900136,0.4626565,-0.16608495,0.18583846,-0.6400938,0.3774432,0.75374055,0.39836636,-0.46062815,-0.13517022,0.002066493,0.06034231,-0.32426983,0.0047545135
1228,0.83554405,1.0616504,1.0610899,-0.34624904,-0.52596486,0.75315607,-0.088311955,1.0596933,-0.14852464,-0.3522091,0.03974387,-0.042942673,0.38018185,-0.21009761,0.24257633,0.39674082,-0.21787621,0.44969335,-0.10561824,-0.030920535,0.075729296,0.99689513,0.25015816,0.02756232,2.3571172,1.9409112,2.2847354,-0.54774,-0.5107913,0.014762372,0.76811314,0.20721155,0.17566663,-0.0733659,0.43292803,0.39640862
1229,0.11435178,-0.002739191,-0.17468841,-0.2811887,0.083066225,-0.071218446,-0.106055975,-0.4890256,0.034163415,0.971139,2.3007185,2.1024752,0.93688345,-0.067881346,0.66802865,-0.07132232,-0.12903336,-0.10651806,-0.00089371204,0.049341843,0.43302882,-0.045963347,-0.21978968,0.084811784,-0.08536297,-0.23629093,-0.52204937,-0.11822486,-0.34752116,-0.13903181,-0.06009102,-0.056124687,0.08556664,-0.15953922,0.19814739,0.09778869
1230,0.3496504,-0.11252321,0.41133124,0.66520214,0.60997236,-0.14832294,-0.6040977,-0.2233001,-0.314477,0.29796422,0.536368,1.120068,0.068835676,0.17496921,0.90289366,-0.2606299,-0.6903405,-0.090361,-0.0074977875,0.82950544,-0.09084271,-0.13718714,-0.32383808,0.14648771,-0.10041429,-0.47616068,-0.33275715,-0.39921498,-0.09146622,0.10155037,-0.0028904825,0.8733195,-0.083737284,0.2845956,-0.031404585,0.06873965
1231,-0.2690482,-0.2008766,-0.24557024,0.09674063,-0.6047816,0.04783386,-0.04112768,-0.08376449,-0.34136713,-0.29574144,-0.44812506,-0.2703333,0.18482566,0.1392826,-0.13932389,-0.06388113,-0.39221913,-0.02977702,0.28538615,0.31020012,0.22864358,0.010809571,0.1785422,-0.36085355,0.06752062,0.6464461,-0.009495735,0.3357823,-0.2559706,0.19959998,0.16190463,0.35306066,0.3608713,-0.06375852,-0.6427712,-0.537371
1232,-0.1219542,0.13173363,-0.030200064,-0.1691811,-0.034607053,-0.031910837,-0.5542191,0.5708852,-0.34809294,0.26156086,0.89853114,0.79794675,0.015504241,0.106858075,0.49555135,0.38955516,-0.28604704,-0.2602615,-0.08457601,-0.108842164,-0.3259492,-0.095418334,-1.179761,-0.2706593,-0.19596392,-0.8865592,0.08360875,-0.5158614,0.059370458,-0.18017799,0.023649454,-0.516276,0.002852261,0.21988446,-0.3835158,-0.07151301
1233,0.08776116,0.53171986,0.31705588,-0.057605863,-0.06987781,-0.012243152,-0.2312746,0.34416384,-0.5427692,-0.06306392,0.010566354,-0.41358072,0.08944994,0.15523398,0.17751178,0.24518526,-0.002883941,0.09389846,0.04090047,0.2711626,0.14359589,0.0017403662,0.08902222,-0.14166948,0.6227007,1.2588044,2.2177565,-0.012380481,-0.6495895,0.016105548,0.16005737,0.11337493,0.030548096,0.5767989,1.9095258,-0.16528773
1234,-0.39241493,-0.35782403,-0.6972354,-0.36788082,0.026047349,1.1212934,0.3827946,0.12544274,-0.3374753,0.9332025,0.82821286,0.22746378,0.54356617,-0.002745062,0.21403491,-0.117559195,-0.46361557,-0.09037247,0.04878211,0.055238843,0.013142884,-0.13898754,-0.37348986,-0.31373596,-0.10626018,-0.28049672,-0.5873067,-0.4413066,0.13022149,0.1955663,-0.33240283,1.0290962,0.2075175,-0.29919714,-0.3233173,-0.37801334
1235,-0.063664556,0.26331353,-0.4897784,-0.09697819,-0.22029024,0.42560613,-0.15044975,-0.10454117,0.50978076,0.25718057,-0.2904449,-0.17923838,0.105672,0.033314645,0.028982043,-0.16506717,0.23007306,0.29958576,-0.18814093,0.35633403,0.05752167,-0.099446654,-0.04131591,0.4710639,0.1116426,0.45908564,0.30632615,0.3162979,-0.032255888,0.89728355,-0.22409737,0.074311316,0.8617724,-0.06886977,-0.4931774,-0.2755589
1236,0.28004408,-0.33138743,0.35948837,-0.33166766,-0.6382662,0.24206497,0.07697785,0.20517468,0.019659057,0.26034355,0.15250379,0.07697788,0.22107624,-0.9951968,0.1385569,0.07052842,0.22690615,0.68875647,0.69610023,1.0071605,-0.19098055,1.078222,0.9406299,0.32156324,-0.15770036,-0.049019106,0.28866073,-0.31445378,0.918615,-0.15194228,-0.031459525,0.039489634,-0.02452743,-0.6792838,-0.19488701,-0.05609326
1237,0.29085684,0.30520552,-0.25590503,-0.36209378,0.4619233,-0.14324,-0.015539885,0.32113242,-0.15682931,1.1134703,0.8747908,0.5671921,0.78264064,0.011186004,0.44376194,-0.040641487,-0.2731899,-0.0948202,-0.10633385,0.33681726,0.14390197,0.6419035,0.14944968,0.20904899,0.20688498,0.1406744,-0.10644013,0.090969145,0.26156354,-0.2243697,-0.1690971,0.56063974,-0.083738685,-0.44106588,0.0735154,-0.1674661
1238,-0.4532841,-0.24562685,-0.35948634,-0.9575341,-0.7318096,0.10186065,-0.37275535,0.24245824,0.18918204,-0.2881634,0.29600826,0.14402881,0.3202875,-0.14988619,0.40225664,-0.96068096,0.07181084,0.083846726,-1.1050811,0.11751912,0.11327577,0.118822455,-0.22595522,-0.06830914,0.16294563,0.80568546,-0.21453787,-0.4062038,0.37065688,-0.62548685,-0.8500882,0.22102344,-0.3421127,0.49573806,0.38157293,-0.1558469
1239,-0.46935374,-0.085935324,0.08257796,-0.17090654,-0.051163852,-0.41088587,-0.48447207,-0.93970037,-0.5833611,-0.02693306,-0.35505968,-0.20356488,-0.73150474,-0.29517213,-0.55402905,-0.38944837,0.070210904,-0.42300797,-0.211998,0.28923756,0.74388134,0.028794117,-0.43042904,-0.623785,-0.6138412,-0.3197494,-0.15229478,-0.05631733,-0.09780452,0.121857114,-0.34679088,-0.57074,-0.31090355,0.35502467,-0.34216934,0.3923748
1240,-0.3743384,-0.022136934,-0.2021707,0.44615367,0.35099396,-0.23418003,0.095599115,0.15785432,-0.0698649,-0.4942285,1.0982461,0.32813516,0.2796824,-0.047165036,0.06873894,0.18814474,-0.10353002,-0.3692267,-0.22278708,0.43085712,0.058688223,-0.5734753,-0.14488405,-0.12045413,-0.3821744,0.097922936,2.4903235,0.5936101,0.63876617,-0.16252452,-0.045097947,0.40461713,0.32506484,0.75887764,0.77951854,-0.40028802
1241,0.18121839,-0.4810779,0.006142348,0.03626597,0.24113756,-0.2051375,0.17976019,-0.27167326,-0.109395064,-0.087522686,-0.3004551,-0.21113059,-0.14012939,-0.12049687,-0.21542329,0.07468501,-0.11197509,-0.0037698746,0.017378211,0.028609186,0.2732551,0.16681789,-0.7082324,-0.106538,0.2067621,0.3934302,0.4922477,-0.21476004,-0.090464786,-0.16351894,-0.24569577,-0.62469316,-0.40140444,-0.35529917,0.10064441,-0.14442474
1242,0.66042167,0.76260126,0.7022445,-0.07036486,-0.055360645,-0.3124249,-0.025974393,0.5380819,-0.5884162,-0.29274786,0.040288657,-0.64041877,-0.39956248,0.27839267,-0.10931027,0.1513735,-0.011272579,-0.25988066,0.18973134,0.12635466,-0.18945846,0.3326304,0.20840386,-0.4093442,-0.64850014,-0.39380231,-0.1486373,-0.33833808,-0.2514708,-0.14136676,0.053088725,-0.12636974,0.66127986,-0.17199421,-0.41624588,0.31879425
1243,0.41243142,0.54436255,1.116278,0.43400097,-0.14149868,0.4893487,2.678149,1.0543761,-0.016290247,0.20968086,0.21517801,-0.09578937,0.33174983,0.5476226,-0.030195117,-0.2531342,0.27061737,-0.06290245,-0.26364043,-0.0720098,0.92120314,-0.034621686,-0.054332137,0.376836,0.7872076,1.3947175,1.2762495,-0.5223168,-0.35051396,-0.4558909,-0.041102678,0.32832924,0.85296124,-0.2013283,0.024533376,-0.049331903
1244,-0.028794765,-0.23534855,-0.41662252,0.07484943,-0.4412536,0.05481327,1.2212138,0.7756812,-0.12257475,0.80787987,-0.12484515,-0.4823339,-0.12070811,-0.08117968,0.33290127,0.77678424,0.6264885,0.38350305,0.03481543,0.19025189,-0.043688923,0.4508406,0.54243946,0.5914411,2.6961524,2.794218,4.069738,0.06930059,-0.13538124,0.145354,1.0100747,1.0336437,2.3645115,-0.8172011,-0.12442714,-0.07776447
1245,-0.48243356,0.23531622,0.6387968,-0.09032774,0.44381252,0.41770774,0.13032559,0.4347724,0.7305181,0.8801316,0.32840848,0.13927291,0.49544293,-0.27812052,0.07625252,0.53114027,-0.028961383,0.7621632,-0.2923944,0.2290772,0.44703585,1.2165613,1.2474053,0.7716707,0.20044972,0.6262999,0.3906621,0.030931652,0.058247656,-0.1757952,0.55773145,0.34704417,0.06476543,0.29943413,0.59081537,1.0115318
1246,-0.36082608,-0.25420558,-1.0245793,0.63077056,0.38950875,2.6347876,0.40958184,0.2066072,0.72018147,-0.056835055,0.15649717,-0.16728222,-0.10974252,-0.39819372,-0.13605475,-0.09412387,-0.044971764,-0.8010676,0.091159105,-0.061823368,-0.38745543,-0.39736024,-0.5138229,-1.0005417,-0.15312093,0.101412565,0.35277587,-0.105793364,1.509126,0.2526917,0.35466003,1.0219316,0.30378747,-0.4428721,-0.10141128,-0.8872438
1247,0.13213852,-0.19715276,-0.17895433,0.15874612,-0.17161897,0.067009866,-0.2540751,-0.46884567,-0.62813807,0.045882985,0.268768,0.08975756,-0.23347402,0.13323995,0.27869493,-0.6577423,-0.5583523,0.034251064,0.71019906,0.8279497,-0.0077774227,-0.40902942,-0.16160083,0.98796254,1.5230393,1.7357116,0.31239226,-0.24500306,-0.17691386,-0.40252113,0.22119808,0.9420854,1.5672216,-0.18263206,-0.08389157,0.035110652
1248,0.10995364,-0.22319429,1.5349799,-0.17013127,-0.44726306,-1.1598971,-0.30876005,-0.16032076,-0.35782063,-0.44050094,-1.2073056,-0.9255508,-0.58955324,-0.40008348,-0.034250706,-0.28387216,0.38638246,-0.46868718,0.14287019,0.57045585,-0.070704356,-0.36793888,-0.906638,0.52505636,0.19347274,0.0939877,-0.34519327,-0.62604976,-0.029372826,-0.47512403,-0.32134598,-0.39339,-0.4611162,-0.26946878,-0.6031974,0.444376
1249,0.2409879,0.23726475,0.10807249,-0.5755385,0.11959561,-0.033703387,-0.16772065,0.007175803,0.15606344,2.7999752,2.569324,1.4841769,1.5922682,1.9530841,1.8317261,-0.0049573556,0.19584301,0.08008516,0.2825265,-0.057903588,-0.24065685,0.069735974,-0.08268976,-0.011699796,0.12802911,-0.01981461,-0.21127175,0.5293981,0.1060458,0.4631865,0.32075813,0.46671465,0.03225249,-0.23625636,0.044582605,-0.0054391026
1250,0.07193875,-0.17054337,-0.23463637,-0.037644386,0.06164266,0.01980193,-0.8770914,-0.6106883,-0.114483684,0.8364079,1.050059,0.4637112,-0.118139744,-0.061161876,0.45160997,-0.25338355,-0.29670995,-0.24366105,-0.42061543,0.041038215,0.2577556,0.13509572,-0.05754763,-0.3789798,-0.13036543,-0.4060675,-0.46794063,-0.62573934,-0.300941,-0.2771396,0.19129825,0.07938253,-0.05044657,0.036197513,0.06807045,0.26874554
1251,1.3363972,0.6746799,0.70255107,1.0411246,0.22249985,0.30559087,0.9194913,0.38385454,0.026318192,-0.012162626,-0.59352356,-0.25095534,0.2800086,0.6259576,-0.01862216,0.3719651,-0.12304443,0.106120765,-0.23104286,0.42037418,-0.20546365,0.24861848,0.546195,0.82139504,0.4726572,-0.13407105,0.18778563,-0.017229557,0.53458285,0.14291626,0.6688166,0.8420366,-0.21069495,1.5105355,1.0464076,0.26916993
1252,0.1617769,-0.06997125,-0.14965925,-0.9842024,-0.22485612,-0.15426126,-0.29743868,-0.24781394,0.38851154,-0.41406482,-0.3944544,-0.026195168,-0.3189398,0.09031534,-0.04358913,-0.15695405,-0.61661744,-0.70363945,0.41420394,0.051763184,-0.4894285,0.1375941,-0.1250009,0.2511827,-0.63632435,-0.2539925,-0.15903878,0.4679053,0.9262908,0.13891536,-0.27498513,0.0971213,-0.24989115,-0.15539932,-0.4622164,0.17047691
1253,-0.29418793,-0.24183547,-0.058619455,-0.087932706,0.09595022,-0.07046115,-0.59891397,-0.46569198,0.029458165,-0.32496524,-0.3887663,-0.27008063,-0.071261406,-0.5049473,-0.7676513,-0.21061555,0.30366474,-0.5004518,0.27062947,0.09382105,-0.40697575,-0.21810669,0.2739228,-0.016906977,0.07438278,0.13727838,-0.72123456,-0.33093125,0.4311846,0.30985966,-1.0121727,-0.4975412,-0.2420603,-0.16900373,0.011825293,0.037362695
1254,0.11329757,-0.28004622,-0.24391747,0.05361116,0.27599728,0.15252693,-0.06712437,-0.37339061,-0.18521619,-0.48442042,-0.30856737,-0.98421335,0.056413054,0.029223561,-0.6085807,-0.69349176,0.19431305,-0.12782341,0.21101457,-0.824238,0.14221428,0.3584453,0.030454546,0.24667001,0.09587705,-0.059832692,-0.28213522,0.031069465,0.5429854,1.0643785,0.15129662,-0.49714,-0.18275693,-0.12200487,0.18298104,1.7142383
1255,1.0947357,1.7463202,0.52150285,-0.23775677,0.06928334,0.16195494,-0.27039802,-0.3328328,0.31048295,1.6795758,2.2424679,1.1559832,0.6435895,0.72529817,0.6108996,-0.25019097,0.112330034,0.3077547,0.25489622,0.13707224,-0.056989014,0.18237925,0.22726387,0.056784928,-0.3126098,-0.071326435,-0.02744434,-0.53771406,-0.11887702,0.05576761,-0.27255106,-0.14364845,-0.50942063,1.0770905,0.7834569,1.0727053
1256,-0.11983397,0.2887764,-0.09684765,-0.00026029348,-0.22150445,-0.4159732,-0.4124959,-0.37632918,-0.050284505,0.21893,-0.13792056,0.040746063,0.22355181,-0.54368234,-0.7177961,-0.05073668,0.052516818,-0.071977854,0.5694698,0.22579306,0.24000818,-0.31916568,0.15623927,-0.8786097,-0.16533661,0.6090947,-0.78446734,-0.09840453,0.18355632,-0.32297552,-0.3100353,0.6230624,-0.026103616,0.3967351,0.53490496,-0.23096329
1257,-0.4380982,-0.28002554,0.2691558,0.42487365,0.26661456,-0.08952123,0.21345508,-0.5047684,0.21609831,0.4956541,0.5692377,-0.34336388,-0.018965244,0.12016499,0.14630187,0.2388889,0.2667163,-0.03379625,0.07989907,0.012603849,0.27820376,0.0679397,0.4585169,0.2502178,-0.54876435,-0.12483774,-0.14857686,-0.32141083,-0.52380604,-0.12953031,-0.78851604,-0.3508588,0.24216706,0.9814642,0.42332798,0.03517133
1258,-0.09381178,0.043425534,0.17801683,-0.16445166,0.04787445,0.3738243,0.27584147,-0.41206643,-0.6505033,-0.77529746,0.033487767,-0.014475122,-0.60257363,-0.02735748,-0.6971259,0.08991766,-0.32496935,0.25199735,1.0176022,0.8067117,0.66703516,-0.83521324,-0.6448449,0.09596991,0.5869736,-0.031218916,-0.08653641,0.22261201,0.16433969,0.11091749,0.24730095,0.6646668,0.08305782,1.5956591,1.4917065,1.0208893
1259,-0.10783914,0.28842133,0.015529677,0.33076808,0.26041064,0.1995252,-0.16516557,-0.117265254,-0.4879778,-0.046399057,0.5050458,0.19480482,-0.28498548,0.19379643,-1.2279668,0.31788546,0.21424559,-0.18833643,-0.8487618,0.11745292,0.37442583,0.17065011,-0.60185385,-1.023172,0.54985523,-0.1780394,-0.19016284,-0.09938867,-0.24676555,0.5878648,-0.14051245,-0.77899075,-0.6658224,-0.4296198,-0.06713724,-0.2409795
1260,0.36094198,1.1729883,0.082762465,-0.10709065,-0.44557065,-0.40663558,-0.0038569272,0.04769837,-0.33489203,0.69553643,0.2605989,0.44816887,1.9809444,0.9250572,0.94904035,-0.12768862,0.13928473,-0.13296954,-0.037767768,-0.20941335,-0.16599488,-0.27057156,-0.017786384,0.06960848,1.1792573,1.7518477,1.0298188,-0.009784341,-0.1503334,0.043137908,0.6394032,0.46795487,0.59048414,0.182422,-0.056871206,-0.00029224157
1261,0.086618096,-0.2313776,-0.23049134,0.4298941,0.103640124,-0.18586524,0.28444052,0.009378791,-0.049134046,-0.01869297,-0.27171403,-0.07945864,0.081222,-0.059355438,0.004426062,0.10143681,-0.12744239,0.04210356,0.6621654,0.2789807,-0.051558316,0.1231658,-0.4919076,0.044857442,-0.3199566,-0.21326506,-0.35741332,-0.30691195,0.0855937,-0.0098056495,-0.121296346,-0.11185914,-0.0006532762,-0.043455686,0.07591748,0.029684633
1262,1.5492463,2.2594757,2.301774,0.14562911,0.8332495,-0.09129445,0.77002734,1.5632976,1.8211303,1.6498724,1.3223242,2.1176736,1.3924952,1.176212,2.5406125,0.1849674,0.31442112,-0.25324282,0.056742713,-0.32425562,-0.39406872,0.110892475,-0.13370964,0.38832814,0.47818613,0.46394897,-0.06918836,-0.15480635,0.581455,-0.14452028,-0.34172624,0.7112802,-0.07404113,1.0906901,0.8198143,1.2541859
1263,-0.03046,-0.2256847,-0.6661178,0.06711328,-0.44397512,0.076590955,0.2217463,0.31645682,-0.05189888,-0.17913306,-0.1520612,-0.22628252,-0.16158748,-0.2063654,-0.14133477,0.040525377,0.107623264,1.266811,0.08006102,-0.25060573,0.14845651,0.01902172,0.082065865,0.058221012,-0.438271,0.22890349,-0.6067506,-0.14970866,-0.34484696,0.25447184,0.18086627,0.24234843,0.8371825,0.0676226,-0.21377817,-0.46799242
1264,-0.047026098,0.17788538,0.059677158,0.12514937,0.2484439,0.08240554,-0.29153216,0.19983214,-0.1012342,0.21717429,-0.35681075,0.854751,-0.030925425,-0.46564883,-0.13052064,0.26374328,0.36663067,0.55324465,-0.24380612,0.19530982,-0.74725455,-0.3781896,-0.30250528,-0.5743731,0.27849394,0.13728231,-0.36503845,-0.06346783,-0.006457001,-0.330204,-0.101220995,-0.6087446,0.31454265,0.58025837,0.5251345,0.17704006
1265,0.8373921,0.13836253,-0.3872077,-0.06762916,-0.28321183,-0.22821137,-0.5683912,0.18605012,-0.060256094,-0.27146006,-0.35500526,0.00803113,-0.43913662,-0.2880327,0.07310325,-0.16612184,-0.2051458,0.46524853,0.20986462,0.7629744,-0.20998102,0.82540953,1.0259547,0.23902786,0.008369684,-0.32186502,0.34927425,0.11939365,1.1419313,-0.56861115,0.0081781745,-0.985622,-0.6974455,-0.64643234,-0.11148524,-0.11192826
1266,0.38136837,-0.18046993,-0.18735993,-0.36658484,-0.38730198,-0.099549115,-0.23270124,-0.27738994,-0.53158146,-0.4446621,-0.31148922,-0.18913823,-0.1509453,-0.24511915,-0.18499666,-0.19070387,-0.297563,0.5724814,0.70316243,0.8848671,0.11833167,-0.006479025,0.18898827,0.49337956,0.2507664,0.17615911,0.92805606,1.3577149,0.6318738,0.32006884,1.5185874,0.7965653,0.8871044,-0.29836452,-0.29965276,-0.34265456
1267,0.07648373,-0.043611668,0.19821568,0.15166956,1.6179879,0.8435626,-0.26048362,0.014934555,-0.12627745,0.0585718,0.30976826,0.07171682,0.3584148,0.29246214,0.1529189,-0.50179785,1.7233541,0.07459067,-0.069247484,0.26966548,-0.026932456,0.2531628,0.8863725,0.2778743,0.4585698,0.9630779,2.10844,-0.56216097,-0.7824706,0.18263903,-0.04844147,-0.07727453,-0.15048155,0.20786455,-0.15079522,-0.21307337
1268,0.38672748,-0.22030315,-0.3365891,0.109855175,-0.39208543,0.7350736,-0.05224812,-0.35887438,-1.1411016,0.385964,0.28354588,-0.3083582,-0.052817106,-0.21693587,-0.62963206,-0.3843463,-0.06310931,0.20324008,0.9472909,0.06485307,-0.4327146,0.2440519,-0.3648069,0.08131657,0.49134052,-0.010543823,-0.23065513,-0.26230073,-0.22459058,0.118588515,0.1379047,-0.38316202,0.5207908,-0.20720553,-0.22343652,-0.0013216734
1269,0.4864525,0.029759437,0.15731198,0.11479181,-0.43292743,-0.46189678,-0.18805113,0.1361559,0.02088146,0.111242235,-0.124914706,-0.00044369698,0.1951291,-0.092761755,0.06317508,0.38723183,0.30676436,0.6074674,0.22757804,0.09571995,0.02255857,0.47889483,0.59887713,0.66097546,0.80989087,1.3842057,1.401516,1.7533894,1.3143635,0.95674706,2.3054388,2.078736,2.435488,-0.055348277,-0.15664625,-0.21902238
1270,-0.17394406,2.3546634,1.8324655,-0.31897232,-0.6860843,-0.3517943,1.6603261,0.2768639,0.17770159,-0.5470618,-0.53112763,-0.21252781,0.11859572,-0.99496657,-0.058149338,-0.0102214515,0.19909698,0.049691796,0.91108453,0.59680104,-0.2877773,-0.060147226,-0.35138583,-0.51568973,0.07318352,-0.25312436,-0.5157479,-0.97451115,0.5299665,0.27707994,0.33394635,0.18248792,0.054743454,-0.4673469,0.08204973,-0.4138182
1271,0.55589145,0.49061418,0.14243114,0.62634647,0.11700302,-0.15158051,-0.33785045,-0.18693882,-0.17750293,-0.17853491,-0.15047795,0.004742861,0.025823783,0.19686091,-0.16287333,-0.118881196,-0.3912528,0.19785307,0.24647349,0.29885155,-0.18511283,0.3706788,0.13075925,-0.24585205,0.43206564,-0.067417234,0.14730865,0.3516602,0.1740115,-0.16545779,0.29098192,0.36635637,0.73117924,-0.32126302,-0.09231164,-0.23666197
1272,0.68393266,0.6309409,1.3034078,0.33847505,0.5082198,-0.28145233,0.7075903,1.1051998,0.27874672,0.36866796,-0.07898742,0.075468086,0.1603195,-0.054636165,0.21478777,-0.076545775,0.3442385,-0.11192393,0.01580453,-0.47592568,-0.12372208,-0.45594585,-0.11512765,0.37024972,-0.08044779,-0.66212714,0.07961619,1.3266927,1.7028599,1.3387885,-0.17665502,0.644466,0.14073807,-0.048579037,0.04908812,-0.048795804
1273,0.10224867,-0.10796261,-0.40988234,0.09009111,-0.16300613,0.23679866,-0.10965848,0.22303092,-0.42850435,-0.09563744,0.060774133,-0.34946698,-0.008209348,-0.6715155,-0.3934257,0.34560117,0.08093029,0.3407563,-1.1873412,0.61685663,-0.04823634,0.14173037,0.4142902,1.2678801,0.4788668,-0.31424657,0.54555005,-0.04506372,0.53356194,0.2242558,0.06726527,-0.82620466,-0.4981296,-0.3841021,-0.12431377,0.096758366
1274,0.47815102,-0.019523323,0.45360923,-0.037588775,0.19861205,0.055432916,0.35684332,-0.72276807,-0.15943696,0.62466705,0.54201114,1.2230442,0.27255845,0.050786495,-0.09140296,-0.018634617,-0.113157555,0.35188615,0.35934922,0.18193632,0.8789644,-0.021948278,-0.056048326,0.25793573,-0.27104914,-0.04749339,0.060801387,-0.5048721,-0.16505587,0.3778852,-0.13306493,-0.26957187,-0.16417834,0.436214,0.6564766,-0.17110538
1275,0.62048364,-0.2309471,0.33767873,0.86294174,0.03357154,0.8998998,0.24213883,0.5216239,0.893093,-0.16891283,-0.21373817,-0.5328082,-0.15780282,-0.109623134,-0.47530463,0.24498755,0.21575615,-0.073096514,0.37846416,0.06944748,0.23757243,0.002195537,0.11122897,-0.04632444,1.1600597,1.7238932,3.5528648,-0.08349827,0.3421135,0.7554767,1.5122979,1.4760315,2.8529773,0.2300235,0.18742275,0.22705597
1276,-0.021260336,0.028839767,-0.2593378,0.816871,0.27548507,0.61152446,5.181658,5.475521,2.5576012,-0.03717643,0.0023399293,-0.08093323,0.010590792,-0.033067554,-0.06892562,0.057454497,0.09303738,-0.19418094,0.29914662,0.27683717,-0.11966433,0.08625531,-0.39363307,-0.29520166,-0.5168481,-0.21987414,-0.38988742,-0.20227778,-0.29042205,-0.163083,0.59399563,0.5686924,0.79435337,0.18376362,-0.26922718,-0.25485992
1277,0.51425964,0.34820795,0.44998598,0.05792117,-0.08145642,-0.58474445,0.49557883,0.23869488,0.5713928,-0.17525268,-0.31546366,-0.5097171,0.3080146,0.05647126,0.4215858,0.20789021,-0.010624588,-0.020070255,-0.11124122,-0.06340928,0.073808655,-0.2715103,-0.100804746,-0.2143462,0.37530333,-0.30598354,-0.38040203,1.3154335,2.4491222,3.1970456,0.27693784,0.55290747,-0.14087468,0.11181444,-0.3493896,-0.02993086
1278,-0.23694986,-0.20309073,-0.14636147,-0.43988827,-0.17474577,-0.29462248,-0.23822904,0.032817096,-1.0884192,-0.3511506,-0.5181474,-0.21667325,-0.008540213,-0.57750094,-0.038712263,-0.12771803,0.4361824,1.5206939,-0.0962491,0.9587374,0.29827416,0.062350444,1.1385206,0.37300676,0.4495655,0.8213998,2.5808775,-0.37151843,-0.32487714,0.049108744,-0.16131118,-0.29971898,-0.19061932,-0.089567095,-0.25782955,-0.62651926
1279,-0.1397847,-0.24146783,-0.16657776,2.7431173,2.350711,0.73280036,1.3880693,1.739198,1.8295424,-0.04545623,-0.45764494,0.038258195,0.8381264,0.02567321,-0.21476549,0.25349003,-0.50801176,-0.079243526,0.10554409,0.24194479,0.20821369,-0.2874176,-0.05747047,-0.09979308,-0.4544485,-0.957857,-0.5536218,-0.43630785,1.6807742,0.120265424,0.2959616,1.1988844,0.14965597,-0.02053982,0.01396016,-0.50275207
1280,-0.35029542,-0.34141073,-0.5855934,-0.17707106,0.23716295,-0.21415764,-0.21101338,-0.43134323,-0.8356031,0.18665689,0.18665189,0.1558904,0.5783638,-0.30607796,0.016993284,0.5705869,0.27480674,0.24179393,-0.45423484,0.023146272,0.19823532,0.53014237,0.69448185,0.7911215,1.6664402,0.9280664,1.3709271,0.84207547,-0.18060064,0.10502422,2.0863109,0.6002471,0.62835246,-0.37915945,-0.77151185,-0.5190391
1281,1.7699686,1.5373688,1.3947654,-0.5645417,-0.55150604,-0.2665211,1.4116064,0.7476231,0.44449395,0.008977454,0.34215343,0.019423038,1.1781414,0.08757889,0.6911795,-0.13262552,0.66651714,0.11289096,-0.12388912,-0.32943362,-0.13556069,0.19325785,0.07211687,-0.24093646,0.24893728,0.19928628,-0.20754498,0.08948994,-0.16573042,-0.14838004,0.49596548,-0.59894586,-0.20961727,0.3093928,-0.122286126,-0.13468033
1282,-0.21715008,0.1607641,-0.40473258,0.20601654,-0.33673728,0.36129403,-0.033537254,-0.15512499,0.011022598,-0.0929513,0.2330895,-0.74195457,-0.043538958,-0.4244132,-0.27591717,-0.16529733,0.04828,0.6338401,-0.044408202,0.038007796,-0.06254575,-0.13649774,-0.36374718,-0.61013615,-0.033872396,0.19407159,0.023824811,-0.3267684,-0.56850785,-0.47832608,-0.092865705,-0.115326256,0.5315245,-0.10973573,-0.15941995,0.17598693
1283,0.24006516,0.12345281,-0.21681006,-0.1513887,-0.20686266,-0.21910453,-0.033066012,-0.4596216,0.21869063,-0.5690254,-0.013034686,-0.046841595,-0.20598705,-0.34316638,-0.05718887,1.0060705,0.87683845,1.0545481,1.0769305,0.36509258,0.278711,-0.1932987,1.7963022,0.44267535,0.43306935,3.7548618,0.8325118,0.32401752,-0.068508565,0.0580785,0.39447713,0.103790164,0.698043,-0.13090181,0.22628081,0.17216483
1284,-0.30450636,-0.2426043,-0.4902187,0.11128476,-0.58338773,-0.16072625,-0.23629558,0.0705443,0.280563,-0.028671503,-0.20035964,-0.12960917,-0.28807414,0.036027253,-0.23220837,0.5023842,0.15226834,0.10885018,0.33770746,-0.00502792,0.19900411,0.80230176,0.26848,0.42847446,0.38766712,-0.010060817,0.20310056,2.1497242,1.0321915,1.647583,3.4609442,3.330069,2.2935264,-0.3678406,-0.24374372,-0.53801507
1285,-0.25652322,0.65165937,0.30858958,-0.22811681,0.0209378,-0.25898597,0.45343494,-0.1360001,0.0082601905,0.37124515,0.83278537,0.3436265,0.54780865,0.4154521,0.09598374,0.0037137866,-0.21385908,-0.22380391,-0.006647587,0.04871729,-0.16830291,-0.08614901,-0.39966035,-0.26155245,0.5311439,-0.17636755,0.2806517,-0.7872364,0.2637121,0.12841147,0.12824734,0.73554534,0.77306175,0.5537735,-0.2922874,0.11098549
1286,0.21901298,0.12061557,0.12345839,0.9493243,0.49073023,0.7745487,0.3049159,0.6582648,0.34299618,0.3035952,-0.09018073,-0.11667824,-0.35677427,-0.13294551,0.03915876,0.018731505,0.08147769,-0.40373987,0.38329005,0.6140282,0.6009034,0.014180664,-0.5050365,-0.19484463,-0.8216174,-0.41454518,-0.38126057,0.2670713,0.20696908,0.19150853,-0.3698545,-0.24079013,-0.15858768,-0.1631816,-0.42178023,-0.5638659
1287,0.054681033,-0.2621253,-0.5499233,-0.17551604,-0.37590957,-0.29049042,-0.18059525,0.4503406,0.25305855,-0.29520953,0.36720854,0.07544279,-0.89629936,-0.648734,-0.06989294,-0.068474166,0.36285108,0.62507164,0.13913,-0.04975882,-0.19962949,-0.0044979155,0.03237164,-0.23224568,-0.30325577,-0.6214707,-0.23474707,-0.37135637,-0.35317746,0.0386976,-0.48455018,-0.6661311,-0.08674416,-0.12959066,-0.811024,-0.18144071
1288,-0.5170741,-0.06380832,-0.024134278,-0.45312536,0.09815702,-0.43845677,-0.557196,-1.2087624,0.017129242,-0.57140553,0.15987341,0.31831512,0.06931646,-0.6506798,0.39559877,0.00010021031,-0.580256,-0.05918567,-0.37934035,0.1314379,0.1844643,-0.009809494,-0.61854076,-0.44019404,0.12490302,-0.6921388,-0.4206903,-0.41665417,-0.42975664,0.13828072,-0.8714432,-0.5190383,-0.029327236,-0.12011015,-0.085756555,-0.3007897
1289,0.21061093,0.06306636,-0.23969667,-0.45968306,-0.7823814,-0.21441448,0.21686065,0.49586254,0.5803479,0.7312418,-0.12551509,-0.015355527,-0.29578435,-0.120036185,-0.31120628,-0.0559882,-0.38918474,0.021827042,-0.018844247,0.20326696,-0.35330832,-0.32039058,-0.62572646,-0.09080492,0.066413656,-0.13935313,-0.41684628,0.2201606,0.33756685,-0.30029044,-0.7032983,-0.14793846,0.9659681,-0.9074073,0.07560998,-0.06527734
1290,-0.112314045,-0.56219685,-0.7913698,-0.022749603,0.079190016,0.24592459,-0.20406717,-0.46819535,-0.5919198,-0.6449338,-0.5046645,-0.0060253143,-0.557935,0.0048077703,-0.3305088,1.3112814,0.11685252,0.23299402,0.3151425,0.4551509,0.08771098,0.19911867,0.48530006,0.35463798,-0.378399,0.15042694,-0.07282978,0.06886464,0.2684744,0.17573443,0.12068058,0.69032276,0.1719889,0.74406135,-0.08682275,-0.077824324
1291,0.00953877,-0.17500527,-0.23573858,-0.013274312,0.48121002,-0.04911837,-0.19172853,-0.8080113,-0.06958711,-0.48949444,-0.6133758,0.13737112,0.24785441,-0.006965518,0.08917305,0.017377764,0.12666321,-0.30953026,0.8711816,1.1712606,0.996101,-0.2549589,-0.40350795,-0.09852368,-0.13014689,-0.35618222,-0.7443999,0.48086596,0.63479316,1.0029445,-0.41921085,-0.018532872,-0.29141173,1.1020749,0.5184346,0.19455183
1292,-0.45715898,-0.53929377,0.272192,1.5802535,0.28811893,0.045485407,0.18388563,-0.041383356,-0.2862289,-0.22203338,0.44314247,0.54085225,-0.51473266,0.027313411,-0.18233737,-0.267688,-0.2064968,-0.079356834,0.022559792,-0.1911258,-0.08673239,-0.016115487,0.43784577,-0.1868595,-0.31562847,-0.30421528,-0.71822375,3.780286,3.507727,2.3490708,0.5286935,1.1599153,1.0059955,0.7042742,0.93767303,0.7018777
1293,2.8670478,3.7007833,3.5022123,0.17039049,0.20096219,0.09078789,2.2966373,2.7016597,2.3266182,0.010096192,-0.0048333406,-0.057642765,0.95846814,1.3220861,2.3030868,-0.1771931,-0.03202793,-0.2398121,-0.13334692,0.086660594,-0.0006337166,0.22320533,-0.215493,-0.3468379,0.13472617,-0.31279153,-0.6902056,-0.23202592,-0.04958287,0.17266601,-0.17429899,0.30068344,0.35566464,0.24854451,0.336774,-0.13445663
1294,0.2374218,1.5406543,0.11210658,0.2656079,-0.3240025,-0.24857858,-0.20703997,0.24809366,-0.4028579,-0.10329729,0.16854548,0.19839561,0.09059751,0.19046295,-0.03747487,0.070138216,0.7714975,0.057111382,0.19767106,0.021697283,0.27588934,0.77720535,0.90427935,0.33011088,1.5832866,1.5866303,0.53254706,2.0573893,-0.41749644,0.37049907,0.9391547,1.7974695,1.0734711,-0.0010019839,-0.7086631,-0.021624744
1295,0.42743406,0.884455,0.41002017,0.041593254,0.2936163,0.06160429,1.0860602,1.2910061,0.64445794,0.51216763,1.0492291,0.4141206,-0.41468224,0.275213,-0.056012675,0.5172834,0.3908618,-0.20251969,0.14909768,1.0385121,-0.17243527,-0.0019568205,-0.24991262,0.02242434,1.0693816,-0.7461425,-0.19699717,0.10572681,0.35973743,-0.027368665,0.02502796,0.5873529,0.9157164,-0.46097952,0.23698854,0.18914533
1296,-0.02111119,-0.084142566,-0.24048074,0.003088802,-0.09180316,0.054919824,-0.45990536,-0.25107825,0.006268859,-0.6307886,-0.41107,-0.22725451,-0.18538243,0.22993666,-0.22499526,-0.35234863,0.09142336,-0.35824037,-0.060920656,-0.08001083,-0.3043604,-0.31422877,-0.469486,-0.16309881,-0.35186625,-0.38401753,-0.41287863,0.6792079,0.13051787,0.6374345,-0.35548794,0.041792214,0.5052225,0.20153393,-0.219464,-0.0930841
1297,0.7129583,0.39891964,0.7160564,-0.043327913,0.7031287,-0.1885789,0.96204805,0.2664074,0.26131636,-0.062037826,-0.24743593,-0.18438637,0.65593433,0.6091343,0.1563296,0.25335422,0.06143029,-0.06911993,-0.22406766,0.37952676,-0.18511784,-0.107596636,0.10293847,0.07091105,0.032082736,0.21241233,0.7761598,0.14999732,0.10213635,-0.030538917,0.068966985,-0.100286365,-0.202456,1.6275945,0.33906263,0.6522946
1298,-0.10620311,-0.1304127,-0.32209745,-0.25611043,-0.41657788,-0.12821949,0.22455844,0.24289286,0.00063830614,-1.4184844,0.11920523,-0.046674848,-0.4360177,0.057243913,-0.2094965,0.058429312,-0.36418602,-0.0024715066,-0.045419216,-0.2970372,-0.042374015,-0.027041674,-0.27516806,-0.052745342,-0.8100842,-0.18926251,-0.21644711,0.59276927,0.5317084,-0.05473721,-0.5940881,-0.38518828,-0.33747035,-0.00040748343,0.07313985,0.111180365
1299,0.25232705,-0.56698334,-0.27497256,-0.09003402,-0.46961772,-0.13855487,0.033788443,-0.17354771,-0.25765064,1.323466,0.5908216,0.3629132,0.1895979,0.14609885,0.002952993,0.024160981,0.2094997,0.22041178,0.09738691,0.06738266,-0.081903815,0.6214827,0.42310894,0.8086767,1.5756805,0.52485955,1.4610875,2.1525323,0.8086195,0.24345493,3.883303,2.5977614,2.7247255,0.9864082,0.5621751,0.2765082
1300,-0.67300206,-0.69833845,0.035779685,0.05229035,-0.08804649,-0.22658631,0.46392018,0.7450545,0.066898644,0.38665697,0.21086878,0.41828018,-0.24234998,0.08721131,0.11801338,-0.4631045,-0.36111522,-0.2178737,-0.25472942,-0.23618823,-0.09791243,-0.24538928,-0.2048909,-0.053854883,0.1716119,-0.26063836,0.12737095,0.16473281,0.6314708,0.30765152,-0.5008702,-0.08594428,-0.040470064,-0.62396467,-0.31005827,0.008456469
1301,0.37242073,0.36042652,-0.30400822,0.017234623,0.009176731,-0.6941186,-0.40730864,-0.17584977,-0.21254164,0.0484429,-0.2005856,0.15547091,-0.026070967,0.35092974,-0.25792915,-0.041993767,-0.34445563,-0.21876469,-0.2258892,-0.2569399,-0.41741782,-0.25748146,-0.45569265,-0.55389184,-1.3298298,-0.52171665,0.07847938,0.37137133,0.755197,0.9090086,-0.59740627,0.43132722,-0.050885916,0.7004595,0.1332745,0.091765925
1302,0.09251243,-0.2973826,-0.24336958,-0.7441579,-0.37772512,-0.33454043,-0.30501008,0.17082512,-0.7080084,-0.44970852,-0.058446765,-0.52116406,-0.54882765,0.13929808,-0.45684987,0.45347726,0.38183522,0.16144788,0.5802556,0.4747159,0.6880506,0.591622,0.32121867,0.60854435,-0.22855672,0.024689645,0.4770948,0.5564574,0.24781674,0.8748812,-0.16193312,-0.41255403,0.32486677,-0.5207782,-0.034542143,-0.04032147
1303,0.25519443,1.0309889,0.8892136,-0.49006832,0.26786047,-0.17603633,-0.05612874,-0.046451926,0.2535539,2.2805,2.6258025,1.2106618,3.0210733,1.8429054,2.0217457,-0.17759591,0.21085507,0.21599334,-0.25097227,0.083284855,0.1073177,0.15705156,-0.3029811,-0.21082413,0.13252565,-0.24349025,-0.11365901,-0.15348259,0.023496687,-0.22465074,0.24597993,0.43140745,0.40328252,0.19782019,-0.22791046,-0.06810725
1304,-0.371906,-0.36377788,-0.061375976,-0.017229497,-0.15053481,0.028283358,-0.45454198,-0.527551,-0.031291306,0.12890801,0.1778594,0.28651023,-0.079010755,-0.09538612,0.1064139,0.31092852,-0.31448394,0.07853621,-0.31065917,-0.1852643,0.05258751,-0.22248632,-0.23607317,-0.034021914,0.4445277,-0.05839178,0.29519907,0.018186748,-0.030976817,0.2179634,-0.37829608,0.26538217,0.22784811,-0.4519813,-0.00076788664,0.014924638
1305,0.07108991,0.3016476,0.045040905,-0.06843495,-0.5063717,-0.056261897,-0.0097852945,0.020656735,-0.7544887,-0.028860986,-0.17099398,-0.013321996,-0.08532709,-0.0041656196,-0.027175814,1.2841909,0.83952856,0.51895034,-0.14394942,0.11502078,-0.08868015,1.4307212,1.3193234,0.38732472,3.2158334,1.9224246,2.2810178,0.20934753,-0.31352523,0.04412645,1.3829427,1.0460718,0.45795244,-0.4442041,0.16598415,0.017177999
1306,0.047455184,0.21286628,0.27593398,0.13038158,0.85527956,0.44965538,1.2320595,0.5000511,0.009690642,0.4315753,0.0973115,-0.013188869,0.17094746,-0.05387596,0.2912358,0.4075086,-0.08792299,0.27506626,-0.42259216,0.028628036,0.009499073,0.6563664,0.1460818,0.12226629,0.017891467,0.03172469,-0.09610325,-0.37954873,-0.06760177,0.016662806,-0.07732813,-0.19508018,-0.14185792,-0.046959355,0.20716438,-0.022188723
1307,0.3368315,-0.09046018,-0.13474038,-0.083752275,-0.21766958,-0.11492461,-0.21180981,-0.32528898,-0.2610376,-0.23998594,-0.14584313,-0.047180235,-0.5081949,0.34862253,-0.11946648,0.39556038,0.5489331,0.14392158,0.46085596,0.1937977,0.13024306,-0.22411644,0.48686457,0.034170628,-0.47647953,-0.58139676,-0.1764968,0.1646199,-0.24587949,-0.5356937,0.29114687,0.42646444,0.20250008,-0.06920552,-0.2804475,-0.47531724
1308,-0.53232974,-0.24429876,-0.1059348,-0.3663888,-0.11873062,-0.041496634,0.5481686,0.14900535,0.025071263,-0.1958698,-0.08953856,0.21241564,-0.08117533,-0.24511027,0.056115806,-0.13786244,-0.0065333694,-0.30064923,-0.3359244,-0.16392855,0.010805249,-0.14451325,0.27757043,-0.022655576,0.16691959,-0.3763645,0.06979084,-0.050023377,-0.086361855,-0.07636535,-0.18052918,-0.40025377,-0.08011657,0.08051926,0.0030816197,0.009911656
1309,0.53801066,0.80541795,0.07875821,0.06644854,-0.2054894,-0.07438924,0.6942522,0.6110597,0.5476579,0.19569704,-0.060774386,0.34170783,0.641589,0.32384574,0.45123804,0.35296452,0.80289745,0.7160648,-0.30957982,0.058618933,-0.171395,0.31935668,1.0302471,0.42724836,1.0928962,1.816165,0.6533906,0.19820033,-0.8959226,-0.30744725,0.10745531,-0.21111299,0.048722655,-0.271917,-0.08682042,-0.15613273
1310,-0.07432031,-0.3364518,0.13171089,1.4474093,2.9609258,2.5251458,1.8939501,0.72960854,0.23422241,-0.053818464,-0.46897036,0.23819777,-0.41623908,-0.20998858,-0.09646773,0.50839776,-0.46702647,0.33394822,0.3771063,0.30871314,-0.12821072,-0.26501566,-0.2685263,-0.31025544,-0.48137385,-0.63173187,-0.37656522,-0.2537981,-0.04904122,-0.030652165,0.9996673,1.9598755,0.8104377,0.38581222,-0.13689065,0.14814174
1311,0.029317796,0.16132271,-0.039828062,-0.048229933,-0.031284213,0.08213997,0.4158768,0.3923872,0.06766212,-0.19167143,-0.28620666,-0.023981124,-0.10653442,0.2605148,-0.09605324,0.6678449,-0.29371655,0.039210618,0.82702255,-0.37817216,0.06335443,0.30967623,0.3916403,-0.058188707,-0.3085017,0.1115033,-0.021773517,0.21677792,-0.28806162,0.052384496,-0.13353908,-0.08725858,-0.025662363,0.21937215,-0.24012575,0.06617391
1312,-0.6700069,-0.076825246,-0.15479106,-0.1751852,0.19097842,0.103244305,-0.21711278,-0.44008148,-0.12390685,-0.35875106,0.0050243586,0.040346146,-0.43481284,-0.1979883,-0.13101667,-0.021928221,-0.14075458,-0.12436646,-0.041350126,0.042285487,-0.23716938,0.011600614,-0.16228117,-0.022778392,-0.020500869,-0.23205543,-0.1370045,-0.14822921,-0.064278826,-0.0039174557,0.9745765,-0.026468575,0.3417967,-0.2171011,0.08377954,-0.18886238
1313,0.31486964,-0.00913465,-0.42664504,-0.039951295,-0.60540676,-0.2769769,-0.04346595,-0.048156828,-0.098431855,-0.077351645,0.19592983,-0.20647615,0.18716618,-0.052916586,0.088593125,2.8855379,2.1752772,1.4136901,0.22374974,0.37781858,0.18952,0.99180585,1.1834117,0.40443546,6.0248914,3.8156846,2.4323695,0.24324578,-0.3261055,0.06526822,1.4553767,1.0880876,0.56458706,-0.08183783,-0.1286822,-0.01752913
1314,-0.26168552,-0.02841616,0.06904417,-0.4711262,-0.07818357,-0.13137147,-0.044576228,-0.002215542,0.103412926,-0.09472749,-0.34295067,-0.15124673,0.06498858,-0.1251077,0.016916573,0.31892776,0.023894548,-0.039496362,-0.47686127,0.07578373,-0.029415429,0.06079924,-0.10275069,-0.099352986,-0.33397895,-0.22659148,-0.037461698,-0.04551822,0.23636714,0.08562833,0.6324668,0.10344203,-0.12744948,0.020210922,-0.09980735,0.0014079213
1315,-0.6190447,-0.109796256,0.15695006,-0.54153943,0.6650531,0.026437819,-0.11627674,0.096370295,0.076981306,0.4693408,0.26492584,0.47424668,0.23893043,0.21554476,-0.1747348,-0.5050282,-0.03703942,0.042328835,0.84008646,0.32029262,-0.006699145,-0.5790457,0.30713055,0.22036225,0.30985475,-0.021359593,-0.08443749,0.39694983,1.0359399,0.0030916333,-0.30040252,-0.03866315,0.03375572,0.30558467,-0.04035598,-0.008414209
1316,-0.4026081,0.25789344,-0.019466132,0.14569753,-0.70598924,-0.07388544,-0.07355398,-0.036074102,-0.12674934,-0.47898126,0.1398946,0.020180881,-0.30418956,0.06739784,0.04004824,-0.48961106,0.47338676,-0.2358163,-0.26967514,-0.28323346,-0.08922529,-0.32674965,-0.17922261,-0.5682737,-0.4484949,-0.32221296,-0.17159063,0.10750657,-0.3217159,-0.044564635,0.30251393,-1.0761884,-0.1315493,-0.4566443,-0.12699494,-0.091624975
1317,0.19934927,0.07455498,-0.06372527,-0.33800933,-0.36390448,-0.36322308,-0.08077118,-0.1742146,-0.3463258,0.19730642,-0.06169811,0.099261224,-0.032290652,-0.11434646,0.029214144,1.1253331,0.95640886,0.39134023,0.4296202,-0.31306702,-0.025245786,0.59937745,0.9352776,1.4773397,0.8984993,0.99129343,0.8313968,1.5023749,0.10856858,0.2721691,2.2003515,1.9417832,1.4083867,0.72392035,0.4827985,0.8898393
1318,0.17809293,0.100882925,0.33068675,0.054451346,0.21128713,-0.08357781,0.38789088,-0.07989651,-0.045653224,-0.1349634,-0.5851157,-0.1772064,0.10488027,-0.29111362,-0.22152862,-0.49914783,-0.6021919,0.053788394,0.173046,0.37949038,-0.25461,0.54726607,-0.30690402,0.13852876,0.08103061,-0.08075097,-0.38812178,-0.22836047,-0.4137674,0.5789919,0.28035328,-0.5611576,-0.33352268,-0.13953286,0.07611495,-0.5364115
1319,0.23721018,0.33692485,0.25659126,0.04519534,0.052715614,-0.07405068,-0.07749647,0.14966369,0.14544892,1.6778214,0.28841627,0.70793194,0.052462816,0.35504633,-0.032897353,-0.08264482,0.13139194,-0.2920742,0.10464713,0.09992361,0.06444991,-0.5013561,0.69086444,-0.00038918853,-0.0742515,0.31787413,0.18150651,0.47914445,0.10878505,0.22372913,-0.06317735,0.5075785,0.19765383,0.103654094,0.18132848,0.25040293
1320,-0.15257725,-0.13667637,-0.2123105,1.7324432,0.6654226,0.21720272,3.0032501,0.420489,0.3364184,-0.09074825,-0.05804825,0.09550339,-0.13374853,-0.18665561,-0.10190117,-0.2219845,-0.4657682,-0.028737664,-0.32332677,-0.055453174,-0.1320296,-0.19801027,-0.37338018,-0.0013317466,-0.13071191,-0.025310993,0.06585187,0.06087005,0.052437186,-0.07521838,1.8856665,1.5170062,0.5379713,0.05483385,0.09301178,-0.046838462
1321,-0.12615949,0.17948991,-0.045502186,0.087926984,-0.0757222,1.3575096,-0.13939333,-0.13917285,-0.35689974,-0.1316582,-0.07618462,-0.0983807,-0.056262136,-0.19559662,-0.1729003,-0.21043399,0.49306393,-0.02406405,-0.22564447,0.2512915,-0.111152396,0.2102417,0.57860494,-0.008221094,-0.03740287,0.004817769,-0.4542691,0.20782718,-0.38058785,0.06228347,-0.03977394,-0.09042242,0.120913595,-0.04182215,0.1813356,0.0564294
1322,4.7484226,3.0255523,2.3259108,3.1472385,2.6029139,1.7442362,4.9201837,3.1207952,1.5853539,1.4501876,0.36701018,0.03870797,1.3088487,1.3776441,0.1236431,0.49032488,0.24137628,0.056146085,0.21200527,0.05163625,0.12835425,0.88752866,0.19101992,0.67532897,1.2918859,1.735103,0.34208414,-0.2105433,-0.40356463,-0.13870895,0.06318301,-0.40341526,-0.17901504,1.0612273,0.7289442,0.4460078
1323,1.8428818,1.3235805,1.4291365,0.36485076,0.04579906,-0.28697506,-0.912037,1.0511593,0.23190522,-0.41695815,0.33455914,-0.10488194,1.5812441,1.6137416,0.33094138,-0.44255203,0.013342515,0.10362208,0.24321866,0.22639662,0.0077068806,0.06766608,-0.044386864,-0.098250926,-0.37029746,-0.064902596,-0.06493425,0.5149533,0.07750985,0.034287155,0.024117619,0.1873869,-0.25910676,0.17551064,-0.14268559,0.14994407
1324,0.57826555,-0.06722951,-0.11785129,0.2095877,0.5445094,0.25721997,0.08039102,0.060636044,0.17955881,-0.08649707,-0.64414793,-0.71469027,0.34791988,0.21382228,-0.2710899,-0.14529967,0.453295,0.36159635,-0.3036319,0.25141877,-0.3723412,-0.08852652,-0.74536455,-0.1299209,-0.27910942,-0.21388221,-0.64438504,-0.8744123,-0.18225606,-0.37472928,-0.39826152,-0.16433662,-0.0380346,-0.023793057,-0.036528707,0.051473796
1325,-0.028394878,0.10612059,0.030453324,-0.30103183,-0.42567563,0.3895367,-0.033106625,-0.0017069429,0.10565138,0.2276566,0.084501356,0.22376919,0.11221069,-0.0791796,0.23458046,0.59120023,0.14297923,-0.14284575,1.085149,-0.31553942,-0.10834116,0.25689656,0.2566956,0.13906318,0.2349498,0.12248477,0.515059,0.027894072,0.046750277,-0.19401371,-0.0660283,-0.5925522,-0.077394485,0.14252278,-0.4633876,0.0086993575
1326,-0.4092402,0.015208602,-0.33056232,-0.38073802,0.1415335,-0.054763347,-0.20721571,-0.079227224,-0.06057205,0.89015865,1.209564,-0.2734072,-0.5469138,-1.0162055,-0.39491755,-0.12558013,0.12105038,-0.034265935,0.011664689,-0.35782892,0.09849454,0.06533855,0.6778077,0.06862858,-0.16120636,-0.18022448,-0.33042815,-0.33092272,-0.54198956,0.56249493,-0.43988347,0.16439164,0.8046725,-0.27027127,0.16711296,-0.6371515
1327,0.09430182,0.17780684,0.46429324,0.22610462,0.22612661,0.45169377,0.1219641,0.11842379,0.25466275,-0.038592935,0.384441,0.21549678,0.15056825,0.37108183,1.3715762,-0.037605286,0.21738106,0.010738254,0.04334867,-0.15880227,0.46420467,-0.13381791,0.049906373,-0.038685262,-0.018721223,0.16692322,-0.1785891,-0.017535508,0.2860657,0.07154119,0.02397567,0.084938705,0.21131086,0.10056925,0.36742103,-0.039012074
1328,0.75285566,1.1990006,0.66040623,0.30435914,0.3482393,-0.15008314,-0.1937738,-0.05361855,0.17824227,2.0487006,1.7985998,1.0988421,2.1413543,1.8007791,2.0665047,-0.089880645,0.03976643,0.035445273,0.032862127,-0.013929069,0.093191095,-0.12664652,-0.035541534,-0.14023364,-0.39705244,-0.7952299,-0.13421938,-0.3561395,-0.20085299,-0.15449369,-0.16908115,-0.052735567,0.09825519,0.357185,0.22202861,0.32382828
1329,0.13749534,0.34983516,-0.07092656,0.17416477,0.61303127,0.25488707,-0.1476022,0.85611486,-0.096678376,0.5072228,2.1650329,0.33273944,1.0769649,1.119461,0.984974,-0.0012904406,0.057029948,0.1973921,-0.07396543,-0.3146201,-0.09147678,0.045836747,0.36175692,-0.10012284,-0.4125179,0.28854156,0.22079414,-0.014432132,-0.18332443,0.5525752,-0.25942677,-0.08187318,0.08352936,0.1526277,-0.050497532,-0.12602192
1330,-0.17212832,-0.21860197,0.4777346,-0.47241855,0.23356128,-0.13397256,-0.7370039,-0.20984703,0.41881126,-0.1835491,-0.5130317,0.26975134,1.2687058,-0.004896641,-0.073191166,0.1971013,0.36679125,0.093409985,-0.41289943,-0.5095274,0.18661958,-0.23445523,0.52272093,-0.72716224,-0.4864108,0.5994432,-0.35227203,1.5994077,1.511471,1.6011844,0.08506906,0.019166946,-0.6334162,0.17304806,-0.13964462,-0.3342763
1331,-0.30317274,-0.24099395,-0.22841293,-0.6705852,-0.3669099,-0.2495777,0.031321168,-0.07155542,-0.039133847,-0.49555486,-0.07973072,-0.21497321,-0.18818182,-0.031426013,-0.0062012076,0.0960207,0.22785348,-0.03801334,-0.6140796,-0.39165083,-0.013426423,-0.26666144,0.11217582,0.00446862,0.13536936,0.18979996,-0.11222333,1.2888415,0.7851159,0.34022498,-0.5234753,0.06357998,-0.0065366626,0.02065745,-0.015177399,0.107646406
1332,-0.21797907,-0.1037271,-0.16554922,-0.23091577,-0.28641886,-0.6191858,-0.2892292,-0.50978035,-0.09760916,0.05148852,-0.13333523,-0.043828726,-0.14803065,-0.22358552,-0.5245861,0.2588346,0.533226,0.9314455,-0.11790675,0.10191138,0.28888005,-0.19674814,0.026416019,-0.016905189,-0.012372136,0.08285242,0.15684766,1.5166051,0.72545254,1.3754191,0.46865094,0.3928318,1.3065736,-0.07796326,-0.4300013,0.33365437
1333,-0.007943749,-0.5822786,-0.4232361,0.43048957,0.20314257,0.5081552,0.06485653,0.2566105,0.12538256,0.4153035,-0.40998524,-0.06865519,0.32477748,0.10895735,0.44578624,0.091428995,0.30129343,-0.2092939,-0.08641338,-0.007489562,0.37059772,0.2619625,0.13934553,-0.18364617,0.38723123,0.26365373,0.012726583,1.7309004,3.3369591,2.1890872,2.6284275,1.712661,2.0193648,0.3981676,0.0771524,0.18059003
1334,-0.19357872,-0.6267585,-0.15231293,0.42213774,0.15245461,-0.1469531,-0.3206311,0.33935493,-0.17613661,-0.10259548,0.069233574,0.3552975,-0.14158475,-0.65032244,0.44601727,-0.15047514,-0.15752798,0.0627398,0.043674856,0.11212987,-0.003296256,-0.48566985,-0.35734904,-0.2396026,-0.4554097,-1.2337976,-0.18902062,-0.5587433,0.08679125,-0.11693728,-0.58060896,-0.4164887,-0.6035137,0.45698717,0.019864678,-0.2540078
1335,-0.008972362,0.58021975,0.3195873,0.29549146,0.2433986,0.2936083,0.33754098,0.2517479,-0.12981433,0.34276795,-0.37931308,-0.3696861,-0.01629427,-0.47489238,-0.30213335,-0.071608305,-0.09114152,0.32529736,0.033589363,0.15475577,0.35308844,-0.25296903,-0.053878218,-0.109544635,-0.022489756,0.17615262,-0.1929453,-0.4229012,-0.04795909,-0.20131701,-0.3707174,-0.009422302,0.031549513,0.29291818,0.011372983,-0.011352181
1336,0.12728089,0.11604738,-0.4628725,0.2240144,0.013794467,-0.16888511,-0.10306293,0.1573439,0.00062250346,-0.27513123,-0.7591835,-0.034984052,-0.18397593,-0.36256874,-0.22404549,0.65826994,1.4450879,0.6129735,-0.03801477,-0.8081082,-0.15483284,0.6559105,1.4884462,0.6007494,2.7546618,1.4239855,3.6645947,0.021873116,0.078748584,-0.07764119,1.5156668,1.644733,1.7873893,-0.116154134,-0.071201116,0.2635935
1337,-0.022309422,-0.34612125,0.017877698,0.5242455,0.04195535,0.33046627,0.34965733,0.35255507,0.23214985,-0.3037718,-0.17524499,0.029179215,-0.027183592,0.0668686,0.23830004,0.086607456,0.024507463,-0.02145499,-0.21371275,-0.36379147,0.11736518,-0.052555323,-0.09396267,0.49837452,0.5507812,0.37081477,0.1942389,0.867584,0.41854072,0.29378444,1.5903457,0.979951,1.0720347,0.14532268,0.38156462,0.1420482
1338,-0.120195,-0.53694886,-0.27189377,-0.17668664,-0.3908713,-0.35449937,-0.8341242,-0.19178772,-0.061129928,0.3867607,-0.24195826,-0.093814164,-0.12685463,0.10732898,0.036746353,0.13690996,-0.02490598,-0.10335814,-0.17542535,0.5804764,-0.16943075,-0.49421257,-0.40074536,-0.29665715,0.3309757,-1.2222157,-0.03887627,-0.41324103,-0.36097336,-0.53350085,-0.56038815,-0.47048122,-0.8702415,0.15542448,0.34010875,-0.25113112
1339,-0.86177087,0.61320084,0.4100424,-0.7017343,-0.5991959,-0.6311668,-0.33298773,-0.51037204,-0.12588638,-0.30753326,-0.23032005,-0.16376024,-0.12324931,-0.22629586,-0.12158954,-0.2632106,0.3153723,0.60035694,0.1776238,0.41350156,-0.1504687,-0.21370697,-0.9134302,0.11644778,-0.0075873435,0.38074017,0.0066750646,0.52172947,0.10631728,-0.4929289,-0.7210784,-0.34040284,1.5792577,0.10368115,-0.12659812,-0.13686046
1340,0.13702491,0.15811135,0.009350866,0.09999609,-1.0811257,-0.17668152,-1.0019364,-0.8848254,-0.97388065,-0.6562024,-0.2612205,0.10848044,-0.03392796,0.673738,0.077082574,0.117502995,0.5807913,0.5373424,-0.12533574,0.077971436,0.051749825,0.59044373,0.3754414,-0.5122179,0.11660943,0.5497,0.07161272,0.27330363,-0.06799589,0.011800945,0.24099359,-0.008251317,0.04753011,0.20634446,0.16425262,0.7914546
1341,-0.03811425,-0.24067175,0.19043072,-0.076140046,-0.66088444,-0.40434596,-0.058802992,0.61815524,0.9116014,0.51490843,0.08331311,-0.045055196,-0.06794122,0.34813505,-0.28125805,0.84145284,-0.06746817,1.0533382,0.59522873,-0.07122803,0.12024933,-0.17234147,0.41380954,-0.110006034,-0.22829887,-0.0777145,0.23635456,0.69888794,0.061615586,0.018349051,-0.0032100081,0.15274453,0.14330675,-0.14697742,-0.4305287,-0.30425894
1342,-0.022661388,-0.106833905,-0.18810806,0.29236984,-0.36330378,-0.1532324,-0.061311714,-0.3171239,-0.081370234,-0.23887897,0.34904164,-0.14526457,0.061184764,-0.2134289,-0.068231165,-0.28439984,0.25233427,-0.4472472,-0.050151408,-0.30984664,-0.25446522,-0.09521997,-0.6180688,0.024702549,-0.09192617,0.11853221,0.27503926,-0.25265974,0.0039784014,-0.10925853,0.51532507,1.320349,1.0404413,-0.15189458,-0.091632664,-0.06390828
1343,-0.17107233,-0.31407967,-0.028645933,-0.710145,-0.089993834,0.08997041,0.23154461,-0.15426219,0.6253451,1.4210491,1.6774697,0.43298557,0.31022632,-0.20971942,0.37163728,-0.20288244,-0.015519112,-0.21222904,0.19701558,-0.07361081,-0.20363346,-0.10320893,-0.20526853,-0.21224296,-0.37312138,-0.56994593,-0.0016915202,-0.010185987,0.1714282,-0.04374668,-0.23679912,0.32158995,-0.13303524,0.0111500025,1.1001515,-0.09456134
1344,-0.04634404,0.0055528283,-0.136293,-0.8359885,-0.33535346,-0.24042034,-0.38828778,-0.1534874,-0.18621099,0.8662826,0.07739028,0.29615748,-0.11511707,-0.10334441,-0.014368534,-0.16013047,0.053813145,-0.20671672,-0.81253195,-0.0793165,0.14928702,-0.07595521,-0.11945507,-0.04897076,-0.2657441,-0.24688911,-0.10010725,-0.47452676,-0.19900295,-0.16495927,-0.12205653,0.2672732,0.53208566,0.13689208,0.059786,-0.057329714
1345,-0.3045367,-0.6593561,-0.46612573,-0.14613432,0.14386606,-0.007974386,-0.21056908,-0.7251855,-0.9660384,0.13834763,0.21220833,0.75600725,0.42426553,0.25942114,0.8461493,0.26589406,-0.112639725,0.3951702,-0.7808492,-0.15143996,-0.058270454,0.46376818,-0.12313683,0.2557636,0.07931036,-0.030994937,-0.27703238,-0.30721375,0.09896719,-0.41694096,-0.43506885,-0.2726516,0.07262063,0.07640922,0.19765176,-0.30464193
1346,-0.19123247,0.041730553,-0.6758823,-0.6602494,-0.402435,-0.26840493,-0.737242,-0.23334518,-0.65902174,0.046325326,0.5541484,-0.37188023,-0.58610064,0.3111949,0.28977,-0.52440953,0.14711863,0.8732749,0.17706823,0.18854252,-0.06046749,1.0982329,-0.17712662,0.2457366,-0.5276333,-0.35474566,-0.47322226,-0.11067386,0.028054386,-0.13482672,0.020828336,-0.032196075,0.054183245,-0.17826581,-0.4105167,-0.006954819
1347,-0.54508835,-0.15903491,0.2897964,-0.7028142,-0.39586842,-0.344725,0.021249369,0.35200894,-0.21340308,0.67386556,0.40481675,0.10957122,-0.057084512,-0.39455837,-0.111970544,0.41971707,0.05915697,-0.017673373,-0.10284018,0.61161447,0.018708527,0.1632542,0.050822493,0.071033835,0.8016605,0.44390213,0.6478037,0.06882538,-0.12391245,0.07314283,-0.034225278,0.15413085,0.39944094,-0.061477065,0.5041834,0.080373466
1348,-0.069484144,0.041307002,0.0035607517,-0.29900664,0.16227031,0.029262602,-0.38321972,-0.26368332,0.15320498,-0.442823,0.12110017,0.22790909,-0.26774552,0.2382164,0.07054576,0.3470055,-0.55611503,-0.057338536,0.84857386,0.7578119,0.34063086,-0.24352342,0.020538092,0.42848632,-0.494367,0.021774113,-0.15784055,1.2974697,0.4505507,0.28293937,0.438053,0.7586256,-0.35042918,0.48428345,0.12978601,0.067471236
1349,-0.16631286,-0.29285264,0.083323956,-0.32562754,-0.43364972,-0.25061494,-0.15866524,0.031142235,-0.26978564,-0.027887046,-0.1959163,-0.071422696,-0.197568,-0.23201686,-0.07032722,0.6522784,0.38527286,-0.039284587,0.13623154,0.093930066,0.088526964,0.69473565,0.29641557,0.8743692,0.02504301,0.433613,0.40227062,-0.055647135,-0.08483899,0.06263518,0.9618225,0.35450435,0.1357913,0.5176778,0.5479057,0.25621957
1350,-0.39509863,-0.5206318,-0.6600648,-0.66043293,0.8453264,0.16493262,-0.5584153,-0.2508729,-0.3181616,0.7563652,0.76909184,1.6411991,0.7533674,0.3050935,0.58662176,-0.23631582,-0.06286579,-0.18958287,-0.2130028,0.036686793,-0.4852907,0.048506975,-0.03587687,-0.066922195,-0.47014618,0.028209314,-1.2539091,0.11461273,0.24033666,-0.36986285,-0.2869199,-0.06693819,-0.08963537,-0.11086619,-0.15032592,-0.16337624
1351,-0.1104783,-0.54914707,-0.15935117,-0.49240896,-0.71795166,0.13254727,-0.37610662,0.20888299,0.06882796,0.23937726,0.7974622,-0.06760949,0.5075668,-0.20226102,-0.19693977,0.1459229,-0.6404797,0.10891749,0.3013971,0.2650665,0.37513152,0.09213698,-0.43300235,0.019310817,-0.26116526,0.23836845,0.1805777,-0.6948974,-0.58366567,-0.35272604,-0.33237225,0.30785763,0.092678785,0.0040631294,0.32194856,0.30653602
1352,0.09313798,0.8243215,0.13900727,-0.115831256,0.12399414,0.027085796,-0.17144895,-0.2046501,0.305385,0.03707826,0.97312385,-0.10780963,0.06861198,-0.42634982,0.0023405254,0.21985632,-0.4177374,-0.017596051,-0.39963222,-0.153942,-0.2697014,0.29898944,-0.25271493,0.05992526,-0.22562712,0.62837076,0.008440673,-0.052221656,-0.51116925,-0.3201239,0.08807254,-0.2960561,-0.44958696,-0.10558629,-0.30168498,-0.07380551
1353,0.13712448,-0.0472292,0.12919885,-0.19841743,-0.20144626,0.15734342,-0.16263092,0.12642124,-0.32962203,-0.06198436,0.10158986,0.08282539,-0.021040916,-0.011782259,0.011002064,-0.18268335,-0.1949842,0.15748239,0.06092322,0.036041096,0.31499517,0.048176527,-0.24422115,0.37709427,-0.20270473,-0.062075235,0.48435378,-0.040789127,-0.6096362,-0.10801095,-0.037406325,-0.024377108,0.43703797,0.07780784,-0.17354405,-0.01388514
1354,-0.20045865,-2.3268878,-0.44387966,-0.21116954,-0.13897064,-0.51866984,-0.32255748,0.06956522,0.09342706,-0.02162838,-0.2555047,-0.32199216,0.3852155,-0.28079784,0.010488473,0.25653327,0.100972295,0.13388225,0.0068685776,-0.101499975,0.06031216,0.23690295,-0.579402,0.04079783,-0.66192776,-0.33028325,-0.07655958,-0.083684266,0.62186694,-0.45569542,-0.11797464,-0.071085215,-0.7230246,0.28830653,-0.19919989,-0.038620874
1355,1.0383167,0.6999461,0.3449992,0.33481044,-0.3746664,-0.25961307,0.78712904,0.18793318,0.43053377,-0.067077756,0.17155105,0.03741622,-0.12694591,0.13603956,0.0742265,0.21461566,-0.18475905,-0.028912097,-0.43707025,0.43350285,0.08715859,0.5181163,0.2660542,0.014819078,0.10100818,-0.54158115,0.08862442,-0.06009376,-0.23493975,-0.14036751,-0.12762916,2.815694,0.34666097,-0.18613292,0.4916287,-0.14969909
1356,-0.10610032,-0.17540872,-0.061780304,-0.09913504,-0.08589733,0.062461615,0.067326546,0.26420382,0.29223126,0.06904572,-0.075939596,0.07493448,0.16497353,0.272394,0.69123405,-0.049039245,-0.11922836,-0.55828214,0.05067551,0.07860012,0.33326614,-0.06821394,0.20897236,-0.288934,-0.29353672,0.012805041,-0.18649113,-0.05686605,-0.14064747,-0.3976395,-0.4287588,-0.3151572,-0.5718018,0.03697157,-0.13171504,-0.030336142
1357,0.36794257,0.37405658,0.3120038,-0.17060608,-0.27164072,0.3469583,0.26469728,0.54978585,0.6153022,0.73296756,-0.07941307,0.08070588,0.2725618,-0.74761736,0.90975153,0.62454844,0.04704374,0.31293488,-0.056259573,0.19108117,-0.4557531,-0.6799823,0.0183298,0.88098365,-0.13165072,0.23285042,-0.07399812,0.20969939,-0.5474598,-0.15607941,-0.12303129,-0.06202364,0.09360386,0.04031509,0.18608618,-0.11046999
1358,-0.2530341,-0.5970222,-0.11388588,-0.4847486,-0.12705943,0.286576,0.1965769,1.3069777,-0.08049947,0.4711818,-0.29636574,-0.059378028,0.5700504,-0.1823402,0.08086705,0.18659815,-0.2766843,0.10646564,0.1780324,0.0006420016,-0.3504958,-0.096796215,0.48920178,-0.23194295,0.034750775,-0.26545942,0.011145413,-0.5447309,0.10781726,0.012080431,-0.070317924,-0.056414366,-0.31490993,-0.30823928,0.085810065,0.045506775
1359,-0.02278012,-0.38091028,0.09996444,1.6228466,0.78164697,1.6105525,0.9901919,0.3591864,0.99900234,-0.14637665,0.095145404,-0.12808633,0.009835005,-0.14546031,-0.41822022,0.18334389,-0.4643926,-0.3869835,0.25449693,0.10186255,-0.067560315,-0.10646552,-0.6755687,-0.5056193,-0.301191,0.17705774,0.20040166,-0.7219604,-0.06461549,-0.2761134,-0.6092033,-0.50720006,-0.4911678,0.44392645,0.25019193,-0.33681446
1360,-0.16755988,0.47127312,-0.046447814,0.77496064,0.5913353,0.40140086,0.93506014,0.043129593,0.5528679,0.3937863,-0.53642017,-0.12283089,-0.3265549,0.48126274,0.060405225,0.07657236,-0.18478584,0.58780676,1.2784568,-0.48361874,-0.13516283,-0.46162012,-0.2651771,-0.105178595,-0.30664706,-0.35250184,-0.34399474,-0.6076387,-0.36050844,-0.16532388,-0.4281982,-0.34309322,-1.0084133,0.6509656,0.11891484,-0.11328867
1361,-0.2850275,-0.07892734,0.07608241,-0.35295713,-0.16203234,-0.101382315,-0.46510246,-0.032787263,-0.025168419,-0.13050091,-0.3793081,-0.009809017,-0.3490857,-0.29392654,-0.025069952,0.25854146,-0.2753093,-0.17307019,0.3016232,-0.14195368,0.19876939,-0.2086761,-0.027008176,-0.15909252,-0.19670102,-0.021229029,-0.012628198,0.15033448,0.16328275,-0.025007725,-0.04827833,-0.44926012,-0.10288173,0.19404617,0.019375026,0.13580674
1362,-0.02777195,0.14217067,-0.15044945,0.2106282,0.3067169,0.27974176,-0.059005022,-0.061176494,-0.0041324496,-0.24765791,-0.06003213,-0.7947482,0.096649066,0.14908493,0.09366178,0.040231228,0.18867067,2.1193752,-0.14281946,0.1901105,0.066007644,-0.2631101,-0.13434416,-0.29988298,-0.1269114,-0.15894176,0.23577133,-0.101597995,0.12439671,0.1505414,0.016777396,-0.34517387,-0.42785352,0.35147566,0.05226183,0.09991974
1363,-0.20894367,0.050633796,-0.17414272,0.08210802,-0.3922864,-0.06625582,-0.084272325,-0.4338704,-0.11650038,0.12714982,-0.28372884,-0.022049904,-0.19245946,-0.2482122,0.056121826,-0.3317511,0.092247784,-0.04582405,-0.3238461,-0.06000834,-0.16409206,0.048094034,0.06973022,-0.10085243,0.10087764,-0.05627665,0.011661828,-0.02615881,-0.07378566,-0.04928994,-0.5682105,-0.38890976,-0.27280998,-0.7686318,0.11229802,0.05384785
1364,-0.67225367,0.23720485,-0.004133463,-0.19434774,-0.16133487,-0.0037743747,0.025769085,-0.90210795,-0.5728521,0.7914396,0.6610244,0.03262189,0.8404042,-0.7176311,-0.2812949,0.37378493,0.015744984,-0.38250613,-0.0011398196,-0.2312473,-0.6595677,-0.06407693,-0.3431447,0.52067155,1.0722916,0.268654,0.023483992,0.11906843,-0.31891266,-0.047129214,-0.19127482,-0.16601783,0.07458258,-0.22394735,0.5391569,-0.26245928
1365,0.0013389587,0.34525922,0.05840674,0.08033341,-0.040181696,0.047234535,0.017469823,-0.08232333,-0.02631265,-0.16060686,-0.027370352,0.23338756,-0.34051234,-0.8652328,-0.020012677,-0.27791354,0.31928656,-0.03707689,0.056520462,-0.41546682,-0.078312576,-0.29887888,-0.31601372,0.41086158,0.20919824,0.006115377,0.13047296,-0.3206815,0.07188317,-0.31086046,-0.0028100014,-0.10673709,-0.04030955,0.24735227,-0.36451507,0.32755244
1366,0.31703648,0.116879165,-0.051066995,0.0063357353,0.11296296,0.0477062,-0.2510674,-0.16962388,0.07436633,-0.13321292,0.039867878,0.027855068,-0.6320703,0.1827946,0.13049293,0.55013907,-0.067498446,0.5236057,0.015026808,-0.017859697,-0.11869571,-0.5811621,-0.000626564,0.53482735,0.73746043,-0.5197832,-0.5367366,-0.3826372,0.8632616,0.14498654,-0.14164695,0.23990113,0.87043595,-0.06952441,-0.10165666,-0.03660333
1367,0.097249925,0.41445127,-0.048903108,0.04149866,0.5302878,0.37290663,-0.12936017,-0.5103148,-0.5372782,-0.04814124,0.0022744834,-0.13876677,0.12992233,-0.11107808,0.26426923,-0.024678975,0.4949998,0.04008591,0.0116247535,0.41549858,0.13069361,-0.25038922,-0.2546055,0.2620123,0.4226497,0.57916117,0.04676771,-0.10457039,-0.46086022,-0.30428624,0.104648024,-0.1658046,-0.10069162,-0.48070756,0.5822936,-0.053851783
1368,-0.04665512,-0.06732181,-0.22152391,0.05965489,-0.17449677,0.092426896,-0.12343979,-0.28006428,-0.12017059,-0.20625675,0.10692456,0.4424727,-0.16218346,-0.35750875,-0.20219773,-0.07068163,0.28225356,-0.38244557,-0.14778,-0.021602744,-0.012323141,-0.39782566,-0.41532138,-0.035773396,-0.11123431,-0.24955879,-0.0016136765,-0.14950532,0.040516287,0.10712588,0.13166559,-0.28388318,-0.4038353,-0.06752747,0.08857126,-0.13215828
1369,0.02252528,-0.010587335,-0.10758056,0.030690253,0.28646874,0.6127498,-0.1873939,-0.6276461,-0.3871931,0.8494411,-0.30643207,0.035549015,-0.2407051,-0.5666361,-0.18731268,0.0069542825,-0.450245,-0.101307005,0.15765607,0.12884752,0.5381928,0.017312407,-0.43984705,0.33109128,-0.03361813,-0.06583491,-0.2536288,-0.4388222,0.53220403,0.08116387,0.037736893,-0.043774508,-0.17600253,0.45266435,0.5253028,0.8054167
1370,0.3942545,0.1021831,0.014361709,-0.04182206,0.0675742,0.08841571,-0.20522931,0.17651658,-0.27923477,-0.16861248,-0.12830764,-0.46635243,0.36318558,-0.27916083,-0.21212485,0.55380046,0.18977511,0.30563012,0.07207167,0.073639095,0.19015655,0.65270746,0.040738106,0.3838324,1.0723035,2.192282,0.14800882,0.16044694,-0.28547978,-0.14225021,0.8519051,1.4335327,0.44227898,-0.5841238,-0.025195286,-0.14054331
1371,0.022149742,-0.3189918,0.040045857,-0.2784803,0.009637922,-0.12281644,-0.32712597,0.03193271,-0.15795037,0.53980714,0.027916491,0.15914726,0.007026851,0.09496212,0.63189375,-0.10462135,0.20126492,0.18228716,-0.05558455,0.22401232,-0.31371164,0.4465793,0.5307114,-0.025219113,0.9212414,0.8160113,0.75645864,0.26278383,-0.65374374,0.16809762,1.0671562,0.5730361,0.26443756,-0.16823399,-0.13141674,-0.30539048
1372,-0.3242803,-0.44082513,0.14647555,-0.023914725,0.09289932,-0.11080396,-0.88898647,-0.23708002,0.27385867,0.31072706,-0.14141154,-0.17000274,-0.075935304,-0.1676966,-0.2840081,0.426565,0.291021,-0.5793916,0.050057948,-0.44503498,0.34721893,0.14628124,-0.3040179,0.29139376,-0.645628,0.1361783,-0.4885236,0.3956294,-0.012431504,0.2856533,0.0978145,0.38049194,-0.10678968,0.15560865,0.12998188,0.26949644
1373,0.021452546,-0.21733159,0.18359856,-0.036379457,-0.17971182,-0.40316704,-0.09291172,0.32253426,0.028012633,-0.021419287,0.23174053,0.22410333,-0.13998622,-0.45083806,0.6024038,0.040531218,0.08451727,-0.3442295,-0.10720736,0.06801404,-0.021845698,-0.31175056,0.19617465,-0.049718708,0.22847432,0.16163273,0.16933328,-0.6182563,-0.45196027,0.5267796,-0.23452276,-0.25286275,-0.21712396,-0.1649692,0.18684274,0.15785128
1374,-0.15220052,0.17334893,-0.055151105,-0.0065576136,0.18943314,0.24560456,-0.11044282,-0.7557047,-0.4618233,0.56994593,0.86223733,0.44165444,-0.032511055,0.14302468,0.65946007,-0.27825758,0.055214286,0.116772935,0.05855286,-0.16338505,-2.536922,0.55636626,0.21809828,0.34757897,0.70992714,0.37694263,0.7459912,0.032432377,0.01376012,-0.36283585,1.00786,0.44546843,0.59224284,-0.19072723,0.3117312,0.036940303
1375,0.19728735,-0.04009074,0.16627419,-0.031134218,0.08970023,-0.07519624,0.41314483,-0.0072328746,0.074870765,1.0529406,2.081217,4.03568,0.487813,0.5785528,1.0790523,0.48021173,-0.29744726,-0.23224586,0.7043261,0.34003055,0.044083476,-0.23544413,-0.050753314,-0.03746599,0.20557907,0.24483757,-0.08242452,-0.024912536,-0.3419991,-0.12080288,-0.33630273,-0.19512835,-0.043562174,0.17615551,-0.17940517,-0.2382927
1376,0.14715327,-0.19766729,0.020656452,-0.47702283,-0.36241272,0.043545336,-0.1352843,-0.13952485,-0.081734896,0.41445804,-0.1831513,0.2746677,0.023044169,0.008485988,0.27920896,0.15234621,-0.42695752,0.28373644,0.32293934,0.24009153,0.36319783,0.10906072,0.44220063,-0.654161,0.47998863,0.065598324,-0.1433126,0.13532484,0.15419756,0.78618395,-0.64458406,0.16942225,-0.19082466,-0.52989995,-0.005712539,-0.28266448
1377,0.051370144,0.04976207,-0.35998374,0.1770722,0.3372661,0.16754234,-0.65952176,0.35335493,0.60202146,0.26634973,0.6080322,1.2397463,-0.16453618,-0.25231254,0.22977696,-0.2857146,0.18579596,-0.22409157,0.55430096,0.027662396,-0.0013064146,-0.6906522,-0.18319488,-0.40400583,-0.12002474,-0.3745805,0.1873002,0.06775904,0.43140906,-0.34873542,-0.19823433,-0.096417904,0.32357097,0.3718022,-0.10662474,0.269348
1378,0.19629931,-0.016354114,-0.031431794,-0.024227977,-0.43057585,0.05551684,-0.1828636,0.21494976,-0.33458802,0.16144294,0.5234569,0.3800516,0.007171333,-0.040541887,0.38347635,-0.37081394,-0.19397262,-0.1773485,0.035478055,-0.3023252,0.73245627,-0.37840906,0.30405706,0.18685353,-0.28863746,0.24889125,-0.39851445,0.021874428,0.48350853,-0.4066161,-0.0047317743,0.08447997,-0.4918288,-0.080477715,0.39019483,0.6115307
1379,0.4195866,-0.29101366,-0.18200466,-0.38749048,0.69268507,-0.087969005,0.8847726,0.2723068,-0.20884001,3.1015344,1.1669267,3.7328227,0.25957054,0.44590843,0.6620325,0.17087758,0.0427078,-0.1007857,0.41838956,-0.095310375,-0.42372394,-1.0756108,0.48904178,0.1426441,0.38871694,0.23289055,0.3896097,0.4297221,0.850665,0.30392873,-0.36070657,0.17020771,0.63321245,0.46631566,0.45022786,0.1172328
1380,0.14945471,-0.0350568,0.03907238,-0.08165753,-0.21066505,0.28841597,-0.08315945,0.3414188,0.30448523,4.8081427,4.905965,3.7748504,3.9113214,3.8711383,2.1945279,0.092001766,0.020691864,-0.030543722,-0.2939252,-0.312446,-0.1933981,0.15516728,-0.0886718,-0.1075866,0.029804707,0.07255912,0.23148188,-0.042807072,0.21856643,0.04961902,0.23320416,0.2125634,0.036901865,0.10225001,0.020060562,0.14297116
1381,-0.47942388,-0.5983526,0.04356587,0.077380374,0.25308532,-0.0066273212,-0.35206562,0.59988576,-0.03167844,-0.6169942,-0.015039057,0.18320322,-0.45502448,-0.32588318,-0.063741446,-0.060172856,-0.80036503,-0.19329584,-0.35764384,-0.49012727,-0.05864942,0.031395286,0.1684888,0.25661123,-0.4046648,-0.46605903,-0.25014496,0.080118775,1.1759406,0.063607335,-0.1801078,0.09046915,0.46404278,-0.025607347,0.24851073,-0.05443269
1382,-0.55446523,-0.039997816,-0.09889209,-0.70779413,0.14201266,-0.08537203,-0.41707385,-0.46402746,-0.17274311,4.183861,2.927642,2.563886,1.937497,1.8993825,1.9539254,0.30144888,-0.0097335875,-0.11491707,-0.09801197,0.3913069,0.03124389,-0.11146161,0.23404762,0.12997931,-0.08240679,-0.12138897,-0.30150634,-0.10360521,-0.14295158,-0.03086114,-0.0128903985,0.16920578,0.39259788,-0.15926778,-0.004769683,0.13126862
1383,0.21513975,-0.28467172,-0.011001289,0.32555833,0.63180244,-0.096192464,-0.36737275,-0.006256029,-0.42243552,-0.4977076,0.24939251,-0.27806288,-0.23754832,-0.058446765,-0.12509233,-0.6326717,-0.6345935,-0.33958167,-0.099056005,0.36784494,0.06417072,-0.054745913,0.37956607,-0.2503896,-0.67549855,0.14098465,-0.32307577,-0.09794778,0.12547058,-0.12738138,0.3154574,0.88508457,0.9270635,-0.09224059,0.70314044,0.23152149
1384,-0.22286123,0.19124028,-0.1511703,0.09066695,0.7748595,-0.28827626,0.046862245,-0.09372208,-0.24939138,-0.34504575,-0.06352544,-0.12369873,-0.57990265,-0.5109804,0.08650507,-0.031021476,0.19997865,-0.0036778748,-0.25943083,0.043669432,0.29582408,-0.5067964,-0.6519259,-0.2544701,-0.42101297,-0.91365147,-0.5363103,-0.21199861,-0.59346974,-0.15216264,-0.57236564,-0.74403226,0.19834787,-0.426306,-0.0732896,0.0837892
1385,-0.015327346,0.2251485,-0.37327766,-0.044687,-0.33764246,-0.16451654,-0.35454786,-0.022806615,0.23532969,-0.17328787,-0.07341389,-0.23444672,-0.3947754,-0.31381083,0.040738642,-0.1432988,-0.89620596,-0.018947199,-0.44279644,-0.33234993,0.010388911,-0.03423786,0.19146696,0.09484723,-0.24600317,-0.43152958,0.07886881,1.9869283,-0.47649395,0.06343889,0.11601502,-0.29893893,0.06721841,0.08860606,-0.2824857,0.08126217
1386,-0.4709738,0.18274206,-0.14207721,-0.83857816,0.061862707,-0.30897117,-0.7585832,-0.2766289,0.053976133,0.356548,0.6068508,0.8142187,0.094685376,0.24740624,0.48961058,-0.5452908,-0.056084707,-0.13102615,-0.39412683,-0.16131401,-0.24117693,0.042496055,-0.036352396,-0.3309174,-0.78688985,0.31463492,-0.74582976,-0.5860317,0.11315,-0.5129265,-1.007091,-0.62182915,-0.39635396,0.33314824,-0.58142114,-0.4018441
1387,1.1457301,1.7093573,1.8880415,-0.015264332,0.7775439,0.45965457,0.7984262,2.0842323,1.4919524,1.6974977,2.7381153,2.9976974,1.636755,2.1134195,1.9349078,-0.019876778,-0.39061084,-0.32846707,0.17089593,0.43355852,0.20639423,-0.22372234,-0.1858167,-0.1588633,-0.20862019,-0.31309056,-0.20951185,1.7249798,1.7563041,1.5673585,-0.0075964034,1.1188617,0.20845512,0.20363486,0.22279876,-0.32813084
1388,-0.6776525,-0.18620175,-0.41593927,-0.25685877,-0.6231437,-0.32163155,-0.4911716,-0.37246448,-0.62943816,0.2552349,-0.36657703,0.13021517,-0.017253458,-0.38174406,-0.11993128,0.69958586,-0.02641426,0.04756099,-0.38084394,-0.030501064,-0.21477917,0.06899768,0.13609278,0.05661738,-0.38261908,-0.37047473,-0.3030392,0.4733527,0.1912207,0.2577772,-0.15088391,0.08364859,1.0875375,-0.3030426,-0.50751907,-0.09725678
1389,-0.05123271,0.003180012,-0.25461355,0.31463563,-0.21778405,0.04953754,-0.13194692,0.053203225,-0.09659475,-1.0727425,-0.077504486,-0.0625252,-0.35120666,0.008572638,-0.08955741,0.0077941716,0.13098562,-0.059909165,0.09320068,-0.1091499,0.12585294,0.18852547,0.16147724,0.04348868,-0.17107326,0.2646746,-0.19757766,0.27140218,0.31455994,0.11452782,-0.28189707,-0.5164117,-0.05741089,0.17195684,-0.29364723,-0.0870423
1390,1.5625979,1.400818,1.5792245,0.23966867,0.11167836,0.6301615,1.5469917,2.332941,0.44986746,-0.41088033,0.28277194,-0.15621056,0.41688406,0.19980866,0.06168455,0.8577801,-0.5609664,1.0472866,0.3752764,0.26780024,-0.07584393,1.2082531,-0.24781877,-0.10242504,1.4430306,1.2248175,0.7182061,-0.7593982,-0.4167437,-0.17739381,0.3466502,-0.5303498,-0.3035339,0.19792166,0.81978315,0.43988815
1391,-0.0021568239,-0.021391243,-0.054787457,1.9316986,0.8052213,0.11511287,-0.08161816,-0.11450577,-0.07849191,0.6221467,0.96366984,0.7817927,-0.025816023,0.32017457,1.0021516,0.03439367,-1.2561469,0.054497987,-0.19120789,0.02176477,0.035413235,-0.19068456,-0.059851617,0.18140918,0.08700481,-0.14022888,-0.5906886,0.03393981,-0.13493294,-0.046459198,0.068338245,0.7127464,0.08823985,-0.11970726,0.061965466,-0.14391756
1392,0.09173298,-0.08879299,-0.03952617,-0.07464373,-0.006253183,-0.057695627,-0.1341542,-0.041747272,-0.4005583,0.02663064,-0.26577082,-0.1447736,-0.022839427,-0.28219435,-0.08826029,-0.08528948,0.009008504,-0.022025228,-0.06360805,-0.21224248,0.10831761,-0.19240189,-0.29097533,-0.1891712,-0.11408812,-0.09833968,-0.5126475,-0.13129373,-0.19165862,-0.46771717,-0.0010476708,-0.30915898,0.24114344,-0.10825747,-0.105341926,-0.20485902
1393,-0.09076741,-0.51484567,-0.31336367,-0.09081796,0.26286486,0.07901262,-0.27355522,-0.08174145,-0.23342094,-0.74394745,-0.21250653,-0.27756408,-0.06847708,0.13449836,-0.4494163,-0.0808783,-0.2813333,0.3979107,-0.25254524,-0.31181777,-0.33336192,-0.09193379,0.076447725,0.09941232,0.04587829,-0.07184631,-0.37683114,-0.22415021,0.43943864,0.40998822,-0.6252365,0.14611655,0.3498969,0.34531593,0.14651667,1.2076945
1394,0.34829372,-0.011031985,0.43021154,-0.12886918,-0.11317037,-0.27607912,-0.4501536,0.55411434,-0.5286092,-0.0589844,-0.8230941,0.04100088,-0.18490767,0.09757903,-0.15660891,0.087209135,-0.65100515,0.26193264,0.06725454,0.42832422,-0.015598536,0.6832282,0.59588754,0.00076037645,0.058409154,0.18430847,0.5366002,0.33474162,1.2170305,0.45017675,0.53610575,0.009393275,0.3785159,0.5667684,0.12672348,0.22012608
1395,-0.60410357,-0.36443818,-0.17293835,-0.5580345,-0.29039457,-0.25821668,-0.9039047,-0.10543355,-0.43993676,0.58812505,1.1634178,1.5862086,1.0084841,0.17167935,1.2367435,-0.08696091,0.029209912,-0.45284057,0.116606355,0.023708068,-0.3753534,-0.19071889,-0.9025137,0.13217172,0.13859308,-0.41451147,-0.006194234,-0.60796154,-0.032367766,-0.26398882,0.07272801,0.21319479,0.48752,-0.13049847,-0.70775443,-0.18622416
1396,-0.0006801486,0.010900438,-0.67254007,-0.21327907,-0.5377742,0.1966449,-0.3389829,-0.45986316,0.21626663,0.6755089,-0.07322222,-0.43575615,0.16440237,0.11162561,-0.2425968,-0.45633787,0.17081696,0.3234595,-0.56242347,0.46774366,0.2026416,-0.12620601,-0.06509502,0.5490187,0.04732279,0.4001571,0.27663508,1.4713724,0.299478,0.8880733,0.023236513,0.2166121,1.0381902,-0.11497742,-0.4845716,-0.14422819
1397,-0.6430423,-0.61621547,0.16658637,-0.6172984,-0.58968776,-0.18279797,0.17731251,-0.6362677,0.22061497,-0.37287104,0.17054823,-0.623734,-0.47285467,0.67195123,-0.27542067,-0.2979715,0.6806364,0.062017236,-0.533911,0.11687055,0.32097578,-0.29599077,0.63476187,-0.32326365,-0.033842713,-0.69712484,-0.15152687,-0.41070163,-1.1354463,-0.20899278,0.7607063,0.06798327,-0.4102608,-0.10309848,-0.054872766,-0.016411096
1398,0.45388874,0.29096037,0.20936877,-0.18690395,0.13555665,0.10482524,0.025271118,0.44520694,-0.6133524,0.106834054,-0.30188558,-0.031503197,0.09553957,0.27360773,-0.2644561,0.3636941,0.14345595,0.04441732,-0.032267988,0.19426356,0.07748139,-0.116603345,-0.08782482,0.0099866055,0.60264117,1.4780899,1.9778516,0.3911687,-0.40968865,0.23758292,0.23058099,0.26797974,0.08797467,0.13919306,2.5874352,-0.0045204163
1399,-0.60377103,-0.3460355,0.19115442,1.2268491,1.6449116,0.34589845,0.44799227,0.50027466,-0.032640338,-0.15160358,-0.19914907,0.07679388,-0.3168589,-0.47982338,0.5226179,0.0394269,0.6683072,-0.3184393,-0.8544568,-0.6689149,0.12037647,0.24917388,0.28718007,-0.3409415,-0.15151787,-0.66224134,-0.37896207,-0.31575787,0.24171734,-0.44286144,0.034408033,-0.13852572,-0.026720285,-0.50198954,0.5503815,-0.015278578
1400,0.59047425,2.4499,0.41633478,-0.031142354,0.42619628,0.77711016,0.6364976,2.1098328,1.037697,0.190925,-0.0671943,-0.26431185,-0.045793593,-0.46939278,0.06402475,-0.48123503,0.6125069,-0.039845288,0.11066091,0.25522465,0.048973083,-0.5256947,0.028249413,0.18141244,-0.033970237,-1.2131892,-0.087063015,-0.6645205,-1.2324604,0.16523747,-0.116760164,0.18853468,0.18446139,0.14603895,-0.18819171,-0.50470984
1401,0.22465706,-0.22882284,0.05118826,-0.22191079,0.13991946,1.263125,0.0890352,0.059434325,-0.5496011,0.71488637,0.7724104,-0.002425611,-0.15266737,-0.2708747,-0.41686177,-0.2653755,-0.21895564,0.0577278,-0.091073036,0.464464,-0.005576968,0.1217666,-0.2740292,-0.5943568,0.15147889,-0.18510735,-0.6402203,0.18229634,0.26198888,0.31752074,-0.46858668,1.185698,0.13914251,0.18926264,0.09783864,-0.08601633
1402,-0.09271836,0.118368864,-0.50148666,-0.4648599,0.22708566,0.19652525,0.051878963,0.28089562,-0.1341734,0.5851402,0.640981,1.0804218,0.5164997,-0.30370736,0.19564307,-0.7051364,-0.0008404255,0.13777712,0.32817376,-0.6261284,0.054845095,0.4657671,-0.040041268,0.7626249,-0.26329118,-0.33974743,0.091602266,-0.42696708,0.39634055,-0.42679763,0.7830077,0.65450025,1.2891965,0.27950597,-0.2577371,-0.31448984
1403,0.66891056,0.5521616,0.3594906,-0.124361515,-0.18533963,-0.42108983,0.18168294,0.9612547,-0.39414763,-0.62125087,0.059578538,-0.36694944,-0.5373052,-0.064801395,-0.11472732,-0.033001006,-0.23716855,-0.01639232,0.45106328,0.22829321,0.11822832,0.2586087,0.48893037,-0.3812611,-0.27988508,-0.43673888,-0.20623446,-0.25166583,-0.24545527,-0.0778718,-0.47759938,-0.16644502,0.28341925,-0.03286177,0.0325616,0.031387806
1404,0.27800727,-0.6072646,0.13380846,-0.09023176,0.88529015,0.08415902,0.20734209,-0.45608392,-0.23022103,-0.090863645,-0.21799833,-0.39974934,0.054215223,-0.26038873,0.036821663,0.21001387,-0.24716036,-0.273812,-0.96468395,0.16130795,0.14493787,-0.13532269,0.26713252,-0.652166,0.078284085,0.116891325,0.22684216,-0.03778422,0.25211754,-0.010186851,-0.5284813,-0.4731661,-0.21742257,-0.027497917,0.3528403,-0.29623547
1405,0.36717677,0.086689174,0.682872,0.48269635,0.33876854,0.376628,0.6259467,0.5822904,0.8325905,-0.15331578,0.10631168,0.18129192,0.3677082,-0.101949394,-0.018444479,0.85780925,0.44025028,0.58647525,0.2479701,0.31479123,0.16762221,1.8787911,1.3817784,0.626794,0.37602106,0.5822163,0.4532122,0.012595326,0.25592908,-0.03398645,0.4081443,0.16908386,0.30016506,0.061996236,0.513638,0.4519392
1406,-0.4967262,-0.27141595,-1.0327774,0.8794873,0.58307153,2.2384813,0.54049444,0.38037765,0.302656,-0.1199007,-0.030239709,0.043785095,0.15776837,-0.17935175,-0.03951012,-0.15867579,0.060335398,-0.7119313,0.16458333,-0.21248636,-0.35011044,-0.7458786,-0.6348211,-0.9853154,0.028476119,-0.1618889,0.28675568,0.12817526,1.91575,0.2899255,0.90566456,1.5023491,0.8999202,-0.4067887,-0.19901155,-0.792746
1407,0.26699454,-0.668037,0.43768042,0.092908144,-0.6008986,-1.5933664,0.09191081,-0.29715133,-0.190082,-0.5438033,-1.7168868,-0.75439703,-1.1211083,-0.30481935,-0.1580885,-1.3123503,0.32429698,-0.114194885,-0.1438725,0.5903398,0.10479033,-0.629349,-0.82090324,0.32890177,-0.27932885,-0.06762838,-0.040889945,-0.77363217,-0.17957732,-0.40824836,-0.53411734,-0.36252776,-0.14692253,-0.38000423,-0.61210555,0.7715546
1408,0.10636532,0.23514248,0.41195711,-0.35336077,0.4743393,-0.03561616,-0.2180948,0.07824004,0.32504278,3.378374,2.0587873,0.51994973,1.5054026,0.9847824,0.8137661,-0.40201497,0.13448283,-0.072170794,0.34921134,-0.025818706,-0.16008753,0.18907219,-0.07752049,0.38781437,0.19275174,0.06824237,-0.26231104,-0.11512521,0.042376637,0.40096182,0.015418649,0.40296787,0.009019673,0.019703448,-0.021030366,-0.010860026
1409,0.20104206,0.38547173,0.18033943,-0.62637454,0.030411601,-0.2747113,-0.21753757,-0.35351527,0.42171502,-0.72518384,-0.1612037,-0.26002017,-0.10449967,-0.5762573,0.57227457,0.2558939,-0.60678977,-0.83288944,0.13031799,0.436635,-0.7799436,0.5646314,0.02754727,-0.008055985,-0.8130576,-0.031980835,-0.33404034,0.3648991,0.72874254,0.030481618,-0.32341874,-0.18339384,-0.113470726,-0.48283052,0.16191189,0.16067287
1410,-0.39826745,-0.028900743,0.2588697,-0.100343466,0.034077942,-0.06685698,-0.5748703,-0.13062662,-0.09485546,0.20358312,0.63399917,0.69897515,-0.68083334,-0.01500535,0.1974294,-0.06701779,-0.24750876,-0.36752495,0.23888013,0.31073177,0.28909266,-0.21903297,-0.17312914,-0.84006196,-0.25540859,-0.17561632,-0.3339466,-0.30713004,-0.36306298,-0.2701918,0.31492978,-0.23145832,-0.31760705,0.33307272,0.6426987,1.0768158
1411,-0.31599265,-0.40537077,-0.0973047,-0.19391441,-0.45319068,-0.13831666,-0.3852953,-0.0955627,-0.063619494,-0.801244,-0.52645934,-0.12590665,0.20413208,-0.3762691,-0.470654,-0.13551909,0.45779893,-0.27352107,0.038488884,-0.2380968,-0.32607073,-0.2597893,-0.13043122,0.03732878,-0.21876305,-0.39198703,-0.32092613,-0.14680856,1.6423239,0.3964582,-0.35692117,-0.058436394,-0.2446528,0.10145432,0.055518944,-0.06625056
1412,-0.6142973,0.6518035,-0.09672487,-0.536554,-0.38023692,0.027585626,-0.46579435,-0.4328344,0.042034745,0.29300106,-0.06524485,-0.013839781,0.3029432,-0.25203148,-0.32334805,0.1710006,0.0749073,-0.2589123,0.8413695,0.5616102,0.06789529,-0.76975363,-0.20078015,0.14743632,0.04331653,0.50435334,-0.5083746,-0.09918815,0.09823513,-0.07255575,0.12647188,0.9768678,0.10944998,0.40908626,0.40472162,0.15177178
1413,-0.7261986,0.40390092,-0.42840213,0.07743555,0.08814964,-0.13537595,-0.4311542,-0.6312765,-0.089543365,0.13153368,-0.2816396,0.125768,0.012083352,-0.33894062,-0.300088,0.33924136,0.1274476,0.13016798,0.03067784,-0.23151952,0.79999113,-0.1411641,0.5269498,0.37963855,0.49339527,0.08253032,0.20253603,0.77510345,-0.17640097,-0.48916256,-0.3319397,0.77138203,0.3980546,0.6937352,0.13648945,-0.13178408
1414,-0.38488388,-0.038907707,-0.024454117,-0.34993744,0.125716,0.093688965,-0.0037391186,-0.2927274,0.30826962,-0.13818973,0.1504832,-0.2210559,-0.37855113,-0.49743807,-0.51646876,-0.0090405345,-0.4123432,0.6837964,0.00028979778,0.065936446,-0.096064806,-0.18740013,-0.652389,-0.19093186,0.67203295,-0.12310755,0.03114754,-0.08369905,-0.0318245,0.29686886,-0.08308008,0.13211691,-0.7304709,0.2687738,-0.10870916,0.1962744
1415,-0.1823808,-0.0981721,0.22288239,0.8429043,-0.41540563,0.21335495,-0.44210848,-0.48303825,-0.2448703,-0.27912354,-0.19786075,0.13752723,-0.40200853,0.1553154,-0.512692,0.20015872,-0.31036532,0.048306078,0.5971135,0.28731644,0.34933084,-0.41520655,0.42958936,-0.18844831,0.4459185,0.5386525,-0.10639757,-0.18607968,-0.13992727,-0.004598856,-0.13188133,-0.050044537,0.15924627,1.3124474,0.66841555,0.35249776
1416,0.04998505,0.40406367,-0.40031722,-0.03135103,-0.36475277,0.17345563,0.17974555,0.14606912,-0.0613714,-0.2734112,-0.30108318,-0.3208774,-0.18333763,-0.16047764,0.7155316,0.089111775,0.02417241,1.0195823,0.82849395,-0.1438264,0.22027588,-0.30658785,0.16462073,0.3493245,-0.96797943,0.4553989,-0.34923226,0.3031019,-0.034581482,0.109834105,0.3252039,0.921921,1.4421294,0.3429059,0.2407387,-0.042357564
1417,-0.017820597,0.05319476,0.08947253,-0.43350762,0.09302685,-0.26626378,-0.3370651,0.15151319,-0.18619776,0.68053645,0.25579157,0.36639845,1.1179165,0.43893614,0.4096499,0.030751493,0.07098243,-0.06299895,-0.021104097,-0.046320498,-0.20003971,0.15174454,-0.13609028,0.04102701,0.06454003,-0.2011416,-0.07624352,-0.2198205,-0.20233668,0.01018244,0.13646226,0.19196874,0.17533481,0.2399156,0.25133908,-0.003953576
1418,-0.32717776,-0.3597652,-0.4124931,0.3968854,0.53419435,0.12071377,-0.41974878,-0.13603008,-0.043051124,-0.04118836,-0.57569367,-0.4399572,-0.31461966,-0.06424534,-0.5329406,0.0029588342,-0.40473396,-0.21292877,-0.12922049,0.20630044,0.018236816,-0.63525,-0.4794971,-0.41598183,-0.38451084,-0.58632976,-0.45765892,0.30106625,0.76553035,1.5532383,1.1002061,1.1422368,1.1319623,0.15709858,0.28728825,0.2689267
1419,-0.21939605,0.18529451,-0.20556301,0.86028016,0.7743571,1.546576,-0.036706537,-0.2216742,-0.26319873,-0.34304923,-0.042284973,-0.52961576,0.14459002,0.13282232,0.20698759,-0.052761197,-0.6573184,-0.033329427,0.2478944,-0.2376827,0.6756638,0.029155076,-0.53866017,0.209777,-0.36453426,-0.58142877,-0.2578986,0.13926709,0.10095471,0.33917743,-0.15769923,0.08245914,0.117714465,0.20988499,1.0161333,0.104938656
1420,1.5692285,2.8071384,2.1852353,0.00523746,0.63642645,0.41396397,0.65050703,1.2738507,1.4037361,3.5546439,3.0968606,2.7180047,2.5183506,1.6105932,2.7955837,-0.042553604,0.13722017,-0.085552394,0.040590763,-0.1729223,-0.28952017,-0.025318146,0.28588325,0.033239007,-0.004252732,0.01339969,-0.52409387,0.10423979,0.7879536,0.06442332,-0.16266078,0.33427897,0.06992954,1.9360878,1.090656,0.8378559
1421,0.07673234,-0.21000499,0.04459089,-0.0074090958,-0.13886118,-0.068534106,0.093049645,-0.07154715,-0.113844335,-0.04744792,-0.17633885,0.0017985106,-0.069358826,-0.069125,-0.009795189,0.098676324,0.40518993,0.3603039,0.13088751,0.19141299,0.05142376,0.716404,0.82845986,0.4416442,1.5055324,2.5975332,1.931556,1.2231623,0.27281976,0.3486393,2.1921701,2.3120728,2.05273,-0.4415195,-0.2602084,-0.03616582
1422,0.56019485,-0.012655079,-0.08098484,0.13067514,-0.1303761,-0.5554106,-0.26247728,-0.01567018,0.14771342,-0.1360086,-0.04524523,-0.19206923,0.15904608,0.06032312,-0.042189717,0.4552611,0.27159768,0.2780484,0.32246375,-0.1154559,-0.13663852,0.34434855,0.41609293,0.27779466,0.97524965,1.0915506,0.612671,1.9232395,1.2711514,0.48233962,1.8858018,2.0102158,1.2935613,0.09410453,-0.21297187,-0.009796798
1423,-0.37298906,0.107721,0.04771395,0.41369826,-0.43781692,0.09728286,0.24710692,0.730327,0.046274126,0.013255,0.46320713,0.02480483,-0.2722944,-0.031979095,-0.061193466,-0.16760007,0.1860782,-0.47728217,-0.2620592,0.12252717,-0.04884745,-0.52937835,0.07747504,-0.4177702,0.40734333,-0.58196414,-0.8542454,0.082441956,-0.14413062,0.5891696,-0.12729207,0.19625166,-0.3139888,0.032214213,-0.6533637,-0.15107587
1424,0.07392764,0.33740318,0.18402436,0.28403035,1.4834094,0.51406735,0.22847243,0.053951353,-0.32441038,0.24355814,-0.06782995,-0.030323476,0.65270066,-0.2077072,0.03724161,-0.22046337,1.3197889,0.3309987,-0.078280866,-0.17041248,0.46988004,0.3386253,0.32696062,0.018169343,0.29226542,0.15226589,0.85483015,0.10982326,-0.65267396,-0.43726063,0.056559324,-0.2962123,-0.09536131,-0.3005129,-0.049167797,-0.21562862
1425,0.25136116,-0.062274523,0.015330195,0.12360889,-1.0478419,0.15346652,-0.1742743,-0.14764166,-0.7150464,0.0034646988,-0.2619907,-0.16852838,-0.1834991,-0.059824288,-0.12455213,-0.6393844,-0.2651296,-0.07743204,0.23986515,0.007818937,-0.22606315,0.0070935786,0.0067666173,0.119446576,0.15587282,-0.05488223,-0.008360207,0.31217653,-0.43083286,-0.16889736,0.22100955,0.10883736,0.66991013,-0.36442995,-0.056921303,-0.21513686
1426,0.2965814,-0.5052541,-0.15390942,-0.38602328,-0.16701573,0.066663325,-0.21480632,-0.40296787,-0.387606,-0.19913852,-0.080023825,0.058711052,-0.32965624,-0.060557514,-0.028354645,0.0251472,-0.47625953,0.39829504,0.9881426,0.7390651,0.253276,0.04514873,0.1135222,0.4179036,0.004411757,-0.042347133,0.68764013,1.7216017,1.136209,0.3477748,1.4510922,0.8442898,0.40410596,-0.21315181,-0.034045547,-0.023328513
1427,-0.08683491,-0.09462923,0.03693576,0.55224025,0.48057276,-0.40776443,-0.53836405,0.42545033,-0.2381852,0.1494183,0.0570862,0.33939344,-0.3921193,-0.44033474,-0.074688315,0.110526145,0.7079465,-0.07127881,0.009904981,-0.16667843,-0.22520748,0.060313523,-0.007953882,0.44031775,-0.096265376,-0.25398403,0.20414191,0.8030131,0.8402709,0.43529093,-0.2935363,0.3758163,0.13572204,-0.17848316,-0.18054491,-0.24071163
1428,0.048078418,-0.5839141,0.52201384,-0.6517093,-0.25169826,-0.2589091,-0.4337542,-1.966955,-0.03135073,0.2816344,2.4539433,1.1282196,0.17216954,0.42363548,0.22926895,0.04213664,0.007649198,0.048840582,0.25054228,0.011226535,1.0973587,0.113371134,-0.221436,-0.08285558,-0.6983911,-0.56976277,-0.40488034,-0.064330906,0.06622119,0.43937498,-0.5183306,0.5239338,-0.5109583,0.13926345,0.41533148,-0.02218175
1429,0.10431862,-0.21888205,-0.18147224,-0.51753783,0.023189425,0.1855861,-0.76502824,0.26193288,-0.3755797,1.6427904,0.8759421,0.4374348,0.41455513,-0.0066158473,0.44604027,0.21058822,-0.18994069,-0.029119074,0.17224097,-0.16840094,-0.5858796,0.32522103,-0.17234135,0.08468473,-0.076155394,-0.20962855,0.055026535,-0.44348472,0.27476233,0.06138563,-0.2893975,-0.30047753,-0.11536187,0.13052078,-0.27927202,-0.18486726
1430,0.078653395,0.3003976,0.32207578,0.157255,0.35751507,0.82339275,0.43631,1.110765,3.0265088,0.031091094,-0.05780217,-0.0580886,-0.031846166,-0.06314635,0.55243397,0.029185355,0.15045846,0.015696466,-0.07058871,0.29172766,-0.21450472,-0.013002634,-0.18278928,-0.036023468,0.04403788,-0.2989747,-0.047649026,-0.1693865,-0.3130246,-0.23479846,-0.11890334,-0.14793992,0.08310278,0.09900433,0.20176202,-0.25220942
1431,-0.17845464,0.087051034,-0.064614445,-0.13173175,-0.025067687,-0.7510151,-0.28027254,0.3964902,0.27036142,-0.31800818,-0.088832736,-0.3712007,-0.2705423,0.030301094,0.0185709,0.54268384,0.35859632,-0.20280801,-0.006373167,-0.32408178,0.08856511,-0.39763573,-0.04946673,0.05804169,0.5800034,-0.4809448,-0.2508092,2.7000277,3.1149871,3.356607,0.39565563,0.9224305,0.28149614,0.5193185,-0.33149827,-0.12287113
1432,-0.3781734,-0.5296085,-0.3998506,-0.7600838,0.04569888,-0.22779703,-0.014816899,0.1279738,-0.74606156,0.70643693,0.24293508,0.22517145,0.5368478,-0.087661184,0.08154881,-0.54810345,-0.2454893,0.06330359,-0.60756034,-0.25722408,0.21218672,0.2528773,0.31771815,0.5288688,0.54662657,0.42157224,0.75182974,-0.09441972,-0.40125966,-0.025485873,0.6652219,0.0042413175,0.14163738,-0.5918817,-0.2234129,-0.48114526
1433,0.21083187,-0.15361238,-0.43397757,0.40032372,0.06989905,0.38531107,-0.35968363,-0.37606198,-0.2234827,0.055820078,0.03546457,-0.041884094,0.71968776,-0.70443046,0.24112642,-0.5500025,0.024595872,-0.32678288,-0.48527342,0.7289578,-0.28524494,0.20100316,-0.052800387,0.039383188,0.08902067,0.29584482,0.08688995,-0.713666,-0.02883996,-0.31756958,-0.21684471,0.11286196,0.19288528,-0.8600589,-0.04059398,-0.02614142
1434,-0.23092091,0.5001345,-0.28882205,0.18144786,-0.21594381,-0.041389227,-0.13258684,-0.11345276,-0.070322156,0.061555862,0.36129558,-0.46275806,-0.27076364,-0.7581297,-0.4791023,-0.2601619,0.10252577,0.70412487,0.08157599,0.08564916,-0.23116882,-0.121213555,-0.06407201,-0.22978765,0.32111835,0.056442022,-0.10514863,-0.17718393,-0.7516025,-0.45306093,0.0685001,-0.017959446,0.55987006,-0.021377325,-0.23738486,0.13406801
1435,0.68931615,0.32631993,-0.13905,3.1659775,1.4381819,-0.25611818,2.1023927,0.44466674,0.3396174,0.1986655,-0.3743177,0.17011249,-0.7157689,0.43940675,0.08814567,-0.35946745,0.08378914,0.18871984,-0.020575285,0.42392915,-0.38071704,0.0971801,-0.30970943,0.20809549,0.46310115,0.1178543,0.47932178,-0.17815065,-0.160555,-0.31380594,0.03274881,0.19777846,0.100454375,-0.03667926,-0.15617754,0.018930495
1436,-0.115311325,-0.215085,-0.21354276,0.1083758,-0.53442955,-0.14965212,-0.007109463,0.015655637,0.16103733,-0.26548755,-0.12168832,0.00567621,0.13074142,-0.034440607,-0.107575834,0.52776194,0.1522839,0.028937042,0.49803823,-0.10453773,0.041904747,0.78103554,0.39161074,0.22572327,0.49317318,-0.048478663,0.055155158,2.5309594,0.8855698,0.7102783,3.6667125,3.014749,1.0288714,-0.3017503,0.10802579,-0.22249693
1437,-0.8077755,-0.03952463,0.42193204,0.119497485,0.05301094,-0.46205354,0.62352264,0.07853603,-0.08969653,0.3996098,0.1484864,0.15688992,0.31579763,0.32716542,-0.08981246,0.51948357,-0.013633609,-0.040688097,0.18086052,-0.15555021,0.013699651,0.07541746,-0.33084843,-0.25183138,0.32209784,-0.4628563,-0.029840589,-0.8185925,-0.048166133,0.0024267435,-0.15295759,0.097136855,0.23441893,0.58010155,0.008910716,-0.012398958
1438,0.51291525,0.35796,-0.17509294,-0.24189731,-0.0028162003,-0.25514883,-0.039234996,0.11672497,0.34755418,0.02998066,-0.28297985,-0.18657857,0.0027315617,0.4949653,0.5020895,-0.12164223,-0.37833804,-0.2898179,-0.3439587,0.20713365,-0.7002519,-0.15876609,0.39643735,-0.30907565,-0.035164356,0.09181708,0.10474479,-0.29613644,-0.6552355,-0.7380032,-0.18221575,-0.00051282346,-0.88171405,-0.011568546,-0.40216047,-0.45396918
1439,1.0186847,0.54728603,0.51850367,-0.5623452,-0.4025792,-0.5673996,0.36395973,0.1784685,0.17415804,0.3401757,0.1426152,-0.026577592,0.35010785,0.39514875,-0.35938424,-0.2918736,0.5071382,0.15647608,0.2448928,-0.015774816,0.24232036,-0.06443464,0.13045062,-0.24191636,-0.5529275,-0.38568678,-0.289963,0.17225873,-0.04764247,-0.36281222,-0.5394563,-0.54739445,-0.4350757,0.05241651,-0.090404004,-0.21455503
1440,0.4750346,-0.042667225,0.11629358,0.020059288,-0.023411274,0.007093072,0.25234038,0.8000324,0.2127378,0.26087558,0.65865165,-0.16695952,-0.5576943,-0.2767269,-0.40676004,-0.013225198,0.1275203,0.0632602,0.059490047,-0.11517778,-0.13456738,-0.05919987,0.26254672,-0.2110492,-0.111886784,-0.39685518,-0.2836095,-0.15779132,0.17777297,0.03907621,-0.0019363165,-0.61344594,0.00019598007,-0.2022817,-0.15160576,-0.1106869
1441,-0.15529291,-0.45419812,0.011155874,-0.11938959,0.004622817,0.020043254,-0.15677781,-0.1804944,-0.18395944,-0.65077984,-0.43393165,-0.0145046115,-0.16450197,0.32416174,-0.19038105,0.6459427,-0.33520752,0.19998246,0.2372055,-0.06969106,0.19102424,0.06243646,0.28521186,0.16444957,-0.24067467,-0.13442132,-0.013704717,0.4748504,0.45011953,0.08048487,0.10622795,0.23658168,0.04366356,0.761479,-0.18852712,-0.21392947
1442,0.083147645,0.11603117,-0.068540275,0.19499278,-0.28625965,0.19402747,1.2096449,0.93104017,0.45028794,1.9119983,0.731717,1.3350427,-0.0006979704,0.8591119,0.5373572,-0.33286655,-0.15962452,-0.04420054,0.1737765,0.1547127,-0.25579083,-0.47666627,-0.31822553,-0.21220183,-0.19247878,-0.20022105,-0.12068224,0.30029118,-0.004386544,0.040689886,-0.43129948,-0.19025388,0.68061215,-0.31718928,0.08387375,-0.10386324
1443,-0.027391195,0.07349765,0.72500426,-0.2824133,0.45047078,0.8620011,-0.31288505,0.1424719,-0.22060424,1.426397,2.2126,0.90986216,-0.30689782,0.76208246,0.74091357,0.020038903,-0.19566798,-0.12923655,0.16579947,0.057988137,-0.008771718,-0.17921445,-0.05330178,-0.11953208,0.020964444,-0.13626933,-0.21850896,0.8312032,0.06315194,0.08934581,-0.23946297,-0.32328296,-0.7984379,1.7576101,2.2436707,1.7074996
1444,-0.31694525,-0.21858253,-0.07122892,0.19901176,0.15547252,-0.014157772,-0.012549311,0.081536174,0.15040874,-0.42296594,-0.5334929,-0.36287403,-0.23624113,0.23826233,0.021826386,-0.36721897,0.15158993,0.061997116,0.18147305,0.08049315,-0.19927895,-0.3673144,-0.13956738,-0.085580945,-0.5342598,-0.69418466,-0.10435027,1.3436842,0.0021157786,0.1575731,0.23144698,0.072376356,0.25424713,-0.2842242,-0.3126341,-0.10845566
1445,-0.5925924,-0.30850276,0.30612785,0.37257212,0.5212499,0.17518175,0.17528123,-0.4655428,-0.31887293,0.10508257,0.04398495,-0.23944402,-0.21029297,-0.14507279,0.2622116,-0.23787934,-0.45795017,-0.7445261,-1.4507325,-0.22330067,0.18501025,0.30882984,-0.05376686,-0.48091152,-0.4158058,-0.17756948,-0.37127054,-0.040225983,-0.24109456,-0.1461924,-0.31751525,-0.4130316,-1.3203673,-0.73040724,0.09563019,-0.33125624
1446,-0.07319701,-0.16816437,0.21110672,0.9387373,1.3566407,1.175798,-0.15267181,-0.6154567,0.04588121,-0.758209,-0.28583956,-0.21302366,-0.025746912,-0.28625202,-0.05700268,0.18269967,-0.13529855,-0.26528424,1.1478119,0.81800413,0.52683973,0.08523525,-0.4867674,-0.005804062,-0.3181372,-0.14399233,-0.15321422,0.79633534,0.3735496,0.69326496,-0.20905739,0.39309433,0.084418364,0.8860693,0.48045793,0.20657128
1447,0.23861977,0.7705901,0.13286063,-0.020023063,0.2035194,-0.19719204,-0.217914,0.27608043,-0.08505982,-0.079855725,0.08899738,0.024621487,0.31149948,0.038479626,-0.0032399297,0.21323943,0.6048713,0.12051934,0.20972028,-0.17150214,0.1068272,0.7265698,0.6109024,0.15897602,1.9834366,1.1436338,0.45619142,1.9669112,-0.08077121,0.18624377,1.2931194,1.5402439,0.32220596,-0.058548808,-0.19052032,0.03356719
1448,3.7593765,3.4718695,2.417196,0.041741014,0.054126814,-0.13990903,2.731524,2.9257865,1.6125975,-0.0003736019,0.10331637,-0.13500133,1.1006465,1.4907355,1.8139958,0.2370804,-0.106102586,0.02783218,-0.13033295,0.18998241,-0.08774498,-0.26862088,-0.00016370416,-0.52626956,-0.22824207,-0.46360952,-0.3933252,-0.35800213,-0.0032282472,0.039967,-0.024417892,0.20133157,0.07181805,0.3462686,0.32910538,-0.040465713
1449,0.56756467,0.27007538,0.07864832,-0.26805502,-0.18752357,0.1646281,-0.09116125,0.3451139,0.66786027,0.5255722,0.71899325,0.163914,0.07458321,0.6616598,-0.036014467,0.35363084,-0.30342048,-0.14280179,-0.28923202,0.5293904,-0.38750577,0.30545262,0.3057475,0.3757551,-0.39184535,-0.15908864,0.29581642,3.5629056,0.55662733,1.470584,0.7759439,0.2955718,0.04977788,-0.30619216,-0.07556778,-0.16049522
1450,1.9412113,2.030033,1.0284612,0.15764925,0.06843801,0.3711177,0.31278843,0.5837494,0.6202009,0.26222962,-0.34013757,0.12491214,0.40779486,0.0634048,-0.46043923,0.1418755,0.45819223,-0.3172197,-0.17742786,-0.5223053,0.22774765,-0.3071468,0.09155801,-0.39857057,0.18564835,0.43345472,-0.6314591,-0.62724924,0.26903298,0.41635764,0.479302,-0.0016186833,-0.6693292,-0.36572775,0.5356179,-0.14087552
1451,0.5619188,-0.017716847,0.13410032,-0.08990858,-0.6983219,-0.22951026,0.2751182,0.10540831,0.07873437,0.05071138,-0.24988776,0.13381216,0.8794868,-0.19601399,-0.22902879,-0.0118967965,0.10310293,0.13825536,0.39478916,0.6069862,0.07085568,0.051715303,-0.015958354,-0.06592102,-0.52556205,0.073523134,0.06222689,0.62063825,-0.77060616,0.018345531,-0.011715159,-0.9825458,0.037450545,0.028148383,0.28252393,0.27992937
1452,0.0038365722,-0.18199581,-0.28358355,-0.6074296,-0.49303207,-0.19817781,-0.2524669,-0.18876302,-0.494801,-0.6428113,-0.21133375,-0.029972613,-0.4869866,-0.029372454,-0.2572484,0.7280991,0.25490475,0.23855168,0.5057329,0.25122166,0.2742849,0.6313391,0.29483038,0.30826083,0.28552532,0.041809767,0.28773612,0.23627207,0.011395052,0.16086781,0.12730065,-0.17737949,0.094807416,-0.5903661,0.1297155,0.10895127
1453,0.00020089746,0.12435639,-0.16910422,-0.23128617,0.10444558,-0.1570456,-0.76854503,0.3305592,-0.4470573,-0.39637703,0.27777848,0.13057953,-0.0040243566,0.24320436,-0.22434631,-0.41454336,0.13891767,-0.20647287,-0.04797113,-0.11999036,-0.17713976,-0.57348275,0.17540646,-0.31798932,-1.0763769,-0.4887084,-0.19736212,0.3387419,0.6795681,0.13052869,-0.64001,0.39749563,-0.123009324,0.29609472,0.22934678,-0.044557214
1454,0.0741429,0.17534718,-0.15491642,2.1819005,0.89307714,0.8263323,0.86318946,0.76718265,-0.08494449,-0.07525347,0.011440426,-0.023907542,-0.24662378,-0.022081137,-0.1417923,0.17301354,0.21024269,0.050716937,0.13358936,-0.089817286,-0.08521497,0.87515944,0.045201123,0.3488784,4.354825,3.175117,5.29106,0.81000996,0.1067012,-0.07440531,3.7758844,2.957978,3.2572248,-0.2140207,-0.13730091,-0.18900472
1455,-0.08634591,-0.27322492,-0.21494985,0.14212441,-0.00014925003,0.066832066,0.4622429,0.15521379,0.0998168,-0.2554705,0.24190098,0.30916792,-0.2042377,0.3359817,-0.0068970323,0.11479445,-0.17943943,-0.15450335,-0.05518219,-0.03819491,0.3873226,-0.051625907,-0.013548865,0.07251644,0.2386424,0.12409899,-0.10554105,-0.19685978,-0.018038742,-0.06820917,-0.10772693,0.07396588,-0.20532072,-0.27378482,0.07819536,-0.08988094
1456,-0.13321763,0.10708973,0.34079492,0.8054153,1.197148,0.3470686,2.4737604,0.7124126,0.15962142,1.1425648,0.032663062,0.14081156,0.120084524,0.37888694,0.40446445,0.49292192,0.40247717,0.27683485,-0.29067516,0.08244741,0.075612366,1.7835269,0.4493328,0.26946884,0.04442136,0.062443882,-0.17077172,-0.45681486,-0.007751882,0.016804814,0.014282614,-0.044384867,-0.17348349,-0.105592094,0.016053885,-0.1630565
1457,5.0316253,1.6433353,0.94438267,-0.46955827,-0.37021092,-0.06324571,0.043345675,0.17340647,-0.85782063,-0.26695362,-0.008900464,-0.32175285,-0.116192944,-0.1082136,-0.25010625,-0.20720106,0.17246884,-0.01855743,0.09115541,0.065629035,-0.17817229,0.92033905,0.38619617,0.39104787,-0.027936291,0.20786725,0.27655444,0.25900853,-0.57314336,0.3294758,-0.4815963,-0.027468823,0.34463656,-0.15132234,0.2372754,-0.29697257
1458,-0.35662434,-0.34487268,-0.015634477,1.4318771,2.3502784,1.1673561,2.092697,0.9307716,-0.02527827,0.022377051,-0.21360055,-0.0034562945,-0.16613933,-0.19177333,0.03731382,-0.15217042,-0.36577603,-0.02293837,0.3398776,0.20249426,0.10021645,-0.110142946,-0.37620115,-0.13987848,-0.041033372,-0.37499252,-0.16246247,-0.23066312,-0.041957542,0.029119492,0.9632654,1.0944076,0.15645742,0.34896338,-0.030027479,0.15054226
1459,0.2552127,0.030175116,0.13649467,-0.027271062,-0.3345064,0.27598763,0.45109174,-0.62342185,-0.2458781,-0.7449162,0.1874915,-0.15975076,-0.28197625,-0.013220841,-0.3482512,-0.36494887,-0.29005992,-0.24563557,-0.07044387,0.07192626,0.056313932,0.25576952,-0.3378018,-0.0047291517,-0.11714745,-0.45814386,-0.1914239,0.082096815,0.540001,-0.22914314,-0.00561285,0.20017111,-0.08135176,-0.30203044,-0.44142532,-0.057548225
1460,-0.023259353,0.03284967,0.11102158,-0.18772556,-0.31132495,-0.21245927,0.0019705594,-0.016935825,-0.10241264,0.061976254,-0.043563724,-0.06903809,-0.13891776,-0.09369446,0.06283736,1.1463883,0.9132282,0.1020661,0.8041682,-0.20777604,0.008669853,0.91975653,0.9088616,0.55562824,1.0601542,0.54883313,0.33416885,1.2665286,0.1833927,0.11306524,2.1733239,1.5640492,0.53809524,0.9794713,0.22809234,0.23741663
1461,0.1547426,-0.24776325,-0.0062323213,0.14067602,-0.024451315,-0.07684249,0.016375422,-0.14865531,0.069105506,-0.23998207,-0.23561971,-0.07941139,-0.06773412,-0.2637828,-0.08772451,-0.23792708,-0.21335036,-0.12737429,0.3907565,0.23662293,-0.0056937933,0.37434137,0.054691568,0.12579459,-0.07560909,-0.02815713,-0.036012292,-0.19949833,-0.1405083,0.07695258,-0.058476567,0.0025418997,0.060484946,0.26808828,0.08194375,-0.17652786
1462,0.32799405,-0.21208522,0.13213694,-0.13258344,-0.17045537,-0.0831933,-0.20251662,0.6080662,0.18545592,0.60863626,-0.014802352,0.20848125,-0.37107253,-0.12524673,0.030122638,0.32232785,-0.055018485,0.02807039,-0.20421302,0.051686965,-0.13896465,-0.17213297,0.6122236,0.008464694,-0.0053288937,0.3460831,0.06570184,0.055618107,-0.17088541,0.06992221,-0.12862158,0.21553531,0.029214144,0.17113538,-0.03887999,0.14780724
1463,0.028235078,0.29456455,-0.1911375,0.15309232,-0.40800816,0.4692938,-0.05404693,-0.035881326,-0.07428837,-0.081658185,-0.43931043,0.051830173,-0.17955321,-0.19773348,0.06365538,-0.22366261,0.18335149,-0.023843408,-0.11416608,0.076696396,-0.05276251,-0.41054997,0.30585247,-0.14919889,0.044154823,0.012252831,-0.0689801,0.60908383,0.31047684,0.057555676,-0.145825,-0.5173599,-0.037414193,-0.10997856,0.04352334,0.19193041
1464,-0.17288458,-0.20463613,-0.21843255,-0.1323204,0.011260718,-0.0030269027,-0.57842517,0.31516394,-0.06751132,-0.7304889,-0.063477404,-0.13835257,-0.2993642,-0.084893614,-0.17009825,0.21345365,0.20334226,-0.09012067,1.0583912,0.34141785,-0.020349622,0.065704346,0.17546493,0.18669891,-0.58422554,-0.33101976,0.09879148,0.06620288,0.3012497,0.1113739,0.15448779,-0.09329617,0.12810516,0.20091808,-0.35729846,0.07983053
1465,2.006648,0.35364604,0.12771922,-0.23082447,-0.19185713,0.017980635,1.0658344,0.36435795,0.04722178,-0.31197268,-0.28203967,-0.032733202,0.73850715,0.22660597,0.00974834,-0.15567851,0.0027858317,0.0045410395,0.5012023,-0.06418489,-0.037244916,-0.02688539,-0.07243272,-0.013902187,-0.021965444,-0.0705367,-0.03358817,0.6303375,0.106532544,-0.013096213,-0.025728703,0.27990076,0.015565395,0.04966551,-0.041624844,0.083539724
1466,-0.61748314,-0.16115683,-0.3441619,0.107741594,0.8571138,0.26334673,1.3768152,0.13609648,0.57456,-0.77715373,-0.19193813,0.104856074,-0.79982805,0.40561676,-0.51644886,-0.0012692809,0.019522965,-0.054362833,-0.41890615,0.20992875,0.5558255,0.4162251,-0.5470637,-0.68914,-0.64914393,-0.17062889,-0.49007204,0.5398567,0.08872318,0.10954684,-0.24717776,0.3098687,-0.45978695,-0.021197408,0.069809675,0.11027801
1467,-0.33433387,0.04737086,-0.36882305,-0.37145612,-0.32185137,-0.21552896,-0.052295566,-0.23354281,0.018326819,0.7758006,1.4824432,-0.28455818,0.049010307,-0.36867374,-0.1342212,-0.13675168,-0.008686364,0.21011412,-0.17421125,-0.9308743,0.029317677,-0.34830704,0.013941735,-0.183079,0.32709268,-0.29298693,0.06220925,0.12434375,-0.34318706,0.29205897,-0.19762988,0.77140796,0.71976817,-0.4963315,0.09732258,-0.40442914
1468,1.2332933,1.0192152,0.77798426,-0.24610943,-0.2844323,-0.21281141,0.56255937,0.07722914,0.4667804,0.33669367,0.2889637,0.51450855,0.0064040422,0.56077546,0.5124955,0.8841693,2.082609,2.0333023,-0.24084711,-0.3083213,0.060857475,1.0163363,2.2072031,3.0065503,3.2749772,4.6713505,4.015533,0.4697858,-0.32292062,-0.011421084,2.3192873,1.7643116,3.3561373,-0.28977096,0.11017448,0.23028576
1469,-0.21578258,-0.15708351,-0.1518484,0.5937226,0.039903753,0.079571456,0.73150647,0.41510892,0.2392078,-0.13871676,-0.93665624,0.05889088,-0.14767024,-0.898098,-0.20713615,0.08303857,-0.17635453,-0.052705467,-0.11899024,0.17448056,0.07632238,-0.26175377,0.07553564,-0.007524751,-0.39501107,-0.6396066,-0.062336862,-0.041831627,-0.15952116,0.0569492,-0.4977222,-0.45339674,-0.3875324,-0.31756228,0.21085243,0.14547098
1470,0.11243936,0.2687536,0.0031709205,0.056555986,0.5486806,-0.43262893,-0.16205595,0.40310836,0.22470626,0.86132807,0.9684583,-0.8504671,1.0959928,0.8980708,-0.007933736,0.1503923,-0.26249748,0.06979388,-0.04483235,-0.5794431,-0.16685903,0.174032,0.37300298,-0.67989135,0.2961877,0.84946823,0.43457067,-0.0023832158,0.19688654,0.44155282,-0.84128803,0.038401514,0.22752029,0.21286894,0.17193854,-0.5103348
1471,1.5778992,0.18123424,0.23652036,1.2107149,0.29838082,0.4813911,1.9205221,2.334612,2.7493186,-0.5160048,-0.3091837,0.22345477,-0.21137315,0.03553462,0.09303254,-0.07865474,-0.013798267,-0.30791876,0.34682876,-0.122377306,0.9651219,0.341256,-0.16610241,0.113437235,0.29659083,1.4089161,0.982081,-0.58909714,-0.8047061,-0.084287524,0.20257543,-0.40460953,0.0861306,-0.44180757,0.1704278,-0.26071885
1472,-0.16354185,0.030053377,-0.19516277,-0.042348623,-0.09877482,-0.28029484,0.026764512,-0.25273448,0.29902276,0.08995998,0.21032393,0.45182794,0.3486942,-0.34244788,-0.370308,-0.0545668,-0.24238858,0.22768593,0.07613897,0.02087003,-0.34452057,-0.0053304434,0.07336146,-0.050900847,-0.39932463,-0.1118269,-0.35224622,-0.19504574,0.27313173,-0.0015249252,-0.2169438,0.16278541,0.35879672,-0.002890855,-0.25812596,0.40891248
1473,0.02647221,-0.37917975,-0.27209428,-0.11050022,-0.117762804,0.14180225,-0.019744992,-0.05315183,-0.005535841,-0.094848275,-0.049259335,-0.2071402,0.02604723,-0.2473402,-0.4645123,0.084694624,0.046371818,0.067641735,0.013228655,0.13027164,0.07761687,0.16401953,0.2385709,1.0322468,-0.16802925,-0.10770318,-0.32075846,0.09307879,0.9480813,0.98573446,0.0281384,-0.024430156,-0.046480447,0.07355648,-0.029689789,0.3729059
1474,0.120701194,0.2922278,-0.1689286,0.43471396,0.10343985,0.33024943,-0.50200504,-0.15653901,0.07016742,-0.25323364,-0.10865222,0.079476774,0.53178614,0.015353382,0.027579114,-0.096885204,0.11099973,0.58354616,0.19397461,-0.22339427,-0.030095756,-0.32673925,1.3116676,0.06870155,0.3855059,0.5333619,0.025958836,0.4634272,0.6250297,0.4849048,0.27016115,-0.13145015,-0.05529979,-0.92076796,-0.03441813,-0.09363377
1475,-0.26608202,-0.057718664,-0.3033416,-0.3191862,-0.44000632,-0.37855017,-0.20918629,-0.29025275,0.0063228607,-0.043721616,0.024679124,0.020840764,-0.12309569,-0.033140257,-0.5942373,0.3971641,0.400292,0.6137762,-0.031649604,-0.03565781,0.059759498,-0.25285757,0.42259592,0.13604295,0.24604237,0.024578452,-0.07273173,1.8539689,0.9968891,1.5182848,0.9079025,0.9493922,1.0891078,-0.07679528,-0.066355675,0.2628472
1476,0.1958217,-0.14269328,-0.1480042,0.68184036,0.73017335,-0.219022,0.19900632,0.08441055,0.02407318,0.26559126,-0.54616207,-0.27466005,0.48695534,-0.0094028115,0.30676812,-0.22800586,0.42939007,-0.36891642,0.046152234,-0.09737086,0.29641825,0.023075044,0.21313,-0.07193291,-0.041066706,-0.61496794,-0.22702767,1.7831094,3.1269317,1.476696,2.8463094,1.797715,0.5139775,0.52085525,0.40337265,0.20654553
1477,-0.21239793,-0.34595987,-0.457241,-0.11021149,0.43245113,-0.101326585,-0.5219142,0.52171624,-0.21850634,0.34724054,-0.18201816,0.046891272,0.17006633,-0.2134209,0.21186496,-0.27107352,0.16560361,0.30710447,-0.11445874,-0.553969,0.1125678,-0.4272923,-0.48364794,-0.1701423,-0.040586412,-0.90358233,-0.016313255,-0.060351014,0.24465668,0.084930174,-0.4069448,-0.1915107,-0.12696052,0.41384742,-0.40441024,-0.27447867
1478,0.057653666,0.31473076,0.5960599,0.10608041,-0.0072396994,-0.0023297518,0.6564803,0.22651944,0.18883204,0.3883698,-0.2110306,-0.12007266,0.22286904,-0.39124957,0.5002928,0.1768986,0.17503,0.13940227,-0.08395457,0.29979295,0.41720337,-0.11599684,0.11385903,-0.4714692,-0.09681055,-0.13494733,-0.2181069,-0.022993922,0.18002109,-0.25599176,0.09842014,0.18386753,0.27539927,0.3848636,0.09127207,-0.14605758
1479,0.083954215,0.09544721,0.055749416,0.3782425,0.0996024,-0.03351599,0.2763923,0.26105952,0.04863596,-0.40677384,-0.50767684,-0.24022079,-0.16117966,-0.09730071,-0.12332696,0.84362113,1.3651665,0.2618137,-0.0064261556,-0.7981305,-0.11549771,0.8282831,1.6336255,0.40840495,3.592287,1.645668,2.1523466,0.24253646,0.0850704,-0.13877577,1.9113116,1.6810205,1.049536,-0.37939206,-0.055630445,0.15944737
1480,0.09673852,-0.16633475,0.39712906,-0.096646965,0.0418197,-0.154706,-0.4182183,0.18483293,-0.14443761,-0.163787,-0.0872342,-0.14306474,-0.045327425,-0.14213699,-0.34807384,-0.022950113,-0.47287115,-0.2535057,0.06569809,0.111656666,-0.074324965,-0.0112531185,-0.17388651,0.24432606,-0.18913394,-0.049949877,-0.25499612,-0.18474841,-0.047376238,0.10813856,-0.29650682,-0.050611757,0.10222077,0.11567968,-0.2193103,0.32146978
1481,0.789656,1.2211946,0.6609678,0.44428632,0.07411361,-0.016304344,0.89364153,0.7206322,0.12894246,-0.09064148,0.30491328,0.60903007,0.5141564,0.44073758,0.2901005,-0.08369373,-0.042890906,-0.056925416,0.32276252,0.15633944,0.7534316,-0.17900676,-0.041942474,-0.13380499,-1.148268,-0.49705154,-0.4694179,0.2994237,0.6257442,0.070106566,-0.68964744,-0.21258624,-0.20176437,-0.13080406,0.088784695,0.056610107
1482,0.15277797,-0.029425502,-0.31418693,-0.08881599,0.015785486,-0.41229147,-0.25676638,-0.11076549,-0.17877078,-0.15021396,-0.10332462,-0.17827117,-0.34680152,-0.1751757,-0.12898368,-0.28228426,-0.058888733,-0.022606492,-0.03279817,-0.09276587,0.41954917,-0.2424249,-0.08861983,0.09730029,-0.2476281,-0.34161964,-0.3388872,-0.31936932,0.30573666,0.1207639,-0.15281844,-0.036351204,-0.1275217,-0.11523211,-0.05209539,0.22296274
1483,-0.20279442,0.18557817,-0.2861015,-0.035408586,-0.18545842,0.1645039,0.33816707,-0.6188796,-0.3207858,0.23275977,-0.26432937,0.19747168,1.1796271,-0.90907454,-0.1537863,0.45979357,0.44026917,-0.023248717,-0.17476162,-0.15240225,0.3373973,0.06875751,0.30477715,-0.31598973,0.1615545,-0.2840051,-0.08888394,-0.40320826,0.018359948,0.3484762,-0.3053537,0.01666686,-0.28420928,-0.13810526,0.29777062,0.24148804
1484,-1.0520405,0.035311803,0.2290861,-0.7376994,-0.42776537,-0.2613296,-0.32021123,-0.2918951,-0.19963682,-0.94672805,-0.8927672,0.014294565,0.42499343,-0.01088959,-0.19672155,-0.04337433,-0.090498246,0.4382945,0.46329316,0.5270727,0.10685468,-0.029053211,-0.39535928,-0.21605526,-0.6034281,-0.39542013,-0.14692265,0.25658953,-0.06424413,0.023991942,-0.16679394,-0.51336634,0.5317999,0.2281115,-0.11656031,0.15144926
1485,0.38822645,-0.38848984,0.17536935,0.21287909,-0.20902437,-0.41302645,0.13857314,0.8378697,0.64380777,-0.22762895,-0.40771484,-0.6839512,-0.09494236,0.16076255,-0.033782214,0.8900044,-0.14846432,0.5607123,0.1895358,0.13246453,0.05721605,0.38211358,0.16691452,-0.04366836,-0.4313166,-0.23985475,-0.011254072,0.4085136,-0.06390256,0.112954795,0.10959619,0.38637802,-0.07893464,0.14409167,-0.45660043,-0.5042282
1486,-0.33391166,-0.06635794,-0.030700982,-0.7063685,-0.47980237,-0.05360043,-0.37382758,-0.015214473,-0.19886172,0.6533232,0.07427257,0.033433765,-0.42360175,0.065849096,-0.09701589,0.34799492,-0.24616173,-0.040503502,-0.53989697,0.012046069,0.2279759,0.032698736,-0.05602318,-0.040798813,0.016037107,0.1344939,0.20101947,-0.66482234,-0.155671,0.26769716,0.03166887,0.059289634,0.6592345,0.228814,0.1462996,-0.053114176
1487,-0.38538697,-0.038199812,-0.339411,-0.12045851,-0.39780352,-0.060027093,-1.3814344,-0.2664907,-0.08862898,0.08425684,-0.91434526,-0.26476243,0.20357244,-0.0039124712,-0.11080259,-0.087655574,0.010826841,0.08722465,0.14691058,0.27132446,0.052299656,-0.08461646,0.040555835,-0.14021137,-0.5767075,-0.24925795,-0.24138871,0.17275387,0.28797382,0.36869538,-0.498208,0.19167775,-0.1355433,-0.01052168,-0.10654312,-0.2661518
1488,-0.55238783,-0.3334059,-0.54320043,-0.0077984035,0.18119812,-0.1833705,0.33944488,0.28359354,0.003413558,0.60283035,0.5447222,0.11131735,0.2741546,0.08123255,-0.47468993,-0.56121147,-0.14578635,0.005855918,-0.0518955,0.3043362,0.09956363,-0.10140526,0.29869437,0.09674165,-0.07742959,0.21876949,0.7383425,-0.25230557,0.23046687,0.2542143,0.28759855,0.30945688,1.1077095,-0.19792533,-0.089041114,-0.3170715
1489,-0.2395472,-0.10440171,-0.50208443,-1.0290186,-0.8599715,-0.6263224,-0.71986276,-0.5402253,-0.27866137,-0.28034562,-0.567532,-0.18900898,-1.0990305,-0.28706786,-0.16268703,0.10795946,-0.27021864,0.4719057,0.2511984,-0.03208761,-0.16400865,0.112454586,0.08948144,0.1349324,-0.6495852,-0.62297124,0.19796601,0.5930604,0.5982953,-0.24474299,0.5035231,-0.3026844,0.123743474,-0.05301842,-0.1276251,0.041565478
1490,0.64989245,0.2295187,0.8950653,-0.007657841,-0.14436103,-0.3421279,-0.12501565,-0.3784712,-0.2285019,0.30066356,0.7098614,0.13309808,0.947183,1.5700461,2.4022014,0.6714747,0.2254017,0.15526363,0.20656201,0.14397417,0.45309767,-0.012726396,-0.15887506,0.3602181,-0.076396674,0.6815119,-0.3514505,0.12173766,-0.25664893,-0.21730864,-0.27663264,0.23177385,0.45767033,0.29120255,0.45985776,0.5846108
1491,-0.24618527,-0.48662722,-0.38980588,-0.67379487,0.6291676,0.48716998,-0.5497068,0.31087828,0.015072346,1.4643915,1.4144272,1.6532899,1.7732627,0.11728215,0.38343978,-0.16716409,-0.31224918,-0.12788951,-0.32854447,-0.39472967,-0.63878274,0.02222097,-0.17608571,-0.323535,-0.5636256,-0.31514016,-0.84067565,0.21185598,0.53431165,0.17569685,-0.34842974,0.31716576,-0.019645788,0.09261471,0.06325127,-0.014963508
1492,-0.24617004,-0.12710997,-0.15239817,-0.16879484,-0.7706857,-0.1649307,-0.17714322,0.021812081,-0.091630936,0.008310854,0.027084589,0.02485317,-0.2086102,0.28102615,-0.0064962506,0.5761459,0.11718867,0.19066522,0.14025867,-0.06952214,0.038692534,0.56083214,0.1986652,0.31873325,0.0726946,0.2634374,0.14973086,-0.17172801,0.035935238,-0.11245197,0.5840421,0.19190562,-0.073702455,0.3991233,0.28829116,0.25721934
1493,-0.30005455,0.25718504,0.10070521,-0.3336348,0.087675035,-0.011451483,-0.12238723,0.3131289,0.15273581,-0.39127588,0.025933087,0.12810642,-0.0016037226,-0.012442857,-0.10694443,-0.13799189,-0.18866557,-0.27806932,0.22075033,0.23194113,0.041361928,-0.220985,-0.31905514,0.5298309,0.11677568,0.463464,-0.06592767,0.110790044,0.26845038,0.01976335,0.36370224,0.24302623,-0.90649176,0.5132298,0.16111988,-0.23992589
1494,0.14310652,-0.57034314,-0.17728296,-0.4281608,-0.12298917,-0.0950793,-0.06263995,-0.24004346,-0.27406636,-0.060691357,-0.17039807,0.2945928,0.031096816,0.18990785,-0.026394427,-0.2538231,-0.08925469,-0.4220411,0.013649821,-0.044691265,0.35204554,0.70985717,-0.4280668,-0.16121498,-0.16956067,0.0025996566,-0.113076925,0.13840222,-0.23865962,-0.39032352,0.26624292,0.052294433,-0.1866546,0.090198755,-0.46371663,-0.20500636
1495,0.13996321,-0.5766902,-0.0584113,-0.2788204,-0.4686361,-0.11768365,0.26333952,0.053287953,0.022414684,0.1341592,0.17756653,-0.14981449,0.57165766,0.53329,0.66253054,-0.50631857,0.11293546,-0.74250925,0.11076486,-0.3248452,-0.15663102,-0.056748807,-0.177015,-0.37006712,-0.70774776,-0.37012112,-0.22309968,-0.42841634,-0.22098336,-0.57824886,-0.695791,-0.5643766,-0.49327147,-0.14894646,-0.13435438,0.28558874
1496,0.4261627,-0.124448776,0.0117971,0.011245072,-0.17736131,-0.11626032,0.28311983,-0.050345812,0.0753479,-0.421929,-0.48641798,0.28124326,-0.070694745,0.059510708,-0.34198618,-0.2824803,-0.22880246,-0.48530325,-0.060182333,-0.15473582,0.009002313,-0.28319374,0.15652351,-0.0468734,0.019173086,-0.08174409,0.093927324,-0.19000119,0.150633,-0.15007603,-0.1566338,2.9851441,0.39847302,0.32939234,-0.11986959,-0.12242961
1497,0.1844852,-0.50748706,0.124786995,0.006481439,0.069138885,0.030097902,0.060440317,0.03209198,0.15869403,0.80178046,-0.4745741,0.12623873,0.35114467,0.17403096,0.37933004,0.6140776,0.41000867,-0.23856099,0.30675218,0.3983939,-0.68092245,-1.0898467,0.95185757,0.38735655,-0.22213693,0.24404457,0.30401516,-0.16286397,-0.39663863,-0.23698343,0.13197495,0.22928739,0.078359485,-0.07099086,-0.115263104,-0.041894555
1498,-0.35097486,-0.33112544,-0.13996115,-0.40317237,0.73237586,0.18141986,-0.16728172,1.5647571,0.13204354,0.933542,0.4376781,-0.17081848,0.4512636,0.5377012,0.3900755,0.23985794,-0.33704737,-0.673441,0.37947014,-0.36699307,0.09574853,0.12796366,0.07856213,-0.42310756,0.12385297,0.19332589,0.18458582,-0.07951636,-0.009133786,0.22567478,0.26277402,-0.0030106902,-0.08607593,-0.3772906,0.13457873,-0.5995625
1499,0.0036360323,0.053433463,-0.1448904,0.75081664,0.19133176,0.4649791,-0.11068782,0.3204353,0.268611,0.3194156,0.013215405,-0.39981902,0.89027023,0.0085912645,0.08407737,0.71473,-0.36277425,1.1387311,0.009201288,0.14173886,0.39493018,-0.2336793,0.9649431,0.22709522,0.23154858,0.4795081,-0.3591274,-0.39407498,0.707097,0.32136977,-0.42598537,-0.032533944,-0.7465041,0.047504067,0.07681082,-0.2942183
1500,-0.17019522,0.2641959,-0.18526849,0.22011006,0.5945713,1.0151018,0.48911226,0.7824641,0.26709488,-0.2642194,-0.29365498,-0.11853885,0.09125885,-0.08804372,-0.8306775,0.11016142,-0.8183371,-0.2970901,-0.36660182,-0.10835606,0.005479485,-0.34437928,-1.2624463,-0.63122797,-0.41305467,-0.3264484,-0.058356516,1.0900606,0.1460411,1.4005293,0.9339532,1.3956422,2.519133,-0.0779891,0.01937683,-0.0017471015
1501,-0.13280463,-0.02642572,0.25040025,0.21285081,0.6154872,-0.012641698,-0.120325714,-0.26987168,0.10682142,0.32937628,-0.22514912,0.21060503,-0.03259881,-0.46663648,0.124718934,-0.042204976,0.12972811,-0.30498293,0.017130554,0.24837174,0.28045,-0.12562904,-0.013812706,-0.20261598,-0.25897598,-0.16159399,0.085796595,0.29964727,-0.037637413,0.19783443,-0.17702216,0.09914708,-0.23585731,-0.0819065,-0.36844462,0.17076254
1502,0.06517738,-0.10132915,0.09623453,-0.18778163,-0.11983168,-0.009554982,0.17512855,0.35931438,0.14727792,-0.1603849,0.29025495,-0.55097365,-0.067624986,-0.379036,0.05038908,-0.4563086,-0.054032087,0.11344719,-0.23275459,0.04650855,0.07084185,-0.49996918,-0.22592083,-0.19189149,0.04828888,0.037904978,-0.159872,0.12256268,0.44210792,0.0437057,-0.28392768,0.042601347,-0.14012945,-0.13756484,-0.39895272,0.43299288
1503,0.11818266,0.09829376,0.07884818,0.010359466,0.1359947,0.4825468,0.6101929,0.58112866,0.06069839,-0.009174585,-0.19035047,0.3010674,-0.043590546,-0.35597146,-0.16936159,0.025222957,0.07003993,-0.13747896,-0.14468288,-0.13186117,0.9129671,-0.24878997,-0.025351107,0.008367002,-0.06686813,0.35295346,0.5400162,0.12782335,-0.43286082,-0.4236951,-0.048396707,0.054174125,-0.39748815,-0.10023129,-0.097705215,0.16614985
1504,-0.15364417,0.14391957,-0.040694594,-0.037764132,-0.08995386,0.25864023,0.05500686,0.01444282,-0.10252583,-0.09445584,0.3136564,0.030179739,-0.25047946,-0.02467534,-0.57671726,-0.024063647,0.14879254,-0.25134414,0.15848494,0.046026483,0.31240794,-0.06683004,0.10495366,0.61919975,-0.11283386,-0.11063299,-0.21414346,-0.22257322,-0.036990523,-0.58067435,-0.2638707,-0.39924723,0.03356737,-0.12167895,-0.091778964,-0.36222616
1505,-0.041922092,0.031019866,0.34435475,-0.254923,0.7425506,-0.29389894,-0.09598148,0.19831643,-0.35483348,0.01951921,-0.5708475,-0.36767328,-0.02443844,-0.40859693,0.11733028,0.10827547,-0.4054773,0.12659866,-0.07786012,0.7793031,-0.12202086,0.29226932,0.1240406,-0.16214418,0.11483398,-0.20825338,-0.5143215,-0.35788608,-0.019605821,0.54166025,0.5616348,0.044889867,0.180578,-0.49737537,0.0366807,-0.23750067
1506,-0.625598,0.4027298,0.06614816,-0.08876836,-0.21338671,0.027881742,0.23406625,-0.5172846,-0.2600398,1.0206819,0.27625772,-0.053221345,0.68821657,-0.64580137,-0.13991332,0.4029819,0.050715715,-0.073562264,-0.11351929,0.036503434,-0.3821421,-0.06771818,-0.1463541,0.17405105,1.1826363,0.13362153,-0.057724997,0.03854096,-0.36554235,0.081416845,-0.3773728,-0.13642761,-0.024270058,-0.029701822,0.23910087,-0.07016909
1507,-0.4620427,0.63643795,-0.9558902,-0.07581961,-0.05510685,-0.17795083,-0.41662806,-0.094537616,-0.44690043,-0.20196187,-0.32460588,0.046592653,-0.013346195,-0.19758724,-0.6679314,0.37201393,0.004615426,-0.45892775,-0.17193651,0.43127173,0.06447601,-0.52086544,0.14142811,-0.037433505,0.25948226,-0.34393564,0.08646609,0.48330647,-0.2837683,-0.032134652,0.11058986,-0.2312233,-0.065322265,0.37971377,2.5115907e-05,-0.08126533
1508,-0.14879364,-0.19120196,-0.1374875,0.16480434,-0.3124846,-0.15345103,-0.5944179,0.17837188,0.017867923,-0.06442979,0.00828886,0.39189678,-0.27612293,-0.76548827,0.11478254,0.016792595,0.5234779,0.06631759,-0.0056957304,0.12015407,-0.10053581,0.089868814,0.0013793632,0.038919836,-0.008108735,-0.35519224,0.04151815,0.021367133,0.14394382,0.07951939,-0.3552608,-0.17063403,-0.07075983,0.3171746,-0.1587604,-0.41192532
1509,0.0628466,0.060280584,0.08563906,0.033979774,0.13640255,-0.14310598,-0.5754899,-0.023304105,0.024608254,-0.060394764,-0.06661105,-0.003327936,-0.87457156,0.28003502,0.16275436,0.7146884,-0.008647442,0.45231217,0.0034089088,-0.04747033,-0.06626904,-0.77119493,0.11671275,0.22670758,0.8192208,-0.60762155,-0.3470972,-0.07272303,0.78303456,0.13416582,-0.15745112,0.15539843,0.5400413,-0.09132242,0.030815572,-0.05670467
1510,0.050425112,-0.37472188,-0.3046174,-0.08878219,-0.14661509,-0.07065648,0.060068727,0.18524162,-0.44576073,0.08634162,-0.30154115,-0.3215795,-0.007687211,-0.1551914,-0.28316963,0.13944295,0.30189058,-0.22404051,-0.07810485,0.2715426,-0.056474593,-0.099828124,-0.1997993,0.051069498,0.36445808,1.331852,0.9582513,-0.05600047,-0.45147508,-0.101987764,0.022935987,-0.34122747,0.17885363,-0.031220883,-0.05925685,-0.30340755
1511,0.15838327,0.34750986,-0.5611615,0.020876616,-0.37001482,0.49633312,-0.91187996,0.21373469,-0.39632744,0.30598894,-0.75006706,-0.57065505,0.08310768,-0.1666236,-0.1184472,-0.12959087,0.04559669,0.69502443,0.10614073,0.20854701,-0.21561539,-0.120929405,-0.4039584,-0.22575933,0.15761238,0.021735966,-0.5452015,-0.09526749,-0.6775849,0.6357683,0.083360195,-0.0021743476,0.1340763,-0.27658,0.6930959,0.17760609
1512,0.120886564,0.25945714,0.42949852,-0.27668613,0.02621983,0.33213028,-0.2831019,-0.020845532,0.42039073,-0.13716477,0.45839453,1.4371797,-0.36492586,0.35520428,0.32677045,0.1885251,0.2891763,-0.5609908,0.008173555,0.5451958,0.07975519,-0.44978425,-0.09588787,-0.16977125,-0.36557674,-0.6174271,0.18490267,-0.45336297,-0.40488344,0.072831154,0.022346318,-0.54227597,-0.6784359,-0.03462702,0.39671284,0.1643284
1513,0.30519634,-0.17659402,-0.5583932,-0.0744648,0.18154028,-0.38814682,0.17051697,0.22621867,-0.103789836,-0.3706299,-0.8847456,-0.5515231,-0.2561705,0.162965,-0.26743641,0.35694525,0.039396048,0.35602582,0.04604265,0.027234584,0.34785473,0.121470705,0.21323085,-0.5186874,0.38026637,-0.13364516,-0.18031642,-0.23383659,0.113920555,-0.22651549,-0.035054818,-0.0317323,0.15409327,0.3577609,0.27097106,-0.029101327
1514,-0.28569996,0.3348354,-0.021305323,0.33539248,0.5414219,-0.068020046,-0.44718295,-0.118853524,-0.37540048,0.5940888,-0.050195154,-0.016817272,0.6280112,0.012663685,-0.2851528,0.24945208,-0.99679923,0.2593686,0.13870221,-0.03695394,0.30353078,-0.08568859,-0.1630637,0.27433145,0.12259516,-0.31112504,0.0022515655,0.16842866,0.111654304,0.36436605,-0.27623188,-0.619627,-0.0056864023,0.19539922,0.59008855,0.6373219
1515,0.72809124,1.9477974,1.80174,0.071508646,-0.014632627,0.47198808,1.1646416,1.6924871,1.2700162,-0.2720409,0.079928845,-0.5505502,-0.07359493,0.15631503,-0.5764439,0.020940065,0.5159082,-0.20280686,0.37711352,0.29365337,-0.05250463,-0.12234479,-0.15635222,0.16670501,0.097013086,0.14209455,-0.21392661,-0.20423862,-0.16736162,0.006530568,0.035993457,-0.035278827,-0.22281964,0.22399762,0.114936635,-0.011759341
1516,0.16034573,-0.08292583,0.24253029,-0.40952957,-0.020200238,-0.40865752,-0.31079832,-0.3433944,-0.019109797,1.1928602,1.05296,1.7114692,0.21695715,0.41721737,1.0677876,0.30298102,-0.23951954,-0.49112353,-0.13095272,0.10747618,0.18918234,0.29496545,-0.20907354,-0.02030319,0.043021172,0.69865865,-0.16244975,0.14144014,-0.50352275,-0.0076048374,-0.017799944,-0.3136251,-0.19296783,0.05414772,0.89187455,-0.040257543
1517,0.40432775,0.73990023,0.50504875,0.5440933,0.53698766,0.3405242,1.000189,0.18364502,-0.25553307,0.87187946,0.88248354,0.14675516,0.4154272,1.3566598,1.2002125,0.83909744,0.042390972,-0.15152079,1.3302908,0.44346038,0.28631133,0.30395472,0.6179372,0.34491116,0.36303127,0.65417266,0.47592908,-0.89772636,-0.2341071,-0.12272823,-0.09579715,-0.7821709,0.26764426,0.47705156,-0.101161435,0.10516828
1518,-0.73568404,-0.14538184,-0.109524906,-0.32084948,0.24771821,-0.35013068,-0.57329947,0.119662404,0.123463035,3.1323833,1.9604195,0.6416201,0.28688836,-0.32151595,-0.18261641,0.2045292,-0.19839592,0.08952659,-0.15176384,-0.31328273,-0.31680495,-0.30248407,0.08233255,0.018378139,-0.061120585,-0.038024038,-0.09909356,-0.009930253,0.36343214,0.060105324,-0.10033122,-0.029923167,-0.006506741,1.0651453,0.19967449,0.053800642
1519,0.2124897,-0.12153709,-0.3517602,1.4146769,0.30482066,-0.7072594,0.06393853,0.40091574,0.9323923,0.37284306,0.41597822,0.18411642,-0.55648154,-0.359358,0.054191858,-0.052628398,-0.14240623,-0.13024569,0.30142602,-0.32942942,-0.08066183,0.4694987,0.3291981,-0.08189744,0.14437658,0.6835827,0.30504382,-0.059731245,0.11854124,0.1533789,-0.042146057,-0.30532613,0.4743844,-0.13949484,0.19769074,0.5606541
1520,-0.55716777,-0.1470406,0.4846332,-0.45138633,0.15857798,-0.69533026,-0.3040228,-0.2902068,-0.18758929,0.27962705,0.5489706,-0.08630146,0.70494413,-0.26613054,-0.35230324,0.17003572,0.092530996,-0.5688576,-0.19191551,-0.23834985,0.044540167,0.2625141,-0.42591015,-0.23082921,0.029358447,0.59847647,0.37496364,-0.33517426,0.2364368,-0.42639506,-0.1590313,-0.52324945,-0.54476297,-0.48087072,-0.48846537,0.067652196
1521,0.30224502,-0.21474871,-0.07058823,-0.041559577,0.30337915,0.11706461,-0.34066343,-0.46837884,-0.95192295,-0.0016736984,-0.3098695,-0.5222331,-0.10759145,-0.2540226,-0.43282515,0.0619912,0.44541532,0.60917926,0.09099817,-0.26059818,-0.12153223,0.22414277,0.1432912,0.6454024,0.6363385,1.1638525,2.3637948,-0.16269761,0.08393264,0.3493723,0.28912026,0.38438207,0.5401608,-0.09326637,0.39439443,0.28452957
1522,0.007938206,0.9002582,0.13995081,0.09234929,1.386477,1.0815498,0.6726648,0.5248413,0.6153619,3.3432808,2.4771485,1.2097588,2.2132363,1.6724086,0.72741044,-0.21522862,-0.09429711,0.35392967,-0.51365054,0.01130411,0.030799776,0.59569734,-0.4710537,0.22808954,0.52147424,0.7584027,0.91469216,-0.25816756,-0.049698323,-0.013222575,0.32769385,-1.2136996,0.18541244,0.76046556,0.78710836,0.98737514
1523,0.30448344,-0.060477242,-0.28482115,0.051322937,0.39469355,0.4054324,-0.05199468,-0.013512731,0.3623955,0.3025084,0.5984346,0.911849,0.009298086,0.07120252,0.061270356,-0.2930451,-0.4562773,-0.5219203,0.6566286,0.042057455,0.2154366,-1.0107099,-0.28505117,-0.3893637,0.1372424,-0.36765492,0.21898729,-0.76512516,0.22458504,-0.19723578,-0.19111891,-0.20114496,0.24557614,0.21997261,-0.024819255,0.044403374
1524,0.16039762,-0.088624,-0.2289415,0.37698185,0.29762813,0.55075645,-0.23744524,0.14802843,0.3154502,-0.05627945,0.3366651,-0.09876537,-0.18433982,-0.23341936,0.22120437,-0.119690776,-0.12946296,-0.08404076,-0.20509648,0.236314,-0.109655365,0.14293832,-0.12475136,0.10713649,-0.09575719,0.15127337,-0.22307195,0.15840673,0.24614027,-0.1787661,-0.26352262,0.05834225,-0.5590571,0.9124878,0.68516046,1.0972534
1525,-0.004041314,0.23463888,-0.08345389,-0.35284647,-0.3197945,0.5230687,-0.3035982,0.03154695,0.13733661,3.3799505,2.3433266,1.0344167,1.4455504,1.4614927,1.2750893,-0.123728774,0.16334967,-0.016681254,0.008936405,0.24682263,-0.06952107,-0.06467697,-0.14205188,-0.18628904,-0.06492525,0.59046364,-0.19870007,-0.28589335,-0.4753546,-0.090996385,-0.23671442,-0.024609316,0.124497175,-0.2779561,-0.28430894,0.4864862
1526,0.08883846,-0.22733665,-0.51086307,0.14489424,-0.5479499,0.09512765,-0.4517954,0.11145365,0.3456631,1.2781134,0.4670875,0.43688935,0.9218366,-0.02703607,0.009430051,0.044787884,0.17265755,0.21945643,-0.24607426,-0.35465246,-0.113732815,0.53419006,0.96757865,0.944914,-0.48579445,0.66504645,-0.7405814,0.51611733,0.13215494,0.3376069,0.15318911,0.06674439,-0.08679026,-0.00767307,0.16394973,-0.40121996
1527,-0.3944968,0.06474894,-0.08288866,0.21723351,0.03447278,-0.24941766,0.11184192,-0.26833773,0.06894672,0.122322015,-0.13225389,0.21692866,-0.92047167,0.53500485,-0.43493274,-0.37264135,-0.21279952,0.06889427,0.010977805,0.2143458,-0.0410043,-0.028103342,-0.0043627024,-0.005640745,-0.007724136,-0.66416657,-0.19597235,0.22016585,-0.1701901,0.98022544,0.30340993,-0.31464654,0.13975811,0.50923157,-1.0931609,1.5781376
1528,-0.06073135,-0.029795557,-0.11079704,2.715417,0.43569613,0.08982693,-0.14723131,-0.065010816,-0.35526246,1.0294712,0.9681451,0.55829436,0.053569734,0.31195545,0.7051085,0.054748595,-0.8956497,0.09373218,-0.22913697,-0.016423285,0.09952611,-0.06336397,0.053891003,0.07752937,-0.010432482,0.052733153,-0.1038195,-0.02729696,-0.3822905,-0.030120224,0.07311219,0.5902591,0.15970054,-0.084604695,-0.13082132,0.013036065
1529,1.2421911,1.0614865,1.6102548,1.3108928,2.4571311,1.4064707,1.2917197,3.3154616,1.3688682,2.473146,2.7381544,2.4818902,2.096612,2.072853,1.7572443,-0.20580405,-0.63035715,-0.12861589,0.28382707,0.22580582,-0.061916173,-0.20287713,-0.60821766,-0.40543425,-0.4286031,-0.24998803,-0.14667495,1.5964794,1.8212876,1.1567224,0.24811722,0.97055894,0.2816273,0.52954257,0.48693848,-0.30763507
1530,-0.46807647,0.20435333,-0.09623754,-0.8009843,0.43593496,-0.21474373,-0.16278589,-0.17630428,0.070418775,0.8178211,0.762076,0.6748067,0.32122058,0.01451689,0.35238123,-0.3311566,0.11006865,-0.04078728,0.041218102,-0.26562458,-0.16875583,0.2139239,-0.4952435,-0.1565178,-1.0646161,-0.024081707,-0.40755588,0.25290453,-0.25859243,-0.23676914,-0.5097084,-0.27453563,-0.28948438,0.22567831,-0.44489616,-0.3496428
1531,0.106808364,-0.1545957,-0.12550029,-0.17885911,-0.3450998,-0.0971975,0.022841811,-0.0772129,-0.56010216,0.08384007,-0.19418378,-0.36297774,0.29638952,-0.5466937,-0.16986048,-0.2231334,-0.12943316,0.15738589,0.0468899,0.1324839,0.049814343,-0.5687266,-0.5111559,-0.27306852,-0.1160509,-0.19729888,-0.36607224,0.3213514,-0.23127234,-0.40714777,-0.010910273,-0.43471763,0.5564841,0.17977792,0.037078798,0.07346976
1532,0.47295302,-0.22061616,-0.10015389,0.39129752,0.19908369,0.15357238,-0.37605852,0.27955204,-0.09633523,-0.8473669,-0.30605507,-0.2910875,-0.1888662,-0.14521015,-0.1957227,-0.17067817,-0.5971953,0.15321119,0.29438558,-0.2792127,0.08474672,-0.035218984,-0.00812453,-0.15134242,0.040847242,-0.026188996,-0.40202898,-0.6900242,0.64574313,0.628042,-0.93896556,0.025093198,0.48155218,0.74152863,0.42967615,0.7180938
1533,-0.07552442,-0.19628981,-0.52989924,0.06807047,-1.0749799,-0.22893602,-0.028215468,0.055774808,-0.3945651,-0.093137145,-0.42802542,-0.47360787,0.034341335,0.034333527,-0.040218472,-0.5536369,-0.30823746,0.22522527,0.19059873,-0.06890297,0.043299377,-0.04979539,-0.011560261,0.6166522,1.2970765,0.9210969,0.42234278,-0.10262288,-0.23353645,0.011002183,1.5247879,0.89833707,1.466778,-0.6605756,-0.004140198,0.05055052
1534,0.45419168,-0.28163046,0.44714436,0.090928584,-0.15557367,-0.07000051,-0.3217785,1.0342808,-0.20153907,-0.11160016,-0.3808551,0.015575349,-0.24614275,-0.40905944,-0.4158221,0.09529793,-0.54710925,0.36248422,0.14392091,0.33763433,-0.04490474,0.792184,0.69935644,0.30142713,0.32698107,-0.03817223,0.2821864,0.4984796,0.75049126,0.47132868,0.44009638,0.08246571,-0.04039192,0.5779856,0.16799745,0.43548876
1535,0.470561,0.28128976,0.28770608,-0.16141176,-0.44085863,0.08713335,-0.012671083,0.42294025,-0.5168607,-0.027512163,-0.041005015,-0.14353323,0.16783279,-0.13676429,-0.18734103,0.28749883,0.19748142,0.15021291,-0.24816908,0.24091282,0.07166624,-0.117681384,-0.115647435,-0.14630735,1.0636122,1.600863,1.4858544,0.20094997,-0.37788022,0.31275254,0.19539762,0.39120215,0.31638372,0.18475223,2.947114,0.16112173
1536,0.20942378,-0.010082446,-0.45895028,-0.008031622,-0.4696451,0.17405409,-0.008298874,-0.26225984,-0.036429405,0.44288307,-0.08874112,-0.23189884,-0.10039115,0.13105673,-0.17032051,-0.44363034,-0.059670616,0.09540558,-0.5348992,0.35566887,-0.13363504,-0.2939632,-0.30177116,0.15743017,0.10848364,0.24045944,0.31017298,1.3646662,0.2226556,0.46724635,0.3100617,0.15611416,0.44139373,0.32351214,-0.29873362,-0.113472104
1537,0.48241282,2.0586214,0.33336955,0.24885958,0.48119324,0.6516595,1.4232916,2.5101273,0.7382901,0.19312578,-0.065378636,-0.08315897,0.021826565,-0.17999864,0.41964918,0.036823153,0.7748903,0.06231004,0.1934641,0.27308112,0.26771945,-0.31382737,0.13681875,-0.027554095,0.113630086,-1.0238657,0.04560858,-0.09996116,-0.58562255,0.3545763,-0.15234202,-0.12409982,-0.005459368,0.19903153,-0.33469912,-0.19418705
1538,-0.40154737,-0.40015382,-0.5867816,-0.30103123,-0.43503729,-0.08218722,-0.94938916,-0.34039378,-0.14093612,-0.089669585,0.3482664,-0.3957007,-0.49174958,-0.4547022,-0.15640348,0.28967312,0.20794076,-0.34357443,-0.4912032,-0.034338117,-0.2638957,-0.23438005,0.3165589,-0.07299574,-0.45981026,-0.97696656,0.47795156,-0.030044079,-0.23273915,-0.31687427,0.16279775,0.03157258,0.46483755,0.21039736,0.6264942,0.17131887
1539,0.052545547,-0.06673986,-0.05104685,1.1251692,1.0916027,-0.04982859,0.14505094,0.9378706,-0.038172632,-0.007682629,-0.18396214,0.07056117,-0.20944107,-0.11646962,0.05181858,-0.14992379,0.41388905,-0.22261727,-0.48644972,0.033171624,0.20276332,0.622409,-0.11199385,-0.110820055,-0.28740686,-0.6240438,-0.011066139,-0.2637602,0.04931736,-0.20099992,-0.002740711,-0.1528964,0.0024117827,0.066583276,0.33642262,0.07894534
1540,2.500906,2.9962673,2.4022539,-0.4859581,0.25280344,0.32789546,3.089685,1.9848341,1.9318092,4.428833,4.0091543,2.2082338,2.3624163,1.5100863,2.4191957,0.31126297,0.1722447,-0.3408345,0.10732651,0.11154169,0.21551359,0.28171092,0.27331755,-0.12915659,-0.118820846,0.070877045,-0.21908528,-0.19457987,0.38477522,0.108294666,0.3125521,-0.2495437,0.22971483,0.12177433,0.20637706,0.43598998
1541,0.7106468,0.2742144,0.078674555,-0.10468376,-0.18821599,-0.18161887,0.20603812,0.5206825,-0.25009024,-0.72595704,-0.31276208,-0.21816862,-0.5623549,-0.11086106,-0.097849905,0.06553072,-0.009968724,0.105163515,0.29583025,-0.028910797,0.15424252,0.47938478,0.08237948,-0.16004759,-0.22027707,-0.24261144,-0.02000618,0.12305963,0.074513,0.004204035,-0.069339395,-0.11140567,0.15329349,0.0251924,-0.17370473,-0.048138738
1542,0.33326492,0.16736633,0.30293292,0.7095088,0.28195077,0.30182934,0.6816276,0.867526,0.48330772,-0.0016772747,0.056713104,0.32258493,0.05152598,-0.19239753,0.17858154,0.83231854,0.1420925,0.45098364,0.55862474,0.15866913,-0.121699005,1.7585633,1.10601,0.40978864,0.48282975,0.50474966,0.38307774,0.061370045,0.3546298,-0.097352445,0.347567,0.26333088,0.33177355,0.039085202,0.4034806,0.061599314
1543,-0.08164579,0.07443833,-0.27211088,0.83564013,0.68813455,1.1309274,0.3555575,0.15024734,0.15923278,0.2646287,0.8695302,0.69242716,1.0592911,0.89359593,0.60541034,0.02631712,-0.023219824,-0.3485511,0.0002771616,-0.19142449,-0.15343869,-0.34207729,-0.3464634,-0.50816566,-0.09576392,-0.085728675,-0.092683196,0.45015872,1.9716619,0.0037703514,0.34760308,1.0622867,0.5605398,-0.31433594,0.18924597,-0.17374703
1544,0.27081978,0.5788976,0.4415611,0.09649718,0.24086744,0.09643006,-0.1007072,0.3867526,0.11765474,1.7742305,0.7202203,-0.2100913,0.47226036,-0.065424785,0.2962213,-0.84229076,0.10173084,0.032563627,0.41063818,0.18698421,0.27283764,0.03385344,-0.43834722,0.473541,0.45546436,-0.27827966,-0.020395637,0.21982804,-0.07234007,0.47123754,-0.09854703,0.40174595,-0.03572786,0.26521367,0.098389596,0.03285122
1545,-0.47670448,-0.4106999,-0.19559592,1.1896672,0.2807224,0.97725874,0.30951953,1.962789,1.108205,0.86526304,0.6334774,0.52434397,0.66756916,0.037923455,0.21053883,-0.051717162,-0.2594121,0.033410072,-0.11840296,-0.055863798,-0.589229,0.30828774,-0.12094739,-0.12986171,0.05540824,0.18242288,0.22682118,-0.19332638,-0.15776712,-0.3748126,0.18115088,-0.19154899,-0.0019493103,-0.12971789,-0.13015872,-0.4392289
1546,0.2910055,-0.69459105,0.5911508,0.06114173,-0.60622376,-0.8303775,0.43354806,-0.25793064,-0.014268041,-0.84487057,-1.3156288,-0.6234752,-1.6468616,-0.14990658,0.015626073,-1.2811272,0.3063929,-0.11955628,-0.20059192,0.7203741,0.13349175,-0.6044558,-0.8382222,0.26834172,-0.6568402,-0.12411779,-0.026177377,-0.9558997,0.162741,-0.16594541,-0.36422092,-0.30266488,-0.12038913,-0.3320092,-0.31731424,0.2766011
1547,0.5445777,1.8808167,0.32719874,-0.30842525,-0.63388914,-0.34331056,0.39373317,0.1329087,0.4250352,-0.7637329,-0.02297169,-0.29273903,-0.07890305,-0.027962774,0.08738905,0.48554197,0.20511457,0.11692619,0.6124845,0.18755461,-0.6229141,1.7237037,0.011691153,-0.048178256,-0.59807163,0.06663501,0.08511269,-0.040277183,1.1875744,0.6550533,-0.2650221,-0.10460011,0.52164334,-0.23717886,-0.65355414,0.15519969
1548,0.35657948,-0.19715747,-0.2826639,-0.1104399,0.04966116,-0.34045488,0.29218695,-0.13294178,-0.31111604,-0.5672618,-0.3597749,-0.53686255,0.10960448,0.4125741,-0.1013512,-0.011967778,-0.22372809,-0.046610773,0.26764327,0.39891565,-0.20094329,-0.24649513,0.20575525,0.34517932,0.05108882,0.15961486,0.41000676,-0.03515856,-0.3346258,-0.25275314,-1.6874338,0.71306103,0.38753277,0.60129535,0.15577698,-0.095182836
1549,-0.45133525,-0.0024789572,-0.14636022,-0.16326404,0.08400869,0.033326387,-0.28222764,-0.42031312,-0.21270639,1.6930475,1.345375,1.173545,0.020282507,-0.33967626,0.7309246,0.051631868,-0.023203969,0.31934512,0.013485134,-0.011052132,-0.0042538056,0.39320147,-0.09566118,0.06907016,-0.07617938,-0.14395046,0.24057999,-0.9895016,-0.2689073,-0.16851932,-0.14319456,0.16582291,0.11657095,-0.117281616,0.0978522,0.116600454
1550,0.06917161,0.013922855,-0.53857106,-0.19379139,-0.5659078,0.26775584,-0.47039336,-0.18816689,-0.39081454,-0.14552987,-0.91438085,-0.42719394,-0.37128747,-0.5417666,-0.3177724,0.5480462,0.2236616,1.0496407,-0.006950617,0.11973173,0.61646795,0.22197902,0.05565422,0.82591057,-0.27775154,0.3399867,0.4180835,0.46930614,0.82746404,1.3343996,0.18654531,0.452681,2.0945964,-0.788815,-0.55205786,1.2174914
1551,0.33504617,0.08769463,0.02086687,-0.39632207,0.23098972,-0.26849514,0.33746442,-0.1987083,0.013667464,-0.04174446,1.6231351,0.9220795,1.0131458,0.301496,1.6648642,-0.5066838,0.20648983,-0.5589913,0.14965007,0.18529303,0.13453525,0.8502269,0.46084952,-0.06519425,0.39970496,0.4645543,0.20455599,-0.043681137,0.052625015,-0.4528265,0.045779176,-0.13226736,0.07884671,0.016184837,-0.0045329332,0.3890442
1552,0.04981947,-0.14379922,-0.27534068,-0.26003802,-0.10907102,-0.022407234,0.07838315,-0.17056698,-0.111184835,0.056432903,-0.46223876,-0.34816888,-0.09491539,-0.3805005,-0.41137946,-0.05071357,0.12762123,0.51266265,0.7661439,-0.06461257,0.0671438,0.52639616,0.002774477,0.34420168,-0.22905976,0.23118761,0.40340185,-0.14188778,-0.33558905,0.35099274,0.10663444,0.186589,0.5475076,-0.065550745,0.31984195,0.45998025
1553,-0.44634506,-0.2792161,0.062068522,0.054575264,-0.29758635,-0.060512364,-0.40915078,0.31454307,-0.036251783,-0.8332875,-0.3574312,-0.010006785,0.38799953,-0.24451047,-0.19847655,-0.48373425,0.25296324,-0.15317106,-0.0066760182,-0.28073078,-0.2235024,-0.29494324,-0.20212087,0.040934622,0.017468989,-0.10023376,-0.021428585,0.30029976,1.2065096,0.26721954,0.14661944,0.21667862,-0.2246716,0.18420202,0.13520117,-0.025772333
1554,-0.3156045,-0.2423512,-0.21570206,-0.37896997,-0.47862983,-0.10634506,-0.2363907,-0.13124931,-0.035835072,-0.3547557,0.012585878,-0.16195905,-0.22034544,-0.18255156,0.08497268,-0.3939612,-0.20356578,-0.015895486,0.25474125,-0.3067658,-0.056855977,-0.3083598,0.24523044,0.21341336,1.448905,0.8081614,0.8841095,1.0370033,-0.020598214,0.48151207,0.42178404,0.7060019,0.91127205,-0.09650643,0.1797713,-0.00766328
1555,-0.0873574,0.19101259,0.089393616,-0.41155112,-0.38649774,0.4350297,-0.46359226,-0.17357463,-0.07082951,0.7050874,-0.08580117,0.08254373,0.12626767,0.08388051,-0.024300814,0.012349725,-0.07326633,-0.13554576,0.92639184,0.27991956,0.1560663,-0.23518354,-0.2204175,-0.07690841,-0.31535187,0.19792354,-0.30441463,0.08638525,-0.013324559,0.082156956,0.2575425,0.8611249,0.15107429,0.56334597,0.66146946,0.00020897388
1556,0.38041136,0.61354196,0.026239824,-0.101052165,-0.4180664,0.11619088,0.04823917,-0.03949675,-0.3916908,0.030941963,-0.3298397,0.038340032,-0.31289053,-0.18356736,-0.19198537,0.1497063,-0.15451983,-0.1851139,-0.30476248,-0.15036888,0.18907863,0.516549,0.15061323,0.36471295,0.61971533,0.122624904,0.009367228,0.290797,-0.5089474,0.11386418,1.5927119,0.04917288,0.001740694,-0.1460731,0.5081964,-0.029081047
1557,-0.21643561,-0.37650472,-0.1963358,0.5404343,0.356503,0.020852143,-0.2413024,-0.16350746,-0.03596306,-0.24032137,-0.8566396,-0.27333736,-0.37901118,-0.29047894,-0.43336785,-0.20497227,-0.4137658,-0.039144397,-0.06603515,0.13386083,0.04602921,-0.5025766,-0.19662547,-0.44302836,-0.33319533,-0.23005849,-0.33947882,0.622144,1.0034871,0.91022533,1.1081307,1.4745942,1.0675337,0.36997354,0.020032793,0.23061734
1558,0.14369524,-0.04070604,-0.38183415,1.7629141,2.0683253,2.55708,-0.11706853,-0.24512118,0.14564884,-0.07749915,-0.4351321,-0.60821164,-0.57810843,-0.04832307,-0.2172688,-0.14116205,0.12572186,0.21243796,-0.02999492,-0.42369545,0.604684,-0.06893426,-0.40774944,0.5722438,-0.696188,0.4127171,-0.5661538,0.013821244,0.05437216,0.014920533,-0.4076333,-0.21447583,0.26851028,0.38555577,1.3926342,1.1073829
1559,1.289691,1.6759424,1.0543735,0.3041283,0.62932813,0.33396196,0.54023993,1.0135063,0.48639885,4.450088,3.535263,2.3244505,2.8123214,1.1711646,1.8507411,0.038041532,0.17409682,-0.032170475,0.020147204,0.06138946,-0.24169706,-0.2663026,-0.009360194,0.11997509,-0.107221305,-0.20500116,-0.5129768,-0.03078401,0.28935632,-0.15875849,0.031588912,0.50713766,0.34452644,1.6094246,0.687662,0.3644794
1560,-0.081664026,-0.4530552,0.28796944,-0.16864777,0.5324888,0.33354282,-0.1481117,-0.32828927,-0.07810259,-0.63851696,-0.07757223,-0.037755966,-0.56494707,-0.5239829,-0.72747624,-0.14063658,-0.90290314,0.40158802,0.27215213,-0.1499753,0.08675873,-0.3593989,-0.35771582,0.12024552,1.0324873,-0.18315053,0.26387712,-0.47495314,-0.51467633,0.41351575,-0.4872962,0.18884459,-0.25671282,0.055834293,-0.0524541,0.3202929
1561,-0.16173156,-0.10094009,-0.17365533,-0.34908414,-0.12295395,0.22228134,-0.53194046,-0.17991936,-0.02143395,0.117482126,-0.14789742,-0.25696617,0.076610565,0.09426111,-0.40185556,-0.43924654,-0.105748534,-0.33288735,0.39546686,0.67679036,1.3988241,0.15032762,-0.20111364,-0.11714801,-0.1969508,-0.1968817,-0.02138649,-0.29919788,-0.46286055,0.017819539,-0.14599127,-0.22142923,0.3377317,0.3010596,-0.15297034,-0.51631975
1562,-0.11425054,-0.2644541,-0.064236574,0.047974765,-0.27239442,0.043655217,0.03020835,0.07148063,-0.1276713,-0.1781851,0.012251079,-0.08170408,-0.014677167,-0.044221938,-0.07367915,0.31013632,0.47052106,0.15553772,0.12441647,0.0071682036,-0.024797082,0.8832656,0.57477134,0.4478484,1.7188277,2.0961063,1.2789588,1.4712136,0.29078984,0.23658806,2.3506484,2.255638,1.5642451,-0.43030345,-0.16058084,-0.11751883
1563,0.13161433,0.3989991,-0.43481708,0.048759222,0.6072855,0.05614242,-0.6908884,-0.28763512,-0.10984534,-0.21683863,0.36840862,0.5310279,0.16308928,-0.20627587,-0.28292438,0.10372421,-0.32059774,-0.6995817,-2.0585186,0.9182491,-0.08450778,-0.06544997,0.44870514,-0.067634046,0.43549308,-0.44919217,-0.44606894,-0.19881076,0.51467043,0.06904778,0.3180414,-0.29955438,0.12898377,0.2796315,0.5861016,0.5746952
1564,-0.60447824,-0.4562503,-0.07562496,0.08600682,0.13287657,-0.1934157,0.3086867,0.30409467,-0.12552172,0.26493168,-0.049466982,0.1293453,-0.12578815,0.10714903,0.7387122,0.09076786,0.25781876,-0.3119442,-0.111839235,-0.08824927,-0.48579702,0.28331253,-0.27127254,-0.4417368,-0.05456257,0.10503693,-0.17508733,-0.19378644,-0.20118201,0.020337403,0.057476055,0.06862652,0.6694753,0.22409035,0.061782643,-0.19604495
1565,0.7972538,-0.08597981,0.01051712,-0.28959328,0.10542259,0.2996453,-0.44674927,0.2573409,0.2693142,1.4429493,-0.03212166,0.46782848,0.012651056,0.04333876,0.088196635,0.3498698,0.06589849,0.1359736,0.10041097,0.82091796,0.38679248,-0.6748012,-0.16282706,0.40948772,-0.15442944,-0.3211877,0.83107185,0.85388505,2.5895517,0.36359882,0.6243783,1.1088593,0.3890058,0.120992705,0.47344798,0.41354775
1566,-0.33575356,0.14072436,-0.13648379,0.3673547,0.12579796,0.44126797,0.0046482086,-0.13213049,-0.22391073,0.2878927,-0.29489323,-0.16047847,-0.07465333,0.3060958,0.25129285,-0.06966114,0.34395874,-0.21282029,-0.052422404,0.07528821,0.31545797,0.21047813,0.07346653,0.20598853,0.30888575,0.23879905,-0.053707033,-0.50891405,-0.4734921,-0.082640015,0.060452342,-0.030679286,0.07648286,-0.33976978,-0.6262151,0.32828033
1567,0.25726992,-0.28810543,-0.29134846,-0.09869385,0.08448153,-0.28180525,-0.07874733,-0.19524014,-0.41420013,-0.5324424,-0.47661793,-0.50908446,-0.17026162,-0.30570748,-0.4677095,-0.28716826,-0.29948908,0.67384815,0.3343834,0.51396656,-0.00999856,0.020466626,0.095591456,0.107450426,0.049377397,-0.04608302,0.9099435,1.1805534,0.53521305,0.32334864,1.244803,0.82819927,0.47345856,0.1903584,-0.28397924,-0.5067682
1568,-0.11605638,0.12917495,-0.027626041,0.17017555,-0.57487977,-0.3248911,0.47854096,0.051131845,-0.1937275,-0.0017510653,-0.18669891,-0.24781734,-0.3453739,0.078642935,-0.27944398,-0.06909394,0.22554463,0.48348492,1.0071105,0.36048937,0.4245906,0.05935663,0.48910588,0.3441158,0.8069342,1.0168967,1.4513896,-0.71648365,0.23628914,-0.34181803,0.10514611,0.09406231,0.06874223,-0.4282549,0.8055831,0.7239322
1569,0.17948964,0.18465072,-0.47873044,-0.09831622,-0.047715068,-0.46322238,-0.035616875,-0.33063814,-0.12901995,0.04720992,-0.21576819,-0.43508974,0.15376553,0.08486655,-0.09147006,-0.095817775,0.39309442,-0.39805728,-0.42871985,-0.14300469,-0.19029659,-0.25754955,-0.16690412,-0.008197486,1.0749233,1.342271,-0.20633501,1.4001708,0.40684843,0.8905833,3.2981067,3.1840122,3.245448,-0.13833785,0.08364287,-0.1854268
1570,-0.3022504,-0.43251973,0.11984289,0.4034708,0.2927978,-0.3153417,-0.46257377,0.03246686,-0.43920732,0.025886774,0.061382383,0.1729641,-0.1803031,-0.43959153,-0.027426958,0.36537647,0.6563734,0.32012826,-0.20667398,-0.8094324,-0.2668305,0.26696295,0.14147913,0.53957677,0.5759465,1.167067,0.350222,0.70880014,0.35923457,0.4110416,0.18038452,0.27699727,0.1471541,-0.079167485,-0.37197202,-0.29295325
1571,-0.19022244,-0.47759226,0.06780994,-0.79561675,0.12583438,0.10599446,-0.937765,-0.44695246,-0.17734355,1.3885618,0.5589638,-0.054632023,0.41569203,0.35952127,0.034778707,0.06288159,-0.74242675,0.37702152,0.17349255,0.16139555,-0.7525865,0.66364485,-0.28284532,0.2162409,0.6857264,0.46053857,0.14541914,-0.24616578,0.39804658,-0.17252904,-0.11695794,-0.19728196,-0.0896405,-0.20805204,-0.429129,-0.5113574
1572,0.057632655,-0.50643814,0.31646228,-0.9995971,-0.039499164,-0.6313236,-0.20769124,-1.7445562,0.00444299,0.39173293,2.5058665,0.907699,0.31540602,0.29981828,0.21524405,-0.013131335,-0.5957582,-0.00755316,0.10279775,0.4622486,0.7002213,0.14769512,0.15755326,-0.046211302,-1.1752133,-0.47623524,-0.38069826,0.26109222,0.36223757,0.273651,-0.47428742,0.76889396,-0.3264801,0.048103392,0.23885542,-0.14921266
1573,0.052959263,-0.06658259,-0.3193045,0.124224186,-0.64392084,-0.10245603,-0.026910514,-0.1463508,-0.32079196,-0.16471113,-0.10168433,0.005317569,-0.12377977,0.04910332,0.0058318377,0.23020911,0.46765873,0.045867622,0.18237254,-0.06691483,0.01460135,0.40095174,0.057639956,0.10434598,0.6653141,0.044380605,0.22862273,0.6103581,-0.25643805,-0.05171889,2.102688,1.6959658,0.786144,-0.06595397,0.10238686,-0.18081766
1574,-0.5754354,-0.5948981,-0.10924898,-0.77610207,-0.55202395,0.31934544,-0.15041077,0.25496393,-0.5010533,-0.12757283,-0.16163832,0.054307878,0.049730718,-0.5470245,-0.25425157,-0.2573253,-0.052322805,-0.2371689,0.16029996,0.5356005,0.05686766,0.006440997,0.024916798,0.39716733,-0.07610877,-0.48802722,-0.100498736,0.41650867,0.07643655,0.19716603,0.91616714,0.10389621,0.6760786,-0.1759578,-0.21061102,-0.0107439235
1575,1.4109842,1.524938,2.445088,-0.386199,0.2231288,-0.60517335,-0.17248742,0.81611884,0.7460203,0.8717902,1.1983848,1.2782383,1.4798529,1.7983227,1.7529122,-0.039159298,0.024860293,-0.35712075,-0.14695168,0.64617527,0.118276,-0.07445085,0.005515635,-0.31861222,0.44182056,0.12869996,0.3658669,-0.18267381,0.06512949,0.033214927,0.048053026,-0.2613075,0.17846978,0.52819103,0.28326204,-0.1879801
1576,-0.21974874,-0.21421963,-0.1638318,-0.026475668,0.17435546,-0.11986044,-0.29090253,-0.47302508,-0.09433937,-0.15111971,0.15173344,0.0074043274,0.042908102,-0.38330233,-0.007389784,-0.17529535,-0.34387732,0.162997,-0.29189909,-0.16816966,0.081736624,-0.54245317,-0.017939925,0.044857442,0.20225044,-0.5446101,-0.124421775,0.65486085,-0.13739748,0.2628137,-0.24296165,0.24108416,0.24322316,-0.19019514,0.025576502,-0.39273483
1577,0.19962835,0.43156654,0.21313229,0.32243663,0.93325174,0.90595293,1.603646,2.0957556,3.0971584,-0.003332138,-0.09876553,-0.111619145,0.0291363,-0.07386461,0.6324394,0.09434688,0.20350128,-0.11108211,-0.010869622,0.26852286,-0.21201688,-0.058705866,-0.24305582,-0.31574446,0.05576533,-0.52884567,0.13218474,-0.45541963,-0.40182593,-0.4615351,-0.17159343,-0.17820686,0.05414526,0.18062943,0.18545443,-0.11549711
1578,0.06173885,-0.5962963,-0.13718107,-0.2197231,-0.28206778,-0.67219174,-0.20128073,-0.04005456,-0.05088955,-0.045818537,-0.13955349,-0.094145775,-0.3729505,0.26774305,0.15763745,0.5272163,-0.08347055,-0.12488347,0.05528015,-0.09936869,-0.018715382,-0.55902666,0.014627814,-0.009073496,0.597818,-0.40003616,-0.006803751,3.0359316,2.7437663,2.2059555,0.8623304,1.0564374,0.34960347,0.4636557,-0.44329023,-0.28585786
1579,-0.418195,-0.39944613,-0.19893163,-0.959861,-0.18471491,-0.15124643,-0.14198291,-0.17189896,-0.375161,0.8102778,0.24414833,0.26595116,0.3882934,-0.2403139,0.08503604,-0.75032985,-0.11214575,0.044260144,-0.41343027,0.015849173,0.042155445,0.17047215,0.18914795,0.18581194,0.5912199,0.2538234,0.27748507,-0.080744565,-0.52080953,-0.025889158,0.5784907,0.046643756,0.019928217,-0.6801482,-0.14423022,-0.31984589
1580,0.04387611,0.3093882,0.025048092,-0.030293465,0.116448246,0.18395957,-0.011685967,3.1308918,0.33751494,0.3700968,0.5379437,0.56297916,0.04762484,-0.1701112,0.45801646,-0.45009553,-0.6738206,-0.20346016,-0.13172448,-0.29019928,-0.0986886,-0.2444905,0.075149894,0.009720065,-0.35441113,-0.2624557,-0.39534247,0.27425578,0.044458985,-0.020843334,0.0064626485,-0.024423718,0.042746276,4.2071056,0.08727601,-0.059976965
1581,0.21399483,-0.06376262,0.06703132,0.032467097,-0.033940464,-0.11084273,-0.30857575,0.15865982,0.1445494,0.10169012,-0.37223738,0.23680109,-0.33178005,-0.04536593,0.29730058,-0.29507834,0.2679957,0.042020723,0.08631638,-0.13056132,-0.38259476,-0.23420297,0.39215782,-0.49291372,0.028089702,-0.6293409,-0.048831187,-0.76407176,-0.27371377,0.22092894,-0.45514622,-0.1600472,-0.043171614,-0.25072408,-0.1324102,-0.09822312
1582,-0.081002496,-0.6695574,-0.2112601,-0.19871557,-0.383541,-0.58338445,1.2851487,0.18680383,0.02304238,-0.13300577,0.66059947,0.34805173,-0.4104433,0.22672963,-0.27732268,-0.28815466,0.16537847,-0.07569885,-0.15032563,0.39889127,0.11614895,-0.43207806,-0.32854667,-1.0463135,0.26127756,-0.04597509,-0.24339235,0.67131644,0.28027317,0.022818685,0.12836081,0.45898843,0.021970682,-0.24442557,-0.24246651,-0.92546517
1583,0.5804789,0.14852963,0.057009533,-0.28811494,-0.12743104,0.047120035,0.3334277,0.36269838,0.21321212,-0.19598478,0.44493037,0.115653366,0.20489138,0.116270006,0.0594704,0.36147004,0.18669038,-0.32628658,-0.17354333,-0.08669691,0.16837893,0.5879495,0.2762844,0.025237143,-0.11779751,-0.34731424,-0.1167372,-0.11905023,-0.07197963,0.18715543,-0.24969894,-0.6063418,0.31624642,-0.22132085,-0.543966,-0.20236884
1584,-0.09388647,0.012218237,0.0068967193,-0.604452,0.25206095,-0.39489898,-0.9492834,-0.70830053,-0.6125278,0.085093096,0.07930151,-0.5426456,0.5733123,-0.03493108,-0.44232887,0.35707843,-0.019751292,0.6582202,-0.110693276,0.31057507,0.10694647,0.02595,-0.3352113,0.006361991,0.10356561,-0.22365919,-0.5760141,-0.09858643,-0.13486126,0.0060103983,-0.14462179,-0.45083877,0.4205259,-0.16037555,-0.3582793,0.21947074
1585,-0.20277537,0.46412793,0.53071845,-0.036628276,0.08067222,0.58685184,-0.1742845,0.9068646,0.9067267,0.39295805,0.9343057,1.0106974,0.59512734,0.53208804,0.58189964,0.5727937,0.41704378,0.40926433,-0.07475364,0.31050146,-0.015669502,0.22456631,-0.18031824,0.07641181,-0.17535748,0.03516975,-0.029375732,-0.03900334,0.025804065,-0.47619286,-0.472139,-0.17517416,1.0583069,0.14139102,-0.325968,-0.10163584
1586,0.2698586,0.18345553,-0.38094562,-0.4247536,0.6409519,-0.17689174,0.123084545,0.5892298,0.43560112,-0.007862054,-0.45614594,-0.2838867,0.72774434,0.8397721,0.08565798,-0.17483544,0.014101105,-0.80522573,-0.76113105,0.0924843,-0.70171803,0.183496,-0.07180101,-0.09597412,0.1344819,0.18606949,0.17891942,0.20784438,-0.58323103,-0.59383535,-0.2771731,0.26123828,-0.6446976,0.28781214,-0.13276729,-0.19135284
1587,-0.21430081,0.1710558,-0.12722081,1.1061437,0.2452536,-0.33578187,0.40790164,-0.3175313,0.2993827,0.12765932,-0.09215176,0.0996927,-0.44835463,0.19460332,-0.15088588,-0.55479294,0.1806198,0.28707948,0.1960814,0.22058994,-0.38924232,0.25871766,0.011573732,0.18130654,0.102905154,-0.23721044,0.10272843,-0.47457337,-0.13343364,-0.16758299,-0.40507936,0.22152907,0.06246203,-0.3887599,-0.18155178,-0.083697736
1588,0.1886965,-0.010070294,-0.03653878,-0.21806419,-0.23497917,0.0015460253,0.34019226,0.30820307,0.036216736,3.4128299,1.8472939,1.7200322,0.3222071,1.2083349,0.68438166,-0.068793,-0.109275766,0.001990497,0.12353438,-0.05167543,-0.032456696,-0.22054833,0.18987155,-0.07251316,0.091640145,-0.13820882,-0.011205792,0.39596885,0.053901017,-0.026045978,-0.11236039,-0.057711117,0.16590768,-0.17613024,0.07855487,-0.06339753
1589,0.037733436,0.5708509,0.108632475,-0.45433158,0.03613083,-0.4994438,0.4109264,0.43120605,-0.014141619,-0.20630425,0.28193164,-0.1243757,-0.21186692,-0.14935657,0.03775978,0.49851072,-0.287487,0.3834701,0.21372336,-0.36328736,0.12696892,0.6237058,0.056332007,0.17102507,-0.422772,-0.039536342,0.23391426,0.77790016,-0.1246084,-0.00077819824,0.18506175,-0.16876009,0.2896376,-0.2445794,-0.16091798,-0.092071
1590,-0.15714657,0.35334224,-0.11482304,1.9554393,-0.52991724,0.10605211,0.48765767,-0.91330606,-0.41113755,-0.48271513,0.22672182,-0.3781722,-0.05140099,-0.39271533,-0.34045768,-0.061971225,-0.036062703,-0.24215159,-0.4228658,-0.03852281,-0.04755363,0.49951065,0.80509925,0.23692863,1.5444461,1.6128241,1.9154668,0.2957493,0.06331212,-0.37478304,0.08191424,-0.31478328,0.067306936,-0.23463467,-0.03948396,-0.24224675
1591,0.14096853,0.8865166,0.3437505,0.019420488,1.6665655,-0.13840748,0.44200394,0.7467159,0.8438144,0.22961502,-0.11069776,-0.3012491,0.08791154,0.062263727,-0.04619658,-0.14480004,0.7479727,0.23609453,0.6976695,0.36051714,0.401692,0.14684331,0.31510782,0.10817778,0.4022199,0.40342534,-0.3650359,3.500484,-0.7949094,-0.03783202,-0.1677916,0.2799358,0.24457568,0.06566045,-0.33302692,0.009791255
1592,-0.02797699,0.038735636,-0.18994737,0.16453564,0.11857474,-0.027217567,-0.41500008,-0.07395487,-0.031102955,-0.19595134,0.13245428,-0.10070205,0.31518063,-0.3076516,-0.15339297,-0.2083134,0.20404814,-0.23364252,-1.0371023,0.20719826,-0.15334165,0.085618794,-0.01644124,-0.29592383,-0.19996844,0.12710285,-0.23031765,-0.070626974,0.4132536,-0.19676906,0.29577225,-0.29442713,-0.86386794,-0.27052286,-0.029988214,-0.35099924
1593,-0.1259968,0.44529802,0.023524284,-0.22949672,-0.16807158,-0.2541615,-0.24895966,0.050705083,-0.05731696,0.020200193,-0.10473591,-0.28375626,-0.07441226,-0.3029957,0.00804925,0.08020529,-0.29587075,0.20922714,-0.14499563,0.22144422,-0.33491725,-0.20950276,-0.0027529895,0.4116851,0.30264202,0.40212733,-0.18982327,1.4161308,0.17194341,0.3706329,0.52287585,0.12008403,-0.09683663,-0.54355586,0.26182768,-0.39667672
1594,2.435152,1.6191037,1.1686637,-0.6082426,0.027247872,-0.28492647,2.872409,1.2839835,0.37668312,-0.038710833,0.30635965,0.014448136,0.6933454,1.344728,1.4568267,0.039331138,-0.0020659566,0.16754255,-0.30780017,-0.11871554,-0.36654177,-0.037157252,-0.10155876,-0.23805821,-0.32185346,-0.12336677,-0.16183582,-0.44672757,-0.13373342,0.11484632,0.21460684,-0.19765559,0.18201405,0.22087573,-0.23340619,-0.22037241
1595,1.6464536,1.3947862,1.144341,0.19427843,0.12113553,0.31208357,0.8016253,-0.102919385,0.034029603,-0.41572455,-0.09880025,-0.21808207,-0.15021467,0.11269955,-0.094491184,-0.021161318,0.20424461,0.1216259,-0.25041488,-0.2520313,0.34031463,-0.31213915,-0.23324728,-0.1358313,-0.1419146,-0.2991454,-0.3235057,-0.61556864,-0.11804646,-0.16997921,0.56215656,-0.10283065,-0.15372646,0.27362537,1.044861,0.15535897
1596,0.88060963,-0.7480267,-0.03027761,-0.10443932,-0.117777586,-0.13359962,1.2488713,0.765859,0.08075407,2.6304836,1.1407061,0.16956839,2.1764226,1.2031871,0.26961946,0.20455642,-0.177416,0.22424057,-0.06028396,0.19803722,-0.2360127,0.4805583,-0.45188165,0.23475687,-0.33013928,0.13489819,-0.11788514,-0.3270285,0.085856974,-0.15397727,0.11302093,-0.13832864,0.08667876,-0.049114883,-0.26984334,0.1145383
1597,-0.2007907,-0.08365795,-0.06876314,0.1603216,0.07780196,0.13442838,-0.2908209,0.10602385,-0.023342073,-0.17356086,0.26629102,0.15540719,-0.035925746,-0.20406067,-0.043370128,-0.23747766,0.32467508,0.10871959,-0.36889052,0.015873007,0.010125399,-0.062159657,-0.31514472,0.038104534,-0.059635818,0.034044355,-0.035369575,0.6731513,0.30331558,0.10834867,-0.15811652,-0.33163428,0.008581877,0.14420542,0.038992643,0.047379255
1598,0.22795181,-0.01471445,-0.24017894,-0.37902963,0.2184463,0.22930813,0.035425425,0.027338468,0.03666717,-0.767709,-0.14632012,-0.13178498,-0.41617733,0.00024595857,0.03624314,0.1627351,-0.41733348,-0.16178721,0.31785202,-0.20104048,0.12738794,0.050293148,0.049156174,0.13538545,-0.23003119,-0.14899237,-0.006381631,0.34285486,0.042293936,-0.10044664,-0.029509187,0.07159352,0.19891295,0.054825902,-0.23671031,0.11996901
1599,-0.34468016,-0.23378614,-0.18755972,-0.32684094,-0.3870126,-0.35012525,-0.25950965,-0.14772037,0.16674554,-0.16237062,1.5605991,-0.28830123,-0.15507692,-0.08105928,-0.05460441,-0.044458807,0.32939947,0.20397604,0.16707471,-0.80935717,-0.01750654,-0.30996412,0.3354951,0.07505953,0.70441216,-0.08425101,0.20873064,0.25659835,0.0077096075,0.07964337,0.3516277,0.3297157,0.21191235,-0.5143981,0.053108215,-0.20345032
1600,0.21281296,0.47180575,-0.426324,-0.4189778,0.75461274,-0.5091077,0.061906368,-0.38086304,-0.45258102,-0.17324388,-0.73905253,-0.36185494,-0.47714686,0.06886846,-0.05105464,0.06603899,-0.26332095,0.108642355,0.15983713,0.30982694,0.2352332,-0.032538146,-0.18802382,0.049015284,0.32300374,0.12641725,-0.020622417,-0.037396565,-0.36767757,0.08869897,-0.6169921,-0.087705195,0.38117886,0.41522282,0.10075763,-0.1638456
1601,-0.3558923,-0.18638787,-0.4158232,-0.014374018,0.3584275,0.46739858,-0.2072615,0.51258457,-0.24941629,0.3693478,-0.010315359,0.13695371,0.048559308,-0.28485683,-0.06100917,-0.3766052,-0.20330888,0.03386134,0.09228957,-0.07808179,-0.18780479,-0.040660888,-0.003244318,0.72576505,0.125039,0.049036086,-0.42234612,-0.13248728,0.59803504,0.79149336,0.3185208,-0.23393415,0.26346737,0.20770876,-0.65895915,0.24355131
1602,1.7265754,1.2546781,0.9940592,-0.08753842,-0.12598374,-0.23383725,1.2468091,0.42570776,0.32712385,0.8762173,0.68287957,0.28334916,0.6406395,0.6096177,0.21218741,1.5076661,2.4825315,1.5272928,0.1685757,-0.08100352,0.08319682,1.6811651,2.5421436,2.0466948,4.3428245,3.9954522,2.5376923,0.83762264,-0.16091052,0.14893663,3.271663,2.5383456,2.5671387,0.11529863,0.20297778,-0.02438587
1603,1.3744109,1.4662877,1.1236324,0.33559042,-0.04783401,0.054239746,1.5717461,1.1549872,0.90127635,-0.26855367,0.3565406,-0.2211572,0.449319,0.95989627,0.6664791,-0.018004775,-0.20506409,-0.36698323,0.5385086,0.4862293,0.07349932,-0.10250428,0.48279148,-0.066606104,0.6739815,0.5859216,0.02617526,-0.16494232,-0.27097428,-0.30718732,-0.6029558,0.94949317,0.1380861,0.8676458,-0.4328336,0.15919854
1604,-0.3210249,0.04676488,-0.43579823,-1.0109707,-0.1004059,-0.32703525,-0.9527722,-0.30535415,-0.21787137,-0.39436027,-0.10832301,-0.053782582,0.57039773,-0.22029081,-0.24421763,0.022224665,-0.15656255,0.007534981,-0.23829544,0.38089132,-0.162794,0.0011658072,-0.12591295,-0.119632065,0.77338094,0.64796567,-0.13179457,0.6304556,0.2426946,0.1100204,0.8860502,0.29255906,0.43875897,-0.8300229,0.09751962,-0.19342726
1605,1.2954136,0.31088382,0.06722942,1.3158419,0.1369018,0.33502564,2.5756886,1.5127381,1.2717599,-0.9136939,-0.15168642,0.10461104,-0.2212353,-0.23285832,-0.31472778,0.023321271,0.013736799,-0.017712772,0.22688466,-0.011402354,0.24519318,0.4077087,-0.09151158,-0.03681612,0.688477,1.3039842,0.7451893,0.04976487,-0.93449736,-0.124426246,0.6474068,-0.24127282,0.082511485,-0.81170356,0.117150486,-0.007390201
1606,-0.4815789,-0.42037418,0.06346059,-0.22493768,-0.21367952,-0.5132107,0.047115207,-0.6482342,0.13722551,-0.069161534,0.20099223,0.74074286,-0.056765318,-0.45820856,-0.05269307,-0.027488947,0.13395205,0.09444085,0.23245883,-0.4253775,-0.35099262,-0.17451216,0.5439204,-0.07335661,-0.64678293,-0.15392259,-0.3349775,0.22611582,0.59855276,0.5071906,-0.6612927,-0.17219695,0.231192,-0.33919156,-0.32358703,-0.061759785
1607,-0.26531863,-0.52839005,0.089993656,-0.22964075,-0.39534572,-0.30097377,0.06904417,-0.016845256,-0.19661523,-0.27543202,-0.39892623,0.028081298,-0.3170695,-0.25028983,-0.31461585,0.5705906,0.2549712,0.04079008,0.22110957,0.13019848,0.28105897,0.2560156,-0.01850146,0.27396464,0.6732224,0.16002327,0.28710586,1.1536856,0.7976204,0.57137334,-0.13255602,1.3111887,0.26813662,0.21027458,0.25399178,0.106316745
1608,0.28311226,-0.06158058,-0.3404278,0.049641877,0.36767688,-0.33445835,0.26660782,-0.13353375,0.017955542,-0.452918,-0.063453704,-0.14376646,-0.26614702,-0.14750181,0.41830122,0.45724434,0.38096067,0.15326336,0.27791244,0.15748645,0.15560162,-0.20495647,0.009848967,0.0029812306,-0.69311446,0.047211044,-0.38590807,0.31018388,0.10114783,0.5952164,-0.45683217,-0.72979,0.108650684,0.05406475,-0.14596689,-0.014060438
1609,-0.14621115,-0.22195137,-0.1736964,-0.038154006,-0.19693983,0.03294581,-0.09991205,0.12220128,-0.11120807,-0.035626173,-0.13116322,0.040641308,0.015866041,-0.049952865,-0.35760346,0.11017424,-0.25215536,-0.16544938,-0.021091104,-0.3357368,0.076600805,0.07883838,0.6402782,1.1151121,-0.06210488,0.14893578,-0.19314975,0.11352843,1.4908192,1.4550585,-0.12503195,0.08665997,-0.031958967,0.20542923,-0.14377224,0.11392584
1610,-0.32313344,-0.12933704,-0.43392265,-0.46724984,0.0404481,0.016115382,-0.14543271,-0.6282882,-0.15164211,2.1681013,2.700515,2.900082,0.75947833,1.4276764,2.8142774,0.061565697,-0.074070275,-0.06660414,-0.02877903,-0.13685466,-0.41262627,-0.056724906,-0.15711224,-0.06867239,-0.17305821,-0.0627781,-0.48454145,-0.13786662,-0.25879163,-0.2583808,-0.22230518,-0.27586764,-0.19615483,0.028771877,-0.23844674,-0.24780552
1611,0.013079286,-0.20867169,-0.2264167,-0.22071485,-0.36697066,-0.35790408,-0.15806252,-0.18953878,-0.04976833,-0.03089261,0.030116111,-0.044461966,-0.13516948,-0.119517654,-0.3235637,0.42917252,0.2671402,0.46337575,0.24905644,0.12631238,0.010977507,-0.3292743,0.37047732,0.09310198,0.5429282,0.040736556,-0.021114588,2.8668106,1.5039217,1.3453664,1.3950378,1.1926214,1.0305957,-0.024042308,-0.012484074,0.09058398
1612,0.14279938,-0.62048966,-0.016732275,-0.64373976,-0.10112554,-0.5619737,-0.9520419,-0.15801081,-0.3257724,-0.4387604,-0.29968607,0.1462301,-0.2787737,-0.47757652,-0.0042221546,0.1894377,0.25961262,-0.52732706,-1.1604285,0.064817,0.014983535,-0.26056385,-0.89285904,-0.66072845,0.08860539,-0.51994073,-0.1818369,-0.37922034,-0.28258938,0.30226558,-0.4923701,-0.49066493,-0.25425595,-0.65159845,-0.55571836,-0.18306646
1613,0.19936037,-0.15623724,-0.12758148,-0.011079431,0.09364337,-0.3242182,-0.2803508,0.682454,0.0031131431,-0.18907273,-0.08181226,-0.3649587,-0.09049165,-0.14738101,-0.23542815,0.17999,-0.6033745,-0.4688633,-0.003281951,-0.11329502,-0.13296872,0.061264634,0.41812658,-0.002370596,-0.004325509,-0.32204974,0.0686301,-0.17640686,0.12733907,0.3375277,-0.23241019,-0.17418516,0.33416998,-0.06056881,-0.43070993,0.12633482
1614,-0.30026606,-0.28381214,-0.39240286,-0.33841616,-0.21446057,-0.29634774,0.31643125,-0.09103967,0.17196567,-0.053234935,-0.40053537,-0.15543932,0.33872977,-0.22172645,-0.033573985,-0.31897426,0.1467349,-0.4343935,0.41450536,-0.107550934,0.43807563,0.0003194809,-0.32506028,-0.16942103,-0.16342989,0.07842053,-0.08385196,0.5270016,0.09665882,0.07428521,-0.005875349,-0.15795743,0.1484115,-0.22209054,-0.039227486,-0.19090559
1615,-0.014020443,-0.22631833,-0.10109526,-0.04539919,0.025322765,-0.11485815,-0.14216256,-0.14648753,-0.06538236,-0.06770265,-0.0968197,-0.1657883,-0.07212347,0.0062354207,-0.1797027,-0.19485515,0.1298249,-0.06210327,-0.029485106,0.14493556,0.116476536,-0.0313915,-0.12636942,-0.35012192,-0.0821892,-0.122067094,-0.030457735,-0.13879907,0.00963445,-0.107662916,-0.15879303,-0.12868732,-0.086490035,0.03193462,0.17015275,0.43856907
1616,-0.1823625,0.044465423,0.09419942,0.030505061,-0.025330901,0.016580045,-0.13856316,-0.21589273,0.17891657,0.0056535006,0.31845692,-0.092249095,-0.20082355,0.093081,0.51505303,0.1825664,-0.04817602,-0.10547833,-0.19922912,0.11296971,0.2526534,0.18260315,0.21070458,-0.12615345,0.40244442,-0.07383454,-0.67060876,0.34301114,0.12714037,0.49479908,-0.06644237,0.01480639,0.07989812,0.08688235,0.0006464273,0.34914482
1617,0.09800881,-0.18650937,-0.0058506727,0.17565525,0.25255132,-0.26489925,0.53651553,0.25468335,-0.07053774,0.12983501,0.18952079,0.15641266,0.13378274,0.061444014,-0.3688783,-0.41105133,-0.08429426,-0.5129502,0.07410759,0.24796155,-0.082572386,-0.30767304,-0.39757073,-0.035309494,-0.35803038,-0.48920208,-0.3818263,0.14815867,1.7233888,2.2517724,0.381541,0.7308599,1.6697847,-0.029318333,0.42184407,-0.08248216
1618,0.367722,-0.13821441,-0.23307917,0.12272853,-0.29591188,-0.55873543,0.071773864,0.42344993,-0.8090748,-0.12702966,-0.8202343,0.008882761,0.032758683,0.29555959,-0.018914148,-0.30027014,-1.18041,0.0438309,-0.9891956,0.050891757,-0.39586645,-0.26351017,-0.269976,0.11628759,-0.19264996,-0.9216567,-0.48794138,-0.02010864,0.3823591,0.34026778,-0.26680526,-0.7663423,-0.7391336,-0.17344618,-0.11477292,0.041049182
1619,-0.3847374,-0.46613765,-0.3416396,0.0041766763,-0.14219618,0.11244097,-0.47879514,-0.537806,-0.41456318,0.17824548,-0.27653342,-0.5458106,-0.73834115,-0.24670786,-0.11951217,-0.3790927,-0.17905861,0.44064856,0.46107787,0.22690403,-0.9913507,-0.69151646,-0.3444773,-0.15784143,0.18144591,0.44429183,0.62517905,-0.83910555,-0.5291251,0.069475025,-0.25930506,0.19530368,0.20420301,-0.20819974,-0.2474348,-0.48182523
1620,-0.21248543,-0.707048,-0.002851516,-0.3447062,-0.026229143,-0.19066226,-0.46592295,-0.3102327,0.23652595,0.34113002,-0.12230229,-0.20094216,0.11657345,-0.2859432,-0.3292181,0.38635734,0.04825127,1.4289827,-0.40163946,0.7978742,-0.14531109,0.11513576,-0.15345338,0.37288868,0.11664398,-0.13798726,0.09441292,0.39757854,0.39810926,-0.022252917,-0.69973874,-0.08229405,-0.44885665,0.49573871,0.07619232,0.21313056
1621,0.5819487,0.00084650517,0.23870952,0.28169715,-0.011022847,-0.454108,0.07021831,0.99992293,0.60172933,0.4205361,0.20337413,-0.16593787,-0.08078357,0.060053296,0.07729316,0.18381453,-0.5525188,-0.039290726,-0.22392064,0.0011522174,-0.2580204,0.35787904,0.7130726,0.22795255,0.17632776,-0.60826296,0.12481728,0.16846487,0.16255835,-0.10469082,-0.16561133,0.5319974,-0.25991285,0.06038908,-0.5081096,-0.34591275
1622,0.06975931,0.07219082,-0.04178506,-0.11709726,0.0058666468,0.3794824,-0.21119946,-0.031095408,0.8442148,0.31551278,0.7656726,1.3968772,0.37941915,0.35801312,3.1122847,0.024364233,-0.0031208396,0.5002617,-0.12305951,0.2086758,0.15424407,0.018771052,-0.31212145,0.39266905,-0.26015246,0.34810776,0.86894506,-0.15462518,0.1964401,0.13324238,0.045617044,-0.047222197,0.13705236,0.1999931,-0.11433983,-0.075294256
1623,-0.18793592,0.12538505,-0.3873152,-0.057943344,-0.033691913,-0.3998909,-0.030587316,0.12954807,-0.56045115,0.18748844,0.037408173,-0.17229137,0.10160571,0.758517,-0.27260584,-0.35949835,0.45017228,0.16800475,-0.15744403,0.5330602,0.06982073,0.14207792,0.17308581,-0.26561743,-0.25819692,0.21140295,1.0965823,0.29350072,0.6593776,0.74238807,0.92122805,0.5095623,1.337187,0.063723296,-0.43844998,-0.2566148
1624,-0.042300045,0.02873063,-0.6237675,-0.02706325,-0.06541051,0.17051816,0.36738542,-0.2747159,0.39521033,0.025027692,-0.5873018,-0.43674746,0.099904835,0.0604631,-0.24500155,0.11588779,0.22894402,0.6568507,-0.19873995,-0.07247163,-0.12318203,-0.019004643,0.33699417,0.64432317,0.4496467,0.8418374,1.4009365,0.44405004,0.7348834,0.020930827,0.6809863,0.39690363,1.3639369,0.10037552,0.1494833,-0.40494746
1625,-0.49032974,-0.25953245,-0.48595127,-0.6128504,0.14588542,0.33025634,-0.2977506,-0.5147631,0.0028446913,2.1358142,1.2898253,1.5860032,1.5226934,0.28385293,0.1984173,-0.38009825,-0.30766487,-0.17253798,-0.49832103,-0.5699315,-0.46168172,-0.18758562,-0.08903861,0.012052238,-0.5409982,-0.40179232,-0.67723304,0.77672863,0.6188315,0.024232745,-0.45746017,0.12583464,-0.19376226,0.04459465,0.13566187,-0.18133044
1626,-0.32789075,0.46913397,0.20304167,0.27673048,0.102614045,0.13304651,0.11763549,-0.107345074,-0.016106784,-0.74773943,0.015472591,0.13988948,-0.022966504,0.24843638,0.21890028,0.38186502,0.068151936,-0.24417527,0.5376575,0.26418644,-0.1555917,-0.2480834,-0.13502647,-0.12507254,0.34805828,0.43196186,0.23732617,0.073816106,0.29023367,0.099178255,0.22468181,0.07381496,-0.90908766,0.33840108,0.04411587,0.02956587
1627,-0.17932832,-0.061040044,-0.4779139,-0.009690285,-0.25314987,-0.34345904,-0.24127614,-0.2840114,-0.24051124,-0.095777035,-0.27324343,-0.35873443,-0.1466288,-0.23553896,-0.0878402,-0.35130608,0.035351887,0.17965531,-0.0043557286,-0.11902717,-0.022245586,0.120057344,-0.22240126,0.57219744,0.74151134,0.5560409,0.5529943,2.1911952,0.6902431,0.6719584,1.601013,1.9306085,1.8195231,-0.21507943,0.14333557,-0.1113143
1628,-0.062226273,-0.50807947,-0.18087322,-0.55250573,0.08460662,-0.09839822,-0.1893441,-0.3083464,-0.26916975,0.4836313,0.04547316,0.030442238,-0.28891775,0.52278686,-0.025525972,-0.29068583,-0.13482472,-0.21192527,0.08041465,0.25707877,0.17502835,0.5241848,-0.8097997,-0.45833632,-0.51122546,0.0024814606,-0.34420365,0.40203553,-0.40547872,-0.4265029,0.27249053,-0.3111464,-0.38342687,0.095086694,-0.2913393,-0.06625122
1629,0.025538474,-0.6247109,-0.09533697,0.42636842,-0.24045452,0.21804652,-0.18629615,-0.121385574,-0.1865272,-0.18733919,-0.6046705,0.3547366,-0.36393487,-0.19429946,-0.13333327,-0.40389347,-0.7175698,-0.4831394,-0.4296533,-0.029767087,-0.046584547,-0.83871007,0.41468483,-0.28489542,-0.088707805,0.14651307,-0.2524926,0.05402994,0.11199811,-0.18566759,-0.28707397,2.5428233,0.2404244,0.11355895,-0.32060736,-0.00867331
1630,1.9249271,0.92156667,1.006961,0.3928966,0.34288782,0.49140525,1.55627,0.87895375,1.5557094,0.55608815,0.98897994,-0.3395484,0.21717861,-0.25546736,0.35599738,-0.14898908,-0.009469569,-0.36204728,0.22740376,-0.056642376,0.3316369,0.07407707,0.41493025,0.24766958,-0.046492904,0.06847665,-0.1411823,-0.11627865,0.7397071,0.41930643,-0.09945601,-0.51445496,0.32826233,0.63780344,0.47203553,0.13237646
1631,-0.3491025,-0.1790511,-0.18816525,1.9302466,0.7671598,0.9994405,1.6677254,1.0882494,1.0395142,-0.38891315,-0.13351075,-0.10989672,-0.6501043,-0.31088084,-0.21591437,0.23216641,-0.35567325,0.07146546,-0.33003974,0.07261632,-0.05871293,-0.46898305,-0.4684884,-0.7035113,0.03095147,-0.13320851,0.5170543,-0.32891628,-0.09217489,-0.1525943,0.1504988,-0.67038554,-0.6783439,-0.17503549,-0.520406,0.13847578
1632,-0.17170238,0.12270683,-0.4680893,1.2625645,1.1170682,0.39032918,0.4876487,0.40882376,0.069958806,0.032435775,-0.039645195,-0.041741252,-0.15907148,-0.046796203,-0.5904046,-0.14185733,-0.7200321,-0.31514788,-0.80677915,0.54099923,0.005206704,-0.2978516,-1.1704289,-0.5014722,-0.41646436,-0.18266526,0.26142007,1.7795236,-0.010015696,0.84742075,1.2192775,1.0036479,1.6719956,-0.025481582,0.067851424,-0.20563072
1633,0.123208284,0.15744591,-0.18346223,1.2799349,0.46926138,0.72879446,-0.5418623,-0.5078651,0.21002513,-0.30229273,-0.11141971,-0.43593472,0.9731662,-0.22144426,0.068504274,0.61211485,-0.40068275,0.71580863,0.15653974,0.0069559216,0.19153698,-0.08955574,0.3487718,-0.105257735,-0.04195702,0.3832591,-0.16102266,-0.10331249,0.92668784,0.34202963,-0.2466074,-0.08935423,-1.1020782,0.015022576,-0.8020449,-0.013355732
1634,-0.3175764,-0.8402487,-0.30246127,0.19469452,0.25844955,-0.15678228,0.3913276,-0.49083373,0.38047922,-0.34316504,-0.24590299,-0.4814425,-0.26406384,-0.46024966,-0.50601053,0.063730136,0.34060252,0.34678197,0.39047623,-0.06716156,0.078525126,-0.28137496,-0.33875668,-0.25534913,-0.13314594,-0.55925,0.97429585,0.39097893,0.6098448,-0.1474551,-0.01680383,-0.32683182,-0.008816063,0.3343838,-0.13672149,-0.26163316
1635,0.27242792,0.50159323,0.015946686,0.00677073,-0.2769906,0.13344243,-0.12552097,0.18552053,-0.2558327,-0.09662473,0.43000463,-0.08238107,-0.13363469,0.26300156,0.03669724,-0.34494323,-0.21940112,0.08374822,0.36677074,-0.14400628,0.21844202,0.21110141,-0.18140268,0.013048351,-0.29889947,-0.6283524,-0.11139542,0.27263975,-0.07869327,-0.36521825,-0.23572385,-0.32326704,0.17381051,0.661538,-0.19518027,-0.20114139
1636,-0.10227534,0.30931646,0.044761937,1.2215538,0.2746303,0.41213274,0.4398291,0.2113801,0.30212742,-0.27527755,-0.5224813,-0.610548,-0.26436803,-0.44794172,-0.17100424,-0.071609914,-0.30224788,0.6931181,0.16581863,0.10971165,-0.4712759,0.038823813,-0.16339007,-0.6791289,-0.20333962,-0.13576587,0.40160823,-0.5586551,-0.27991834,-0.7539495,-0.51398444,-0.21503867,-0.33900797,-0.08583164,0.17785859,-0.10114378
1637,-0.4809315,-0.33025968,-0.13050905,0.33952874,-0.31043196,-0.0010368824,0.04298222,-0.10181957,-0.03274387,-0.18338025,-0.10694495,0.010047257,-0.049542606,-0.35162923,0.22789273,0.4184909,0.2831883,-0.38240874,-0.094911784,-0.23182175,-0.04225421,0.18701795,-0.80573225,-0.1568779,-0.27254444,-0.14109516,0.15607798,0.104780376,0.20253742,0.03183484,0.087607205,-0.20949769,0.21005467,-0.8551441,0.16580683,-0.26062363
1638,-0.111005604,-0.018778265,0.0924775,0.9918086,0.5740258,0.46778843,0.3861265,-0.09650435,0.034130275,0.35908395,0.127116,-0.15400237,0.3862243,-0.1498765,-0.47929695,-0.2875443,0.26759374,0.24097049,0.48992866,0.051812522,-0.30711955,0.18164554,-0.99146575,-0.059755176,0.53293127,-0.44426036,-0.18579662,0.45810214,0.009994596,-0.2732138,0.63476926,0.3961522,-0.2706234,-0.13806751,0.26190105,0.5761329
1639,0.0072116256,-0.18677986,0.07633966,-0.06441957,0.13071114,-0.19129825,0.115174115,-0.14692572,-0.2059046,0.08432943,-0.32996997,0.2983849,0.023175836,0.15800348,0.3085444,-0.018243372,-0.18712762,-0.06300247,-0.03848791,-0.017491102,0.56397474,0.013311505,0.14946166,0.11641565,0.08330262,0.41796702,0.26842594,-0.21108678,0.08110067,-0.21537346,0.0037430525,-0.064177215,-0.19405651,0.38100073,-0.107482046,-0.04867387
1640,-0.084083825,-0.41518945,-0.2872311,-0.34387118,-0.16787219,-0.33760297,0.12108004,0.29594728,-0.020286918,-0.16578352,0.123119116,-0.09888309,-0.5363408,-0.42385578,-0.09394264,-0.7183379,0.038169622,-0.24972495,-0.16740601,-0.22777843,-0.100937665,-0.594904,-0.42203033,-0.04753676,-0.14069578,-0.05372131,-0.08434296,0.15707675,0.60756195,-0.01301688,-0.48415804,-0.02465409,-0.35375455,-0.10334,-0.34408104,-0.21589452
1641,0.3682959,0.5697149,0.41533044,0.20147628,0.7415445,0.5558004,1.220223,0.16627023,0.18137014,-0.15047276,0.2646914,0.27362904,-0.27950048,0.14895359,-0.115367025,-0.059526622,0.53003705,0.3185087,-0.040349424,-0.06427693,1.2512251,-0.2575757,0.14819407,-0.17541173,-0.06303513,0.13425386,0.22972983,0.16518527,0.35509783,-0.39782196,0.13986373,0.009673119,-0.33542526,-0.10710955,0.50990564,0.28517163
1642,-0.2976429,0.048793107,-0.46188602,-0.03915143,0.2017878,-0.21401086,-0.23770598,-0.17063667,-0.84640646,0.24205333,0.15044558,0.04468888,0.11136246,-0.25718004,-0.018047022,-0.099141896,0.262079,0.2227775,-0.34837043,0.018660277,-0.087193966,0.07007676,-0.24469534,0.12225066,0.09851915,0.32803702,1.1612943,-0.17663246,-0.5184572,-0.32580727,0.05106294,0.0016465783,0.06842464,0.30549848,0.12510476,-0.29285783
1643,-0.10584158,0.14174896,-0.6483011,0.0435614,0.12583998,0.6788471,-0.81298965,0.09838538,0.10516916,-0.13005054,-0.51406604,-0.81718737,-0.33329895,0.19419293,-0.7638254,-0.09787178,0.002552323,0.1791546,-0.117084265,-0.04742439,0.028265357,-0.16298908,-0.15326917,-0.1137425,0.4629927,-0.15486448,-0.36823136,-0.3765592,0.28381717,-0.056260824,-0.021456718,-0.44690257,-0.21375096,-0.30189845,0.014651969,-0.3336959
1644,0.09685001,0.041306444,-0.08660732,-0.42340964,0.4069541,-0.14256848,0.48531693,0.87768793,-0.42712063,-0.11066063,-0.18059957,0.04329115,-0.39299285,0.12420118,-0.1389311,0.29887092,-0.82704437,-0.07676791,-0.009885222,0.51745564,-0.24250644,0.26619184,-0.22774929,-0.467416,-0.39023334,0.13398758,-0.0032602549,0.0040134136,0.19244732,0.17639513,0.6705923,0.268139,-0.07802361,-0.25026536,0.24213155,-0.013026655
1645,-0.61293805,0.2832904,0.0026477575,-0.12071073,0.011699706,-0.12914127,0.60481983,-0.30354708,-0.1356256,0.9049187,0.4505066,0.08702803,0.71422696,-0.21555215,-0.068754256,0.32526594,0.07832189,0.034692287,-0.06705442,-0.24574697,-0.12676084,-0.12351075,-0.025420807,0.07467544,0.8778415,-0.23019479,0.07376972,0.4513839,-0.0048396885,0.013824403,-0.5124053,-0.2435542,0.15411663,0.08951899,0.2779624,-0.031350315
1646,1.3790917,3.5247068,1.9236017,0.70024854,0.18532276,-0.07280451,1.4379506,3.1838822,2.3439908,-0.1382358,-0.2537542,-0.42676023,0.051950216,0.5891284,0.4482642,-0.10691154,0.71662086,0.10268676,-0.3439622,-0.11280543,0.25119147,0.38420427,0.3001197,0.78785795,0.20676827,0.458732,0.062192053,-0.20370512,0.20661342,-0.04635042,-0.14312772,0.13605332,0.25764436,0.32755333,-0.08867395,-0.1422416
1647,-0.87518525,0.69234836,-0.61545104,0.10797709,0.15641236,-0.3568561,-0.6380726,0.4657753,-0.24953467,-0.141581,-0.31742677,-0.49233085,-0.37521416,-0.42721534,-0.8200179,0.20733249,0.035216272,-0.5115035,-0.30930096,0.14198649,0.29670453,-0.3261584,-0.34750658,-0.29143548,0.7083667,0.5545945,-0.12473604,0.83176565,-0.46973193,-0.21032545,-0.09907186,-0.6665434,-0.083628,0.35038728,0.3556157,-0.72586507
1648,0.08517051,0.13992766,0.07376909,0.061916232,-0.0371584,0.05330646,0.10538542,0.0953213,0.37493515,-0.0014603138,0.10323964,-0.26885062,0.099576116,-0.030198574,0.000341475,0.06855738,0.0893918,-0.15939373,-0.041169405,0.20276904,0.5033667,-0.009541333,0.103530824,-0.01461041,0.112716794,0.34957963,0.2462728,-0.066749394,-0.36758626,0.2992608,0.003678918,-0.026315153,-0.17579883,0.08377507,-0.23682503,-0.4095888
1649,0.052235246,-0.038883835,-0.078270495,0.30021465,-0.38512892,-0.18075877,-0.116969705,0.090520635,0.25813335,-0.30822164,-0.27237475,0.10373843,-0.34313023,-0.22629553,-0.21456444,0.17314166,0.021685168,0.08827692,-0.1109997,-0.076992616,0.094770014,-0.13778114,0.12332248,0.0762406,0.02526611,-0.30998895,-0.03923744,-0.21439826,-0.17399818,0.014882982,-0.16987288,0.15753016,-0.18089128,0.28712422,0.048694193,-0.35170728
1650,-0.01533711,0.22018015,-0.24483442,-0.10298061,-0.3457913,-0.090490624,-0.08846307,0.3022394,-0.17039824,-0.08491111,-0.36400855,-0.5210308,-0.1587764,-0.33550698,-0.22948432,-0.00507617,0.1136019,0.10213423,-0.05179596,0.19543898,0.1892569,-0.079903215,-0.30794108,0.18265325,0.6805108,1.7340193,1.0124369,-0.27610812,-0.5808096,-0.32838416,-0.013054252,-0.34905303,0.42267174,0.1639294,0.18716109,-0.6091908
1651,-0.41970503,0.17841867,0.4855968,0.3371256,-0.3280124,0.45619762,-0.16574264,-0.36141402,0.73631966,1.9734081,2.34863,2.4231052,0.48290285,0.4170642,0.9488814,0.13326225,-0.41696188,-0.5597953,-0.004734488,0.4997207,-0.09438106,-0.72171164,-0.49749625,0.17197734,0.14109313,-0.5318226,-0.030591205,-0.6458421,-0.36731845,-0.13466927,0.09613095,0.38490906,-0.2834915,0.55982333,0.5082728,0.06531724
1652,0.25330943,-0.15319929,-0.05405903,-0.08707452,-0.06550056,-0.17568862,-0.21438986,-0.0033997148,-0.3207183,-0.081339,-0.32629007,0.18826649,0.5295141,-0.14435285,0.12470436,0.15329129,-0.56192815,0.10928005,-0.29654145,-0.04795949,0.039987564,-0.05410993,-0.23313135,0.3032711,-0.2404061,0.05038324,0.13080156,-0.13441378,-0.027327567,0.26019484,-0.034208238,0.039009333,-0.058463097,0.72835577,-0.4058598,-0.021245003
1653,1.7712482,1.9974103,1.1586514,0.28733134,0.08187732,0.29723817,2.7253234,2.8738253,0.813124,-0.83341026,-0.25223094,-0.81846476,0.21054089,0.22489244,-0.29831815,0.20814863,0.681211,-0.1822799,0.93294096,0.24583912,0.0007071495,0.0022432655,-0.07056904,0.1729987,0.22756426,0.22462489,0.50038993,-0.36715013,-0.08847511,-0.0335719,0.25837702,0.097513825,-0.16865888,0.27413565,0.2443868,-0.37170717
1654,2.2194753,0.9036295,0.13573778,1.6336831,0.87751424,-0.101914,0.41890377,0.47811133,-0.0061246157,-0.33307648,-0.480616,-0.32962453,-0.067898236,0.1515505,-0.283073,-0.040271103,0.46837467,0.41795045,0.2784978,0.46790308,-0.5038855,0.46524295,0.66568696,0.07755542,0.19468862,-0.43880334,-0.04840654,-0.17588022,-0.13139433,-0.3426587,0.0704903,-0.48990363,0.21432921,-0.38126096,-0.15149054,-0.31036457
1655,0.5868794,0.22066271,0.3411129,0.02222532,0.8290466,0.104670614,0.6116225,0.387985,0.011257589,2.1674662,1.0028445,0.009167016,1.0390382,1.5237627,1.2062886,0.2969883,-0.053248264,0.04191917,0.7163057,-0.018628761,0.0842669,0.31154507,0.34441733,0.30220586,0.5580453,0.26657242,0.31833896,-0.4062849,0.096858025,0.041487098,-0.38549432,-0.0039382726,0.19988212,0.33928138,-0.19921966,0.14064074
1656,0.22175896,-0.17080447,0.078881174,-0.67010653,0.059506856,0.0018920302,-0.31031823,0.22149849,-0.21555519,-0.4710939,0.42641526,0.3448804,0.0030937195,-0.3030424,-0.16483858,0.31085762,-0.59090906,-0.11735484,-0.5555481,-0.6758011,-0.2041446,0.046562523,-0.11879794,0.17905354,0.12465289,0.14008564,-0.5253496,-0.094992235,1.0249869,0.07029867,-0.18265384,-0.24325418,0.67255217,-0.184205,-0.0074295998,0.2741299
1657,-0.30007255,-0.036199123,-0.05594927,-0.015023828,-0.13652396,0.20439619,-0.10796954,-0.47506046,-0.16593266,1.4295812,1.4368839,0.37147218,0.112097085,0.35802174,0.36551702,0.28455204,0.10332593,0.16619235,0.050141484,-0.04955571,-1.3396124,0.077829294,0.42902064,0.15726936,0.28468704,0.03645259,0.28157532,-0.40916288,-0.09400596,0.013387084,-0.24953625,0.030245364,0.15689361,-0.040633276,0.0837841,-0.097112715
1658,0.15528834,0.31379974,-0.34889355,1.7683274,0.23134138,-0.7049383,-0.027777582,0.26293847,0.48940217,0.2453236,0.6978648,-0.058148623,-0.008718848,-0.35995853,-0.080470145,0.41099924,0.0846439,0.012748122,0.0888167,-0.07901884,-0.11247265,0.31043416,0.2809535,0.11560035,-0.26786467,0.40916997,0.2330879,0.098525524,-0.2652738,0.20727181,-0.08757603,-0.19773944,0.45883927,-0.06004786,0.3096708,0.2180345
1659,-0.06083802,-0.13283655,-0.048064858,0.35545328,0.2590491,-0.6611178,0.13436651,-0.36000982,-0.1702894,0.6314377,1.4021829,0.45618522,0.13176948,2.1667547,0.6396042,-0.18375076,0.16059533,-0.19910991,0.38087377,-0.06671454,0.087307215,0.2646461,0.403697,-0.5444809,0.3626061,-0.04058993,-0.14448333,0.093605205,-0.46944845,0.009171128,0.08581907,0.109089755,0.19928244,-0.036596354,0.09847918,-0.09267664
1660,0.19002819,0.010350108,1.1688141,-0.27965117,-0.17703524,0.24506974,-0.16263771,-0.23769051,-0.703061,0.87660855,1.7160953,1.1805173,0.32263762,0.1004256,0.5052899,-0.15273996,-0.41444188,-0.53662086,0.09551859,-0.20884085,-0.10282165,-0.03650558,0.5367489,-0.15481675,-0.34206694,0.34659111,-0.06637704,0.105857134,-0.03684312,-0.42403853,-0.1842531,0.39120415,0.8531714,0.7925268,0.32139847,2.702457
1661,-0.7587987,0.06353378,0.26803043,0.105077505,-0.43072945,-0.59233963,-0.29105568,0.041496884,0.033491135,-0.906626,0.24865119,-0.077382505,-0.18743205,-0.36273402,-0.2139849,-0.32204655,-0.10957953,-0.3476349,0.11330029,-0.35562855,0.1437248,0.15922347,0.17444146,-0.28949574,0.08144263,0.8356284,-0.300066,-0.34162864,0.21045682,-0.2609172,-0.3229658,-0.47838748,-0.02953577,0.07156463,-0.4061962,-0.085945755
1662,-0.0056002885,-0.32429534,0.28844193,0.96044403,0.8688069,0.5579405,-0.052630305,0.21343207,0.6341001,-0.18686843,0.63001376,-0.24674332,-0.24759096,-0.25512135,0.8946738,-0.031552315,-0.479219,-0.029427111,-0.3243122,0.44921306,-0.032841504,0.713825,-0.3727821,-0.46347082,-0.22430545,-0.30773848,-0.20203865,0.4778195,1.2457561,0.22163713,-0.039907277,0.12550987,0.1370514,1.820235,1.4509568,1.4918427
1663,0.2977978,1.0415131,0.2304365,0.4119088,1.1406468,0.7640569,0.88952506,0.41654027,0.5052806,0.82391334,1.0540063,0.2329452,1.2319597,1.0735186,0.23782736,-0.39170027,-0.18296441,0.07276845,-0.10886562,0.07995709,0.053099275,0.43547168,-0.031366125,0.1599952,0.42753583,-0.40778503,0.5590977,0.48869383,-0.020980686,0.34561247,0.67789334,-0.9511655,-0.14008823,0.5153839,0.47221774,0.30983517
1664,0.08687347,-0.5406575,-0.16950846,0.72065216,-0.5020342,0.024019837,-0.44445392,-0.030000538,0.0044896305,0.6556219,0.12442249,0.2558576,0.5059655,-0.1887902,-0.078784585,-0.11485869,0.34540054,0.25587875,-0.0041131973,-0.2844181,-0.22054291,0.6460655,1.091946,0.48561704,-0.67572236,0.7722701,-0.42541862,-0.00909853,0.1802985,0.11298108,-0.012166128,0.19354105,-0.1395691,-0.25922018,0.3186671,-0.30580646
1665,0.9210025,2.1409872,1.230702,0.09677565,0.2719872,-0.29748252,1.1511606,2.5781188,2.1248088,-0.032166243,0.047029078,-0.21133962,-0.0073720217,-0.087077916,0.17464915,0.0046251416,0.40995923,0.52565396,0.061388254,-0.24872074,0.25896254,0.004871905,0.44274995,0.22333007,0.2869004,0.21388817,0.4644004,-0.10309759,0.11027074,0.32392758,0.13866258,0.30134612,0.5703981,0.011121929,-0.10301143,-0.32119477
1666,0.14430058,0.76235235,0.74762785,0.3504394,-0.21187145,0.643944,-0.20354614,0.29594517,0.84801096,1.1916213,0.5304686,0.46156374,0.084481955,0.6099669,1.0698783,-0.3982983,-0.029412039,0.41316462,-0.08915359,0.10046602,0.17514718,-0.38331854,0.5678905,-0.08863926,-0.0741964,0.376454,-0.014296472,0.016203701,-0.44472075,-0.10998249,-0.19253358,-0.2613908,-0.27822447,0.23128027,0.06616357,1.1563576
1667,-0.19893317,-0.13446562,-0.32999724,-0.093091294,-0.097970195,0.03666842,0.03483982,-0.52059054,0.078504324,-0.030890584,-0.39543542,0.1711145,-1.6812727,-0.046030045,-0.17930022,0.18021819,0.017801523,0.06743878,-0.07013357,-0.39108476,0.016215205,-0.22164857,-0.38882798,-0.034637332,0.43240964,-0.1497719,0.10523045,0.24139199,0.09672207,0.57154274,0.11931448,-0.6198995,0.07498439,0.4179324,-0.86152583,0.71315074
1668,0.60189617,-0.14865087,-0.112701,0.28958666,0.40585703,0.036764443,-0.024662614,0.18867975,0.0049254894,-0.84604186,-0.05198562,-0.079319715,-0.05908799,-0.20383078,-0.065332174,0.010861456,-0.58747405,-0.048609495,0.5354028,-0.2514072,-0.06114936,-0.16021577,0.33789685,-0.01654607,0.17377964,-0.41804138,-0.018552065,0.16710222,0.482388,0.2770524,-0.6443458,0.107863665,0.13376862,0.7834352,0.58007556,0.43381554
1669,-0.5715641,0.017122984,-0.115258574,-0.723692,0.31284383,-0.11500931,-0.3449893,-0.2923933,-0.034598768,0.8636792,0.80568004,0.23225379,0.42665625,-0.107921064,-0.022095323,-0.06446934,-0.15137194,-0.007913411,-0.26206005,-0.10710256,0.02624166,0.30414343,-0.06885141,-0.09869909,-0.85739934,-0.3910882,-0.1602011,0.06886244,-0.22181278,-0.17717832,-0.39595512,-0.018565297,-0.18554664,0.22027239,-0.21051824,-0.10879266
1670,-0.015314229,-0.1051918,-0.35140616,-0.0056559592,-0.96032715,-0.19174278,-0.0036324859,0.14587903,-0.11855644,-0.14776595,0.025487747,-0.08333382,-0.18914479,0.1551761,0.006718099,-0.5581019,0.061375096,0.059652627,0.08461821,-0.12925324,0.07117516,0.04447019,-0.048307985,0.11252469,1.185843,0.58346087,0.30736005,-0.037495017,-0.303211,0.026893377,1.2659979,0.5300931,0.8121126,-0.08193874,0.039777458,0.14980307
1671,0.16217288,-0.21162441,-0.3328696,-0.1980142,-0.35681254,-0.42118698,-0.09388414,-0.057962485,0.031648636,-0.08160323,-0.13662057,-0.33005694,0.5105493,-0.5087814,-0.6885579,-0.2392773,-0.23934567,-0.06649986,-0.12508482,-0.24042737,0.061891735,-0.6119833,-0.41171727,-0.28045243,-0.11454433,-0.26245493,-0.2978411,0.80905485,0.057694674,-0.48104253,0.2096927,-0.29297826,0.40930274,0.22368088,0.26983652,-0.38717428
1672,0.37997675,0.073179305,0.22129238,-0.16669866,-0.12397742,-0.10242456,0.20531592,0.24625593,-0.31518012,0.031857222,0.099870116,-0.13951862,0.3209347,0.15702915,-0.038211703,0.3133086,0.21185286,0.051055312,-0.14251259,0.258395,0.035061955,0.18610048,-0.06264061,0.065645695,1.3093921,1.0989907,0.7485342,0.27044272,-0.2954982,0.0395025,0.5131999,0.11380166,0.16430306,-0.19593024,2.021265,-0.030077592
1673,0.7169659,-0.06053327,0.10431117,0.43542814,0.1313146,-0.2168026,0.19277748,0.5676179,-0.037391365,-0.21389318,-0.5706042,0.10695374,-0.1895802,-0.24875069,-0.25560904,0.21120656,-0.43092668,0.09189093,0.23566377,0.21901199,0.12548059,0.4720874,0.6057205,0.041569233,0.021512628,0.03548029,0.06459868,0.47384506,0.49476248,0.23270738,0.05116129,-0.04545197,-0.19724172,0.31995332,0.095545635,0.2748164
1674,-0.22112471,-0.28813678,0.32200962,0.02827233,-0.27627322,-0.019863307,-0.47679776,-0.1095888,0.14271742,-0.096993834,-0.14163063,0.09560931,0.14224434,-0.06344043,0.14488435,0.107486844,0.3124329,0.14792532,0.5604137,0.77118075,0.45003027,0.08583826,-1.4019194,0.06867802,0.1783123,0.042047635,-0.13371801,-0.13371243,-0.330983,-0.32429183,0.003070429,0.8645111,0.13353902,-0.010001957,-0.41898185,-0.02837503
1675,-0.7072669,0.24369591,-0.5495413,-0.6186294,-0.71765137,-0.3842248,-0.560364,-0.075860396,-0.19859412,-0.32042858,-0.039006837,-0.295118,-0.4736625,-0.9963156,0.029075801,0.27362987,0.20762742,-0.5178022,-0.3980661,0.09300429,-0.16923442,-0.40438718,0.54005426,0.38591266,0.1483235,0.5793836,2.121558,0.17627774,-0.17796797,-0.1487607,0.78627867,-0.21739906,1.0667255,0.58660406,0.36056268,0.32204694
1676,0.14337009,1.0226227,0.75257486,0.14223748,0.124376066,-0.25565955,-0.20743352,0.506951,0.3507905,-0.63815457,0.1745891,-0.0967831,0.10873812,-0.11554736,-0.3788064,0.1782845,0.832213,0.1906798,1.0978642,-0.0067253634,-0.12689236,0.49473387,0.33602077,-0.03825903,-0.0351132,0.76469696,-0.021723896,-0.12626427,-0.31907916,0.013432458,0.1663125,0.024094837,-0.56292725,1.0099297,0.7942885,0.5573858
1677,0.32509044,0.18889987,0.06129223,0.37307423,-0.23322988,0.10112327,0.09758231,0.25375432,-0.5776268,-0.35419977,-0.487186,-0.97920084,0.14361487,0.026446044,0.36917788,0.5233662,0.12516576,0.020658404,-0.34556484,0.24196102,-0.6170656,-0.18028697,0.5980343,0.2253102,0.3001455,0.33038306,0.0412834,0.5390465,-0.41317034,0.078746215,-0.090289265,-0.23349527,0.71305513,0.015299439,-0.038116813,-0.6673075
1678,2.197854,2.007065,1.3890715,-0.6515411,-0.0747457,0.53601974,3.3122046,1.4288526,1.0087022,5.2196474,3.1000953,1.0992473,2.005643,1.0830966,1.3708148,0.38971245,0.2330326,-0.09411645,0.20305735,0.21601816,0.07227111,0.09325192,0.060225755,-0.07998288,0.3622936,0.13980168,-0.14493942,-0.002419293,0.134534,0.07485515,0.3176134,-0.10340866,-0.043004245,0.39490864,0.15485558,0.14248359
1679,-0.18554625,0.14183003,-0.13058072,0.68229014,-0.020583853,-0.0262388,0.47076556,1.2847526,0.46697494,0.04856515,0.53920794,1.3163981,0.4049584,0.34204066,0.32384735,0.7384678,0.37604272,0.42107114,0.4906125,-0.07792461,-0.17392898,1.2856935,1.3115268,0.4501562,0.91885024,1.0969049,0.96693826,-0.3411825,0.22403306,-0.17777911,0.9719938,1.408296,1.4399016,-0.031897426,0.021783352,-0.010767877
1680,0.083956316,0.54440004,0.43800375,0.37287527,-0.019724265,-0.20908812,0.34105676,1.0139456,0.08689326,-0.49365807,-0.60045296,0.18623066,0.05213332,-0.40036687,-0.21161138,-0.78455627,-0.14069462,-0.06903434,-0.10099441,-0.2768936,-0.033578634,0.11747122,-0.2572646,-0.42166218,-0.39706156,0.016904116,-0.1984821,0.22182226,-0.202095,0.12433404,-0.45295912,0.120393485,0.044992,-0.4212377,-0.14296186,-0.02586323
1681,0.8523371,0.013619874,-0.18615961,0.8674234,0.8387713,0.5591788,-0.5219324,0.75401133,-0.36485624,0.008952439,0.058611214,-0.093612075,-0.2362751,0.06251544,-0.29266083,0.21783616,-0.14317495,-0.24377398,-0.58419216,-0.23572767,0.0703702,0.4335427,0.113685906,-0.3606551,-0.028919742,0.6598807,-0.23235017,0.67835057,0.095481455,0.16330957,-0.56815386,0.9128018,0.15756981,0.7093326,0.835906,0.17336583
1682,0.3148599,-0.28687736,0.3085488,0.52518654,-0.57466954,-0.5980479,0.20727398,-0.09483194,0.05033815,-0.8870952,-0.9310149,-0.24013132,-1.2382796,0.059355915,0.047622323,-1.2533965,0.0423069,-0.030794382,-0.26680624,0.2038736,0.05027789,-0.43144643,-0.6051574,0.07705495,-0.12874247,-0.37963194,0.017443597,-0.43323004,0.07842049,0.015170693,0.1245141,-0.19541843,-0.15847552,-0.1059002,-0.30918074,0.2047027
1683,-0.0052565783,0.30432743,-0.13375485,0.33280534,0.14211905,0.0315969,1.0583023,1.0523593,0.7281269,-0.20397016,-0.17333247,-0.074679255,-0.17661357,0.090920866,-0.16227281,-0.2449233,0.39841834,-0.16194767,0.0058120787,0.37293798,0.18723536,0.1511122,0.2088835,0.24911022,2.1548364,1.3095026,0.60858715,-0.033022597,-0.7927344,-0.047205627,0.50243354,0.091074884,0.47228128,-0.56251466,-0.47060916,-0.4295252
1684,-0.23429158,-0.24190614,-0.13969794,-0.22040719,0.20803231,0.22888552,-0.14874187,-0.00043714046,0.15051985,1.7038634,2.6115685,1.9659462,0.7793517,0.5457603,0.61064196,-0.19211245,0.09352021,-0.57858485,-0.07074976,-0.2826786,-0.013559714,-0.030682325,-0.02430582,-0.1988712,-0.3244059,-0.3630167,0.27186662,0.25587693,0.8558944,-0.025523424,0.34473988,1.2704744,0.3885135,0.09995508,0.0915788,-0.42002058
1685,0.41451097,-0.045565188,-0.14935316,-0.13385475,0.16077031,0.39919284,-0.24903506,0.13633835,-0.02768898,0.3376273,-0.5658845,-0.053755723,0.045744777,-0.48455387,-0.5539309,0.26040745,0.065254554,0.59113085,0.5513948,0.45319656,0.171718,0.8027933,0.13487923,0.11981343,0.004342586,0.29665107,0.29717994,0.01883614,-0.07221571,0.61151385,0.6875744,0.09127885,0.44456935,-0.46013448,0.36268166,0.44228086
1686,-0.122269005,0.14339285,-0.4042623,-0.4179732,-0.6768643,0.09590992,-0.38909823,-0.34322247,-0.405772,0.20810962,-0.6765709,-0.2251004,0.19770184,-0.23048642,-0.3522374,0.9187684,0.5451016,0.8826482,-0.1587851,0.3979318,0.15110931,0.5960653,0.35379818,0.40002605,-0.09622681,0.546945,-0.09887354,1.1849697,0.7600355,1.5274837,0.53429186,0.7664561,2.0774026,-0.13649046,-0.21950534,0.036902368
1687,-0.3359018,-0.18927215,-0.07446164,-0.45878035,-0.52409005,0.020940065,-0.2769682,-0.0144898,-0.05734873,-0.35556388,-0.10901111,-0.05653745,0.06458646,0.022588968,0.113771856,-0.8075092,-0.3172561,0.021272957,0.21162719,-0.09045972,-0.11010182,0.16203946,0.10817926,0.13794279,0.8531108,0.67493355,0.3723113,0.79120755,-0.06407337,0.29668546,0.23259902,0.62584186,0.63177633,-0.112969965,0.04193446,0.088127494
1688,-0.6185972,0.22442934,0.13205609,0.97694254,0.24006474,0.13987482,0.1249098,0.12816128,0.012155473,3.553011,4.1595817,2.390358,1.129142,0.44223285,1.705898,-0.051418304,-0.014602095,-0.057323664,-0.14223132,0.20089102,-0.04174997,0.023620158,-0.07959497,-0.03493154,-0.15211713,-0.26583028,-0.23873775,-0.4193127,-0.094678074,-0.12249616,-0.046826243,-0.14211068,-0.1949586,0.03750229,0.11035371,-0.038006842
1689,1.050083,2.1816378,0.519252,-0.1318978,-0.19951105,-0.26005375,0.623024,0.4983235,0.19361821,-0.8446562,-0.14673704,-0.41109848,-0.12545478,-0.13394392,-0.26420093,0.33935732,0.3334502,0.69575477,0.59633726,0.463395,-0.36522043,1.4931816,0.29568222,-0.04626882,-0.21697736,-0.22905469,0.1435417,0.06353778,1.4352,0.779996,0.044317305,0.21341771,0.2806059,-0.14658207,-0.7614478,0.16705117
1690,-0.2489912,-0.21128061,-0.16772181,0.6042043,0.3148173,0.08107114,-0.2747348,-0.12560362,0.12784278,-0.49282944,-0.5089141,-0.11424768,-0.29544207,-0.3003106,-0.29142916,-0.04541397,-0.6087405,-0.047828317,-0.0009287596,0.046079516,-0.07917583,-0.2585715,-0.04453884,-0.10458624,-0.092631936,-0.019261539,-0.093299866,0.922135,0.62541294,0.48389995,0.81287396,1.0222752,0.96791387,0.119947255,0.034182698,0.18236876
1691,-0.3708589,-0.24581152,0.17775367,-0.08593322,0.45641,0.13574255,0.21301393,-0.014607072,-0.118752,-0.30922917,0.06244147,-0.036509395,-0.3808986,-0.1985469,-0.20228034,0.44347236,-0.37856072,0.05119902,0.36593378,-0.04752612,-0.007077694,-0.36049187,-0.45280045,0.008180171,1.2262421,0.23459053,0.13914967,0.13894828,-0.049200356,-0.11786634,0.04289943,-0.15100756,-0.30595806,-0.06156385,-0.05165051,0.15708405
1692,-0.43836594,0.5499429,0.28883192,-0.104755044,0.013811663,-0.30297154,0.07993114,0.1880197,0.019474149,-0.18399505,-0.38437128,-0.0946551,-0.03254223,-0.0035634637,0.02292645,0.004460089,0.023467176,-0.009990573,0.2081508,-0.088191554,0.06156671,-0.4783614,0.3562129,-0.09563744,-0.33015233,-0.1802747,-0.07537079,-0.37981296,0.3190847,-0.1983335,-0.35381567,-0.10920441,-0.1753357,0.15198988,0.25577363,0.26307034
1693,-0.9152844,0.058487803,0.04071656,-0.9539399,0.07481611,-0.10350117,0.09460485,0.24023928,-0.10847363,0.061638653,-0.054846764,-0.21304159,-0.25552583,-0.16761571,0.13073257,-0.19953272,-0.07037471,-0.12873048,-0.6023172,-0.104499236,0.0020239353,-0.03666663,0.2714737,0.09447613,0.04879263,-0.012791574,-0.17091635,0.007726401,-1.5914702,-0.06879726,0.14065072,-0.016747534,0.002144277,0.022260815,-0.06378949,-0.01985772
1694,0.06186229,0.6018778,-0.18136138,2.6424935,1.6854974,1.89189,0.067091346,-0.22077626,-0.08295366,-0.30148485,-0.66164917,-0.39888993,-0.66509056,-0.5080415,-0.18544212,-0.3089508,-0.6055782,-0.36536485,0.4884234,-0.5824145,0.46682099,-0.11265984,-0.3979162,0.1627217,-0.1959092,0.03689325,-0.39368933,0.63032603,-0.36454952,0.41135865,-0.3025486,-0.023964293,-0.049009204,0.5068481,0.84053826,0.83279043
1695,-0.097938895,-0.19270149,-0.42620465,-0.36259788,-0.25383037,-0.044538558,-0.81477576,0.2832672,0.35782874,0.07018089,-0.030799203,0.40800148,0.08078152,0.19370392,-0.30735034,-0.13193604,0.13200338,-0.12662518,-0.21221423,0.053480875,0.069465995,0.055285268,-0.018417506,-0.11872673,-0.035144523,0.03614199,-0.23093283,0.5070767,-0.16233842,0.088480294,0.6039452,0.6012626,0.4682836,-0.6399409,-0.2366404,-0.16538072
1696,-0.03618607,-0.4531027,-0.18067726,-0.67742676,-0.07081103,-0.14286625,-0.98691946,-0.17413116,0.06879479,0.5007908,0.42547685,0.017269135,-0.13679916,-0.40760723,-0.2321278,-0.66235065,0.18821788,-0.3095575,0.43428123,0.49956053,1.2699425,-0.75773823,-0.80572116,-0.24137388,0.059597194,-0.7396944,0.046513736,-0.7283964,-1.1575913,0.20546058,-0.7308273,-0.2300626,0.21506989,-0.46485057,0.16772826,-0.4645388
1697,0.700387,1.0382545,0.16168022,-0.11849275,0.5464245,0.019119374,0.4095393,1.0241436,0.14558712,3.322714,2.7805927,1.186183,2.5341952,1.0798441,0.79872656,-0.44985256,-0.16918078,0.07487628,-0.21101835,0.17090335,0.14643228,-0.28897488,0.09812081,0.009611756,-0.05757907,0.17761183,-0.4738032,0.20692545,0.15549216,-0.37647763,0.08666998,-0.14572585,0.15884246,0.8754129,0.62575173,0.2225484
1698,-0.1102975,0.18140948,-0.8865159,-0.12474942,-0.9401834,-0.017605305,-0.29944015,-0.1934393,-0.0084486455,-0.5209036,-0.57239103,-0.45823056,0.122054875,-0.35938498,-0.3192252,-0.72607124,0.23677799,0.3652783,0.61244273,-0.3946867,-0.115608454,0.12242216,-0.0025748014,0.14932582,0.34131855,0.3923863,0.1473031,3.5335474,1.1109067,1.2523628,2.531776,1.6729977,1.6413146,0.615038,-0.7594506,0.09072029
1699,-0.28462672,-0.24675746,-0.23166418,0.34403908,-0.16947591,0.09244388,-0.26009476,-0.3381045,-0.38384348,-0.26868582,0.98820007,-0.5599889,-0.2778898,-0.047698304,-0.1694606,-0.5075071,0.1989376,0.46421388,0.27043182,0.8930738,0.5817052,0.13008395,0.11041337,0.19191578,1.6016442,-0.01011008,0.532899,0.16866557,0.17998083,-0.5531989,-0.22383378,0.04150653,-0.04520175,-0.38259268,0.021665692,-0.22595969
1700,0.015057445,0.050410762,-0.0107136965,-0.20576894,0.03137052,-0.21195006,-0.1312465,0.0014631748,0.12221265,-0.6014292,-0.19363317,-0.021804452,-0.15840673,-0.07768661,-0.11951321,-0.11408663,0.031259045,0.019815624,0.4076953,-0.03429924,-0.03580624,-0.024846092,-0.06863933,0.021498978,-0.19350743,-0.0748879,-0.012955964,0.3800881,0.2828065,0.0049960613,-0.15511078,-0.015640616,0.08570096,0.0034445673,-0.2142965,0.027082324
1701,-0.26324326,-0.25857496,0.39434603,0.34234202,-0.257648,0.13747597,0.008168101,-0.13119555,-0.08601755,0.43098617,-0.25309128,0.021113515,-0.15181375,0.09541154,0.06576559,-0.12213194,-0.06535816,-0.6352897,-0.03714454,0.30245203,0.13508332,0.23124342,0.047696933,0.25923955,0.20469223,-0.038445555,-0.28645867,-0.5798197,-0.2383014,-0.520097,0.15787089,0.2395735,-0.24923757,-0.55832547,-0.19558224,0.59667194
1702,-0.09901278,-0.18673593,-0.12816262,0.44258583,-0.82069427,-0.28023463,0.41336712,0.17333364,-0.28176618,0.078810334,0.017902434,-0.055198193,-0.5131441,-0.15226096,-0.24157453,-0.21319821,0.09613639,0.51664466,1.7675638,0.20794612,0.45229766,0.15841922,0.7823652,0.25967953,1.0507333,0.7568554,1.1758515,-0.72930837,0.27362704,-0.266199,0.51411426,0.019022107,0.016484737,-0.41775364,0.68444353,0.6405856
1703,-0.107387386,0.34684226,-0.5770888,-0.30291936,-0.09851855,-0.0015799999,-0.316283,0.27692145,-0.22830284,-0.261286,-0.058336243,-0.31215227,0.110345304,0.00040996075,-0.020613015,-0.35225517,-0.011461616,-0.046458125,0.2450456,0.17010951,-0.25125736,0.2934478,-0.026457682,0.05365193,1.053003,1.0266505,-0.20323402,1.4087842,0.3547319,0.5377202,3.5737944,3.4842668,2.0087965,-0.33846232,0.21391559,-0.28563172
1704,0.37418935,-0.43784633,-0.16544098,0.21829802,0.1116631,0.55930287,-0.621422,-0.41135144,0.15133774,-0.49565142,-0.6184985,-0.17739172,-0.74841684,-0.2840893,-0.16661838,-0.07608083,-0.030411065,-0.1640925,-0.40734065,-0.0027591437,0.9334768,-0.07556819,0.40477738,0.46872568,-0.3315634,0.19320089,-0.047752976,-0.2160642,0.3240195,-0.20704627,-0.14583349,-0.08231911,0.15213317,0.47790158,0.5514117,0.7864931
1705,1.2728825,1.3655128,1.7641286,0.36757433,-0.07350367,0.2091648,0.530671,0.23930365,0.3926251,0.6334592,0.89175063,0.5689638,0.015663147,-0.010681987,0.6037588,0.3687848,0.56854916,-0.33666003,0.07049382,0.39453042,0.18807465,-0.2353183,-0.1876955,-0.008612782,0.7094551,0.5410899,-0.36466742,0.6680711,0.47653967,-0.16452096,1.4381311,1.5091933,0.6154433,0.28743136,-0.46017793,-0.16331452
1706,2.0125854,1.6249133,2.3556685,-0.14427972,0.25493848,-0.15161753,-0.06256783,0.7850474,0.33156836,1.9401705,1.8278444,1.2360747,2.3622084,1.646714,1.3627079,-0.11962485,-0.28056413,-0.5690917,-0.005839348,0.38518715,0.19030225,-0.37180603,0.1936065,-0.39665747,0.39259285,-0.29973352,-0.19459796,0.26117918,0.23253334,-0.04608786,-0.13061756,-0.6484521,0.2525839,0.7178198,0.24246654,0.07594843
1707,0.078074306,-0.42139363,0.48747325,0.6358588,0.28507763,0.007097721,0.051923215,0.25546283,-0.20022851,0.13477248,-0.35184672,0.2765814,0.028330028,0.37707153,0.080088794,0.35181567,-0.03339334,-0.03180003,0.15422237,-0.13285409,0.12508464,0.27172348,-0.30784553,-0.08049357,0.07076156,0.18123662,0.082178175,0.67330664,0.5481602,0.09067702,0.13354307,0.03380409,-0.17058109,-0.09975818,0.14014587,0.08360326
1708,0.35913524,0.8375503,0.14754263,0.65295047,1.315433,0.8325542,2.7723343,3.031603,2.5678613,-0.0016659498,-0.21712211,0.00082981586,-0.023258597,-0.14085889,0.4510769,0.047502995,0.2226882,-0.04201722,0.06945276,0.4628509,-0.12440615,-0.3455753,-0.43902326,-0.2846031,0.05263853,-0.7544136,-0.10551749,-0.6216756,-0.46342605,-0.21887517,-0.25910062,-0.30010653,0.30702418,0.4229634,0.1480293,-0.27713323
1709,0.1797064,-0.24551535,-0.17959657,-0.873054,-0.27817768,-0.1607551,0.23014596,0.26852858,-0.12115514,0.8209339,0.16648667,-0.04605931,0.28377387,0.25261992,0.16298777,-0.54298735,-0.06217824,0.20462269,-0.25070214,0.14859387,-0.007176876,0.32128993,-0.12798202,0.33398914,0.29393584,0.1426145,0.061840594,0.09365058,-0.20647123,0.2626375,-0.03271833,-0.45640114,0.18776143,-0.32282954,-0.23458752,0.06610775
1710,0.13616702,-0.4614573,-0.121347964,-0.20355347,0.29720408,-0.47165278,0.04650128,0.14474526,0.013469815,0.24212277,0.36015353,0.10805321,-0.18972224,0.33763772,0.09688872,-0.03552179,0.22781539,0.14470902,-0.33504337,-0.1497212,-0.4018476,-0.6178647,0.26278275,-0.32634315,0.32747203,-0.2363918,-0.1495775,-0.48175648,0.16912296,0.4152034,0.25554955,-0.529573,-0.27375603,0.25312492,0.16944823,-0.19209719
1711,-0.18578947,0.015952319,-0.095087975,2.1560624,1.2209725,0.74643517,2.7687583,0.25047266,-0.032923758,1.4518096,-0.25933093,0.0089457035,0.37309676,-0.124376506,0.15123117,0.065443665,0.23770404,-0.15653473,0.08792865,0.07336978,-0.2805571,0.35654712,0.28202394,0.13400322,0.41379657,0.0057971478,-0.1591497,0.158568,0.07368481,-0.117040336,-0.11659697,0.5027981,0.20654276,-0.29360428,0.04687655,-0.061950147
1712,0.11299276,-0.45059037,-0.052612245,0.09201062,-0.2561002,-0.9654051,0.059575036,0.012398763,-0.3015008,0.03007394,0.2227386,0.11531997,-0.7290495,0.050510183,-0.14781386,0.24262679,-0.3460409,0.07278651,0.15422109,0.27791283,0.35122722,-0.033052266,-0.3194654,-0.6132334,-0.2220725,-0.62605107,-0.023258686,-0.072690755,-0.4368952,0.3630715,0.44657445,-0.27452824,0.0027331114,-0.39910805,-0.21950556,-0.6181464
1713,-0.3070997,0.25780815,-0.088115215,0.10464203,0.067298084,0.06149769,0.27211753,0.18486646,-0.16367078,0.33719897,-0.096966326,0.22632128,-0.074732274,0.54297936,0.2719798,0.34995943,0.24797942,0.02138859,-0.048655033,0.017054707,-0.11394465,-0.040097266,-0.039017826,0.3651315,-0.1465103,-0.47298104,-0.040320724,0.25202292,0.13793272,0.32075995,-0.18531269,-0.48743445,0.17415842,-0.3474768,-0.12459992,-0.10289651
1714,0.49762213,0.15290254,-0.5860765,-0.63338023,0.32325858,-0.36520118,0.09411639,0.7322022,0.27308553,-0.11300954,-0.55537367,-0.11224282,0.7383567,0.1483953,-0.0041509867,-0.19329602,0.1020716,-0.12505037,-0.6876018,-0.089769825,-0.24452817,-0.033131808,0.04729283,-0.027375728,0.19953749,-0.5196043,0.20065427,0.15047008,-0.24561256,-0.27186775,-0.58648425,0.1318593,-0.5965353,0.33746392,-0.116405934,-0.15331692
1715,0.19892395,0.566077,0.17708194,0.18526149,-0.3338135,0.17414507,0.05878091,0.2524606,-0.11452216,0.04789315,0.31199238,-0.18124104,-0.07771909,-0.20171839,0.024790227,-0.0685474,0.042488635,0.025251865,0.34196967,0.13594528,0.0008763671,0.01615861,0.38152593,-0.12135905,0.34966618,0.3801485,-0.079229355,-0.1688,-0.14566098,-0.027273953,0.064263724,0.41502196,0.023608983,0.16924864,0.030251801,0.14692533
1716,-0.05133617,-0.20098534,0.01941222,1.0398841,-0.1199415,-0.006670594,0.4101739,0.2111905,0.2719602,0.019379854,0.043427348,-0.08625567,-0.31126213,0.35208154,-0.008443415,-0.39059168,-0.1984846,0.17213121,0.15743896,0.22407529,-0.059740484,0.11674541,0.25015005,0.11664361,-0.07215178,0.11701693,-0.10290325,0.037924647,0.23595998,-0.16029763,0.046081185,-0.30155367,0.053851962,-0.14407912,-0.18413508,-0.06695241
1717,0.9935084,1.1326747,0.7143784,1.1488345,0.22268218,0.6451839,1.0295409,1.2134954,0.31203002,0.223903,-0.95819736,0.0073934793,0.27258205,0.14082101,-0.054893225,0.0054595694,0.38097382,0.57866126,0.13296765,0.54260087,0.061896324,0.31404647,0.56754816,0.24766864,0.29638094,-0.12981063,0.87731004,2.7855158,1.8371483,1.5750034,1.1183952,3.5581818,5.139938,0.38219172,0.09502417,0.38346416
1718,0.23373318,0.07022524,-0.19086242,-0.6368396,0.115948796,0.2084676,0.0030493587,-0.034544975,0.1143011,-0.39311182,0.3105197,-0.33596605,-0.42479658,-0.44875157,-0.16237807,-0.3735217,-0.03677368,-0.44868213,0.18480313,0.22708118,0.19547129,-0.060003676,-0.3089324,-0.3411177,0.22684169,-0.35858086,-0.41092676,0.32000935,0.07723498,0.01921618,0.04947841,-0.66872156,-0.08642328,-0.53010905,-0.0025592446,-0.320492
1719,0.75566393,1.4440105,0.21263582,-0.4396283,-0.06911219,0.099395536,1.5031133,0.008294657,0.3216757,0.19173881,-0.15797523,0.08275959,0.416963,-0.31119543,0.21598414,-0.17919649,-0.003218472,-0.12258761,-0.52531385,-0.33976328,0.030681327,0.07041597,-0.18474093,-0.9801442,0.06305795,0.7449646,-0.59579057,-0.31406826,0.03751272,-0.33611867,0.090783745,0.55544764,0.38080972,0.60127276,0.27996483,-0.5400975
1720,-0.13052206,-0.23919447,0.40026546,1.6690437,1.1118274,0.7896509,1.1521227,0.6279721,1.2911162,-0.540405,0.36526412,-0.08628732,-0.024784409,-0.07474461,-0.5793431,0.21140754,-0.34064072,0.062965214,1.0069983,0.18711728,-0.0937466,0.37618673,0.0021947473,0.30625865,-0.21637356,-0.34693405,-0.22583288,-0.40895444,0.3644473,-0.033814967,-0.3514012,-0.68428695,-0.011207327,1.5013721,0.25925288,0.06345868
1721,1.1078615,0.4333955,0.53025925,-0.025712937,-0.17858106,-0.041459978,0.4300446,0.20832847,-0.038303792,-0.2296887,-0.20576152,-0.032459497,-0.35242292,-0.09188651,-0.21623206,0.40827584,0.122876525,-0.14332539,0.18934739,0.19979176,-0.00980103,-0.091970265,-0.087178394,-0.16101736,-0.09550157,0.011097908,-0.004838586,-0.05212587,-0.16488624,0.06179726,-0.22809926,0.09363067,-0.09082365,-0.008349836,0.1614058,0.15421462
1722,0.12530984,-0.12032762,-0.1954647,2.9859586,0.80241275,0.1774295,0.7398566,0.6301858,-0.03805554,-0.08353309,-0.061389774,-0.14456159,-0.41214934,-0.00735268,0.0134394765,0.22286734,0.2753444,0.0021265745,0.3285094,-0.03874424,0.056163013,1.4524658,0.3027172,0.48268774,4.7153773,2.4273229,1.9074335,1.0870956,0.029678226,0.063191354,4.166264,3.128748,1.391243,-0.2795531,-0.07416013,-0.10469133
1723,0.42962557,-1.091659,-0.0037802532,-0.05289638,0.017104834,-0.014641553,-0.08526778,-0.43646318,0.130759,0.46742904,0.479222,-0.1491859,0.25145954,0.10539165,0.05574429,0.15387416,-0.21483082,-0.026697785,-0.22038376,0.02217763,-0.13617337,0.13874489,-0.39908206,-0.31636593,-0.06229955,0.21120042,-0.34538865,-0.7590656,0.5385022,-0.21741843,-0.14707899,0.22772264,0.19816563,-0.0040875077,-0.45691353,-0.12334353
1724,0.72490203,0.17089629,-0.1608289,0.37529534,-0.1782051,0.3096914,0.013336062,-0.08606221,0.24882892,-0.035250172,-0.02136005,-0.49581435,-0.16892932,0.9921535,-0.0024817288,0.6613688,0.27151653,0.09955263,0.30675536,0.2900352,-0.50288117,-0.4137748,-0.29170215,-0.10946925,0.003558427,0.13699052,-0.4879804,-0.43363354,0.061314404,0.16505088,0.0639036,0.14083512,0.29958373,0.091376245,-0.14167494,-0.29617512
1725,-0.39240944,-0.2861623,-0.44013742,0.37108982,0.24973811,-0.3414548,-0.15480101,-0.31498608,-0.21896267,0.6633444,-0.23576474,-0.25292104,-0.6559133,-0.07057935,-0.19716334,-0.15622014,0.061713755,0.05228292,0.14288071,0.17849559,0.2825619,-0.2667008,0.23763917,-0.08104181,0.6099992,0.37670904,0.13667655,-0.23575974,1.0295466,-0.047808528,-0.29579955,0.009915113,0.07286513,0.31344366,0.031151056,0.06786978
1726,0.041351914,0.10735089,0.079135835,-0.20623934,-0.18766314,-0.19270939,-0.006211221,-0.4682848,0.12946856,-0.0024914742,0.38989526,-0.08171421,0.25384587,0.18635541,0.14481604,-0.22205448,0.46627915,0.13345563,0.185817,-0.76559275,-0.10560334,-0.15115044,0.13216555,0.023619056,0.8403585,-0.30839106,0.04816103,0.09853685,0.21883735,0.24694371,-0.18345588,0.30732366,-0.03540194,-0.3683545,0.0012080073,-0.0017752647
1727,-0.24387684,-0.15197681,-0.2563535,-0.12928827,-0.21663511,-0.49058104,0.1916365,-0.27751634,-0.52404916,-0.44274768,-1.1347072,0.33208767,-0.07689531,-0.3817149,-0.2692306,0.40670204,-0.25279856,-0.12461236,-0.09357241,0.20136271,0.3364652,-0.6855041,0.54366165,-0.15922536,-0.5583718,0.23235837,-0.012779295,-0.66258574,-0.103740096,0.13467139,-0.11641148,0.2989689,-0.02919519,0.16713291,0.2302014,-0.09464973
1728,1.7870525,0.97575366,0.6813657,-0.19549832,-0.46938026,-0.20554698,1.5451983,0.06985673,0.083619535,1.0141358,0.59014803,0.17083931,1.0344831,0.58917,0.07319504,1.6859148,2.0689523,0.7172816,0.21931484,0.015814856,0.020853877,2.0354323,2.3315651,0.8483023,4.0303183,3.2793517,1.122569,1.1988117,-0.15793082,0.08180618,3.1334429,2.657525,1.3006508,0.13362995,0.20922321,-0.1070503
1729,0.49541634,0.10653921,0.09173414,0.2845726,-0.557104,-0.055731297,0.23443669,0.028429955,-0.12421703,-0.21591604,0.05398795,0.21124244,0.13815346,0.19387253,-0.110580415,-0.27440888,-0.34921938,-0.08021313,-0.36578798,0.5753865,0.14836964,-0.59603006,0.08729231,0.20051503,-0.49242932,-0.5411117,-0.38230854,-0.13337946,0.15495718,-0.22928351,-0.6723873,-0.12359494,0.16032961,0.043106288,-0.12666668,-0.054594517
1730,-0.17812002,-0.10259515,-0.40547377,0.52516013,0.4508965,1.9373366,-0.113523364,0.26572526,0.06970197,-0.19969273,-0.17877111,0.0025520623,-0.15705585,-0.23015791,-0.37609527,0.12346542,0.69420934,-0.034254752,-0.26385516,-0.2504854,-0.040748283,0.8610397,0.2187624,0.31308162,1.405782,1.9269872,1.6492186,0.08774167,-0.8378992,-0.35471827,0.6546353,0.14576438,0.5395038,-0.629491,0.007993937,-0.184829
1731,0.32966673,0.26178646,0.088967085,-0.3574592,-0.63534373,-0.40043724,-0.10932508,0.025577724,-0.113106474,0.21609282,0.37072182,-1.4397753,0.03491646,-0.038149893,0.16102266,0.3437336,0.78911054,0.04173863,0.66864055,-0.54014707,0.027008891,0.21976924,0.10016215,-0.73494375,1.0850807,2.4141998,0.21587795,0.5758264,0.04553032,0.26089245,0.6905458,0.42029113,0.27231652,-0.32730687,-0.0027921796,-0.3750254
1732,-0.091439545,-0.5100113,-0.45206556,0.082062066,-0.07380544,-0.21550801,-0.22724417,-0.06004232,-0.12562752,-0.061061367,-0.3719728,-0.3441519,-0.06870139,-0.19756255,-0.3221721,0.320764,0.021266103,-0.19853303,0.077309966,-0.47420645,0.21560764,0.3062721,1.0130818,0.94000566,-0.4224131,-0.09637052,-0.041119337,0.31600118,1.9264222,0.8556948,-0.45023912,0.16034833,0.21285611,0.39878374,-0.20857108,-0.09054899
1733,-0.063523024,-0.3849811,-0.12860048,-0.22359824,-0.040168464,-0.16648602,-0.13694057,-0.1574123,-0.08469427,0.082846224,-0.13687336,-0.058419466,-0.14148062,-0.1641841,-0.16182214,0.44588637,0.6440408,0.33567822,0.10819352,-0.012377396,-0.030670702,-0.094661474,0.28357726,0.14066339,0.017091393,-0.048252597,-0.07962024,2.9935844,1.1746609,0.87494075,1.2403593,1.2486427,0.5650494,0.0349226,0.123541534,0.11895758
1734,-0.08322029,-0.18422687,0.07496917,-0.23384127,-0.07339001,-0.2780448,-0.45226854,-0.5372059,0.35526675,0.14061356,-0.12410915,-0.26395595,-0.1113808,0.022770196,-0.41081724,0.3365655,0.5185182,0.25578606,-0.016117573,0.3890954,0.018277645,-0.58819366,-0.224399,-0.03544724,0.24357289,-0.41587937,0.288026,2.5816739,2.0701315,1.1702048,-0.19124448,0.476022,0.13331857,0.484905,-0.33006436,-0.25799748
1735,-0.12074298,-0.17155486,0.120332,-0.1546404,0.694777,-0.04000181,-0.74621236,-0.54119086,0.11777231,-0.31159964,-0.24349676,0.939027,0.3455705,0.24796087,0.24588996,-0.073170066,0.0125010535,0.064529076,-0.91664493,0.23595628,0.16552109,-0.5521797,-0.3140232,-0.6725509,-0.33148938,-1.4229311,-0.7752997,1.2588215,1.23752,0.54586446,0.083785586,-0.08495828,-0.3826504,1.5672668,0.61331224,-0.48545176
1736,0.6523919,0.43822497,-0.013739951,-0.044461668,0.22925694,0.18132243,0.20367318,0.4565934,-0.21007058,-0.72092664,-0.5934692,-0.53225714,-0.05733806,-0.07137689,-1.1275022,-0.3949905,0.039026335,0.073150605,0.21481109,0.4126314,-0.34081584,0.037553072,0.17472865,-0.024299458,-0.36332154,-0.6794932,-0.75930345,-0.018767774,0.1467546,1.1432763,-0.23370552,-0.2992976,-1.0107478,0.08467371,-0.5763699,0.28581434
1737,-0.49310362,-0.2249162,0.27111498,-0.17190754,0.21340841,-0.519299,-0.7856631,-0.16830802,-0.13399357,-0.33551496,-0.098215275,0.12840044,-0.29395574,-0.18991688,0.38143072,-0.28866327,0.3693021,-0.30053866,-1.2176812,0.2639298,0.11468601,-0.5080735,0.18497172,0.10521048,-0.45875856,-0.028618336,-0.10004717,-0.6717423,-0.15146202,-0.054029346,-0.5760766,0.20583132,-0.24094635,-0.8779672,-0.18435967,-0.33536237
1738,0.590008,-0.12863624,-0.04418522,-0.17835945,-0.0105035305,-0.44138154,-0.23412871,0.6770743,-0.1103791,-0.34280762,-0.09685469,-0.16704637,-0.023471653,-0.065654814,-0.26561332,0.26433846,-0.9887508,-0.31913525,0.05137658,-0.415023,-0.22368288,0.48904467,0.4622772,0.16158754,0.34029096,-0.13680649,-0.093110204,-0.04009074,-0.09411782,-0.03194213,-0.10433784,-0.5303378,0.095561266,-0.24879377,0.013649002,0.17562443
1739,0.4857912,0.3850757,0.4222006,0.005264382,-0.17939998,-0.3288619,0.94995457,-0.32034877,0.27064574,0.47512496,-0.17508125,-0.13849986,0.716735,-0.11763674,0.36501938,0.1566515,0.14046758,-0.029722452,0.096161425,-0.071417004,-0.052178442,-0.26021755,-0.07268256,-0.25031084,-0.5831635,-0.72406566,0.32475504,-0.06806159,0.16860273,-0.044330597,-0.25201297,0.22922955,-0.062600315,0.11883694,-0.008500099,0.20402557
1740,-0.14249413,0.18605405,-0.04081142,-0.6753274,-0.3578731,-0.19450343,-0.05476284,-0.50594467,-0.35908467,-0.16331087,0.13538533,0.01663512,0.12129691,-0.5430516,-0.46143928,-0.81900376,0.21368758,-0.14620638,-0.32255316,0.48070115,0.22229528,-0.35310158,-0.4118477,-0.045559525,-0.30334455,-0.19327031,0.02757901,0.28869703,0.016096294,0.03685242,-0.46339494,-0.382806,0.2417202,0.076729715,-0.15091673,-0.20390296
1741,-0.001247555,0.0419195,-0.39533097,1.4352057,1.9984109,1.6814048,1.9071733,0.54350406,0.746182,0.19048935,-0.023979634,-0.07332307,-0.1851969,-0.05026591,-0.0452047,0.87254095,1.3119361,0.037264287,0.7288344,0.39166373,0.05267781,1.1101199,1.20523,0.8447572,2.1476862,2.2861524,1.9577456,1.2262334,0.030451477,-0.024910092,5.8301144,3.975884,3.2960072,0.34834328,0.8597175,-0.023502529
1742,-0.53545,0.08553067,-0.25294918,-0.08307445,-0.06464362,-0.34087712,0.09797633,-0.32849422,0.20779145,0.1574074,0.66106933,-0.17691618,-0.15982336,0.27609384,0.21177816,0.40531772,-0.10544652,-0.18544948,-0.39658237,-0.011094809,0.3521326,0.2371245,0.36386335,-0.22027868,0.16392279,-0.16682327,-0.38327205,0.37588263,0.0056057274,0.39677158,-0.2755168,0.25387567,-0.1936835,-0.006080389,-0.17536816,0.069322765
1743,-0.035289407,-0.09606695,-0.26430494,0.108106256,0.028664216,-0.17112565,0.033819854,-0.3490779,-0.23969436,0.0018414259,-0.07035893,-0.3813982,0.044066727,0.0448128,-0.11843327,-0.062321663,0.2417936,-0.45456302,-0.014923692,0.12832199,0.03421414,-0.13635206,-0.2523772,-0.34827912,-0.11609876,0.12001935,-0.18004858,-0.25497568,0.06308851,-0.22617716,-0.23909396,0.105450824,-0.24689615,0.17561537,-0.00032772124,0.66318744
1744,0.22783753,-0.5605666,-0.20927922,1.3064646,1.5944988,0.8974217,0.73924,1.2514417,0.21028864,0.0512861,-0.23297942,-0.047741294,0.25699186,-0.48402536,-0.01265794,0.37875634,-0.41756254,-0.0841552,0.16742918,0.026607305,0.004728049,0.028649267,0.3154251,0.13428098,0.3364567,-0.16980442,0.12790784,-1.672168,-0.22803181,0.19485678,-0.28339893,1.1046016,0.5440434,0.20443112,0.22158244,-0.059647232
1745,0.13419634,-0.5541107,-0.32071164,0.06450474,-0.29787576,0.14430928,-0.45933652,-0.20023456,-0.3105563,0.080041125,-0.4401343,-0.37232125,-0.40819353,-0.36856318,-0.06681019,0.22276092,0.03313014,0.4019323,0.29269692,-0.08551696,-0.47915837,-0.77916366,-0.24295929,-0.047467053,0.8261702,0.2748286,0.21811157,0.013112307,-0.34221995,0.13322866,-0.36834246,-0.06397301,0.09859729,-0.84491843,-0.19450104,-0.3391978
1746,-0.1273979,-0.65656424,-0.11959112,-0.016091228,-0.08800292,-0.37688965,0.28838593,-0.04335469,-0.07423061,-0.26338506,-0.2179937,-0.018710911,-0.20354319,0.2050803,-0.49886152,-0.054224312,-0.08808983,-0.10468814,0.24944305,0.228261,0.18265384,-0.31521496,0.11256187,0.10529297,-0.23555034,-0.20505649,-0.06600839,1.2377151,2.7149577,1.7675953,1.2940533,1.8205878,1.6301017,0.062034726,0.18622029,0.03600508
1747,-0.12851167,-0.23212868,0.069085896,-0.4482742,0.2285001,-0.16987869,0.030310482,-0.10334273,-0.3083475,-0.21405876,0.16597922,-0.098341584,0.61548615,-0.56928855,-0.23978138,0.250188,0.43431228,0.4164717,-0.2941579,-0.095012546,0.08719593,0.536495,-0.1037426,-0.09366882,-0.23929974,-0.22823893,0.020031333,0.54726094,0.04272017,-0.0066759586,0.22624584,-0.34460986,-0.16318774,-0.111968935,0.4260844,0.38286713
1748,0.25045815,0.23245093,-0.10209559,0.13027447,-0.054930545,0.067230135,0.75983113,0.9479027,1.7186991,0.14453685,0.064303115,-0.3258917,0.44051492,0.07934181,-0.2850597,-0.22576886,-0.26567164,-0.072237834,0.09691323,-0.13965437,-0.09142837,-0.11062297,-0.32183748,0.061531637,-0.14022192,-0.09638563,0.23932835,0.15690973,0.005778253,-0.078192554,0.0020405948,0.083642006,0.12776114,-0.030023139,0.34961954,0.19259289
1749,0.16262671,0.11022496,-0.22544399,0.1923117,-0.122074366,0.05234256,-0.30653274,0.23480433,-0.5653356,0.22735286,-0.2095755,-0.43704987,0.2664038,-0.26991808,0.32721278,0.3033548,-0.1523835,-0.412071,-0.41614276,0.33604634,0.045184553,-0.2692091,-0.11140782,-0.30761456,-0.15979648,0.38986248,0.21519569,0.21135229,-0.44587308,0.14828414,-0.0048950315,-0.4462462,0.4672972,0.20373878,-0.13129362,-0.1421757
1750,0.58926815,0.06675559,0.16830418,0.012927294,0.43964309,0.26023793,0.27420604,0.100139976,0.48763263,0.72019756,2.7541187,1.4651765,1.2254949,1.2616838,3.1137109,0.0007828474,0.09121862,0.46209115,-0.37801135,0.10587233,-0.0101466775,0.37620896,0.086379856,0.16060257,-0.06296396,0.5341474,0.37469617,0.11225307,-0.18259525,0.030945897,0.3499576,0.43171972,0.3977906,0.116375715,0.076530695,0.08822257
1751,0.29699454,-0.27451563,0.0625661,0.57632583,0.7924338,0.5262974,0.25649568,0.10322662,0.80444884,-0.12159693,0.067911774,-0.19399762,-0.295882,0.4117299,-0.21395445,0.06391072,-0.41692787,0.0358665,0.103028655,-0.2685007,-0.10780732,-0.080866575,-0.48529863,-0.4724714,-0.12121004,-0.028272063,-0.15512143,-0.5653283,0.31101856,0.16235366,-0.2357106,-0.106859446,-0.80348706,-0.025481343,-0.41779,-0.30836767
1752,0.36287916,0.37844574,0.15750244,0.0508433,0.17888087,-0.20488848,0.5969846,0.52398044,0.99876696,0.07570928,-0.06837694,-0.1389041,-0.1810478,0.51666725,0.018459767,0.030289829,-0.27562797,0.10378861,0.069711566,0.01043117,-0.2669723,-0.03939408,0.12625104,-0.32722306,0.07270521,-0.03520876,0.07033324,-0.048478216,-0.22051212,-0.401052,0.095659316,-0.2991079,-0.2680209,0.4653176,0.32349887,0.62223876
1753,0.119273424,-0.18056351,-1.1372426,0.5776088,0.17903179,0.65782964,0.5109531,0.42113632,0.45847642,-0.055942655,-0.09887864,-0.34852114,0.071576476,0.80106735,-0.4920317,-0.04847008,0.22737435,0.64118665,-0.43081367,-0.06432729,-0.035725713,0.21242481,0.4012125,0.5054444,0.79410803,1.8577313,1.8768522,-0.21016318,0.10566425,0.24258468,2.3156998,1.2426842,2.3227637,-0.2394835,-0.27330318,-0.49354577
1754,-0.019915447,0.25925767,-0.5343162,-0.18212065,-0.30859822,0.13902801,-0.09290394,-0.019814134,-0.5552796,-0.3758643,0.15016574,-0.1507371,0.05531916,0.9377869,-0.48096168,-0.013853222,0.22305852,0.60777515,0.09406948,0.21424301,-0.07412052,0.024443448,0.22528255,-0.17382075,-0.18686946,0.54308283,0.5270587,0.40332097,0.52492774,0.1097613,2.184636,0.40513644,0.84818536,-0.17028797,-0.7730626,-0.43931296
1755,0.01387319,-0.065371275,0.30552238,-0.5694536,-0.32468393,0.055685926,-0.24890095,0.33416143,-0.4665085,-0.030246258,0.061226353,-0.48397112,-0.5021164,0.07802046,-0.37673363,-0.066542625,-0.21421579,0.14784846,0.20559151,-0.05036155,-0.22079405,-0.20468959,-0.6427846,0.2789871,0.7372103,0.40525922,1.853372,0.23950598,0.0047703236,0.610679,1.2062943,0.120299816,1.1762043,-0.24959722,0.032706372,0.2361832
1756,0.20753276,-0.0669691,-0.40313998,-0.03197658,0.32773468,-0.04711795,1.1405413,-0.08984125,-0.038139444,0.5998083,0.6385959,0.95993537,-0.11910977,-0.33686066,-0.063916445,-0.14692241,-0.19676873,0.06999552,-0.13496993,-0.37756845,0.57945144,-0.27917093,-0.38806093,0.22489893,-0.39044365,-0.00755246,-0.428579,-0.6256863,-0.0982959,-0.16481066,-0.082481116,0.37524128,0.0711962,-0.20515674,-0.0072265565,-0.02304584
1757,-0.66116196,-0.325245,-0.13320532,-0.38246155,0.31379682,-0.019088387,-0.4526101,-0.29810095,-0.071154475,2.1582174,1.0411886,0.7575204,1.2973324,0.75696445,0.14387056,-0.06343077,-0.2933743,-0.019697785,-0.20633602,-0.44939727,-0.39856526,0.094938375,-0.26690704,0.05068314,-0.38434386,-0.272587,-0.34261936,0.5425699,0.45924342,-0.1262902,-0.35967708,-0.19858435,-0.01296562,0.29002127,0.3404648,-0.0111374855
1758,0.1236586,0.3837595,-0.68612313,0.1437524,-0.013783455,0.117764056,-0.18583435,-0.68352836,0.02560541,0.011124611,0.34852904,-0.06286843,0.37556943,-0.14604786,-0.06136048,0.41192245,1.1219951,0.11527744,-0.682193,-0.1334922,-0.4620107,-0.031418383,-0.40995878,0.24841642,0.57979864,0.045588464,-0.35206002,1.496895,2.7984014,0.8252058,0.094192356,-0.025915712,-0.4489411,0.06232798,0.047379732,0.49664617
1759,-0.40040982,-0.4584612,-0.07757735,-0.44298297,-0.041457444,-0.11042374,-0.07476729,-0.43051648,-0.030807137,0.43992162,-0.109439045,0.13686275,-0.2072506,0.22229517,-0.015253365,0.01324144,0.06972231,-0.079156995,-0.2722339,-0.06081623,0.09441626,0.3136233,-0.5485422,-0.34347028,-0.34408283,0.0054795146,-0.08819264,0.5290483,-0.055619776,-0.12687266,-0.022875011,-0.11905429,-0.21152961,-0.027672648,-0.17836276,-0.020098805
1760,-0.24390596,0.051715627,-0.39250684,-0.22263569,0.012608856,-0.7488418,-0.48631966,-0.29537722,0.030809581,0.37103128,0.26896057,-0.014549375,-0.31691134,-0.042302012,-0.088401735,0.2910009,0.48986456,0.01697576,0.3672024,0.026734471,0.4830011,0.29333138,-0.6575602,-0.28194776,0.66889626,-0.131799,0.15514025,0.13131478,0.7678999,0.38597822,-0.24665797,-0.1512934,-0.1437794,0.0043663383,0.35252488,0.027635336
1761,-0.24762106,-0.4168693,-0.21852732,-0.25128555,-0.51328766,-0.19767964,-0.05087751,0.039089605,-0.004415393,-0.052932262,0.054681987,0.02705121,-0.42137146,-0.13039732,-0.02587533,0.18468416,-0.13894498,-0.23477846,0.07560301,-0.51307875,-0.16710794,-0.05898734,-0.16630638,-0.17335987,-0.32235464,-0.1204139,-0.022884011,-0.10176402,-0.42092428,0.0713619,-0.28564095,-0.3242079,0.09495032,0.12118903,-0.16863278,-0.15113735
1762,-0.06117405,-0.32718927,-0.17506531,0.39163953,-0.18722045,0.35412866,0.20415357,0.14650446,-0.40051723,-0.15502053,-0.09665328,0.017963588,-0.58044547,-0.17238516,-0.4113151,0.27885616,-0.9618799,-0.26850456,0.02723457,-0.006818205,-0.21358055,-0.8401991,0.4188617,0.18532605,-0.00062191486,0.035844885,-0.19102347,0.14395356,-0.15509859,0.38837388,-0.014153361,0.8919355,0.041227937,-0.446052,-0.085558295,-0.19105887
1763,-0.245956,0.15299806,0.036154956,-0.5365621,0.19069985,-0.32018256,-0.07449503,-0.24671482,-0.11880404,-0.113256216,-0.16622585,-0.25140753,-0.2402513,0.111852005,-0.26365882,0.028727472,0.27627587,-0.05075276,0.065301895,0.05334919,0.23588753,0.07822406,0.17760384,0.27880964,-0.006373614,0.28535667,-0.15504408,0.17149177,0.10563561,-0.21074477,-0.17348109,0.54957867,-0.11022967,-0.28658217,0.070774406,0.052956223
1764,2.2921915,0.679494,1.8127184,0.19738132,0.68467396,0.56840956,2.0686116,0.8415792,1.5521129,0.5043233,0.6873743,-0.20799959,0.12424052,0.04066938,0.4131281,-0.11924589,-0.45058084,-0.37059945,0.45773044,-0.1984178,-0.38590494,-0.120595336,-0.016566515,0.34481478,-0.039960206,0.3323631,0.072936654,-0.10624371,0.33547854,-0.066325426,-0.081130385,-0.58829,0.27836704,0.67537785,0.6877444,0.43866163
1765,0.24613729,-0.32549074,0.004073411,-0.20014367,-0.21546406,0.041208506,0.38925824,0.110551804,0.18232918,0.27263117,-0.35606584,0.21106577,-0.10849488,0.18411604,-0.22142518,0.49251837,0.14659515,0.049895287,0.047825873,0.20579806,-0.35013843,-0.57831645,0.70669794,0.08172655,0.15463825,0.3992697,0.3411408,0.06055212,-0.15705383,0.20545393,0.404118,0.18623406,0.13319689,0.20458478,-0.25465244,-0.105567396
1766,0.027868152,0.13710985,-0.48684755,0.5589254,0.40458325,0.18869404,-1.0351552,0.2116026,0.4972695,-0.42646968,-0.29760566,-0.10405788,0.86242354,-0.06528035,-0.13785422,0.7612058,-0.47584227,0.31185293,0.0977059,-0.011648595,0.0067214966,-0.4403361,0.44813704,0.004173219,-0.08665892,0.055997133,-0.03637749,0.20028204,0.628178,0.39291176,-0.31350604,0.012883127,-0.77658814,0.121685006,-0.6321214,0.4357162
1767,0.23751214,-0.04959637,-0.07178381,0.56693816,0.63486767,-0.08699707,-0.10250756,0.5012948,-0.123507604,0.18615142,-0.19983572,-0.21826798,-0.021674752,0.12864581,-0.69582057,-0.2800691,0.3520209,-0.27585456,-0.13264768,0.08491797,0.0726859,-0.22658157,0.12566704,-0.09048468,-0.019272387,-0.13435364,-0.102935195,0.2593808,-0.3305089,-0.21638715,0.36409837,-0.24467552,0.22426647,-0.45067656,-0.27430105,0.67006326
1768,-0.2922411,-0.09441054,0.0358752,0.44487393,0.14926046,-0.013239622,0.55282986,0.022783093,0.6511264,-0.07944465,-0.42477056,-0.59651643,-0.40577126,-0.2981079,-0.20503306,0.22474824,0.29014066,0.47988445,0.5501989,-0.15550295,0.20364837,-0.29129663,-0.6319386,-0.31502378,-0.30413043,-0.33675957,0.9419092,0.364748,0.4759422,-0.26077408,-0.36072814,-0.7293264,-0.053721428,0.09054184,-0.48335886,0.0023503304
1769,0.19179866,0.15064639,-0.07663308,0.285855,0.04224229,-0.2713365,-0.14342237,0.067782626,0.2404658,0.109893724,-0.0022150874,0.11352903,-0.18664345,0.15019956,0.013990283,-0.39539647,0.22037262,-0.076250315,0.7081294,1.1863533,0.6570218,-0.34092626,0.012728035,0.24823442,0.14711562,0.2035968,-0.22883105,-0.09098012,-0.0009803176,0.4153344,-0.23091996,-0.010990888,-0.51186275,-0.28073317,0.034099944,0.26606792
1770,-0.12302205,0.41032618,-0.049208343,0.9534174,0.20569897,0.022842497,0.14554526,0.08930524,0.23922849,-0.30084303,-0.10520451,-0.783082,0.057054847,-0.3597937,-0.1363715,0.022072464,0.10456173,0.13709426,0.027868748,-0.1667341,-0.25670058,-0.11404303,-0.28687608,-0.38244313,-0.10182965,-0.5353098,0.049971342,-0.33592382,-0.37962973,-0.7527423,-0.656893,-0.2981521,-0.13603228,0.07938236,-0.0678581,-0.03379202
1771,0.32458425,0.3304032,0.03414838,1.7327081,1.2814958,0.8146063,0.66197133,0.44222403,0.9961844,0.10620546,0.3588954,0.7829608,-0.2775097,0.07354611,0.029262006,-0.15109208,-0.2719482,-0.23120022,0.3080079,-0.008055061,-0.12422827,0.102643356,-0.6020876,-0.27677867,0.18452522,-0.4238546,-0.0023459792,-0.8151707,-0.13370192,-0.4319389,-0.2899201,-0.07983151,-0.2771518,-0.16950165,0.47811532,0.07101852
1772,-0.0017029643,0.743158,0.06955284,0.12510765,-0.040178105,0.07500781,-0.22845626,-0.0856244,-0.094792485,0.33042622,0.50427365,0.14419651,-0.10208124,-0.18242581,0.00042310357,-0.3953577,-0.34372556,0.10958031,0.13284546,0.14294109,0.04956335,0.31823793,0.091792256,-0.11025582,-0.046512067,0.74006647,-0.01301229,-0.4409971,0.06696227,-0.54028887,-0.019583046,0.19678369,0.4029487,-0.008409202,-0.25395364,-0.34485328
1773,-0.10332838,-0.18324125,-0.16798347,-0.45285183,0.045020163,-0.14373896,0.32009214,0.22638279,-0.01914823,-0.07641527,0.025398612,-0.09279132,-0.56836486,-0.2528297,-0.103381574,-0.45024312,0.11042446,0.032494903,-0.042161644,-0.003996372,-0.060577393,-0.5480579,-0.36918965,-0.1539051,0.06980771,0.08168774,-0.055607498,0.6468427,0.30018744,0.09776801,-0.6280477,0.015048683,-0.1553956,-0.33999008,-0.0804051,-0.057974815
1774,0.7066653,0.21293253,0.15953052,0.6843249,0.26931986,0.5474075,1.5001305,0.5025512,0.28098258,-0.4058777,-0.20550105,0.14936417,-0.44847178,0.30650598,-0.048540175,-0.24246714,0.11361851,0.041378498,-0.11560249,0.08375186,0.58640707,0.026266396,0.3426894,-0.118483305,-0.12458336,0.43599075,0.30927026,0.42666215,0.4277412,-0.011790037,0.2725502,-0.11720413,-0.27002227,0.1781948,0.52672595,-0.07248223
1775,0.32386324,0.61501235,0.5339499,0.6157041,1.0864459,2.1429992,1.1873736,1.8779714,3.237256,0.11627948,0.026117444,-0.30225706,0.1559,0.20314947,0.31747594,-0.15610367,0.15934241,0.46096992,-0.0683105,-0.1422877,-0.017775536,-0.020725429,-0.34041804,0.17561588,0.15057206,0.10746043,0.50673187,-0.40283787,0.027657598,0.07111168,0.011207402,0.0747121,-0.090739876,0.08776915,-0.40574917,-0.26540816
1776,-0.578788,0.0112936795,-0.04446903,-0.32107934,-0.253416,0.12193143,-0.7782176,-0.6034655,-0.33434078,1.8462771,1.8206916,2.7592878,0.29122517,0.37926635,0.66328585,0.022360563,0.20744333,-0.08991316,-0.27777135,-0.06448434,0.07976195,-0.3201605,0.58966404,-0.2777888,0.53387,-0.66223216,-0.6191601,-0.5311593,0.4123968,0.45987767,0.27944893,0.35014486,-0.103275776,-0.49659187,-0.23230062,-0.34075063
1777,-0.05685723,-0.08247284,0.36131585,-0.3502704,-0.057053655,0.17798054,0.24835116,-0.009257376,0.01201877,0.20632283,0.72065973,0.21360122,-0.37947524,0.49719647,0.21955389,0.34834486,0.03244421,-0.3383453,0.009529948,0.77568233,0.05181797,-0.16482468,0.5526093,-0.16711152,-0.35295343,-0.72876227,-0.47267187,-0.09154558,-0.30512145,-0.05489865,-0.34010994,-0.47930598,-0.17020467,-0.4818648,0.076781794,-0.16856584
1778,-1.5971123,0.04288304,-0.3424518,-0.45672998,0.29472914,-0.14001906,-0.79089713,-0.3378337,-1.1394721,0.94002366,-0.07854274,0.14208929,0.53439075,-0.46742153,-0.19783181,-0.5037347,0.16161078,0.2445907,-0.5582924,-0.26992804,-0.24030775,0.21002,0.018390507,0.29091763,-0.00035762787,0.40831915,0.80159795,0.15634598,-0.6500557,-0.31775716,0.16677658,0.080257595,-0.2856157,0.07026917,0.28584212,-0.42516658
1779,-0.6398786,0.43511146,-0.047318757,1.6670619,0.12772554,0.33400613,-0.31173912,0.5226388,0.10196614,0.3751019,-0.40633243,-0.5923188,-0.6900935,-0.13223265,-1.2886977,-0.10561943,-0.069215596,-0.077302426,-0.3005251,-0.02498968,0.12574232,-0.025666833,0.41230965,-0.4428873,0.11747342,-0.18187495,-0.30445498,0.81010884,0.3378934,-0.2515077,-0.25132495,-0.950482,0.0476622,0.19369411,-0.9495181,-0.5614302
1780,-0.32661736,0.19499806,0.09347972,0.02176845,-0.19692196,-0.42479163,0.1874063,-0.06967759,0.21633339,-0.00778234,0.10645652,-0.49126908,0.099220514,-0.026027605,-0.20128754,0.039458632,-0.03505692,-0.43048435,-0.096624136,0.9747851,0.38482904,0.1420337,0.2257456,0.27827722,0.25583056,0.14609188,-0.0873663,-0.14202167,-0.20117009,0.67635715,-0.13241583,-0.017723083,-0.38549706,0.14718011,-0.23230849,-0.54957855
1781,-0.24800974,0.47248858,1.0703677,0.18902119,0.09107679,0.24917331,0.38971746,-0.16319406,0.09740925,1.2946868,0.21456078,0.7425379,0.05012557,0.105578125,0.075158715,0.22812259,-0.32796907,-0.41579032,0.3852478,0.46857306,-0.40675503,0.10710495,-0.23572469,0.22727284,0.20736584,-0.25767085,0.007938445,-0.25696063,-0.50570816,0.4064054,-0.624243,0.30530727,0.05790806,0.42308,0.657583,0.18010753
1782,0.0013126135,-0.050267667,0.49588746,-0.028549671,0.15757023,-0.16992116,0.18208176,0.4434099,0.034437597,2.1750484,0.50712514,-0.07443339,1.1784661,0.95672476,0.6683229,0.23288321,0.15821576,0.13392907,0.5691113,0.3958423,0.09677696,-0.34250793,0.24200152,-0.050698996,0.2528479,-0.16396275,0.16867134,-0.43469587,0.08716233,0.07187796,-0.062492967,0.1664487,0.045762718,0.19877803,0.22919488,-0.07552403
1783,-0.27716613,0.07349864,0.020712793,0.23202753,-0.1491746,-0.17314008,-0.07099402,-0.060836613,-0.052759886,-0.38940775,0.093547285,-0.1534906,-0.37866735,0.10113919,-0.005835891,0.21633336,-0.17268044,0.0023152828,-0.2789135,-0.063999906,-0.0017470717,-0.11243957,0.23767328,0.08486313,0.4199272,0.049295694,-0.03393674,-0.38326365,-0.08943987,-0.17531383,-0.25495142,-0.7575816,-0.18136048,0.105886,-0.14356887,-0.09553975
1784,-0.12428737,-0.3933429,-0.06631619,-0.4777863,-0.079498634,-0.18799889,-0.2840237,0.21311174,-0.08151609,-0.36442995,0.11365865,0.03336239,-0.3268572,-0.07372272,-0.03958136,-0.09670697,-0.49802357,-0.086583436,-0.038336992,-0.31766325,0.016087592,-0.08475834,-0.14590222,-0.059701025,-0.08430445,-0.013363674,-0.24815553,0.2506541,0.5517782,0.19950235,0.017325006,-0.096771926,0.041116476,-0.24562696,-0.03090313,0.15582559
1785,-0.007395506,0.002867341,-0.055699646,0.14901996,-0.010490604,0.004185438,-0.1934996,-0.58389866,0.005464375,1.5740684,0.9733414,0.2035225,0.10514647,0.35305822,0.16703498,0.4520424,-0.011255473,-0.20427942,0.21473937,-0.094102964,-0.66507995,0.13933444,0.02720657,0.13725942,0.3420862,-0.28800374,0.13754302,0.09653807,-0.23426872,-0.001642108,-0.028219843,0.07676321,0.010496914,0.1424714,-0.0045347214,-0.018566728
1786,0.28608257,-0.1742967,0.005599946,1.5683157,0.036306527,-0.19784912,0.23193634,0.23047262,0.2944411,0.1423006,0.1428862,0.025541902,-0.25746322,-0.39587623,0.0013990402,0.4696142,0.31480724,0.069621205,0.14122713,0.09795989,-0.05357808,0.16798943,0.3248551,-0.06938261,-0.05465749,-0.13403264,0.030169368,0.30652922,0.05866476,0.2009986,-0.036604762,-0.19958779,0.04551959,-0.30988595,0.06937188,-0.05018276
1787,-0.012248397,0.01094079,0.7835986,-0.24578862,-0.17048448,-0.069583766,-0.41285142,-0.07443392,-0.17912185,0.52709746,1.1258857,0.6659484,0.14756346,-0.111602545,0.52900505,-0.11242199,-0.4582467,-0.110467136,0.30851078,0.18201053,-0.049838096,0.13965821,0.36392388,-0.18731983,-0.3174665,0.39249286,0.017634034,0.22176135,0.3218122,-0.19028723,-0.11642739,0.6714435,0.6821972,0.8560616,0.6878644,1.4313248
1788,-0.6057148,-0.15778044,-0.008006513,0.48397315,-0.087391876,-0.19048062,0.26414192,-0.22701854,-0.08014566,0.38624156,0.7645308,0.17470336,0.14350101,0.56139946,0.27166462,-0.05044502,0.19701262,0.10815096,0.5130172,0.42073414,0.23808545,0.08044672,0.21916877,-0.5095762,-0.23071426,0.18847758,-0.053305984,0.42923278,-0.27643642,0.09839803,-0.06834838,-0.097717054,0.023532748,0.04387246,-0.10583192,-0.07400048
1789,-0.5414275,0.11908153,0.098535985,-0.07490969,0.053609088,-0.5128198,-0.36125547,0.17040263,-0.042192817,-0.48610795,0.34768724,0.03577274,-0.22765148,-0.5598063,0.019881606,-0.11604699,-0.36157155,-0.3092816,0.49592233,-0.535449,0.22491807,0.25941443,-0.5058689,-0.21797252,0.37394837,0.064140856,-0.13240713,0.20554715,0.09989965,-0.18871683,-0.12208605,-0.49462366,-0.061816573,-0.059765346,-0.05698535,0.12430996
1790,-0.04373145,-0.24716365,-0.2627535,0.19898039,0.31871673,0.07614068,-0.029080987,-0.3000205,-0.38060665,-0.17228425,0.19854137,0.3773054,0.31366634,-0.17420699,0.40624732,-0.34298053,0.5257001,0.27754354,-0.20964181,0.22092265,0.36667347,0.36915535,0.03369683,0.48621765,-0.06101176,0.26789564,-0.14946146,0.028915465,-0.61802244,-0.03706366,0.10853481,0.07620424,-0.14747673,-0.04800141,0.3608918,0.10502112
1791,-0.27060997,0.2944833,-0.46621394,0.60881096,-0.16461003,0.22552845,-0.2644458,0.035369337,-0.497542,-0.016018808,-0.07505563,-0.3625225,0.58816963,-0.49457765,0.5697028,-0.16473383,0.7627672,-0.21400833,-0.3407159,-0.5701732,-0.29100838,-0.8512943,-0.21473068,-0.008081198,0.245882,0.78115827,0.7551032,0.39003593,-0.28216898,0.28153455,0.9079136,0.80841076,0.45137715,-0.75017494,0.15698817,-0.60855573
1792,0.09613228,0.112781376,-0.1495279,0.3438614,0.070849195,-0.16699433,-0.51093316,0.40241656,-0.24347991,-0.060426712,-0.2330161,-0.5787068,0.1778794,0.15887982,0.35390845,0.5335757,-0.012979887,0.0039349794,-0.31088638,-0.25188547,-0.4129389,-0.04627633,0.4115772,-0.07054365,0.21071178,0.97829604,-0.2809158,0.6840525,0.09820533,0.041282088,0.5046916,0.30398571,0.23235297,0.20428532,0.016234607,-0.49991453
1793,-0.005934477,-0.18006891,-1.1042613,0.2549064,-0.7044996,0.32455468,-0.1816324,0.18970975,-0.10689485,-0.1648036,0.13800353,-0.01171726,-0.03266406,0.024055362,-0.077742755,0.5483239,0.5378977,0.6479047,0.046230312,-0.41562465,-0.08287692,1.21342,0.7442891,1.003417,2.8463237,3.1918344,3.4035897,-0.06893057,0.29343134,0.13490412,2.273363,1.0646106,2.26349,-0.55801105,-0.13278335,0.19272041
1794,0.09048426,0.010896534,0.062051058,-0.016189516,0.37062663,-0.051003426,-0.4397144,-0.43976688,-0.023751974,-0.2534932,0.80556536,0.2601,0.030268312,-0.09294081,0.06392872,0.22124107,-0.37842602,-0.12872952,0.4244491,-0.36799142,0.0854578,0.21902072,-0.24503002,-0.36503386,-0.5107049,-0.52115417,-0.21628892,-0.052504063,0.07610524,0.057169676,-0.29607144,0.010469437,0.17337508,0.7606224,0.85753167,0.12108368
1795,0.6914495,0.10454905,-0.031117857,0.5422963,0.12052323,0.13964415,-0.13166344,0.34422818,-0.11381531,-0.15046132,0.81288373,-0.03190124,-0.11503917,0.09398785,-0.0007902384,-0.097633734,-0.16412616,0.12961453,-0.36566788,0.0808174,0.0798533,0.51325506,0.08900522,-0.21271569,0.440809,0.021535024,-0.14747298,0.21050937,0.10302746,-0.12247789,-0.47066414,0.77417934,0.029702276,0.72591454,0.2233842,0.088324904
1796,-0.46515504,-0.34829032,-0.34176502,-0.76790005,-0.13350205,-0.19633919,-0.25598243,-0.22869432,-0.03680873,1.7822509,2.884617,1.1574566,0.87621593,0.3986156,0.20526105,-0.07137565,-0.16032928,-0.17984599,-0.08284169,0.00731346,0.11038393,0.053591818,0.0830245,-0.04914069,-0.0649609,-0.7382945,0.2609172,0.24193957,0.543077,-0.13238454,0.1716232,1.0322572,0.5886522,0.22792092,-0.09051186,-0.31491202
1797,0.53007805,-0.06730127,-0.06155157,0.088786244,0.13121665,0.7994435,-0.051291153,0.15230167,-0.24093837,0.393687,-0.29515672,0.19817221,-0.55344015,-0.5731244,0.17234606,0.44524288,-0.22206634,0.42369318,0.34511203,0.20505673,0.5929569,0.9688597,0.20837706,-0.11737561,-0.0052503347,0.047169387,0.878765,0.07810788,-0.16472344,0.20484632,0.45511952,0.55382675,0.30285907,-0.600636,0.31117016,0.29066086
1798,-0.020150721,-0.24519269,-0.35282347,-0.08372617,-0.45321682,-0.20537317,-0.29402328,-0.14535603,-0.23819876,0.21631673,-0.6272657,-0.16889894,-0.13009281,-0.1367475,-0.24803188,0.5231135,0.051336944,0.20282292,0.05082485,0.23093107,0.050930798,0.16957188,0.3294995,0.29112914,-0.05106306,0.4900251,-0.052520335,1.0548446,0.47787282,0.6329397,0.4258964,0.6762594,0.8413675,-0.18251228,-0.09400144,-0.078794956
1799,0.023574159,-0.10063869,0.03229639,0.026899695,-0.4354384,-0.09285903,-0.38830894,-0.16318487,-0.021257877,-0.25762367,0.12088247,0.09294957,-0.06520287,-0.3655217,0.07864231,-0.42416215,-0.5658887,0.04936278,0.12400746,-0.19487122,0.021111965,0.3543837,0.35776377,0.09836626,0.71714383,0.21540385,0.2800871,0.83085555,0.089529805,0.14067829,0.27697647,0.44322714,0.3736359,0.17992797,-0.08820894,-0.2278173
1800,0.8667252,1.1400731,0.09657505,-0.15186036,-0.4150943,-0.33424145,0.4227183,0.20656931,0.07564551,-0.7966938,-0.18853728,-0.16269445,-0.16528416,0.10569663,-0.45573008,0.103604555,0.31167623,0.23156026,0.66224015,-0.01638652,-0.25604743,1.2958512,0.581718,0.1484003,-0.4781041,-0.10565078,0.15664583,0.47249132,0.768769,0.60970306,0.07495588,0.31679153,0.31325877,0.10918018,-0.520178,0.09703332
1801,0.23156333,-0.17336786,0.14815235,-0.04876578,-0.32010734,-0.3081978,0.16574287,0.11598885,0.22964138,-0.13384074,-0.09074718,-0.12028414,-0.1673863,-0.18777847,-0.17474842,-0.45487738,0.028304785,0.11073983,-0.15323508,0.08824338,0.10222316,0.44816846,0.18828554,-0.25050086,0.09841716,-0.19495548,-0.041748106,0.7077545,0.31403565,0.029613197,1.2604916,0.07482067,0.21889871,-0.022148073,0.49729437,0.039456367
1802,-0.7883933,0.100417435,0.0036616623,-0.470397,-0.0554301,-0.07867813,0.14447343,0.07231961,-0.04033959,0.25340712,-0.12313021,-0.1071538,-0.26725793,-0.042997435,-0.012394398,-0.27197644,0.053574055,-0.024504185,-0.7830863,-0.14590923,0.02884385,-0.058623523,0.33148095,0.021935403,-0.053632617,-0.03292923,-0.016233861,-0.033563435,-1.0063717,-0.09647533,-0.11400539,-0.10764174,-0.07060027,-0.023898914,-0.016760916,-0.06661007
1803,-0.38078386,0.017914653,-0.041946113,0.7344218,0.14146668,-0.09313291,-0.19843137,-0.11138874,-0.20651132,-0.4131391,-0.58400285,-0.0055544376,-0.29872793,-0.017873168,-0.08774239,-0.08512509,-0.60047126,0.300507,0.15931773,0.23945531,0.071763396,-0.4013374,0.17644104,0.0039997697,0.09470093,0.7094738,1.4163715,0.987059,0.24663793,0.21967232,0.98784876,1.1957107,0.8449997,0.2971745,-0.063085735,0.066153586
1804,-0.26371408,0.1335069,0.24059623,0.21991467,-0.056967184,-0.030036688,0.046601057,0.3825348,0.013396621,0.12722415,-0.14652884,-0.14251572,0.1014688,-0.0058684945,0.01705414,-0.3356706,0.0077360347,-0.082449734,0.6241454,-0.0715966,0.0359419,-0.11730707,0.07375154,-0.025435507,-0.06595044,0.019966573,-0.017966509,0.052327037,0.30025056,-0.03263557,0.086838245,0.089524925,0.059939325,0.3070587,0.1826506,0.10278791
1805,0.09141946,0.8786341,-0.30974764,1.1526903,0.25758982,0.47180438,-0.28442758,-0.26354593,-0.22429956,-0.596647,-0.32904842,-0.29984525,-0.341554,-0.012498885,0.024535239,0.15617883,0.46842545,-0.3743307,0.16855878,0.08294535,0.41255677,-0.26687932,-0.27653337,-0.13051242,0.031906947,0.38436598,0.043709278,0.29739213,-0.11208108,0.22291249,0.029663444,0.27685043,0.13210925,-0.068258524,0.026068568,1.2937297
1806,-0.16736707,0.0828647,-0.24563745,-0.13662708,-0.78432083,-0.02605015,-0.13882682,-0.116369605,-0.04753056,-0.8200606,-0.22005606,-0.104453504,-0.37509197,-0.22111142,-0.50738835,-0.4450553,0.3395371,0.36208302,0.6668247,0.43628645,-0.07920015,-0.38360712,-0.07346961,0.29914215,0.061195903,0.15974754,-0.257241,3.079887,0.7034902,0.6812991,2.6863136,1.725429,0.952083,0.80449617,-0.30994838,-0.07241318
1807,-0.40471566,-0.25923747,-0.09418905,0.21715268,-0.24541524,-0.35516363,0.14191245,-0.48372108,0.14432415,0.22618282,0.85915184,-0.16811262,0.035907,-0.17028043,0.2430901,-0.58650905,0.3218889,0.25810456,0.50271505,0.39051646,0.05034846,0.128139,0.2431032,-0.06440652,1.1137209,0.668849,0.17083985,-0.2895686,-0.116098985,0.21186355,0.14107452,0.23748884,0.20121393,-0.23070872,0.1763714,-0.37524045
1808,0.52873725,0.5136942,0.04651141,0.23467903,-0.54490775,0.097844064,0.07233529,0.4040953,0.21869475,-0.5064355,0.42203718,0.09788245,0.1599266,0.19663073,0.025904119,0.056013346,0.5269341,-0.011235952,1.5557173,-0.31583118,-0.03201562,-0.5152874,0.089601785,-0.10325259,-0.2607134,-0.3708483,-0.36466205,0.097729445,-0.11231864,-0.036782384,-0.08991563,0.06005454,0.07897839,0.10917589,0.023307264,0.19852722
1809,0.03613782,0.14690383,-0.09151068,-0.21772838,-0.06897651,-0.08214581,0.056106925,0.0047433376,0.090746224,-0.9318137,0.04203078,0.12330389,0.051179767,-0.041227818,-0.0002707243,-0.19003966,0.014036529,0.011971176,0.49580216,0.02651617,-0.011562824,-0.27580208,0.016038388,0.070090294,-0.1539058,-0.069444925,0.00047314167,0.41885155,0.07689576,0.012046218,0.038684964,-0.20809668,0.03338009,-0.018522479,-0.18223734,0.06602836
1810,-0.073329926,0.063730225,0.113773346,0.6917437,0.5149734,-0.1258409,0.12925476,0.34984562,0.19744867,0.31072092,-0.09364729,-0.23537254,-0.00703685,-0.44490242,-0.29284054,0.16150984,0.31008294,-0.5451197,-0.15263534,-0.11468935,-0.28783396,0.28632998,-0.16790861,-0.21037346,-0.24466676,-0.09654748,-0.5364652,-0.35760313,-0.56360286,-0.41506296,0.07992008,0.06817728,-0.36914822,-0.8956169,0.025677025,-0.6502747
1811,0.18121901,0.15953532,-0.01168859,0.43114173,-0.49494475,-0.18477678,0.53026575,-0.025981247,-0.07660282,0.020634294,-0.2138296,0.06365788,-0.4579804,-0.120773196,-0.1796664,-0.22407979,0.3376769,0.06433022,1.6581284,0.026584014,0.084324956,-0.17852098,0.26514125,0.10690603,0.69053453,0.3685431,0.28599763,-0.09073889,0.12063187,0.06767917,0.3622601,0.10676932,0.13713992,-0.11532682,0.3131268,0.09255099
1812,-0.3296279,-0.6604214,-0.36629498,0.10129994,-0.09067458,0.24926488,0.49536836,0.34398484,0.0645597,0.30738354,0.21878135,0.42818227,0.243676,0.2404111,0.90090877,0.08338177,-0.31197572,-0.08565885,0.24308753,-0.19940287,-0.32647684,-0.3351915,0.12698886,-0.29505914,-0.32284832,0.2518583,-0.21456552,-1.7197732,-0.46186957,0.00031596422,-0.5587569,-0.5009834,1.168807,0.0003478527,0.29817837,-0.11084986
1813,0.06825632,0.0013911426,-0.4367543,0.30729398,0.0138272345,-0.21831357,-0.50158834,-0.0885964,0.12990272,0.7530022,0.3850112,0.15571499,-0.22875625,-0.07736946,0.07580528,0.20127106,0.2617849,-0.036135793,0.087794065,-0.56860155,0.39032167,-0.83871466,0.27896726,-0.56075126,-0.042105876,-0.24955729,-0.7187681,-0.037746444,0.7133982,0.6854609,-0.4316727,0.13964295,0.5903793,0.10071105,0.51484185,0.043927073
1814,0.21352613,-0.5747788,-0.17795363,0.04204327,0.69620585,0.37330046,-0.5969393,0.24537402,-0.046295762,-0.8365941,-0.14249107,-0.29708105,-0.35628247,-0.23689085,-0.21858335,-0.23367602,-0.5516021,0.112324,0.049477816,0.0442912,-0.045473933,0.10994224,-0.066470444,-0.024005234,-0.24135405,-0.03712125,0.07451892,-0.21575332,0.0013381839,0.49854642,0.057251632,-0.41660693,-0.053558037,0.427756,0.62581706,0.49687934
1815,0.7598314,0.7812752,0.7891044,-0.1908105,-0.23191285,-0.117850214,0.40728068,0.29157096,0.14479601,0.7079245,0.41633546,0.3880172,0.31861687,0.01852882,0.32517666,-0.08156985,0.5646254,-0.40680808,0.024769366,0.38641298,-0.024597645,0.03901682,-0.30929804,0.18002176,0.081260175,0.018137574,-0.17713171,0.27885228,0.31703162,-0.033967495,0.15889108,0.78251857,0.47901738,-0.022564411,-0.15165687,-0.3518479
1816,1.7941728,1.41011,1.9533749,1.1291897,0.406542,0.39682484,0.66975164,0.494761,0.7529962,0.5201709,0.03226635,-0.40295988,0.14849329,0.16906035,0.4700696,-0.09598039,0.049437255,0.3761345,0.1537737,-0.06593692,0.030554533,0.3075854,0.07732402,0.18842366,1.2826047,1.1769946,0.8224015,0.71622837,0.47967443,0.81911635,2.4348235,3.053638,3.6496534,-0.055645324,0.64059633,0.42382798
1817,1.5268359,1.0968101,0.9540605,0.22700787,0.35327965,0.20024318,-0.077486515,0.6178866,0.7028167,1.2877202,1.2963057,0.12690878,1.4631734,1.1569788,0.7486805,0.12097353,-0.47740284,-0.13287169,-0.10362149,0.5642872,0.10190296,-0.08983773,-0.34589267,-0.4034746,0.1316497,-0.1785627,-0.01658573,0.75355756,0.3813733,-0.15280044,-0.7278304,-0.126012,0.37009287,0.59803694,0.43562478,0.81603336
1818,0.3639276,0.35799888,0.04033029,0.88803834,1.2293068,0.28873223,3.1944618,1.8267875,1.1890264,0.21742076,-0.14808947,-0.015394926,0.016728818,-0.2787821,0.1451196,-0.101273656,0.12450967,-0.13178349,0.14295343,0.27383292,-0.017067134,-0.19967128,-0.1594789,-0.07420969,-0.037081927,-0.9315553,-0.025716782,-0.721349,-0.045336217,-0.1605531,-0.5533103,-0.078669995,0.12833166,0.23379816,-0.008098483,-0.051929533
1819,-0.28571215,-0.21893227,0.12152824,-0.12421328,0.0011395961,-0.24226916,-0.30106488,0.54512644,-0.07558161,-0.18482727,0.13713047,0.16191977,0.2563629,-0.12857611,0.25751042,-0.15247464,0.16682482,0.07135898,0.20689076,0.5508901,-0.010775447,0.09049642,0.12714134,0.16123915,0.0817312,0.37508202,-0.37030286,-0.11409852,0.0826439,-0.095160246,0.0319947,-0.57228994,0.5642014,-0.36875895,0.012156054,0.29672462
1820,0.36370638,-0.6980299,-0.061516166,0.16371042,0.7121558,-0.25273705,0.18038766,-0.36850786,-0.12810802,-0.28753978,-0.105898224,0.21078694,-0.3822332,0.020407766,0.38061816,-0.48906434,0.30607286,-0.13101229,-0.34966806,0.24227849,0.18311954,0.2544102,0.4502194,-0.29677522,0.66037905,0.2614127,0.10497153,0.052716702,0.17827159,0.5154965,0.8976263,0.20672649,0.26751912,-0.36347675,-0.28935483,-0.12417334
1821,-0.16605687,0.031561315,0.26786372,-0.4378069,-0.1204496,-0.048799396,-0.6189891,-0.21212508,-0.4286443,-0.17660843,-0.20560962,-0.12629688,0.043294787,-0.10486503,-0.3069194,0.111213505,0.17754042,-0.3622836,0.6672131,0.1972341,0.26603648,-0.3137421,-0.05098065,-0.45150125,-0.38124937,-0.4864911,-0.19882596,-1.0081164,-0.23569398,-0.018525422,-0.48486286,0.83239925,0.6698722,-0.5946428,-0.5961449,0.21325833
1822,0.26002306,-0.070136294,-0.33605337,-0.49047446,0.16114455,-0.11960889,-0.12960573,-0.058871448,0.01150167,-0.14041513,-0.16481206,0.25952035,-0.26737592,0.35221484,0.1280337,-0.035531282,-0.4546944,0.20776841,-0.5404,-0.043572992,-0.025331855,0.60972154,-0.03896387,-0.30931348,0.040285647,-0.51395667,0.120992154,0.27303982,-0.49160457,-0.1319595,0.080614984,-0.13073447,-0.72352695,-0.19021183,-0.4915706,-0.14562535
1823,0.3352219,-0.11844838,-0.0059137642,-0.060795724,-0.29725146,-0.24697316,-0.081728965,0.164235,0.005757123,-0.29072872,0.1850453,-0.28660157,-0.006041467,-0.1221686,0.062410027,-0.026824098,0.6578038,-0.03680329,0.06699741,-0.29063657,0.103010714,0.03918338,0.047591805,0.13318683,1.4373393,0.4077801,0.31941295,-0.028003458,0.088097334,0.21569487,-0.050482094,-0.03156227,0.23535891,0.12627926,0.030405961,0.46607387
1824,1.4115436,1.1620576,0.5955865,0.2866431,-0.06682342,0.7544101,1.3051805,0.8850427,0.018723726,0.23923391,-0.29846078,-0.081635654,-0.20616272,0.39974564,0.28400293,0.39150622,0.66674703,0.23208295,0.52009964,0.7378128,-0.354425,0.48077494,0.59490573,0.3864769,0.19821706,0.18836072,0.919211,3.4137318,0.8407136,1.0998749,2.144947,4.1692185,3.7825916,0.8934963,-0.19352543,0.40735734
1825,0.2162627,0.18716994,0.010197967,-1.0171145,0.19389611,0.50032693,-0.1550197,-0.06505251,-0.045510888,-1.0054774,-0.06686738,-0.2738612,-0.3409301,-0.032749712,-0.036821067,-0.15095663,-0.14683938,-0.05879438,0.45053077,0.1481818,0.11610514,-0.19232714,-0.29792613,-0.3827557,0.14273323,-0.43654522,-0.3677078,0.11156194,-0.112305105,-0.1630314,0.18194568,-0.3199421,-0.41920373,-0.78053725,0.10323286,-0.27586728
1826,-0.23901916,0.139821,0.005514413,-0.3210233,-0.37786812,-0.4480511,-0.15217872,0.49654427,-0.22358397,-0.48330626,-0.15852869,0.09215252,0.2648371,-0.27082637,0.15603521,-0.3773319,0.31258655,-0.07955548,-0.54619133,0.07593489,-0.079741955,-0.303881,0.18831669,0.15658769,-0.07910222,-0.028410673,0.36831567,-0.32783577,-0.23417363,-0.40920424,-0.30226457,-0.7137892,-0.08946583,-0.3941482,0.26982346,-0.18978846
1827,1.3070303,2.2319264,0.86511934,0.47613853,0.21364857,0.4449746,1.2157047,0.79691887,0.46927437,0.14164734,0.13700947,-0.5273877,-0.22907814,-0.15165119,0.8109524,-0.057774305,0.21913788,0.25563145,0.18106914,0.3467739,0.2897973,-0.0050949454,-0.030791044,-0.18763712,-0.0471372,0.16433352,0.0053381324,-0.07532996,0.19405851,0.06308508,-0.11284405,-0.08645928,-0.026196092,0.44857842,0.5863395,0.7276461
1828,0.44992483,0.45184797,-0.06744003,-0.05560164,-0.35962254,0.3338679,-0.31234577,0.12534231,0.21341735,-0.12783498,-0.33256358,0.00018116832,0.12892401,-0.025771469,-0.18771791,-0.04467835,0.1533317,0.11005476,-0.19651926,-0.1701783,0.2733733,0.19131172,0.27054262,-0.35844445,0.04248777,0.4995734,-0.5712743,-0.46972364,0.4596135,0.20186865,0.17315324,0.0324724,-0.3290167,-0.02242732,0.10305126,-0.10608226
1829,-0.26754665,0.19355525,-0.1117987,-0.46293038,-0.29978818,-0.08508587,-0.40937412,-0.07108122,-0.12690204,0.09898639,-0.0990777,-0.09856534,-0.6420894,-0.26429737,0.02250433,0.33732653,0.17773297,-0.1192103,0.10022044,0.29467827,0.028274775,-0.01851669,-0.2526873,-0.20820099,-0.11575571,-0.15763396,-0.030450702,-0.10688287,-0.4678122,-0.24798864,-0.025476143,-0.34972534,0.045271814,0.09129912,0.32598975,0.032179534
1830,0.01657641,-0.47196266,-0.06370759,0.0011168718,-0.27892575,-0.036240518,-0.22818273,-0.24994707,0.014272094,-0.4586562,0.3030309,-0.13399523,-0.1071161,-0.17367932,-0.011339903,0.19208193,-0.2947507,0.11142814,-0.13056397,0.14468183,-0.13788891,-0.06792271,-0.2949252,-0.0076186657,0.21869534,0.045765042,-0.06876016,-0.30631602,0.3676749,-0.10514164,-0.07061492,0.056634545,0.14529479,0.05160892,-0.135373,-0.049078345
1831,0.1380198,0.50842917,0.40095168,0.1112929,0.08385847,-0.1636875,-0.033783227,0.29072195,-0.31779373,-0.15949863,-0.21442881,-0.07439059,-0.19749025,-0.18583703,-0.103705525,-0.1574621,-0.12404193,-0.108842224,-0.51776314,-0.40369967,-0.5497377,0.052213773,0.12557344,0.051938117,0.3114221,-0.1637834,-0.10950357,-0.10787648,-0.038469046,-0.17897028,0.04476306,0.12739012,0.054793835,-0.32531783,0.4970258,-0.0444268
1832,-0.39736703,-0.16609137,-0.29866612,0.22653079,0.010473207,-0.27088022,-0.079937756,-0.2715774,-0.022402644,0.20089877,-0.30108714,-0.12287903,-0.45966947,0.015201062,-0.022646427,-0.07743186,-0.06368968,-0.17679077,0.5512308,0.02670765,-0.04887843,-0.25360358,0.2626687,0.08132452,0.6246504,0.043248795,0.06742883,-0.17332894,0.39498135,-0.06686795,0.06660983,0.21555805,0.06991851,0.44340995,0.09956819,0.14387214
1833,-0.8763353,-0.20137379,-0.24519607,-0.029886663,-0.17602843,-0.24418664,-0.2327044,-0.10573462,-0.057254493,-0.11456007,-0.2199524,0.104153395,0.047837734,0.12192021,-0.09502214,0.4238298,-0.17064637,-0.06369603,0.17066848,-0.24060877,0.21114081,-0.37337333,-0.08860172,-0.08665502,-0.3537221,0.1717734,0.02060163,-0.27449083,-0.33100897,-0.12537104,0.2726931,-0.11948669,-0.06851429,0.10382402,-0.05644697,0.024561465
1834,-0.06467801,-0.13240474,0.100311995,-0.24673647,0.016071908,-0.118219495,-0.3843214,-0.22958887,0.092268884,-0.16597068,0.45513842,0.07624972,0.15049875,0.1548546,-0.044580698,-0.23727953,0.068968296,0.080052376,-0.6176026,-0.47229058,-0.026701331,0.29683486,0.1486133,-0.17708486,0.6887803,0.0086021125,0.10359734,-0.19252455,-0.29071507,0.3270291,-0.3840478,-0.27541298,-0.071695924,-0.03544098,-0.18497899,0.051158726
1835,0.60809696,-0.5203073,-0.27752995,1.029633,-0.31418133,0.08380556,0.056309283,-0.14068699,-0.34549272,-0.2284931,0.3781439,-0.29580402,-0.041347384,-0.51942325,-0.20499271,-0.27555206,-0.21965006,-0.05412233,0.0038632154,-0.06669921,0.21523398,0.035728224,-0.0155028105,0.048086345,-0.15828712,-0.093236685,-0.32572818,-0.6022175,0.009679109,0.0074182153,0.2759575,-0.21094495,-0.104734,0.10776086,0.24646644,0.22687638
1836,0.16242436,-0.33598375,-0.49390906,-0.28905064,-0.3534475,-0.24124372,-0.522259,-0.33473617,0.09877974,0.13682461,0.20724763,0.2935319,-0.22735894,0.5876496,-0.087755084,-0.34129778,0.026803248,-0.19334882,-0.31059515,-0.10184129,0.04774916,-0.103648365,0.13493188,0.14158118,-0.5369612,-0.29793394,-0.1437856,-0.29841852,-0.6707021,0.09534562,-0.28696898,-0.20381173,-0.010284364,-0.02590324,0.23765601,0.073625326
1837,0.39979196,-0.23140614,-0.024242878,0.049515963,-0.5494043,-0.2954151,-0.1284627,-0.009206712,0.14001632,0.1571554,0.48937932,-0.6143336,0.02190423,-0.23671484,0.047709465,0.3447446,0.5545234,0.09165585,0.44150782,-0.7138833,-0.11262238,0.6452556,-0.17282426,-0.32910877,0.4774433,1.6993136,0.24013627,0.15537977,0.41972458,-0.118578136,0.78312296,0.09139319,0.13225263,-0.5020623,-0.10742724,-0.14755464
1838,0.02014476,0.0392498,-0.025986582,0.51613086,0.103933945,-0.029333383,-0.77945536,0.05295372,-0.13344425,-0.7621015,0.121924624,0.077299,-0.1442792,-0.12653866,-0.049797565,-0.22514677,-0.22873516,-0.0048929453,0.026357621,0.17462257,0.10665223,-0.14086328,0.17779921,-0.0728215,-0.22220196,0.16052377,0.19547465,0.18322212,0.07165339,0.09466964,0.72512877,0.27656236,0.22420564,-0.22426102,0.07677756,0.13395631
1839,-0.14062098,-0.14056993,-0.00029301643,-0.24906194,-0.12666759,-0.21645892,-0.3027203,-0.33828592,0.16781855,0.24821836,-0.07493681,-0.27841288,-0.41591734,-0.029652584,-0.3390208,-0.09155232,0.49206334,0.341753,-0.21672311,0.33414698,0.07619059,-0.46241486,0.06344471,0.21698928,0.9417757,0.077965766,0.5398199,2.3805988,1.3545148,0.38973206,-0.43101358,0.25414044,-0.004452586,0.013391569,-0.12939982,-0.10896355
1840,0.16507739,-0.34859604,0.49891475,-0.15115976,-0.068695426,-0.25188935,0.16558963,-0.018771648,0.25307125,-0.29137433,-0.32023644,-0.28166035,0.00980299,-0.6628042,0.2847581,-0.27220607,0.12101698,0.16406667,-0.00072157383,0.27735633,-0.13281864,0.3609938,0.87804735,-0.056402743,1.3916502,1.035055,0.35828596,-0.6694468,-0.04648891,0.026362613,1.3125203,0.23249395,0.7277297,0.09698328,0.17222673,-0.034999847
1841,0.43981147,-0.16726598,-0.11804405,-0.18171686,0.03863859,-0.06843096,-0.16006476,0.418741,-0.34446317,-0.73799956,-0.5736763,0.16883326,-0.22998351,0.16851076,-0.32991612,-0.06937203,0.2158204,0.08753765,0.15199041,-0.3503365,0.029459417,0.29039404,0.8585371,0.0039606094,-0.29681718,-0.52424264,-0.27220017,-0.24479613,0.17079368,0.30941612,-0.04125291,-0.1284951,-0.28633326,0.021499634,-0.029018743,0.08611524
1842,0.6014609,-0.12777688,0.022521496,-0.026659012,-0.089387774,-0.08515662,-0.22441661,0.35467148,0.021251798,-0.5828571,-0.051586956,-0.014368057,-0.06252885,-0.12120116,-0.04746747,0.25894874,-0.6289549,-0.25910294,0.10378295,-0.24870838,-0.008085012,0.4044578,0.08740543,0.058953762,-0.0013068467,-0.50958586,-0.13336527,0.0016644001,0.09237182,0.0032702684,-0.23724526,-0.3349359,0.12962061,-0.20388028,0.1422512,0.023096442
1843,-0.6943386,-0.15444016,0.11193934,0.26435137,0.16973247,-0.12041086,-0.12855664,0.28856385,-0.05425334,-0.36230397,-0.2145751,0.116755486,-0.17399532,-1.1029111,0.21782282,-0.4229079,0.52157605,0.060904145,-0.42452395,-0.004970446,-0.17524981,0.19765815,0.008401826,-0.21589851,0.04173307,-0.16797583,-0.17438212,-0.15505163,-0.17212467,-0.10703856,-0.3332077,-0.22707981,0.1407508,-0.39089632,0.23138884,-0.3679183
1844,-0.09965776,-0.12041095,0.039473653,1.7671052,1.680481,1.1407077,1.5375957,0.70376766,0.6169002,-0.009019412,-0.06159395,-0.12717307,0.047217816,-0.07374841,-0.28532338,0.86850876,0.68614066,0.18129745,0.41923383,0.24191293,0.06891191,1.3449303,0.71871173,0.55449265,2.3382258,1.535622,0.9893751,1.2000656,-0.09441069,-0.103630245,5.5540533,3.2221613,1.8852012,0.02456078,0.74582994,-0.0849033
1845,-0.12800398,-0.30500332,-0.5328961,0.19890189,0.39923018,-0.423981,0.27495563,-0.51127505,-0.47140408,-0.08706173,-0.29838985,-0.14183348,0.2520857,0.45798433,-0.2204361,0.07969093,0.33824193,-0.47506472,0.0466187,0.5345328,0.19796908,-0.22549689,-0.37846297,-0.028492033,-0.101138175,0.09740895,-0.33740512,-0.89774454,0.4722513,-0.1165694,-0.295664,-0.25829494,-0.22171628,0.14649162,-0.08087757,0.53145784
1846,0.07310563,0.046513334,-0.07508108,0.28714567,0.9040107,0.07405165,0.29985633,0.4478443,0.09443545,0.03819851,-0.21211895,-0.10481316,0.5419365,-0.2255181,0.1080775,0.47849113,-0.46115148,-0.28872776,0.4373036,-0.15696396,-0.20300776,-0.16440716,-0.1073387,0.12786746,-0.01753822,-0.22994241,0.36493433,-0.94701254,-0.09774009,-0.26374543,-0.36632037,0.99149555,0.23015557,0.21392266,-0.2806369,0.1509785
1847,-0.05790764,-0.30235937,-0.21847448,-0.20815647,-0.09803513,-0.09320432,-0.3939271,-0.058261335,-0.30521268,-0.42593423,-0.04908952,-0.20418704,-0.61395264,-0.15980268,-0.18052834,0.02888751,0.10587351,0.13401133,0.06253201,-0.05467689,-0.17192006,-0.5016004,0.14878605,-0.02196765,0.652258,0.13841373,0.16464627,0.12361348,-0.25864542,0.0914098,-0.08363813,-0.26688528,0.09125292,-0.7138333,-0.03730613,-0.09661186
1848,-0.20144919,-0.2672137,-0.0818952,-0.03649828,-0.16131383,-0.056268036,0.10644385,-0.14758012,0.035650373,-0.4109196,-0.056452155,-0.08403313,-0.069633484,0.08255607,-0.075707614,0.07065225,0.022770345,-0.122606695,0.261837,0.060854048,0.23730177,-0.22353446,0.06224096,0.19000947,-0.023728877,-0.26618892,-0.03632474,1.9955858,2.5523787,0.84568346,1.7723845,1.6426783,1.0993093,0.058056068,0.33290136,-0.04588759
1849,-0.17315537,0.022613898,0.079768404,0.094424546,0.6207984,-0.37630233,0.6311141,0.311089,-0.3351628,0.16379279,-0.2518928,-0.17323244,-0.3667581,-0.4416238,0.07324511,0.095817365,-0.33164632,0.32145464,-0.29006994,-0.067023546,0.015508115,-0.2328268,0.061560214,-0.017897636,-0.2532117,-0.095672905,0.059821844,0.19905978,-0.08817211,0.49581125,0.37679055,-0.256047,0.5070944,0.0512644,0.24058901,-0.24347425
1850,1.2975776,0.32180136,0.20700495,0.10405278,0.9352003,-0.030905843,-0.036937952,0.214486,0.06722805,1.6792719,2.7348564,0.7091435,2.450964,1.1423031,1.7709361,0.067840815,0.25293955,0.38994092,-1.0317297,0.069224685,0.15218715,0.607173,0.36738592,0.04222417,0.016753316,0.7387939,0.19880241,0.15653694,0.21991903,0.15693557,0.5185347,0.41897115,0.18777132,0.27159965,0.09909958,-0.084689915
1851,0.112759575,-0.30491835,0.23227076,0.7832027,0.1765808,-0.12287264,0.64204305,0.5085253,1.1570752,-0.423206,-0.064611636,-0.041154247,-0.110686556,0.1252072,0.3526461,-0.3182896,-0.19000508,-0.09444398,-0.9092377,-0.46079707,-0.24246672,-0.57300675,-0.15301697,0.2153304,-0.05142149,0.050647993,-0.19024009,-0.21262898,-0.20810418,-0.038873225,0.14552978,0.18290994,-0.19748256,0.1544387,-0.29058865,0.0687882
1852,0.10081236,0.1138373,-0.4992404,0.14142984,0.21636307,0.44664007,-0.046378296,0.4143252,-0.7539029,0.13629217,-0.22336273,-0.31894973,-0.08587849,-0.08110568,0.4749706,0.72628826,-0.070643574,-0.57958984,-0.29758108,0.15844953,0.021581173,-0.08236128,0.06747723,-0.5126631,-0.284512,-0.04580626,0.15814553,0.18070126,-0.40219334,0.09943646,0.06507519,-0.9898263,0.27079174,0.35956502,-0.105366014,-0.08716053
1853,0.26761147,-0.012592882,-0.41751492,0.13353992,0.2611379,-0.16784567,0.17392829,0.18076217,0.5112781,-0.015375614,0.28532016,-0.12152028,0.106960714,-0.41479504,0.5460558,-0.16632378,0.10834229,0.4945846,0.31799996,0.365936,-0.27456284,-0.0011467338,0.3213791,-0.060806572,0.36359265,-0.16297066,0.01735127,-0.26777837,0.42075014,-0.44807696,-0.37905312,-0.55330116,0.01736705,-0.07294022,-0.27069739,0.08196968
1854,0.5820673,-0.22302198,-0.22437325,1.6921937,1.7127819,0.7098886,0.54463655,0.3693233,0.92814654,0.16218485,0.2747229,0.050172567,0.3303569,0.65367734,-0.19836155,-0.09509526,-0.8482083,0.19924164,0.07166059,-0.48804814,-0.8031216,-0.3957618,-0.5936429,0.10248697,-0.1113506,-0.64396226,-0.43843123,0.04201013,0.08791888,0.24763569,0.066815615,0.4671238,-0.5673104,0.11966187,-0.39155248,0.1778337
1855,-0.14615628,0.020137966,-0.61012423,1.0851355,0.0033978224,0.26405638,1.2170146,0.48539594,0.3293966,0.2389137,-0.32270032,-0.040012002,-0.2357364,0.50361013,-0.15202159,-0.32298672,0.7519271,0.25703576,-0.551722,-0.051782854,-0.12094772,0.048597902,0.42989647,0.38031718,1.4101279,1.6659608,1.0638205,-0.2554369,0.3665496,0.08933407,3.1089935,1.3396368,1.4045837,-0.25416994,-0.30870375,-0.15690207
1856,0.03875792,0.036847457,-0.1547176,-0.08305457,0.08578479,-0.24249828,-0.26597023,0.033566535,-0.17162329,-0.4012094,-0.5094065,-0.015089273,0.076464064,-0.16949087,0.14103782,0.5615597,0.47492728,0.024818122,-0.23938888,0.10658638,0.16091692,0.26929915,0.3531374,0.18464005,0.12300047,0.05643358,-0.10331881,0.81931394,0.5795759,0.3018601,1.0873997,0.97777283,0.52404785,0.27120328,-0.14520544,0.110601425
1857,-0.24510185,0.26169285,0.41665757,-0.095965445,0.11437559,-0.21767685,-0.31748486,-0.1459531,0.21610948,0.2582385,-0.0035761744,-0.5466653,-0.008736134,-0.29992127,-0.35812885,0.9158142,0.031858936,0.044001788,-0.071202114,0.2755752,-0.0052630603,0.18672742,-0.14331965,0.41275412,-0.22308016,0.078816324,0.55037045,0.003767401,0.22290513,0.087168306,1.2757238,-0.18915205,0.52418905,0.034908976,-0.28598168,-0.10140976
1858,0.1258403,0.19462961,-0.07609987,0.35639775,0.3771501,0.32800943,0.7836461,0.6277542,0.30210668,0.09673858,0.3579567,-0.12999421,-0.0678606,-0.13770318,-0.06240928,0.51798755,0.21284446,0.070382535,0.44649172,-0.07186239,-0.0022465289,-0.2126884,-0.1658156,-0.10206103,0.14022428,0.015825108,0.41541314,-0.0952934,0.4858818,-0.008306682,0.27471346,0.12347701,-0.021826586,0.13582814,0.2232756,0.29826367
1859,-0.6141556,-0.14864379,0.009595454,-0.10676062,0.012786627,0.14541614,0.013439298,-0.84120715,-0.00068321824,0.61616623,0.8310666,0.36239403,0.6089871,-0.06674194,-0.15151167,-0.001334548,0.12289585,0.055784106,0.20922774,-0.13401109,0.14964624,0.0160257,-0.1021351,0.1812514,-0.3205203,-0.17664653,-0.3001257,-0.7789316,-0.011480063,0.18725336,0.15201505,0.13596115,0.24171448,-0.2842611,-0.0016793013,-0.20430997
1860,0.010172486,-0.07695861,-0.42404795,0.08052468,-0.407341,-0.20682001,0.021501541,-0.26733845,-0.29846567,-0.13778281,-0.06372267,-0.050368547,0.019333482,-0.042930186,-0.14900964,0.11014938,0.2166522,0.35751987,0.038999498,0.022842288,0.011218786,0.23409286,0.2034566,0.28375787,1.8976166,2.2993464,0.54143906,1.7392657,0.6613906,0.48494405,3.2733095,3.7016144,2.0227447,-0.077929616,0.047501236,0.1350505
1861,0.39930612,0.017872676,-0.5702336,-0.23243469,-0.018169388,-0.20369172,-0.4684735,-0.4403115,0.19571948,-0.20693234,0.09853223,-0.004259348,0.11779918,-0.024709255,0.25312454,0.38664743,0.48837644,0.15183508,-0.38648456,-0.25967413,0.4221727,-0.18702748,-0.3911663,0.14737368,0.0047183447,-0.24270262,-0.47441304,2.669742,2.5154614,0.4215367,-0.35358262,-0.23212275,-0.28175715,0.29181844,-0.12024999,0.31580606
1862,-0.3497014,-0.2558322,-0.03107673,-0.39376128,-0.042816043,-0.07242781,-0.10151243,-0.32154337,-0.120284915,0.06288421,0.06310725,0.09921861,-0.23117816,0.0486511,0.09286451,-0.023143804,-0.06969195,-0.13804638,-0.22938359,-0.0956783,0.06825364,0.40093613,-0.30322385,-0.046773136,-0.5030513,-0.16864687,-0.08756697,0.240816,-0.021918103,-0.019420266,0.34336245,-0.17984064,0.054955423,0.10108948,-0.08159849,-0.11285436
1863,0.09549281,0.21538156,-0.027695224,-0.30619666,0.3037123,-0.68595207,-0.3437394,-0.14170505,-0.09502792,0.41485718,-0.18529522,-0.03819716,-0.40260255,-0.35927108,0.24960154,0.12434563,0.12841943,-0.17850411,0.33674514,0.07316613,0.31206584,-0.006885886,0.013747036,-0.38078624,0.20443863,-0.21190289,0.14564693,0.48679495,0.56687367,0.119475126,0.1880976,-0.123638034,-0.4363628,0.07778655,0.15691641,-0.012297958
1864,0.31226242,-0.2611303,0.071834266,0.50585145,-0.14561316,0.06429359,-0.31849128,0.12484144,-0.22989923,-0.42371494,-0.11146253,-0.08873522,-0.49205875,-0.22125566,-0.22189075,0.6064018,-0.6181819,-0.13505667,-0.124248005,0.42586625,-0.16758603,-0.7812443,0.6984213,0.050018728,-0.19033027,-0.25611028,0.069144726,0.23579532,-0.08111143,0.2208325,-0.23679936,0.410576,0.03164339,0.5502897,-0.42729068,0.020522118
1865,-0.10239816,0.12014595,0.060780525,0.063470006,-0.5190853,-0.1975367,-0.13643181,0.05250445,0.044326305,0.14566702,0.08186212,0.022141516,0.031119108,-0.22702175,0.031332016,-0.11304891,-0.11847347,-0.049066007,0.23002279,-0.28638598,0.002961874,-0.38063526,0.036988556,-0.006240487,-0.0050575733,-0.3052014,-0.018532038,0.18138725,-0.10989848,-0.030773878,0.03954792,0.06415284,-0.3633861,-0.13775614,-0.1916328,-0.1276964
1866,-0.29264572,0.14614797,-0.043554246,-0.55615854,-0.12181938,-0.15162385,0.19438237,0.043711305,-0.06588566,-0.44327235,-0.037134558,-0.13282809,-0.0022833347,0.020024281,-0.04764265,0.02279082,0.19955388,0.13009089,0.029934406,0.012594461,-0.051054537,0.15682733,0.5016433,0.15965861,-0.22324708,0.37526163,-0.15830737,0.23577973,0.19778785,-0.010108829,-0.03783898,0.49337077,-0.009319656,-0.07198462,0.19939324,-0.0030769706
1867,1.6492982,0.9179001,0.69459987,0.08075929,0.8402792,-0.6032332,1.0843855,0.41338632,0.21502107,0.4645962,-0.22660474,-0.14716655,0.033703685,0.0889073,0.13602343,-0.30446094,-0.12215492,0.0147155225,-0.0033260584,0.21143895,0.38087475,-0.45912543,-0.23062868,-0.20904621,0.12124017,0.2654072,-0.19078892,-0.35493407,0.096586436,-0.6264427,-0.54347354,-0.5406046,0.46024644,0.46179396,0.5808192,0.42093906
1868,-0.32195157,-0.20946096,0.032705545,0.45896244,-0.054811597,-0.66093695,-0.042414904,-0.2538045,0.11051351,-0.16472673,-0.1504975,-0.10097551,0.13387108,-0.45488876,0.13484746,-0.20131582,0.0612911,-0.32806325,-0.35082644,-0.29265672,0.210024,-0.5085627,0.061442703,0.009252399,-0.10562843,-0.18514282,0.43610954,-0.0325796,-0.16947627,0.16220242,0.2628476,-0.2824817,0.17536736,-0.6242211,0.26546845,0.78906417
1869,0.3257504,-0.030076265,0.118217915,0.35498047,6.0647726e-05,-0.03627813,-0.69284075,0.50591546,0.19226962,-0.2398814,-0.16237333,-0.3499635,0.17313462,-0.07182521,-0.21440709,0.17184705,0.38312608,0.0068264008,-0.24141419,0.034609675,-0.09098178,-0.17908373,0.19650435,0.21996298,-0.12755445,0.07308077,-0.04979074,0.18657301,0.5331922,0.2681871,-0.4758545,-0.18096912,-0.6792739,0.32523498,-0.5136339,0.03387171
1870,-0.1152401,-0.24156624,-0.013048947,-0.1362648,-0.24355209,-0.17817736,-0.42739487,-0.16776182,-0.031841516,0.1531654,-0.37100902,-0.2227844,-0.15375876,-0.531747,-0.082583785,-0.15266502,0.10083954,0.066507936,0.27857298,-0.2709926,0.074893236,-0.3514569,-0.16685389,-0.1976211,-0.17344737,-0.34048834,0.6115287,0.1186918,0.88534045,-0.16517481,-0.530671,-0.6138796,0.13391644,0.25717154,-0.0206151,0.009296775
1871,0.5670548,0.060287654,0.39416504,1.6916757,0.29552108,0.11076557,0.4263178,0.7612288,0.21348882,0.3035338,0.044267982,-0.00881815,-0.6852516,0.07164365,-0.0804652,0.19984874,-0.044766173,-0.18532321,0.3124426,0.3708943,-0.09048164,0.27304125,-0.49183044,-0.67265034,-0.21399152,-0.34471703,0.0047746897,-0.12875086,0.03910196,-0.37143213,-0.27656063,-0.28486168,-0.036601365,-0.5244535,-0.15440157,-0.19325459
1872,-0.20633745,-0.063995205,-0.17170268,0.2516327,0.048822403,-0.16966999,-0.0969654,-0.12054399,0.018285036,0.31834233,0.085308045,0.030981421,-0.091352016,-0.09259944,-0.021623433,-0.22068143,0.26493567,-0.17864461,0.73582524,0.8464731,0.32256448,-0.574773,0.16782337,0.08692312,0.3212008,0.02231878,-0.06987226,-0.051578343,0.15806334,0.18396306,-0.0077751875,0.028185531,-0.20979285,0.1187183,0.06040618,0.08118969
1873,0.276483,-0.11618571,-0.2776777,0.26727575,-0.001480937,-0.32212415,-0.3090065,0.61633456,0.058369875,0.42606562,0.086248904,0.06520918,0.021455228,0.22463834,0.17157555,0.06280863,0.7825464,-0.09357476,-0.1222955,-0.013754189,0.2713891,-0.2825781,0.042246014,0.11187813,-0.06400049,-0.32155395,0.36724663,0.10134141,-0.41767436,0.09017718,0.39144945,-0.41072026,0.23732626,-0.37740266,-0.09763548,0.035531253
1874,0.05041255,0.13848445,-0.091742694,0.17333849,0.10759425,-0.25907162,-0.008536458,-0.45683807,0.2733494,0.12494296,0.11233263,-0.43337244,-0.15684664,-0.19959712,-0.20758832,-0.28939748,0.010655493,0.015711624,0.13359216,-0.14306879,-0.11763227,0.0045571327,-0.20554495,-0.19348201,0.25007582,-0.37343192,0.13357377,-0.28291702,-0.36593407,-0.17715937,-0.30032754,-0.61528593,-0.07797688,-0.12278113,-0.034160316,0.033177257
1875,0.13457918,0.2753224,0.019150466,1.2135136,0.9102467,0.68453085,0.6623659,0.17445557,0.41219229,0.16189241,0.33995372,0.029115796,-0.048992276,0.056369454,0.050183177,0.36750284,0.020555673,0.03597802,0.06543529,-0.027027965,-0.07319212,-0.03810008,-0.65287924,-0.16797161,-0.2489086,-0.33608896,-0.11883551,-0.48997062,-0.075460136,-0.14332241,-0.15589282,-0.17560455,-0.45753485,0.06366104,0.23658958,0.023950338
1876,-0.001101613,0.1246402,-0.05855921,-0.06818205,0.044336498,0.8012175,-0.031673014,-0.23923913,-0.26593217,0.08166981,0.10349259,0.71532315,-0.111160755,-0.15787756,0.5165865,-0.14708138,0.03743428,-0.1976558,-0.047100842,0.06906739,0.62883306,-0.27946442,0.61971194,0.009432077,-0.040021658,0.027525753,0.44348073,-0.12702797,-0.12015408,-0.47947896,-0.1997384,-0.24970034,-0.16956979,-0.12840244,-0.6221243,0.34274244
1877,0.06518337,0.23130491,0.0041464567,0.48286533,-0.028349005,-0.22121358,-0.08123848,0.5451632,-0.22524089,0.84088945,0.17750534,0.07220441,-0.00093877316,-0.1533433,0.00048822165,-0.16015887,-0.011427343,-0.061035782,0.11286652,0.25189468,0.19265547,0.19131622,0.087626696,0.087884724,-0.04744801,0.07089332,0.15724254,-0.18555045,0.048253626,-0.30478626,-0.16130883,0.044214487,0.07674122,-0.5121392,0.73856366,-0.08403331
1878,-0.044085413,0.21801801,-0.08695719,-0.5210079,-0.3500068,-0.18345338,0.18919313,-0.027986288,-1.2541355,-0.025953889,-0.084171325,-0.035376668,-0.040357947,-0.2568555,-0.793681,-0.13579014,-0.099165656,-0.010085285,-0.286448,-0.36403033,0.4875082,0.23542818,-0.122334965,-0.2739015,-0.59784144,-0.19116622,-0.29486272,-0.43768278,-0.52775913,-0.11642653,0.09199469,-0.45575586,-0.04278916,-0.02964276,-0.4012794,-0.13660148
1879,0.84895706,1.3460035,1.0470968,0.19224852,0.031600416,0.30866924,0.15993538,0.53472066,1.1547691,-0.09307599,-0.042153835,-0.09903014,0.041732073,-0.01616484,0.8262695,0.029869735,0.1090008,-0.10374904,0.06826913,0.0677678,0.36405396,0.075591564,-0.1265741,-0.24643332,0.06077981,-0.20993315,-0.046135426,-0.38711575,0.14564365,0.12869644,-0.022975326,-0.16973543,-0.22788268,0.5415933,-0.18680403,-0.14782166
1880,-0.16269368,0.07231361,0.11198819,-0.35274053,-0.2258431,-0.16640651,-0.14695942,0.43090302,0.012727201,-0.08599522,-0.11322248,-0.039307177,-0.20505702,-0.11733871,0.105427325,-0.72642195,-0.065775156,-0.014927983,-0.056664586,0.0059868395,-0.067516446,-0.5715356,0.014268041,0.022809267,0.049356222,-0.08730818,-0.101602376,0.45467043,-0.019936204,0.07980931,-0.22062945,-0.2526722,-0.1800313,-0.32296994,-0.09325689,0.023676157
1881,0.9011951,0.9388684,1.0241877,2.0665693,2.2722728,2.0778065,3.6894455,3.5667834,2.900126,-0.058616042,-0.0913229,-0.24583441,0.4021313,0.29045495,0.28641403,-0.15188015,0.14807987,0.47932178,-0.06751096,-0.058756977,-0.05870536,0.13687074,-0.5248826,0.5343778,0.18626726,0.25056204,0.41219422,-0.9320039,0.15209687,0.105378225,0.15187675,0.041587412,0.076068446,0.053539693,-0.28692484,-0.53255475
1882,-0.6861037,-0.22173657,-0.38743174,-0.31665367,-0.567498,-0.39952433,-0.25678357,-0.33195487,-0.12359029,1.98774,1.2435915,1.1841196,0.7425207,0.1297777,0.24654627,-0.35571808,-0.18799414,0.19162852,-0.4091387,0.28915167,0.26501274,0.11476523,-0.20288974,-0.06287223,0.08183357,-0.40675533,-0.055465817,0.20392731,-0.06973466,0.014613926,-0.14889151,0.026998699,-0.0905869,0.10463758,-0.046017647,-0.23615295
1883,0.118213296,-0.05304408,0.062413096,0.42834854,0.262126,0.10513598,1.324849,0.403107,0.06757045,0.066091776,-0.08231118,0.045485556,-0.033619404,0.044721276,-0.038083494,0.098094225,0.14760683,-0.05764687,-0.333542,-0.018285513,0.28856105,-0.2727999,0.21212529,0.10739589,-0.0983901,0.10464817,0.17886478,0.46352494,0.3257024,0.0682807,-0.019584954,-0.039994746,-0.19235218,0.42640817,0.20903236,-0.043237388
1884,0.2135935,-0.49231333,-0.39998138,2.7602909,2.4134727,2.2960718,-0.16602546,-0.10323244,-0.402615,-0.33673,0.3881545,-0.42863882,-1.0448779,-0.7170076,-0.30041316,-0.29571038,-0.22088408,0.4712535,-0.16730988,0.29977676,-0.20511544,0.3276216,-0.03790981,-0.42340523,-0.096196845,-0.06760925,-0.5150034,-0.49929583,-0.36919397,-0.15328026,-0.4353091,-0.42077482,-0.4318143,0.062093258,0.06116879,0.61628824
1885,-0.640239,-0.21734662,-0.09394574,2.4326696,0.23081619,0.60813034,0.12315655,0.97770876,-0.091037095,0.28552902,-0.6358574,-0.51493025,-0.49680555,0.1636838,-0.8470979,0.18082501,0.026899785,0.044687957,-0.17186373,-0.25852,0.2739178,-0.5428385,0.8091815,0.15725398,0.1283629,0.3010505,-0.043156266,0.5420287,0.1675525,-0.10778999,-0.08460891,-1.0421245,0.037942827,-0.3489282,-0.1383238,-0.309882
1886,-0.114221215,0.17668736,-0.21115541,0.29807508,0.24515036,-0.03137505,0.04338473,-0.06406428,-0.46077448,0.087509274,0.27395174,0.63924235,-0.04470452,-0.019973755,-0.03042382,0.06746936,0.34861985,-0.9278053,0.16515136,-0.3557294,0.7110257,-0.17189884,0.053773187,0.07525891,-0.12346491,-0.54891235,-0.30973807,0.3662328,-0.30581176,0.24301621,-0.64218676,-0.061615765,0.1491071,0.14523585,-0.067964196,-0.12884086
1887,0.28341237,0.56203395,-0.24656552,0.061012864,-0.331197,-0.1461544,-0.2594885,-0.00597769,-0.03428185,0.6790234,0.39654702,0.18240589,0.0449543,0.18423069,0.3299842,0.1971932,0.36118126,0.0012943745,0.42624676,-0.10565651,0.14895454,0.045905292,0.31558043,-0.08040118,0.0177069,0.3930018,0.20104426,0.24827543,-0.4254885,-0.20549715,-0.06794197,0.13965175,0.18629855,-0.025809703,0.09958335,0.16454339
1888,-0.018272698,-0.19048572,-0.58951366,0.0038915873,-0.014509648,0.13200212,-0.076146305,-0.13096511,-0.3449893,0.25872838,0.25397497,0.6509201,0.32873034,0.26893747,0.6866796,0.1829313,0.39980567,0.12817006,-0.22441542,-0.32114148,0.2376011,0.41587466,0.12250006,0.4251418,0.2866646,0.67043453,0.35525936,0.22664303,-0.1536361,0.1377266,0.21899533,0.67400575,0.05643019,-0.08205092,0.14871526,0.12050092
1889,0.09919298,-0.27023846,-0.49445814,0.35451546,-0.77046776,0.07665351,0.041435957,-0.07508552,-0.23256165,-0.17277375,-0.34961218,-0.32835883,-0.052872717,0.056467175,-0.09110588,0.7860749,0.7610442,0.44705027,-0.07806642,0.11088091,0.014193654,1.2327365,0.6740532,0.9278137,3.2676098,2.5523462,2.2453427,0.25806615,0.23229763,0.34555233,2.3667402,1.2828526,1.9833468,-0.69205207,0.13768524,-0.12926376
1890,-0.7521949,-0.0061872303,0.0019050837,-0.0021326542,0.17738414,0.25153762,0.19562012,0.6567612,0.33782202,-0.24714738,-0.27220637,0.1430828,0.07245499,-0.14548056,-0.014284253,-0.07806575,0.22680855,-0.030728102,0.21378027,0.060070902,-0.17168504,-0.15325218,0.33141625,0.0121537745,2.3808625,1.8299296,4.285648,-0.011664018,-0.23753661,0.112648696,1.0065042,0.5351018,0.8276958,0.01679504,-0.47757256,-0.060538054
1891,0.042693853,-0.41654253,0.07012236,-0.3410511,0.17370701,-0.21121925,0.040543497,0.19877824,-0.14322162,-0.3975157,0.051736847,-0.27519435,-0.5525322,0.13050514,-0.0115507245,-0.42521292,-0.14100873,-0.16422439,-0.12357277,-0.33075878,0.12536967,0.20531517,0.112584576,-0.11444628,0.25617117,0.19362484,0.4196195,0.6616142,-0.10803693,0.22029704,0.35131514,0.24437821,0.31539574,0.1026986,-0.05616261,0.0061510205
1892,-0.17722566,0.14827871,0.609177,0.15951216,-0.06276333,-0.42134702,0.4804162,0.20096332,-0.046348453,0.099969506,-0.2185551,-0.0591985,0.4820826,-0.20334592,-0.49309275,-0.056601524,-0.20620692,0.013685942,0.22123933,-0.45784378,-0.26535755,0.2939642,0.013767868,-0.37856233,-0.30660293,-0.126272,-0.28435725,0.4103059,-0.1767649,-0.14535102,-0.42719752,-0.360941,0.013521999,0.20011711,0.4853598,0.1647945
1893,0.3100608,-0.1471442,-0.11680144,-0.017799042,-0.8440515,-0.02489543,0.28183642,0.035835505,0.11718118,-0.38858926,-0.35780162,0.057347983,-0.004411429,-0.2123369,-0.6296228,0.04522641,-0.42896968,-0.279078,0.35510468,-0.34646654,-0.53377676,0.3401618,0.2593481,0.35890162,0.65804046,0.2559749,0.36199224,-0.6413078,0.037810445,0.37746644,0.20758341,0.5120729,0.99152905,0.24132791,-0.112446904,-0.4926114
1894,-0.17758417,0.088644,-0.7492385,-0.07583642,-0.063770354,0.3190369,-0.5558306,-0.0843609,-0.79758686,-0.32204086,-0.19991148,-0.47351265,-0.007952839,-0.24664336,-0.30214632,-0.2229234,0.23585731,0.2535795,-0.02265513,-0.2213127,0.26053947,0.11904936,0.45209002,0.7134672,0.19117758,0.18583614,0.087671876,0.61241925,-0.16018301,0.47328824,-0.13832983,-0.58726895,0.05404091,0.24453092,-0.28255787,-0.38360673
1895,1.4169471,1.3587618,0.5418761,-0.02170588,0.71951705,0.44398853,0.25038633,0.77822983,0.059448898,1.1062058,0.43662384,0.58534247,-0.5074319,-0.18110067,-0.27246138,0.18357456,-0.19252038,0.07679144,-0.55629075,0.1959695,0.618935,1.3595822,0.2984693,-0.3630575,0.3985169,0.13310719,1.0267371,-0.88286626,0.26096904,0.67993534,1.0048659,0.731235,-0.37823135,0.014198422,0.69571924,-0.42713588
1896,-0.15826368,-0.0031999946,-0.11622989,0.17836678,-0.48649094,-0.067629755,-0.11821294,-0.063832365,-0.12250388,0.14190108,-0.16856599,-0.04439771,-0.07247299,-0.1410527,-0.08230001,0.28308618,0.043475926,0.055658817,-0.062105417,0.38706076,0.047987938,0.071240544,0.45522174,0.17801422,0.113158345,0.14677066,-0.013634086,1.2478882,0.32101542,0.32357162,0.4506619,0.383132,0.3604074,-0.22943729,-0.27969417,-0.08765614
1897,-0.31857562,0.14810133,0.036509037,-0.6124996,0.18280041,-0.13572049,-0.7080259,-0.19480795,-0.26935416,0.6911128,0.69464856,1.0048436,0.484886,-0.017531753,0.53307664,-0.25244528,-0.06812602,0.019174874,-0.28903535,0.14574122,-0.38811457,-0.017348826,0.010047138,-0.2382502,-0.60367954,-0.685863,-0.58051085,-0.34114912,-0.71574324,-0.072701454,-0.6267017,-0.027548552,-0.036899567,0.0131397545,-0.29585862,-0.11239888
1898,0.14024325,0.24701053,-0.4454205,0.054694504,-0.53531474,-0.14362812,-0.098997295,0.46049494,-0.97126675,0.002832383,-0.03439268,0.32994777,0.132409,-0.08563274,0.11391133,0.60502875,-0.11410834,0.7001029,0.52081865,0.32817373,0.080268085,0.29752073,0.87904346,0.48148715,1.6123538,3.7216473,3.8824997,0.37866795,-0.3634265,0.12251598,2.3325212,1.94244,1.884041,-0.2849906,0.030399173,-0.13728887
1899,-0.028001823,0.07256463,-0.19075382,0.29943407,0.038987055,-0.4647689,-0.45132,0.10245512,-0.077545404,0.026712894,0.3857994,-0.5488082,-0.29145756,-0.16318503,-0.039008975,-0.009601951,0.08805114,0.42076358,-0.17465848,0.034459233,-0.062245965,0.24427581,0.14081669,0.44256216,0.38759398,0.13372731,0.0073075294,0.83658385,0.24772516,-0.0041020513,0.7932831,0.34833091,0.0017813444,-0.06970376,-0.058213294,-0.06368464
1900,-0.79380524,1.6777294,-0.3901794,0.1012463,-0.11594874,-0.39495832,0.040946454,-0.47530317,-0.1974864,-0.11231792,0.096398056,-0.1401071,0.22285539,-0.5632968,0.39343873,0.005831629,-0.21458513,-0.3131711,-0.16537583,0.068672895,0.045458674,0.093447864,-0.14568043,-0.08397783,0.10429335,0.7186227,0.035903558,0.18529075,-0.52865744,0.06803155,-0.24969208,0.07567909,0.0049985647,-0.045020014,-0.1818425,0.7253592
1901,-0.0769797,0.5771118,-0.25468302,0.31160522,-0.08404329,-0.08610916,0.17532718,0.36284614,0.10274464,-0.5347054,-0.10887991,-0.21241832,-0.12460506,-0.25974643,-0.41873738,-0.018450856,-0.007936627,0.17973956,0.61412513,-0.15421198,-0.04987502,0.3747099,0.28748003,0.02109325,-0.29104835,0.046164304,0.20092946,0.70488954,0.67272997,0.3619711,0.61939526,-0.0632534,0.12587368,-0.027684122,-0.23031634,-0.0554806
1902,-0.15343122,0.64787847,-0.36970684,0.08396721,-0.5995503,0.16023889,0.2487284,0.9228304,0.029666103,-0.1800242,0.32042408,-0.09428546,0.09504154,0.05369009,-0.14442065,-0.20867956,0.65037316,0.4401356,0.34120095,0.48346007,0.29427224,-0.07331389,-0.3896723,0.067948386,0.07786733,-0.46510813,-0.25497675,0.7980057,0.45692506,-0.13659829,0.48905456,0.5077029,0.1418455,-0.21249652,-0.19345197,0.12898001
1903,-0.018556371,-0.02798155,-0.06528938,0.42150772,-0.5288314,-0.45512587,-0.078722835,-0.27827677,-0.05581242,-0.23055933,0.05539596,-0.050744142,0.42225307,-0.20694762,-0.06034589,-0.10720134,-0.23522496,-0.04619336,-0.31818235,0.30358228,0.0450204,0.074027285,-0.2468743,-0.024874408,0.35676014,1.0204206,0.64775455,0.04052584,0.24277803,-0.23274754,0.4859512,0.10708952,0.40137362,0.7417421,0.968439,0.3938979
1904,0.37581772,0.3529935,0.16791576,-0.3197465,-0.042995214,-0.106469154,0.34246004,0.4054192,-0.011732221,-0.3512692,0.04849845,0.047973692,-0.47254452,0.26391768,0.11358738,-0.1183306,0.08407247,0.2350398,0.8356148,-0.065050766,0.28441364,0.17384529,0.033042807,0.16778445,-0.098394394,-0.05066794,-0.027753115,0.3634526,0.09553063,-0.061856866,0.38093126,0.42394587,-0.010692358,-0.23562786,0.3549735,-0.09696621
1905,-0.18028344,-0.1983297,-0.10038227,-0.22058249,0.3012856,0.61931187,-0.026625425,-0.6699266,-0.25995517,0.24350989,0.22548226,0.47242165,0.24045634,-0.12723848,-0.16072728,-0.20577565,-0.32930726,-0.5795827,0.14030516,-0.07514846,-0.018568635,-0.0013423562,-0.32641673,-0.3081162,-0.13867176,-0.20866287,0.4990533,-0.79896736,-0.6405568,-0.42001802,-0.37079358,0.012353718,0.107099816,0.083616376,0.371924,-0.17576027
1906,-0.09305358,-0.37570372,-0.190878,0.1382432,0.04833597,-0.022556305,-0.61028934,0.1862477,0.12759829,0.45110452,0.07450083,0.21005452,-0.07994118,-0.25805992,-0.18909961,0.059074998,0.33542794,-0.17933023,0.7077381,0.00085472316,0.33466107,-0.77238756,-0.09031701,-0.2484679,0.10554844,-0.58123785,-0.37354708,0.0057825446,0.030370057,0.25082326,-0.45754707,0.2847073,0.27536374,0.2699859,0.1479286,-0.24818087
1907,-0.5511862,0.054417223,-0.14988095,0.22345246,-0.044932514,0.35167882,0.08885038,0.62080646,0.10816622,-0.25756764,0.18063183,0.06767157,-0.3347862,-0.4066407,-0.3785838,-0.3552935,-0.08179148,-0.32967138,-0.11958861,0.09191716,-0.37633005,-0.028652608,0.47813398,-0.245349,0.08673763,0.44967604,-0.5772648,-0.50666046,-0.5603519,-0.042030632,-0.2583151,-0.5466652,0.07486838,-0.38635254,-0.053224593,-0.33081746
1908,0.5030337,-0.29242092,0.007873774,0.22202194,0.5881269,0.39799422,-0.43179846,0.30408758,-0.11795807,-0.88409567,0.2136519,-0.123229146,-0.36483294,-0.45799088,-0.17225379,0.045362413,-0.39087605,-0.008076131,0.2820325,0.08412212,-0.09039533,-0.107594624,-0.09049323,0.14053804,0.045889825,0.23904738,-0.03660214,0.081186295,0.47878864,0.3009647,-0.044802368,-0.20845813,0.0057519376,0.3153995,0.37357467,0.4707297
1909,0.036717743,-0.012170255,-0.05376351,0.23277783,-0.1771784,-0.12251061,0.24176991,0.010959148,-0.108124375,0.032080412,-0.17580332,0.15455002,-0.74001086,0.006573364,-0.19816184,-0.15749267,0.7334992,-0.15676588,1.3859134,0.028328538,-0.12399638,-0.037537694,0.16720104,-0.29730812,0.54237306,0.169552,-0.20235771,0.16176891,0.074115485,0.1085552,0.2446487,0.20440501,0.0841912,-0.20397785,0.211501,-0.04374826
1910,2.4788232,1.5849742,1.2009068,1.5221215,1.0171719,0.58103216,1.137468,0.437016,0.6518178,-0.17418098,-0.42601746,-0.39859307,0.15006498,0.21026778,0.22889745,-0.10774838,0.3801499,0.56518286,0.25667012,-0.006308794,-0.27793252,0.3987326,0.3845368,0.007176876,1.2067907,1.5778805,0.7432946,0.77791876,0.20739087,0.43730864,3.0034854,3.2006297,2.7994504,0.45773077,0.99973536,0.32169068
1911,0.19363904,0.41214132,0.17774862,0.15416479,-0.06362574,-0.21772611,0.6370062,0.23550695,0.106524825,0.7500547,0.7495388,0.19277251,0.4420329,0.10838732,0.31456718,0.3919384,0.091717854,-0.14851546,0.105895855,-0.19192559,0.0077650547,-0.1789017,0.21868959,0.15658599,0.106226504,-0.44085053,0.06264621,0.31245548,0.24373016,-0.15950459,0.3007418,0.3163023,0.19088942,0.3015352,-0.5283198,0.0954718
1912,-0.5288884,0.3019549,-0.28997445,0.04367304,0.5324502,0.051267385,0.12327007,0.55827093,-0.15002051,0.59127116,0.00035265088,0.15747882,-0.1510638,-0.32786223,0.2737979,0.15707493,-0.24353687,0.15718761,0.046139717,1.3234916,0.5107948,-0.08620408,0.24194115,-0.10814515,-0.09361769,0.10389207,0.24185011,-0.16197789,-0.09911847,0.31625095,-0.06959504,0.7866011,0.03646873,-0.095070645,0.3817356,0.68355834
1913,1.3807847,0.45066658,0.03357601,-0.175107,-0.27813262,-0.33926225,0.39729524,0.4031076,1.4266155,-0.38533732,-0.2714984,0.11798927,-0.07938093,-0.10622376,0.407941,0.2703151,0.46770144,-0.1847702,0.968305,0.34621358,0.23683727,0.4761042,0.029753268,0.021193683,1.7510729,1.2853087,0.5291289,-0.17260098,-0.7537556,0.2516495,0.26833707,0.21494687,-0.019457519,0.44846058,0.04556063,-0.8980583
1914,-0.10873878,-0.18747243,-0.01327014,-0.24350536,0.13164899,-0.26284504,-0.09630197,0.0058583617,-0.17484403,-0.3164276,-0.1659886,-0.033576548,0.0142070055,-0.0006557312,-0.20109344,0.17397034,0.034824967,-0.19932234,0.9056483,0.120272815,0.22993511,0.09271562,0.017836943,-0.17157435,-0.07557613,-0.1610594,-0.16023612,0.007312417,-0.19972903,0.09339213,-0.04496175,0.33777446,0.31926858,-0.015646875,-0.470593,-0.0028475523
1915,-0.0036105514,-0.38067633,-0.06440875,-0.2125504,0.3153404,-0.22402209,0.05452043,0.15990992,0.07638645,-0.43269134,-0.39993095,0.2303884,-0.15337265,0.21923774,-0.08008754,-0.15772265,-0.6839118,-0.40388417,-0.11887723,-0.14685152,0.00085163116,0.16264969,-0.21947458,-0.17013472,-0.0121824145,0.031591594,-0.005414963,0.16896456,0.17746314,0.08779961,0.29453957,-0.060509235,0.05806154,0.23213023,-0.22257568,0.29627836
1916,0.2323198,0.47151667,0.23157519,-0.21004575,-0.040714435,-0.09512001,-0.27648023,0.16860178,-0.13378555,1.9063174,0.7628165,0.5146357,0.15520164,-0.0077363253,-0.012922943,0.18044764,0.021423697,0.19303796,0.41750678,0.48517203,0.15255728,-0.04599899,-0.055749606,0.5490627,0.48878473,0.30576572,0.109763265,0.35091037,-0.09761292,-0.9381001,-0.2887594,0.08127242,0.11034179,0.8236291,0.87357897,0.15980688
1917,0.70348597,0.7762352,0.3768279,0.17980939,0.49325684,0.45984167,0.641872,1.1542058,-0.13882744,-0.27797735,-0.1259765,0.36809525,-0.20573156,0.054109693,0.5108772,-0.29357156,0.38533947,-0.31024212,0.9163979,0.45839643,-0.1299774,-0.059142023,0.7809526,0.34415355,-0.21867454,0.216943,0.2846698,1.7520195,0.09706527,0.15411824,0.81615144,1.6407849,1.9930327,0.2435728,0.2872713,-0.07002038
1918,0.13909638,-0.4456541,-0.30978942,-0.037800312,0.2835369,-0.2045928,-0.1465536,-0.097663105,-0.20356941,-0.17273039,-0.030099034,0.20642287,-0.090402365,0.13071758,-0.08945894,0.16858108,0.26352903,-0.005759537,-0.024457455,0.24451238,-0.071038336,0.78091204,-0.0836826,0.60519654,1.5347066,0.7194907,2.7183323,0.30752575,-0.4168732,-0.0052131414,0.6419163,0.5028771,0.028870523,-0.91461873,-0.035185546,-0.56505626
1919,0.21686634,-0.040303975,0.52588916,0.04880634,-0.057339907,-0.30105966,-0.026508927,-0.10370466,-0.27194172,-0.11975238,-0.0036155581,0.07617307,-0.042082936,-0.22509085,-0.24148327,0.33423033,0.60996383,0.33946612,0.25526515,-0.41895851,0.023709238,0.116392314,0.39183563,0.04060796,1.4726135,-0.054137364,0.08789009,-0.18423356,-0.17457913,-0.065799356,-0.041175537,0.05565685,0.33330777,0.11264946,-0.098428786,0.3493651
1920,0.8918016,0.89313877,0.46496317,0.13620889,-0.5907562,0.44942978,0.22975565,-0.20907092,0.01917705,0.03423977,0.0715909,-0.33591366,-0.24831773,-0.14785497,0.6749786,0.43856502,0.019931167,0.07328108,-0.03669548,0.37688643,0.1540286,0.22374721,0.26885962,-0.48084438,0.16080981,0.43670255,0.10821293,-0.43717504,0.65891916,0.120542705,-0.17624158,0.20067847,-0.05206138,0.19135082,0.5991155,0.062461138
1921,0.059119403,0.24145697,0.29188085,-0.40526217,0.22563918,0.5132227,0.026925087,-0.44534767,-0.024820328,-0.45483488,0.23890275,-0.17526847,-0.009685248,0.33350232,0.0758574,-0.022282377,-0.23905748,0.35064867,0.39009672,0.032385945,0.06815572,0.019253492,-0.17147279,-0.6209043,-0.22005105,-0.22293484,-0.21829277,-0.04580325,-0.555236,-0.48088187,0.23351622,0.001131177,-0.28908527,-0.4501559,0.31239825,0.021542728
1922,0.16707003,-0.145756,0.33832532,-0.027999043,-0.1625223,-0.29913703,0.08956012,-0.28685546,-0.16601557,-0.6631275,0.13378596,0.17256135,0.23569179,-0.54493403,-0.24228612,0.10111019,-0.21157534,0.3649167,-0.024080306,0.058229566,-0.1263516,0.113007516,0.06034553,-0.4037236,0.8062596,0.38543284,-0.13573569,0.4880628,-0.12799221,0.015447408,0.23698011,-0.049421057,0.116304785,-0.19219026,-0.22268523,-0.52823895
1923,0.346733,0.26957726,0.061046004,0.3083618,-0.5191658,0.1448035,0.18771565,0.37001345,0.28856373,0.07499689,-0.12347031,0.18758127,0.48736897,-0.20611393,-0.75206554,0.40496325,-0.18233621,0.29660922,-0.2835086,-0.40809083,0.041135967,-0.08442524,0.5885651,-0.30122358,-0.2429393,-0.05638516,-0.71882594,-0.18550248,0.20355049,0.5307777,0.099997886,-0.3402083,-0.5851371,0.12177257,-0.12241235,-0.1035943
1924,-0.1739338,-0.47291708,-0.07052451,0.22890937,0.041002467,-0.1512608,-0.322783,-0.08176032,-0.025423825,-0.4140768,0.2205818,-0.0053159,-0.19536102,0.011866808,0.052048206,0.03632152,-0.24050303,-0.07689488,0.060928583,0.14782217,-0.031624615,0.066376925,0.06794155,0.042280376,-0.026846647,0.19914156,0.030823886,-0.07119626,0.14726071,0.0060486794,0.1742264,-0.07711002,0.06152624,-0.04847914,-0.24165589,-0.06719434
1925,0.30347362,-0.34560525,-0.045194775,0.12130171,-0.15910389,-0.31570733,-0.10183391,-0.23936687,-0.2598881,-0.31957585,-0.25288936,-0.15658897,0.13972747,-0.07341725,0.0054326057,-0.15630127,-0.31584394,-0.14901349,-0.06477463,-0.085997626,0.23788118,0.06749129,0.09754338,0.34269208,-0.5217631,-0.21240905,-0.45490828,0.74790376,0.374919,0.06538361,0.2793314,0.04243052,0.11618185,-0.25426936,-0.36385936,0.36737877
1926,-0.029566169,0.06197691,0.06609732,0.3131194,-0.10569492,-0.021000862,-0.09162718,0.10650307,-0.027755916,0.0657742,-0.19969276,-0.024239004,-0.60487354,-0.2128975,0.094825745,-0.27488992,0.1614027,-0.28269446,-0.14807844,0.18522882,0.043111503,-0.057343066,0.084425144,0.04459256,0.3212325,0.1401244,-0.122712016,0.14742231,0.09762995,-0.21580482,-0.22823238,0.25795504,0.18436706,0.09400529,0.10410684,0.17056394
1927,0.385121,-0.24153063,0.0054995418,0.29504776,-0.07149321,-0.004624665,0.00068229437,0.11083518,-0.021167636,-0.55908024,0.047344677,-0.12558538,-0.12150037,-0.090814896,-0.033534765,-0.17248297,-0.25800693,-0.022087395,-0.283705,0.12711054,0.065743685,0.052011907,0.2097961,-0.036646962,-0.32456046,-0.17499417,-0.09365094,-0.016551673,0.048362434,0.07730073,0.121956766,-0.107611,-0.07164943,-0.17708117,0.022875369,0.100150585
1928,0.66562414,0.3295658,0.023544788,0.047731996,0.181256,-0.22278792,-0.08040124,0.03344807,0.049045146,0.01944518,0.0005401969,-0.16203594,0.1172837,0.2363655,0.16588688,0.32637954,0.037236094,-0.15548772,0.3683014,-0.010245681,0.075992465,-0.11369383,-0.2485019,-0.009940743,-0.10437721,0.19847172,0.040714383,0.6245371,0.30845252,0.059915066,-0.44526404,0.049237132,-0.035898566,0.27945298,0.114191264,0.106769264
1929,-0.28919497,-0.2582366,-0.23453623,2.701081,1.8824395,2.729852,0.6848679,0.3910209,0.27663755,-0.1639113,-0.59877455,-0.20947087,-0.76693153,0.025634527,-0.38300774,0.18069384,0.02006185,-0.31999415,-0.120715514,-0.20004192,-0.1284012,0.40141556,-0.038696736,-0.20178568,1.972538,1.3004305,1.2735754,0.042308003,-0.19306038,-0.19473155,0.56231755,0.55283904,-0.038584143,-0.39434558,0.011318862,-0.08317673
1930,-0.3846838,-0.13022608,0.00833571,-0.115219235,0.4398451,-0.14189821,0.019168913,-0.16777383,0.013271689,-0.30391943,-0.19850402,0.035848796,0.069633365,-0.22966896,-0.0721854,-0.03991711,-0.32167983,-0.15313846,0.012516916,-0.17999074,-0.1422466,-0.18669736,0.15912387,-0.039216697,-1.040095,-0.106775165,-0.16062808,0.24677885,0.3534061,0.007760644,-0.037831306,0.053180143,-0.025801063,0.026270747,0.14905363,-0.01984334
1931,-0.10202798,-0.41390193,-0.23816931,1.2534105,0.05505061,-0.0038735867,-0.056420177,0.43917876,-0.005637288,0.0925228,-0.07245782,0.004634261,-0.22287822,0.0019270927,-0.06435782,-0.19635403,-0.2693304,-0.11253333,0.22059436,-0.20676315,-0.08545858,-0.4289642,-0.32524818,-0.040982366,-0.2562769,-0.15659094,0.10357487,0.03965193,-0.014957845,0.036115408,0.009658098,-0.28485873,0.114350915,-0.44395527,-0.038653374,0.1326257
1932,-0.05902055,0.22060919,-0.13843444,0.25552964,-0.4809538,0.19876039,0.12734619,-0.13624763,0.10593587,0.31197965,-0.5648015,-0.29356056,-0.3744384,-0.3582795,-0.031884134,0.6530725,0.05882767,-0.085309505,-0.5113983,-0.20279531,-0.33218664,0.6447607,0.11811611,0.2889981,1.4655877,0.75747854,0.31519398,0.46406788,-0.12943071,-0.10431263,0.9254892,0.6851336,0.90730506,0.25120735,-0.37859288,0.28281307
1933,0.4928761,0.5134551,0.6601892,-0.3054564,0.100649,-0.2785187,1.4197798,0.53974223,0.32360816,0.17289644,-0.137901,-0.36923093,0.18406063,0.18475732,-0.07996315,0.12807661,0.25060892,-0.31874317,0.654853,-0.17303121,-0.015039325,-0.1201618,-0.46158868,-0.533095,-0.3358545,-0.13662827,-0.15953982,0.2360264,0.2808112,0.17412412,-0.0392586,-0.28447658,-0.3421798,0.18834049,0.046545435,0.00029981136
1934,-0.15957727,-0.093812354,-0.03701815,-0.08456418,0.26157075,-0.25218672,-0.18174419,-0.15498577,0.3158449,0.36870536,-0.047618747,-0.16803926,-0.36939755,-0.0781661,-0.23154277,0.20774782,0.8188752,0.39518058,-0.14390078,-0.124335825,0.116743565,0.36132836,0.5202735,0.51981777,1.3452748,0.5150224,0.6891303,1.4915681,0.8388055,0.22524714,0.020985961,0.7632048,0.1356673,-0.37330294,-0.076105855,0.04669887
1935,-0.2530215,0.26273292,0.30301794,-0.21156906,-0.2005293,-0.3131112,0.2253148,0.14846963,0.26087433,-0.25095767,-0.36074,-0.25037843,0.5051944,-0.41710585,-0.057311833,0.09449291,-0.429608,0.15712762,-0.5554787,0.0002657324,0.058668613,-0.54549557,0.4494906,-0.36824495,0.21344684,0.027772337,0.20443761,0.029681563,-0.046089306,-0.0016430616,0.4713521,-0.060902923,-0.35441476,-0.4876743,-0.061871648,0.12543213
1936,0.59206116,0.17298229,-0.017503344,-0.22841579,0.16297561,-0.14439279,-0.36403403,0.1420092,0.1635859,0.41396677,0.45688906,0.4139706,0.16806841,0.15834317,0.20951873,0.40787348,0.02585807,-0.18326756,-0.404029,0.43290058,-0.29889536,-0.30671003,0.14243877,-0.34254456,0.03918737,-0.38426816,-0.27659428,0.10307922,0.7643453,0.22815016,-0.30728018,-0.624285,-0.94580936,0.4953534,0.12859488,0.12681794
1937,-0.21395096,0.34553277,-0.31145608,-0.09648295,-0.0714519,0.016963944,0.042194158,0.9225234,0.040775716,-0.27083623,-0.18529767,-0.062099457,0.26138824,-0.31940332,-0.17556834,0.4505423,0.58579755,-0.11144656,-0.2542606,-0.18261859,-0.052381903,0.03431586,0.2078456,0.19279814,-0.3990588,-0.017441347,-0.0312168,0.32877642,-0.20048994,0.020309925,0.27995253,1.0130398,0.55866975,0.13924599,-0.28481847,-0.04280114
1938,0.09653592,-0.20263901,-0.0044128895,-0.15734106,-0.25633785,0.038279593,-0.4309303,0.3098803,-0.049060524,-0.44221193,-0.32784006,-0.11900759,-0.5623592,-0.07623887,-0.09814417,0.0028131008,0.071416065,0.023002923,-0.4376988,-0.30619812,-0.098873794,-0.32759434,0.13390432,-0.054585814,0.75460625,-0.11216012,0.010933816,0.1432972,-0.34352314,0.029055893,0.058296323,0.07766056,-0.13636625,-0.6542319,0.044194877,0.02690202
1939,-0.24892256,-0.1493926,0.122857206,0.04393488,-0.09284839,-0.22573972,0.40264004,-0.13104913,0.04137343,-0.0975184,-0.17840517,-0.096339524,0.059267372,0.16431332,0.02803117,0.049009323,0.055281416,-0.038431227,0.60557866,0.26956403,0.17636532,-0.21345592,-0.06629148,0.11790168,-0.0716102,0.021172732,-0.11647236,2.3390894,1.4647617,0.37928838,2.0241675,1.2482097,0.618664,-0.33912066,0.13652954,0.06342286
1940,1.137636,-0.056594238,0.096250445,0.26032504,0.49066067,0.016639173,0.01201582,-0.023226082,0.06297052,1.9998438,2.342044,0.23428345,2.9284818,0.8831829,1.0278015,-0.0424955,0.15620711,0.18877846,-1.3699827,-0.06226583,0.11518675,0.6841697,0.21164426,0.07439262,0.24720919,0.38342834,-0.076774836,0.303714,0.25652212,0.04402411,0.38453048,0.45937344,0.0013734698,0.7802162,0.3006586,0.004716158
1941,0.13585621,0.23280847,-0.4863364,0.22196525,0.0023266673,-0.082636714,0.0061202943,0.003492117,0.13573773,0.10603535,0.3540054,-0.20755804,0.24705023,0.2936715,0.5953406,-0.14261192,-0.0042812414,0.93506026,0.16759431,0.055491246,-0.058039874,-0.117964625,0.034819767,-0.25879544,0.6221189,-0.10577962,-0.04197961,-0.1250542,0.079160616,-0.29157686,-0.07562357,-1.2511622,0.14600354,0.47439998,0.10366285,0.019676868
1942,0.2558224,-0.22027063,-0.043526947,1.5029105,0.9712638,0.30432868,0.668273,0.4229579,0.45514232,-0.070709944,0.21392205,0.03495723,-0.32537788,0.08272635,-0.29096335,0.113480985,-0.8001881,-0.2215243,-0.03939724,-0.45741862,-0.1684345,-0.11365324,-0.30015916,0.14957237,0.16080835,-0.19127981,-0.12239623,0.10598082,0.4246988,0.143556,-0.16251302,0.19281843,-0.08784208,0.12736809,-0.4434789,0.0457325
1943,0.12837745,-0.38391745,-0.30067506,1.1000896,0.2681579,-0.0026108027,0.55679035,0.53060997,0.1988248,0.22930339,-0.10866915,0.07560617,-0.0043482482,0.33065683,-0.24151462,-0.48189723,0.09250264,0.4220203,-0.29486406,-0.08318959,-0.03941226,0.079245955,0.29254946,0.24440628,1.5336277,1.0526458,0.42607778,0.36863488,0.15914398,0.19859475,2.3366733,1.2283328,0.602481,-0.5543357,0.21779647,-0.08512139
1944,0.47739637,-0.1422633,-0.08949602,0.02610913,-0.31582165,-0.30447334,-0.08952123,-0.063134134,-0.1382018,-0.22249565,-0.26092574,-0.10423389,-0.047691286,-0.005180776,-0.10198426,0.35980463,-0.16159031,0.23831901,-0.04107955,0.1359005,-0.045550346,-0.2529979,0.1959378,0.32209638,1.2871621,1.9420303,0.2869258,1.6736479,0.22268924,0.11323655,3.4625847,3.091013,1.2852321,0.012043834,0.23668784,0.04687333
1945,-0.20688891,-0.21348226,-0.17272794,-0.30574763,-0.32748342,0.108961046,-0.32046512,-0.19252673,0.04655838,0.20652136,0.4082761,0.10717642,-0.7053578,-0.5895262,0.023742944,0.3716655,0.10045093,-0.17189759,-0.5085982,-0.37008095,-0.07690889,-0.32220516,-0.1046284,-0.24516648,-0.4980145,0.037827566,-0.35107398,2.5819185,2.6263418,0.4543981,-0.1810453,-0.41370758,-0.1822983,-0.0535834,0.0677907,-0.038647532
1946,-0.42614686,0.025545299,0.05868417,-0.3640765,0.12983444,-0.15340555,-0.21739286,-0.20768318,-0.057521403,0.1362623,0.035919096,-0.0061956644,-0.25316548,0.16659951,0.12804592,0.13160357,-0.06884791,-0.122911096,-0.7566099,-0.04582871,0.02696222,-0.1906128,-0.18432221,-0.047875583,-0.40850222,0.09223883,-0.030362666,0.4923386,-0.16978285,-0.088418424,0.43223542,-0.16207682,-0.065476716,-0.14283395,0.09513572,-0.029511213
1947,0.24649498,-0.11072007,-0.14146987,-0.38379693,0.2320567,-0.291687,-0.092891455,0.1838527,0.0392735,0.10798967,-0.10764882,0.02444613,-0.26238638,0.012527347,-0.0012995005,0.25584227,0.04131958,-0.22309399,0.08236337,-0.008928657,-0.04307425,0.05677235,0.040964335,-0.2565781,0.2727967,-0.096730635,-0.08232033,0.61752224,0.44938096,0.07762766,-0.08589965,-0.3124743,-0.21934298,0.17800564,0.16685499,0.24134606
1948,-0.49716038,0.115644485,-0.037895024,-0.24034679,-0.07947126,-0.23434597,-0.04153964,0.11038548,0.15868312,-0.15464044,-0.11737427,0.047459304,-0.4279611,-0.0007233918,-0.022989988,0.1450603,0.006211579,-0.061830103,0.18320781,-0.1622617,0.21581006,-0.2350342,0.11989266,-0.22049433,0.19460997,-0.247609,0.034615576,-0.4321282,0.048832297,-0.16955048,0.06953746,-0.1473974,-0.18715304,-0.040005684,-0.25318766,-0.08193964
1949,-0.235632,-0.6331068,-0.27596468,-0.19375674,-0.078338,-0.3318368,0.5065394,-0.30653143,-0.2298516,0.0063719153,-0.00029614568,-0.023371339,-0.15736407,-0.43664837,-0.14227235,0.1707178,-0.014261037,-0.15639716,-0.10384196,-0.26807213,0.12766689,-0.090652466,0.21521337,0.01737076,0.19358093,0.3150558,0.20052445,0.19583333,0.17213953,0.2890668,0.5746444,0.8544891,0.4602068,-0.44208908,0.106736764,0.514346
1950,0.5412923,0.31337556,0.27376094,0.34770525,0.2433618,-0.5950664,0.71703553,0.29759786,-0.12900573,0.053727508,-0.38358444,-0.1713193,-0.07761288,0.07154812,0.16742328,-0.069535285,-0.13016406,0.19448856,-0.04671651,-0.086912304,0.06300044,-0.28977394,0.21120888,-0.14752111,0.45950556,0.3670182,-0.33274162,-0.013835207,0.0035387874,-0.65422726,0.073985904,0.11787788,0.27991295,0.18345582,0.38109353,0.44651097
1951,0.68952936,0.013691038,0.08553606,0.35280073,-0.01087752,-0.21821666,-0.6592688,-0.12991217,0.12176919,-0.45437622,0.2800004,-0.17606932,0.71088326,-0.12521255,0.21508205,0.1518392,0.0076602697,-0.024772286,-0.17486143,0.1778009,-0.2547695,-0.061283648,0.024172619,-0.030800521,-0.6875113,-0.061092705,0.014556229,0.25473514,0.16016173,0.12378752,-0.33330044,0.08646387,-0.2828523,0.5977278,-0.35835394,0.122100174
1952,0.4769174,-0.09595591,0.057988763,1.4452714,-0.07087161,0.09395313,0.6135849,0.2876339,-0.10903883,0.16043782,-0.19044355,0.2244677,-0.3864833,-0.31138515,-0.021239758,-0.1074246,-0.072198704,-0.017049551,0.60478014,0.040041193,-0.165964,0.32090575,-0.17072342,-0.05234939,0.052951932,-0.28876954,-0.008334696,0.08079952,-0.19319642,-0.34188437,0.20656016,-0.5389966,0.015565455,0.105168514,0.081367224,-0.036476195
1953,-0.54877,-0.2732518,-0.17792457,-0.12954938,0.12575084,0.009575248,-0.2625451,-0.12800907,0.053365648,-0.24627447,-0.20425072,-0.038722396,0.077338815,-0.32906443,-0.07017386,0.42862126,-0.05738981,0.011850536,0.33493555,-0.08751254,-0.20150036,-0.1769728,0.0022449975,-0.12038058,-0.29483476,0.15975574,0.21795928,0.44053924,0.73592246,-0.05757463,-0.5133424,-0.21036445,-0.047086954,0.055658907,-0.147032,-0.10363042
1954,-0.06273109,0.007871702,0.072016954,0.30611312,-0.063363254,-0.06273389,0.13205454,0.085623324,0.033138514,0.4585911,0.021064907,0.022430182,-0.36841136,0.07692586,0.008995116,-0.109820366,0.11601782,-0.07188493,0.8744545,0.5369592,0.114423335,-0.68520707,-0.076613754,0.03401184,0.15068513,0.209256,-0.09226215,-0.0077412724,-0.067680866,-0.03628999,-0.18668103,-0.075543106,-0.09564623,-0.16480085,-0.022785425,-0.09569234
1955,0.22955692,0.072222404,-0.21790478,0.4835872,0.3176133,-0.47355685,-0.3100245,0.17663062,-0.44549215,0.13725859,0.058872372,0.08440825,-0.46884245,-0.35389507,-0.024950206,-0.58170587,0.39490065,-0.053583592,-0.25333285,-0.24364978,0.03861919,-0.2054877,0.111709535,-0.21537799,-0.14596161,0.06298006,0.10051942,0.5527257,0.17076403,-0.113781035,0.0648621,-0.18482962,0.04394886,-0.04540237,0.1360258,0.449713
1956,-0.10826719,-0.032366037,-0.14699858,0.24429893,-0.08702099,-0.09498942,0.089854,0.13155572,-0.008674741,-0.2573626,0.061282933,-0.18048877,-0.29997838,-0.3385198,0.054938793,-0.18411702,-0.07473432,0.32116073,0.024406552,0.2410698,-0.17445451,-0.18372476,0.07806277,-0.17613915,0.15361941,0.20318696,0.01756823,0.2943114,-0.08458084,0.04597956,-0.37149847,-0.023468167,-0.10865086,0.35411143,0.1421068,-0.18557167
1957,-0.054944873,0.11359379,-0.1201309,1.5589025,0.5558434,0.45559907,1.0952848,0.3258816,0.13941538,0.035319686,0.21670137,0.15720361,-0.105935335,0.2061367,0.07131094,0.13322735,-0.09546612,-0.070462525,0.278839,-0.23288664,0.05438423,-0.0317368,-0.1572604,0.13239002,-0.20624954,-0.025868028,-0.030069768,-0.20567349,-0.075683534,0.006243646,0.0851548,-0.5710256,-0.17363968,-0.28610748,-0.09665105,0.13642418
1958,0.12006879,0.40780607,0.2136771,0.531105,0.14168805,0.63059473,-0.078525156,0.025594592,-0.26377836,0.045066774,0.038724124,1.0253605,-0.10933542,0.14149684,0.26156202,-0.17318839,0.3439135,-0.10686827,-0.14897433,-0.11554688,0.6141801,-0.076820135,0.54105926,0.31662345,0.09534854,0.10160318,0.52648807,-0.7231107,-0.79598844,-0.10861829,-0.4669844,-0.48504466,0.21955252,-0.12612191,-0.32641888,0.7207306
1959,-0.26761752,0.03834553,-0.092733026,0.08284503,-0.078368306,-0.057514787,0.48114368,0.18949649,-0.3362689,0.46181095,0.18000902,-0.043284774,0.08151269,-0.23388004,-0.021913826,0.3525907,-0.1815655,0.32057014,0.09610379,0.0746173,0.16189563,0.3352669,0.017383404,0.24857059,-0.12706149,0.08928624,0.1321528,0.13418442,0.040731087,0.20498735,-0.071890116,0.48782587,0.06291121,0.024779826,0.084787875,-0.104008675
1960,-0.42793828,0.07253826,0.044826627,-0.50478935,-0.6341859,-0.103722095,0.17246994,0.14190355,-0.6044052,-0.027453125,0.1775218,-0.31690222,-0.1664969,-0.76770055,-0.18194717,0.18001336,-0.62779176,-0.028068662,-0.07541883,-0.017736435,0.3821016,0.009982824,-0.50979006,-0.25456262,-0.5042794,-0.22073993,-0.13115224,-0.67677695,-0.12718932,-0.36979714,-0.2098217,-0.53696185,-0.11693549,-0.11073905,0.046731103,-0.033814788
1961,2.3198736,2.8693175,1.7141587,0.2704456,0.71452814,0.08946374,1.0842228,1.7288456,1.1836423,-0.41360885,0.36360168,-0.20323232,0.090323836,-0.15308136,0.34621656,0.018648198,-0.29281697,-0.09677056,0.13060194,0.460772,0.35871685,0.22303802,-0.28934914,-0.4323267,-0.38052917,-0.30104828,0.0068388656,-0.27992442,0.52517134,0.22099283,-0.46534765,-0.2777075,-0.40070343,0.85844374,-0.5127866,-0.081701756
1962,1.036649,1.0636895,0.75650173,3.0545688,2.1621525,1.372805,4.675351,3.4338145,1.7436242,-0.1693967,-0.28752753,-0.2582278,0.3569868,0.40067595,0.19857031,0.12028557,-0.059710264,0.40074772,-0.05876547,-0.30059594,-0.03376043,-0.033894785,-0.4810612,0.1557869,0.110584274,0.1990011,0.040263534,-0.45871544,0.18836677,0.08329946,0.09668857,0.021400988,0.15110403,0.2644451,-0.12426585,-0.32046974
1963,0.5326709,-0.3314847,-0.12339127,3.189836,2.3852158,1.6840389,-0.24388799,-0.15399843,-0.2950636,-0.3151816,0.15268117,-0.22261411,-0.91642094,-0.2978714,-0.14326644,-0.48691046,0.45524752,0.030299872,-0.32261312,0.22250102,-0.30707476,0.26138994,-0.53892803,-0.16994703,0.08865404,0.12776056,-0.27888626,-0.1938765,-0.22898543,0.16847366,-0.17993805,-0.17591803,-0.73077357,0.20357078,0.12091577,0.28000695
1964,-0.5566807,-0.030881524,0.0916996,0.08315122,0.24380189,0.4999373,-0.19201237,-0.07540761,-0.24328765,0.44833452,0.061563224,0.36934537,-0.13746381,-0.24187994,0.114928484,-0.19246282,0.29783684,-0.55625945,0.36558914,-0.56668735,0.54523015,-0.32942986,-0.0365666,-0.2188518,0.106853135,-0.3410867,-0.05056061,0.40063816,-0.16745257,0.38085777,-0.8530138,0.24688503,0.24294353,0.15064564,0.32688755,-0.25488716
1965,-0.07967919,-0.8017684,-0.3720058,0.45299828,0.10941509,-0.23965016,0.1603849,-0.13758503,-0.14177045,-0.23050769,-0.1291375,0.27885956,-0.10402361,0.09347898,-0.34592965,0.5122397,-0.27879012,-0.15925848,0.1265575,0.17534524,0.038881898,-0.05808541,0.008343756,0.050627388,0.044932663,-0.07182026,0.23171233,-0.12066603,0.10184753,0.44552737,-0.6490122,0.12540865,0.14130253,0.12714475,-0.052703768,-0.08460933
1966,0.1953305,-0.35033047,-0.17812619,-0.2236383,0.35370216,0.07876754,-0.83030593,0.20746063,-0.42589217,0.751414,0.79397327,0.7870457,-0.09460926,-0.029601559,0.70531344,-0.3579705,0.10032743,0.1982621,0.18320024,-0.19728512,-0.23784447,0.17870605,0.32729197,0.10723549,0.1367228,-0.08618337,-0.08107853,-0.19289899,0.08826609,0.33330578,0.18911886,-0.06529844,0.7038326,0.20228624,-0.25302315,0.10651028
1967,0.182707,0.53496003,0.055773377,0.06634909,-0.40665698,0.19838272,-0.51344264,0.36198395,0.51416564,0.13854814,-0.623668,-0.08427939,0.33202332,0.20493865,-0.47575286,0.7932341,0.033763878,0.0021392107,0.67685264,0.045713186,0.6643455,-0.19524837,0.42387623,0.6565057,0.20150352,0.8042418,-0.38230115,-0.061898723,0.4039141,-0.010062262,0.49600512,0.964816,0.06655189,0.04618475,0.7684625,-0.27243093
1968,0.43520442,0.09447843,-0.19441986,-0.3381194,-0.5662847,-0.007290125,0.22901464,0.25347555,0.21690851,-0.51348495,-0.37760636,-0.24994555,-0.33301428,-0.33785748,-0.5199677,-0.19962907,-0.26789674,0.14181572,0.9170141,0.041894138,0.28382128,-0.08745718,-0.1285755,-0.2556624,-0.31984565,-0.26645023,-0.103289366,0.029627025,0.17144811,-0.055945188,-0.16983572,-0.036994517,-0.09857166,-0.16536304,0.11959979,-0.25373828
1969,0.9094387,0.0001938641,-0.09584892,-0.16119266,-0.1955947,-0.25575614,-0.54454416,-0.16165984,-0.038220406,0.509946,-0.0308398,0.38263762,-0.6196528,0.21808851,0.14953482,-0.41022134,0.09137925,0.011356264,1.064738,1.0402085,0.089089274,-0.2862605,0.1914549,-0.02524215,-0.0792824,-0.11673316,0.035283685,0.23132524,0.056827366,-0.014849424,-0.17561898,0.5945888,0.4618953,0.83976126,0.2915278,0.11675304
1970,-0.95543766,-0.06458467,-0.23335397,-0.04402992,0.07623002,0.17118967,0.20271185,0.8555045,0.31205136,-0.20112282,-0.19123498,-0.06171018,-0.16365689,-0.0708901,0.0656032,0.016107488,-0.22179244,0.16022271,0.046929926,-0.0032635033,-0.006609559,0.0059581995,0.53867745,0.1914165,2.5663934,2.1989655,3.4262094,-0.0009778934,-0.73446,0.1825183,1.1318521,0.8942333,0.6808421,-0.5736314,-0.5313556,-0.07299155
1971,0.52810466,0.37903425,-0.002075553,0.26880074,0.23903611,-0.49361274,0.016046986,-0.008128464,0.06480324,-0.36313093,-0.02928412,-0.098572254,0.0333108,-0.06337005,0.0287292,-0.27650917,1.1216482,0.23191147,-0.089503706,0.22847503,-0.13386488,-0.21575654,0.11761439,0.18871653,1.0517359,0.83170795,0.5990767,0.34879398,0.19856486,0.015317678,1.0510701,0.35355365,0.92263836,-0.10568464,0.03066957,-0.06743455
1972,-0.18132335,0.14552689,-0.2147094,0.13088079,-0.28766868,-0.3912517,-0.4027997,0.23057652,-0.500219,-0.51881653,-0.21584636,-0.12910923,-0.26545274,-0.2967298,-0.09496695,-0.65475845,0.2902161,-0.04878208,-0.31203532,-0.23070449,0.16382235,0.39844617,-0.009997308,0.5154236,0.5047876,0.29869756,0.3372543,0.27250922,-0.17142189,-0.03349006,0.2843924,-0.08859253,0.21147162,-0.6052953,-0.41838998,-0.099387795
1973,-0.32153806,0.24695009,0.39016992,0.136208,-0.04879859,-0.54237586,0.123493195,0.4354322,-0.25133622,0.3379333,-0.03302625,-0.107011676,0.120324194,0.116756916,-0.1263181,-0.4763708,-0.14536396,0.0474782,1.0724556,-0.58089674,-0.13581151,0.022460103,0.12904605,0.04720074,-0.06527799,0.19047843,-0.37887883,-0.18204352,0.09516716,-0.07600111,-0.28992856,-0.16721748,-0.13383925,-0.10803376,0.106404155,-0.18618524
1974,-0.16218096,-0.25716364,-0.18639356,-0.21054097,-1.293939,-0.07903275,0.24969873,0.055149555,0.005388975,-0.5421203,-0.26627436,0.06973179,-0.2484766,0.047911167,-0.35644925,-0.059197307,-0.09435961,-0.3115754,0.47460958,0.1354182,-0.42683974,0.46580428,0.4197663,0.22638178,0.8155322,0.83078057,0.42409027,-0.08856559,0.18758655,0.6305606,0.4146409,0.37789512,1.0477457,0.24173643,-0.12997591,-0.23545408
1975,1.6713041,1.4249489,0.6653128,0.120924294,0.827178,0.4803296,0.919464,0.5614122,-0.17047518,0.7806246,0.70396626,0.6298852,0.06495428,-0.05965334,-0.26861203,0.6262272,-0.06689316,0.004059583,-0.7277292,0.13591675,0.46672332,0.9572991,0.09854877,-0.30389798,0.69032305,0.21870786,0.8383369,-0.6018418,0.21612608,0.5160818,1.2551187,0.80629885,0.015899599,0.3815691,0.80516505,-0.48936623
1976,-0.2063365,-0.20950848,-0.3405855,0.060729027,-0.33004183,0.0010246038,0.013257742,0.19264424,0.014075875,0.13167757,-0.2632939,-0.051101685,-0.15643662,0.07901834,-0.026854634,0.13343167,-0.2265965,0.32064927,-0.12227595,0.20747733,0.21818686,0.36653697,0.34379983,0.32624286,0.0465647,-0.1422579,0.2261864,0.61678654,0.55282485,0.3334236,0.08933973,0.25689358,0.3711059,-0.44344628,-0.105134726,-0.10941374
1977,-0.11539471,0.08118534,-0.14631712,-0.47093654,0.30592686,-0.27999565,-0.41504493,-0.09184337,-0.24815717,1.0074248,0.5217834,0.9902326,0.7861254,0.27653277,0.2997954,0.31907532,-0.025436342,-0.17154944,0.039602637,-0.03690488,-0.31215498,-0.1904659,0.4124891,-0.0411036,-0.5492377,-0.6894367,-0.4209699,0.12558666,-0.3025539,0.23268652,-0.37889206,-0.1355589,0.040688634,0.12964141,-0.017069489,-0.12956867
1978,0.16798867,0.31510383,-0.17229322,-0.044858515,-0.58681846,-0.1076847,-0.28789112,0.2161041,-0.79627573,0.31820068,-0.26975933,0.21456116,-0.019299388,0.11610994,0.12507999,0.3889917,0.10698665,0.8518337,0.5854821,0.43828857,0.0311504,0.078100026,1.0949385,0.53623015,1.7065649,3.6848862,3.54572,0.5523119,-0.176476,0.18582445,2.7556686,2.0140963,1.4872842,-0.6081515,-0.24739973,-0.21937388
1979,-0.11225575,0.5583162,-0.32913184,-0.30381393,0.18902999,-0.5410194,-0.031497672,0.085915715,-0.08021444,-0.047549486,-0.012227684,-0.23214102,-0.2029374,-0.192372,-0.0075870156,-0.5214615,0.39614505,-0.16959733,-0.07770722,0.033044457,0.060593367,0.007477641,-0.0758103,-0.15921012,0.72970796,0.321108,-0.1551798,0.09555082,0.048969924,0.17868042,0.04153701,0.24601254,0.06131786,0.24711227,-0.21355283,0.6415658
1980,0.2953468,0.4553218,-0.19461116,0.070927165,0.07998532,0.44533354,0.41545147,0.8016307,0.0167723,-0.11656222,-0.17975682,0.23584834,0.09234254,-0.21373841,-0.044758677,-0.6994324,-0.44079342,0.103479445,0.115765855,-0.090808004,0.045472026,0.069093585,-0.5414209,0.08258872,0.3112132,-0.18028578,0.24581206,0.1670075,-0.24283576,-0.110159576,0.22868943,0.5171342,-0.2743795,-0.13184917,-0.5932369,0.048471272
1981,-0.31777474,-0.41242895,0.27846795,-0.52104986,0.62899846,0.5266728,-0.11849515,-0.657279,-0.25493383,0.50799507,0.5347487,0.43402204,0.34692895,-0.073623896,-0.06526597,-0.43826914,-0.06106937,-0.5374829,0.12368226,-0.045727253,-0.06308901,-0.5203595,-0.3264212,-0.5215632,0.06930339,-0.49251044,0.142578,-0.78642815,-0.6282691,-0.58705026,-0.5643635,-0.09465414,-0.1180172,-0.04804313,0.8518614,-0.2683226
1982,-0.43231952,-0.13865992,-0.15434247,0.2834989,0.2590242,0.10203406,0.2888435,0.38396585,-0.057865977,-0.042435646,-0.17382503,-0.22224224,-0.055858612,-0.25806624,-0.2766497,-0.22797167,0.06219247,-0.11539036,0.07404411,0.04341954,-0.16805685,0.5860667,0.08550012,-0.109665275,0.18751848,-0.07612663,-0.24801624,0.19301522,-0.08748428,0.0075920224,-0.10321891,-0.24705176,0.10012615,-0.41914415,0.12443107,-0.38937306
1983,0.0950464,-0.20764364,-0.36271042,0.845852,0.06401105,-0.09891015,-0.23372269,0.16530934,0.058265448,0.46831265,0.07366639,0.04076922,0.031189978,-0.45682758,-0.056586802,0.10074389,0.004809588,-0.31967866,0.45757332,-0.5816186,0.39697456,-0.66692114,0.13611737,0.0041193366,-0.2718792,-0.44239688,-0.393193,0.59814143,0.31328744,0.25608265,-0.46981806,0.44277123,0.024102688,0.31513333,0.209626,0.021140873
1984,-0.18189415,-0.08163005,0.13395965,-0.06348956,-0.3052044,0.02793392,-0.59878784,0.5556556,0.028615922,-0.2800234,0.016637027,-0.22787303,0.08383882,-0.4494969,-0.11094731,-0.027112484,-0.29944295,0.079093374,0.4055155,-0.46294954,0.05680102,0.17548846,-0.5213959,0.31065828,0.29116893,0.7376495,-0.33103585,0.9328141,1.0805659,-0.34600464,0.20003933,0.25244978,0.53429216,0.11705583,-0.24233119,0.3921069
1985,0.41586873,-0.2111888,-0.21068263,0.2771192,0.33603695,0.19256294,-0.2816129,0.43912375,-0.04912424,-0.6780447,0.027363226,-0.047964692,-0.2421807,-0.00804162,0.046400487,0.17845094,-0.2863145,0.060990453,0.15421534,0.07697466,-0.15275967,-0.104272485,0.0029740036,0.0026122332,0.22623566,-0.05139962,0.037757277,0.12795806,0.27169073,0.19563413,0.08243859,-0.30634028,-0.09545815,0.17745884,0.27206463,0.17129803
1986,-0.037875593,0.3119717,-0.15862578,0.22043431,-0.2719794,-0.15868282,-0.3121611,-0.04185891,0.09524524,0.3576989,-0.4917735,-0.0058255196,-0.4356079,-0.17062685,-0.12339234,-0.0026302934,1.0750735,0.04208547,0.70306087,0.11438835,-0.21083641,0.0109344125,-0.19578008,-0.2554281,0.30882534,0.351727,-0.18142033,0.2801075,0.22371575,0.10277414,0.31880724,-0.56420434,0.04679501,-0.022215605,-0.13557073,0.15626407
1987,1.3104137,1.0295748,0.56075764,0.8532445,1.117267,0.48269987,0.26228353,0.31974113,-0.42888597,1.6126317,0.91325694,-0.30960953,0.5257423,0.3325284,-0.21817073,-0.00016579032,-0.0737315,0.65362835,2.3592198,0.0068587754,-0.39279622,0.079956055,-0.0075644553,-0.2206527,0.4359519,0.48933,0.27859613,0.39247757,-0.33226418,0.2546299,1.5726364,1.3903726,1.2392607,0.20816496,0.54205173,0.2758336
1988,-0.15896419,0.43506643,0.11425555,0.015317798,0.059306026,-0.14225507,-0.4034367,-0.87748635,-0.09489906,0.19647944,0.13583525,-0.6797589,-0.35898462,0.07912868,-0.2026617,0.07308543,-0.19901678,0.29058713,-0.6755046,-0.09592068,-0.004215002,-0.12885512,0.66516936,0.22729939,-0.124336004,0.43082172,0.45288202,0.6262741,0.20599066,-0.101787806,-0.2132693,-0.15294448,-0.4467915,0.072930366,-0.3801473,-0.088427305
1989,-0.122980356,-0.048421085,-0.1348536,0.156968,0.19890705,-0.2659037,0.0014287233,0.14131579,-0.0017035007,-0.058261752,-0.069121346,0.023278475,-0.09146547,0.13702284,-0.020560145,0.24000955,-0.09207225,-0.01905775,0.70795625,0.06277129,0.08619547,-0.015462279,0.14579993,-0.1024034,-0.24553919,0.08306158,-0.09442842,0.22773838,-0.04142362,-0.10362744,0.15819156,0.20466302,0.07940829,0.11715299,-0.29466188,0.05542612
1990,0.2668572,-0.100571156,0.16084777,-0.21009228,1.5205109,0.19945729,-0.32868624,-0.09052521,1.4438139,0.5344404,0.31311694,0.035118103,-0.5048833,-0.0060724467,0.07931101,0.25576997,-0.79851204,0.26436839,1.0229874,1.2554488,0.70759106,-0.29885468,0.25261453,-0.23430875,0.06636888,-0.5666299,-0.17635858,-0.10711956,-0.35488707,-0.07149726,0.011283636,0.27141023,0.41044477,-0.3007844,0.47008175,0.393601
1991,-0.12753868,-0.119641714,-0.526855,0.07635927,-0.14692384,-0.19636035,0.010547996,-0.06937283,-0.21046686,-0.43414772,0.0019237399,-0.113883674,0.46502244,0.069712475,-0.05353397,-0.3370754,-0.3528989,0.37517267,0.2593297,0.030600213,0.08469194,0.4713822,0.38637438,0.13691604,-0.19160923,-0.017007262,0.008755505,0.07504314,-0.3940207,0.13895415,-0.22299513,-0.17724264,0.20646673,-0.022557288,-2.532242,0.13287073
1992,-0.33138907,0.55469644,0.4984769,0.058337092,-0.14310229,-0.13930905,0.46067947,-0.04635641,-0.2730952,1.069733,0.866779,0.10107207,0.8341066,0.6844406,-0.00039619207,0.69639695,-0.08845827,0.17580609,0.058281124,0.055871993,0.26117992,-0.004642755,0.621754,0.41493186,0.14616746,0.21581972,-0.23755401,0.5484699,-0.046689123,-0.1023415,-0.22325408,-0.5591381,-0.045462847,0.71945727,1.2073972,0.35501477
1993,-0.16400638,0.48218873,0.34359878,-0.00016620755,-0.20607167,0.46557987,0.07956438,0.715144,-0.41034847,-0.1053576,0.01577434,0.51186633,-0.42107928,-0.30238253,0.22288239,-0.07276521,0.6428193,0.55603087,0.5183603,-0.04596299,0.14276567,-0.3417515,0.063081264,0.2794882,0.041984253,0.17305532,0.07824916,0.38759285,-0.021747649,0.17461243,-0.26066178,0.73131955,0.6835283,0.08471684,-0.3117674,-0.18579799
1994,0.80569273,0.69348556,0.047649354,0.18200052,-0.96824807,0.3704488,-0.015284717,-0.28233576,0.2248173,-0.14789492,0.7754778,-0.26035893,-0.35831878,-0.5085114,0.35504794,0.2561639,0.034783944,-0.12763464,0.20985651,-0.04156141,0.24984217,0.13473469,0.11430353,-0.2692724,0.017078161,0.815572,0.2973674,0.04022807,0.4318171,-0.14749867,1.0302035,0.6379932,-0.27568954,0.16065729,0.8368396,0.35092074
1995,0.40430108,0.10660523,0.3757113,0.21659258,-0.5506966,0.010126144,0.43017104,-0.013114721,-0.1431508,-0.46033227,0.10128564,0.073863626,-0.1256879,-0.27703282,-0.02426666,0.2689954,0.6008067,0.31787494,0.31111342,-0.49046162,-0.19432563,0.44394287,-0.2398621,0.1773783,1.4864917,-0.5098764,0.10944283,0.0014231801,-0.124574244,0.06259507,0.299577,0.27067202,-0.14403293,0.006213516,0.21689238,0.22968203
1996,0.23063982,0.107967705,0.003191948,-0.03727609,0.2419053,0.31980944,-0.3232787,-0.35376763,-0.04442388,-0.23113644,-0.092285335,-0.21060058,0.13202155,0.2957747,-0.043450505,-0.10194385,-0.22296187,0.18803212,-0.03319341,0.043553174,-0.055272534,-0.07252109,-0.20181578,-0.6171479,-0.1324201,-0.0936141,0.13104671,-0.071238935,-0.6219254,-0.21195349,0.1912797,0.028933734,-0.3786415,-0.41971725,-0.05660653,0.13116765
1997,-0.024865717,0.058499783,-0.007945597,-0.05431977,-0.48346686,-0.24270877,0.21034697,0.5259388,0.47253978,0.012289792,0.088939965,0.0850485,-0.092231005,0.15863763,-0.8367021,0.540703,0.027359962,0.16354221,-0.042720318,-0.3014605,0.14087713,-0.24024177,0.75586814,-0.26957318,-0.43252558,0.2628352,-0.5214811,0.0804877,-0.09270477,0.75181323,0.16647696,0.030912146,-0.31313694,-0.030573338,0.020118639,-0.08401704
1998,-0.053602695,-0.5505646,-0.047530532,0.26033545,0.20212266,-0.18250525,-0.08770615,-0.054087825,0.050527394,-0.59294474,0.2101512,0.038447797,-0.14544702,0.08614442,-0.07667601,-0.16545117,-0.084194444,-0.0005182028,0.105582,0.20472853,-0.005425513,-0.11962706,-0.08426641,0.043938458,-0.17164588,0.19027622,-0.13197404,0.041358024,0.42249095,0.07455778,-0.08893126,-0.016412199,-0.047499597,-0.10249928,-0.0761922,-0.07244748
1999,-0.4066301,0.99564743,0.30168346,0.17688337,0.21697146,-0.09293696,0.343549,-0.020553052,0.5262116,-0.13387768,-0.114017785,-0.112903014,0.18284753,0.059222043,-0.16518359,0.22380137,-0.2734577,-0.39360428,-0.22443569,0.50448346,-0.36923376,-0.1477164,0.4293155,0.3724855,-0.19306509,-0.11872062,-0.25904125,1.2353542,1.1345814,0.51770264,0.5804057,1.2269039,0.711717,0.31237066,-0.062497467,0.5512666
2000,0.27155185,-0.13710731,-0.028052628,0.44110036,-0.20499343,0.11416435,0.038476467,-0.08834387,0.12616253,-0.58350563,0.06555995,0.06187278,-0.08021307,-0.060411155,0.003648162,-0.2821033,-0.21289039,-0.0031306744,-0.043919325,0.008546293,0.13531792,0.26306108,0.10039163,0.09290421,-0.06841592,-0.09101945,-0.13641089,-0.22935373,0.08017862,0.010969162,0.16397107,-0.12025097,-0.012232542,-0.09554903,0.07147333,-0.012077153
2001,-0.38707012,-0.103532165,-0.06251776,3.4283903,1.7639003,1.5794227,0.6111367,0.28653106,0.15023899,0.13166054,-0.2761029,-0.087742805,-0.6423793,0.12653667,-0.15624762,-0.10841017,-0.32886243,-0.15117204,-0.0734653,-0.21747825,-0.21832055,0.15890378,-0.29215518,-0.41306293,1.2318386,0.88601494,0.75781405,-0.38417596,0.024224892,-0.15005487,0.40619215,0.5485103,-0.05143687,-0.5847052,0.111386955,-0.01236248
2002,0.11689597,-0.098174065,0.09807238,0.6355712,-0.6329458,0.16663063,0.61888987,-0.18851456,-0.18531191,-0.15564978,0.07722452,-0.12058371,0.055062994,-0.267031,-0.118735254,0.65087026,-0.35121217,0.09723538,-0.49271226,0.1485,-0.008975923,0.35879815,0.2897072,-0.22697574,0.99846935,0.45128524,-0.053931773,0.7187604,-0.40252346,-0.21605825,0.16968694,0.43388516,0.6335442,0.31914502,0.016250372,0.19228327
2003,0.0050216913,-0.07206881,-0.03432642,-0.39982557,-0.029178321,0.05192235,-0.27085933,-0.1277172,-0.07306874,0.14257693,0.10200316,-0.043230087,-0.17134023,-0.04086879,-0.0713197,0.15971984,-0.08002258,-0.17851794,-0.332942,-0.18242991,-0.11430541,-0.14490694,0.10792342,-0.08533424,-0.08606416,-0.21046883,-0.042824745,0.19404998,0.45540985,0.1774655,-0.32895046,-0.32662755,-0.69030905,0.36353737,0.15570952,-0.08970976
2004,-0.23301446,-0.1604659,0.01270777,0.21653116,0.017910331,-0.16215724,-0.17205352,-0.3064104,-0.11285031,-0.3076656,0.034973294,-0.04706168,0.02192378,0.09813309,-0.0058283806,0.28205228,0.23561394,-0.060219705,-0.036957383,0.0010544285,0.039650083,-0.1883694,-0.16965836,-0.083132565,-0.020713806,-0.17566231,-0.13011849,0.22653234,-0.009115666,-0.016546845,0.019644022,-0.14522773,-0.020867229,-0.028978169,0.14445454,0.08505905
2005,0.042695522,-0.34999275,0.08618653,0.7727891,0.61967194,0.018021971,0.24008432,-0.16249076,0.43274027,-0.09135717,0.020253666,-0.06335366,-0.21994829,0.16293842,-0.23852688,0.0490873,-0.45241684,-0.29116613,0.1407851,-0.18706861,0.1582672,-0.108942926,-0.20117009,-0.33812115,0.6951672,-0.23984344,-0.069998145,0.53716344,0.022396177,-0.09520084,-0.16603321,0.38480702,0.3079788,0.39300072,-0.19044337,0.23469096
2006,-0.10510671,0.057798296,-0.06687027,0.03984654,0.009792827,-0.18195748,0.06468141,-0.165598,-0.1408053,0.26954114,0.025391638,0.009251952,-0.35209346,0.09442696,0.052124202,0.046949625,-0.10038432,-0.018076658,0.015021801,-0.15032156,-0.016400099,0.09273338,-0.07793392,-0.010940969,0.056102753,-0.06420058,-0.0023356676,0.6552878,0.071786344,-0.017728686,-0.014586806,-0.16072708,-0.0656296,-0.018603891,0.15848634,0.20829475
2007,-0.3503803,-0.33604717,0.1794501,0.32965007,-0.019138485,-0.08359069,-0.25725156,-0.5189046,-0.165995,-0.1079641,-0.21599849,-0.10772538,0.28021666,-0.26363203,-0.1310879,0.09096962,0.11518772,0.2616916,-0.070899546,-0.47444758,-0.03372073,-0.07830846,0.25908166,0.14381218,0.1345011,0.14880104,0.28798074,0.5593931,0.22972685,0.19788873,0.90452856,0.9070563,0.9142361,-0.54915434,-0.2041376,0.041235983
2008,0.4099928,0.06489414,0.53003144,0.43727428,0.039094485,-0.5671046,0.27315766,0.07426427,-0.0062114,-0.030171186,0.02088511,-0.23384717,0.14488696,-0.11130021,-0.26728886,0.15100853,0.37929964,0.020979047,-0.010397673,0.08586824,0.15463458,-0.17337154,0.099296615,-0.21725309,-0.04742086,0.11797598,-0.016329408,0.21147121,-0.6058286,-0.4240159,-0.2020654,-0.2293961,0.091912806,-0.11756098,0.06635797,0.12267619
