,panel_name,date_imaged,fly_num,abbrev_row,abbrev_col,odor_pair_str,correlation,thorimage_name
0,megamat08,2022-09-21,1,1-6ol,1-6ol,"1-6ol, 1-6ol",0.0,['odorspace0']
1,megamat08,2022-09-21,1,1-6ol,1p3ol,"1-6ol, 1p3ol",1.0715473331098369,['odorspace0']
2,megamat08,2022-09-21,1,1-6ol,2-but,"1-6ol, 2-but",1.0867318544721465,['odorspace0']
3,megamat08,2022-09-21,1,1-6ol,ECin,"1-6ol, ECin",1.0841225172762077,['odorspace0']
4,megamat08,2022-09-21,1,1-6ol,MethOct,"1-6ol, MethOct",1.0418224641925309,['odorspace0']
5,megamat08,2022-09-21,1,1-6ol,PropAc,"1-6ol, PropAc",1.0463521927700588,['odorspace0']
6,megamat08,2022-09-21,1,1-6ol,benz,"1-6ol, benz",1.003411963276246,['odorspace0']
7,megamat08,2022-09-21,1,1-6ol,d-dlac,"1-6ol, d-dlac",0.8759684679603115,['odorspace0']
8,megamat08,2022-09-21,1,1-6ol,g-6lac,"1-6ol, g-6lac",1.001469914295055,['odorspace0']
9,megamat08,2022-09-21,1,1-6ol,pfo,"1-6ol, pfo",1.083457591211192,['odorspace0']
10,megamat08,2022-09-21,1,1p3ol,1-6ol,"1p3ol, 1-6ol",1.0715473331098369,['odorspace0']
11,megamat08,2022-09-21,1,1p3ol,1p3ol,"1p3ol, 1p3ol",0.0,['odorspace0']
12,megamat08,2022-09-21,1,1p3ol,2-but,"1p3ol, 2-but",0.9630083570350318,['odorspace0']
13,megamat08,2022-09-21,1,1p3ol,ECin,"1p3ol, ECin",1.0697075956134088,['odorspace0']
14,megamat08,2022-09-21,1,1p3ol,MethOct,"1p3ol, MethOct",0.9192406516342384,['odorspace0']
15,megamat08,2022-09-21,1,1p3ol,PropAc,"1p3ol, PropAc",1.0129633351557426,['odorspace0']
16,megamat08,2022-09-21,1,1p3ol,benz,"1p3ol, benz",1.1119382772226745,['odorspace0']
17,megamat08,2022-09-21,1,1p3ol,d-dlac,"1p3ol, d-dlac",0.7848586139230398,['odorspace0']
18,megamat08,2022-09-21,1,1p3ol,g-6lac,"1p3ol, g-6lac",0.7715856936160013,['odorspace0']
19,megamat08,2022-09-21,1,1p3ol,pfo,"1p3ol, pfo",1.0854915994261003,['odorspace0']
20,megamat08,2022-09-21,1,2-but,1-6ol,"2-but, 1-6ol",1.0867318544721465,['odorspace0']
21,megamat08,2022-09-21,1,2-but,1p3ol,"2-but, 1p3ol",0.9630083570350318,['odorspace0']
22,megamat08,2022-09-21,1,2-but,2-but,"2-but, 2-but",0.0,['odorspace0']
23,megamat08,2022-09-21,1,2-but,ECin,"2-but, ECin",1.098476897616654,['odorspace0']
24,megamat08,2022-09-21,1,2-but,MethOct,"2-but, MethOct",1.0213296707027395,['odorspace0']
25,megamat08,2022-09-21,1,2-but,PropAc,"2-but, PropAc",0.8214358155763632,['odorspace0']
26,megamat08,2022-09-21,1,2-but,benz,"2-but, benz",1.1594604876973,['odorspace0']
27,megamat08,2022-09-21,1,2-but,d-dlac,"2-but, d-dlac",1.0614752103467502,['odorspace0']
28,megamat08,2022-09-21,1,2-but,g-6lac,"2-but, g-6lac",1.0258908626097638,['odorspace0']
29,megamat08,2022-09-21,1,2-but,pfo,"2-but, pfo",1.024058046043438,['odorspace0']
30,megamat08,2022-09-21,1,ECin,1-6ol,"ECin, 1-6ol",1.0841225172762077,['odorspace0']
31,megamat08,2022-09-21,1,ECin,1p3ol,"ECin, 1p3ol",1.0697075956134088,['odorspace0']
32,megamat08,2022-09-21,1,ECin,2-but,"ECin, 2-but",1.098476897616654,['odorspace0']
33,megamat08,2022-09-21,1,ECin,ECin,"ECin, ECin",0.0,['odorspace0']
34,megamat08,2022-09-21,1,ECin,MethOct,"ECin, MethOct",0.9925454469550724,['odorspace0']
35,megamat08,2022-09-21,1,ECin,PropAc,"ECin, PropAc",1.1234343551555213,['odorspace0']
36,megamat08,2022-09-21,1,ECin,benz,"ECin, benz",0.8745387338750585,['odorspace0']
37,megamat08,2022-09-21,1,ECin,d-dlac,"ECin, d-dlac",0.8924248991116459,['odorspace0']
38,megamat08,2022-09-21,1,ECin,g-6lac,"ECin, g-6lac",1.071324106811199,['odorspace0']
39,megamat08,2022-09-21,1,ECin,pfo,"ECin, pfo",0.9870544175869144,['odorspace0']
40,megamat08,2022-09-21,1,MethOct,1-6ol,"MethOct, 1-6ol",1.0418224641925309,['odorspace0']
41,megamat08,2022-09-21,1,MethOct,1p3ol,"MethOct, 1p3ol",0.9192406516342384,['odorspace0']
42,megamat08,2022-09-21,1,MethOct,2-but,"MethOct, 2-but",1.0213296707027395,['odorspace0']
43,megamat08,2022-09-21,1,MethOct,ECin,"MethOct, ECin",0.9925454469550724,['odorspace0']
44,megamat08,2022-09-21,1,MethOct,MethOct,"MethOct, MethOct",0.0,['odorspace0']
45,megamat08,2022-09-21,1,MethOct,PropAc,"MethOct, PropAc",1.0738762939023083,['odorspace0']
46,megamat08,2022-09-21,1,MethOct,benz,"MethOct, benz",0.9122544513828956,['odorspace0']
47,megamat08,2022-09-21,1,MethOct,d-dlac,"MethOct, d-dlac",0.9779716371022772,['odorspace0']
48,megamat08,2022-09-21,1,MethOct,g-6lac,"MethOct, g-6lac",0.93195129392399,['odorspace0']
49,megamat08,2022-09-21,1,MethOct,pfo,"MethOct, pfo",1.051957049076566,['odorspace0']
50,megamat08,2022-09-21,1,PropAc,1-6ol,"PropAc, 1-6ol",1.0463521927700588,['odorspace0']
51,megamat08,2022-09-21,1,PropAc,1p3ol,"PropAc, 1p3ol",1.0129633351557426,['odorspace0']
52,megamat08,2022-09-21,1,PropAc,2-but,"PropAc, 2-but",0.8214358155763632,['odorspace0']
53,megamat08,2022-09-21,1,PropAc,ECin,"PropAc, ECin",1.1234343551555213,['odorspace0']
54,megamat08,2022-09-21,1,PropAc,MethOct,"PropAc, MethOct",1.0738762939023083,['odorspace0']
55,megamat08,2022-09-21,1,PropAc,PropAc,"PropAc, PropAc",0.0,['odorspace0']
56,megamat08,2022-09-21,1,PropAc,benz,"PropAc, benz",1.1835597401912648,['odorspace0']
57,megamat08,2022-09-21,1,PropAc,d-dlac,"PropAc, d-dlac",1.0713712159861384,['odorspace0']
58,megamat08,2022-09-21,1,PropAc,g-6lac,"PropAc, g-6lac",1.0991528779885702,['odorspace0']
59,megamat08,2022-09-21,1,PropAc,pfo,"PropAc, pfo",1.063275560921804,['odorspace0']
60,megamat08,2022-09-21,1,benz,1-6ol,"benz, 1-6ol",1.003411963276246,['odorspace0']
61,megamat08,2022-09-21,1,benz,1p3ol,"benz, 1p3ol",1.1119382772226745,['odorspace0']
62,megamat08,2022-09-21,1,benz,2-but,"benz, 2-but",1.1594604876973,['odorspace0']
63,megamat08,2022-09-21,1,benz,ECin,"benz, ECin",0.8745387338750585,['odorspace0']
64,megamat08,2022-09-21,1,benz,MethOct,"benz, MethOct",0.9122544513828956,['odorspace0']
65,megamat08,2022-09-21,1,benz,PropAc,"benz, PropAc",1.1835597401912648,['odorspace0']
66,megamat08,2022-09-21,1,benz,benz,"benz, benz",0.0,['odorspace0']
67,megamat08,2022-09-21,1,benz,d-dlac,"benz, d-dlac",1.026848577005001,['odorspace0']
68,megamat08,2022-09-21,1,benz,g-6lac,"benz, g-6lac",0.9650149247409074,['odorspace0']
69,megamat08,2022-09-21,1,benz,pfo,"benz, pfo",1.0874103243761668,['odorspace0']
70,megamat08,2022-09-21,1,d-dlac,1-6ol,"d-dlac, 1-6ol",0.8759684679603115,['odorspace0']
71,megamat08,2022-09-21,1,d-dlac,1p3ol,"d-dlac, 1p3ol",0.7848586139230398,['odorspace0']
72,megamat08,2022-09-21,1,d-dlac,2-but,"d-dlac, 2-but",1.0614752103467502,['odorspace0']
73,megamat08,2022-09-21,1,d-dlac,ECin,"d-dlac, ECin",0.8924248991116459,['odorspace0']
74,megamat08,2022-09-21,1,d-dlac,MethOct,"d-dlac, MethOct",0.9779716371022772,['odorspace0']
75,megamat08,2022-09-21,1,d-dlac,PropAc,"d-dlac, PropAc",1.0713712159861384,['odorspace0']
76,megamat08,2022-09-21,1,d-dlac,benz,"d-dlac, benz",1.026848577005001,['odorspace0']
77,megamat08,2022-09-21,1,d-dlac,d-dlac,"d-dlac, d-dlac",0.0,['odorspace0']
78,megamat08,2022-09-21,1,d-dlac,g-6lac,"d-dlac, g-6lac",0.8134250011064179,['odorspace0']
79,megamat08,2022-09-21,1,d-dlac,pfo,"d-dlac, pfo",0.9728343632103262,['odorspace0']
80,megamat08,2022-09-21,1,g-6lac,1-6ol,"g-6lac, 1-6ol",1.001469914295055,['odorspace0']
81,megamat08,2022-09-21,1,g-6lac,1p3ol,"g-6lac, 1p3ol",0.7715856936160013,['odorspace0']
82,megamat08,2022-09-21,1,g-6lac,2-but,"g-6lac, 2-but",1.0258908626097638,['odorspace0']
83,megamat08,2022-09-21,1,g-6lac,ECin,"g-6lac, ECin",1.071324106811199,['odorspace0']
84,megamat08,2022-09-21,1,g-6lac,MethOct,"g-6lac, MethOct",0.93195129392399,['odorspace0']
85,megamat08,2022-09-21,1,g-6lac,PropAc,"g-6lac, PropAc",1.0991528779885702,['odorspace0']
86,megamat08,2022-09-21,1,g-6lac,benz,"g-6lac, benz",0.9650149247409074,['odorspace0']
87,megamat08,2022-09-21,1,g-6lac,d-dlac,"g-6lac, d-dlac",0.8134250011064179,['odorspace0']
88,megamat08,2022-09-21,1,g-6lac,g-6lac,"g-6lac, g-6lac",0.0,['odorspace0']
89,megamat08,2022-09-21,1,g-6lac,pfo,"g-6lac, pfo",0.6074414817608732,['odorspace0']
90,megamat08,2022-09-21,1,pfo,1-6ol,"pfo, 1-6ol",1.083457591211192,['odorspace0']
91,megamat08,2022-09-21,1,pfo,1p3ol,"pfo, 1p3ol",1.0854915994261003,['odorspace0']
92,megamat08,2022-09-21,1,pfo,2-but,"pfo, 2-but",1.024058046043438,['odorspace0']
93,megamat08,2022-09-21,1,pfo,ECin,"pfo, ECin",0.9870544175869144,['odorspace0']
94,megamat08,2022-09-21,1,pfo,MethOct,"pfo, MethOct",1.051957049076566,['odorspace0']
95,megamat08,2022-09-21,1,pfo,PropAc,"pfo, PropAc",1.063275560921804,['odorspace0']
96,megamat08,2022-09-21,1,pfo,benz,"pfo, benz",1.0874103243761668,['odorspace0']
97,megamat08,2022-09-21,1,pfo,d-dlac,"pfo, d-dlac",0.9728343632103262,['odorspace0']
98,megamat08,2022-09-21,1,pfo,g-6lac,"pfo, g-6lac",0.6074414817608732,['odorspace0']
99,megamat08,2022-09-21,1,pfo,pfo,"pfo, pfo",0.0,['odorspace0']
100,megamat08,2022-09-22,2,1-6ol,1-6ol,"1-6ol, 1-6ol",0.0,['odorspace0']
101,megamat08,2022-09-22,2,1-6ol,1p3ol,"1-6ol, 1p3ol",1.1616071622817326,['odorspace0']
102,megamat08,2022-09-22,2,1-6ol,2-but,"1-6ol, 2-but",1.1169084897233703,['odorspace0']
103,megamat08,2022-09-22,2,1-6ol,ECin,"1-6ol, ECin",1.108683937555308,['odorspace0']
104,megamat08,2022-09-22,2,1-6ol,MethOct,"1-6ol, MethOct",1.1087615050013364,['odorspace0']
105,megamat08,2022-09-22,2,1-6ol,PropAc,"1-6ol, PropAc",1.0733712418197054,['odorspace0']
106,megamat08,2022-09-22,2,1-6ol,benz,"1-6ol, benz",0.9527420906978512,['odorspace0']
107,megamat08,2022-09-22,2,1-6ol,d-dlac,"1-6ol, d-dlac",0.9711757060506356,['odorspace0']
108,megamat08,2022-09-22,2,1-6ol,g-6lac,"1-6ol, g-6lac",0.9263574923943444,['odorspace0']
109,megamat08,2022-09-22,2,1-6ol,pfo,"1-6ol, pfo",0.8712838405972784,['odorspace0']
110,megamat08,2022-09-22,2,1p3ol,1-6ol,"1p3ol, 1-6ol",1.1616071622817326,['odorspace0']
111,megamat08,2022-09-22,2,1p3ol,1p3ol,"1p3ol, 1p3ol",0.0,['odorspace0']
112,megamat08,2022-09-22,2,1p3ol,2-but,"1p3ol, 2-but",1.059796720256269,['odorspace0']
113,megamat08,2022-09-22,2,1p3ol,ECin,"1p3ol, ECin",1.0312829645782564,['odorspace0']
114,megamat08,2022-09-22,2,1p3ol,MethOct,"1p3ol, MethOct",0.9722936950996888,['odorspace0']
115,megamat08,2022-09-22,2,1p3ol,PropAc,"1p3ol, PropAc",1.10797914520787,['odorspace0']
116,megamat08,2022-09-22,2,1p3ol,benz,"1p3ol, benz",1.0701051614727977,['odorspace0']
117,megamat08,2022-09-22,2,1p3ol,d-dlac,"1p3ol, d-dlac",0.7972326804844148,['odorspace0']
118,megamat08,2022-09-22,2,1p3ol,g-6lac,"1p3ol, g-6lac",0.6853252721582861,['odorspace0']
119,megamat08,2022-09-22,2,1p3ol,pfo,"1p3ol, pfo",1.0453786599658943,['odorspace0']
120,megamat08,2022-09-22,2,2-but,1-6ol,"2-but, 1-6ol",1.1169084897233703,['odorspace0']
121,megamat08,2022-09-22,2,2-but,1p3ol,"2-but, 1p3ol",1.059796720256269,['odorspace0']
122,megamat08,2022-09-22,2,2-but,2-but,"2-but, 2-but",0.0,['odorspace0']
123,megamat08,2022-09-22,2,2-but,ECin,"2-but, ECin",1.0838526747864752,['odorspace0']
124,megamat08,2022-09-22,2,2-but,MethOct,"2-but, MethOct",1.146304309094774,['odorspace0']
125,megamat08,2022-09-22,2,2-but,PropAc,"2-but, PropAc",0.7815042475105961,['odorspace0']
126,megamat08,2022-09-22,2,2-but,benz,"2-but, benz",1.2172597359402757,['odorspace0']
127,megamat08,2022-09-22,2,2-but,d-dlac,"2-but, d-dlac",1.188148224923941,['odorspace0']
128,megamat08,2022-09-22,2,2-but,g-6lac,"2-but, g-6lac",1.0593219052281946,['odorspace0']
129,megamat08,2022-09-22,2,2-but,pfo,"2-but, pfo",1.1271974789226582,['odorspace0']
130,megamat08,2022-09-22,2,ECin,1-6ol,"ECin, 1-6ol",1.108683937555308,['odorspace0']
131,megamat08,2022-09-22,2,ECin,1p3ol,"ECin, 1p3ol",1.0312829645782564,['odorspace0']
132,megamat08,2022-09-22,2,ECin,2-but,"ECin, 2-but",1.0838526747864752,['odorspace0']
133,megamat08,2022-09-22,2,ECin,ECin,"ECin, ECin",0.0,['odorspace0']
134,megamat08,2022-09-22,2,ECin,MethOct,"ECin, MethOct",1.0089071278716175,['odorspace0']
135,megamat08,2022-09-22,2,ECin,PropAc,"ECin, PropAc",1.0593535708213704,['odorspace0']
136,megamat08,2022-09-22,2,ECin,benz,"ECin, benz",0.6921914691581064,['odorspace0']
137,megamat08,2022-09-22,2,ECin,d-dlac,"ECin, d-dlac",0.9362831545578038,['odorspace0']
138,megamat08,2022-09-22,2,ECin,g-6lac,"ECin, g-6lac",1.0846736596030933,['odorspace0']
139,megamat08,2022-09-22,2,ECin,pfo,"ECin, pfo",0.9853600926337897,['odorspace0']
140,megamat08,2022-09-22,2,MethOct,1-6ol,"MethOct, 1-6ol",1.1087615050013364,['odorspace0']
141,megamat08,2022-09-22,2,MethOct,1p3ol,"MethOct, 1p3ol",0.9722936950996888,['odorspace0']
142,megamat08,2022-09-22,2,MethOct,2-but,"MethOct, 2-but",1.146304309094774,['odorspace0']
143,megamat08,2022-09-22,2,MethOct,ECin,"MethOct, ECin",1.0089071278716175,['odorspace0']
144,megamat08,2022-09-22,2,MethOct,MethOct,"MethOct, MethOct",0.0,['odorspace0']
145,megamat08,2022-09-22,2,MethOct,PropAc,"MethOct, PropAc",0.8449821506719889,['odorspace0']
146,megamat08,2022-09-22,2,MethOct,benz,"MethOct, benz",1.0838798579120903,['odorspace0']
147,megamat08,2022-09-22,2,MethOct,d-dlac,"MethOct, d-dlac",1.0195359175118066,['odorspace0']
148,megamat08,2022-09-22,2,MethOct,g-6lac,"MethOct, g-6lac",0.9812398441901372,['odorspace0']
149,megamat08,2022-09-22,2,MethOct,pfo,"MethOct, pfo",0.9731934582053942,['odorspace0']
150,megamat08,2022-09-22,2,PropAc,1-6ol,"PropAc, 1-6ol",1.0733712418197054,['odorspace0']
151,megamat08,2022-09-22,2,PropAc,1p3ol,"PropAc, 1p3ol",1.10797914520787,['odorspace0']
152,megamat08,2022-09-22,2,PropAc,2-but,"PropAc, 2-but",0.7815042475105961,['odorspace0']
153,megamat08,2022-09-22,2,PropAc,ECin,"PropAc, ECin",1.0593535708213704,['odorspace0']
154,megamat08,2022-09-22,2,PropAc,MethOct,"PropAc, MethOct",0.8449821506719889,['odorspace0']
155,megamat08,2022-09-22,2,PropAc,PropAc,"PropAc, PropAc",0.0,['odorspace0']
156,megamat08,2022-09-22,2,PropAc,benz,"PropAc, benz",1.1108397980224165,['odorspace0']
157,megamat08,2022-09-22,2,PropAc,d-dlac,"PropAc, d-dlac",1.1984776642811137,['odorspace0']
158,megamat08,2022-09-22,2,PropAc,g-6lac,"PropAc, g-6lac",1.1302903225955263,['odorspace0']
159,megamat08,2022-09-22,2,PropAc,pfo,"PropAc, pfo",1.0855408927728805,['odorspace0']
160,megamat08,2022-09-22,2,benz,1-6ol,"benz, 1-6ol",0.9527420906978512,['odorspace0']
161,megamat08,2022-09-22,2,benz,1p3ol,"benz, 1p3ol",1.0701051614727977,['odorspace0']
162,megamat08,2022-09-22,2,benz,2-but,"benz, 2-but",1.2172597359402757,['odorspace0']
163,megamat08,2022-09-22,2,benz,ECin,"benz, ECin",0.6921914691581064,['odorspace0']
164,megamat08,2022-09-22,2,benz,MethOct,"benz, MethOct",1.0838798579120903,['odorspace0']
165,megamat08,2022-09-22,2,benz,PropAc,"benz, PropAc",1.1108397980224165,['odorspace0']
166,megamat08,2022-09-22,2,benz,benz,"benz, benz",0.0,['odorspace0']
167,megamat08,2022-09-22,2,benz,d-dlac,"benz, d-dlac",0.9097001264741764,['odorspace0']
168,megamat08,2022-09-22,2,benz,g-6lac,"benz, g-6lac",1.0352847582221154,['odorspace0']
169,megamat08,2022-09-22,2,benz,pfo,"benz, pfo",0.9827362097010514,['odorspace0']
170,megamat08,2022-09-22,2,d-dlac,1-6ol,"d-dlac, 1-6ol",0.9711757060506356,['odorspace0']
171,megamat08,2022-09-22,2,d-dlac,1p3ol,"d-dlac, 1p3ol",0.7972326804844148,['odorspace0']
172,megamat08,2022-09-22,2,d-dlac,2-but,"d-dlac, 2-but",1.188148224923941,['odorspace0']
173,megamat08,2022-09-22,2,d-dlac,ECin,"d-dlac, ECin",0.9362831545578038,['odorspace0']
174,megamat08,2022-09-22,2,d-dlac,MethOct,"d-dlac, MethOct",1.0195359175118066,['odorspace0']
175,megamat08,2022-09-22,2,d-dlac,PropAc,"d-dlac, PropAc",1.1984776642811137,['odorspace0']
176,megamat08,2022-09-22,2,d-dlac,benz,"d-dlac, benz",0.9097001264741764,['odorspace0']
177,megamat08,2022-09-22,2,d-dlac,d-dlac,"d-dlac, d-dlac",0.0,['odorspace0']
178,megamat08,2022-09-22,2,d-dlac,g-6lac,"d-dlac, g-6lac",0.6656407230802938,['odorspace0']
179,megamat08,2022-09-22,2,d-dlac,pfo,"d-dlac, pfo",0.9328741499440756,['odorspace0']
180,megamat08,2022-09-22,2,g-6lac,1-6ol,"g-6lac, 1-6ol",0.9263574923943444,['odorspace0']
181,megamat08,2022-09-22,2,g-6lac,1p3ol,"g-6lac, 1p3ol",0.6853252721582861,['odorspace0']
182,megamat08,2022-09-22,2,g-6lac,2-but,"g-6lac, 2-but",1.0593219052281946,['odorspace0']
183,megamat08,2022-09-22,2,g-6lac,ECin,"g-6lac, ECin",1.0846736596030933,['odorspace0']
184,megamat08,2022-09-22,2,g-6lac,MethOct,"g-6lac, MethOct",0.9812398441901372,['odorspace0']
185,megamat08,2022-09-22,2,g-6lac,PropAc,"g-6lac, PropAc",1.1302903225955263,['odorspace0']
186,megamat08,2022-09-22,2,g-6lac,benz,"g-6lac, benz",1.0352847582221154,['odorspace0']
187,megamat08,2022-09-22,2,g-6lac,d-dlac,"g-6lac, d-dlac",0.6656407230802938,['odorspace0']
188,megamat08,2022-09-22,2,g-6lac,g-6lac,"g-6lac, g-6lac",0.0,['odorspace0']
189,megamat08,2022-09-22,2,g-6lac,pfo,"g-6lac, pfo",0.7764322007074953,['odorspace0']
190,megamat08,2022-09-22,2,pfo,1-6ol,"pfo, 1-6ol",0.8712838405972784,['odorspace0']
191,megamat08,2022-09-22,2,pfo,1p3ol,"pfo, 1p3ol",1.0453786599658943,['odorspace0']
192,megamat08,2022-09-22,2,pfo,2-but,"pfo, 2-but",1.1271974789226582,['odorspace0']
193,megamat08,2022-09-22,2,pfo,ECin,"pfo, ECin",0.9853600926337897,['odorspace0']
194,megamat08,2022-09-22,2,pfo,MethOct,"pfo, MethOct",0.9731934582053942,['odorspace0']
195,megamat08,2022-09-22,2,pfo,PropAc,"pfo, PropAc",1.0855408927728805,['odorspace0']
196,megamat08,2022-09-22,2,pfo,benz,"pfo, benz",0.9827362097010514,['odorspace0']
197,megamat08,2022-09-22,2,pfo,d-dlac,"pfo, d-dlac",0.9328741499440756,['odorspace0']
198,megamat08,2022-09-22,2,pfo,g-6lac,"pfo, g-6lac",0.7764322007074953,['odorspace0']
199,megamat08,2022-09-22,2,pfo,pfo,"pfo, pfo",0.0,['odorspace0']
200,megamat08,2022-09-26,1,1-6ol,1-6ol,"1-6ol, 1-6ol",0.0,['odorspace1']
201,megamat08,2022-09-26,1,1-6ol,1p3ol,"1-6ol, 1p3ol",1.0537647472741916,['odorspace1']
202,megamat08,2022-09-26,1,1-6ol,2-but,"1-6ol, 2-but",1.0547703595025224,['odorspace1']
203,megamat08,2022-09-26,1,1-6ol,ECin,"1-6ol, ECin",1.0530853750108005,['odorspace1']
204,megamat08,2022-09-26,1,1-6ol,MethOct,"1-6ol, MethOct",1.100720531137772,['odorspace1']
205,megamat08,2022-09-26,1,1-6ol,PropAc,"1-6ol, PropAc",0.975712136179937,['odorspace1']
206,megamat08,2022-09-26,1,1-6ol,benz,"1-6ol, benz",0.9964084597102134,['odorspace1']
207,megamat08,2022-09-26,1,1-6ol,d-dlac,"1-6ol, d-dlac",0.9846105318723222,['odorspace1']
208,megamat08,2022-09-26,1,1-6ol,eug,"1-6ol, eug",1.1016098898155358,['odorspace1']
209,megamat08,2022-09-26,1,1-6ol,g-6lac,"1-6ol, g-6lac",0.9806288631691232,['odorspace1']
210,megamat08,2022-09-26,1,1-6ol,pfo,"1-6ol, pfo",0.7507594362162566,['odorspace1']
211,megamat08,2022-09-26,1,1p3ol,1-6ol,"1p3ol, 1-6ol",1.0537647472741916,['odorspace1']
212,megamat08,2022-09-26,1,1p3ol,1p3ol,"1p3ol, 1p3ol",0.0,['odorspace1']
213,megamat08,2022-09-26,1,1p3ol,2-but,"1p3ol, 2-but",0.9825814904540352,['odorspace1']
214,megamat08,2022-09-26,1,1p3ol,ECin,"1p3ol, ECin",1.0734028844705827,['odorspace1']
215,megamat08,2022-09-26,1,1p3ol,MethOct,"1p3ol, MethOct",1.073463580832588,['odorspace1']
216,megamat08,2022-09-26,1,1p3ol,PropAc,"1p3ol, PropAc",0.985102943086531,['odorspace1']
217,megamat08,2022-09-26,1,1p3ol,benz,"1p3ol, benz",1.09705256971091,['odorspace1']
218,megamat08,2022-09-26,1,1p3ol,d-dlac,"1p3ol, d-dlac",0.6517239865700573,['odorspace1']
219,megamat08,2022-09-26,1,1p3ol,eug,"1p3ol, eug",0.8115886690860211,['odorspace1']
220,megamat08,2022-09-26,1,1p3ol,g-6lac,"1p3ol, g-6lac",0.6159526813582223,['odorspace1']
221,megamat08,2022-09-26,1,1p3ol,pfo,"1p3ol, pfo",1.0567795120291723,['odorspace1']
222,megamat08,2022-09-26,1,2-but,1-6ol,"2-but, 1-6ol",1.0547703595025224,['odorspace1']
223,megamat08,2022-09-26,1,2-but,1p3ol,"2-but, 1p3ol",0.9825814904540352,['odorspace1']
224,megamat08,2022-09-26,1,2-but,2-but,"2-but, 2-but",0.0,['odorspace1']
225,megamat08,2022-09-26,1,2-but,ECin,"2-but, ECin",1.0540981571354695,['odorspace1']
226,megamat08,2022-09-26,1,2-but,MethOct,"2-but, MethOct",1.0633661090034587,['odorspace1']
227,megamat08,2022-09-26,1,2-but,PropAc,"2-but, PropAc",0.7133301745368359,['odorspace1']
228,megamat08,2022-09-26,1,2-but,benz,"2-but, benz",1.1498498807519542,['odorspace1']
229,megamat08,2022-09-26,1,2-but,d-dlac,"2-but, d-dlac",1.074550773268098,['odorspace1']
230,megamat08,2022-09-26,1,2-but,eug,"2-but, eug",1.024869898875279,['odorspace1']
231,megamat08,2022-09-26,1,2-but,g-6lac,"2-but, g-6lac",1.088208006289106,['odorspace1']
232,megamat08,2022-09-26,1,2-but,pfo,"2-but, pfo",0.9601289594365252,['odorspace1']
233,megamat08,2022-09-26,1,ECin,1-6ol,"ECin, 1-6ol",1.0530853750108005,['odorspace1']
234,megamat08,2022-09-26,1,ECin,1p3ol,"ECin, 1p3ol",1.0734028844705827,['odorspace1']
235,megamat08,2022-09-26,1,ECin,2-but,"ECin, 2-but",1.0540981571354695,['odorspace1']
236,megamat08,2022-09-26,1,ECin,ECin,"ECin, ECin",0.0,['odorspace1']
237,megamat08,2022-09-26,1,ECin,MethOct,"ECin, MethOct",1.0819610431555184,['odorspace1']
238,megamat08,2022-09-26,1,ECin,PropAc,"ECin, PropAc",1.0794818943409423,['odorspace1']
239,megamat08,2022-09-26,1,ECin,benz,"ECin, benz",0.8092090259785265,['odorspace1']
240,megamat08,2022-09-26,1,ECin,d-dlac,"ECin, d-dlac",0.941500456898099,['odorspace1']
241,megamat08,2022-09-26,1,ECin,eug,"ECin, eug",1.042382408567567,['odorspace1']
242,megamat08,2022-09-26,1,ECin,g-6lac,"ECin, g-6lac",1.0435648312939696,['odorspace1']
243,megamat08,2022-09-26,1,ECin,pfo,"ECin, pfo",0.9825482284306984,['odorspace1']
244,megamat08,2022-09-26,1,MethOct,1-6ol,"MethOct, 1-6ol",1.100720531137772,['odorspace1']
245,megamat08,2022-09-26,1,MethOct,1p3ol,"MethOct, 1p3ol",1.073463580832588,['odorspace1']
246,megamat08,2022-09-26,1,MethOct,2-but,"MethOct, 2-but",1.0633661090034587,['odorspace1']
247,megamat08,2022-09-26,1,MethOct,ECin,"MethOct, ECin",1.0819610431555184,['odorspace1']
248,megamat08,2022-09-26,1,MethOct,MethOct,"MethOct, MethOct",0.0,['odorspace1']
249,megamat08,2022-09-26,1,MethOct,PropAc,"MethOct, PropAc",0.7138563700864741,['odorspace1']
250,megamat08,2022-09-26,1,MethOct,benz,"MethOct, benz",1.152988000223781,['odorspace1']
251,megamat08,2022-09-26,1,MethOct,d-dlac,"MethOct, d-dlac",1.0518088695275365,['odorspace1']
252,megamat08,2022-09-26,1,MethOct,eug,"MethOct, eug",1.0509615419681866,['odorspace1']
253,megamat08,2022-09-26,1,MethOct,g-6lac,"MethOct, g-6lac",0.9919472597054876,['odorspace1']
254,megamat08,2022-09-26,1,MethOct,pfo,"MethOct, pfo",1.0519315332021224,['odorspace1']
255,megamat08,2022-09-26,1,PropAc,1-6ol,"PropAc, 1-6ol",0.975712136179937,['odorspace1']
256,megamat08,2022-09-26,1,PropAc,1p3ol,"PropAc, 1p3ol",0.985102943086531,['odorspace1']
257,megamat08,2022-09-26,1,PropAc,2-but,"PropAc, 2-but",0.7133301745368359,['odorspace1']
258,megamat08,2022-09-26,1,PropAc,ECin,"PropAc, ECin",1.0794818943409423,['odorspace1']
259,megamat08,2022-09-26,1,PropAc,MethOct,"PropAc, MethOct",0.7138563700864741,['odorspace1']
260,megamat08,2022-09-26,1,PropAc,PropAc,"PropAc, PropAc",0.0,['odorspace1']
261,megamat08,2022-09-26,1,PropAc,benz,"PropAc, benz",1.1896883777563003,['odorspace1']
262,megamat08,2022-09-26,1,PropAc,d-dlac,"PropAc, d-dlac",1.1090900044380798,['odorspace1']
263,megamat08,2022-09-26,1,PropAc,eug,"PropAc, eug",1.1528587361098948,['odorspace1']
264,megamat08,2022-09-26,1,PropAc,g-6lac,"PropAc, g-6lac",1.1278658133610966,['odorspace1']
265,megamat08,2022-09-26,1,PropAc,pfo,"PropAc, pfo",1.0426904478453394,['odorspace1']
266,megamat08,2022-09-26,1,benz,1-6ol,"benz, 1-6ol",0.9964084597102134,['odorspace1']
267,megamat08,2022-09-26,1,benz,1p3ol,"benz, 1p3ol",1.09705256971091,['odorspace1']
268,megamat08,2022-09-26,1,benz,2-but,"benz, 2-but",1.1498498807519542,['odorspace1']
269,megamat08,2022-09-26,1,benz,ECin,"benz, ECin",0.8092090259785265,['odorspace1']
270,megamat08,2022-09-26,1,benz,MethOct,"benz, MethOct",1.152988000223781,['odorspace1']
271,megamat08,2022-09-26,1,benz,PropAc,"benz, PropAc",1.1896883777563003,['odorspace1']
272,megamat08,2022-09-26,1,benz,benz,"benz, benz",0.0,['odorspace1']
273,megamat08,2022-09-26,1,benz,d-dlac,"benz, d-dlac",1.0080427121847322,['odorspace1']
274,megamat08,2022-09-26,1,benz,eug,"benz, eug",1.1078950087135544,['odorspace1']
275,megamat08,2022-09-26,1,benz,g-6lac,"benz, g-6lac",1.0575081332067608,['odorspace1']
276,megamat08,2022-09-26,1,benz,pfo,"benz, pfo",1.0954786515941788,['odorspace1']
277,megamat08,2022-09-26,1,d-dlac,1-6ol,"d-dlac, 1-6ol",0.9846105318723222,['odorspace1']
278,megamat08,2022-09-26,1,d-dlac,1p3ol,"d-dlac, 1p3ol",0.6517239865700573,['odorspace1']
279,megamat08,2022-09-26,1,d-dlac,2-but,"d-dlac, 2-but",1.074550773268098,['odorspace1']
280,megamat08,2022-09-26,1,d-dlac,ECin,"d-dlac, ECin",0.941500456898099,['odorspace1']
281,megamat08,2022-09-26,1,d-dlac,MethOct,"d-dlac, MethOct",1.0518088695275365,['odorspace1']
282,megamat08,2022-09-26,1,d-dlac,PropAc,"d-dlac, PropAc",1.1090900044380798,['odorspace1']
283,megamat08,2022-09-26,1,d-dlac,benz,"d-dlac, benz",1.0080427121847322,['odorspace1']
284,megamat08,2022-09-26,1,d-dlac,d-dlac,"d-dlac, d-dlac",0.0,['odorspace1']
285,megamat08,2022-09-26,1,d-dlac,eug,"d-dlac, eug",0.6786288255939675,['odorspace1']
286,megamat08,2022-09-26,1,d-dlac,g-6lac,"d-dlac, g-6lac",0.5836557388144994,['odorspace1']
287,megamat08,2022-09-26,1,d-dlac,pfo,"d-dlac, pfo",0.915707346664223,['odorspace1']
288,megamat08,2022-09-26,1,eug,1-6ol,"eug, 1-6ol",1.1016098898155358,['odorspace1']
289,megamat08,2022-09-26,1,eug,1p3ol,"eug, 1p3ol",0.8115886690860211,['odorspace1']
290,megamat08,2022-09-26,1,eug,2-but,"eug, 2-but",1.024869898875279,['odorspace1']
291,megamat08,2022-09-26,1,eug,ECin,"eug, ECin",1.042382408567567,['odorspace1']
292,megamat08,2022-09-26,1,eug,MethOct,"eug, MethOct",1.0509615419681866,['odorspace1']
293,megamat08,2022-09-26,1,eug,PropAc,"eug, PropAc",1.1528587361098948,['odorspace1']
294,megamat08,2022-09-26,1,eug,benz,"eug, benz",1.1078950087135544,['odorspace1']
295,megamat08,2022-09-26,1,eug,d-dlac,"eug, d-dlac",0.6786288255939675,['odorspace1']
296,megamat08,2022-09-26,1,eug,eug,"eug, eug",0.0,['odorspace1']
297,megamat08,2022-09-26,1,eug,g-6lac,"eug, g-6lac",0.8636666181337445,['odorspace1']
298,megamat08,2022-09-26,1,eug,pfo,"eug, pfo",1.0269149911986846,['odorspace1']
299,megamat08,2022-09-26,1,g-6lac,1-6ol,"g-6lac, 1-6ol",0.9806288631691232,['odorspace1']
300,megamat08,2022-09-26,1,g-6lac,1p3ol,"g-6lac, 1p3ol",0.6159526813582223,['odorspace1']
301,megamat08,2022-09-26,1,g-6lac,2-but,"g-6lac, 2-but",1.088208006289106,['odorspace1']
302,megamat08,2022-09-26,1,g-6lac,ECin,"g-6lac, ECin",1.0435648312939696,['odorspace1']
303,megamat08,2022-09-26,1,g-6lac,MethOct,"g-6lac, MethOct",0.9919472597054876,['odorspace1']
304,megamat08,2022-09-26,1,g-6lac,PropAc,"g-6lac, PropAc",1.1278658133610966,['odorspace1']
305,megamat08,2022-09-26,1,g-6lac,benz,"g-6lac, benz",1.0575081332067608,['odorspace1']
306,megamat08,2022-09-26,1,g-6lac,d-dlac,"g-6lac, d-dlac",0.5836557388144994,['odorspace1']
307,megamat08,2022-09-26,1,g-6lac,eug,"g-6lac, eug",0.8636666181337445,['odorspace1']
308,megamat08,2022-09-26,1,g-6lac,g-6lac,"g-6lac, g-6lac",0.0,['odorspace1']
309,megamat08,2022-09-26,1,g-6lac,pfo,"g-6lac, pfo",0.784330631293134,['odorspace1']
310,megamat08,2022-09-26,1,pfo,1-6ol,"pfo, 1-6ol",0.7507594362162566,['odorspace1']
311,megamat08,2022-09-26,1,pfo,1p3ol,"pfo, 1p3ol",1.0567795120291723,['odorspace1']
312,megamat08,2022-09-26,1,pfo,2-but,"pfo, 2-but",0.9601289594365252,['odorspace1']
313,megamat08,2022-09-26,1,pfo,ECin,"pfo, ECin",0.9825482284306984,['odorspace1']
314,megamat08,2022-09-26,1,pfo,MethOct,"pfo, MethOct",1.0519315332021224,['odorspace1']
315,megamat08,2022-09-26,1,pfo,PropAc,"pfo, PropAc",1.0426904478453394,['odorspace1']
316,megamat08,2022-09-26,1,pfo,benz,"pfo, benz",1.0954786515941788,['odorspace1']
317,megamat08,2022-09-26,1,pfo,d-dlac,"pfo, d-dlac",0.915707346664223,['odorspace1']
318,megamat08,2022-09-26,1,pfo,eug,"pfo, eug",1.0269149911986846,['odorspace1']
319,megamat08,2022-09-26,1,pfo,g-6lac,"pfo, g-6lac",0.784330631293134,['odorspace1']
320,megamat08,2022-09-26,1,pfo,pfo,"pfo, pfo",0.0,['odorspace1']
321,megamat08,2022-09-26,3,1-6ol,1-6ol,"1-6ol, 1-6ol",0.0,['odorspace1']
322,megamat08,2022-09-26,3,1-6ol,1p3ol,"1-6ol, 1p3ol",1.055570957802658,['odorspace1']
323,megamat08,2022-09-26,3,1-6ol,2-but,"1-6ol, 2-but",1.075819463669774,['odorspace1']
324,megamat08,2022-09-26,3,1-6ol,ECin,"1-6ol, ECin",1.0261062910093215,['odorspace1']
325,megamat08,2022-09-26,3,1-6ol,MethOct,"1-6ol, MethOct",1.0094352065125345,['odorspace1']
326,megamat08,2022-09-26,3,1-6ol,PropAc,"1-6ol, PropAc",1.0633019025147927,['odorspace1']
327,megamat08,2022-09-26,3,1-6ol,benz,"1-6ol, benz",0.9465995472144808,['odorspace1']
328,megamat08,2022-09-26,3,1-6ol,d-dlac,"1-6ol, d-dlac",0.8343277117276788,['odorspace1']
329,megamat08,2022-09-26,3,1-6ol,eug,"1-6ol, eug",1.0607661926381184,['odorspace1']
330,megamat08,2022-09-26,3,1-6ol,g-6lac,"1-6ol, g-6lac",0.8765624250483893,['odorspace1']
331,megamat08,2022-09-26,3,1-6ol,pfo,"1-6ol, pfo",0.7269624116676798,['odorspace1']
332,megamat08,2022-09-26,3,1p3ol,1-6ol,"1p3ol, 1-6ol",1.055570957802658,['odorspace1']
333,megamat08,2022-09-26,3,1p3ol,1p3ol,"1p3ol, 1p3ol",0.0,['odorspace1']
334,megamat08,2022-09-26,3,1p3ol,2-but,"1p3ol, 2-but",0.7718686802279928,['odorspace1']
335,megamat08,2022-09-26,3,1p3ol,ECin,"1p3ol, ECin",0.9698080496618716,['odorspace1']
336,megamat08,2022-09-26,3,1p3ol,MethOct,"1p3ol, MethOct",0.9118088687195282,['odorspace1']
337,megamat08,2022-09-26,3,1p3ol,PropAc,"1p3ol, PropAc",0.931100422063194,['odorspace1']
338,megamat08,2022-09-26,3,1p3ol,benz,"1p3ol, benz",1.0502810119544996,['odorspace1']
339,megamat08,2022-09-26,3,1p3ol,d-dlac,"1p3ol, d-dlac",0.7125378092514763,['odorspace1']
340,megamat08,2022-09-26,3,1p3ol,eug,"1p3ol, eug",0.6283394965216553,['odorspace1']
341,megamat08,2022-09-26,3,1p3ol,g-6lac,"1p3ol, g-6lac",0.5231261198642925,['odorspace1']
342,megamat08,2022-09-26,3,1p3ol,pfo,"1p3ol, pfo",0.977514011470454,['odorspace1']
343,megamat08,2022-09-26,3,2-but,1-6ol,"2-but, 1-6ol",1.075819463669774,['odorspace1']
344,megamat08,2022-09-26,3,2-but,1p3ol,"2-but, 1p3ol",0.7718686802279928,['odorspace1']
345,megamat08,2022-09-26,3,2-but,2-but,"2-but, 2-but",0.0,['odorspace1']
346,megamat08,2022-09-26,3,2-but,ECin,"2-but, ECin",1.0800295662145276,['odorspace1']
347,megamat08,2022-09-26,3,2-but,MethOct,"2-but, MethOct",1.0528355788935324,['odorspace1']
348,megamat08,2022-09-26,3,2-but,PropAc,"2-but, PropAc",0.6170213338537418,['odorspace1']
349,megamat08,2022-09-26,3,2-but,benz,"2-but, benz",1.1896228578361363,['odorspace1']
350,megamat08,2022-09-26,3,2-but,d-dlac,"2-but, d-dlac",0.9772087054964372,['odorspace1']
351,megamat08,2022-09-26,3,2-but,eug,"2-but, eug",0.9979081837668556,['odorspace1']
352,megamat08,2022-09-26,3,2-but,g-6lac,"2-but, g-6lac",0.9829047085903704,['odorspace1']
353,megamat08,2022-09-26,3,2-but,pfo,"2-but, pfo",0.8352387890987193,['odorspace1']
354,megamat08,2022-09-26,3,ECin,1-6ol,"ECin, 1-6ol",1.0261062910093215,['odorspace1']
355,megamat08,2022-09-26,3,ECin,1p3ol,"ECin, 1p3ol",0.9698080496618716,['odorspace1']
356,megamat08,2022-09-26,3,ECin,2-but,"ECin, 2-but",1.0800295662145276,['odorspace1']
357,megamat08,2022-09-26,3,ECin,ECin,"ECin, ECin",0.0,['odorspace1']
358,megamat08,2022-09-26,3,ECin,MethOct,"ECin, MethOct",0.9347949478317256,['odorspace1']
359,megamat08,2022-09-26,3,ECin,PropAc,"ECin, PropAc",1.1031513000533648,['odorspace1']
360,megamat08,2022-09-26,3,ECin,benz,"ECin, benz",0.8038046609737916,['odorspace1']
361,megamat08,2022-09-26,3,ECin,d-dlac,"ECin, d-dlac",0.8810481390070772,['odorspace1']
362,megamat08,2022-09-26,3,ECin,eug,"ECin, eug",0.9536157057352448,['odorspace1']
363,megamat08,2022-09-26,3,ECin,g-6lac,"ECin, g-6lac",0.9428867273781354,['odorspace1']
364,megamat08,2022-09-26,3,ECin,pfo,"ECin, pfo",0.9340012466562818,['odorspace1']
365,megamat08,2022-09-26,3,MethOct,1-6ol,"MethOct, 1-6ol",1.0094352065125345,['odorspace1']
366,megamat08,2022-09-26,3,MethOct,1p3ol,"MethOct, 1p3ol",0.9118088687195282,['odorspace1']
367,megamat08,2022-09-26,3,MethOct,2-but,"MethOct, 2-but",1.0528355788935324,['odorspace1']
368,megamat08,2022-09-26,3,MethOct,ECin,"MethOct, ECin",0.9347949478317256,['odorspace1']
369,megamat08,2022-09-26,3,MethOct,MethOct,"MethOct, MethOct",0.0,['odorspace1']
370,megamat08,2022-09-26,3,MethOct,PropAc,"MethOct, PropAc",0.6920118906787887,['odorspace1']
371,megamat08,2022-09-26,3,MethOct,benz,"MethOct, benz",1.149989264081417,['odorspace1']
372,megamat08,2022-09-26,3,MethOct,d-dlac,"MethOct, d-dlac",0.8862838218390163,['odorspace1']
373,megamat08,2022-09-26,3,MethOct,eug,"MethOct, eug",0.9768814165707396,['odorspace1']
374,megamat08,2022-09-26,3,MethOct,g-6lac,"MethOct, g-6lac",0.7420860124345551,['odorspace1']
375,megamat08,2022-09-26,3,MethOct,pfo,"MethOct, pfo",0.9314044149506114,['odorspace1']
376,megamat08,2022-09-26,3,PropAc,1-6ol,"PropAc, 1-6ol",1.0633019025147927,['odorspace1']
377,megamat08,2022-09-26,3,PropAc,1p3ol,"PropAc, 1p3ol",0.931100422063194,['odorspace1']
378,megamat08,2022-09-26,3,PropAc,2-but,"PropAc, 2-but",0.6170213338537418,['odorspace1']
379,megamat08,2022-09-26,3,PropAc,ECin,"PropAc, ECin",1.1031513000533648,['odorspace1']
380,megamat08,2022-09-26,3,PropAc,MethOct,"PropAc, MethOct",0.6920118906787887,['odorspace1']
381,megamat08,2022-09-26,3,PropAc,PropAc,"PropAc, PropAc",0.0,['odorspace1']
382,megamat08,2022-09-26,3,PropAc,benz,"PropAc, benz",1.230666365739894,['odorspace1']
383,megamat08,2022-09-26,3,PropAc,d-dlac,"PropAc, d-dlac",1.0621073155567098,['odorspace1']
384,megamat08,2022-09-26,3,PropAc,eug,"PropAc, eug",1.0800000441691464,['odorspace1']
385,megamat08,2022-09-26,3,PropAc,g-6lac,"PropAc, g-6lac",1.025893626752141,['odorspace1']
386,megamat08,2022-09-26,3,PropAc,pfo,"PropAc, pfo",0.8955232309767147,['odorspace1']
387,megamat08,2022-09-26,3,benz,1-6ol,"benz, 1-6ol",0.9465995472144808,['odorspace1']
388,megamat08,2022-09-26,3,benz,1p3ol,"benz, 1p3ol",1.0502810119544996,['odorspace1']
389,megamat08,2022-09-26,3,benz,2-but,"benz, 2-but",1.1896228578361363,['odorspace1']
390,megamat08,2022-09-26,3,benz,ECin,"benz, ECin",0.8038046609737916,['odorspace1']
391,megamat08,2022-09-26,3,benz,MethOct,"benz, MethOct",1.149989264081417,['odorspace1']
392,megamat08,2022-09-26,3,benz,PropAc,"benz, PropAc",1.230666365739894,['odorspace1']
393,megamat08,2022-09-26,3,benz,benz,"benz, benz",0.0,['odorspace1']
394,megamat08,2022-09-26,3,benz,d-dlac,"benz, d-dlac",1.0437366150584615,['odorspace1']
395,megamat08,2022-09-26,3,benz,eug,"benz, eug",1.060890946782713,['odorspace1']
396,megamat08,2022-09-26,3,benz,g-6lac,"benz, g-6lac",1.0878411117496274,['odorspace1']
397,megamat08,2022-09-26,3,benz,pfo,"benz, pfo",1.0779582648876975,['odorspace1']
398,megamat08,2022-09-26,3,d-dlac,1-6ol,"d-dlac, 1-6ol",0.8343277117276788,['odorspace1']
399,megamat08,2022-09-26,3,d-dlac,1p3ol,"d-dlac, 1p3ol",0.7125378092514763,['odorspace1']
400,megamat08,2022-09-26,3,d-dlac,2-but,"d-dlac, 2-but",0.9772087054964372,['odorspace1']
401,megamat08,2022-09-26,3,d-dlac,ECin,"d-dlac, ECin",0.8810481390070772,['odorspace1']
402,megamat08,2022-09-26,3,d-dlac,MethOct,"d-dlac, MethOct",0.8862838218390163,['odorspace1']
403,megamat08,2022-09-26,3,d-dlac,PropAc,"d-dlac, PropAc",1.0621073155567098,['odorspace1']
404,megamat08,2022-09-26,3,d-dlac,benz,"d-dlac, benz",1.0437366150584615,['odorspace1']
405,megamat08,2022-09-26,3,d-dlac,d-dlac,"d-dlac, d-dlac",0.0,['odorspace1']
406,megamat08,2022-09-26,3,d-dlac,eug,"d-dlac, eug",0.7267462812785364,['odorspace1']
407,megamat08,2022-09-26,3,d-dlac,g-6lac,"d-dlac, g-6lac",0.5347994253956035,['odorspace1']
408,megamat08,2022-09-26,3,d-dlac,pfo,"d-dlac, pfo",0.7533727257024985,['odorspace1']
409,megamat08,2022-09-26,3,eug,1-6ol,"eug, 1-6ol",1.0607661926381184,['odorspace1']
410,megamat08,2022-09-26,3,eug,1p3ol,"eug, 1p3ol",0.6283394965216553,['odorspace1']
411,megamat08,2022-09-26,3,eug,2-but,"eug, 2-but",0.9979081837668556,['odorspace1']
412,megamat08,2022-09-26,3,eug,ECin,"eug, ECin",0.9536157057352448,['odorspace1']
413,megamat08,2022-09-26,3,eug,MethOct,"eug, MethOct",0.9768814165707396,['odorspace1']
414,megamat08,2022-09-26,3,eug,PropAc,"eug, PropAc",1.0800000441691464,['odorspace1']
415,megamat08,2022-09-26,3,eug,benz,"eug, benz",1.060890946782713,['odorspace1']
416,megamat08,2022-09-26,3,eug,d-dlac,"eug, d-dlac",0.7267462812785364,['odorspace1']
417,megamat08,2022-09-26,3,eug,eug,"eug, eug",0.0,['odorspace1']
418,megamat08,2022-09-26,3,eug,g-6lac,"eug, g-6lac",0.6880497903015317,['odorspace1']
419,megamat08,2022-09-26,3,eug,pfo,"eug, pfo",0.987943386325552,['odorspace1']
420,megamat08,2022-09-26,3,g-6lac,1-6ol,"g-6lac, 1-6ol",0.8765624250483893,['odorspace1']
421,megamat08,2022-09-26,3,g-6lac,1p3ol,"g-6lac, 1p3ol",0.5231261198642925,['odorspace1']
422,megamat08,2022-09-26,3,g-6lac,2-but,"g-6lac, 2-but",0.9829047085903704,['odorspace1']
423,megamat08,2022-09-26,3,g-6lac,ECin,"g-6lac, ECin",0.9428867273781354,['odorspace1']
424,megamat08,2022-09-26,3,g-6lac,MethOct,"g-6lac, MethOct",0.7420860124345551,['odorspace1']
425,megamat08,2022-09-26,3,g-6lac,PropAc,"g-6lac, PropAc",1.025893626752141,['odorspace1']
426,megamat08,2022-09-26,3,g-6lac,benz,"g-6lac, benz",1.0878411117496274,['odorspace1']
427,megamat08,2022-09-26,3,g-6lac,d-dlac,"g-6lac, d-dlac",0.5347994253956035,['odorspace1']
428,megamat08,2022-09-26,3,g-6lac,eug,"g-6lac, eug",0.6880497903015317,['odorspace1']
429,megamat08,2022-09-26,3,g-6lac,g-6lac,"g-6lac, g-6lac",0.0,['odorspace1']
430,megamat08,2022-09-26,3,g-6lac,pfo,"g-6lac, pfo",0.7559057310363935,['odorspace1']
431,megamat08,2022-09-26,3,pfo,1-6ol,"pfo, 1-6ol",0.7269624116676798,['odorspace1']
432,megamat08,2022-09-26,3,pfo,1p3ol,"pfo, 1p3ol",0.977514011470454,['odorspace1']
433,megamat08,2022-09-26,3,pfo,2-but,"pfo, 2-but",0.8352387890987193,['odorspace1']
434,megamat08,2022-09-26,3,pfo,ECin,"pfo, ECin",0.9340012466562818,['odorspace1']
435,megamat08,2022-09-26,3,pfo,MethOct,"pfo, MethOct",0.9314044149506114,['odorspace1']
436,megamat08,2022-09-26,3,pfo,PropAc,"pfo, PropAc",0.8955232309767147,['odorspace1']
437,megamat08,2022-09-26,3,pfo,benz,"pfo, benz",1.0779582648876975,['odorspace1']
438,megamat08,2022-09-26,3,pfo,d-dlac,"pfo, d-dlac",0.7533727257024985,['odorspace1']
439,megamat08,2022-09-26,3,pfo,eug,"pfo, eug",0.987943386325552,['odorspace1']
440,megamat08,2022-09-26,3,pfo,g-6lac,"pfo, g-6lac",0.7559057310363935,['odorspace1']
441,megamat08,2022-09-26,3,pfo,pfo,"pfo, pfo",0.0,['odorspace1']
442,megamat17,2022-10-10,1,1-5ol,1-5ol,"1-5ol, 1-5ol",0.0,['megamat0']
443,megamat17,2022-10-10,1,1-5ol,1-6ol,"1-5ol, 1-6ol",0.2360053870967901,['megamat0']
444,megamat17,2022-10-10,1,1-5ol,1-8ol,"1-5ol, 1-8ol",0.5790800871757049,['megamat0']
445,megamat17,2022-10-10,1,1-5ol,2-but,"1-5ol, 2-but",0.9367645582739522,['megamat0']
446,megamat17,2022-10-10,1,1-5ol,2h,"1-5ol, 2h",0.8546969321300135,['megamat0']
447,megamat17,2022-10-10,1,1-5ol,6al,"1-5ol, 6al",0.4721617188889517,['megamat0']
448,megamat17,2022-10-10,1,1-5ol,B-cit,"1-5ol, B-cit",0.9150611010908598,['megamat0']
449,megamat17,2022-10-10,1,1-5ol,IaA,"1-5ol, IaA",0.9986746995872248,['megamat0']
450,megamat17,2022-10-10,1,1-5ol,Lin,"1-5ol, Lin",0.966063603764814,['megamat0']
451,megamat17,2022-10-10,1,1-5ol,aa,"1-5ol, aa",1.068115579516426,['megamat0']
452,megamat17,2022-10-10,1,1-5ol,benz,"1-5ol, benz",0.7197847835431668,['megamat0']
453,megamat17,2022-10-10,1,1-5ol,eb,"1-5ol, eb",0.9395315275098104,['megamat0']
454,megamat17,2022-10-10,1,1-5ol,ep,"1-5ol, ep",0.9174979875642328,['megamat0']
455,megamat17,2022-10-10,1,1-5ol,ms,"1-5ol, ms",1.0254806411396005,['megamat0']
456,megamat17,2022-10-10,1,1-5ol,pa,"1-5ol, pa",0.943918696571008,['megamat0']
457,megamat17,2022-10-10,1,1-5ol,t2h,"1-5ol, t2h",0.7101653089174113,['megamat0']
458,megamat17,2022-10-10,1,1-5ol,va,"1-5ol, va",1.1200052848260893,['megamat0']
459,megamat17,2022-10-10,1,1-6ol,1-5ol,"1-6ol, 1-5ol",0.2360053870967901,['megamat0']
460,megamat17,2022-10-10,1,1-6ol,1-6ol,"1-6ol, 1-6ol",0.0,['megamat0']
461,megamat17,2022-10-10,1,1-6ol,1-8ol,"1-6ol, 1-8ol",0.4419377018283251,['megamat0']
462,megamat17,2022-10-10,1,1-6ol,2-but,"1-6ol, 2-but",0.9981430374497748,['megamat0']
463,megamat17,2022-10-10,1,1-6ol,2h,"1-6ol, 2h",0.8998689792959681,['megamat0']
464,megamat17,2022-10-10,1,1-6ol,6al,"1-6ol, 6al",0.6514697725469885,['megamat0']
465,megamat17,2022-10-10,1,1-6ol,B-cit,"1-6ol, B-cit",0.8813027156206118,['megamat0']
466,megamat17,2022-10-10,1,1-6ol,IaA,"1-6ol, IaA",1.035086629405325,['megamat0']
467,megamat17,2022-10-10,1,1-6ol,Lin,"1-6ol, Lin",0.9002894122265604,['megamat0']
468,megamat17,2022-10-10,1,1-6ol,aa,"1-6ol, aa",1.0718165828295556,['megamat0']
469,megamat17,2022-10-10,1,1-6ol,benz,"1-6ol, benz",0.8049319866195834,['megamat0']
470,megamat17,2022-10-10,1,1-6ol,eb,"1-6ol, eb",1.0014970575399291,['megamat0']
471,megamat17,2022-10-10,1,1-6ol,ep,"1-6ol, ep",0.9854085777911388,['megamat0']
472,megamat17,2022-10-10,1,1-6ol,ms,"1-6ol, ms",1.0285900550017864,['megamat0']
473,megamat17,2022-10-10,1,1-6ol,pa,"1-6ol, pa",0.9071418639515318,['megamat0']
474,megamat17,2022-10-10,1,1-6ol,t2h,"1-6ol, t2h",0.7805835643063866,['megamat0']
475,megamat17,2022-10-10,1,1-6ol,va,"1-6ol, va",1.1303949416253378,['megamat0']
476,megamat17,2022-10-10,1,1-8ol,1-5ol,"1-8ol, 1-5ol",0.5790800871757049,['megamat0']
477,megamat17,2022-10-10,1,1-8ol,1-6ol,"1-8ol, 1-6ol",0.4419377018283251,['megamat0']
478,megamat17,2022-10-10,1,1-8ol,1-8ol,"1-8ol, 1-8ol",0.0,['megamat0']
479,megamat17,2022-10-10,1,1-8ol,2-but,"1-8ol, 2-but",0.9280628375755522,['megamat0']
480,megamat17,2022-10-10,1,1-8ol,2h,"1-8ol, 2h",0.9426816197371578,['megamat0']
481,megamat17,2022-10-10,1,1-8ol,6al,"1-8ol, 6al",0.7911852280140661,['megamat0']
482,megamat17,2022-10-10,1,1-8ol,B-cit,"1-8ol, B-cit",0.6649573663533366,['megamat0']
483,megamat17,2022-10-10,1,1-8ol,IaA,"1-8ol, IaA",1.0323684228558003,['megamat0']
484,megamat17,2022-10-10,1,1-8ol,Lin,"1-8ol, Lin",0.676457671988429,['megamat0']
485,megamat17,2022-10-10,1,1-8ol,aa,"1-8ol, aa",1.0040018279636609,['megamat0']
486,megamat17,2022-10-10,1,1-8ol,benz,"1-8ol, benz",0.921424881007596,['megamat0']
487,megamat17,2022-10-10,1,1-8ol,eb,"1-8ol, eb",0.995919945343107,['megamat0']
488,megamat17,2022-10-10,1,1-8ol,ep,"1-8ol, ep",0.9639503956744672,['megamat0']
489,megamat17,2022-10-10,1,1-8ol,ms,"1-8ol, ms",0.970949147592634,['megamat0']
490,megamat17,2022-10-10,1,1-8ol,pa,"1-8ol, pa",0.9181452811571968,['megamat0']
491,megamat17,2022-10-10,1,1-8ol,t2h,"1-8ol, t2h",0.7865325014436677,['megamat0']
492,megamat17,2022-10-10,1,1-8ol,va,"1-8ol, va",1.0781055349911408,['megamat0']
493,megamat17,2022-10-10,1,2-but,1-5ol,"2-but, 1-5ol",0.9367645582739522,['megamat0']
494,megamat17,2022-10-10,1,2-but,1-6ol,"2-but, 1-6ol",0.9981430374497748,['megamat0']
495,megamat17,2022-10-10,1,2-but,1-8ol,"2-but, 1-8ol",0.9280628375755522,['megamat0']
496,megamat17,2022-10-10,1,2-but,2-but,"2-but, 2-but",0.0,['megamat0']
497,megamat17,2022-10-10,1,2-but,2h,"2-but, 2h",0.976383104988794,['megamat0']
498,megamat17,2022-10-10,1,2-but,6al,"2-but, 6al",0.8410182345537637,['megamat0']
499,megamat17,2022-10-10,1,2-but,B-cit,"2-but, B-cit",0.9635965448168752,['megamat0']
500,megamat17,2022-10-10,1,2-but,IaA,"2-but, IaA",1.071578830330944,['megamat0']
501,megamat17,2022-10-10,1,2-but,Lin,"2-but, Lin",1.019154793548873,['megamat0']
502,megamat17,2022-10-10,1,2-but,aa,"2-but, aa",0.9995220074519802,['megamat0']
503,megamat17,2022-10-10,1,2-but,benz,"2-but, benz",1.0424888384342044,['megamat0']
504,megamat17,2022-10-10,1,2-but,eb,"2-but, eb",0.7394593253868162,['megamat0']
505,megamat17,2022-10-10,1,2-but,ep,"2-but, ep",0.4667564384391338,['megamat0']
506,megamat17,2022-10-10,1,2-but,ms,"2-but, ms",0.9169889167970828,['megamat0']
507,megamat17,2022-10-10,1,2-but,pa,"2-but, pa",1.0905006603783574,['megamat0']
508,megamat17,2022-10-10,1,2-but,t2h,"2-but, t2h",0.9919649059281048,['megamat0']
509,megamat17,2022-10-10,1,2-but,va,"2-but, va",0.944598239128473,['megamat0']
510,megamat17,2022-10-10,1,2h,1-5ol,"2h, 1-5ol",0.8546969321300135,['megamat0']
511,megamat17,2022-10-10,1,2h,1-6ol,"2h, 1-6ol",0.8998689792959681,['megamat0']
512,megamat17,2022-10-10,1,2h,1-8ol,"2h, 1-8ol",0.9426816197371578,['megamat0']
513,megamat17,2022-10-10,1,2h,2-but,"2h, 2-but",0.976383104988794,['megamat0']
514,megamat17,2022-10-10,1,2h,2h,"2h, 2h",0.0,['megamat0']
515,megamat17,2022-10-10,1,2h,6al,"2h, 6al",0.7888496093447321,['megamat0']
516,megamat17,2022-10-10,1,2h,B-cit,"2h, B-cit",1.0394578986335368,['megamat0']
517,megamat17,2022-10-10,1,2h,IaA,"2h, IaA",0.6081079345121551,['megamat0']
518,megamat17,2022-10-10,1,2h,Lin,"2h, Lin",0.792391615355719,['megamat0']
519,megamat17,2022-10-10,1,2h,aa,"2h, aa",0.9554855547634424,['megamat0']
520,megamat17,2022-10-10,1,2h,benz,"2h, benz",0.8771314664597823,['megamat0']
521,megamat17,2022-10-10,1,2h,eb,"2h, eb",0.9301594005253996,['megamat0']
522,megamat17,2022-10-10,1,2h,ep,"2h, ep",1.0336651912020494,['megamat0']
523,megamat17,2022-10-10,1,2h,ms,"2h, ms",1.0077819539753083,['megamat0']
524,megamat17,2022-10-10,1,2h,pa,"2h, pa",0.4983791869580192,['megamat0']
525,megamat17,2022-10-10,1,2h,t2h,"2h, t2h",0.8790656235837894,['megamat0']
526,megamat17,2022-10-10,1,2h,va,"2h, va",0.9530062255592376,['megamat0']
527,megamat17,2022-10-10,1,6al,1-5ol,"6al, 1-5ol",0.4721617188889517,['megamat0']
528,megamat17,2022-10-10,1,6al,1-6ol,"6al, 1-6ol",0.6514697725469885,['megamat0']
529,megamat17,2022-10-10,1,6al,1-8ol,"6al, 1-8ol",0.7911852280140661,['megamat0']
530,megamat17,2022-10-10,1,6al,2-but,"6al, 2-but",0.8410182345537637,['megamat0']
531,megamat17,2022-10-10,1,6al,2h,"6al, 2h",0.7888496093447321,['megamat0']
532,megamat17,2022-10-10,1,6al,6al,"6al, 6al",0.0,['megamat0']
533,megamat17,2022-10-10,1,6al,B-cit,"6al, B-cit",0.8724486552748847,['megamat0']
534,megamat17,2022-10-10,1,6al,IaA,"6al, IaA",1.1135140613518617,['megamat0']
535,megamat17,2022-10-10,1,6al,Lin,"6al, Lin",1.0397642556827158,['megamat0']
536,megamat17,2022-10-10,1,6al,aa,"6al, aa",0.9068570261823924,['megamat0']
537,megamat17,2022-10-10,1,6al,benz,"6al, benz",0.6964086308351732,['megamat0']
538,megamat17,2022-10-10,1,6al,eb,"6al, eb",0.9734616609957112,['megamat0']
539,megamat17,2022-10-10,1,6al,ep,"6al, ep",1.0332580922151475,['megamat0']
540,megamat17,2022-10-10,1,6al,ms,"6al, ms",1.013585676490577,['megamat0']
541,megamat17,2022-10-10,1,6al,pa,"6al, pa",1.060153996828839,['megamat0']
542,megamat17,2022-10-10,1,6al,t2h,"6al, t2h",0.4071013208389171,['megamat0']
543,megamat17,2022-10-10,1,6al,va,"6al, va",0.8146740774142025,['megamat0']
544,megamat17,2022-10-10,1,B-cit,1-5ol,"B-cit, 1-5ol",0.9150611010908598,['megamat0']
545,megamat17,2022-10-10,1,B-cit,1-6ol,"B-cit, 1-6ol",0.8813027156206118,['megamat0']
546,megamat17,2022-10-10,1,B-cit,1-8ol,"B-cit, 1-8ol",0.6649573663533366,['megamat0']
547,megamat17,2022-10-10,1,B-cit,2-but,"B-cit, 2-but",0.9635965448168752,['megamat0']
548,megamat17,2022-10-10,1,B-cit,2h,"B-cit, 2h",1.0394578986335368,['megamat0']
549,megamat17,2022-10-10,1,B-cit,6al,"B-cit, 6al",0.8724486552748847,['megamat0']
550,megamat17,2022-10-10,1,B-cit,B-cit,"B-cit, B-cit",0.0,['megamat0']
551,megamat17,2022-10-10,1,B-cit,IaA,"B-cit, IaA",1.020872527167095,['megamat0']
552,megamat17,2022-10-10,1,B-cit,Lin,"B-cit, Lin",0.8556794906195044,['megamat0']
553,megamat17,2022-10-10,1,B-cit,aa,"B-cit, aa",0.7028169185691483,['megamat0']
554,megamat17,2022-10-10,1,B-cit,benz,"B-cit, benz",0.9964724277944526,['megamat0']
555,megamat17,2022-10-10,1,B-cit,eb,"B-cit, eb",1.049792744814941,['megamat0']
556,megamat17,2022-10-10,1,B-cit,ep,"B-cit, ep",1.104541678016553,['megamat0']
557,megamat17,2022-10-10,1,B-cit,ms,"B-cit, ms",0.920779378755258,['megamat0']
558,megamat17,2022-10-10,1,B-cit,pa,"B-cit, pa",1.0284292315391308,['megamat0']
559,megamat17,2022-10-10,1,B-cit,t2h,"B-cit, t2h",0.924453038998275,['megamat0']
560,megamat17,2022-10-10,1,B-cit,va,"B-cit, va",0.8844491305363881,['megamat0']
561,megamat17,2022-10-10,1,IaA,1-5ol,"IaA, 1-5ol",0.9986746995872248,['megamat0']
562,megamat17,2022-10-10,1,IaA,1-6ol,"IaA, 1-6ol",1.035086629405325,['megamat0']
563,megamat17,2022-10-10,1,IaA,1-8ol,"IaA, 1-8ol",1.0323684228558003,['megamat0']
564,megamat17,2022-10-10,1,IaA,2-but,"IaA, 2-but",1.071578830330944,['megamat0']
565,megamat17,2022-10-10,1,IaA,2h,"IaA, 2h",0.6081079345121551,['megamat0']
566,megamat17,2022-10-10,1,IaA,6al,"IaA, 6al",1.1135140613518617,['megamat0']
567,megamat17,2022-10-10,1,IaA,B-cit,"IaA, B-cit",1.020872527167095,['megamat0']
568,megamat17,2022-10-10,1,IaA,IaA,"IaA, IaA",0.0,['megamat0']
569,megamat17,2022-10-10,1,IaA,Lin,"IaA, Lin",0.8532088469454959,['megamat0']
570,megamat17,2022-10-10,1,IaA,aa,"IaA, aa",1.1123310457527404,['megamat0']
571,megamat17,2022-10-10,1,IaA,benz,"IaA, benz",0.9816162416641828,['megamat0']
572,megamat17,2022-10-10,1,IaA,eb,"IaA, eb",0.8096188317262136,['megamat0']
573,megamat17,2022-10-10,1,IaA,ep,"IaA, ep",0.9091004172341076,['megamat0']
574,megamat17,2022-10-10,1,IaA,ms,"IaA, ms",1.012768197882871,['megamat0']
575,megamat17,2022-10-10,1,IaA,pa,"IaA, pa",0.368720202239984,['megamat0']
576,megamat17,2022-10-10,1,IaA,t2h,"IaA, t2h",1.1029851325731506,['megamat0']
577,megamat17,2022-10-10,1,IaA,va,"IaA, va",1.132628282057682,['megamat0']
578,megamat17,2022-10-10,1,Lin,1-5ol,"Lin, 1-5ol",0.966063603764814,['megamat0']
579,megamat17,2022-10-10,1,Lin,1-6ol,"Lin, 1-6ol",0.9002894122265604,['megamat0']
580,megamat17,2022-10-10,1,Lin,1-8ol,"Lin, 1-8ol",0.676457671988429,['megamat0']
581,megamat17,2022-10-10,1,Lin,2-but,"Lin, 2-but",1.019154793548873,['megamat0']
582,megamat17,2022-10-10,1,Lin,2h,"Lin, 2h",0.792391615355719,['megamat0']
583,megamat17,2022-10-10,1,Lin,6al,"Lin, 6al",1.0397642556827158,['megamat0']
584,megamat17,2022-10-10,1,Lin,B-cit,"Lin, B-cit",0.8556794906195044,['megamat0']
585,megamat17,2022-10-10,1,Lin,IaA,"Lin, IaA",0.8532088469454959,['megamat0']
586,megamat17,2022-10-10,1,Lin,Lin,"Lin, Lin",0.0,['megamat0']
587,megamat17,2022-10-10,1,Lin,aa,"Lin, aa",0.9375178510602288,['megamat0']
588,megamat17,2022-10-10,1,Lin,benz,"Lin, benz",0.9604559670433406,['megamat0']
589,megamat17,2022-10-10,1,Lin,eb,"Lin, eb",1.0679242114752217,['megamat0']
590,megamat17,2022-10-10,1,Lin,ep,"Lin, ep",1.0541378699107695,['megamat0']
591,megamat17,2022-10-10,1,Lin,ms,"Lin, ms",0.9525813983411012,['megamat0']
592,megamat17,2022-10-10,1,Lin,pa,"Lin, pa",0.9537980479154924,['megamat0']
593,megamat17,2022-10-10,1,Lin,t2h,"Lin, t2h",1.000052857499128,['megamat0']
594,megamat17,2022-10-10,1,Lin,va,"Lin, va",1.0564309293230236,['megamat0']
595,megamat17,2022-10-10,1,aa,1-5ol,"aa, 1-5ol",1.068115579516426,['megamat0']
596,megamat17,2022-10-10,1,aa,1-6ol,"aa, 1-6ol",1.0718165828295556,['megamat0']
597,megamat17,2022-10-10,1,aa,1-8ol,"aa, 1-8ol",1.0040018279636609,['megamat0']
598,megamat17,2022-10-10,1,aa,2-but,"aa, 2-but",0.9995220074519802,['megamat0']
599,megamat17,2022-10-10,1,aa,2h,"aa, 2h",0.9554855547634424,['megamat0']
600,megamat17,2022-10-10,1,aa,6al,"aa, 6al",0.9068570261823924,['megamat0']
601,megamat17,2022-10-10,1,aa,B-cit,"aa, B-cit",0.7028169185691483,['megamat0']
602,megamat17,2022-10-10,1,aa,IaA,"aa, IaA",1.1123310457527404,['megamat0']
603,megamat17,2022-10-10,1,aa,Lin,"aa, Lin",0.9375178510602288,['megamat0']
604,megamat17,2022-10-10,1,aa,aa,"aa, aa",0.0,['megamat0']
605,megamat17,2022-10-10,1,aa,benz,"aa, benz",0.996775751331852,['megamat0']
606,megamat17,2022-10-10,1,aa,eb,"aa, eb",1.100038598364829,['megamat0']
607,megamat17,2022-10-10,1,aa,ep,"aa, ep",1.1421012912147124,['megamat0']
608,megamat17,2022-10-10,1,aa,ms,"aa, ms",0.9236490038850148,['megamat0']
609,megamat17,2022-10-10,1,aa,pa,"aa, pa",1.0963484742483611,['megamat0']
610,megamat17,2022-10-10,1,aa,t2h,"aa, t2h",0.9731353046697492,['megamat0']
611,megamat17,2022-10-10,1,aa,va,"aa, va",0.7168743950960881,['megamat0']
612,megamat17,2022-10-10,1,benz,1-5ol,"benz, 1-5ol",0.7197847835431668,['megamat0']
613,megamat17,2022-10-10,1,benz,1-6ol,"benz, 1-6ol",0.8049319866195834,['megamat0']
614,megamat17,2022-10-10,1,benz,1-8ol,"benz, 1-8ol",0.921424881007596,['megamat0']
615,megamat17,2022-10-10,1,benz,2-but,"benz, 2-but",1.0424888384342044,['megamat0']
616,megamat17,2022-10-10,1,benz,2h,"benz, 2h",0.8771314664597823,['megamat0']
617,megamat17,2022-10-10,1,benz,6al,"benz, 6al",0.6964086308351732,['megamat0']
618,megamat17,2022-10-10,1,benz,B-cit,"benz, B-cit",0.9964724277944526,['megamat0']
619,megamat17,2022-10-10,1,benz,IaA,"benz, IaA",0.9816162416641828,['megamat0']
620,megamat17,2022-10-10,1,benz,Lin,"benz, Lin",0.9604559670433406,['megamat0']
621,megamat17,2022-10-10,1,benz,aa,"benz, aa",0.996775751331852,['megamat0']
622,megamat17,2022-10-10,1,benz,benz,"benz, benz",0.0,['megamat0']
623,megamat17,2022-10-10,1,benz,eb,"benz, eb",1.0653102053136565,['megamat0']
624,megamat17,2022-10-10,1,benz,ep,"benz, ep",1.0703611255815235,['megamat0']
625,megamat17,2022-10-10,1,benz,ms,"benz, ms",0.8106284510921185,['megamat0']
626,megamat17,2022-10-10,1,benz,pa,"benz, pa",1.0037627138966665,['megamat0']
627,megamat17,2022-10-10,1,benz,t2h,"benz, t2h",0.7220488876164606,['megamat0']
628,megamat17,2022-10-10,1,benz,va,"benz, va",0.9802654221530586,['megamat0']
629,megamat17,2022-10-10,1,eb,1-5ol,"eb, 1-5ol",0.9395315275098104,['megamat0']
630,megamat17,2022-10-10,1,eb,1-6ol,"eb, 1-6ol",1.0014970575399291,['megamat0']
631,megamat17,2022-10-10,1,eb,1-8ol,"eb, 1-8ol",0.995919945343107,['megamat0']
632,megamat17,2022-10-10,1,eb,2-but,"eb, 2-but",0.7394593253868162,['megamat0']
633,megamat17,2022-10-10,1,eb,2h,"eb, 2h",0.9301594005253996,['megamat0']
634,megamat17,2022-10-10,1,eb,6al,"eb, 6al",0.9734616609957112,['megamat0']
635,megamat17,2022-10-10,1,eb,B-cit,"eb, B-cit",1.049792744814941,['megamat0']
636,megamat17,2022-10-10,1,eb,IaA,"eb, IaA",0.8096188317262136,['megamat0']
637,megamat17,2022-10-10,1,eb,Lin,"eb, Lin",1.0679242114752217,['megamat0']
638,megamat17,2022-10-10,1,eb,aa,"eb, aa",1.100038598364829,['megamat0']
639,megamat17,2022-10-10,1,eb,benz,"eb, benz",1.0653102053136565,['megamat0']
640,megamat17,2022-10-10,1,eb,eb,"eb, eb",0.0,['megamat0']
641,megamat17,2022-10-10,1,eb,ep,"eb, ep",0.3719137526025748,['megamat0']
642,megamat17,2022-10-10,1,eb,ms,"eb, ms",1.024547801193744,['megamat0']
643,megamat17,2022-10-10,1,eb,pa,"eb, pa",0.9281049578975608,['megamat0']
644,megamat17,2022-10-10,1,eb,t2h,"eb, t2h",1.0421750833842855,['megamat0']
645,megamat17,2022-10-10,1,eb,va,"eb, va",0.9563558174025164,['megamat0']
646,megamat17,2022-10-10,1,ep,1-5ol,"ep, 1-5ol",0.9174979875642328,['megamat0']
647,megamat17,2022-10-10,1,ep,1-6ol,"ep, 1-6ol",0.9854085777911388,['megamat0']
648,megamat17,2022-10-10,1,ep,1-8ol,"ep, 1-8ol",0.9639503956744672,['megamat0']
649,megamat17,2022-10-10,1,ep,2-but,"ep, 2-but",0.4667564384391338,['megamat0']
650,megamat17,2022-10-10,1,ep,2h,"ep, 2h",1.0336651912020494,['megamat0']
651,megamat17,2022-10-10,1,ep,6al,"ep, 6al",1.0332580922151475,['megamat0']
652,megamat17,2022-10-10,1,ep,B-cit,"ep, B-cit",1.104541678016553,['megamat0']
653,megamat17,2022-10-10,1,ep,IaA,"ep, IaA",0.9091004172341076,['megamat0']
654,megamat17,2022-10-10,1,ep,Lin,"ep, Lin",1.0541378699107695,['megamat0']
655,megamat17,2022-10-10,1,ep,aa,"ep, aa",1.1421012912147124,['megamat0']
656,megamat17,2022-10-10,1,ep,benz,"ep, benz",1.0703611255815235,['megamat0']
657,megamat17,2022-10-10,1,ep,eb,"ep, eb",0.3719137526025748,['megamat0']
658,megamat17,2022-10-10,1,ep,ep,"ep, ep",0.0,['megamat0']
659,megamat17,2022-10-10,1,ep,ms,"ep, ms",1.0178553038069955,['megamat0']
660,megamat17,2022-10-10,1,ep,pa,"ep, pa",0.9827589668681812,['megamat0']
661,megamat17,2022-10-10,1,ep,t2h,"ep, t2h",1.1118044075232063,['megamat0']
662,megamat17,2022-10-10,1,ep,va,"ep, va",1.056987506033908,['megamat0']
663,megamat17,2022-10-10,1,ms,1-5ol,"ms, 1-5ol",1.0254806411396005,['megamat0']
664,megamat17,2022-10-10,1,ms,1-6ol,"ms, 1-6ol",1.0285900550017864,['megamat0']
665,megamat17,2022-10-10,1,ms,1-8ol,"ms, 1-8ol",0.970949147592634,['megamat0']
666,megamat17,2022-10-10,1,ms,2-but,"ms, 2-but",0.9169889167970828,['megamat0']
667,megamat17,2022-10-10,1,ms,2h,"ms, 2h",1.0077819539753083,['megamat0']
668,megamat17,2022-10-10,1,ms,6al,"ms, 6al",1.013585676490577,['megamat0']
669,megamat17,2022-10-10,1,ms,B-cit,"ms, B-cit",0.920779378755258,['megamat0']
670,megamat17,2022-10-10,1,ms,IaA,"ms, IaA",1.012768197882871,['megamat0']
671,megamat17,2022-10-10,1,ms,Lin,"ms, Lin",0.9525813983411012,['megamat0']
672,megamat17,2022-10-10,1,ms,aa,"ms, aa",0.9236490038850148,['megamat0']
673,megamat17,2022-10-10,1,ms,benz,"ms, benz",0.8106284510921185,['megamat0']
674,megamat17,2022-10-10,1,ms,eb,"ms, eb",1.024547801193744,['megamat0']
675,megamat17,2022-10-10,1,ms,ep,"ms, ep",1.0178553038069955,['megamat0']
676,megamat17,2022-10-10,1,ms,ms,"ms, ms",0.0,['megamat0']
677,megamat17,2022-10-10,1,ms,pa,"ms, pa",1.0593606501878834,['megamat0']
678,megamat17,2022-10-10,1,ms,t2h,"ms, t2h",0.985621636438976,['megamat0']
679,megamat17,2022-10-10,1,ms,va,"ms, va",0.945520537356327,['megamat0']
680,megamat17,2022-10-10,1,pa,1-5ol,"pa, 1-5ol",0.943918696571008,['megamat0']
681,megamat17,2022-10-10,1,pa,1-6ol,"pa, 1-6ol",0.9071418639515318,['megamat0']
682,megamat17,2022-10-10,1,pa,1-8ol,"pa, 1-8ol",0.9181452811571968,['megamat0']
683,megamat17,2022-10-10,1,pa,2-but,"pa, 2-but",1.0905006603783574,['megamat0']
684,megamat17,2022-10-10,1,pa,2h,"pa, 2h",0.4983791869580192,['megamat0']
685,megamat17,2022-10-10,1,pa,6al,"pa, 6al",1.060153996828839,['megamat0']
686,megamat17,2022-10-10,1,pa,B-cit,"pa, B-cit",1.0284292315391308,['megamat0']
687,megamat17,2022-10-10,1,pa,IaA,"pa, IaA",0.368720202239984,['megamat0']
688,megamat17,2022-10-10,1,pa,Lin,"pa, Lin",0.9537980479154924,['megamat0']
689,megamat17,2022-10-10,1,pa,aa,"pa, aa",1.0963484742483611,['megamat0']
690,megamat17,2022-10-10,1,pa,benz,"pa, benz",1.0037627138966665,['megamat0']
691,megamat17,2022-10-10,1,pa,eb,"pa, eb",0.9281049578975608,['megamat0']
692,megamat17,2022-10-10,1,pa,ep,"pa, ep",0.9827589668681812,['megamat0']
693,megamat17,2022-10-10,1,pa,ms,"pa, ms",1.0593606501878834,['megamat0']
694,megamat17,2022-10-10,1,pa,pa,"pa, pa",0.0,['megamat0']
695,megamat17,2022-10-10,1,pa,t2h,"pa, t2h",1.0049512940381502,['megamat0']
696,megamat17,2022-10-10,1,pa,va,"pa, va",1.1226766890723454,['megamat0']
697,megamat17,2022-10-10,1,t2h,1-5ol,"t2h, 1-5ol",0.7101653089174113,['megamat0']
698,megamat17,2022-10-10,1,t2h,1-6ol,"t2h, 1-6ol",0.7805835643063866,['megamat0']
699,megamat17,2022-10-10,1,t2h,1-8ol,"t2h, 1-8ol",0.7865325014436677,['megamat0']
700,megamat17,2022-10-10,1,t2h,2-but,"t2h, 2-but",0.9919649059281048,['megamat0']
701,megamat17,2022-10-10,1,t2h,2h,"t2h, 2h",0.8790656235837894,['megamat0']
702,megamat17,2022-10-10,1,t2h,6al,"t2h, 6al",0.4071013208389171,['megamat0']
703,megamat17,2022-10-10,1,t2h,B-cit,"t2h, B-cit",0.924453038998275,['megamat0']
704,megamat17,2022-10-10,1,t2h,IaA,"t2h, IaA",1.1029851325731506,['megamat0']
705,megamat17,2022-10-10,1,t2h,Lin,"t2h, Lin",1.000052857499128,['megamat0']
706,megamat17,2022-10-10,1,t2h,aa,"t2h, aa",0.9731353046697492,['megamat0']
707,megamat17,2022-10-10,1,t2h,benz,"t2h, benz",0.7220488876164606,['megamat0']
708,megamat17,2022-10-10,1,t2h,eb,"t2h, eb",1.0421750833842855,['megamat0']
709,megamat17,2022-10-10,1,t2h,ep,"t2h, ep",1.1118044075232063,['megamat0']
710,megamat17,2022-10-10,1,t2h,ms,"t2h, ms",0.985621636438976,['megamat0']
711,megamat17,2022-10-10,1,t2h,pa,"t2h, pa",1.0049512940381502,['megamat0']
712,megamat17,2022-10-10,1,t2h,t2h,"t2h, t2h",0.0,['megamat0']
713,megamat17,2022-10-10,1,t2h,va,"t2h, va",0.7135692138246197,['megamat0']
714,megamat17,2022-10-10,1,va,1-5ol,"va, 1-5ol",1.1200052848260893,['megamat0']
715,megamat17,2022-10-10,1,va,1-6ol,"va, 1-6ol",1.1303949416253378,['megamat0']
716,megamat17,2022-10-10,1,va,1-8ol,"va, 1-8ol",1.0781055349911408,['megamat0']
717,megamat17,2022-10-10,1,va,2-but,"va, 2-but",0.944598239128473,['megamat0']
718,megamat17,2022-10-10,1,va,2h,"va, 2h",0.9530062255592376,['megamat0']
719,megamat17,2022-10-10,1,va,6al,"va, 6al",0.8146740774142025,['megamat0']
720,megamat17,2022-10-10,1,va,B-cit,"va, B-cit",0.8844491305363881,['megamat0']
721,megamat17,2022-10-10,1,va,IaA,"va, IaA",1.132628282057682,['megamat0']
722,megamat17,2022-10-10,1,va,Lin,"va, Lin",1.0564309293230236,['megamat0']
723,megamat17,2022-10-10,1,va,aa,"va, aa",0.7168743950960881,['megamat0']
724,megamat17,2022-10-10,1,va,benz,"va, benz",0.9802654221530586,['megamat0']
725,megamat17,2022-10-10,1,va,eb,"va, eb",0.9563558174025164,['megamat0']
726,megamat17,2022-10-10,1,va,ep,"va, ep",1.056987506033908,['megamat0']
727,megamat17,2022-10-10,1,va,ms,"va, ms",0.945520537356327,['megamat0']
728,megamat17,2022-10-10,1,va,pa,"va, pa",1.1226766890723454,['megamat0']
729,megamat17,2022-10-10,1,va,t2h,"va, t2h",0.7135692138246197,['megamat0']
730,megamat17,2022-10-10,1,va,va,"va, va",0.0,['megamat0']
731,megamat17,2022-10-10,2,1-5ol,1-5ol,"1-5ol, 1-5ol",0.0,['megamat0']
732,megamat17,2022-10-10,2,1-5ol,1-6ol,"1-5ol, 1-6ol",0.188549846411861,['megamat0']
733,megamat17,2022-10-10,2,1-5ol,1-8ol,"1-5ol, 1-8ol",0.5496768584841029,['megamat0']
734,megamat17,2022-10-10,2,1-5ol,2-but,"1-5ol, 2-but",0.9824199070409454,['megamat0']
735,megamat17,2022-10-10,2,1-5ol,2h,"1-5ol, 2h",0.9337356460694084,['megamat0']
736,megamat17,2022-10-10,2,1-5ol,6al,"1-5ol, 6al",0.5692736083526447,['megamat0']
737,megamat17,2022-10-10,2,1-5ol,B-cit,"1-5ol, B-cit",0.8708985319093336,['megamat0']
738,megamat17,2022-10-10,2,1-5ol,IaA,"1-5ol, IaA",1.0675788532185453,['megamat0']
739,megamat17,2022-10-10,2,1-5ol,Lin,"1-5ol, Lin",1.0250765321652648,['megamat0']
740,megamat17,2022-10-10,2,1-5ol,aa,"1-5ol, aa",1.0559667899337846,['megamat0']
741,megamat17,2022-10-10,2,1-5ol,benz,"1-5ol, benz",0.789416745970668,['megamat0']
742,megamat17,2022-10-10,2,1-5ol,eb,"1-5ol, eb",0.9890920652845412,['megamat0']
743,megamat17,2022-10-10,2,1-5ol,ep,"1-5ol, ep",0.98016273984319,['megamat0']
744,megamat17,2022-10-10,2,1-5ol,ms,"1-5ol, ms",1.0392703374375072,['megamat0']
745,megamat17,2022-10-10,2,1-5ol,pa,"1-5ol, pa",1.0359977769382165,['megamat0']
746,megamat17,2022-10-10,2,1-5ol,t2h,"1-5ol, t2h",0.7281841704184651,['megamat0']
747,megamat17,2022-10-10,2,1-5ol,va,"1-5ol, va",1.0509381160056248,['megamat0']
748,megamat17,2022-10-10,2,1-6ol,1-5ol,"1-6ol, 1-5ol",0.188549846411861,['megamat0']
749,megamat17,2022-10-10,2,1-6ol,1-6ol,"1-6ol, 1-6ol",0.0,['megamat0']
750,megamat17,2022-10-10,2,1-6ol,1-8ol,"1-6ol, 1-8ol",0.5079210665702858,['megamat0']
751,megamat17,2022-10-10,2,1-6ol,2-but,"1-6ol, 2-but",1.0316136990764888,['megamat0']
752,megamat17,2022-10-10,2,1-6ol,2h,"1-6ol, 2h",0.8554095044174553,['megamat0']
753,megamat17,2022-10-10,2,1-6ol,6al,"1-6ol, 6al",0.6399595420063509,['megamat0']
754,megamat17,2022-10-10,2,1-6ol,B-cit,"1-6ol, B-cit",0.8759150448069802,['megamat0']
755,megamat17,2022-10-10,2,1-6ol,IaA,"1-6ol, IaA",1.0372145081582576,['megamat0']
756,megamat17,2022-10-10,2,1-6ol,Lin,"1-6ol, Lin",0.9957738822248196,['megamat0']
757,megamat17,2022-10-10,2,1-6ol,aa,"1-6ol, aa",1.0612510356036358,['megamat0']
758,megamat17,2022-10-10,2,1-6ol,benz,"1-6ol, benz",0.8588885803573765,['megamat0']
759,megamat17,2022-10-10,2,1-6ol,eb,"1-6ol, eb",1.0456172232777483,['megamat0']
760,megamat17,2022-10-10,2,1-6ol,ep,"1-6ol, ep",1.0512479983587188,['megamat0']
761,megamat17,2022-10-10,2,1-6ol,ms,"1-6ol, ms",1.040684371258261,['megamat0']
762,megamat17,2022-10-10,2,1-6ol,pa,"1-6ol, pa",0.9723637247649876,['megamat0']
763,megamat17,2022-10-10,2,1-6ol,t2h,"1-6ol, t2h",0.7192130460482016,['megamat0']
764,megamat17,2022-10-10,2,1-6ol,va,"1-6ol, va",1.060903294885052,['megamat0']
765,megamat17,2022-10-10,2,1-8ol,1-5ol,"1-8ol, 1-5ol",0.5496768584841029,['megamat0']
766,megamat17,2022-10-10,2,1-8ol,1-6ol,"1-8ol, 1-6ol",0.5079210665702858,['megamat0']
767,megamat17,2022-10-10,2,1-8ol,1-8ol,"1-8ol, 1-8ol",0.0,['megamat0']
768,megamat17,2022-10-10,2,1-8ol,2-but,"1-8ol, 2-but",0.8924497619852705,['megamat0']
769,megamat17,2022-10-10,2,1-8ol,2h,"1-8ol, 2h",0.9899343179391684,['megamat0']
770,megamat17,2022-10-10,2,1-8ol,6al,"1-8ol, 6al",0.8606663745466225,['megamat0']
771,megamat17,2022-10-10,2,1-8ol,B-cit,"1-8ol, B-cit",0.5765376510194389,['megamat0']
772,megamat17,2022-10-10,2,1-8ol,IaA,"1-8ol, IaA",1.042330190426212,['megamat0']
773,megamat17,2022-10-10,2,1-8ol,Lin,"1-8ol, Lin",0.8043600067482245,['megamat0']
774,megamat17,2022-10-10,2,1-8ol,aa,"1-8ol, aa",1.0139874671026663,['megamat0']
775,megamat17,2022-10-10,2,1-8ol,benz,"1-8ol, benz",0.9535394372976632,['megamat0']
776,megamat17,2022-10-10,2,1-8ol,eb,"1-8ol, eb",0.9860688380827376,['megamat0']
777,megamat17,2022-10-10,2,1-8ol,ep,"1-8ol, ep",0.953025371041498,['megamat0']
778,megamat17,2022-10-10,2,1-8ol,ms,"1-8ol, ms",0.9542134925848345,['megamat0']
779,megamat17,2022-10-10,2,1-8ol,pa,"1-8ol, pa",1.0096253359996483,['megamat0']
780,megamat17,2022-10-10,2,1-8ol,t2h,"1-8ol, t2h",0.7912479437643841,['megamat0']
781,megamat17,2022-10-10,2,1-8ol,va,"1-8ol, va",0.9923003243960572,['megamat0']
782,megamat17,2022-10-10,2,2-but,1-5ol,"2-but, 1-5ol",0.9824199070409454,['megamat0']
783,megamat17,2022-10-10,2,2-but,1-6ol,"2-but, 1-6ol",1.0316136990764888,['megamat0']
784,megamat17,2022-10-10,2,2-but,1-8ol,"2-but, 1-8ol",0.8924497619852705,['megamat0']
785,megamat17,2022-10-10,2,2-but,2-but,"2-but, 2-but",0.0,['megamat0']
786,megamat17,2022-10-10,2,2-but,2h,"2-but, 2h",1.0296378326971756,['megamat0']
787,megamat17,2022-10-10,2,2-but,6al,"2-but, 6al",0.9093512134689706,['megamat0']
788,megamat17,2022-10-10,2,2-but,B-cit,"2-but, B-cit",0.8420069495414435,['megamat0']
789,megamat17,2022-10-10,2,2-but,IaA,"2-but, IaA",1.109231389799299,['megamat0']
790,megamat17,2022-10-10,2,2-but,Lin,"2-but, Lin",0.886579725776358,['megamat0']
791,megamat17,2022-10-10,2,2-but,aa,"2-but, aa",0.9878030118237426,['megamat0']
792,megamat17,2022-10-10,2,2-but,benz,"2-but, benz",1.0463558915060522,['megamat0']
793,megamat17,2022-10-10,2,2-but,eb,"2-but, eb",0.8557647587833808,['megamat0']
794,megamat17,2022-10-10,2,2-but,ep,"2-but, ep",0.5094605722962603,['megamat0']
795,megamat17,2022-10-10,2,2-but,ms,"2-but, ms",1.0101576899966238,['megamat0']
796,megamat17,2022-10-10,2,2-but,pa,"2-but, pa",1.116511534544559,['megamat0']
797,megamat17,2022-10-10,2,2-but,t2h,"2-but, t2h",0.9984551438883488,['megamat0']
798,megamat17,2022-10-10,2,2-but,va,"2-but, va",0.8968028505420189,['megamat0']
799,megamat17,2022-10-10,2,2h,1-5ol,"2h, 1-5ol",0.9337356460694084,['megamat0']
800,megamat17,2022-10-10,2,2h,1-6ol,"2h, 1-6ol",0.8554095044174553,['megamat0']
801,megamat17,2022-10-10,2,2h,1-8ol,"2h, 1-8ol",0.9899343179391684,['megamat0']
802,megamat17,2022-10-10,2,2h,2-but,"2h, 2-but",1.0296378326971756,['megamat0']
803,megamat17,2022-10-10,2,2h,2h,"2h, 2h",0.0,['megamat0']
804,megamat17,2022-10-10,2,2h,6al,"2h, 6al",0.8383039457350804,['megamat0']
805,megamat17,2022-10-10,2,2h,B-cit,"2h, B-cit",1.0174438174716582,['megamat0']
806,megamat17,2022-10-10,2,2h,IaA,"2h, IaA",0.6912620066446726,['megamat0']
807,megamat17,2022-10-10,2,2h,Lin,"2h, Lin",0.7886422607195231,['megamat0']
808,megamat17,2022-10-10,2,2h,aa,"2h, aa",0.8852992743849799,['megamat0']
809,megamat17,2022-10-10,2,2h,benz,"2h, benz",0.8780510209247827,['megamat0']
810,megamat17,2022-10-10,2,2h,eb,"2h, eb",0.9706556703298324,['megamat0']
811,megamat17,2022-10-10,2,2h,ep,"2h, ep",1.0690379000780088,['megamat0']
812,megamat17,2022-10-10,2,2h,ms,"2h, ms",1.013030010078032,['megamat0']
813,megamat17,2022-10-10,2,2h,pa,"2h, pa",0.5089586976735705,['megamat0']
814,megamat17,2022-10-10,2,2h,t2h,"2h, t2h",0.8764127034639904,['megamat0']
815,megamat17,2022-10-10,2,2h,va,"2h, va",0.8975049360084426,['megamat0']
816,megamat17,2022-10-10,2,6al,1-5ol,"6al, 1-5ol",0.5692736083526447,['megamat0']
817,megamat17,2022-10-10,2,6al,1-6ol,"6al, 1-6ol",0.6399595420063509,['megamat0']
818,megamat17,2022-10-10,2,6al,1-8ol,"6al, 1-8ol",0.8606663745466225,['megamat0']
819,megamat17,2022-10-10,2,6al,2-but,"6al, 2-but",0.9093512134689706,['megamat0']
820,megamat17,2022-10-10,2,6al,2h,"6al, 2h",0.8383039457350804,['megamat0']
821,megamat17,2022-10-10,2,6al,6al,"6al, 6al",0.0,['megamat0']
822,megamat17,2022-10-10,2,6al,B-cit,"6al, B-cit",0.93572559835827,['megamat0']
823,megamat17,2022-10-10,2,6al,IaA,"6al, IaA",1.087380582323877,['megamat0']
824,megamat17,2022-10-10,2,6al,Lin,"6al, Lin",1.02372672355,['megamat0']
825,megamat17,2022-10-10,2,6al,aa,"6al, aa",0.8745179480617177,['megamat0']
826,megamat17,2022-10-10,2,6al,benz,"6al, benz",0.74852074296252,['megamat0']
827,megamat17,2022-10-10,2,6al,eb,"6al, eb",0.9771595332012962,['megamat0']
828,megamat17,2022-10-10,2,6al,ep,"6al, ep",1.0346517109837352,['megamat0']
829,megamat17,2022-10-10,2,6al,ms,"6al, ms",1.0544959688826931,['megamat0']
830,megamat17,2022-10-10,2,6al,pa,"6al, pa",1.0480640494722429,['megamat0']
831,megamat17,2022-10-10,2,6al,t2h,"6al, t2h",0.478556686773635,['megamat0']
832,megamat17,2022-10-10,2,6al,va,"6al, va",0.8170282976145502,['megamat0']
833,megamat17,2022-10-10,2,B-cit,1-5ol,"B-cit, 1-5ol",0.8708985319093336,['megamat0']
834,megamat17,2022-10-10,2,B-cit,1-6ol,"B-cit, 1-6ol",0.8759150448069802,['megamat0']
835,megamat17,2022-10-10,2,B-cit,1-8ol,"B-cit, 1-8ol",0.5765376510194389,['megamat0']
836,megamat17,2022-10-10,2,B-cit,2-but,"B-cit, 2-but",0.8420069495414435,['megamat0']
837,megamat17,2022-10-10,2,B-cit,2h,"B-cit, 2h",1.0174438174716582,['megamat0']
838,megamat17,2022-10-10,2,B-cit,6al,"B-cit, 6al",0.93572559835827,['megamat0']
839,megamat17,2022-10-10,2,B-cit,B-cit,"B-cit, B-cit",0.0,['megamat0']
840,megamat17,2022-10-10,2,B-cit,IaA,"B-cit, IaA",0.9875442996005476,['megamat0']
841,megamat17,2022-10-10,2,B-cit,Lin,"B-cit, Lin",0.6692797343712767,['megamat0']
842,megamat17,2022-10-10,2,B-cit,aa,"B-cit, aa",0.8232538136500029,['megamat0']
843,megamat17,2022-10-10,2,B-cit,benz,"B-cit, benz",0.9812821415674876,['megamat0']
844,megamat17,2022-10-10,2,B-cit,eb,"B-cit, eb",0.9531174451832176,['megamat0']
845,megamat17,2022-10-10,2,B-cit,ep,"B-cit, ep",0.8907746859265071,['megamat0']
846,megamat17,2022-10-10,2,B-cit,ms,"B-cit, ms",0.84682152310495,['megamat0']
847,megamat17,2022-10-10,2,B-cit,pa,"B-cit, pa",1.0316721452109836,['megamat0']
848,megamat17,2022-10-10,2,B-cit,t2h,"B-cit, t2h",0.9427603684622908,['megamat0']
849,megamat17,2022-10-10,2,B-cit,va,"B-cit, va",0.9139378730829288,['megamat0']
850,megamat17,2022-10-10,2,IaA,1-5ol,"IaA, 1-5ol",1.0675788532185453,['megamat0']
851,megamat17,2022-10-10,2,IaA,1-6ol,"IaA, 1-6ol",1.0372145081582576,['megamat0']
852,megamat17,2022-10-10,2,IaA,1-8ol,"IaA, 1-8ol",1.042330190426212,['megamat0']
853,megamat17,2022-10-10,2,IaA,2-but,"IaA, 2-but",1.109231389799299,['megamat0']
854,megamat17,2022-10-10,2,IaA,2h,"IaA, 2h",0.6912620066446726,['megamat0']
855,megamat17,2022-10-10,2,IaA,6al,"IaA, 6al",1.087380582323877,['megamat0']
856,megamat17,2022-10-10,2,IaA,B-cit,"IaA, B-cit",0.9875442996005476,['megamat0']
857,megamat17,2022-10-10,2,IaA,IaA,"IaA, IaA",0.0,['megamat0']
858,megamat17,2022-10-10,2,IaA,Lin,"IaA, Lin",0.8533907228350692,['megamat0']
859,megamat17,2022-10-10,2,IaA,aa,"IaA, aa",1.0939345530612092,['megamat0']
860,megamat17,2022-10-10,2,IaA,benz,"IaA, benz",0.9841701011477544,['megamat0']
861,megamat17,2022-10-10,2,IaA,eb,"IaA, eb",0.930706471587576,['megamat0']
862,megamat17,2022-10-10,2,IaA,ep,"IaA, ep",0.998558536151976,['megamat0']
863,megamat17,2022-10-10,2,IaA,ms,"IaA, ms",0.9858339503701508,['megamat0']
864,megamat17,2022-10-10,2,IaA,pa,"IaA, pa",0.4045816142334546,['megamat0']
865,megamat17,2022-10-10,2,IaA,t2h,"IaA, t2h",1.1084783858142189,['megamat0']
866,megamat17,2022-10-10,2,IaA,va,"IaA, va",1.0888521989377915,['megamat0']
867,megamat17,2022-10-10,2,Lin,1-5ol,"Lin, 1-5ol",1.0250765321652648,['megamat0']
868,megamat17,2022-10-10,2,Lin,1-6ol,"Lin, 1-6ol",0.9957738822248196,['megamat0']
869,megamat17,2022-10-10,2,Lin,1-8ol,"Lin, 1-8ol",0.8043600067482245,['megamat0']
870,megamat17,2022-10-10,2,Lin,2-but,"Lin, 2-but",0.886579725776358,['megamat0']
871,megamat17,2022-10-10,2,Lin,2h,"Lin, 2h",0.7886422607195231,['megamat0']
872,megamat17,2022-10-10,2,Lin,6al,"Lin, 6al",1.02372672355,['megamat0']
873,megamat17,2022-10-10,2,Lin,B-cit,"Lin, B-cit",0.6692797343712767,['megamat0']
874,megamat17,2022-10-10,2,Lin,IaA,"Lin, IaA",0.8533907228350692,['megamat0']
875,megamat17,2022-10-10,2,Lin,Lin,"Lin, Lin",0.0,['megamat0']
876,megamat17,2022-10-10,2,Lin,aa,"Lin, aa",0.8739659263495705,['megamat0']
877,megamat17,2022-10-10,2,Lin,benz,"Lin, benz",0.961445291836803,['megamat0']
878,megamat17,2022-10-10,2,Lin,eb,"Lin, eb",1.0064208734238542,['megamat0']
879,megamat17,2022-10-10,2,Lin,ep,"Lin, ep",1.001280603023843,['megamat0']
880,megamat17,2022-10-10,2,Lin,ms,"Lin, ms",0.8927682303880559,['megamat0']
881,megamat17,2022-10-10,2,Lin,pa,"Lin, pa",0.9766804328636198,['megamat0']
882,megamat17,2022-10-10,2,Lin,t2h,"Lin, t2h",0.9801278171560251,['megamat0']
883,megamat17,2022-10-10,2,Lin,va,"Lin, va",0.9390553206497972,['megamat0']
884,megamat17,2022-10-10,2,aa,1-5ol,"aa, 1-5ol",1.0559667899337846,['megamat0']
885,megamat17,2022-10-10,2,aa,1-6ol,"aa, 1-6ol",1.0612510356036358,['megamat0']
886,megamat17,2022-10-10,2,aa,1-8ol,"aa, 1-8ol",1.0139874671026663,['megamat0']
887,megamat17,2022-10-10,2,aa,2-but,"aa, 2-but",0.9878030118237426,['megamat0']
888,megamat17,2022-10-10,2,aa,2h,"aa, 2h",0.8852992743849799,['megamat0']
889,megamat17,2022-10-10,2,aa,6al,"aa, 6al",0.8745179480617177,['megamat0']
890,megamat17,2022-10-10,2,aa,B-cit,"aa, B-cit",0.8232538136500029,['megamat0']
891,megamat17,2022-10-10,2,aa,IaA,"aa, IaA",1.0939345530612092,['megamat0']
892,megamat17,2022-10-10,2,aa,Lin,"aa, Lin",0.8739659263495705,['megamat0']
893,megamat17,2022-10-10,2,aa,aa,"aa, aa",0.0,['megamat0']
894,megamat17,2022-10-10,2,aa,benz,"aa, benz",0.9886226118693676,['megamat0']
895,megamat17,2022-10-10,2,aa,eb,"aa, eb",1.1102349167386396,['megamat0']
896,megamat17,2022-10-10,2,aa,ep,"aa, ep",1.1355488226616737,['megamat0']
897,megamat17,2022-10-10,2,aa,ms,"aa, ms",0.9680468616684156,['megamat0']
898,megamat17,2022-10-10,2,aa,pa,"aa, pa",1.0964774651132352,['megamat0']
899,megamat17,2022-10-10,2,aa,t2h,"aa, t2h",0.9655648400504228,['megamat0']
900,megamat17,2022-10-10,2,aa,va,"aa, va",0.889162908141796,['megamat0']
901,megamat17,2022-10-10,2,benz,1-5ol,"benz, 1-5ol",0.789416745970668,['megamat0']
902,megamat17,2022-10-10,2,benz,1-6ol,"benz, 1-6ol",0.8588885803573765,['megamat0']
903,megamat17,2022-10-10,2,benz,1-8ol,"benz, 1-8ol",0.9535394372976632,['megamat0']
904,megamat17,2022-10-10,2,benz,2-but,"benz, 2-but",1.0463558915060522,['megamat0']
905,megamat17,2022-10-10,2,benz,2h,"benz, 2h",0.8780510209247827,['megamat0']
906,megamat17,2022-10-10,2,benz,6al,"benz, 6al",0.74852074296252,['megamat0']
907,megamat17,2022-10-10,2,benz,B-cit,"benz, B-cit",0.9812821415674876,['megamat0']
908,megamat17,2022-10-10,2,benz,IaA,"benz, IaA",0.9841701011477544,['megamat0']
909,megamat17,2022-10-10,2,benz,Lin,"benz, Lin",0.961445291836803,['megamat0']
910,megamat17,2022-10-10,2,benz,aa,"benz, aa",0.9886226118693676,['megamat0']
911,megamat17,2022-10-10,2,benz,benz,"benz, benz",0.0,['megamat0']
912,megamat17,2022-10-10,2,benz,eb,"benz, eb",1.007705616257915,['megamat0']
913,megamat17,2022-10-10,2,benz,ep,"benz, ep",1.0765448657950365,['megamat0']
914,megamat17,2022-10-10,2,benz,ms,"benz, ms",0.6746228085896753,['megamat0']
915,megamat17,2022-10-10,2,benz,pa,"benz, pa",0.9901335132855862,['megamat0']
916,megamat17,2022-10-10,2,benz,t2h,"benz, t2h",0.8159752466892608,['megamat0']
917,megamat17,2022-10-10,2,benz,va,"benz, va",0.9368983784270042,['megamat0']
918,megamat17,2022-10-10,2,eb,1-5ol,"eb, 1-5ol",0.9890920652845412,['megamat0']
919,megamat17,2022-10-10,2,eb,1-6ol,"eb, 1-6ol",1.0456172232777483,['megamat0']
920,megamat17,2022-10-10,2,eb,1-8ol,"eb, 1-8ol",0.9860688380827376,['megamat0']
921,megamat17,2022-10-10,2,eb,2-but,"eb, 2-but",0.8557647587833808,['megamat0']
922,megamat17,2022-10-10,2,eb,2h,"eb, 2h",0.9706556703298324,['megamat0']
923,megamat17,2022-10-10,2,eb,6al,"eb, 6al",0.9771595332012962,['megamat0']
924,megamat17,2022-10-10,2,eb,B-cit,"eb, B-cit",0.9531174451832176,['megamat0']
925,megamat17,2022-10-10,2,eb,IaA,"eb, IaA",0.930706471587576,['megamat0']
926,megamat17,2022-10-10,2,eb,Lin,"eb, Lin",1.0064208734238542,['megamat0']
927,megamat17,2022-10-10,2,eb,aa,"eb, aa",1.1102349167386396,['megamat0']
928,megamat17,2022-10-10,2,eb,benz,"eb, benz",1.007705616257915,['megamat0']
929,megamat17,2022-10-10,2,eb,eb,"eb, eb",0.0,['megamat0']
930,megamat17,2022-10-10,2,eb,ep,"eb, ep",0.3802825272783562,['megamat0']
931,megamat17,2022-10-10,2,eb,ms,"eb, ms",1.0301699300727971,['megamat0']
932,megamat17,2022-10-10,2,eb,pa,"eb, pa",0.9740781661750966,['megamat0']
933,megamat17,2022-10-10,2,eb,t2h,"eb, t2h",1.04065939582932,['megamat0']
934,megamat17,2022-10-10,2,eb,va,"eb, va",0.8745406446373998,['megamat0']
935,megamat17,2022-10-10,2,ep,1-5ol,"ep, 1-5ol",0.98016273984319,['megamat0']
936,megamat17,2022-10-10,2,ep,1-6ol,"ep, 1-6ol",1.0512479983587188,['megamat0']
937,megamat17,2022-10-10,2,ep,1-8ol,"ep, 1-8ol",0.953025371041498,['megamat0']
938,megamat17,2022-10-10,2,ep,2-but,"ep, 2-but",0.5094605722962603,['megamat0']
939,megamat17,2022-10-10,2,ep,2h,"ep, 2h",1.0690379000780088,['megamat0']
940,megamat17,2022-10-10,2,ep,6al,"ep, 6al",1.0346517109837352,['megamat0']
941,megamat17,2022-10-10,2,ep,B-cit,"ep, B-cit",0.8907746859265071,['megamat0']
942,megamat17,2022-10-10,2,ep,IaA,"ep, IaA",0.998558536151976,['megamat0']
943,megamat17,2022-10-10,2,ep,Lin,"ep, Lin",1.001280603023843,['megamat0']
944,megamat17,2022-10-10,2,ep,aa,"ep, aa",1.1355488226616737,['megamat0']
945,megamat17,2022-10-10,2,ep,benz,"ep, benz",1.0765448657950365,['megamat0']
946,megamat17,2022-10-10,2,ep,eb,"ep, eb",0.3802825272783562,['megamat0']
947,megamat17,2022-10-10,2,ep,ep,"ep, ep",0.0,['megamat0']
948,megamat17,2022-10-10,2,ep,ms,"ep, ms",1.1064474337626724,['megamat0']
949,megamat17,2022-10-10,2,ep,pa,"ep, pa",1.0585391610841277,['megamat0']
950,megamat17,2022-10-10,2,ep,t2h,"ep, t2h",1.109172526849834,['megamat0']
951,megamat17,2022-10-10,2,ep,va,"ep, va",0.9802693069215068,['megamat0']
952,megamat17,2022-10-10,2,ms,1-5ol,"ms, 1-5ol",1.0392703374375072,['megamat0']
953,megamat17,2022-10-10,2,ms,1-6ol,"ms, 1-6ol",1.040684371258261,['megamat0']
954,megamat17,2022-10-10,2,ms,1-8ol,"ms, 1-8ol",0.9542134925848345,['megamat0']
955,megamat17,2022-10-10,2,ms,2-but,"ms, 2-but",1.0101576899966238,['megamat0']
956,megamat17,2022-10-10,2,ms,2h,"ms, 2h",1.013030010078032,['megamat0']
957,megamat17,2022-10-10,2,ms,6al,"ms, 6al",1.0544959688826931,['megamat0']
958,megamat17,2022-10-10,2,ms,B-cit,"ms, B-cit",0.84682152310495,['megamat0']
959,megamat17,2022-10-10,2,ms,IaA,"ms, IaA",0.9858339503701508,['megamat0']
960,megamat17,2022-10-10,2,ms,Lin,"ms, Lin",0.8927682303880559,['megamat0']
961,megamat17,2022-10-10,2,ms,aa,"ms, aa",0.9680468616684156,['megamat0']
962,megamat17,2022-10-10,2,ms,benz,"ms, benz",0.6746228085896753,['megamat0']
963,megamat17,2022-10-10,2,ms,eb,"ms, eb",1.0301699300727971,['megamat0']
964,megamat17,2022-10-10,2,ms,ep,"ms, ep",1.1064474337626724,['megamat0']
965,megamat17,2022-10-10,2,ms,ms,"ms, ms",0.0,['megamat0']
966,megamat17,2022-10-10,2,ms,pa,"ms, pa",1.0606356208887393,['megamat0']
967,megamat17,2022-10-10,2,ms,t2h,"ms, t2h",1.0723012612983898,['megamat0']
968,megamat17,2022-10-10,2,ms,va,"ms, va",0.9335911484516828,['megamat0']
969,megamat17,2022-10-10,2,pa,1-5ol,"pa, 1-5ol",1.0359977769382165,['megamat0']
970,megamat17,2022-10-10,2,pa,1-6ol,"pa, 1-6ol",0.9723637247649876,['megamat0']
971,megamat17,2022-10-10,2,pa,1-8ol,"pa, 1-8ol",1.0096253359996483,['megamat0']
972,megamat17,2022-10-10,2,pa,2-but,"pa, 2-but",1.116511534544559,['megamat0']
973,megamat17,2022-10-10,2,pa,2h,"pa, 2h",0.5089586976735705,['megamat0']
974,megamat17,2022-10-10,2,pa,6al,"pa, 6al",1.0480640494722429,['megamat0']
975,megamat17,2022-10-10,2,pa,B-cit,"pa, B-cit",1.0316721452109836,['megamat0']
976,megamat17,2022-10-10,2,pa,IaA,"pa, IaA",0.4045816142334546,['megamat0']
977,megamat17,2022-10-10,2,pa,Lin,"pa, Lin",0.9766804328636198,['megamat0']
978,megamat17,2022-10-10,2,pa,aa,"pa, aa",1.0964774651132352,['megamat0']
979,megamat17,2022-10-10,2,pa,benz,"pa, benz",0.9901335132855862,['megamat0']
980,megamat17,2022-10-10,2,pa,eb,"pa, eb",0.9740781661750966,['megamat0']
981,megamat17,2022-10-10,2,pa,ep,"pa, ep",1.0585391610841277,['megamat0']
982,megamat17,2022-10-10,2,pa,ms,"pa, ms",1.0606356208887393,['megamat0']
983,megamat17,2022-10-10,2,pa,pa,"pa, pa",0.0,['megamat0']
984,megamat17,2022-10-10,2,pa,t2h,"pa, t2h",0.9696842968480875,['megamat0']
985,megamat17,2022-10-10,2,pa,va,"pa, va",1.015873534930226,['megamat0']
986,megamat17,2022-10-10,2,t2h,1-5ol,"t2h, 1-5ol",0.7281841704184651,['megamat0']
987,megamat17,2022-10-10,2,t2h,1-6ol,"t2h, 1-6ol",0.7192130460482016,['megamat0']
988,megamat17,2022-10-10,2,t2h,1-8ol,"t2h, 1-8ol",0.7912479437643841,['megamat0']
989,megamat17,2022-10-10,2,t2h,2-but,"t2h, 2-but",0.9984551438883488,['megamat0']
990,megamat17,2022-10-10,2,t2h,2h,"t2h, 2h",0.8764127034639904,['megamat0']
991,megamat17,2022-10-10,2,t2h,6al,"t2h, 6al",0.478556686773635,['megamat0']
992,megamat17,2022-10-10,2,t2h,B-cit,"t2h, B-cit",0.9427603684622908,['megamat0']
993,megamat17,2022-10-10,2,t2h,IaA,"t2h, IaA",1.1084783858142189,['megamat0']
994,megamat17,2022-10-10,2,t2h,Lin,"t2h, Lin",0.9801278171560251,['megamat0']
995,megamat17,2022-10-10,2,t2h,aa,"t2h, aa",0.9655648400504228,['megamat0']
996,megamat17,2022-10-10,2,t2h,benz,"t2h, benz",0.8159752466892608,['megamat0']
997,megamat17,2022-10-10,2,t2h,eb,"t2h, eb",1.04065939582932,['megamat0']
998,megamat17,2022-10-10,2,t2h,ep,"t2h, ep",1.109172526849834,['megamat0']
999,megamat17,2022-10-10,2,t2h,ms,"t2h, ms",1.0723012612983898,['megamat0']
1000,megamat17,2022-10-10,2,t2h,pa,"t2h, pa",0.9696842968480875,['megamat0']
1001,megamat17,2022-10-10,2,t2h,t2h,"t2h, t2h",0.0,['megamat0']
1002,megamat17,2022-10-10,2,t2h,va,"t2h, va",0.7107918060888504,['megamat0']
1003,megamat17,2022-10-10,2,va,1-5ol,"va, 1-5ol",1.0509381160056248,['megamat0']
1004,megamat17,2022-10-10,2,va,1-6ol,"va, 1-6ol",1.060903294885052,['megamat0']
1005,megamat17,2022-10-10,2,va,1-8ol,"va, 1-8ol",0.9923003243960572,['megamat0']
1006,megamat17,2022-10-10,2,va,2-but,"va, 2-but",0.8968028505420189,['megamat0']
1007,megamat17,2022-10-10,2,va,2h,"va, 2h",0.8975049360084426,['megamat0']
1008,megamat17,2022-10-10,2,va,6al,"va, 6al",0.8170282976145502,['megamat0']
1009,megamat17,2022-10-10,2,va,B-cit,"va, B-cit",0.9139378730829288,['megamat0']
1010,megamat17,2022-10-10,2,va,IaA,"va, IaA",1.0888521989377915,['megamat0']
1011,megamat17,2022-10-10,2,va,Lin,"va, Lin",0.9390553206497972,['megamat0']
1012,megamat17,2022-10-10,2,va,aa,"va, aa",0.889162908141796,['megamat0']
1013,megamat17,2022-10-10,2,va,benz,"va, benz",0.9368983784270042,['megamat0']
1014,megamat17,2022-10-10,2,va,eb,"va, eb",0.8745406446373998,['megamat0']
1015,megamat17,2022-10-10,2,va,ep,"va, ep",0.9802693069215068,['megamat0']
1016,megamat17,2022-10-10,2,va,ms,"va, ms",0.9335911484516828,['megamat0']
1017,megamat17,2022-10-10,2,va,pa,"va, pa",1.015873534930226,['megamat0']
1018,megamat17,2022-10-10,2,va,t2h,"va, t2h",0.7107918060888504,['megamat0']
1019,megamat17,2022-10-10,2,va,va,"va, va",0.0,['megamat0']
1020,megamat17,2022-10-11,1,1-5ol,1-5ol,"1-5ol, 1-5ol",0.0,['megamat0']
1021,megamat17,2022-10-11,1,1-5ol,1-6ol,"1-5ol, 1-6ol",0.3967989009814112,['megamat0']
1022,megamat17,2022-10-11,1,1-5ol,1-8ol,"1-5ol, 1-8ol",0.609058172643949,['megamat0']
1023,megamat17,2022-10-11,1,1-5ol,2-but,"1-5ol, 2-but",0.8802752143561707,['megamat0']
1024,megamat17,2022-10-11,1,1-5ol,2h,"1-5ol, 2h",0.9789260490069056,['megamat0']
1025,megamat17,2022-10-11,1,1-5ol,6al,"1-5ol, 6al",0.5874999589764217,['megamat0']
1026,megamat17,2022-10-11,1,1-5ol,B-cit,"1-5ol, B-cit",0.9410106792570254,['megamat0']
1027,megamat17,2022-10-11,1,1-5ol,IaA,"1-5ol, IaA",0.961954732364046,['megamat0']
1028,megamat17,2022-10-11,1,1-5ol,Lin,"1-5ol, Lin",1.106584140929234,['megamat0']
1029,megamat17,2022-10-11,1,1-5ol,aa,"1-5ol, aa",1.1397373746028976,['megamat0']
1030,megamat17,2022-10-11,1,1-5ol,benz,"1-5ol, benz",0.8454145912457762,['megamat0']
1031,megamat17,2022-10-11,1,1-5ol,eb,"1-5ol, eb",0.7193852428161678,['megamat0']
1032,megamat17,2022-10-11,1,1-5ol,ep,"1-5ol, ep",0.7800225285146039,['megamat0']
1033,megamat17,2022-10-11,1,1-5ol,ms,"1-5ol, ms",1.0238942961526334,['megamat0']
1034,megamat17,2022-10-11,1,1-5ol,pa,"1-5ol, pa",0.897881408713477,['megamat0']
1035,megamat17,2022-10-11,1,1-5ol,t2h,"1-5ol, t2h",0.6451272816708813,['megamat0']
1036,megamat17,2022-10-11,1,1-5ol,va,"1-5ol, va",1.119807965775082,['megamat0']
1037,megamat17,2022-10-11,1,1-6ol,1-5ol,"1-6ol, 1-5ol",0.3967989009814112,['megamat0']
1038,megamat17,2022-10-11,1,1-6ol,1-6ol,"1-6ol, 1-6ol",0.0,['megamat0']
1039,megamat17,2022-10-11,1,1-6ol,1-8ol,"1-6ol, 1-8ol",0.5361204694061625,['megamat0']
1040,megamat17,2022-10-11,1,1-6ol,2-but,"1-6ol, 2-but",0.9258735987017664,['megamat0']
1041,megamat17,2022-10-11,1,1-6ol,2h,"1-6ol, 2h",0.8572057219530808,['megamat0']
1042,megamat17,2022-10-11,1,1-6ol,6al,"1-6ol, 6al",0.7007537132941444,['megamat0']
1043,megamat17,2022-10-11,1,1-6ol,B-cit,"1-6ol, B-cit",0.8425887932516414,['megamat0']
1044,megamat17,2022-10-11,1,1-6ol,IaA,"1-6ol, IaA",0.9980973344455611,['megamat0']
1045,megamat17,2022-10-11,1,1-6ol,Lin,"1-6ol, Lin",0.8910032472433439,['megamat0']
1046,megamat17,2022-10-11,1,1-6ol,aa,"1-6ol, aa",1.2005052110550605,['megamat0']
1047,megamat17,2022-10-11,1,1-6ol,benz,"1-6ol, benz",0.8674090871953982,['megamat0']
1048,megamat17,2022-10-11,1,1-6ol,eb,"1-6ol, eb",0.8786100865088908,['megamat0']
1049,megamat17,2022-10-11,1,1-6ol,ep,"1-6ol, ep",0.8403370264818427,['megamat0']
1050,megamat17,2022-10-11,1,1-6ol,ms,"1-6ol, ms",1.09086185143793,['megamat0']
1051,megamat17,2022-10-11,1,1-6ol,pa,"1-6ol, pa",0.8060271027158092,['megamat0']
1052,megamat17,2022-10-11,1,1-6ol,t2h,"1-6ol, t2h",0.7857772910106207,['megamat0']
1053,megamat17,2022-10-11,1,1-6ol,va,"1-6ol, va",1.1298818478794983,['megamat0']
1054,megamat17,2022-10-11,1,1-8ol,1-5ol,"1-8ol, 1-5ol",0.609058172643949,['megamat0']
1055,megamat17,2022-10-11,1,1-8ol,1-6ol,"1-8ol, 1-6ol",0.5361204694061625,['megamat0']
1056,megamat17,2022-10-11,1,1-8ol,1-8ol,"1-8ol, 1-8ol",0.0,['megamat0']
1057,megamat17,2022-10-11,1,1-8ol,2-but,"1-8ol, 2-but",0.9111836059948756,['megamat0']
1058,megamat17,2022-10-11,1,1-8ol,2h,"1-8ol, 2h",1.0224491008617962,['megamat0']
1059,megamat17,2022-10-11,1,1-8ol,6al,"1-8ol, 6al",0.706899602897756,['megamat0']
1060,megamat17,2022-10-11,1,1-8ol,B-cit,"1-8ol, B-cit",0.4885642790338744,['megamat0']
1061,megamat17,2022-10-11,1,1-8ol,IaA,"1-8ol, IaA",1.096450803452798,['megamat0']
1062,megamat17,2022-10-11,1,1-8ol,Lin,"1-8ol, Lin",0.7605301303957103,['megamat0']
1063,megamat17,2022-10-11,1,1-8ol,aa,"1-8ol, aa",0.9754964075788476,['megamat0']
1064,megamat17,2022-10-11,1,1-8ol,benz,"1-8ol, benz",1.0180111471274638,['megamat0']
1065,megamat17,2022-10-11,1,1-8ol,eb,"1-8ol, eb",0.8895436131251755,['megamat0']
1066,megamat17,2022-10-11,1,1-8ol,ep,"1-8ol, ep",0.893140268150648,['megamat0']
1067,megamat17,2022-10-11,1,1-8ol,ms,"1-8ol, ms",0.9996668291387568,['megamat0']
1068,megamat17,2022-10-11,1,1-8ol,pa,"1-8ol, pa",1.008093889005106,['megamat0']
1069,megamat17,2022-10-11,1,1-8ol,t2h,"1-8ol, t2h",0.8256624992113847,['megamat0']
1070,megamat17,2022-10-11,1,1-8ol,va,"1-8ol, va",1.0299163411228358,['megamat0']
1071,megamat17,2022-10-11,1,2-but,1-5ol,"2-but, 1-5ol",0.8802752143561707,['megamat0']
1072,megamat17,2022-10-11,1,2-but,1-6ol,"2-but, 1-6ol",0.9258735987017664,['megamat0']
1073,megamat17,2022-10-11,1,2-but,1-8ol,"2-but, 1-8ol",0.9111836059948756,['megamat0']
1074,megamat17,2022-10-11,1,2-but,2-but,"2-but, 2-but",0.0,['megamat0']
1075,megamat17,2022-10-11,1,2-but,2h,"2-but, 2h",0.951255125741907,['megamat0']
1076,megamat17,2022-10-11,1,2-but,6al,"2-but, 6al",1.0368005479073743,['megamat0']
1077,megamat17,2022-10-11,1,2-but,B-cit,"2-but, B-cit",0.9403307736972356,['megamat0']
1078,megamat17,2022-10-11,1,2-but,IaA,"2-but, IaA",0.9740965881979988,['megamat0']
1079,megamat17,2022-10-11,1,2-but,Lin,"2-but, Lin",1.1091487918266103,['megamat0']
1080,megamat17,2022-10-11,1,2-but,aa,"2-but, aa",0.9334094522428572,['megamat0']
1081,megamat17,2022-10-11,1,2-but,benz,"2-but, benz",1.1137837247928697,['megamat0']
1082,megamat17,2022-10-11,1,2-but,eb,"2-but, eb",0.5534250774992365,['megamat0']
1083,megamat17,2022-10-11,1,2-but,ep,"2-but, ep",0.3443163552452774,['megamat0']
1084,megamat17,2022-10-11,1,2-but,ms,"2-but, ms",0.8424100437156611,['megamat0']
1085,megamat17,2022-10-11,1,2-but,pa,"2-but, pa",1.0887282912908594,['megamat0']
1086,megamat17,2022-10-11,1,2-but,t2h,"2-but, t2h",1.1111238757493849,['megamat0']
1087,megamat17,2022-10-11,1,2-but,va,"2-but, va",1.0321295088002107,['megamat0']
1088,megamat17,2022-10-11,1,2h,1-5ol,"2h, 1-5ol",0.9789260490069056,['megamat0']
1089,megamat17,2022-10-11,1,2h,1-6ol,"2h, 1-6ol",0.8572057219530808,['megamat0']
1090,megamat17,2022-10-11,1,2h,1-8ol,"2h, 1-8ol",1.0224491008617962,['megamat0']
1091,megamat17,2022-10-11,1,2h,2-but,"2h, 2-but",0.951255125741907,['megamat0']
1092,megamat17,2022-10-11,1,2h,2h,"2h, 2h",0.0,['megamat0']
1093,megamat17,2022-10-11,1,2h,6al,"2h, 6al",0.9625522830323724,['megamat0']
1094,megamat17,2022-10-11,1,2h,B-cit,"2h, B-cit",0.9379275853696496,['megamat0']
1095,megamat17,2022-10-11,1,2h,IaA,"2h, IaA",0.4151231624807984,['megamat0']
1096,megamat17,2022-10-11,1,2h,Lin,"2h, Lin",0.7981089212721397,['megamat0']
1097,megamat17,2022-10-11,1,2h,aa,"2h, aa",0.9326416091603866,['megamat0']
1098,megamat17,2022-10-11,1,2h,benz,"2h, benz",1.0194379824257664,['megamat0']
1099,megamat17,2022-10-11,1,2h,eb,"2h, eb",0.8106922568224645,['megamat0']
1100,megamat17,2022-10-11,1,2h,ep,"2h, ep",0.9257867787443516,['megamat0']
1101,megamat17,2022-10-11,1,2h,ms,"2h, ms",1.0740437656292037,['megamat0']
1102,megamat17,2022-10-11,1,2h,pa,"2h, pa",0.3871015762428995,['megamat0']
1103,megamat17,2022-10-11,1,2h,t2h,"2h, t2h",1.0507263821314243,['megamat0']
1104,megamat17,2022-10-11,1,2h,va,"2h, va",0.9488830962536272,['megamat0']
1105,megamat17,2022-10-11,1,6al,1-5ol,"6al, 1-5ol",0.5874999589764217,['megamat0']
1106,megamat17,2022-10-11,1,6al,1-6ol,"6al, 1-6ol",0.7007537132941444,['megamat0']
1107,megamat17,2022-10-11,1,6al,1-8ol,"6al, 1-8ol",0.706899602897756,['megamat0']
1108,megamat17,2022-10-11,1,6al,2-but,"6al, 2-but",1.0368005479073743,['megamat0']
1109,megamat17,2022-10-11,1,6al,2h,"6al, 2h",0.9625522830323724,['megamat0']
1110,megamat17,2022-10-11,1,6al,6al,"6al, 6al",0.0,['megamat0']
1111,megamat17,2022-10-11,1,6al,B-cit,"6al, B-cit",0.8120436415136276,['megamat0']
1112,megamat17,2022-10-11,1,6al,IaA,"6al, IaA",1.0912212354367845,['megamat0']
1113,megamat17,2022-10-11,1,6al,Lin,"6al, Lin",1.0727606186754404,['megamat0']
1114,megamat17,2022-10-11,1,6al,aa,"6al, aa",0.8471383739288714,['megamat0']
1115,megamat17,2022-10-11,1,6al,benz,"6al, benz",0.8799043768487128,['megamat0']
1116,megamat17,2022-10-11,1,6al,eb,"6al, eb",1.031682989553739,['megamat0']
1117,megamat17,2022-10-11,1,6al,ep,"6al, ep",1.0708437272739315,['megamat0']
1118,megamat17,2022-10-11,1,6al,ms,"6al, ms",1.1344123987801982,['megamat0']
1119,megamat17,2022-10-11,1,6al,pa,"6al, pa",1.0420934358739282,['megamat0']
1120,megamat17,2022-10-11,1,6al,t2h,"6al, t2h",0.3518445933992081,['megamat0']
1121,megamat17,2022-10-11,1,6al,va,"6al, va",0.8354401449238382,['megamat0']
1122,megamat17,2022-10-11,1,B-cit,1-5ol,"B-cit, 1-5ol",0.9410106792570254,['megamat0']
1123,megamat17,2022-10-11,1,B-cit,1-6ol,"B-cit, 1-6ol",0.8425887932516414,['megamat0']
1124,megamat17,2022-10-11,1,B-cit,1-8ol,"B-cit, 1-8ol",0.4885642790338744,['megamat0']
1125,megamat17,2022-10-11,1,B-cit,2-but,"B-cit, 2-but",0.9403307736972356,['megamat0']
1126,megamat17,2022-10-11,1,B-cit,2h,"B-cit, 2h",0.9379275853696496,['megamat0']
1127,megamat17,2022-10-11,1,B-cit,6al,"B-cit, 6al",0.8120436415136276,['megamat0']
1128,megamat17,2022-10-11,1,B-cit,B-cit,"B-cit, B-cit",0.0,['megamat0']
1129,megamat17,2022-10-11,1,B-cit,IaA,"B-cit, IaA",1.0496107102446988,['megamat0']
1130,megamat17,2022-10-11,1,B-cit,Lin,"B-cit, Lin",0.7319886271055395,['megamat0']
1131,megamat17,2022-10-11,1,B-cit,aa,"B-cit, aa",0.7300537483487062,['megamat0']
1132,megamat17,2022-10-11,1,B-cit,benz,"B-cit, benz",1.0678542109415503,['megamat0']
1133,megamat17,2022-10-11,1,B-cit,eb,"B-cit, eb",0.9426003341411102,['megamat0']
1134,megamat17,2022-10-11,1,B-cit,ep,"B-cit, ep",0.9570792881633364,['megamat0']
1135,megamat17,2022-10-11,1,B-cit,ms,"B-cit, ms",0.9769520158213147,['megamat0']
1136,megamat17,2022-10-11,1,B-cit,pa,"B-cit, pa",1.0383948709655615,['megamat0']
1137,megamat17,2022-10-11,1,B-cit,t2h,"B-cit, t2h",0.9957978022463396,['megamat0']
1138,megamat17,2022-10-11,1,B-cit,va,"B-cit, va",0.948171670901331,['megamat0']
1139,megamat17,2022-10-11,1,IaA,1-5ol,"IaA, 1-5ol",0.961954732364046,['megamat0']
1140,megamat17,2022-10-11,1,IaA,1-6ol,"IaA, 1-6ol",0.9980973344455611,['megamat0']
1141,megamat17,2022-10-11,1,IaA,1-8ol,"IaA, 1-8ol",1.096450803452798,['megamat0']
1142,megamat17,2022-10-11,1,IaA,2-but,"IaA, 2-but",0.9740965881979988,['megamat0']
1143,megamat17,2022-10-11,1,IaA,2h,"IaA, 2h",0.4151231624807984,['megamat0']
1144,megamat17,2022-10-11,1,IaA,6al,"IaA, 6al",1.0912212354367845,['megamat0']
1145,megamat17,2022-10-11,1,IaA,B-cit,"IaA, B-cit",1.0496107102446988,['megamat0']
1146,megamat17,2022-10-11,1,IaA,IaA,"IaA, IaA",0.0,['megamat0']
1147,megamat17,2022-10-11,1,IaA,Lin,"IaA, Lin",0.9569366729243348,['megamat0']
1148,megamat17,2022-10-11,1,IaA,aa,"IaA, aa",1.1080793124555444,['megamat0']
1149,megamat17,2022-10-11,1,IaA,benz,"IaA, benz",1.0875906017083947,['megamat0']
1150,megamat17,2022-10-11,1,IaA,eb,"IaA, eb",0.663816984520871,['megamat0']
1151,megamat17,2022-10-11,1,IaA,ep,"IaA, ep",0.8178245225859766,['megamat0']
1152,megamat17,2022-10-11,1,IaA,ms,"IaA, ms",1.0460072087190917,['megamat0']
1153,megamat17,2022-10-11,1,IaA,pa,"IaA, pa",0.2495511664496813,['megamat0']
1154,megamat17,2022-10-11,1,IaA,t2h,"IaA, t2h",1.184185601019743,['megamat0']
1155,megamat17,2022-10-11,1,IaA,va,"IaA, va",1.1220185267762144,['megamat0']
1156,megamat17,2022-10-11,1,Lin,1-5ol,"Lin, 1-5ol",1.106584140929234,['megamat0']
1157,megamat17,2022-10-11,1,Lin,1-6ol,"Lin, 1-6ol",0.8910032472433439,['megamat0']
1158,megamat17,2022-10-11,1,Lin,1-8ol,"Lin, 1-8ol",0.7605301303957103,['megamat0']
1159,megamat17,2022-10-11,1,Lin,2-but,"Lin, 2-but",1.1091487918266103,['megamat0']
1160,megamat17,2022-10-11,1,Lin,2h,"Lin, 2h",0.7981089212721397,['megamat0']
1161,megamat17,2022-10-11,1,Lin,6al,"Lin, 6al",1.0727606186754404,['megamat0']
1162,megamat17,2022-10-11,1,Lin,B-cit,"Lin, B-cit",0.7319886271055395,['megamat0']
1163,megamat17,2022-10-11,1,Lin,IaA,"Lin, IaA",0.9569366729243348,['megamat0']
1164,megamat17,2022-10-11,1,Lin,Lin,"Lin, Lin",0.0,['megamat0']
1165,megamat17,2022-10-11,1,Lin,aa,"Lin, aa",0.9455874838357406,['megamat0']
1166,megamat17,2022-10-11,1,Lin,benz,"Lin, benz",0.9836285402337936,['megamat0']
1167,megamat17,2022-10-11,1,Lin,eb,"Lin, eb",1.0511517999312443,['megamat0']
1168,megamat17,2022-10-11,1,Lin,ep,"Lin, ep",1.1347739543875677,['megamat0']
1169,megamat17,2022-10-11,1,Lin,ms,"Lin, ms",1.0416597554069051,['megamat0']
1170,megamat17,2022-10-11,1,Lin,pa,"Lin, pa",0.9031242011436528,['megamat0']
1171,megamat17,2022-10-11,1,Lin,t2h,"Lin, t2h",1.031296353736255,['megamat0']
1172,megamat17,2022-10-11,1,Lin,va,"Lin, va",0.9645830205503418,['megamat0']
1173,megamat17,2022-10-11,1,aa,1-5ol,"aa, 1-5ol",1.1397373746028976,['megamat0']
1174,megamat17,2022-10-11,1,aa,1-6ol,"aa, 1-6ol",1.2005052110550605,['megamat0']
1175,megamat17,2022-10-11,1,aa,1-8ol,"aa, 1-8ol",0.9754964075788476,['megamat0']
1176,megamat17,2022-10-11,1,aa,2-but,"aa, 2-but",0.9334094522428572,['megamat0']
1177,megamat17,2022-10-11,1,aa,2h,"aa, 2h",0.9326416091603866,['megamat0']
1178,megamat17,2022-10-11,1,aa,6al,"aa, 6al",0.8471383739288714,['megamat0']
1179,megamat17,2022-10-11,1,aa,B-cit,"aa, B-cit",0.7300537483487062,['megamat0']
1180,megamat17,2022-10-11,1,aa,IaA,"aa, IaA",1.1080793124555444,['megamat0']
1181,megamat17,2022-10-11,1,aa,Lin,"aa, Lin",0.9455874838357406,['megamat0']
1182,megamat17,2022-10-11,1,aa,aa,"aa, aa",0.0,['megamat0']
1183,megamat17,2022-10-11,1,aa,benz,"aa, benz",1.0860430661273897,['megamat0']
1184,megamat17,2022-10-11,1,aa,eb,"aa, eb",1.0457743783252258,['megamat0']
1185,megamat17,2022-10-11,1,aa,ep,"aa, ep",1.0728196713559444,['megamat0']
1186,megamat17,2022-10-11,1,aa,ms,"aa, ms",1.0301424911007029,['megamat0']
1187,megamat17,2022-10-11,1,aa,pa,"aa, pa",1.1631253143136129,['megamat0']
1188,megamat17,2022-10-11,1,aa,t2h,"aa, t2h",1.0779989485235388,['megamat0']
1189,megamat17,2022-10-11,1,aa,va,"aa, va",0.8437131836512637,['megamat0']
1190,megamat17,2022-10-11,1,benz,1-5ol,"benz, 1-5ol",0.8454145912457762,['megamat0']
1191,megamat17,2022-10-11,1,benz,1-6ol,"benz, 1-6ol",0.8674090871953982,['megamat0']
1192,megamat17,2022-10-11,1,benz,1-8ol,"benz, 1-8ol",1.0180111471274638,['megamat0']
1193,megamat17,2022-10-11,1,benz,2-but,"benz, 2-but",1.1137837247928697,['megamat0']
1194,megamat17,2022-10-11,1,benz,2h,"benz, 2h",1.0194379824257664,['megamat0']
1195,megamat17,2022-10-11,1,benz,6al,"benz, 6al",0.8799043768487128,['megamat0']
1196,megamat17,2022-10-11,1,benz,B-cit,"benz, B-cit",1.0678542109415503,['megamat0']
1197,megamat17,2022-10-11,1,benz,IaA,"benz, IaA",1.0875906017083947,['megamat0']
1198,megamat17,2022-10-11,1,benz,Lin,"benz, Lin",0.9836285402337936,['megamat0']
1199,megamat17,2022-10-11,1,benz,aa,"benz, aa",1.0860430661273897,['megamat0']
1200,megamat17,2022-10-11,1,benz,benz,"benz, benz",0.0,['megamat0']
1201,megamat17,2022-10-11,1,benz,eb,"benz, eb",1.0647817736447205,['megamat0']
1202,megamat17,2022-10-11,1,benz,ep,"benz, ep",1.0555874528172258,['megamat0']
1203,megamat17,2022-10-11,1,benz,ms,"benz, ms",0.8657307519503759,['megamat0']
1204,megamat17,2022-10-11,1,benz,pa,"benz, pa",1.0777897769906846,['megamat0']
1205,megamat17,2022-10-11,1,benz,t2h,"benz, t2h",0.7240428750850509,['megamat0']
1206,megamat17,2022-10-11,1,benz,va,"benz, va",1.0113888351279765,['megamat0']
1207,megamat17,2022-10-11,1,eb,1-5ol,"eb, 1-5ol",0.7193852428161678,['megamat0']
1208,megamat17,2022-10-11,1,eb,1-6ol,"eb, 1-6ol",0.8786100865088908,['megamat0']
1209,megamat17,2022-10-11,1,eb,1-8ol,"eb, 1-8ol",0.8895436131251755,['megamat0']
1210,megamat17,2022-10-11,1,eb,2-but,"eb, 2-but",0.5534250774992365,['megamat0']
1211,megamat17,2022-10-11,1,eb,2h,"eb, 2h",0.8106922568224645,['megamat0']
1212,megamat17,2022-10-11,1,eb,6al,"eb, 6al",1.031682989553739,['megamat0']
1213,megamat17,2022-10-11,1,eb,B-cit,"eb, B-cit",0.9426003341411102,['megamat0']
1214,megamat17,2022-10-11,1,eb,IaA,"eb, IaA",0.663816984520871,['megamat0']
1215,megamat17,2022-10-11,1,eb,Lin,"eb, Lin",1.0511517999312443,['megamat0']
1216,megamat17,2022-10-11,1,eb,aa,"eb, aa",1.0457743783252258,['megamat0']
1217,megamat17,2022-10-11,1,eb,benz,"eb, benz",1.0647817736447205,['megamat0']
1218,megamat17,2022-10-11,1,eb,eb,"eb, eb",0.0,['megamat0']
1219,megamat17,2022-10-11,1,eb,ep,"eb, ep",0.2522962492731284,['megamat0']
1220,megamat17,2022-10-11,1,eb,ms,"eb, ms",0.8508846030499464,['megamat0']
1221,megamat17,2022-10-11,1,eb,pa,"eb, pa",0.7857047294871105,['megamat0']
1222,megamat17,2022-10-11,1,eb,t2h,"eb, t2h",1.0662533622192183,['megamat0']
1223,megamat17,2022-10-11,1,eb,va,"eb, va",1.0366647157893885,['megamat0']
1224,megamat17,2022-10-11,1,ep,1-5ol,"ep, 1-5ol",0.7800225285146039,['megamat0']
1225,megamat17,2022-10-11,1,ep,1-6ol,"ep, 1-6ol",0.8403370264818427,['megamat0']
1226,megamat17,2022-10-11,1,ep,1-8ol,"ep, 1-8ol",0.893140268150648,['megamat0']
1227,megamat17,2022-10-11,1,ep,2-but,"ep, 2-but",0.3443163552452774,['megamat0']
1228,megamat17,2022-10-11,1,ep,2h,"ep, 2h",0.9257867787443516,['megamat0']
1229,megamat17,2022-10-11,1,ep,6al,"ep, 6al",1.0708437272739315,['megamat0']
1230,megamat17,2022-10-11,1,ep,B-cit,"ep, B-cit",0.9570792881633364,['megamat0']
1231,megamat17,2022-10-11,1,ep,IaA,"ep, IaA",0.8178245225859766,['megamat0']
1232,megamat17,2022-10-11,1,ep,Lin,"ep, Lin",1.1347739543875677,['megamat0']
1233,megamat17,2022-10-11,1,ep,aa,"ep, aa",1.0728196713559444,['megamat0']
1234,megamat17,2022-10-11,1,ep,benz,"ep, benz",1.0555874528172258,['megamat0']
1235,megamat17,2022-10-11,1,ep,eb,"ep, eb",0.2522962492731284,['megamat0']
1236,megamat17,2022-10-11,1,ep,ep,"ep, ep",0.0,['megamat0']
1237,megamat17,2022-10-11,1,ep,ms,"ep, ms",0.8545690493968271,['megamat0']
1238,megamat17,2022-10-11,1,ep,pa,"ep, pa",0.9152639643289892,['megamat0']
1239,megamat17,2022-10-11,1,ep,t2h,"ep, t2h",1.1137306807147704,['megamat0']
1240,megamat17,2022-10-11,1,ep,va,"ep, va",1.0718012244167645,['megamat0']
1241,megamat17,2022-10-11,1,ms,1-5ol,"ms, 1-5ol",1.0238942961526334,['megamat0']
1242,megamat17,2022-10-11,1,ms,1-6ol,"ms, 1-6ol",1.09086185143793,['megamat0']
1243,megamat17,2022-10-11,1,ms,1-8ol,"ms, 1-8ol",0.9996668291387568,['megamat0']
1244,megamat17,2022-10-11,1,ms,2-but,"ms, 2-but",0.8424100437156611,['megamat0']
1245,megamat17,2022-10-11,1,ms,2h,"ms, 2h",1.0740437656292037,['megamat0']
1246,megamat17,2022-10-11,1,ms,6al,"ms, 6al",1.1344123987801982,['megamat0']
1247,megamat17,2022-10-11,1,ms,B-cit,"ms, B-cit",0.9769520158213147,['megamat0']
1248,megamat17,2022-10-11,1,ms,IaA,"ms, IaA",1.0460072087190917,['megamat0']
1249,megamat17,2022-10-11,1,ms,Lin,"ms, Lin",1.0416597554069051,['megamat0']
1250,megamat17,2022-10-11,1,ms,aa,"ms, aa",1.0301424911007029,['megamat0']
1251,megamat17,2022-10-11,1,ms,benz,"ms, benz",0.8657307519503759,['megamat0']
1252,megamat17,2022-10-11,1,ms,eb,"ms, eb",0.8508846030499464,['megamat0']
1253,megamat17,2022-10-11,1,ms,ep,"ms, ep",0.8545690493968271,['megamat0']
1254,megamat17,2022-10-11,1,ms,ms,"ms, ms",0.0,['megamat0']
1255,megamat17,2022-10-11,1,ms,pa,"ms, pa",1.1068381596112036,['megamat0']
1256,megamat17,2022-10-11,1,ms,t2h,"ms, t2h",1.0825729881702986,['megamat0']
1257,megamat17,2022-10-11,1,ms,va,"ms, va",1.0490089659977533,['megamat0']
1258,megamat17,2022-10-11,1,pa,1-5ol,"pa, 1-5ol",0.897881408713477,['megamat0']
1259,megamat17,2022-10-11,1,pa,1-6ol,"pa, 1-6ol",0.8060271027158092,['megamat0']
1260,megamat17,2022-10-11,1,pa,1-8ol,"pa, 1-8ol",1.008093889005106,['megamat0']
1261,megamat17,2022-10-11,1,pa,2-but,"pa, 2-but",1.0887282912908594,['megamat0']
1262,megamat17,2022-10-11,1,pa,2h,"pa, 2h",0.3871015762428995,['megamat0']
1263,megamat17,2022-10-11,1,pa,6al,"pa, 6al",1.0420934358739282,['megamat0']
1264,megamat17,2022-10-11,1,pa,B-cit,"pa, B-cit",1.0383948709655615,['megamat0']
1265,megamat17,2022-10-11,1,pa,IaA,"pa, IaA",0.2495511664496813,['megamat0']
1266,megamat17,2022-10-11,1,pa,Lin,"pa, Lin",0.9031242011436528,['megamat0']
1267,megamat17,2022-10-11,1,pa,aa,"pa, aa",1.1631253143136129,['megamat0']
1268,megamat17,2022-10-11,1,pa,benz,"pa, benz",1.0777897769906846,['megamat0']
1269,megamat17,2022-10-11,1,pa,eb,"pa, eb",0.7857047294871105,['megamat0']
1270,megamat17,2022-10-11,1,pa,ep,"pa, ep",0.9152639643289892,['megamat0']
1271,megamat17,2022-10-11,1,pa,ms,"pa, ms",1.1068381596112036,['megamat0']
1272,megamat17,2022-10-11,1,pa,pa,"pa, pa",0.0,['megamat0']
1273,megamat17,2022-10-11,1,pa,t2h,"pa, t2h",1.1094511295155454,['megamat0']
1274,megamat17,2022-10-11,1,pa,va,"pa, va",1.1030074558158327,['megamat0']
1275,megamat17,2022-10-11,1,t2h,1-5ol,"t2h, 1-5ol",0.6451272816708813,['megamat0']
1276,megamat17,2022-10-11,1,t2h,1-6ol,"t2h, 1-6ol",0.7857772910106207,['megamat0']
1277,megamat17,2022-10-11,1,t2h,1-8ol,"t2h, 1-8ol",0.8256624992113847,['megamat0']
1278,megamat17,2022-10-11,1,t2h,2-but,"t2h, 2-but",1.1111238757493849,['megamat0']
1279,megamat17,2022-10-11,1,t2h,2h,"t2h, 2h",1.0507263821314243,['megamat0']
1280,megamat17,2022-10-11,1,t2h,6al,"t2h, 6al",0.3518445933992081,['megamat0']
1281,megamat17,2022-10-11,1,t2h,B-cit,"t2h, B-cit",0.9957978022463396,['megamat0']
1282,megamat17,2022-10-11,1,t2h,IaA,"t2h, IaA",1.184185601019743,['megamat0']
1283,megamat17,2022-10-11,1,t2h,Lin,"t2h, Lin",1.031296353736255,['megamat0']
1284,megamat17,2022-10-11,1,t2h,aa,"t2h, aa",1.0779989485235388,['megamat0']
1285,megamat17,2022-10-11,1,t2h,benz,"t2h, benz",0.7240428750850509,['megamat0']
1286,megamat17,2022-10-11,1,t2h,eb,"t2h, eb",1.0662533622192183,['megamat0']
1287,megamat17,2022-10-11,1,t2h,ep,"t2h, ep",1.1137306807147704,['megamat0']
1288,megamat17,2022-10-11,1,t2h,ms,"t2h, ms",1.0825729881702986,['megamat0']
1289,megamat17,2022-10-11,1,t2h,pa,"t2h, pa",1.1094511295155454,['megamat0']
1290,megamat17,2022-10-11,1,t2h,t2h,"t2h, t2h",0.0,['megamat0']
1291,megamat17,2022-10-11,1,t2h,va,"t2h, va",0.7527178059310364,['megamat0']
1292,megamat17,2022-10-11,1,va,1-5ol,"va, 1-5ol",1.119807965775082,['megamat0']
1293,megamat17,2022-10-11,1,va,1-6ol,"va, 1-6ol",1.1298818478794983,['megamat0']
1294,megamat17,2022-10-11,1,va,1-8ol,"va, 1-8ol",1.0299163411228358,['megamat0']
1295,megamat17,2022-10-11,1,va,2-but,"va, 2-but",1.0321295088002107,['megamat0']
1296,megamat17,2022-10-11,1,va,2h,"va, 2h",0.9488830962536272,['megamat0']
1297,megamat17,2022-10-11,1,va,6al,"va, 6al",0.8354401449238382,['megamat0']
1298,megamat17,2022-10-11,1,va,B-cit,"va, B-cit",0.948171670901331,['megamat0']
1299,megamat17,2022-10-11,1,va,IaA,"va, IaA",1.1220185267762144,['megamat0']
1300,megamat17,2022-10-11,1,va,Lin,"va, Lin",0.9645830205503418,['megamat0']
1301,megamat17,2022-10-11,1,va,aa,"va, aa",0.8437131836512637,['megamat0']
1302,megamat17,2022-10-11,1,va,benz,"va, benz",1.0113888351279765,['megamat0']
1303,megamat17,2022-10-11,1,va,eb,"va, eb",1.0366647157893885,['megamat0']
1304,megamat17,2022-10-11,1,va,ep,"va, ep",1.0718012244167645,['megamat0']
1305,megamat17,2022-10-11,1,va,ms,"va, ms",1.0490089659977533,['megamat0']
1306,megamat17,2022-10-11,1,va,pa,"va, pa",1.1030074558158327,['megamat0']
1307,megamat17,2022-10-11,1,va,t2h,"va, t2h",0.7527178059310364,['megamat0']
1308,megamat17,2022-10-11,1,va,va,"va, va",0.0,['megamat0']
1309,megamat17,2022-11-10,1,1-5ol,1-5ol,"1-5ol, 1-5ol",0.0,['megamat0__dsub03']
1310,megamat17,2022-11-10,1,1-5ol,1-6ol,"1-5ol, 1-6ol",0.2862775727651669,['megamat0__dsub03']
1311,megamat17,2022-11-10,1,1-5ol,1-8ol,"1-5ol, 1-8ol",0.505124569611249,['megamat0__dsub03']
1312,megamat17,2022-11-10,1,1-5ol,2-but,"1-5ol, 2-but",0.9957306359220112,['megamat0__dsub03']
1313,megamat17,2022-11-10,1,1-5ol,2h,"1-5ol, 2h",1.0168456090635711,['megamat0__dsub03']
1314,megamat17,2022-11-10,1,1-5ol,6al,"1-5ol, 6al",0.5651006891185493,['megamat0__dsub03']
1315,megamat17,2022-11-10,1,1-5ol,B-cit,"1-5ol, B-cit",1.045771131565861,['megamat0__dsub03']
1316,megamat17,2022-11-10,1,1-5ol,IaA,"1-5ol, IaA",1.0522019051948446,['megamat0__dsub03']
1317,megamat17,2022-11-10,1,1-5ol,Lin,"1-5ol, Lin",1.0311686633149142,['megamat0__dsub03']
1318,megamat17,2022-11-10,1,1-5ol,aa,"1-5ol, aa",1.1452529157968376,['megamat0__dsub03']
1319,megamat17,2022-11-10,1,1-5ol,benz,"1-5ol, benz",0.8552613021507018,['megamat0__dsub03']
1320,megamat17,2022-11-10,1,1-5ol,eb,"1-5ol, eb",0.9407708946340084,['megamat0__dsub03']
1321,megamat17,2022-11-10,1,1-5ol,ep,"1-5ol, ep",0.9017168125865006,['megamat0__dsub03']
1322,megamat17,2022-11-10,1,1-5ol,ms,"1-5ol, ms",1.018260677389327,['megamat0__dsub03']
1323,megamat17,2022-11-10,1,1-5ol,pa,"1-5ol, pa",0.9235350734824916,['megamat0__dsub03']
1324,megamat17,2022-11-10,1,1-5ol,t2h,"1-5ol, t2h",0.6235820540110872,['megamat0__dsub03']
1325,megamat17,2022-11-10,1,1-5ol,va,"1-5ol, va",1.120040534876833,['megamat0__dsub03']
1326,megamat17,2022-11-10,1,1-6ol,1-5ol,"1-6ol, 1-5ol",0.2862775727651669,['megamat0__dsub03']
1327,megamat17,2022-11-10,1,1-6ol,1-6ol,"1-6ol, 1-6ol",0.0,['megamat0__dsub03']
1328,megamat17,2022-11-10,1,1-6ol,1-8ol,"1-6ol, 1-8ol",0.4236376418631423,['megamat0__dsub03']
1329,megamat17,2022-11-10,1,1-6ol,2-but,"1-6ol, 2-but",1.070505367088765,['megamat0__dsub03']
1330,megamat17,2022-11-10,1,1-6ol,2h,"1-6ol, 2h",0.9369850870925556,['megamat0__dsub03']
1331,megamat17,2022-11-10,1,1-6ol,6al,"1-6ol, 6al",0.6288403751019599,['megamat0__dsub03']
1332,megamat17,2022-11-10,1,1-6ol,B-cit,"1-6ol, B-cit",0.9737445996101414,['megamat0__dsub03']
1333,megamat17,2022-11-10,1,1-6ol,IaA,"1-6ol, IaA",1.0703091144063448,['megamat0__dsub03']
1334,megamat17,2022-11-10,1,1-6ol,Lin,"1-6ol, Lin",0.96480721530354,['megamat0__dsub03']
1335,megamat17,2022-11-10,1,1-6ol,aa,"1-6ol, aa",1.1122446093578129,['megamat0__dsub03']
1336,megamat17,2022-11-10,1,1-6ol,benz,"1-6ol, benz",0.9550070512924902,['megamat0__dsub03']
1337,megamat17,2022-11-10,1,1-6ol,eb,"1-6ol, eb",0.9874166890872356,['megamat0__dsub03']
1338,megamat17,2022-11-10,1,1-6ol,ep,"1-6ol, ep",0.9831434142505664,['megamat0__dsub03']
1339,megamat17,2022-11-10,1,1-6ol,ms,"1-6ol, ms",1.010892858904287,['megamat0__dsub03']
1340,megamat17,2022-11-10,1,1-6ol,pa,"1-6ol, pa",0.8391430056388465,['megamat0__dsub03']
1341,megamat17,2022-11-10,1,1-6ol,t2h,"1-6ol, t2h",0.6606987536077757,['megamat0__dsub03']
1342,megamat17,2022-11-10,1,1-6ol,va,"1-6ol, va",1.0897816695416156,['megamat0__dsub03']
1343,megamat17,2022-11-10,1,1-8ol,1-5ol,"1-8ol, 1-5ol",0.505124569611249,['megamat0__dsub03']
1344,megamat17,2022-11-10,1,1-8ol,1-6ol,"1-8ol, 1-6ol",0.4236376418631423,['megamat0__dsub03']
1345,megamat17,2022-11-10,1,1-8ol,1-8ol,"1-8ol, 1-8ol",0.0,['megamat0__dsub03']
1346,megamat17,2022-11-10,1,1-8ol,2-but,"1-8ol, 2-but",0.946816860437972,['megamat0__dsub03']
1347,megamat17,2022-11-10,1,1-8ol,2h,"1-8ol, 2h",0.9469813065311576,['megamat0__dsub03']
1348,megamat17,2022-11-10,1,1-8ol,6al,"1-8ol, 6al",0.6771705940318118,['megamat0__dsub03']
1349,megamat17,2022-11-10,1,1-8ol,B-cit,"1-8ol, B-cit",0.8180262437276091,['megamat0__dsub03']
1350,megamat17,2022-11-10,1,1-8ol,IaA,"1-8ol, IaA",1.0575370825540784,['megamat0__dsub03']
1351,megamat17,2022-11-10,1,1-8ol,Lin,"1-8ol, Lin",0.9041977264637172,['megamat0__dsub03']
1352,megamat17,2022-11-10,1,1-8ol,aa,"1-8ol, aa",1.0452137561033998,['megamat0__dsub03']
1353,megamat17,2022-11-10,1,1-8ol,benz,"1-8ol, benz",0.9789637822698016,['megamat0__dsub03']
1354,megamat17,2022-11-10,1,1-8ol,eb,"1-8ol, eb",0.9008887663374708,['megamat0__dsub03']
1355,megamat17,2022-11-10,1,1-8ol,ep,"1-8ol, ep",0.8567301435453777,['megamat0__dsub03']
1356,megamat17,2022-11-10,1,1-8ol,ms,"1-8ol, ms",0.9980774071447928,['megamat0__dsub03']
1357,megamat17,2022-11-10,1,1-8ol,pa,"1-8ol, pa",0.93248929256916,['megamat0__dsub03']
1358,megamat17,2022-11-10,1,1-8ol,t2h,"1-8ol, t2h",0.7745030551032758,['megamat0__dsub03']
1359,megamat17,2022-11-10,1,1-8ol,va,"1-8ol, va",1.0104660780703605,['megamat0__dsub03']
1360,megamat17,2022-11-10,1,2-but,1-5ol,"2-but, 1-5ol",0.9957306359220112,['megamat0__dsub03']
1361,megamat17,2022-11-10,1,2-but,1-6ol,"2-but, 1-6ol",1.070505367088765,['megamat0__dsub03']
1362,megamat17,2022-11-10,1,2-but,1-8ol,"2-but, 1-8ol",0.946816860437972,['megamat0__dsub03']
1363,megamat17,2022-11-10,1,2-but,2-but,"2-but, 2-but",0.0,['megamat0__dsub03']
1364,megamat17,2022-11-10,1,2-but,2h,"2-but, 2h",0.9690728913246914,['megamat0__dsub03']
1365,megamat17,2022-11-10,1,2-but,6al,"2-but, 6al",0.9888795093406576,['megamat0__dsub03']
1366,megamat17,2022-11-10,1,2-but,B-cit,"2-but, B-cit",0.9053794915273092,['megamat0__dsub03']
1367,megamat17,2022-11-10,1,2-but,IaA,"2-but, IaA",1.1073118435629985,['megamat0__dsub03']
1368,megamat17,2022-11-10,1,2-but,Lin,"2-but, Lin",1.017748786023248,['megamat0__dsub03']
1369,megamat17,2022-11-10,1,2-but,aa,"2-but, aa",0.9167351315534484,['megamat0__dsub03']
1370,megamat17,2022-11-10,1,2-but,benz,"2-but, benz",1.090692236521139,['megamat0__dsub03']
1371,megamat17,2022-11-10,1,2-but,eb,"2-but, eb",0.8830694000425545,['megamat0__dsub03']
1372,megamat17,2022-11-10,1,2-but,ep,"2-but, ep",0.4894650555833719,['megamat0__dsub03']
1373,megamat17,2022-11-10,1,2-but,ms,"2-but, ms",0.9718053362889618,['megamat0__dsub03']
1374,megamat17,2022-11-10,1,2-but,pa,"2-but, pa",1.1047359194203823,['megamat0__dsub03']
1375,megamat17,2022-11-10,1,2-but,t2h,"2-but, t2h",1.011525623903983,['megamat0__dsub03']
1376,megamat17,2022-11-10,1,2-but,va,"2-but, va",1.007094054618156,['megamat0__dsub03']
1377,megamat17,2022-11-10,1,2h,1-5ol,"2h, 1-5ol",1.0168456090635711,['megamat0__dsub03']
1378,megamat17,2022-11-10,1,2h,1-6ol,"2h, 1-6ol",0.9369850870925556,['megamat0__dsub03']
1379,megamat17,2022-11-10,1,2h,1-8ol,"2h, 1-8ol",0.9469813065311576,['megamat0__dsub03']
1380,megamat17,2022-11-10,1,2h,2-but,"2h, 2-but",0.9690728913246914,['megamat0__dsub03']
1381,megamat17,2022-11-10,1,2h,2h,"2h, 2h",0.0,['megamat0__dsub03']
1382,megamat17,2022-11-10,1,2h,6al,"2h, 6al",0.8288083916048806,['megamat0__dsub03']
1383,megamat17,2022-11-10,1,2h,B-cit,"2h, B-cit",0.9533810976501284,['megamat0__dsub03']
1384,megamat17,2022-11-10,1,2h,IaA,"2h, IaA",0.5251120015184352,['megamat0__dsub03']
1385,megamat17,2022-11-10,1,2h,Lin,"2h, Lin",0.9026664838642534,['megamat0__dsub03']
1386,megamat17,2022-11-10,1,2h,aa,"2h, aa",0.9315361875876542,['megamat0__dsub03']
1387,megamat17,2022-11-10,1,2h,benz,"2h, benz",1.095773223726079,['megamat0__dsub03']
1388,megamat17,2022-11-10,1,2h,eb,"2h, eb",0.879559585105575,['megamat0__dsub03']
1389,megamat17,2022-11-10,1,2h,ep,"2h, ep",0.9516604299414426,['megamat0__dsub03']
1390,megamat17,2022-11-10,1,2h,ms,"2h, ms",1.1368800931713638,['megamat0__dsub03']
1391,megamat17,2022-11-10,1,2h,pa,"2h, pa",0.4157888213929267,['megamat0__dsub03']
1392,megamat17,2022-11-10,1,2h,t2h,"2h, t2h",0.9599588658658168,['megamat0__dsub03']
1393,megamat17,2022-11-10,1,2h,va,"2h, va",1.0080518947061572,['megamat0__dsub03']
1394,megamat17,2022-11-10,1,6al,1-5ol,"6al, 1-5ol",0.5651006891185493,['megamat0__dsub03']
1395,megamat17,2022-11-10,1,6al,1-6ol,"6al, 1-6ol",0.6288403751019599,['megamat0__dsub03']
1396,megamat17,2022-11-10,1,6al,1-8ol,"6al, 1-8ol",0.6771705940318118,['megamat0__dsub03']
1397,megamat17,2022-11-10,1,6al,2-but,"6al, 2-but",0.9888795093406576,['megamat0__dsub03']
1398,megamat17,2022-11-10,1,6al,2h,"6al, 2h",0.8288083916048806,['megamat0__dsub03']
1399,megamat17,2022-11-10,1,6al,6al,"6al, 6al",0.0,['megamat0__dsub03']
1400,megamat17,2022-11-10,1,6al,B-cit,"6al, B-cit",0.8978694584075174,['megamat0__dsub03']
1401,megamat17,2022-11-10,1,6al,IaA,"6al, IaA",1.084765573588134,['megamat0__dsub03']
1402,megamat17,2022-11-10,1,6al,Lin,"6al, Lin",0.9810786292167996,['megamat0__dsub03']
1403,megamat17,2022-11-10,1,6al,aa,"6al, aa",1.0460947119879918,['megamat0__dsub03']
1404,megamat17,2022-11-10,1,6al,benz,"6al, benz",0.8295357777068377,['megamat0__dsub03']
1405,megamat17,2022-11-10,1,6al,eb,"6al, eb",1.0107623615546906,['megamat0__dsub03']
1406,megamat17,2022-11-10,1,6al,ep,"6al, ep",1.032559785635531,['megamat0__dsub03']
1407,megamat17,2022-11-10,1,6al,ms,"6al, ms",1.0620610528518113,['megamat0__dsub03']
1408,megamat17,2022-11-10,1,6al,pa,"6al, pa",0.9917312416744112,['megamat0__dsub03']
1409,megamat17,2022-11-10,1,6al,t2h,"6al, t2h",0.3328633872841769,['megamat0__dsub03']
1410,megamat17,2022-11-10,1,6al,va,"6al, va",1.033993334975438,['megamat0__dsub03']
1411,megamat17,2022-11-10,1,B-cit,1-5ol,"B-cit, 1-5ol",1.045771131565861,['megamat0__dsub03']
1412,megamat17,2022-11-10,1,B-cit,1-6ol,"B-cit, 1-6ol",0.9737445996101414,['megamat0__dsub03']
1413,megamat17,2022-11-10,1,B-cit,1-8ol,"B-cit, 1-8ol",0.8180262437276091,['megamat0__dsub03']
1414,megamat17,2022-11-10,1,B-cit,2-but,"B-cit, 2-but",0.9053794915273092,['megamat0__dsub03']
1415,megamat17,2022-11-10,1,B-cit,2h,"B-cit, 2h",0.9533810976501284,['megamat0__dsub03']
1416,megamat17,2022-11-10,1,B-cit,6al,"B-cit, 6al",0.8978694584075174,['megamat0__dsub03']
1417,megamat17,2022-11-10,1,B-cit,B-cit,"B-cit, B-cit",0.0,['megamat0__dsub03']
1418,megamat17,2022-11-10,1,B-cit,IaA,"B-cit, IaA",1.0826239984952086,['megamat0__dsub03']
1419,megamat17,2022-11-10,1,B-cit,Lin,"B-cit, Lin",0.8830510352711669,['megamat0__dsub03']
1420,megamat17,2022-11-10,1,B-cit,aa,"B-cit, aa",0.7438472779596864,['megamat0__dsub03']
1421,megamat17,2022-11-10,1,B-cit,benz,"B-cit, benz",0.9690098829162412,['megamat0__dsub03']
1422,megamat17,2022-11-10,1,B-cit,eb,"B-cit, eb",1.0243999558634933,['megamat0__dsub03']
1423,megamat17,2022-11-10,1,B-cit,ep,"B-cit, ep",0.9986291884983032,['megamat0__dsub03']
1424,megamat17,2022-11-10,1,B-cit,ms,"B-cit, ms",1.012039000226997,['megamat0__dsub03']
1425,megamat17,2022-11-10,1,B-cit,pa,"B-cit, pa",1.062438499843789,['megamat0__dsub03']
1426,megamat17,2022-11-10,1,B-cit,t2h,"B-cit, t2h",0.9561617337499178,['megamat0__dsub03']
1427,megamat17,2022-11-10,1,B-cit,va,"B-cit, va",0.9039229861251016,['megamat0__dsub03']
1428,megamat17,2022-11-10,1,IaA,1-5ol,"IaA, 1-5ol",1.0522019051948446,['megamat0__dsub03']
1429,megamat17,2022-11-10,1,IaA,1-6ol,"IaA, 1-6ol",1.0703091144063448,['megamat0__dsub03']
1430,megamat17,2022-11-10,1,IaA,1-8ol,"IaA, 1-8ol",1.0575370825540784,['megamat0__dsub03']
1431,megamat17,2022-11-10,1,IaA,2-but,"IaA, 2-but",1.1073118435629985,['megamat0__dsub03']
1432,megamat17,2022-11-10,1,IaA,2h,"IaA, 2h",0.5251120015184352,['megamat0__dsub03']
1433,megamat17,2022-11-10,1,IaA,6al,"IaA, 6al",1.084765573588134,['megamat0__dsub03']
1434,megamat17,2022-11-10,1,IaA,B-cit,"IaA, B-cit",1.0826239984952086,['megamat0__dsub03']
1435,megamat17,2022-11-10,1,IaA,IaA,"IaA, IaA",0.0,['megamat0__dsub03']
1436,megamat17,2022-11-10,1,IaA,Lin,"IaA, Lin",0.971083252233056,['megamat0__dsub03']
1437,megamat17,2022-11-10,1,IaA,aa,"IaA, aa",1.0855704194865905,['megamat0__dsub03']
1438,megamat17,2022-11-10,1,IaA,benz,"IaA, benz",1.092631818371201,['megamat0__dsub03']
1439,megamat17,2022-11-10,1,IaA,eb,"IaA, eb",0.6732497120922201,['megamat0__dsub03']
1440,megamat17,2022-11-10,1,IaA,ep,"IaA, ep",0.9113926944491908,['megamat0__dsub03']
1441,megamat17,2022-11-10,1,IaA,ms,"IaA, ms",1.0449514615637092,['megamat0__dsub03']
1442,megamat17,2022-11-10,1,IaA,pa,"IaA, pa",0.350506675915933,['megamat0__dsub03']
1443,megamat17,2022-11-10,1,IaA,t2h,"IaA, t2h",1.1454231552225007,['megamat0__dsub03']
1444,megamat17,2022-11-10,1,IaA,va,"IaA, va",1.13298738183755,['megamat0__dsub03']
1445,megamat17,2022-11-10,1,Lin,1-5ol,"Lin, 1-5ol",1.0311686633149142,['megamat0__dsub03']
1446,megamat17,2022-11-10,1,Lin,1-6ol,"Lin, 1-6ol",0.96480721530354,['megamat0__dsub03']
1447,megamat17,2022-11-10,1,Lin,1-8ol,"Lin, 1-8ol",0.9041977264637172,['megamat0__dsub03']
1448,megamat17,2022-11-10,1,Lin,2-but,"Lin, 2-but",1.017748786023248,['megamat0__dsub03']
1449,megamat17,2022-11-10,1,Lin,2h,"Lin, 2h",0.9026664838642534,['megamat0__dsub03']
1450,megamat17,2022-11-10,1,Lin,6al,"Lin, 6al",0.9810786292167996,['megamat0__dsub03']
1451,megamat17,2022-11-10,1,Lin,B-cit,"Lin, B-cit",0.8830510352711669,['megamat0__dsub03']
1452,megamat17,2022-11-10,1,Lin,IaA,"Lin, IaA",0.971083252233056,['megamat0__dsub03']
1453,megamat17,2022-11-10,1,Lin,Lin,"Lin, Lin",0.0,['megamat0__dsub03']
1454,megamat17,2022-11-10,1,Lin,aa,"Lin, aa",0.9267744726144174,['megamat0__dsub03']
1455,megamat17,2022-11-10,1,Lin,benz,"Lin, benz",0.9210206815163668,['megamat0__dsub03']
1456,megamat17,2022-11-10,1,Lin,eb,"Lin, eb",0.967303173141024,['megamat0__dsub03']
1457,megamat17,2022-11-10,1,Lin,ep,"Lin, ep",1.0150539359368247,['megamat0__dsub03']
1458,megamat17,2022-11-10,1,Lin,ms,"Lin, ms",0.9707832105777666,['megamat0__dsub03']
1459,megamat17,2022-11-10,1,Lin,pa,"Lin, pa",1.0114355657644254,['megamat0__dsub03']
1460,megamat17,2022-11-10,1,Lin,t2h,"Lin, t2h",0.9710433163986992,['megamat0__dsub03']
1461,megamat17,2022-11-10,1,Lin,va,"Lin, va",0.9486751823024278,['megamat0__dsub03']
1462,megamat17,2022-11-10,1,aa,1-5ol,"aa, 1-5ol",1.1452529157968376,['megamat0__dsub03']
1463,megamat17,2022-11-10,1,aa,1-6ol,"aa, 1-6ol",1.1122446093578129,['megamat0__dsub03']
1464,megamat17,2022-11-10,1,aa,1-8ol,"aa, 1-8ol",1.0452137561033998,['megamat0__dsub03']
1465,megamat17,2022-11-10,1,aa,2-but,"aa, 2-but",0.9167351315534484,['megamat0__dsub03']
1466,megamat17,2022-11-10,1,aa,2h,"aa, 2h",0.9315361875876542,['megamat0__dsub03']
1467,megamat17,2022-11-10,1,aa,6al,"aa, 6al",1.0460947119879918,['megamat0__dsub03']
1468,megamat17,2022-11-10,1,aa,B-cit,"aa, B-cit",0.7438472779596864,['megamat0__dsub03']
1469,megamat17,2022-11-10,1,aa,IaA,"aa, IaA",1.0855704194865905,['megamat0__dsub03']
1470,megamat17,2022-11-10,1,aa,Lin,"aa, Lin",0.9267744726144174,['megamat0__dsub03']
1471,megamat17,2022-11-10,1,aa,aa,"aa, aa",0.0,['megamat0__dsub03']
1472,megamat17,2022-11-10,1,aa,benz,"aa, benz",1.039280698845016,['megamat0__dsub03']
1473,megamat17,2022-11-10,1,aa,eb,"aa, eb",1.0598591432582811,['megamat0__dsub03']
1474,megamat17,2022-11-10,1,aa,ep,"aa, ep",1.0619115203879752,['megamat0__dsub03']
1475,megamat17,2022-11-10,1,aa,ms,"aa, ms",1.053948480120135,['megamat0__dsub03']
1476,megamat17,2022-11-10,1,aa,pa,"aa, pa",1.0965900685184586,['megamat0__dsub03']
1477,megamat17,2022-11-10,1,aa,t2h,"aa, t2h",1.0933223252101525,['megamat0__dsub03']
1478,megamat17,2022-11-10,1,aa,va,"aa, va",0.5940019202201174,['megamat0__dsub03']
1479,megamat17,2022-11-10,1,benz,1-5ol,"benz, 1-5ol",0.8552613021507018,['megamat0__dsub03']
1480,megamat17,2022-11-10,1,benz,1-6ol,"benz, 1-6ol",0.9550070512924902,['megamat0__dsub03']
1481,megamat17,2022-11-10,1,benz,1-8ol,"benz, 1-8ol",0.9789637822698016,['megamat0__dsub03']
1482,megamat17,2022-11-10,1,benz,2-but,"benz, 2-but",1.090692236521139,['megamat0__dsub03']
1483,megamat17,2022-11-10,1,benz,2h,"benz, 2h",1.095773223726079,['megamat0__dsub03']
1484,megamat17,2022-11-10,1,benz,6al,"benz, 6al",0.8295357777068377,['megamat0__dsub03']
1485,megamat17,2022-11-10,1,benz,B-cit,"benz, B-cit",0.9690098829162412,['megamat0__dsub03']
1486,megamat17,2022-11-10,1,benz,IaA,"benz, IaA",1.092631818371201,['megamat0__dsub03']
1487,megamat17,2022-11-10,1,benz,Lin,"benz, Lin",0.9210206815163668,['megamat0__dsub03']
1488,megamat17,2022-11-10,1,benz,aa,"benz, aa",1.039280698845016,['megamat0__dsub03']
1489,megamat17,2022-11-10,1,benz,benz,"benz, benz",0.0,['megamat0__dsub03']
1490,megamat17,2022-11-10,1,benz,eb,"benz, eb",1.1280859105749184,['megamat0__dsub03']
1491,megamat17,2022-11-10,1,benz,ep,"benz, ep",1.1245678965331745,['megamat0__dsub03']
1492,megamat17,2022-11-10,1,benz,ms,"benz, ms",0.6957053781049438,['megamat0__dsub03']
1493,megamat17,2022-11-10,1,benz,pa,"benz, pa",1.128241099227966,['megamat0__dsub03']
1494,megamat17,2022-11-10,1,benz,t2h,"benz, t2h",0.832028202786903,['megamat0__dsub03']
1495,megamat17,2022-11-10,1,benz,va,"benz, va",1.0491034050020729,['megamat0__dsub03']
1496,megamat17,2022-11-10,1,eb,1-5ol,"eb, 1-5ol",0.9407708946340084,['megamat0__dsub03']
1497,megamat17,2022-11-10,1,eb,1-6ol,"eb, 1-6ol",0.9874166890872356,['megamat0__dsub03']
1498,megamat17,2022-11-10,1,eb,1-8ol,"eb, 1-8ol",0.9008887663374708,['megamat0__dsub03']
1499,megamat17,2022-11-10,1,eb,2-but,"eb, 2-but",0.8830694000425545,['megamat0__dsub03']
1500,megamat17,2022-11-10,1,eb,2h,"eb, 2h",0.879559585105575,['megamat0__dsub03']
1501,megamat17,2022-11-10,1,eb,6al,"eb, 6al",1.0107623615546906,['megamat0__dsub03']
1502,megamat17,2022-11-10,1,eb,B-cit,"eb, B-cit",1.0243999558634933,['megamat0__dsub03']
1503,megamat17,2022-11-10,1,eb,IaA,"eb, IaA",0.6732497120922201,['megamat0__dsub03']
1504,megamat17,2022-11-10,1,eb,Lin,"eb, Lin",0.967303173141024,['megamat0__dsub03']
1505,megamat17,2022-11-10,1,eb,aa,"eb, aa",1.0598591432582811,['megamat0__dsub03']
1506,megamat17,2022-11-10,1,eb,benz,"eb, benz",1.1280859105749184,['megamat0__dsub03']
1507,megamat17,2022-11-10,1,eb,eb,"eb, eb",0.0,['megamat0__dsub03']
1508,megamat17,2022-11-10,1,eb,ep,"eb, ep",0.4576341998680505,['megamat0__dsub03']
1509,megamat17,2022-11-10,1,eb,ms,"eb, ms",1.0480111041621822,['megamat0__dsub03']
1510,megamat17,2022-11-10,1,eb,pa,"eb, pa",0.8530586331566723,['megamat0__dsub03']
1511,megamat17,2022-11-10,1,eb,t2h,"eb, t2h",1.0464748304858358,['megamat0__dsub03']
1512,megamat17,2022-11-10,1,eb,va,"eb, va",1.0510088200933012,['megamat0__dsub03']
1513,megamat17,2022-11-10,1,ep,1-5ol,"ep, 1-5ol",0.9017168125865006,['megamat0__dsub03']
1514,megamat17,2022-11-10,1,ep,1-6ol,"ep, 1-6ol",0.9831434142505664,['megamat0__dsub03']
1515,megamat17,2022-11-10,1,ep,1-8ol,"ep, 1-8ol",0.8567301435453777,['megamat0__dsub03']
1516,megamat17,2022-11-10,1,ep,2-but,"ep, 2-but",0.4894650555833719,['megamat0__dsub03']
1517,megamat17,2022-11-10,1,ep,2h,"ep, 2h",0.9516604299414426,['megamat0__dsub03']
1518,megamat17,2022-11-10,1,ep,6al,"ep, 6al",1.032559785635531,['megamat0__dsub03']
1519,megamat17,2022-11-10,1,ep,B-cit,"ep, B-cit",0.9986291884983032,['megamat0__dsub03']
1520,megamat17,2022-11-10,1,ep,IaA,"ep, IaA",0.9113926944491908,['megamat0__dsub03']
1521,megamat17,2022-11-10,1,ep,Lin,"ep, Lin",1.0150539359368247,['megamat0__dsub03']
1522,megamat17,2022-11-10,1,ep,aa,"ep, aa",1.0619115203879752,['megamat0__dsub03']
1523,megamat17,2022-11-10,1,ep,benz,"ep, benz",1.1245678965331745,['megamat0__dsub03']
1524,megamat17,2022-11-10,1,ep,eb,"ep, eb",0.4576341998680505,['megamat0__dsub03']
1525,megamat17,2022-11-10,1,ep,ep,"ep, ep",0.0,['megamat0__dsub03']
1526,megamat17,2022-11-10,1,ep,ms,"ep, ms",0.9765585751188608,['megamat0__dsub03']
1527,megamat17,2022-11-10,1,ep,pa,"ep, pa",0.9663435799152474,['megamat0__dsub03']
1528,megamat17,2022-11-10,1,ep,t2h,"ep, t2h",1.008139065787102,['megamat0__dsub03']
1529,megamat17,2022-11-10,1,ep,va,"ep, va",1.0665530037187283,['megamat0__dsub03']
1530,megamat17,2022-11-10,1,ms,1-5ol,"ms, 1-5ol",1.018260677389327,['megamat0__dsub03']
1531,megamat17,2022-11-10,1,ms,1-6ol,"ms, 1-6ol",1.010892858904287,['megamat0__dsub03']
1532,megamat17,2022-11-10,1,ms,1-8ol,"ms, 1-8ol",0.9980774071447928,['megamat0__dsub03']
1533,megamat17,2022-11-10,1,ms,2-but,"ms, 2-but",0.9718053362889618,['megamat0__dsub03']
1534,megamat17,2022-11-10,1,ms,2h,"ms, 2h",1.1368800931713638,['megamat0__dsub03']
1535,megamat17,2022-11-10,1,ms,6al,"ms, 6al",1.0620610528518113,['megamat0__dsub03']
1536,megamat17,2022-11-10,1,ms,B-cit,"ms, B-cit",1.012039000226997,['megamat0__dsub03']
1537,megamat17,2022-11-10,1,ms,IaA,"ms, IaA",1.0449514615637092,['megamat0__dsub03']
1538,megamat17,2022-11-10,1,ms,Lin,"ms, Lin",0.9707832105777666,['megamat0__dsub03']
1539,megamat17,2022-11-10,1,ms,aa,"ms, aa",1.053948480120135,['megamat0__dsub03']
1540,megamat17,2022-11-10,1,ms,benz,"ms, benz",0.6957053781049438,['megamat0__dsub03']
1541,megamat17,2022-11-10,1,ms,eb,"ms, eb",1.0480111041621822,['megamat0__dsub03']
1542,megamat17,2022-11-10,1,ms,ep,"ms, ep",0.9765585751188608,['megamat0__dsub03']
1543,megamat17,2022-11-10,1,ms,ms,"ms, ms",0.0,['megamat0__dsub03']
1544,megamat17,2022-11-10,1,ms,pa,"ms, pa",1.1348926170286386,['megamat0__dsub03']
1545,megamat17,2022-11-10,1,ms,t2h,"ms, t2h",1.0595670833261344,['megamat0__dsub03']
1546,megamat17,2022-11-10,1,ms,va,"ms, va",1.056393141220229,['megamat0__dsub03']
1547,megamat17,2022-11-10,1,pa,1-5ol,"pa, 1-5ol",0.9235350734824916,['megamat0__dsub03']
1548,megamat17,2022-11-10,1,pa,1-6ol,"pa, 1-6ol",0.8391430056388465,['megamat0__dsub03']
1549,megamat17,2022-11-10,1,pa,1-8ol,"pa, 1-8ol",0.93248929256916,['megamat0__dsub03']
1550,megamat17,2022-11-10,1,pa,2-but,"pa, 2-but",1.1047359194203823,['megamat0__dsub03']
1551,megamat17,2022-11-10,1,pa,2h,"pa, 2h",0.4157888213929267,['megamat0__dsub03']
1552,megamat17,2022-11-10,1,pa,6al,"pa, 6al",0.9917312416744112,['megamat0__dsub03']
1553,megamat17,2022-11-10,1,pa,B-cit,"pa, B-cit",1.062438499843789,['megamat0__dsub03']
1554,megamat17,2022-11-10,1,pa,IaA,"pa, IaA",0.350506675915933,['megamat0__dsub03']
1555,megamat17,2022-11-10,1,pa,Lin,"pa, Lin",1.0114355657644254,['megamat0__dsub03']
1556,megamat17,2022-11-10,1,pa,aa,"pa, aa",1.0965900685184586,['megamat0__dsub03']
1557,megamat17,2022-11-10,1,pa,benz,"pa, benz",1.128241099227966,['megamat0__dsub03']
1558,megamat17,2022-11-10,1,pa,eb,"pa, eb",0.8530586331566723,['megamat0__dsub03']
1559,megamat17,2022-11-10,1,pa,ep,"pa, ep",0.9663435799152474,['megamat0__dsub03']
1560,megamat17,2022-11-10,1,pa,ms,"pa, ms",1.1348926170286386,['megamat0__dsub03']
1561,megamat17,2022-11-10,1,pa,pa,"pa, pa",0.0,['megamat0__dsub03']
1562,megamat17,2022-11-10,1,pa,t2h,"pa, t2h",1.0137208300368583,['megamat0__dsub03']
1563,megamat17,2022-11-10,1,pa,va,"pa, va",1.1447702644420383,['megamat0__dsub03']
1564,megamat17,2022-11-10,1,t2h,1-5ol,"t2h, 1-5ol",0.6235820540110872,['megamat0__dsub03']
1565,megamat17,2022-11-10,1,t2h,1-6ol,"t2h, 1-6ol",0.6606987536077757,['megamat0__dsub03']
1566,megamat17,2022-11-10,1,t2h,1-8ol,"t2h, 1-8ol",0.7745030551032758,['megamat0__dsub03']
1567,megamat17,2022-11-10,1,t2h,2-but,"t2h, 2-but",1.011525623903983,['megamat0__dsub03']
1568,megamat17,2022-11-10,1,t2h,2h,"t2h, 2h",0.9599588658658168,['megamat0__dsub03']
1569,megamat17,2022-11-10,1,t2h,6al,"t2h, 6al",0.3328633872841769,['megamat0__dsub03']
1570,megamat17,2022-11-10,1,t2h,B-cit,"t2h, B-cit",0.9561617337499178,['megamat0__dsub03']
1571,megamat17,2022-11-10,1,t2h,IaA,"t2h, IaA",1.1454231552225007,['megamat0__dsub03']
1572,megamat17,2022-11-10,1,t2h,Lin,"t2h, Lin",0.9710433163986992,['megamat0__dsub03']
1573,megamat17,2022-11-10,1,t2h,aa,"t2h, aa",1.0933223252101525,['megamat0__dsub03']
1574,megamat17,2022-11-10,1,t2h,benz,"t2h, benz",0.832028202786903,['megamat0__dsub03']
1575,megamat17,2022-11-10,1,t2h,eb,"t2h, eb",1.0464748304858358,['megamat0__dsub03']
1576,megamat17,2022-11-10,1,t2h,ep,"t2h, ep",1.008139065787102,['megamat0__dsub03']
1577,megamat17,2022-11-10,1,t2h,ms,"t2h, ms",1.0595670833261344,['megamat0__dsub03']
1578,megamat17,2022-11-10,1,t2h,pa,"t2h, pa",1.0137208300368583,['megamat0__dsub03']
1579,megamat17,2022-11-10,1,t2h,t2h,"t2h, t2h",0.0,['megamat0__dsub03']
1580,megamat17,2022-11-10,1,t2h,va,"t2h, va",1.0503784061836003,['megamat0__dsub03']
1581,megamat17,2022-11-10,1,va,1-5ol,"va, 1-5ol",1.120040534876833,['megamat0__dsub03']
1582,megamat17,2022-11-10,1,va,1-6ol,"va, 1-6ol",1.0897816695416156,['megamat0__dsub03']
1583,megamat17,2022-11-10,1,va,1-8ol,"va, 1-8ol",1.0104660780703605,['megamat0__dsub03']
1584,megamat17,2022-11-10,1,va,2-but,"va, 2-but",1.007094054618156,['megamat0__dsub03']
1585,megamat17,2022-11-10,1,va,2h,"va, 2h",1.0080518947061572,['megamat0__dsub03']
1586,megamat17,2022-11-10,1,va,6al,"va, 6al",1.033993334975438,['megamat0__dsub03']
1587,megamat17,2022-11-10,1,va,B-cit,"va, B-cit",0.9039229861251016,['megamat0__dsub03']
1588,megamat17,2022-11-10,1,va,IaA,"va, IaA",1.13298738183755,['megamat0__dsub03']
1589,megamat17,2022-11-10,1,va,Lin,"va, Lin",0.9486751823024278,['megamat0__dsub03']
1590,megamat17,2022-11-10,1,va,aa,"va, aa",0.5940019202201174,['megamat0__dsub03']
1591,megamat17,2022-11-10,1,va,benz,"va, benz",1.0491034050020729,['megamat0__dsub03']
1592,megamat17,2022-11-10,1,va,eb,"va, eb",1.0510088200933012,['megamat0__dsub03']
1593,megamat17,2022-11-10,1,va,ep,"va, ep",1.0665530037187283,['megamat0__dsub03']
1594,megamat17,2022-11-10,1,va,ms,"va, ms",1.056393141220229,['megamat0__dsub03']
1595,megamat17,2022-11-10,1,va,pa,"va, pa",1.1447702644420383,['megamat0__dsub03']
1596,megamat17,2022-11-10,1,va,t2h,"va, t2h",1.0503784061836003,['megamat0__dsub03']
1597,megamat17,2022-11-10,1,va,va,"va, va",0.0,['megamat0__dsub03']
1598,megamat_old,2018-10-21,1,1-5ol,1-5ol,"1-5ol, 1-5ol",0.0,"['_003', '_005']"
1599,megamat_old,2018-10-21,1,1-5ol,1-8ol,"1-5ol, 1-8ol",1.002939160713262,['_003']
1600,megamat_old,2018-10-21,1,1-5ol,2-but,"1-5ol, 2-but",0.9332512312315387,['_005']
1601,megamat_old,2018-10-21,1,1-5ol,2h,"1-5ol, 2h",1.0933325842414303,['_005']
1602,megamat_old,2018-10-21,1,1-5ol,6al,"1-5ol, 6al",0.6999718252202483,['_003']
1603,megamat_old,2018-10-21,1,1-5ol,B-cit,"1-5ol, B-cit",1.1009272476314569,"['_003', '_005']"
1604,megamat_old,2018-10-21,1,1-5ol,eb,"1-5ol, eb",1.117572891593368,['_003']
1605,megamat_old,2018-10-21,1,1-5ol,ep,"1-5ol, ep",1.0466656481714718,['_003']
1606,megamat_old,2018-10-21,1,1-5ol,pa,"1-5ol, pa",0.9285992751342514,['_005']
1607,megamat_old,2018-10-21,1,1-5ol,t2h,"1-5ol, t2h",0.9833130964246062,['_005']
1608,megamat_old,2018-10-21,1,1-6ol,1-6ol,"1-6ol, 1-6ol",0.0,['_002']
1609,megamat_old,2018-10-21,1,1-6ol,2-but,"1-6ol, 2-but",0.9359720382490936,['_002']
1610,megamat_old,2018-10-21,1,1-6ol,benz,"1-6ol, benz",0.7063276726245707,['_002']
1611,megamat_old,2018-10-21,1,1-6ol,ms,"1-6ol, ms",0.9967744432212376,['_002']
1612,megamat_old,2018-10-21,1,1-6ol,pa,"1-6ol, pa",0.7766324365633585,['_002']
1613,megamat_old,2018-10-21,1,1-6ol,pfo,"1-6ol, pfo",0.9558312566545888,['_002']
1614,megamat_old,2018-10-21,1,1-8ol,1-5ol,"1-8ol, 1-5ol",1.002939160713262,['_003']
1615,megamat_old,2018-10-21,1,1-8ol,1-8ol,"1-8ol, 1-8ol",0.0,['_003']
1616,megamat_old,2018-10-21,1,1-8ol,6al,"1-8ol, 6al",0.7055897487762595,['_003']
1617,megamat_old,2018-10-21,1,1-8ol,B-cit,"1-8ol, B-cit",0.3623771183030888,['_003']
1618,megamat_old,2018-10-21,1,1-8ol,eb,"1-8ol, eb",1.040785954961598,['_003']
1619,megamat_old,2018-10-21,1,1-8ol,ep,"1-8ol, ep",1.187259667872448,['_003']
1620,megamat_old,2018-10-21,1,2-but,1-5ol,"2-but, 1-5ol",0.9332512312315387,['_005']
1621,megamat_old,2018-10-21,1,2-but,1-6ol,"2-but, 1-6ol",0.9359720382490936,['_002']
1622,megamat_old,2018-10-21,1,2-but,2-but,"2-but, 2-but",0.0,"['_002', '_005']"
1623,megamat_old,2018-10-21,1,2-but,2h,"2-but, 2h",1.1751917943571806,['_005']
1624,megamat_old,2018-10-21,1,2-but,B-cit,"2-but, B-cit",1.0133259573399034,['_005']
1625,megamat_old,2018-10-21,1,2-but,benz,"2-but, benz",1.0887685171945216,['_002']
1626,megamat_old,2018-10-21,1,2-but,ms,"2-but, ms",0.9564443114141592,['_002']
1627,megamat_old,2018-10-21,1,2-but,pa,"2-but, pa",1.1449324346647762,"['_002', '_005']"
1628,megamat_old,2018-10-21,1,2-but,pfo,"2-but, pfo",1.0126210206396216,['_002']
1629,megamat_old,2018-10-21,1,2-but,t2h,"2-but, t2h",1.1473650424510442,['_005']
1630,megamat_old,2018-10-21,1,2h,1-5ol,"2h, 1-5ol",1.0933325842414303,['_005']
1631,megamat_old,2018-10-21,1,2h,2-but,"2h, 2-but",1.1751917943571806,['_005']
1632,megamat_old,2018-10-21,1,2h,2h,"2h, 2h",0.0,"['_004', '_005']"
1633,megamat_old,2018-10-21,1,2h,6al,"2h, 6al",0.8775390140149409,['_004']
1634,megamat_old,2018-10-21,1,2h,B-cit,"2h, B-cit",0.7725364824024727,['_005']
1635,megamat_old,2018-10-21,1,2h,Lin,"2h, Lin",0.7232387784948758,['_004']
1636,megamat_old,2018-10-21,1,2h,pa,"2h, pa",0.4728443744479668,['_005']
1637,megamat_old,2018-10-21,1,2h,pfo,"2h, pfo",1.05780887754968,['_004']
1638,megamat_old,2018-10-21,1,2h,t2h,"2h, t2h",0.9667777197590944,"['_004', '_005']"
1639,megamat_old,2018-10-21,1,2h,va,"2h, va",1.0427013005495331,['_004']
1640,megamat_old,2018-10-21,1,6al,1-5ol,"6al, 1-5ol",0.6999718252202483,['_003']
1641,megamat_old,2018-10-21,1,6al,1-8ol,"6al, 1-8ol",0.7055897487762595,['_003']
1642,megamat_old,2018-10-21,1,6al,2h,"6al, 2h",0.8775390140149409,['_004']
1643,megamat_old,2018-10-21,1,6al,6al,"6al, 6al",0.0,"['_003', '_004']"
1644,megamat_old,2018-10-21,1,6al,B-cit,"6al, B-cit",0.7055391845915794,['_003']
1645,megamat_old,2018-10-21,1,6al,Lin,"6al, Lin",1.074417867432568,['_004']
1646,megamat_old,2018-10-21,1,6al,eb,"6al, eb",1.059739501729868,['_003']
1647,megamat_old,2018-10-21,1,6al,ep,"6al, ep",1.1283380990053633,['_003']
1648,megamat_old,2018-10-21,1,6al,pfo,"6al, pfo",0.962231848044938,['_004']
1649,megamat_old,2018-10-21,1,6al,t2h,"6al, t2h",0.4631873859464162,['_004']
1650,megamat_old,2018-10-21,1,6al,va,"6al, va",0.8051951839166223,['_004']
1651,megamat_old,2018-10-21,1,B-cit,1-5ol,"B-cit, 1-5ol",1.1009272476314569,"['_003', '_005']"
1652,megamat_old,2018-10-21,1,B-cit,1-8ol,"B-cit, 1-8ol",0.3623771183030888,['_003']
1653,megamat_old,2018-10-21,1,B-cit,2-but,"B-cit, 2-but",1.0133259573399034,['_005']
1654,megamat_old,2018-10-21,1,B-cit,2h,"B-cit, 2h",0.7725364824024727,['_005']
1655,megamat_old,2018-10-21,1,B-cit,6al,"B-cit, 6al",0.7055391845915794,['_003']
1656,megamat_old,2018-10-21,1,B-cit,B-cit,"B-cit, B-cit",0.0,"['_003', '_005']"
1657,megamat_old,2018-10-21,1,B-cit,eb,"B-cit, eb",0.8342474790722224,['_003']
1658,megamat_old,2018-10-21,1,B-cit,ep,"B-cit, ep",1.052861089213914,['_003']
1659,megamat_old,2018-10-21,1,B-cit,pa,"B-cit, pa",1.1045298636213357,['_005']
1660,megamat_old,2018-10-21,1,B-cit,t2h,"B-cit, t2h",0.7238183106195124,['_005']
1661,megamat_old,2018-10-21,1,Lin,2h,"Lin, 2h",0.7232387784948758,['_004']
1662,megamat_old,2018-10-21,1,Lin,6al,"Lin, 6al",1.074417867432568,['_004']
1663,megamat_old,2018-10-21,1,Lin,Lin,"Lin, Lin",0.0,['_004']
1664,megamat_old,2018-10-21,1,Lin,pfo,"Lin, pfo",0.8567421632682011,['_004']
1665,megamat_old,2018-10-21,1,Lin,t2h,"Lin, t2h",0.892039982744308,['_004']
1666,megamat_old,2018-10-21,1,Lin,va,"Lin, va",0.9546307892976488,['_004']
1667,megamat_old,2018-10-21,1,benz,1-6ol,"benz, 1-6ol",0.7063276726245707,['_002']
1668,megamat_old,2018-10-21,1,benz,2-but,"benz, 2-but",1.0887685171945216,['_002']
1669,megamat_old,2018-10-21,1,benz,benz,"benz, benz",0.0,['_002']
1670,megamat_old,2018-10-21,1,benz,ms,"benz, ms",0.9591046203053584,['_002']
1671,megamat_old,2018-10-21,1,benz,pa,"benz, pa",1.0002843562051449,['_002']
1672,megamat_old,2018-10-21,1,benz,pfo,"benz, pfo",0.8269017799813763,['_002']
1673,megamat_old,2018-10-21,1,eb,1-5ol,"eb, 1-5ol",1.117572891593368,['_003']
1674,megamat_old,2018-10-21,1,eb,1-8ol,"eb, 1-8ol",1.040785954961598,['_003']
1675,megamat_old,2018-10-21,1,eb,6al,"eb, 6al",1.059739501729868,['_003']
1676,megamat_old,2018-10-21,1,eb,B-cit,"eb, B-cit",0.8342474790722224,['_003']
1677,megamat_old,2018-10-21,1,eb,eb,"eb, eb",0.0,['_003']
1678,megamat_old,2018-10-21,1,eb,ep,"eb, ep",0.409333260508491,['_003']
1679,megamat_old,2018-10-21,1,ep,1-5ol,"ep, 1-5ol",1.0466656481714718,['_003']
1680,megamat_old,2018-10-21,1,ep,1-8ol,"ep, 1-8ol",1.187259667872448,['_003']
1681,megamat_old,2018-10-21,1,ep,6al,"ep, 6al",1.1283380990053633,['_003']
1682,megamat_old,2018-10-21,1,ep,B-cit,"ep, B-cit",1.052861089213914,['_003']
1683,megamat_old,2018-10-21,1,ep,eb,"ep, eb",0.409333260508491,['_003']
1684,megamat_old,2018-10-21,1,ep,ep,"ep, ep",0.0,['_003']
1685,megamat_old,2018-10-21,1,ms,1-6ol,"ms, 1-6ol",0.9967744432212376,['_002']
1686,megamat_old,2018-10-21,1,ms,2-but,"ms, 2-but",0.9564443114141592,['_002']
1687,megamat_old,2018-10-21,1,ms,benz,"ms, benz",0.9591046203053584,['_002']
1688,megamat_old,2018-10-21,1,ms,ms,"ms, ms",0.0,['_002']
1689,megamat_old,2018-10-21,1,ms,pa,"ms, pa",0.9838735599323408,['_002']
1690,megamat_old,2018-10-21,1,ms,pfo,"ms, pfo",0.8493766565372136,['_002']
1691,megamat_old,2018-10-21,1,pa,1-5ol,"pa, 1-5ol",0.9285992751342514,['_005']
1692,megamat_old,2018-10-21,1,pa,1-6ol,"pa, 1-6ol",0.7766324365633585,['_002']
1693,megamat_old,2018-10-21,1,pa,2-but,"pa, 2-but",1.1449324346647762,"['_002', '_005']"
1694,megamat_old,2018-10-21,1,pa,2h,"pa, 2h",0.4728443744479668,['_005']
1695,megamat_old,2018-10-21,1,pa,B-cit,"pa, B-cit",1.1045298636213357,['_005']
1696,megamat_old,2018-10-21,1,pa,benz,"pa, benz",1.0002843562051449,['_002']
1697,megamat_old,2018-10-21,1,pa,ms,"pa, ms",0.9838735599323408,['_002']
1698,megamat_old,2018-10-21,1,pa,pa,"pa, pa",0.0,"['_002', '_005']"
1699,megamat_old,2018-10-21,1,pa,pfo,"pa, pfo",1.0087767912438552,['_002']
1700,megamat_old,2018-10-21,1,pa,t2h,"pa, t2h",1.1127514653835773,['_005']
1701,megamat_old,2018-10-21,1,pfo,1-6ol,"pfo, 1-6ol",0.9558312566545888,['_002']
1702,megamat_old,2018-10-21,1,pfo,2-but,"pfo, 2-but",1.0126210206396216,['_002']
1703,megamat_old,2018-10-21,1,pfo,2h,"pfo, 2h",1.05780887754968,['_004']
1704,megamat_old,2018-10-21,1,pfo,6al,"pfo, 6al",0.962231848044938,['_004']
1705,megamat_old,2018-10-21,1,pfo,Lin,"pfo, Lin",0.8567421632682011,['_004']
1706,megamat_old,2018-10-21,1,pfo,benz,"pfo, benz",0.8269017799813763,['_002']
1707,megamat_old,2018-10-21,1,pfo,ms,"pfo, ms",0.8493766565372136,['_002']
1708,megamat_old,2018-10-21,1,pfo,pa,"pfo, pa",1.0087767912438552,['_002']
1709,megamat_old,2018-10-21,1,pfo,pfo,"pfo, pfo",0.0,"['_002', '_004']"
1710,megamat_old,2018-10-21,1,pfo,t2h,"pfo, t2h",0.9534075068060016,['_004']
1711,megamat_old,2018-10-21,1,pfo,va,"pfo, va",0.9280018712483686,['_004']
1712,megamat_old,2018-10-21,1,t2h,1-5ol,"t2h, 1-5ol",0.9833130964246062,['_005']
1713,megamat_old,2018-10-21,1,t2h,2-but,"t2h, 2-but",1.1473650424510442,['_005']
1714,megamat_old,2018-10-21,1,t2h,2h,"t2h, 2h",0.9667777197590944,"['_004', '_005']"
1715,megamat_old,2018-10-21,1,t2h,6al,"t2h, 6al",0.4631873859464162,['_004']
1716,megamat_old,2018-10-21,1,t2h,B-cit,"t2h, B-cit",0.7238183106195124,['_005']
1717,megamat_old,2018-10-21,1,t2h,Lin,"t2h, Lin",0.892039982744308,['_004']
1718,megamat_old,2018-10-21,1,t2h,pa,"t2h, pa",1.1127514653835773,['_005']
1719,megamat_old,2018-10-21,1,t2h,pfo,"t2h, pfo",0.9534075068060016,['_004']
1720,megamat_old,2018-10-21,1,t2h,t2h,"t2h, t2h",0.0,"['_004', '_005']"
1721,megamat_old,2018-10-21,1,t2h,va,"t2h, va",0.6631439692640864,['_004']
1722,megamat_old,2018-10-21,1,va,2h,"va, 2h",1.0427013005495331,['_004']
1723,megamat_old,2018-10-21,1,va,6al,"va, 6al",0.8051951839166223,['_004']
1724,megamat_old,2018-10-21,1,va,Lin,"va, Lin",0.9546307892976488,['_004']
1725,megamat_old,2018-10-21,1,va,pfo,"va, pfo",0.9280018712483686,['_004']
1726,megamat_old,2018-10-21,1,va,t2h,"va, t2h",0.6631439692640864,['_004']
1727,megamat_old,2018-10-21,1,va,va,"va, va",0.0,['_004']
1728,megamat_old,2019-03-06,3,1-6ol,1-6ol,"1-6ol, 1-6ol",0.0,['_002']
1729,megamat_old,2019-03-06,3,1-6ol,2-but,"1-6ol, 2-but",1.0348947590005202,['_002']
1730,megamat_old,2019-03-06,3,1-6ol,2h,"1-6ol, 2h",0.7813899198778604,['_002']
1731,megamat_old,2019-03-06,3,1-6ol,MethOct,"1-6ol, MethOct",0.9527840067229848,['_002']
1732,megamat_old,2019-03-06,3,1-6ol,d-dlac,"1-6ol, d-dlac",1.0059488984336589,['_002']
1733,megamat_old,2019-03-06,3,1-6ol,ep,"1-6ol, ep",0.9356204726261218,['_002']
1734,megamat_old,2019-03-06,3,1-6ol,g-6lac,"1-6ol, g-6lac",1.0798453977769154,['_002']
1735,megamat_old,2019-03-06,3,1-6ol,ms,"1-6ol, ms",1.1212214903066509,['_002']
1736,megamat_old,2019-03-06,3,1-6ol,pfo,"1-6ol, pfo",1.016965001751625,['_002']
1737,megamat_old,2019-03-06,3,2-but,1-6ol,"2-but, 1-6ol",1.0348947590005202,['_002']
1738,megamat_old,2019-03-06,3,2-but,2-but,"2-but, 2-but",0.0,['_002']
1739,megamat_old,2019-03-06,3,2-but,2h,"2-but, 2h",1.055850907943148,['_002']
1740,megamat_old,2019-03-06,3,2-but,MethOct,"2-but, MethOct",1.080195224823841,['_002']
1741,megamat_old,2019-03-06,3,2-but,d-dlac,"2-but, d-dlac",1.0656522743301615,['_002']
1742,megamat_old,2019-03-06,3,2-but,ep,"2-but, ep",0.3191238172071281,['_002']
1743,megamat_old,2019-03-06,3,2-but,g-6lac,"2-but, g-6lac",0.993817889142759,['_002']
1744,megamat_old,2019-03-06,3,2-but,ms,"2-but, ms",0.6562841543890992,['_002']
1745,megamat_old,2019-03-06,3,2-but,pfo,"2-but, pfo",1.0119167626744163,['_002']
1746,megamat_old,2019-03-06,3,2h,1-6ol,"2h, 1-6ol",0.7813899198778604,['_002']
1747,megamat_old,2019-03-06,3,2h,2-but,"2h, 2-but",1.055850907943148,['_002']
1748,megamat_old,2019-03-06,3,2h,2h,"2h, 2h",0.0,['_002']
1749,megamat_old,2019-03-06,3,2h,MethOct,"2h, MethOct",0.6837687549284384,['_002']
1750,megamat_old,2019-03-06,3,2h,d-dlac,"2h, d-dlac",0.9454441672510532,['_002']
1751,megamat_old,2019-03-06,3,2h,ep,"2h, ep",1.022807387139692,['_002']
1752,megamat_old,2019-03-06,3,2h,g-6lac,"2h, g-6lac",1.0372516997644283,['_002']
1753,megamat_old,2019-03-06,3,2h,ms,"2h, ms",1.1290034760762355,['_002']
1754,megamat_old,2019-03-06,3,2h,pfo,"2h, pfo",0.9877741726819717,['_002']
1755,megamat_old,2019-03-06,3,MethOct,1-6ol,"MethOct, 1-6ol",0.9527840067229848,['_002']
1756,megamat_old,2019-03-06,3,MethOct,2-but,"MethOct, 2-but",1.080195224823841,['_002']
1757,megamat_old,2019-03-06,3,MethOct,2h,"MethOct, 2h",0.6837687549284384,['_002']
1758,megamat_old,2019-03-06,3,MethOct,MethOct,"MethOct, MethOct",0.0,['_002']
1759,megamat_old,2019-03-06,3,MethOct,d-dlac,"MethOct, d-dlac",0.9109846137477128,['_002']
1760,megamat_old,2019-03-06,3,MethOct,ep,"MethOct, ep",1.097686955957465,['_002']
1761,megamat_old,2019-03-06,3,MethOct,g-6lac,"MethOct, g-6lac",0.811732288351831,['_002']
1762,megamat_old,2019-03-06,3,MethOct,ms,"MethOct, ms",1.0890190863148912,['_002']
1763,megamat_old,2019-03-06,3,MethOct,pfo,"MethOct, pfo",0.9764518507536032,['_002']
1764,megamat_old,2019-03-06,3,d-dlac,1-6ol,"d-dlac, 1-6ol",1.0059488984336589,['_002']
1765,megamat_old,2019-03-06,3,d-dlac,2-but,"d-dlac, 2-but",1.0656522743301615,['_002']
1766,megamat_old,2019-03-06,3,d-dlac,2h,"d-dlac, 2h",0.9454441672510532,['_002']
1767,megamat_old,2019-03-06,3,d-dlac,MethOct,"d-dlac, MethOct",0.9109846137477128,['_002']
1768,megamat_old,2019-03-06,3,d-dlac,d-dlac,"d-dlac, d-dlac",0.0,['_002']
1769,megamat_old,2019-03-06,3,d-dlac,ep,"d-dlac, ep",1.0646580531521472,['_002']
1770,megamat_old,2019-03-06,3,d-dlac,g-6lac,"d-dlac, g-6lac",0.8906635786416075,['_002']
1771,megamat_old,2019-03-06,3,d-dlac,ms,"d-dlac, ms",1.045422555268881,['_002']
1772,megamat_old,2019-03-06,3,d-dlac,pfo,"d-dlac, pfo",0.9730844839723112,['_002']
1773,megamat_old,2019-03-06,3,ep,1-6ol,"ep, 1-6ol",0.9356204726261218,['_002']
1774,megamat_old,2019-03-06,3,ep,2-but,"ep, 2-but",0.3191238172071281,['_002']
1775,megamat_old,2019-03-06,3,ep,2h,"ep, 2h",1.022807387139692,['_002']
1776,megamat_old,2019-03-06,3,ep,MethOct,"ep, MethOct",1.097686955957465,['_002']
1777,megamat_old,2019-03-06,3,ep,d-dlac,"ep, d-dlac",1.0646580531521472,['_002']
1778,megamat_old,2019-03-06,3,ep,ep,"ep, ep",0.0,['_002']
1779,megamat_old,2019-03-06,3,ep,g-6lac,"ep, g-6lac",0.9824978074170708,['_002']
1780,megamat_old,2019-03-06,3,ep,ms,"ep, ms",0.8612872393932087,['_002']
1781,megamat_old,2019-03-06,3,ep,pfo,"ep, pfo",0.961441527885057,['_002']
1782,megamat_old,2019-03-06,3,g-6lac,1-6ol,"g-6lac, 1-6ol",1.0798453977769154,['_002']
1783,megamat_old,2019-03-06,3,g-6lac,2-but,"g-6lac, 2-but",0.993817889142759,['_002']
1784,megamat_old,2019-03-06,3,g-6lac,2h,"g-6lac, 2h",1.0372516997644283,['_002']
1785,megamat_old,2019-03-06,3,g-6lac,MethOct,"g-6lac, MethOct",0.811732288351831,['_002']
1786,megamat_old,2019-03-06,3,g-6lac,d-dlac,"g-6lac, d-dlac",0.8906635786416075,['_002']
1787,megamat_old,2019-03-06,3,g-6lac,ep,"g-6lac, ep",0.9824978074170708,['_002']
1788,megamat_old,2019-03-06,3,g-6lac,g-6lac,"g-6lac, g-6lac",0.0,['_002']
1789,megamat_old,2019-03-06,3,g-6lac,ms,"g-6lac, ms",1.1072692553741206,['_002']
1790,megamat_old,2019-03-06,3,g-6lac,pfo,"g-6lac, pfo",1.0502026592888003,['_002']
1791,megamat_old,2019-03-06,3,ms,1-6ol,"ms, 1-6ol",1.1212214903066509,['_002']
1792,megamat_old,2019-03-06,3,ms,2-but,"ms, 2-but",0.6562841543890992,['_002']
1793,megamat_old,2019-03-06,3,ms,2h,"ms, 2h",1.1290034760762355,['_002']
1794,megamat_old,2019-03-06,3,ms,MethOct,"ms, MethOct",1.0890190863148912,['_002']
1795,megamat_old,2019-03-06,3,ms,d-dlac,"ms, d-dlac",1.045422555268881,['_002']
1796,megamat_old,2019-03-06,3,ms,ep,"ms, ep",0.8612872393932087,['_002']
1797,megamat_old,2019-03-06,3,ms,g-6lac,"ms, g-6lac",1.1072692553741206,['_002']
1798,megamat_old,2019-03-06,3,ms,ms,"ms, ms",0.0,['_002']
1799,megamat_old,2019-03-06,3,ms,pfo,"ms, pfo",0.9578470886635416,['_002']
1800,megamat_old,2019-03-06,3,pfo,1-6ol,"pfo, 1-6ol",1.016965001751625,['_002']
1801,megamat_old,2019-03-06,3,pfo,2-but,"pfo, 2-but",1.0119167626744163,['_002']
1802,megamat_old,2019-03-06,3,pfo,2h,"pfo, 2h",0.9877741726819717,['_002']
1803,megamat_old,2019-03-06,3,pfo,MethOct,"pfo, MethOct",0.9764518507536032,['_002']
1804,megamat_old,2019-03-06,3,pfo,d-dlac,"pfo, d-dlac",0.9730844839723112,['_002']
1805,megamat_old,2019-03-06,3,pfo,ep,"pfo, ep",0.961441527885057,['_002']
1806,megamat_old,2019-03-06,3,pfo,g-6lac,"pfo, g-6lac",1.0502026592888003,['_002']
1807,megamat_old,2019-03-06,3,pfo,ms,"pfo, ms",0.9578470886635416,['_002']
1808,megamat_old,2019-03-06,3,pfo,pfo,"pfo, pfo",0.0,['_002']
1809,megamat_old,2019-03-06,4,1-5ol,1-5ol,"1-5ol, 1-5ol",0.0,['_003']
1810,megamat_old,2019-03-06,4,1-5ol,1-6ol,"1-5ol, 1-6ol",0.2835217872973317,['_003']
1811,megamat_old,2019-03-06,4,1-5ol,1-8ol,"1-5ol, 1-8ol",0.7369336063011969,['_003']
1812,megamat_old,2019-03-06,4,1-5ol,2-but,"1-5ol, 2-but",1.012966795102304,['_003']
1813,megamat_old,2019-03-06,4,1-5ol,IaA,"1-5ol, IaA",0.8930042052976499,['_003']
1814,megamat_old,2019-03-06,4,1-5ol,PropAc,"1-5ol, PropAc",0.8993066281038228,['_003']
1815,megamat_old,2019-03-06,4,1-5ol,aa,"1-5ol, aa",1.113361587833879,['_003']
1816,megamat_old,2019-03-06,4,1-5ol,pa,"1-5ol, pa",0.983152783994588,['_003']
1817,megamat_old,2019-03-06,4,1-5ol,va,"1-5ol, va",1.063422355227425,['_003']
1818,megamat_old,2019-03-06,4,1-6ol,1-5ol,"1-6ol, 1-5ol",0.2835217872973317,['_003']
1819,megamat_old,2019-03-06,4,1-6ol,1-6ol,"1-6ol, 1-6ol",0.0,['_003']
1820,megamat_old,2019-03-06,4,1-6ol,1-8ol,"1-6ol, 1-8ol",0.6301564906655586,['_003']
1821,megamat_old,2019-03-06,4,1-6ol,2-but,"1-6ol, 2-but",0.9922285380948512,['_003']
1822,megamat_old,2019-03-06,4,1-6ol,IaA,"1-6ol, IaA",0.9757537927787796,['_003']
1823,megamat_old,2019-03-06,4,1-6ol,PropAc,"1-6ol, PropAc",1.0306021569939865,['_003']
1824,megamat_old,2019-03-06,4,1-6ol,aa,"1-6ol, aa",1.037730356668901,['_003']
1825,megamat_old,2019-03-06,4,1-6ol,pa,"1-6ol, pa",1.021038229522205,['_003']
1826,megamat_old,2019-03-06,4,1-6ol,va,"1-6ol, va",0.9974686527643888,['_003']
1827,megamat_old,2019-03-06,4,1-8ol,1-5ol,"1-8ol, 1-5ol",0.7369336063011969,['_003']
1828,megamat_old,2019-03-06,4,1-8ol,1-6ol,"1-8ol, 1-6ol",0.6301564906655586,['_003']
1829,megamat_old,2019-03-06,4,1-8ol,1-8ol,"1-8ol, 1-8ol",0.0,['_003']
1830,megamat_old,2019-03-06,4,1-8ol,2-but,"1-8ol, 2-but",0.8856792266469391,['_003']
1831,megamat_old,2019-03-06,4,1-8ol,IaA,"1-8ol, IaA",1.0263593673503864,['_003']
1832,megamat_old,2019-03-06,4,1-8ol,PropAc,"1-8ol, PropAc",1.0690726576317782,['_003']
1833,megamat_old,2019-03-06,4,1-8ol,aa,"1-8ol, aa",0.6835884840174649,['_003']
1834,megamat_old,2019-03-06,4,1-8ol,pa,"1-8ol, pa",1.092401999188456,['_003']
1835,megamat_old,2019-03-06,4,1-8ol,va,"1-8ol, va",0.7748375633263697,['_003']
1836,megamat_old,2019-03-06,4,2-but,1-5ol,"2-but, 1-5ol",1.012966795102304,['_003']
1837,megamat_old,2019-03-06,4,2-but,1-6ol,"2-but, 1-6ol",0.9922285380948512,['_003']
1838,megamat_old,2019-03-06,4,2-but,1-8ol,"2-but, 1-8ol",0.8856792266469391,['_003']
1839,megamat_old,2019-03-06,4,2-but,2-but,"2-but, 2-but",0.0,['_003']
1840,megamat_old,2019-03-06,4,2-but,IaA,"2-but, IaA",1.0211956201450687,['_003']
1841,megamat_old,2019-03-06,4,2-but,PropAc,"2-but, PropAc",0.9490499469486168,['_003']
1842,megamat_old,2019-03-06,4,2-but,aa,"2-but, aa",0.840468637980549,['_003']
1843,megamat_old,2019-03-06,4,2-but,pa,"2-but, pa",1.081900450510426,['_003']
1844,megamat_old,2019-03-06,4,2-but,va,"2-but, va",1.0132665073563625,['_003']
1845,megamat_old,2019-03-06,4,IaA,1-5ol,"IaA, 1-5ol",0.8930042052976499,['_003']
1846,megamat_old,2019-03-06,4,IaA,1-6ol,"IaA, 1-6ol",0.9757537927787796,['_003']
1847,megamat_old,2019-03-06,4,IaA,1-8ol,"IaA, 1-8ol",1.0263593673503864,['_003']
1848,megamat_old,2019-03-06,4,IaA,2-but,"IaA, 2-but",1.0211956201450687,['_003']
1849,megamat_old,2019-03-06,4,IaA,IaA,"IaA, IaA",0.0,['_003']
1850,megamat_old,2019-03-06,4,IaA,PropAc,"IaA, PropAc",0.6420512730100558,['_003']
1851,megamat_old,2019-03-06,4,IaA,aa,"IaA, aa",0.9890889829640864,['_003']
1852,megamat_old,2019-03-06,4,IaA,pa,"IaA, pa",0.4543738515626807,['_003']
1853,megamat_old,2019-03-06,4,IaA,va,"IaA, va",1.084636129723878,['_003']
1854,megamat_old,2019-03-06,4,PropAc,1-5ol,"PropAc, 1-5ol",0.8993066281038228,['_003']
1855,megamat_old,2019-03-06,4,PropAc,1-6ol,"PropAc, 1-6ol",1.0306021569939865,['_003']
1856,megamat_old,2019-03-06,4,PropAc,1-8ol,"PropAc, 1-8ol",1.0690726576317782,['_003']
1857,megamat_old,2019-03-06,4,PropAc,2-but,"PropAc, 2-but",0.9490499469486168,['_003']
1858,megamat_old,2019-03-06,4,PropAc,IaA,"PropAc, IaA",0.6420512730100558,['_003']
1859,megamat_old,2019-03-06,4,PropAc,PropAc,"PropAc, PropAc",0.0,['_003']
1860,megamat_old,2019-03-06,4,PropAc,aa,"PropAc, aa",1.1104456026179592,['_003']
1861,megamat_old,2019-03-06,4,PropAc,pa,"PropAc, pa",0.6432336965706131,['_003']
1862,megamat_old,2019-03-06,4,PropAc,va,"PropAc, va",1.1130133961602366,['_003']
1863,megamat_old,2019-03-06,4,aa,1-5ol,"aa, 1-5ol",1.113361587833879,['_003']
1864,megamat_old,2019-03-06,4,aa,1-6ol,"aa, 1-6ol",1.037730356668901,['_003']
1865,megamat_old,2019-03-06,4,aa,1-8ol,"aa, 1-8ol",0.6835884840174649,['_003']
1866,megamat_old,2019-03-06,4,aa,2-but,"aa, 2-but",0.840468637980549,['_003']
1867,megamat_old,2019-03-06,4,aa,IaA,"aa, IaA",0.9890889829640864,['_003']
1868,megamat_old,2019-03-06,4,aa,PropAc,"aa, PropAc",1.1104456026179592,['_003']
1869,megamat_old,2019-03-06,4,aa,aa,"aa, aa",0.0,['_003']
1870,megamat_old,2019-03-06,4,aa,pa,"aa, pa",1.0536385197353662,['_003']
1871,megamat_old,2019-03-06,4,aa,va,"aa, va",0.7602641577312466,['_003']
1872,megamat_old,2019-03-06,4,pa,1-5ol,"pa, 1-5ol",0.983152783994588,['_003']
1873,megamat_old,2019-03-06,4,pa,1-6ol,"pa, 1-6ol",1.021038229522205,['_003']
1874,megamat_old,2019-03-06,4,pa,1-8ol,"pa, 1-8ol",1.092401999188456,['_003']
1875,megamat_old,2019-03-06,4,pa,2-but,"pa, 2-but",1.081900450510426,['_003']
1876,megamat_old,2019-03-06,4,pa,IaA,"pa, IaA",0.4543738515626807,['_003']
1877,megamat_old,2019-03-06,4,pa,PropAc,"pa, PropAc",0.6432336965706131,['_003']
1878,megamat_old,2019-03-06,4,pa,aa,"pa, aa",1.0536385197353662,['_003']
1879,megamat_old,2019-03-06,4,pa,pa,"pa, pa",0.0,['_003']
1880,megamat_old,2019-03-06,4,pa,va,"pa, va",1.099512291284711,['_003']
1881,megamat_old,2019-03-06,4,va,1-5ol,"va, 1-5ol",1.063422355227425,['_003']
1882,megamat_old,2019-03-06,4,va,1-6ol,"va, 1-6ol",0.9974686527643888,['_003']
1883,megamat_old,2019-03-06,4,va,1-8ol,"va, 1-8ol",0.7748375633263697,['_003']
1884,megamat_old,2019-03-06,4,va,2-but,"va, 2-but",1.0132665073563625,['_003']
1885,megamat_old,2019-03-06,4,va,IaA,"va, IaA",1.084636129723878,['_003']
1886,megamat_old,2019-03-06,4,va,PropAc,"va, PropAc",1.1130133961602366,['_003']
1887,megamat_old,2019-03-06,4,va,aa,"va, aa",0.7602641577312466,['_003']
1888,megamat_old,2019-03-06,4,va,pa,"va, pa",1.099512291284711,['_003']
1889,megamat_old,2019-03-06,4,va,va,"va, va",0.0,['_003']
1890,megamat_old,2019-03-07,2,1-6ol,1-6ol,"1-6ol, 1-6ol",0.0,"['_003', '_0057']"
1891,megamat_old,2019-03-07,2,1-6ol,1p3ol,"1-6ol, 1p3ol",1.0833946069987146,['_003']
1892,megamat_old,2019-03-07,2,1-6ol,2-but,"1-6ol, 2-but",1.0097748408193437,"['_003', '_0057']"
1893,megamat_old,2019-03-07,2,1-6ol,2h,"1-6ol, 2h",0.8736896619293931,['_003']
1894,megamat_old,2019-03-07,2,1-6ol,6al,"1-6ol, 6al",0.8330959117556795,['_0057']
1895,megamat_old,2019-03-07,2,1-6ol,ECin,"1-6ol, ECin",1.0935326472495286,['_0057']
1896,megamat_old,2019-03-07,2,1-6ol,IaA,"1-6ol, IaA",0.986963891638198,['_003']
1897,megamat_old,2019-03-07,2,1-6ol,Lin,"1-6ol, Lin",0.903447077029008,['_003']
1898,megamat_old,2019-03-07,2,1-6ol,MethOct,"1-6ol, MethOct",0.988501737061652,['_003']
1899,megamat_old,2019-03-07,2,1-6ol,benz,"1-6ol, benz",0.9676788058724608,['_0057']
1900,megamat_old,2019-03-07,2,1-6ol,eb,"1-6ol, eb",1.021176285286413,['_0057']
1901,megamat_old,2019-03-07,2,1-6ol,eug,"1-6ol, eug",1.0063461782371577,['_0057']
1902,megamat_old,2019-03-07,2,1-6ol,g-6lac,"1-6ol, g-6lac",0.9864203083434868,['_003']
1903,megamat_old,2019-03-07,2,1-6ol,ms,"1-6ol, ms",1.097823061438432,['_0057']
1904,megamat_old,2019-03-07,2,1-6ol,pfo,"1-6ol, pfo",0.9282283656747912,['_003']
1905,megamat_old,2019-03-07,2,1-6ol,va,"1-6ol, va",0.9919927437958388,['_0057']
1906,megamat_old,2019-03-07,2,1p3ol,1-6ol,"1p3ol, 1-6ol",1.0833946069987146,['_003']
1907,megamat_old,2019-03-07,2,1p3ol,1p3ol,"1p3ol, 1p3ol",0.0,['_003']
1908,megamat_old,2019-03-07,2,1p3ol,2-but,"1p3ol, 2-but",0.9637949256418188,['_003']
1909,megamat_old,2019-03-07,2,1p3ol,2h,"1p3ol, 2h",0.8423650647148311,['_003']
1910,megamat_old,2019-03-07,2,1p3ol,IaA,"1p3ol, IaA",1.03070969170868,['_003']
1911,megamat_old,2019-03-07,2,1p3ol,Lin,"1p3ol, Lin",1.0348442591647993,['_003']
1912,megamat_old,2019-03-07,2,1p3ol,MethOct,"1p3ol, MethOct",0.8414480910248399,['_003']
1913,megamat_old,2019-03-07,2,1p3ol,g-6lac,"1p3ol, g-6lac",0.6550018310259806,['_003']
1914,megamat_old,2019-03-07,2,1p3ol,pfo,"1p3ol, pfo",0.9146627028427756,['_003']
1915,megamat_old,2019-03-07,2,2-but,1-6ol,"2-but, 1-6ol",1.0097748408193437,"['_003', '_0057']"
1916,megamat_old,2019-03-07,2,2-but,1p3ol,"2-but, 1p3ol",0.9637949256418188,['_003']
1917,megamat_old,2019-03-07,2,2-but,2-but,"2-but, 2-but",0.0,"['_003', '_0057']"
1918,megamat_old,2019-03-07,2,2-but,2h,"2-but, 2h",0.9621748500221698,['_003']
1919,megamat_old,2019-03-07,2,2-but,6al,"2-but, 6al",1.087498607639381,['_0057']
1920,megamat_old,2019-03-07,2,2-but,ECin,"2-but, ECin",0.9947947191916212,['_0057']
1921,megamat_old,2019-03-07,2,2-but,IaA,"2-but, IaA",1.101325378102155,['_003']
1922,megamat_old,2019-03-07,2,2-but,Lin,"2-but, Lin",1.0760371829507225,['_003']
1923,megamat_old,2019-03-07,2,2-but,MethOct,"2-but, MethOct",1.0095084142652553,['_003']
1924,megamat_old,2019-03-07,2,2-but,benz,"2-but, benz",1.1029809111736824,['_0057']
1925,megamat_old,2019-03-07,2,2-but,eb,"2-but, eb",0.6837241442194515,['_0057']
1926,megamat_old,2019-03-07,2,2-but,eug,"2-but, eug",1.0678337125137287,['_0057']
1927,megamat_old,2019-03-07,2,2-but,g-6lac,"2-but, g-6lac",0.9742196656547504,['_003']
1928,megamat_old,2019-03-07,2,2-but,ms,"2-but, ms",0.8855580726503669,['_0057']
1929,megamat_old,2019-03-07,2,2-but,pfo,"2-but, pfo",0.945191180031652,['_003']
1930,megamat_old,2019-03-07,2,2-but,va,"2-but, va",1.1008117579342651,['_0057']
1931,megamat_old,2019-03-07,2,2h,1-6ol,"2h, 1-6ol",0.8736896619293931,['_003']
1932,megamat_old,2019-03-07,2,2h,1p3ol,"2h, 1p3ol",0.8423650647148311,['_003']
1933,megamat_old,2019-03-07,2,2h,2-but,"2h, 2-but",0.9621748500221698,['_003']
1934,megamat_old,2019-03-07,2,2h,2h,"2h, 2h",0.0,['_003']
1935,megamat_old,2019-03-07,2,2h,IaA,"2h, IaA",0.7738713514184267,['_003']
1936,megamat_old,2019-03-07,2,2h,Lin,"2h, Lin",0.7250659877970383,['_003']
1937,megamat_old,2019-03-07,2,2h,MethOct,"2h, MethOct",0.9252073349667654,['_003']
1938,megamat_old,2019-03-07,2,2h,g-6lac,"2h, g-6lac",0.8531438142913568,['_003']
1939,megamat_old,2019-03-07,2,2h,pfo,"2h, pfo",0.8297411020973534,['_003']
1940,megamat_old,2019-03-07,2,6al,1-6ol,"6al, 1-6ol",0.8330959117556795,['_0057']
1941,megamat_old,2019-03-07,2,6al,2-but,"6al, 2-but",1.087498607639381,['_0057']
1942,megamat_old,2019-03-07,2,6al,6al,"6al, 6al",0.0,['_0057']
1943,megamat_old,2019-03-07,2,6al,ECin,"6al, ECin",0.9892081138939888,['_0057']
1944,megamat_old,2019-03-07,2,6al,benz,"6al, benz",0.7147165347114899,['_0057']
1945,megamat_old,2019-03-07,2,6al,eb,"6al, eb",1.12326006485313,['_0057']
1946,megamat_old,2019-03-07,2,6al,eug,"6al, eug",1.0716498223162991,['_0057']
1947,megamat_old,2019-03-07,2,6al,ms,"6al, ms",1.0443247881714044,['_0057']
1948,megamat_old,2019-03-07,2,6al,va,"6al, va",0.8876845366725685,['_0057']
1949,megamat_old,2019-03-07,2,ECin,1-6ol,"ECin, 1-6ol",1.0935326472495286,['_0057']
1950,megamat_old,2019-03-07,2,ECin,2-but,"ECin, 2-but",0.9947947191916212,['_0057']
1951,megamat_old,2019-03-07,2,ECin,6al,"ECin, 6al",0.9892081138939888,['_0057']
1952,megamat_old,2019-03-07,2,ECin,ECin,"ECin, ECin",0.0,['_0057']
1953,megamat_old,2019-03-07,2,ECin,benz,"ECin, benz",1.051376697537377,['_0057']
1954,megamat_old,2019-03-07,2,ECin,eb,"ECin, eb",1.0888489721297565,['_0057']
1955,megamat_old,2019-03-07,2,ECin,eug,"ECin, eug",0.9510368964945948,['_0057']
1956,megamat_old,2019-03-07,2,ECin,ms,"ECin, ms",0.8667858468677053,['_0057']
1957,megamat_old,2019-03-07,2,ECin,va,"ECin, va",0.9206614043762864,['_0057']
1958,megamat_old,2019-03-07,2,IaA,1-6ol,"IaA, 1-6ol",0.986963891638198,['_003']
1959,megamat_old,2019-03-07,2,IaA,1p3ol,"IaA, 1p3ol",1.03070969170868,['_003']
1960,megamat_old,2019-03-07,2,IaA,2-but,"IaA, 2-but",1.101325378102155,['_003']
1961,megamat_old,2019-03-07,2,IaA,2h,"IaA, 2h",0.7738713514184267,['_003']
1962,megamat_old,2019-03-07,2,IaA,IaA,"IaA, IaA",0.0,['_003']
1963,megamat_old,2019-03-07,2,IaA,Lin,"IaA, Lin",0.8377032288519362,['_003']
1964,megamat_old,2019-03-07,2,IaA,MethOct,"IaA, MethOct",0.9132749408415324,['_003']
1965,megamat_old,2019-03-07,2,IaA,g-6lac,"IaA, g-6lac",1.0346742443991956,['_003']
1966,megamat_old,2019-03-07,2,IaA,pfo,"IaA, pfo",1.091694610368831,['_003']
1967,megamat_old,2019-03-07,2,Lin,1-6ol,"Lin, 1-6ol",0.903447077029008,['_003']
1968,megamat_old,2019-03-07,2,Lin,1p3ol,"Lin, 1p3ol",1.0348442591647993,['_003']
1969,megamat_old,2019-03-07,2,Lin,2-but,"Lin, 2-but",1.0760371829507225,['_003']
1970,megamat_old,2019-03-07,2,Lin,2h,"Lin, 2h",0.7250659877970383,['_003']
1971,megamat_old,2019-03-07,2,Lin,IaA,"Lin, IaA",0.8377032288519362,['_003']
1972,megamat_old,2019-03-07,2,Lin,Lin,"Lin, Lin",0.0,['_003']
1973,megamat_old,2019-03-07,2,Lin,MethOct,"Lin, MethOct",0.9885009199975754,['_003']
1974,megamat_old,2019-03-07,2,Lin,g-6lac,"Lin, g-6lac",1.0488153632730814,['_003']
1975,megamat_old,2019-03-07,2,Lin,pfo,"Lin, pfo",0.8239550212626224,['_003']
1976,megamat_old,2019-03-07,2,MethOct,1-6ol,"MethOct, 1-6ol",0.988501737061652,['_003']
1977,megamat_old,2019-03-07,2,MethOct,1p3ol,"MethOct, 1p3ol",0.8414480910248399,['_003']
1978,megamat_old,2019-03-07,2,MethOct,2-but,"MethOct, 2-but",1.0095084142652553,['_003']
1979,megamat_old,2019-03-07,2,MethOct,2h,"MethOct, 2h",0.9252073349667654,['_003']
1980,megamat_old,2019-03-07,2,MethOct,IaA,"MethOct, IaA",0.9132749408415324,['_003']
1981,megamat_old,2019-03-07,2,MethOct,Lin,"MethOct, Lin",0.9885009199975754,['_003']
1982,megamat_old,2019-03-07,2,MethOct,MethOct,"MethOct, MethOct",0.0,['_003']
1983,megamat_old,2019-03-07,2,MethOct,g-6lac,"MethOct, g-6lac",0.6490999576983434,['_003']
1984,megamat_old,2019-03-07,2,MethOct,pfo,"MethOct, pfo",0.7735415637949195,['_003']
1985,megamat_old,2019-03-07,2,benz,1-6ol,"benz, 1-6ol",0.9676788058724608,['_0057']
1986,megamat_old,2019-03-07,2,benz,2-but,"benz, 2-but",1.1029809111736824,['_0057']
1987,megamat_old,2019-03-07,2,benz,6al,"benz, 6al",0.7147165347114899,['_0057']
1988,megamat_old,2019-03-07,2,benz,ECin,"benz, ECin",1.051376697537377,['_0057']
1989,megamat_old,2019-03-07,2,benz,benz,"benz, benz",0.0,['_0057']
1990,megamat_old,2019-03-07,2,benz,eb,"benz, eb",1.1083078624522458,['_0057']
1991,megamat_old,2019-03-07,2,benz,eug,"benz, eug",1.0638967450008576,['_0057']
1992,megamat_old,2019-03-07,2,benz,ms,"benz, ms",1.029894866520369,['_0057']
1993,megamat_old,2019-03-07,2,benz,va,"benz, va",0.9833927097865416,['_0057']
1994,megamat_old,2019-03-07,2,eb,1-6ol,"eb, 1-6ol",1.021176285286413,['_0057']
1995,megamat_old,2019-03-07,2,eb,2-but,"eb, 2-but",0.6837241442194515,['_0057']
1996,megamat_old,2019-03-07,2,eb,6al,"eb, 6al",1.12326006485313,['_0057']
1997,megamat_old,2019-03-07,2,eb,ECin,"eb, ECin",1.0888489721297565,['_0057']
1998,megamat_old,2019-03-07,2,eb,benz,"eb, benz",1.1083078624522458,['_0057']
1999,megamat_old,2019-03-07,2,eb,eb,"eb, eb",0.0,['_0057']
2000,megamat_old,2019-03-07,2,eb,eug,"eb, eug",1.0864701053739512,['_0057']
2001,megamat_old,2019-03-07,2,eb,ms,"eb, ms",1.043282901223055,['_0057']
2002,megamat_old,2019-03-07,2,eb,va,"eb, va",1.0304907877259608,['_0057']
2003,megamat_old,2019-03-07,2,eug,1-6ol,"eug, 1-6ol",1.0063461782371577,['_0057']
2004,megamat_old,2019-03-07,2,eug,2-but,"eug, 2-but",1.0678337125137287,['_0057']
2005,megamat_old,2019-03-07,2,eug,6al,"eug, 6al",1.0716498223162991,['_0057']
2006,megamat_old,2019-03-07,2,eug,ECin,"eug, ECin",0.9510368964945948,['_0057']
2007,megamat_old,2019-03-07,2,eug,benz,"eug, benz",1.0638967450008576,['_0057']
2008,megamat_old,2019-03-07,2,eug,eb,"eug, eb",1.0864701053739512,['_0057']
2009,megamat_old,2019-03-07,2,eug,eug,"eug, eug",0.0,['_0057']
2010,megamat_old,2019-03-07,2,eug,ms,"eug, ms",1.097053072042055,['_0057']
2011,megamat_old,2019-03-07,2,eug,va,"eug, va",0.9697374200398252,['_0057']
2012,megamat_old,2019-03-07,2,g-6lac,1-6ol,"g-6lac, 1-6ol",0.9864203083434868,['_003']
2013,megamat_old,2019-03-07,2,g-6lac,1p3ol,"g-6lac, 1p3ol",0.6550018310259806,['_003']
2014,megamat_old,2019-03-07,2,g-6lac,2-but,"g-6lac, 2-but",0.9742196656547504,['_003']
2015,megamat_old,2019-03-07,2,g-6lac,2h,"g-6lac, 2h",0.8531438142913568,['_003']
2016,megamat_old,2019-03-07,2,g-6lac,IaA,"g-6lac, IaA",1.0346742443991956,['_003']
2017,megamat_old,2019-03-07,2,g-6lac,Lin,"g-6lac, Lin",1.0488153632730814,['_003']
2018,megamat_old,2019-03-07,2,g-6lac,MethOct,"g-6lac, MethOct",0.6490999576983434,['_003']
2019,megamat_old,2019-03-07,2,g-6lac,g-6lac,"g-6lac, g-6lac",0.0,['_003']
2020,megamat_old,2019-03-07,2,g-6lac,pfo,"g-6lac, pfo",0.8281521632012223,['_003']
2021,megamat_old,2019-03-07,2,ms,1-6ol,"ms, 1-6ol",1.097823061438432,['_0057']
2022,megamat_old,2019-03-07,2,ms,2-but,"ms, 2-but",0.8855580726503669,['_0057']
2023,megamat_old,2019-03-07,2,ms,6al,"ms, 6al",1.0443247881714044,['_0057']
2024,megamat_old,2019-03-07,2,ms,ECin,"ms, ECin",0.8667858468677053,['_0057']
2025,megamat_old,2019-03-07,2,ms,benz,"ms, benz",1.029894866520369,['_0057']
2026,megamat_old,2019-03-07,2,ms,eb,"ms, eb",1.043282901223055,['_0057']
2027,megamat_old,2019-03-07,2,ms,eug,"ms, eug",1.097053072042055,['_0057']
2028,megamat_old,2019-03-07,2,ms,ms,"ms, ms",0.0,['_0057']
2029,megamat_old,2019-03-07,2,ms,va,"ms, va",1.0956539140168329,['_0057']
2030,megamat_old,2019-03-07,2,pfo,1-6ol,"pfo, 1-6ol",0.9282283656747912,['_003']
2031,megamat_old,2019-03-07,2,pfo,1p3ol,"pfo, 1p3ol",0.9146627028427756,['_003']
2032,megamat_old,2019-03-07,2,pfo,2-but,"pfo, 2-but",0.945191180031652,['_003']
2033,megamat_old,2019-03-07,2,pfo,2h,"pfo, 2h",0.8297411020973534,['_003']
2034,megamat_old,2019-03-07,2,pfo,IaA,"pfo, IaA",1.091694610368831,['_003']
2035,megamat_old,2019-03-07,2,pfo,Lin,"pfo, Lin",0.8239550212626224,['_003']
2036,megamat_old,2019-03-07,2,pfo,MethOct,"pfo, MethOct",0.7735415637949195,['_003']
2037,megamat_old,2019-03-07,2,pfo,g-6lac,"pfo, g-6lac",0.8281521632012223,['_003']
2038,megamat_old,2019-03-07,2,pfo,pfo,"pfo, pfo",0.0,['_003']
2039,megamat_old,2019-03-07,2,va,1-6ol,"va, 1-6ol",0.9919927437958388,['_0057']
2040,megamat_old,2019-03-07,2,va,2-but,"va, 2-but",1.1008117579342651,['_0057']
2041,megamat_old,2019-03-07,2,va,6al,"va, 6al",0.8876845366725685,['_0057']
2042,megamat_old,2019-03-07,2,va,ECin,"va, ECin",0.9206614043762864,['_0057']
2043,megamat_old,2019-03-07,2,va,benz,"va, benz",0.9833927097865416,['_0057']
2044,megamat_old,2019-03-07,2,va,eb,"va, eb",1.0304907877259608,['_0057']
2045,megamat_old,2019-03-07,2,va,eug,"va, eug",0.9697374200398252,['_0057']
2046,megamat_old,2019-03-07,2,va,ms,"va, ms",1.0956539140168329,['_0057']
2047,megamat_old,2019-03-07,2,va,va,"va, va",0.0,['_0057']
2048,megamat_old,2019-04-26,4,1-6ol,1-6ol,"1-6ol, 1-6ol",0.0,['fn_0002']
2049,megamat_old,2019-04-26,4,1-6ol,1-8ol,"1-6ol, 1-8ol",0.3912860771354749,['fn_0002']
2050,megamat_old,2019-04-26,4,1-6ol,2h,"1-6ol, 2h",0.8124208318855166,['fn_0002']
2051,megamat_old,2019-04-26,4,1-6ol,MethOct,"1-6ol, MethOct",1.0402123737675288,['fn_0002']
2052,megamat_old,2019-04-26,4,1-6ol,benz,"1-6ol, benz",0.8564299334793266,['fn_0002']
2053,megamat_old,2019-04-26,4,1-6ol,eb,"1-6ol, eb",1.0309950036300295,['fn_0002']
2054,megamat_old,2019-04-26,4,1-6ol,ep,"1-6ol, ep",0.9823300842396476,['fn_0002']
2055,megamat_old,2019-04-26,4,1-6ol,eug,"1-6ol, eug",1.0667548331042611,['fn_0002']
2056,megamat_old,2019-04-26,4,1-6ol,ms,"1-6ol, ms",1.033305262175646,['fn_0002']
2057,megamat_old,2019-04-26,4,1-8ol,1-6ol,"1-8ol, 1-6ol",0.3912860771354749,['fn_0002']
2058,megamat_old,2019-04-26,4,1-8ol,1-8ol,"1-8ol, 1-8ol",0.0,['fn_0002']
2059,megamat_old,2019-04-26,4,1-8ol,2h,"1-8ol, 2h",0.8346645441222103,['fn_0002']
2060,megamat_old,2019-04-26,4,1-8ol,MethOct,"1-8ol, MethOct",0.997256836298676,['fn_0002']
2061,megamat_old,2019-04-26,4,1-8ol,benz,"1-8ol, benz",0.9691681009689448,['fn_0002']
2062,megamat_old,2019-04-26,4,1-8ol,eb,"1-8ol, eb",1.0549371781700658,['fn_0002']
2063,megamat_old,2019-04-26,4,1-8ol,ep,"1-8ol, ep",1.0743967728910206,['fn_0002']
2064,megamat_old,2019-04-26,4,1-8ol,eug,"1-8ol, eug",1.0495664902871986,['fn_0002']
2065,megamat_old,2019-04-26,4,1-8ol,ms,"1-8ol, ms",0.9514779626174222,['fn_0002']
2066,megamat_old,2019-04-26,4,2h,1-6ol,"2h, 1-6ol",0.8124208318855166,['fn_0002']
2067,megamat_old,2019-04-26,4,2h,1-8ol,"2h, 1-8ol",0.8346645441222103,['fn_0002']
2068,megamat_old,2019-04-26,4,2h,2h,"2h, 2h",0.0,['fn_0002']
2069,megamat_old,2019-04-26,4,2h,MethOct,"2h, MethOct",0.6092047266621496,['fn_0002']
2070,megamat_old,2019-04-26,4,2h,benz,"2h, benz",0.9158089448254818,['fn_0002']
2071,megamat_old,2019-04-26,4,2h,eb,"2h, eb",0.8709505079931567,['fn_0002']
2072,megamat_old,2019-04-26,4,2h,ep,"2h, ep",1.0646209174600214,['fn_0002']
2073,megamat_old,2019-04-26,4,2h,eug,"2h, eug",1.0488247838158435,['fn_0002']
2074,megamat_old,2019-04-26,4,2h,ms,"2h, ms",0.9868131652625136,['fn_0002']
2075,megamat_old,2019-04-26,4,MethOct,1-6ol,"MethOct, 1-6ol",1.0402123737675288,['fn_0002']
2076,megamat_old,2019-04-26,4,MethOct,1-8ol,"MethOct, 1-8ol",0.997256836298676,['fn_0002']
2077,megamat_old,2019-04-26,4,MethOct,2h,"MethOct, 2h",0.6092047266621496,['fn_0002']
2078,megamat_old,2019-04-26,4,MethOct,MethOct,"MethOct, MethOct",0.0,['fn_0002']
2079,megamat_old,2019-04-26,4,MethOct,benz,"MethOct, benz",1.006809239570036,['fn_0002']
2080,megamat_old,2019-04-26,4,MethOct,eb,"MethOct, eb",0.7275815189965426,['fn_0002']
2081,megamat_old,2019-04-26,4,MethOct,ep,"MethOct, ep",0.9546813234075404,['fn_0002']
2082,megamat_old,2019-04-26,4,MethOct,eug,"MethOct, eug",0.960400353903115,['fn_0002']
2083,megamat_old,2019-04-26,4,MethOct,ms,"MethOct, ms",0.9537408996446732,['fn_0002']
2084,megamat_old,2019-04-26,4,benz,1-6ol,"benz, 1-6ol",0.8564299334793266,['fn_0002']
2085,megamat_old,2019-04-26,4,benz,1-8ol,"benz, 1-8ol",0.9691681009689448,['fn_0002']
2086,megamat_old,2019-04-26,4,benz,2h,"benz, 2h",0.9158089448254818,['fn_0002']
2087,megamat_old,2019-04-26,4,benz,MethOct,"benz, MethOct",1.006809239570036,['fn_0002']
2088,megamat_old,2019-04-26,4,benz,benz,"benz, benz",0.0,['fn_0002']
2089,megamat_old,2019-04-26,4,benz,eb,"benz, eb",1.0909760011558258,['fn_0002']
2090,megamat_old,2019-04-26,4,benz,ep,"benz, ep",1.1028952911878045,['fn_0002']
2091,megamat_old,2019-04-26,4,benz,eug,"benz, eug",0.9859351155068956,['fn_0002']
2092,megamat_old,2019-04-26,4,benz,ms,"benz, ms",0.957246709823266,['fn_0002']
2093,megamat_old,2019-04-26,4,eb,1-6ol,"eb, 1-6ol",1.0309950036300295,['fn_0002']
2094,megamat_old,2019-04-26,4,eb,1-8ol,"eb, 1-8ol",1.0549371781700658,['fn_0002']
2095,megamat_old,2019-04-26,4,eb,2h,"eb, 2h",0.8709505079931567,['fn_0002']
2096,megamat_old,2019-04-26,4,eb,MethOct,"eb, MethOct",0.7275815189965426,['fn_0002']
2097,megamat_old,2019-04-26,4,eb,benz,"eb, benz",1.0909760011558258,['fn_0002']
2098,megamat_old,2019-04-26,4,eb,eb,"eb, eb",0.0,['fn_0002']
2099,megamat_old,2019-04-26,4,eb,ep,"eb, ep",0.5393595470516208,['fn_0002']
2100,megamat_old,2019-04-26,4,eb,eug,"eb, eug",1.0681097125676269,['fn_0002']
2101,megamat_old,2019-04-26,4,eb,ms,"eb, ms",1.0565867137942473,['fn_0002']
2102,megamat_old,2019-04-26,4,ep,1-6ol,"ep, 1-6ol",0.9823300842396476,['fn_0002']
2103,megamat_old,2019-04-26,4,ep,1-8ol,"ep, 1-8ol",1.0743967728910206,['fn_0002']
2104,megamat_old,2019-04-26,4,ep,2h,"ep, 2h",1.0646209174600214,['fn_0002']
2105,megamat_old,2019-04-26,4,ep,MethOct,"ep, MethOct",0.9546813234075404,['fn_0002']
2106,megamat_old,2019-04-26,4,ep,benz,"ep, benz",1.1028952911878045,['fn_0002']
2107,megamat_old,2019-04-26,4,ep,eb,"ep, eb",0.5393595470516208,['fn_0002']
2108,megamat_old,2019-04-26,4,ep,ep,"ep, ep",0.0,['fn_0002']
2109,megamat_old,2019-04-26,4,ep,eug,"ep, eug",1.053222501967764,['fn_0002']
2110,megamat_old,2019-04-26,4,ep,ms,"ep, ms",1.0812378784946737,['fn_0002']
2111,megamat_old,2019-04-26,4,eug,1-6ol,"eug, 1-6ol",1.0667548331042611,['fn_0002']
2112,megamat_old,2019-04-26,4,eug,1-8ol,"eug, 1-8ol",1.0495664902871986,['fn_0002']
2113,megamat_old,2019-04-26,4,eug,2h,"eug, 2h",1.0488247838158435,['fn_0002']
2114,megamat_old,2019-04-26,4,eug,MethOct,"eug, MethOct",0.960400353903115,['fn_0002']
2115,megamat_old,2019-04-26,4,eug,benz,"eug, benz",0.9859351155068956,['fn_0002']
2116,megamat_old,2019-04-26,4,eug,eb,"eug, eb",1.0681097125676269,['fn_0002']
2117,megamat_old,2019-04-26,4,eug,ep,"eug, ep",1.053222501967764,['fn_0002']
2118,megamat_old,2019-04-26,4,eug,eug,"eug, eug",0.0,['fn_0002']
2119,megamat_old,2019-04-26,4,eug,ms,"eug, ms",0.937751380732588,['fn_0002']
2120,megamat_old,2019-04-26,4,ms,1-6ol,"ms, 1-6ol",1.033305262175646,['fn_0002']
2121,megamat_old,2019-04-26,4,ms,1-8ol,"ms, 1-8ol",0.9514779626174222,['fn_0002']
2122,megamat_old,2019-04-26,4,ms,2h,"ms, 2h",0.9868131652625136,['fn_0002']
2123,megamat_old,2019-04-26,4,ms,MethOct,"ms, MethOct",0.9537408996446732,['fn_0002']
2124,megamat_old,2019-04-26,4,ms,benz,"ms, benz",0.957246709823266,['fn_0002']
2125,megamat_old,2019-04-26,4,ms,eb,"ms, eb",1.0565867137942473,['fn_0002']
2126,megamat_old,2019-04-26,4,ms,ep,"ms, ep",1.0812378784946737,['fn_0002']
2127,megamat_old,2019-04-26,4,ms,eug,"ms, eug",0.937751380732588,['fn_0002']
2128,megamat_old,2019-04-26,4,ms,ms,"ms, ms",0.0,['fn_0002']
2129,megamat_old,2019-05-09,4,1-6ol,1-6ol,"1-6ol, 1-6ol",0.0,['fn_0003']
2130,megamat_old,2019-05-09,4,1-6ol,1p3ol,"1-6ol, 1p3ol",0.9369407656851,['fn_0003']
2131,megamat_old,2019-05-09,4,1-6ol,2-but,"1-6ol, 2-but",1.0202615787034246,['fn_0003']
2132,megamat_old,2019-05-09,4,1-6ol,MethOct,"1-6ol, MethOct",1.029086982890728,['fn_0003']
2133,megamat_old,2019-05-09,4,1-6ol,PropAc,"1-6ol, PropAc",1.0078124394305077,['fn_0003']
2134,megamat_old,2019-05-09,4,1-6ol,benz,"1-6ol, benz",1.003305334728803,['fn_0003']
2135,megamat_old,2019-05-09,4,1-6ol,ep,"1-6ol, ep",1.0693714981207698,['fn_0003']
2136,megamat_old,2019-05-09,4,1-6ol,eug,"1-6ol, eug",1.0055295838140552,['fn_0003']
2137,megamat_old,2019-05-09,4,1-6ol,va,"1-6ol, va",1.1029507129058165,['fn_0003']
2138,megamat_old,2019-05-09,4,1-8ol,1-8ol,"1-8ol, 1-8ol",0.0,['fn_0001']
2139,megamat_old,2019-05-09,4,1-8ol,2h,"1-8ol, 2h",1.0755906306573069,['fn_0001']
2140,megamat_old,2019-05-09,4,1-8ol,6al,"1-8ol, 6al",0.4961863229893893,['fn_0001']
2141,megamat_old,2019-05-09,4,1-8ol,B-cit,"1-8ol, B-cit",0.7375959581955699,['fn_0001']
2142,megamat_old,2019-05-09,4,1-8ol,IaA,"1-8ol, IaA",1.0854269781611752,['fn_0001']
2143,megamat_old,2019-05-09,4,1-8ol,pa,"1-8ol, pa",1.030074509273643,['fn_0001']
2144,megamat_old,2019-05-09,4,1-8ol,pfo,"1-8ol, pfo",1.0233503011907212,['fn_0001']
2145,megamat_old,2019-05-09,4,1-8ol,t2h,"1-8ol, t2h",0.7369723169803334,['fn_0001']
2146,megamat_old,2019-05-09,4,1-8ol,va,"1-8ol, va",1.0373994314027295,['fn_0001']
2147,megamat_old,2019-05-09,4,1p3ol,1-6ol,"1p3ol, 1-6ol",0.9369407656851,['fn_0003']
2148,megamat_old,2019-05-09,4,1p3ol,1p3ol,"1p3ol, 1p3ol",0.0,['fn_0003']
2149,megamat_old,2019-05-09,4,1p3ol,2-but,"1p3ol, 2-but",0.9642978226683558,['fn_0003']
2150,megamat_old,2019-05-09,4,1p3ol,MethOct,"1p3ol, MethOct",0.940652997062183,['fn_0003']
2151,megamat_old,2019-05-09,4,1p3ol,PropAc,"1p3ol, PropAc",1.0136556375978345,['fn_0003']
2152,megamat_old,2019-05-09,4,1p3ol,benz,"1p3ol, benz",0.9648012137145808,['fn_0003']
2153,megamat_old,2019-05-09,4,1p3ol,ep,"1p3ol, ep",0.9541735027647829,['fn_0003']
2154,megamat_old,2019-05-09,4,1p3ol,eug,"1p3ol, eug",0.7859372659059655,['fn_0003']
2155,megamat_old,2019-05-09,4,1p3ol,va,"1p3ol, va",0.7644981374135573,['fn_0003']
2156,megamat_old,2019-05-09,4,2-but,1-6ol,"2-but, 1-6ol",1.0202615787034246,['fn_0003']
2157,megamat_old,2019-05-09,4,2-but,1p3ol,"2-but, 1p3ol",0.9642978226683558,['fn_0003']
2158,megamat_old,2019-05-09,4,2-but,2-but,"2-but, 2-but",0.0,['fn_0003']
2159,megamat_old,2019-05-09,4,2-but,MethOct,"2-but, MethOct",1.0094395798501437,['fn_0003']
2160,megamat_old,2019-05-09,4,2-but,PropAc,"2-but, PropAc",0.9870201203631904,['fn_0003']
2161,megamat_old,2019-05-09,4,2-but,benz,"2-but, benz",0.9961287953587388,['fn_0003']
2162,megamat_old,2019-05-09,4,2-but,ep,"2-but, ep",0.6291149039224376,['fn_0003']
2163,megamat_old,2019-05-09,4,2-but,eug,"2-but, eug",0.9867582138937172,['fn_0003']
2164,megamat_old,2019-05-09,4,2-but,va,"2-but, va",1.0335018472597852,['fn_0003']
2165,megamat_old,2019-05-09,4,2h,1-8ol,"2h, 1-8ol",1.0755906306573069,['fn_0001']
2166,megamat_old,2019-05-09,4,2h,2h,"2h, 2h",0.0,['fn_0001']
2167,megamat_old,2019-05-09,4,2h,6al,"2h, 6al",1.0917216600254072,['fn_0001']
2168,megamat_old,2019-05-09,4,2h,B-cit,"2h, B-cit",1.133076472225662,['fn_0001']
2169,megamat_old,2019-05-09,4,2h,IaA,"2h, IaA",0.4274683313446537,['fn_0001']
2170,megamat_old,2019-05-09,4,2h,pa,"2h, pa",0.6322771305410161,['fn_0001']
2171,megamat_old,2019-05-09,4,2h,pfo,"2h, pfo",1.0285581740813217,['fn_0001']
2172,megamat_old,2019-05-09,4,2h,t2h,"2h, t2h",1.1289749091520396,['fn_0001']
2173,megamat_old,2019-05-09,4,2h,va,"2h, va",1.0866067148431502,['fn_0001']
2174,megamat_old,2019-05-09,4,6al,1-8ol,"6al, 1-8ol",0.4961863229893893,['fn_0001']
2175,megamat_old,2019-05-09,4,6al,2h,"6al, 2h",1.0917216600254072,['fn_0001']
2176,megamat_old,2019-05-09,4,6al,6al,"6al, 6al",0.0,['fn_0001']
2177,megamat_old,2019-05-09,4,6al,B-cit,"6al, B-cit",1.0414090659458797,['fn_0001']
2178,megamat_old,2019-05-09,4,6al,IaA,"6al, IaA",1.1360701452010675,['fn_0001']
2179,megamat_old,2019-05-09,4,6al,pa,"6al, pa",1.0014862420738166,['fn_0001']
2180,megamat_old,2019-05-09,4,6al,pfo,"6al, pfo",1.0825789034415731,['fn_0001']
2181,megamat_old,2019-05-09,4,6al,t2h,"6al, t2h",0.493827815285153,['fn_0001']
2182,megamat_old,2019-05-09,4,6al,va,"6al, va",0.9854592329230422,['fn_0001']
2183,megamat_old,2019-05-09,4,B-cit,1-8ol,"B-cit, 1-8ol",0.7375959581955699,['fn_0001']
2184,megamat_old,2019-05-09,4,B-cit,2h,"B-cit, 2h",1.133076472225662,['fn_0001']
2185,megamat_old,2019-05-09,4,B-cit,6al,"B-cit, 6al",1.0414090659458797,['fn_0001']
2186,megamat_old,2019-05-09,4,B-cit,B-cit,"B-cit, B-cit",0.0,['fn_0001']
2187,megamat_old,2019-05-09,4,B-cit,IaA,"B-cit, IaA",1.0564000583122342,['fn_0001']
2188,megamat_old,2019-05-09,4,B-cit,pa,"B-cit, pa",1.0902825973401156,['fn_0001']
2189,megamat_old,2019-05-09,4,B-cit,pfo,"B-cit, pfo",0.9244151040585918,['fn_0001']
2190,megamat_old,2019-05-09,4,B-cit,t2h,"B-cit, t2h",1.0118927428287678,['fn_0001']
2191,megamat_old,2019-05-09,4,B-cit,va,"B-cit, va",1.014294081584218,['fn_0001']
2192,megamat_old,2019-05-09,4,IaA,1-8ol,"IaA, 1-8ol",1.0854269781611752,['fn_0001']
2193,megamat_old,2019-05-09,4,IaA,2h,"IaA, 2h",0.4274683313446537,['fn_0001']
2194,megamat_old,2019-05-09,4,IaA,6al,"IaA, 6al",1.1360701452010675,['fn_0001']
2195,megamat_old,2019-05-09,4,IaA,B-cit,"IaA, B-cit",1.0564000583122342,['fn_0001']
2196,megamat_old,2019-05-09,4,IaA,IaA,"IaA, IaA",0.0,['fn_0001']
2197,megamat_old,2019-05-09,4,IaA,pa,"IaA, pa",0.8232625838695802,['fn_0001']
2198,megamat_old,2019-05-09,4,IaA,pfo,"IaA, pfo",1.046486193730617,['fn_0001']
2199,megamat_old,2019-05-09,4,IaA,t2h,"IaA, t2h",1.140848950629895,['fn_0001']
2200,megamat_old,2019-05-09,4,IaA,va,"IaA, va",1.1204654953139777,['fn_0001']
2201,megamat_old,2019-05-09,4,MethOct,1-6ol,"MethOct, 1-6ol",1.029086982890728,['fn_0003']
2202,megamat_old,2019-05-09,4,MethOct,1p3ol,"MethOct, 1p3ol",0.940652997062183,['fn_0003']
2203,megamat_old,2019-05-09,4,MethOct,2-but,"MethOct, 2-but",1.0094395798501437,['fn_0003']
2204,megamat_old,2019-05-09,4,MethOct,MethOct,"MethOct, MethOct",0.0,['fn_0003']
2205,megamat_old,2019-05-09,4,MethOct,PropAc,"MethOct, PropAc",0.8555386899765773,['fn_0003']
2206,megamat_old,2019-05-09,4,MethOct,benz,"MethOct, benz",0.938765241944136,['fn_0003']
2207,megamat_old,2019-05-09,4,MethOct,ep,"MethOct, ep",0.9861369924970372,['fn_0003']
2208,megamat_old,2019-05-09,4,MethOct,eug,"MethOct, eug",0.8280571572759116,['fn_0003']
2209,megamat_old,2019-05-09,4,MethOct,va,"MethOct, va",0.9273286935734908,['fn_0003']
2210,megamat_old,2019-05-09,4,PropAc,1-6ol,"PropAc, 1-6ol",1.0078124394305077,['fn_0003']
2211,megamat_old,2019-05-09,4,PropAc,1p3ol,"PropAc, 1p3ol",1.0136556375978345,['fn_0003']
2212,megamat_old,2019-05-09,4,PropAc,2-but,"PropAc, 2-but",0.9870201203631904,['fn_0003']
2213,megamat_old,2019-05-09,4,PropAc,MethOct,"PropAc, MethOct",0.8555386899765773,['fn_0003']
2214,megamat_old,2019-05-09,4,PropAc,PropAc,"PropAc, PropAc",0.0,['fn_0003']
2215,megamat_old,2019-05-09,4,PropAc,benz,"PropAc, benz",1.0040804207160623,['fn_0003']
2216,megamat_old,2019-05-09,4,PropAc,ep,"PropAc, ep",0.565363973892822,['fn_0003']
2217,megamat_old,2019-05-09,4,PropAc,eug,"PropAc, eug",1.0832768002071944,['fn_0003']
2218,megamat_old,2019-05-09,4,PropAc,va,"PropAc, va",1.106137449655321,['fn_0003']
2219,megamat_old,2019-05-09,4,benz,1-6ol,"benz, 1-6ol",1.003305334728803,['fn_0003']
2220,megamat_old,2019-05-09,4,benz,1p3ol,"benz, 1p3ol",0.9648012137145808,['fn_0003']
2221,megamat_old,2019-05-09,4,benz,2-but,"benz, 2-but",0.9961287953587388,['fn_0003']
2222,megamat_old,2019-05-09,4,benz,MethOct,"benz, MethOct",0.938765241944136,['fn_0003']
2223,megamat_old,2019-05-09,4,benz,PropAc,"benz, PropAc",1.0040804207160623,['fn_0003']
2224,megamat_old,2019-05-09,4,benz,benz,"benz, benz",0.0,['fn_0003']
2225,megamat_old,2019-05-09,4,benz,ep,"benz, ep",1.0281668921596467,['fn_0003']
2226,megamat_old,2019-05-09,4,benz,eug,"benz, eug",0.8812904918146046,['fn_0003']
2227,megamat_old,2019-05-09,4,benz,va,"benz, va",1.027892244678725,['fn_0003']
2228,megamat_old,2019-05-09,4,ep,1-6ol,"ep, 1-6ol",1.0693714981207698,['fn_0003']
2229,megamat_old,2019-05-09,4,ep,1p3ol,"ep, 1p3ol",0.9541735027647829,['fn_0003']
2230,megamat_old,2019-05-09,4,ep,2-but,"ep, 2-but",0.6291149039224376,['fn_0003']
2231,megamat_old,2019-05-09,4,ep,MethOct,"ep, MethOct",0.9861369924970372,['fn_0003']
2232,megamat_old,2019-05-09,4,ep,PropAc,"ep, PropAc",0.565363973892822,['fn_0003']
2233,megamat_old,2019-05-09,4,ep,benz,"ep, benz",1.0281668921596467,['fn_0003']
2234,megamat_old,2019-05-09,4,ep,ep,"ep, ep",0.0,['fn_0003']
2235,megamat_old,2019-05-09,4,ep,eug,"ep, eug",1.076303914080083,['fn_0003']
2236,megamat_old,2019-05-09,4,ep,va,"ep, va",1.105948463951162,['fn_0003']
2237,megamat_old,2019-05-09,4,eug,1-6ol,"eug, 1-6ol",1.0055295838140552,['fn_0003']
2238,megamat_old,2019-05-09,4,eug,1p3ol,"eug, 1p3ol",0.7859372659059655,['fn_0003']
2239,megamat_old,2019-05-09,4,eug,2-but,"eug, 2-but",0.9867582138937172,['fn_0003']
2240,megamat_old,2019-05-09,4,eug,MethOct,"eug, MethOct",0.8280571572759116,['fn_0003']
2241,megamat_old,2019-05-09,4,eug,PropAc,"eug, PropAc",1.0832768002071944,['fn_0003']
2242,megamat_old,2019-05-09,4,eug,benz,"eug, benz",0.8812904918146046,['fn_0003']
2243,megamat_old,2019-05-09,4,eug,ep,"eug, ep",1.076303914080083,['fn_0003']
2244,megamat_old,2019-05-09,4,eug,eug,"eug, eug",0.0,['fn_0003']
2245,megamat_old,2019-05-09,4,eug,va,"eug, va",0.9663847953741952,['fn_0003']
2246,megamat_old,2019-05-09,4,pa,1-8ol,"pa, 1-8ol",1.030074509273643,['fn_0001']
2247,megamat_old,2019-05-09,4,pa,2h,"pa, 2h",0.6322771305410161,['fn_0001']
2248,megamat_old,2019-05-09,4,pa,6al,"pa, 6al",1.0014862420738166,['fn_0001']
2249,megamat_old,2019-05-09,4,pa,B-cit,"pa, B-cit",1.0902825973401156,['fn_0001']
2250,megamat_old,2019-05-09,4,pa,IaA,"pa, IaA",0.8232625838695802,['fn_0001']
2251,megamat_old,2019-05-09,4,pa,pa,"pa, pa",0.0,['fn_0001']
2252,megamat_old,2019-05-09,4,pa,pfo,"pa, pfo",1.0235993473685367,['fn_0001']
2253,megamat_old,2019-05-09,4,pa,t2h,"pa, t2h",1.1474188513772727,['fn_0001']
2254,megamat_old,2019-05-09,4,pa,va,"pa, va",1.0717767147934012,['fn_0001']
2255,megamat_old,2019-05-09,4,pfo,1-8ol,"pfo, 1-8ol",1.0233503011907212,['fn_0001']
2256,megamat_old,2019-05-09,4,pfo,2h,"pfo, 2h",1.0285581740813217,['fn_0001']
2257,megamat_old,2019-05-09,4,pfo,6al,"pfo, 6al",1.0825789034415731,['fn_0001']
2258,megamat_old,2019-05-09,4,pfo,B-cit,"pfo, B-cit",0.9244151040585918,['fn_0001']
2259,megamat_old,2019-05-09,4,pfo,IaA,"pfo, IaA",1.046486193730617,['fn_0001']
2260,megamat_old,2019-05-09,4,pfo,pa,"pfo, pa",1.0235993473685367,['fn_0001']
2261,megamat_old,2019-05-09,4,pfo,pfo,"pfo, pfo",0.0,['fn_0001']
2262,megamat_old,2019-05-09,4,pfo,t2h,"pfo, t2h",1.0773923185091134,['fn_0001']
2263,megamat_old,2019-05-09,4,pfo,va,"pfo, va",0.9488728509357556,['fn_0001']
2264,megamat_old,2019-05-09,4,t2h,1-8ol,"t2h, 1-8ol",0.7369723169803334,['fn_0001']
2265,megamat_old,2019-05-09,4,t2h,2h,"t2h, 2h",1.1289749091520396,['fn_0001']
2266,megamat_old,2019-05-09,4,t2h,6al,"t2h, 6al",0.493827815285153,['fn_0001']
2267,megamat_old,2019-05-09,4,t2h,B-cit,"t2h, B-cit",1.0118927428287678,['fn_0001']
2268,megamat_old,2019-05-09,4,t2h,IaA,"t2h, IaA",1.140848950629895,['fn_0001']
2269,megamat_old,2019-05-09,4,t2h,pa,"t2h, pa",1.1474188513772727,['fn_0001']
2270,megamat_old,2019-05-09,4,t2h,pfo,"t2h, pfo",1.0773923185091134,['fn_0001']
2271,megamat_old,2019-05-09,4,t2h,t2h,"t2h, t2h",0.0,['fn_0001']
2272,megamat_old,2019-05-09,4,t2h,va,"t2h, va",0.8702233756360517,['fn_0001']
2273,megamat_old,2019-05-09,4,va,1-6ol,"va, 1-6ol",1.1029507129058165,['fn_0003']
2274,megamat_old,2019-05-09,4,va,1-8ol,"va, 1-8ol",1.0373994314027295,['fn_0001']
2275,megamat_old,2019-05-09,4,va,1p3ol,"va, 1p3ol",0.7644981374135573,['fn_0003']
2276,megamat_old,2019-05-09,4,va,2-but,"va, 2-but",1.0335018472597852,['fn_0003']
2277,megamat_old,2019-05-09,4,va,2h,"va, 2h",1.0866067148431502,['fn_0001']
2278,megamat_old,2019-05-09,4,va,6al,"va, 6al",0.9854592329230422,['fn_0001']
2279,megamat_old,2019-05-09,4,va,B-cit,"va, B-cit",1.014294081584218,['fn_0001']
2280,megamat_old,2019-05-09,4,va,IaA,"va, IaA",1.1204654953139777,['fn_0001']
2281,megamat_old,2019-05-09,4,va,MethOct,"va, MethOct",0.9273286935734908,['fn_0003']
2282,megamat_old,2019-05-09,4,va,PropAc,"va, PropAc",1.106137449655321,['fn_0003']
2283,megamat_old,2019-05-09,4,va,benz,"va, benz",1.027892244678725,['fn_0003']
2284,megamat_old,2019-05-09,4,va,ep,"va, ep",1.105948463951162,['fn_0003']
2285,megamat_old,2019-05-09,4,va,eug,"va, eug",0.9663847953741952,['fn_0003']
2286,megamat_old,2019-05-09,4,va,pa,"va, pa",1.0717767147934012,['fn_0001']
2287,megamat_old,2019-05-09,4,va,pfo,"va, pfo",0.9488728509357556,['fn_0001']
2288,megamat_old,2019-05-09,4,va,t2h,"va, t2h",0.8702233756360517,['fn_0001']
2289,megamat_old,2019-05-09,4,va,va,"va, va",0.0,"['fn_0001', 'fn_0003']"
2290,megamat_old,2019-05-09,5,1-6ol,1-6ol,"1-6ol, 1-6ol",0.0,['fn_0001']
2291,megamat_old,2019-05-09,5,1-6ol,1p3ol,"1-6ol, 1p3ol",1.098579584590393,['fn_0001']
2292,megamat_old,2019-05-09,5,1-6ol,2-but,"1-6ol, 2-but",1.0939001699167796,['fn_0001']
2293,megamat_old,2019-05-09,5,1-6ol,MethOct,"1-6ol, MethOct",0.9597024854438898,['fn_0001']
2294,megamat_old,2019-05-09,5,1-6ol,PropAc,"1-6ol, PropAc",0.996727140410525,['fn_0001']
2295,megamat_old,2019-05-09,5,1-6ol,benz,"1-6ol, benz",0.9895499438398808,['fn_0001']
2296,megamat_old,2019-05-09,5,1-6ol,ep,"1-6ol, ep",1.0885651921154569,['fn_0001']
2297,megamat_old,2019-05-09,5,1-6ol,eug,"1-6ol, eug",1.0927655586622254,['fn_0001']
2298,megamat_old,2019-05-09,5,1-6ol,va,"1-6ol, va",1.1096828600688575,['fn_0001']
2299,megamat_old,2019-05-09,5,1-8ol,1-8ol,"1-8ol, 1-8ol",0.0,['fn_0002']
2300,megamat_old,2019-05-09,5,1-8ol,2h,"1-8ol, 2h",0.9457430143886584,['fn_0002']
2301,megamat_old,2019-05-09,5,1-8ol,6al,"1-8ol, 6al",1.045013491977984,['fn_0002']
2302,megamat_old,2019-05-09,5,1-8ol,B-cit,"1-8ol, B-cit",0.5922525488249814,['fn_0002']
2303,megamat_old,2019-05-09,5,1-8ol,IaA,"1-8ol, IaA",0.937274588613644,['fn_0002']
2304,megamat_old,2019-05-09,5,1-8ol,benz,"1-8ol, benz",1.0096329075979151,['fn_0002']
2305,megamat_old,2019-05-09,5,1-8ol,pa,"1-8ol, pa",1.054001340909393,['fn_0002']
2306,megamat_old,2019-05-09,5,1-8ol,pfo,"1-8ol, pfo",0.9388758666126342,['fn_0002']
2307,megamat_old,2019-05-09,5,1-8ol,t2h,"1-8ol, t2h",1.009757437672183,['fn_0002']
2308,megamat_old,2019-05-09,5,1p3ol,1-6ol,"1p3ol, 1-6ol",1.098579584590393,['fn_0001']
2309,megamat_old,2019-05-09,5,1p3ol,1p3ol,"1p3ol, 1p3ol",0.0,['fn_0001']
2310,megamat_old,2019-05-09,5,1p3ol,2-but,"1p3ol, 2-but",1.0488946943340447,['fn_0001']
2311,megamat_old,2019-05-09,5,1p3ol,MethOct,"1p3ol, MethOct",0.8580483569591203,['fn_0001']
2312,megamat_old,2019-05-09,5,1p3ol,PropAc,"1p3ol, PropAc",1.0250114169975526,['fn_0001']
2313,megamat_old,2019-05-09,5,1p3ol,benz,"1p3ol, benz",0.9788497608332168,['fn_0001']
2314,megamat_old,2019-05-09,5,1p3ol,ep,"1p3ol, ep",1.0087376731638318,['fn_0001']
2315,megamat_old,2019-05-09,5,1p3ol,eug,"1p3ol, eug",1.0586800684097115,['fn_0001']
2316,megamat_old,2019-05-09,5,1p3ol,va,"1p3ol, va",0.6561707011451554,['fn_0001']
2317,megamat_old,2019-05-09,5,2-but,1-6ol,"2-but, 1-6ol",1.0939001699167796,['fn_0001']
2318,megamat_old,2019-05-09,5,2-but,1p3ol,"2-but, 1p3ol",1.0488946943340447,['fn_0001']
2319,megamat_old,2019-05-09,5,2-but,2-but,"2-but, 2-but",0.0,['fn_0001']
2320,megamat_old,2019-05-09,5,2-but,MethOct,"2-but, MethOct",1.0860060460226069,['fn_0001']
2321,megamat_old,2019-05-09,5,2-but,PropAc,"2-but, PropAc",0.9809375454360368,['fn_0001']
2322,megamat_old,2019-05-09,5,2-but,benz,"2-but, benz",1.0970231315968464,['fn_0001']
2323,megamat_old,2019-05-09,5,2-but,ep,"2-but, ep",0.5782648458027797,['fn_0001']
2324,megamat_old,2019-05-09,5,2-but,eug,"2-but, eug",1.013347312573791,['fn_0001']
2325,megamat_old,2019-05-09,5,2-but,va,"2-but, va",1.0830228101314845,['fn_0001']
2326,megamat_old,2019-05-09,5,2h,1-8ol,"2h, 1-8ol",0.9457430143886584,['fn_0002']
2327,megamat_old,2019-05-09,5,2h,2h,"2h, 2h",0.0,['fn_0002']
2328,megamat_old,2019-05-09,5,2h,6al,"2h, 6al",1.0204922498624778,['fn_0002']
2329,megamat_old,2019-05-09,5,2h,B-cit,"2h, B-cit",1.0578379916521754,['fn_0002']
2330,megamat_old,2019-05-09,5,2h,IaA,"2h, IaA",0.8271255031060958,['fn_0002']
2331,megamat_old,2019-05-09,5,2h,benz,"2h, benz",1.0720627218865353,['fn_0002']
2332,megamat_old,2019-05-09,5,2h,pa,"2h, pa",0.8865870983542992,['fn_0002']
2333,megamat_old,2019-05-09,5,2h,pfo,"2h, pfo",0.986373646083762,['fn_0002']
2334,megamat_old,2019-05-09,5,2h,t2h,"2h, t2h",1.022276169391475,['fn_0002']
2335,megamat_old,2019-05-09,5,6al,1-8ol,"6al, 1-8ol",1.045013491977984,['fn_0002']
2336,megamat_old,2019-05-09,5,6al,2h,"6al, 2h",1.0204922498624778,['fn_0002']
2337,megamat_old,2019-05-09,5,6al,6al,"6al, 6al",0.0,['fn_0002']
2338,megamat_old,2019-05-09,5,6al,B-cit,"6al, B-cit",1.0086956631733193,['fn_0002']
2339,megamat_old,2019-05-09,5,6al,IaA,"6al, IaA",1.014125751550686,['fn_0002']
2340,megamat_old,2019-05-09,5,6al,benz,"6al, benz",1.0075266496238071,['fn_0002']
2341,megamat_old,2019-05-09,5,6al,pa,"6al, pa",1.0127309010218903,['fn_0002']
2342,megamat_old,2019-05-09,5,6al,pfo,"6al, pfo",1.968827766423059,['fn_0002']
2343,megamat_old,2019-05-09,5,6al,t2h,"6al, t2h",1.011728509214475,['fn_0002']
2344,megamat_old,2019-05-09,5,B-cit,1-8ol,"B-cit, 1-8ol",0.5922525488249814,['fn_0002']
2345,megamat_old,2019-05-09,5,B-cit,2h,"B-cit, 2h",1.0578379916521754,['fn_0002']
2346,megamat_old,2019-05-09,5,B-cit,6al,"B-cit, 6al",1.0086956631733193,['fn_0002']
2347,megamat_old,2019-05-09,5,B-cit,B-cit,"B-cit, B-cit",0.0,['fn_0002']
2348,megamat_old,2019-05-09,5,B-cit,IaA,"B-cit, IaA",1.010627727087189,['fn_0002']
2349,megamat_old,2019-05-09,5,B-cit,benz,"B-cit, benz",0.956925731229242,['fn_0002']
2350,megamat_old,2019-05-09,5,B-cit,pa,"B-cit, pa",1.0759773252360454,['fn_0002']
2351,megamat_old,2019-05-09,5,B-cit,pfo,"B-cit, pfo",0.9843237981438344,['fn_0002']
2352,megamat_old,2019-05-09,5,B-cit,t2h,"B-cit, t2h",1.050529479389149,['fn_0002']
2353,megamat_old,2019-05-09,5,IaA,1-8ol,"IaA, 1-8ol",0.937274588613644,['fn_0002']
2354,megamat_old,2019-05-09,5,IaA,2h,"IaA, 2h",0.8271255031060958,['fn_0002']
2355,megamat_old,2019-05-09,5,IaA,6al,"IaA, 6al",1.014125751550686,['fn_0002']
2356,megamat_old,2019-05-09,5,IaA,B-cit,"IaA, B-cit",1.010627727087189,['fn_0002']
2357,megamat_old,2019-05-09,5,IaA,IaA,"IaA, IaA",0.0,['fn_0002']
2358,megamat_old,2019-05-09,5,IaA,benz,"IaA, benz",0.9742903625011616,['fn_0002']
2359,megamat_old,2019-05-09,5,IaA,pa,"IaA, pa",0.522773672179355,['fn_0002']
2360,megamat_old,2019-05-09,5,IaA,pfo,"IaA, pfo",0.9932837076034612,['fn_0002']
2361,megamat_old,2019-05-09,5,IaA,t2h,"IaA, t2h",0.9652973788872684,['fn_0002']
2362,megamat_old,2019-05-09,5,MethOct,1-6ol,"MethOct, 1-6ol",0.9597024854438898,['fn_0001']
2363,megamat_old,2019-05-09,5,MethOct,1p3ol,"MethOct, 1p3ol",0.8580483569591203,['fn_0001']
2364,megamat_old,2019-05-09,5,MethOct,2-but,"MethOct, 2-but",1.0860060460226069,['fn_0001']
2365,megamat_old,2019-05-09,5,MethOct,MethOct,"MethOct, MethOct",0.0,['fn_0001']
2366,megamat_old,2019-05-09,5,MethOct,PropAc,"MethOct, PropAc",0.6903358233473138,['fn_0001']
2367,megamat_old,2019-05-09,5,MethOct,benz,"MethOct, benz",1.073868371509334,['fn_0001']
2368,megamat_old,2019-05-09,5,MethOct,ep,"MethOct, ep",1.0054651398634116,['fn_0001']
2369,megamat_old,2019-05-09,5,MethOct,eug,"MethOct, eug",1.0344652030406951,['fn_0001']
2370,megamat_old,2019-05-09,5,MethOct,va,"MethOct, va",0.9809866073425244,['fn_0001']
2371,megamat_old,2019-05-09,5,PropAc,1-6ol,"PropAc, 1-6ol",0.996727140410525,['fn_0001']
2372,megamat_old,2019-05-09,5,PropAc,1p3ol,"PropAc, 1p3ol",1.0250114169975526,['fn_0001']
2373,megamat_old,2019-05-09,5,PropAc,2-but,"PropAc, 2-but",0.9809375454360368,['fn_0001']
2374,megamat_old,2019-05-09,5,PropAc,MethOct,"PropAc, MethOct",0.6903358233473138,['fn_0001']
2375,megamat_old,2019-05-09,5,PropAc,PropAc,"PropAc, PropAc",0.0,['fn_0001']
2376,megamat_old,2019-05-09,5,PropAc,benz,"PropAc, benz",1.1378847704517527,['fn_0001']
2377,megamat_old,2019-05-09,5,PropAc,ep,"PropAc, ep",0.8160547026083765,['fn_0001']
2378,megamat_old,2019-05-09,5,PropAc,eug,"PropAc, eug",1.0682123356529538,['fn_0001']
2379,megamat_old,2019-05-09,5,PropAc,va,"PropAc, va",1.0489615942975017,['fn_0001']
2380,megamat_old,2019-05-09,5,benz,1-6ol,"benz, 1-6ol",0.9895499438398808,['fn_0001']
2381,megamat_old,2019-05-09,5,benz,1-8ol,"benz, 1-8ol",1.0096329075979151,['fn_0002']
2382,megamat_old,2019-05-09,5,benz,1p3ol,"benz, 1p3ol",0.9788497608332168,['fn_0001']
2383,megamat_old,2019-05-09,5,benz,2-but,"benz, 2-but",1.0970231315968464,['fn_0001']
2384,megamat_old,2019-05-09,5,benz,2h,"benz, 2h",1.0720627218865353,['fn_0002']
2385,megamat_old,2019-05-09,5,benz,6al,"benz, 6al",1.0075266496238071,['fn_0002']
2386,megamat_old,2019-05-09,5,benz,B-cit,"benz, B-cit",0.956925731229242,['fn_0002']
2387,megamat_old,2019-05-09,5,benz,IaA,"benz, IaA",0.9742903625011616,['fn_0002']
2388,megamat_old,2019-05-09,5,benz,MethOct,"benz, MethOct",1.073868371509334,['fn_0001']
2389,megamat_old,2019-05-09,5,benz,PropAc,"benz, PropAc",1.1378847704517527,['fn_0001']
2390,megamat_old,2019-05-09,5,benz,benz,"benz, benz",0.0,"['fn_0001', 'fn_0002']"
2391,megamat_old,2019-05-09,5,benz,ep,"benz, ep",1.1172526379268948,['fn_0001']
2392,megamat_old,2019-05-09,5,benz,eug,"benz, eug",1.080681697845148,['fn_0001']
2393,megamat_old,2019-05-09,5,benz,pa,"benz, pa",1.052380716382669,['fn_0002']
2394,megamat_old,2019-05-09,5,benz,pfo,"benz, pfo",0.9763644993546964,['fn_0002']
2395,megamat_old,2019-05-09,5,benz,t2h,"benz, t2h",0.8820343283521133,['fn_0002']
2396,megamat_old,2019-05-09,5,benz,va,"benz, va",1.0330471978281934,['fn_0001']
2397,megamat_old,2019-05-09,5,ep,1-6ol,"ep, 1-6ol",1.0885651921154569,['fn_0001']
2398,megamat_old,2019-05-09,5,ep,1p3ol,"ep, 1p3ol",1.0087376731638318,['fn_0001']
2399,megamat_old,2019-05-09,5,ep,2-but,"ep, 2-but",0.5782648458027797,['fn_0001']
2400,megamat_old,2019-05-09,5,ep,MethOct,"ep, MethOct",1.0054651398634116,['fn_0001']
2401,megamat_old,2019-05-09,5,ep,PropAc,"ep, PropAc",0.8160547026083765,['fn_0001']
2402,megamat_old,2019-05-09,5,ep,benz,"ep, benz",1.1172526379268948,['fn_0001']
2403,megamat_old,2019-05-09,5,ep,ep,"ep, ep",0.0,['fn_0001']
2404,megamat_old,2019-05-09,5,ep,eug,"ep, eug",1.069217802046476,['fn_0001']
2405,megamat_old,2019-05-09,5,ep,va,"ep, va",1.058699001983715,['fn_0001']
2406,megamat_old,2019-05-09,5,eug,1-6ol,"eug, 1-6ol",1.0927655586622254,['fn_0001']
2407,megamat_old,2019-05-09,5,eug,1p3ol,"eug, 1p3ol",1.0586800684097115,['fn_0001']
2408,megamat_old,2019-05-09,5,eug,2-but,"eug, 2-but",1.013347312573791,['fn_0001']
2409,megamat_old,2019-05-09,5,eug,MethOct,"eug, MethOct",1.0344652030406951,['fn_0001']
2410,megamat_old,2019-05-09,5,eug,PropAc,"eug, PropAc",1.0682123356529538,['fn_0001']
2411,megamat_old,2019-05-09,5,eug,benz,"eug, benz",1.080681697845148,['fn_0001']
2412,megamat_old,2019-05-09,5,eug,ep,"eug, ep",1.069217802046476,['fn_0001']
2413,megamat_old,2019-05-09,5,eug,eug,"eug, eug",0.0,['fn_0001']
2414,megamat_old,2019-05-09,5,eug,va,"eug, va",1.02401065052311,['fn_0001']
2415,megamat_old,2019-05-09,5,pa,1-8ol,"pa, 1-8ol",1.054001340909393,['fn_0002']
2416,megamat_old,2019-05-09,5,pa,2h,"pa, 2h",0.8865870983542992,['fn_0002']
2417,megamat_old,2019-05-09,5,pa,6al,"pa, 6al",1.0127309010218903,['fn_0002']
2418,megamat_old,2019-05-09,5,pa,B-cit,"pa, B-cit",1.0759773252360454,['fn_0002']
2419,megamat_old,2019-05-09,5,pa,IaA,"pa, IaA",0.522773672179355,['fn_0002']
2420,megamat_old,2019-05-09,5,pa,benz,"pa, benz",1.052380716382669,['fn_0002']
2421,megamat_old,2019-05-09,5,pa,pa,"pa, pa",0.0,['fn_0002']
2422,megamat_old,2019-05-09,5,pa,pfo,"pa, pfo",0.9982311794721156,['fn_0002']
2423,megamat_old,2019-05-09,5,pa,t2h,"pa, t2h",1.1146713209387165,['fn_0002']
2424,megamat_old,2019-05-09,5,pfo,1-8ol,"pfo, 1-8ol",0.9388758666126342,['fn_0002']
2425,megamat_old,2019-05-09,5,pfo,2h,"pfo, 2h",0.986373646083762,['fn_0002']
2426,megamat_old,2019-05-09,5,pfo,6al,"pfo, 6al",1.968827766423059,['fn_0002']
2427,megamat_old,2019-05-09,5,pfo,B-cit,"pfo, B-cit",0.9843237981438344,['fn_0002']
2428,megamat_old,2019-05-09,5,pfo,IaA,"pfo, IaA",0.9932837076034612,['fn_0002']
2429,megamat_old,2019-05-09,5,pfo,benz,"pfo, benz",0.9763644993546964,['fn_0002']
2430,megamat_old,2019-05-09,5,pfo,pa,"pfo, pa",0.9982311794721156,['fn_0002']
2431,megamat_old,2019-05-09,5,pfo,pfo,"pfo, pfo",0.0,['fn_0002']
2432,megamat_old,2019-05-09,5,pfo,t2h,"pfo, t2h",0.998287004840582,['fn_0002']
2433,megamat_old,2019-05-09,5,t2h,1-8ol,"t2h, 1-8ol",1.009757437672183,['fn_0002']
2434,megamat_old,2019-05-09,5,t2h,2h,"t2h, 2h",1.022276169391475,['fn_0002']
2435,megamat_old,2019-05-09,5,t2h,6al,"t2h, 6al",1.011728509214475,['fn_0002']
2436,megamat_old,2019-05-09,5,t2h,B-cit,"t2h, B-cit",1.050529479389149,['fn_0002']
2437,megamat_old,2019-05-09,5,t2h,IaA,"t2h, IaA",0.9652973788872684,['fn_0002']
2438,megamat_old,2019-05-09,5,t2h,benz,"t2h, benz",0.8820343283521133,['fn_0002']
2439,megamat_old,2019-05-09,5,t2h,pa,"t2h, pa",1.1146713209387165,['fn_0002']
2440,megamat_old,2019-05-09,5,t2h,pfo,"t2h, pfo",0.998287004840582,['fn_0002']
2441,megamat_old,2019-05-09,5,t2h,t2h,"t2h, t2h",0.0,['fn_0002']
2442,megamat_old,2019-05-09,5,va,1-6ol,"va, 1-6ol",1.1096828600688575,['fn_0001']
2443,megamat_old,2019-05-09,5,va,1p3ol,"va, 1p3ol",0.6561707011451554,['fn_0001']
2444,megamat_old,2019-05-09,5,va,2-but,"va, 2-but",1.0830228101314845,['fn_0001']
2445,megamat_old,2019-05-09,5,va,MethOct,"va, MethOct",0.9809866073425244,['fn_0001']
2446,megamat_old,2019-05-09,5,va,PropAc,"va, PropAc",1.0489615942975017,['fn_0001']
2447,megamat_old,2019-05-09,5,va,benz,"va, benz",1.0330471978281934,['fn_0001']
2448,megamat_old,2019-05-09,5,va,ep,"va, ep",1.058699001983715,['fn_0001']
2449,megamat_old,2019-05-09,5,va,eug,"va, eug",1.02401065052311,['fn_0001']
2450,megamat_old,2019-05-09,5,va,va,"va, va",0.0,['fn_0001']
2451,megamat_old,2019-05-23,2,1-6ol,1-6ol,"1-6ol, 1-6ol",0.0,['fn_0001']
2452,megamat_old,2019-05-23,2,1-6ol,1-8ol,"1-6ol, 1-8ol",0.6116791093553967,['fn_0001']
2453,megamat_old,2019-05-23,2,1-6ol,2-but,"1-6ol, 2-but",1.0281927550677383,['fn_0001']
2454,megamat_old,2019-05-23,2,1-6ol,6al,"1-6ol, 6al",0.5073275458193731,['fn_0001']
2455,megamat_old,2019-05-23,2,1-6ol,B-cit,"1-6ol, B-cit",1.0387762314978592,['fn_0001']
2456,megamat_old,2019-05-23,2,1-6ol,benz,"1-6ol, benz",0.954325195132731,['fn_0001']
2457,megamat_old,2019-05-23,2,1-6ol,eb,"1-6ol, eb",1.004470728178506,['fn_0001']
2458,megamat_old,2019-05-23,2,1-6ol,ep,"1-6ol, ep",1.0469744920044446,['fn_0001']
2459,megamat_old,2019-05-23,2,1-6ol,pa,"1-6ol, pa",0.7752319547851642,['fn_0001']
2460,megamat_old,2019-05-23,2,1-8ol,1-6ol,"1-8ol, 1-6ol",0.6116791093553967,['fn_0001']
2461,megamat_old,2019-05-23,2,1-8ol,1-8ol,"1-8ol, 1-8ol",0.0,['fn_0001']
2462,megamat_old,2019-05-23,2,1-8ol,2-but,"1-8ol, 2-but",1.024490560878932,['fn_0001']
2463,megamat_old,2019-05-23,2,1-8ol,6al,"1-8ol, 6al",0.6895817319756887,['fn_0001']
2464,megamat_old,2019-05-23,2,1-8ol,B-cit,"1-8ol, B-cit",0.7204668629395221,['fn_0001']
2465,megamat_old,2019-05-23,2,1-8ol,benz,"1-8ol, benz",0.9898426960368856,['fn_0001']
2466,megamat_old,2019-05-23,2,1-8ol,eb,"1-8ol, eb",0.8960691473108755,['fn_0001']
2467,megamat_old,2019-05-23,2,1-8ol,ep,"1-8ol, ep",1.0772049364132312,['fn_0001']
2468,megamat_old,2019-05-23,2,1-8ol,pa,"1-8ol, pa",0.7943225757306784,['fn_0001']
2469,megamat_old,2019-05-23,2,2-but,1-6ol,"2-but, 1-6ol",1.0281927550677383,['fn_0001']
2470,megamat_old,2019-05-23,2,2-but,1-8ol,"2-but, 1-8ol",1.024490560878932,['fn_0001']
2471,megamat_old,2019-05-23,2,2-but,2-but,"2-but, 2-but",0.0,['fn_0001']
2472,megamat_old,2019-05-23,2,2-but,6al,"2-but, 6al",1.0452448867607842,['fn_0001']
2473,megamat_old,2019-05-23,2,2-but,B-cit,"2-but, B-cit",0.9750616344642348,['fn_0001']
2474,megamat_old,2019-05-23,2,2-but,benz,"2-but, benz",1.0068934579376916,['fn_0001']
2475,megamat_old,2019-05-23,2,2-but,eb,"2-but, eb",0.7319244450554495,['fn_0001']
2476,megamat_old,2019-05-23,2,2-but,ep,"2-but, ep",0.4050101496864027,['fn_0001']
2477,megamat_old,2019-05-23,2,2-but,pa,"2-but, pa",0.964771283006086,['fn_0001']
2478,megamat_old,2019-05-23,2,6al,1-6ol,"6al, 1-6ol",0.5073275458193731,['fn_0001']
2479,megamat_old,2019-05-23,2,6al,1-8ol,"6al, 1-8ol",0.6895817319756887,['fn_0001']
2480,megamat_old,2019-05-23,2,6al,2-but,"6al, 2-but",1.0452448867607842,['fn_0001']
2481,megamat_old,2019-05-23,2,6al,6al,"6al, 6al",0.0,['fn_0001']
2482,megamat_old,2019-05-23,2,6al,B-cit,"6al, B-cit",0.8713517997478641,['fn_0001']
2483,megamat_old,2019-05-23,2,6al,benz,"6al, benz",0.7771674646813621,['fn_0001']
2484,megamat_old,2019-05-23,2,6al,eb,"6al, eb",1.0240006180110006,['fn_0001']
2485,megamat_old,2019-05-23,2,6al,ep,"6al, ep",1.1112989286254935,['fn_0001']
2486,megamat_old,2019-05-23,2,6al,pa,"6al, pa",0.8713531706273218,['fn_0001']
2487,megamat_old,2019-05-23,2,B-cit,1-6ol,"B-cit, 1-6ol",1.0387762314978592,['fn_0001']
2488,megamat_old,2019-05-23,2,B-cit,1-8ol,"B-cit, 1-8ol",0.7204668629395221,['fn_0001']
2489,megamat_old,2019-05-23,2,B-cit,2-but,"B-cit, 2-but",0.9750616344642348,['fn_0001']
2490,megamat_old,2019-05-23,2,B-cit,6al,"B-cit, 6al",0.8713517997478641,['fn_0001']
2491,megamat_old,2019-05-23,2,B-cit,B-cit,"B-cit, B-cit",0.0,['fn_0001']
2492,megamat_old,2019-05-23,2,B-cit,benz,"B-cit, benz",0.9801109345813054,['fn_0001']
2493,megamat_old,2019-05-23,2,B-cit,eb,"B-cit, eb",0.8844002613901165,['fn_0001']
2494,megamat_old,2019-05-23,2,B-cit,ep,"B-cit, ep",0.939905737984635,['fn_0001']
2495,megamat_old,2019-05-23,2,B-cit,pa,"B-cit, pa",0.9935653577795336,['fn_0001']
2496,megamat_old,2019-05-23,2,benz,1-6ol,"benz, 1-6ol",0.954325195132731,['fn_0001']
2497,megamat_old,2019-05-23,2,benz,1-8ol,"benz, 1-8ol",0.9898426960368856,['fn_0001']
2498,megamat_old,2019-05-23,2,benz,2-but,"benz, 2-but",1.0068934579376916,['fn_0001']
2499,megamat_old,2019-05-23,2,benz,6al,"benz, 6al",0.7771674646813621,['fn_0001']
2500,megamat_old,2019-05-23,2,benz,B-cit,"benz, B-cit",0.9801109345813054,['fn_0001']
2501,megamat_old,2019-05-23,2,benz,benz,"benz, benz",0.0,['fn_0001']
2502,megamat_old,2019-05-23,2,benz,eb,"benz, eb",1.040858981745984,['fn_0001']
2503,megamat_old,2019-05-23,2,benz,ep,"benz, ep",1.05554100254363,['fn_0001']
2504,megamat_old,2019-05-23,2,benz,pa,"benz, pa",0.9097701856472435,['fn_0001']
2505,megamat_old,2019-05-23,2,eb,1-6ol,"eb, 1-6ol",1.004470728178506,['fn_0001']
2506,megamat_old,2019-05-23,2,eb,1-8ol,"eb, 1-8ol",0.8960691473108755,['fn_0001']
2507,megamat_old,2019-05-23,2,eb,2-but,"eb, 2-but",0.7319244450554495,['fn_0001']
2508,megamat_old,2019-05-23,2,eb,6al,"eb, 6al",1.0240006180110006,['fn_0001']
2509,megamat_old,2019-05-23,2,eb,B-cit,"eb, B-cit",0.8844002613901165,['fn_0001']
2510,megamat_old,2019-05-23,2,eb,benz,"eb, benz",1.040858981745984,['fn_0001']
2511,megamat_old,2019-05-23,2,eb,eb,"eb, eb",0.0,['fn_0001']
2512,megamat_old,2019-05-23,2,eb,ep,"eb, ep",0.390314838869095,['fn_0001']
2513,megamat_old,2019-05-23,2,eb,pa,"eb, pa",0.8683572317064614,['fn_0001']
2514,megamat_old,2019-05-23,2,ep,1-6ol,"ep, 1-6ol",1.0469744920044446,['fn_0001']
2515,megamat_old,2019-05-23,2,ep,1-8ol,"ep, 1-8ol",1.0772049364132312,['fn_0001']
2516,megamat_old,2019-05-23,2,ep,2-but,"ep, 2-but",0.4050101496864027,['fn_0001']
2517,megamat_old,2019-05-23,2,ep,6al,"ep, 6al",1.1112989286254935,['fn_0001']
2518,megamat_old,2019-05-23,2,ep,B-cit,"ep, B-cit",0.939905737984635,['fn_0001']
2519,megamat_old,2019-05-23,2,ep,benz,"ep, benz",1.05554100254363,['fn_0001']
2520,megamat_old,2019-05-23,2,ep,eb,"ep, eb",0.390314838869095,['fn_0001']
2521,megamat_old,2019-05-23,2,ep,ep,"ep, ep",0.0,['fn_0001']
2522,megamat_old,2019-05-23,2,ep,pa,"ep, pa",0.9447833204556144,['fn_0001']
2523,megamat_old,2019-05-23,2,pa,1-6ol,"pa, 1-6ol",0.7752319547851642,['fn_0001']
2524,megamat_old,2019-05-23,2,pa,1-8ol,"pa, 1-8ol",0.7943225757306784,['fn_0001']
2525,megamat_old,2019-05-23,2,pa,2-but,"pa, 2-but",0.964771283006086,['fn_0001']
2526,megamat_old,2019-05-23,2,pa,6al,"pa, 6al",0.8713531706273218,['fn_0001']
2527,megamat_old,2019-05-23,2,pa,B-cit,"pa, B-cit",0.9935653577795336,['fn_0001']
2528,megamat_old,2019-05-23,2,pa,benz,"pa, benz",0.9097701856472435,['fn_0001']
2529,megamat_old,2019-05-23,2,pa,eb,"pa, eb",0.8683572317064614,['fn_0001']
2530,megamat_old,2019-05-23,2,pa,ep,"pa, ep",0.9447833204556144,['fn_0001']
2531,megamat_old,2019-05-23,2,pa,pa,"pa, pa",0.0,['fn_0001']
2532,megamat_old,2019-05-24,1,1-6ol,1-6ol,"1-6ol, 1-6ol",0.0,['fn_0003']
2533,megamat_old,2019-05-24,1,1-6ol,1-8ol,"1-6ol, 1-8ol",0.7221477370988809,['fn_0003']
2534,megamat_old,2019-05-24,1,1-6ol,2-but,"1-6ol, 2-but",1.035390280893587,['fn_0003']
2535,megamat_old,2019-05-24,1,1-6ol,6al,"1-6ol, 6al",0.6342145444901899,['fn_0003']
2536,megamat_old,2019-05-24,1,1-6ol,benz,"1-6ol, benz",0.9586350961245476,['fn_0003']
2537,megamat_old,2019-05-24,1,1-6ol,eb,"1-6ol, eb",1.0946283709911886,['fn_0003']
2538,megamat_old,2019-05-24,1,1-6ol,ep,"1-6ol, ep",1.0467570853121249,['fn_0003']
2539,megamat_old,2019-05-24,1,1-6ol,ms,"1-6ol, ms",1.0874082169151855,['fn_0003']
2540,megamat_old,2019-05-24,1,1-6ol,pa,"1-6ol, pa",0.7848377874601234,['fn_0003']
2541,megamat_old,2019-05-24,1,1-8ol,1-6ol,"1-8ol, 1-6ol",0.7221477370988809,['fn_0003']
2542,megamat_old,2019-05-24,1,1-8ol,1-8ol,"1-8ol, 1-8ol",0.0,['fn_0003']
2543,megamat_old,2019-05-24,1,1-8ol,2-but,"1-8ol, 2-but",1.034044435512093,['fn_0003']
2544,megamat_old,2019-05-24,1,1-8ol,6al,"1-8ol, 6al",0.5853063206829122,['fn_0003']
2545,megamat_old,2019-05-24,1,1-8ol,benz,"1-8ol, benz",0.9475621656078168,['fn_0003']
2546,megamat_old,2019-05-24,1,1-8ol,eb,"1-8ol, eb",0.9370962498541722,['fn_0003']
2547,megamat_old,2019-05-24,1,1-8ol,ep,"1-8ol, ep",0.969813633198578,['fn_0003']
2548,megamat_old,2019-05-24,1,1-8ol,ms,"1-8ol, ms",1.0158135146378455,['fn_0003']
2549,megamat_old,2019-05-24,1,1-8ol,pa,"1-8ol, pa",0.8571599001459225,['fn_0003']
2550,megamat_old,2019-05-24,1,2-but,1-6ol,"2-but, 1-6ol",1.035390280893587,['fn_0003']
2551,megamat_old,2019-05-24,1,2-but,1-8ol,"2-but, 1-8ol",1.034044435512093,['fn_0003']
2552,megamat_old,2019-05-24,1,2-but,2-but,"2-but, 2-but",0.0,['fn_0003']
2553,megamat_old,2019-05-24,1,2-but,6al,"2-but, 6al",1.0280959524046052,['fn_0003']
2554,megamat_old,2019-05-24,1,2-but,benz,"2-but, benz",1.0403246233123962,['fn_0003']
2555,megamat_old,2019-05-24,1,2-but,eb,"2-but, eb",0.778250207055645,['fn_0003']
2556,megamat_old,2019-05-24,1,2-but,ep,"2-but, ep",0.4590702572055285,['fn_0003']
2557,megamat_old,2019-05-24,1,2-but,ms,"2-but, ms",0.9905292868157533,['fn_0003']
2558,megamat_old,2019-05-24,1,2-but,pa,"2-but, pa",1.0599066601505047,['fn_0003']
2559,megamat_old,2019-05-24,1,6al,1-6ol,"6al, 1-6ol",0.6342145444901899,['fn_0003']
2560,megamat_old,2019-05-24,1,6al,1-8ol,"6al, 1-8ol",0.5853063206829122,['fn_0003']
2561,megamat_old,2019-05-24,1,6al,2-but,"6al, 2-but",1.0280959524046052,['fn_0003']
2562,megamat_old,2019-05-24,1,6al,6al,"6al, 6al",0.0,['fn_0003']
2563,megamat_old,2019-05-24,1,6al,benz,"6al, benz",0.6871277850472051,['fn_0003']
2564,megamat_old,2019-05-24,1,6al,eb,"6al, eb",0.9835082197142304,['fn_0003']
2565,megamat_old,2019-05-24,1,6al,ep,"6al, ep",1.008069193911797,['fn_0003']
2566,megamat_old,2019-05-24,1,6al,ms,"6al, ms",1.033432106095626,['fn_0003']
2567,megamat_old,2019-05-24,1,6al,pa,"6al, pa",0.8819883282526251,['fn_0003']
2568,megamat_old,2019-05-24,1,benz,1-6ol,"benz, 1-6ol",0.9586350961245476,['fn_0003']
2569,megamat_old,2019-05-24,1,benz,1-8ol,"benz, 1-8ol",0.9475621656078168,['fn_0003']
2570,megamat_old,2019-05-24,1,benz,2-but,"benz, 2-but",1.0403246233123962,['fn_0003']
2571,megamat_old,2019-05-24,1,benz,6al,"benz, 6al",0.6871277850472051,['fn_0003']
2572,megamat_old,2019-05-24,1,benz,benz,"benz, benz",0.0,['fn_0003']
2573,megamat_old,2019-05-24,1,benz,eb,"benz, eb",0.9864912920179744,['fn_0003']
2574,megamat_old,2019-05-24,1,benz,ep,"benz, ep",1.030428699089559,['fn_0003']
2575,megamat_old,2019-05-24,1,benz,ms,"benz, ms",0.9406632347457168,['fn_0003']
2576,megamat_old,2019-05-24,1,benz,pa,"benz, pa",0.9997421909404168,['fn_0003']
2577,megamat_old,2019-05-24,1,eb,1-6ol,"eb, 1-6ol",1.0946283709911886,['fn_0003']
2578,megamat_old,2019-05-24,1,eb,1-8ol,"eb, 1-8ol",0.9370962498541722,['fn_0003']
2579,megamat_old,2019-05-24,1,eb,2-but,"eb, 2-but",0.778250207055645,['fn_0003']
2580,megamat_old,2019-05-24,1,eb,6al,"eb, 6al",0.9835082197142304,['fn_0003']
2581,megamat_old,2019-05-24,1,eb,benz,"eb, benz",0.9864912920179744,['fn_0003']
2582,megamat_old,2019-05-24,1,eb,eb,"eb, eb",0.0,['fn_0003']
2583,megamat_old,2019-05-24,1,eb,ep,"eb, ep",0.3573351071810499,['fn_0003']
2584,megamat_old,2019-05-24,1,eb,ms,"eb, ms",1.024810136860843,['fn_0003']
2585,megamat_old,2019-05-24,1,eb,pa,"eb, pa",0.9716573828470332,['fn_0003']
2586,megamat_old,2019-05-24,1,ep,1-6ol,"ep, 1-6ol",1.0467570853121249,['fn_0003']
2587,megamat_old,2019-05-24,1,ep,1-8ol,"ep, 1-8ol",0.969813633198578,['fn_0003']
2588,megamat_old,2019-05-24,1,ep,2-but,"ep, 2-but",0.4590702572055285,['fn_0003']
2589,megamat_old,2019-05-24,1,ep,6al,"ep, 6al",1.008069193911797,['fn_0003']
2590,megamat_old,2019-05-24,1,ep,benz,"ep, benz",1.030428699089559,['fn_0003']
2591,megamat_old,2019-05-24,1,ep,eb,"ep, eb",0.3573351071810499,['fn_0003']
2592,megamat_old,2019-05-24,1,ep,ep,"ep, ep",0.0,['fn_0003']
2593,megamat_old,2019-05-24,1,ep,ms,"ep, ms",1.0585767791474938,['fn_0003']
2594,megamat_old,2019-05-24,1,ep,pa,"ep, pa",0.9941030295551148,['fn_0003']
2595,megamat_old,2019-05-24,1,ms,1-6ol,"ms, 1-6ol",1.0874082169151855,['fn_0003']
2596,megamat_old,2019-05-24,1,ms,1-8ol,"ms, 1-8ol",1.0158135146378455,['fn_0003']
2597,megamat_old,2019-05-24,1,ms,2-but,"ms, 2-but",0.9905292868157533,['fn_0003']
2598,megamat_old,2019-05-24,1,ms,6al,"ms, 6al",1.033432106095626,['fn_0003']
2599,megamat_old,2019-05-24,1,ms,benz,"ms, benz",0.9406632347457168,['fn_0003']
2600,megamat_old,2019-05-24,1,ms,eb,"ms, eb",1.024810136860843,['fn_0003']
2601,megamat_old,2019-05-24,1,ms,ep,"ms, ep",1.0585767791474938,['fn_0003']
2602,megamat_old,2019-05-24,1,ms,ms,"ms, ms",0.0,['fn_0003']
2603,megamat_old,2019-05-24,1,ms,pa,"ms, pa",1.0478468458472172,['fn_0003']
2604,megamat_old,2019-05-24,1,pa,1-6ol,"pa, 1-6ol",0.7848377874601234,['fn_0003']
2605,megamat_old,2019-05-24,1,pa,1-8ol,"pa, 1-8ol",0.8571599001459225,['fn_0003']
2606,megamat_old,2019-05-24,1,pa,2-but,"pa, 2-but",1.0599066601505047,['fn_0003']
2607,megamat_old,2019-05-24,1,pa,6al,"pa, 6al",0.8819883282526251,['fn_0003']
2608,megamat_old,2019-05-24,1,pa,benz,"pa, benz",0.9997421909404168,['fn_0003']
2609,megamat_old,2019-05-24,1,pa,eb,"pa, eb",0.9716573828470332,['fn_0003']
2610,megamat_old,2019-05-24,1,pa,ep,"pa, ep",0.9941030295551148,['fn_0003']
2611,megamat_old,2019-05-24,1,pa,ms,"pa, ms",1.0478468458472172,['fn_0003']
2612,megamat_old,2019-05-24,1,pa,pa,"pa, pa",0.0,['fn_0003']
2613,megamat_old,2019-05-24,3,1-6ol,1-6ol,"1-6ol, 1-6ol",0.0,['fn_0001']
2614,megamat_old,2019-05-24,3,1-6ol,1-8ol,"1-6ol, 1-8ol",1.350723160536781,['fn_0001']
2615,megamat_old,2019-05-24,3,1-6ol,2-but,"1-6ol, 2-but",1.0779911189503142,['fn_0001']
2616,megamat_old,2019-05-24,3,1-6ol,6al,"1-6ol, 6al",0.5443794304211007,['fn_0001']
2617,megamat_old,2019-05-24,3,1-6ol,benz,"1-6ol, benz",1.0519408192410935,['fn_0001']
2618,megamat_old,2019-05-24,3,1-6ol,eb,"1-6ol, eb",1.101687054715217,['fn_0001']
2619,megamat_old,2019-05-24,3,1-6ol,ep,"1-6ol, ep",1.0854081140054062,['fn_0001']
2620,megamat_old,2019-05-24,3,1-6ol,ms,"1-6ol, ms",1.0929656046173748,['fn_0001']
2621,megamat_old,2019-05-24,3,1-6ol,pa,"1-6ol, pa",0.8399795427502914,['fn_0001']
2622,megamat_old,2019-05-24,3,1-8ol,1-6ol,"1-8ol, 1-6ol",1.350723160536781,['fn_0001']
2623,megamat_old,2019-05-24,3,1-8ol,1-8ol,"1-8ol, 1-8ol",0.0,['fn_0001']
2624,megamat_old,2019-05-24,3,1-8ol,2-but,"1-8ol, 2-but",1.0366098581654588,['fn_0001']
2625,megamat_old,2019-05-24,3,1-8ol,6al,"1-8ol, 6al",1.16530450343253,['fn_0001']
2626,megamat_old,2019-05-24,3,1-8ol,benz,"1-8ol, benz",0.9894671471008044,['fn_0001']
2627,megamat_old,2019-05-24,3,1-8ol,eb,"1-8ol, eb",1.015501561402283,['fn_0001']
2628,megamat_old,2019-05-24,3,1-8ol,ep,"1-8ol, ep",1.0611404701620726,['fn_0001']
2629,megamat_old,2019-05-24,3,1-8ol,ms,"1-8ol, ms",1.0171592321319092,['fn_0001']
2630,megamat_old,2019-05-24,3,1-8ol,pa,"1-8ol, pa",1.0595096347768969,['fn_0001']
2631,megamat_old,2019-05-24,3,2-but,1-6ol,"2-but, 1-6ol",1.0779911189503142,['fn_0001']
2632,megamat_old,2019-05-24,3,2-but,1-8ol,"2-but, 1-8ol",1.0366098581654588,['fn_0001']
2633,megamat_old,2019-05-24,3,2-but,2-but,"2-but, 2-but",0.0,['fn_0001']
2634,megamat_old,2019-05-24,3,2-but,6al,"2-but, 6al",1.1120966548790672,['fn_0001']
2635,megamat_old,2019-05-24,3,2-but,benz,"2-but, benz",1.0908569522201217,['fn_0001']
2636,megamat_old,2019-05-24,3,2-but,eb,"2-but, eb",0.8642396634359806,['fn_0001']
2637,megamat_old,2019-05-24,3,2-but,ep,"2-but, ep",0.445657767006427,['fn_0001']
2638,megamat_old,2019-05-24,3,2-but,ms,"2-but, ms",1.1568789762196203,['fn_0001']
2639,megamat_old,2019-05-24,3,2-but,pa,"2-but, pa",1.0443922390262992,['fn_0001']
2640,megamat_old,2019-05-24,3,6al,1-6ol,"6al, 1-6ol",0.5443794304211007,['fn_0001']
2641,megamat_old,2019-05-24,3,6al,1-8ol,"6al, 1-8ol",1.16530450343253,['fn_0001']
2642,megamat_old,2019-05-24,3,6al,2-but,"6al, 2-but",1.1120966548790672,['fn_0001']
2643,megamat_old,2019-05-24,3,6al,6al,"6al, 6al",0.0,['fn_0001']
2644,megamat_old,2019-05-24,3,6al,benz,"6al, benz",0.6985913231554765,['fn_0001']
2645,megamat_old,2019-05-24,3,6al,eb,"6al, eb",1.1711311522549688,['fn_0001']
2646,megamat_old,2019-05-24,3,6al,ep,"6al, ep",1.2174934481199098,['fn_0001']
2647,megamat_old,2019-05-24,3,6al,ms,"6al, ms",1.0549128580970757,['fn_0001']
2648,megamat_old,2019-05-24,3,6al,pa,"6al, pa",1.0480840253910764,['fn_0001']
2649,megamat_old,2019-05-24,3,benz,1-6ol,"benz, 1-6ol",1.0519408192410935,['fn_0001']
2650,megamat_old,2019-05-24,3,benz,1-8ol,"benz, 1-8ol",0.9894671471008044,['fn_0001']
2651,megamat_old,2019-05-24,3,benz,2-but,"benz, 2-but",1.0908569522201217,['fn_0001']
2652,megamat_old,2019-05-24,3,benz,6al,"benz, 6al",0.6985913231554765,['fn_0001']
2653,megamat_old,2019-05-24,3,benz,benz,"benz, benz",0.0,['fn_0001']
2654,megamat_old,2019-05-24,3,benz,eb,"benz, eb",1.0718949010802985,['fn_0001']
2655,megamat_old,2019-05-24,3,benz,ep,"benz, ep",1.1096325990956095,['fn_0001']
2656,megamat_old,2019-05-24,3,benz,ms,"benz, ms",1.0288066163536955,['fn_0001']
2657,megamat_old,2019-05-24,3,benz,pa,"benz, pa",1.0942596465072008,['fn_0001']
2658,megamat_old,2019-05-24,3,eb,1-6ol,"eb, 1-6ol",1.101687054715217,['fn_0001']
2659,megamat_old,2019-05-24,3,eb,1-8ol,"eb, 1-8ol",1.015501561402283,['fn_0001']
2660,megamat_old,2019-05-24,3,eb,2-but,"eb, 2-but",0.8642396634359806,['fn_0001']
2661,megamat_old,2019-05-24,3,eb,6al,"eb, 6al",1.1711311522549688,['fn_0001']
2662,megamat_old,2019-05-24,3,eb,benz,"eb, benz",1.0718949010802985,['fn_0001']
2663,megamat_old,2019-05-24,3,eb,eb,"eb, eb",0.0,['fn_0001']
2664,megamat_old,2019-05-24,3,eb,ep,"eb, ep",0.5258870564756442,['fn_0001']
2665,megamat_old,2019-05-24,3,eb,ms,"eb, ms",1.1060091986771243,['fn_0001']
2666,megamat_old,2019-05-24,3,eb,pa,"eb, pa",0.8597282785849878,['fn_0001']
2667,megamat_old,2019-05-24,3,ep,1-6ol,"ep, 1-6ol",1.0854081140054062,['fn_0001']
2668,megamat_old,2019-05-24,3,ep,1-8ol,"ep, 1-8ol",1.0611404701620726,['fn_0001']
2669,megamat_old,2019-05-24,3,ep,2-but,"ep, 2-but",0.445657767006427,['fn_0001']
2670,megamat_old,2019-05-24,3,ep,6al,"ep, 6al",1.2174934481199098,['fn_0001']
2671,megamat_old,2019-05-24,3,ep,benz,"ep, benz",1.1096325990956095,['fn_0001']
2672,megamat_old,2019-05-24,3,ep,eb,"ep, eb",0.5258870564756442,['fn_0001']
2673,megamat_old,2019-05-24,3,ep,ep,"ep, ep",0.0,['fn_0001']
2674,megamat_old,2019-05-24,3,ep,ms,"ep, ms",1.1307466487117444,['fn_0001']
2675,megamat_old,2019-05-24,3,ep,pa,"ep, pa",1.021160116403497,['fn_0001']
2676,megamat_old,2019-05-24,3,ms,1-6ol,"ms, 1-6ol",1.0929656046173748,['fn_0001']
2677,megamat_old,2019-05-24,3,ms,1-8ol,"ms, 1-8ol",1.0171592321319092,['fn_0001']
2678,megamat_old,2019-05-24,3,ms,2-but,"ms, 2-but",1.1568789762196203,['fn_0001']
2679,megamat_old,2019-05-24,3,ms,6al,"ms, 6al",1.0549128580970757,['fn_0001']
2680,megamat_old,2019-05-24,3,ms,benz,"ms, benz",1.0288066163536955,['fn_0001']
2681,megamat_old,2019-05-24,3,ms,eb,"ms, eb",1.1060091986771243,['fn_0001']
2682,megamat_old,2019-05-24,3,ms,ep,"ms, ep",1.1307466487117444,['fn_0001']
2683,megamat_old,2019-05-24,3,ms,ms,"ms, ms",0.0,['fn_0001']
2684,megamat_old,2019-05-24,3,ms,pa,"ms, pa",1.1178488008970242,['fn_0001']
2685,megamat_old,2019-05-24,3,pa,1-6ol,"pa, 1-6ol",0.8399795427502914,['fn_0001']
2686,megamat_old,2019-05-24,3,pa,1-8ol,"pa, 1-8ol",1.0595096347768969,['fn_0001']
2687,megamat_old,2019-05-24,3,pa,2-but,"pa, 2-but",1.0443922390262992,['fn_0001']
2688,megamat_old,2019-05-24,3,pa,6al,"pa, 6al",1.0480840253910764,['fn_0001']
2689,megamat_old,2019-05-24,3,pa,benz,"pa, benz",1.0942596465072008,['fn_0001']
2690,megamat_old,2019-05-24,3,pa,eb,"pa, eb",0.8597282785849878,['fn_0001']
2691,megamat_old,2019-05-24,3,pa,ep,"pa, ep",1.021160116403497,['fn_0001']
2692,megamat_old,2019-05-24,3,pa,ms,"pa, ms",1.1178488008970242,['fn_0001']
2693,megamat_old,2019-05-24,3,pa,pa,"pa, pa",0.0,['fn_0001']
2694,megamat_old,2019-05-24,4,1-5ol,1-5ol,"1-5ol, 1-5ol",0.0,['fn_0002']
2695,megamat_old,2019-05-24,4,1-5ol,2h,"1-5ol, 2h",0.9341175876992932,['fn_0002']
2696,megamat_old,2019-05-24,4,1-5ol,B-cit,"1-5ol, B-cit",0.9736666388358538,['fn_0002']
2697,megamat_old,2019-05-24,4,1-5ol,IaA,"1-5ol, IaA",0.8908185196360676,['fn_0002']
2698,megamat_old,2019-05-24,4,1-5ol,Lin,"1-5ol, Lin",1.036617096966686,['fn_0002']
2699,megamat_old,2019-05-24,4,1-5ol,eug,"1-5ol, eug",0.9050741205959844,['fn_0002']
2700,megamat_old,2019-05-24,4,1-5ol,pfo,"1-5ol, pfo",0.9281864245906964,['fn_0002']
2701,megamat_old,2019-05-24,4,1-5ol,t2h,"1-5ol, t2h",0.9328365877680312,['fn_0002']
2702,megamat_old,2019-05-24,4,1-5ol,va,"1-5ol, va",1.0747507763307191,['fn_0002']
2703,megamat_old,2019-05-24,4,1-6ol,1-6ol,"1-6ol, 1-6ol",0.0,['fn_0001']
2704,megamat_old,2019-05-24,4,1-6ol,1-8ol,"1-6ol, 1-8ol",1.0719277637274738,['fn_0001']
2705,megamat_old,2019-05-24,4,1-6ol,2-but,"1-6ol, 2-but",0.9354733355312448,['fn_0001']
2706,megamat_old,2019-05-24,4,1-6ol,6al,"1-6ol, 6al",0.7893539672288328,['fn_0001']
2707,megamat_old,2019-05-24,4,1-6ol,benz,"1-6ol, benz",0.8428258786794431,['fn_0001']
2708,megamat_old,2019-05-24,4,1-6ol,eb,"1-6ol, eb",0.9579875064737744,['fn_0001']
2709,megamat_old,2019-05-24,4,1-6ol,ep,"1-6ol, ep",0.9610312040558908,['fn_0001']
2710,megamat_old,2019-05-24,4,1-6ol,ms,"1-6ol, ms",1.0089802329415665,['fn_0001']
2711,megamat_old,2019-05-24,4,1-6ol,pa,"1-6ol, pa",0.7970606929061678,['fn_0001']
2712,megamat_old,2019-05-24,4,1-8ol,1-6ol,"1-8ol, 1-6ol",1.0719277637274738,['fn_0001']
2713,megamat_old,2019-05-24,4,1-8ol,1-8ol,"1-8ol, 1-8ol",0.0,['fn_0001']
2714,megamat_old,2019-05-24,4,1-8ol,2-but,"1-8ol, 2-but",0.9724105770573568,['fn_0001']
2715,megamat_old,2019-05-24,4,1-8ol,6al,"1-8ol, 6al",1.0328576205371869,['fn_0001']
2716,megamat_old,2019-05-24,4,1-8ol,benz,"1-8ol, benz",1.0311617644305262,['fn_0001']
2717,megamat_old,2019-05-24,4,1-8ol,eb,"1-8ol, eb",1.0853845775563091,['fn_0001']
2718,megamat_old,2019-05-24,4,1-8ol,ep,"1-8ol, ep",1.0491187359630827,['fn_0001']
2719,megamat_old,2019-05-24,4,1-8ol,ms,"1-8ol, ms",1.0400782885178796,['fn_0001']
2720,megamat_old,2019-05-24,4,1-8ol,pa,"1-8ol, pa",0.928405264197368,['fn_0001']
2721,megamat_old,2019-05-24,4,2-but,1-6ol,"2-but, 1-6ol",0.9354733355312448,['fn_0001']
2722,megamat_old,2019-05-24,4,2-but,1-8ol,"2-but, 1-8ol",0.9724105770573568,['fn_0001']
2723,megamat_old,2019-05-24,4,2-but,2-but,"2-but, 2-but",0.0,['fn_0001']
2724,megamat_old,2019-05-24,4,2-but,6al,"2-but, 6al",1.0788744776129524,['fn_0001']
2725,megamat_old,2019-05-24,4,2-but,benz,"2-but, benz",1.1374717077619558,['fn_0001']
2726,megamat_old,2019-05-24,4,2-but,eb,"2-but, eb",0.5639528164576783,['fn_0001']
2727,megamat_old,2019-05-24,4,2-but,ep,"2-but, ep",0.4073236949588136,['fn_0001']
2728,megamat_old,2019-05-24,4,2-but,ms,"2-but, ms",1.045861908193769,['fn_0001']
2729,megamat_old,2019-05-24,4,2-but,pa,"2-but, pa",1.1431222472654703,['fn_0001']
2730,megamat_old,2019-05-24,4,2h,1-5ol,"2h, 1-5ol",0.9341175876992932,['fn_0002']
2731,megamat_old,2019-05-24,4,2h,2h,"2h, 2h",0.0,['fn_0002']
2732,megamat_old,2019-05-24,4,2h,B-cit,"2h, B-cit",0.9692160913483808,['fn_0002']
2733,megamat_old,2019-05-24,4,2h,IaA,"2h, IaA",0.5862426136981154,['fn_0002']
2734,megamat_old,2019-05-24,4,2h,Lin,"2h, Lin",0.7903863437453407,['fn_0002']
2735,megamat_old,2019-05-24,4,2h,eug,"2h, eug",1.0602887008423696,['fn_0002']
2736,megamat_old,2019-05-24,4,2h,pfo,"2h, pfo",0.9855181928145472,['fn_0002']
2737,megamat_old,2019-05-24,4,2h,t2h,"2h, t2h",0.919910223602754,['fn_0002']
2738,megamat_old,2019-05-24,4,2h,va,"2h, va",1.129778152668934,['fn_0002']
2739,megamat_old,2019-05-24,4,6al,1-6ol,"6al, 1-6ol",0.7893539672288328,['fn_0001']
2740,megamat_old,2019-05-24,4,6al,1-8ol,"6al, 1-8ol",1.0328576205371869,['fn_0001']
2741,megamat_old,2019-05-24,4,6al,2-but,"6al, 2-but",1.0788744776129524,['fn_0001']
2742,megamat_old,2019-05-24,4,6al,6al,"6al, 6al",0.0,['fn_0001']
2743,megamat_old,2019-05-24,4,6al,benz,"6al, benz",0.8565177657480109,['fn_0001']
2744,megamat_old,2019-05-24,4,6al,eb,"6al, eb",1.103713063945842,['fn_0001']
2745,megamat_old,2019-05-24,4,6al,ep,"6al, ep",1.1515621817808377,['fn_0001']
2746,megamat_old,2019-05-24,4,6al,ms,"6al, ms",1.0782905974041606,['fn_0001']
2747,megamat_old,2019-05-24,4,6al,pa,"6al, pa",0.9879924576114072,['fn_0001']
2748,megamat_old,2019-05-24,4,B-cit,1-5ol,"B-cit, 1-5ol",0.9736666388358538,['fn_0002']
2749,megamat_old,2019-05-24,4,B-cit,2h,"B-cit, 2h",0.9692160913483808,['fn_0002']
2750,megamat_old,2019-05-24,4,B-cit,B-cit,"B-cit, B-cit",0.0,['fn_0002']
2751,megamat_old,2019-05-24,4,B-cit,IaA,"B-cit, IaA",1.0271114565900663,['fn_0002']
2752,megamat_old,2019-05-24,4,B-cit,Lin,"B-cit, Lin",0.7852967821517916,['fn_0002']
2753,megamat_old,2019-05-24,4,B-cit,eug,"B-cit, eug",0.9878412558618288,['fn_0002']
2754,megamat_old,2019-05-24,4,B-cit,pfo,"B-cit, pfo",0.9068369000886116,['fn_0002']
2755,megamat_old,2019-05-24,4,B-cit,t2h,"B-cit, t2h",0.9737555505847288,['fn_0002']
2756,megamat_old,2019-05-24,4,B-cit,va,"B-cit, va",1.0740912351482084,['fn_0002']
2757,megamat_old,2019-05-24,4,IaA,1-5ol,"IaA, 1-5ol",0.8908185196360676,['fn_0002']
2758,megamat_old,2019-05-24,4,IaA,2h,"IaA, 2h",0.5862426136981154,['fn_0002']
2759,megamat_old,2019-05-24,4,IaA,B-cit,"IaA, B-cit",1.0271114565900663,['fn_0002']
2760,megamat_old,2019-05-24,4,IaA,IaA,"IaA, IaA",0.0,['fn_0002']
2761,megamat_old,2019-05-24,4,IaA,Lin,"IaA, Lin",0.9925512580388216,['fn_0002']
2762,megamat_old,2019-05-24,4,IaA,eug,"IaA, eug",1.0801786200750365,['fn_0002']
2763,megamat_old,2019-05-24,4,IaA,pfo,"IaA, pfo",1.0078003196841614,['fn_0002']
2764,megamat_old,2019-05-24,4,IaA,t2h,"IaA, t2h",1.093346871727723,['fn_0002']
2765,megamat_old,2019-05-24,4,IaA,va,"IaA, va",1.1138080018662515,['fn_0002']
2766,megamat_old,2019-05-24,4,Lin,1-5ol,"Lin, 1-5ol",1.036617096966686,['fn_0002']
2767,megamat_old,2019-05-24,4,Lin,2h,"Lin, 2h",0.7903863437453407,['fn_0002']
2768,megamat_old,2019-05-24,4,Lin,B-cit,"Lin, B-cit",0.7852967821517916,['fn_0002']
2769,megamat_old,2019-05-24,4,Lin,IaA,"Lin, IaA",0.9925512580388216,['fn_0002']
2770,megamat_old,2019-05-24,4,Lin,Lin,"Lin, Lin",0.0,['fn_0002']
2771,megamat_old,2019-05-24,4,Lin,eug,"Lin, eug",1.007708772453369,['fn_0002']
2772,megamat_old,2019-05-24,4,Lin,pfo,"Lin, pfo",0.8284299266470572,['fn_0002']
2773,megamat_old,2019-05-24,4,Lin,t2h,"Lin, t2h",0.9529637552366949,['fn_0002']
2774,megamat_old,2019-05-24,4,Lin,va,"Lin, va",1.066129432435921,['fn_0002']
2775,megamat_old,2019-05-24,4,benz,1-6ol,"benz, 1-6ol",0.8428258786794431,['fn_0001']
2776,megamat_old,2019-05-24,4,benz,1-8ol,"benz, 1-8ol",1.0311617644305262,['fn_0001']
2777,megamat_old,2019-05-24,4,benz,2-but,"benz, 2-but",1.1374717077619558,['fn_0001']
2778,megamat_old,2019-05-24,4,benz,6al,"benz, 6al",0.8565177657480109,['fn_0001']
2779,megamat_old,2019-05-24,4,benz,benz,"benz, benz",0.0,['fn_0001']
2780,megamat_old,2019-05-24,4,benz,eb,"benz, eb",1.12477905717385,['fn_0001']
2781,megamat_old,2019-05-24,4,benz,ep,"benz, ep",1.190929303535015,['fn_0001']
2782,megamat_old,2019-05-24,4,benz,ms,"benz, ms",0.9646822844514495,['fn_0001']
2783,megamat_old,2019-05-24,4,benz,pa,"benz, pa",0.9471033153807432,['fn_0001']
2784,megamat_old,2019-05-24,4,eb,1-6ol,"eb, 1-6ol",0.9579875064737744,['fn_0001']
2785,megamat_old,2019-05-24,4,eb,1-8ol,"eb, 1-8ol",1.0853845775563091,['fn_0001']
2786,megamat_old,2019-05-24,4,eb,2-but,"eb, 2-but",0.5639528164576783,['fn_0001']
2787,megamat_old,2019-05-24,4,eb,6al,"eb, 6al",1.103713063945842,['fn_0001']
2788,megamat_old,2019-05-24,4,eb,benz,"eb, benz",1.12477905717385,['fn_0001']
2789,megamat_old,2019-05-24,4,eb,eb,"eb, eb",0.0,['fn_0001']
2790,megamat_old,2019-05-24,4,eb,ep,"eb, ep",0.2853730059002148,['fn_0001']
2791,megamat_old,2019-05-24,4,eb,ms,"eb, ms",1.0895558873145768,['fn_0001']
2792,megamat_old,2019-05-24,4,eb,pa,"eb, pa",0.8917376103039475,['fn_0001']
2793,megamat_old,2019-05-24,4,ep,1-6ol,"ep, 1-6ol",0.9610312040558908,['fn_0001']
2794,megamat_old,2019-05-24,4,ep,1-8ol,"ep, 1-8ol",1.0491187359630827,['fn_0001']
2795,megamat_old,2019-05-24,4,ep,2-but,"ep, 2-but",0.4073236949588136,['fn_0001']
2796,megamat_old,2019-05-24,4,ep,6al,"ep, 6al",1.1515621817808377,['fn_0001']
2797,megamat_old,2019-05-24,4,ep,benz,"ep, benz",1.190929303535015,['fn_0001']
2798,megamat_old,2019-05-24,4,ep,eb,"ep, eb",0.2853730059002148,['fn_0001']
2799,megamat_old,2019-05-24,4,ep,ep,"ep, ep",0.0,['fn_0001']
2800,megamat_old,2019-05-24,4,ep,ms,"ep, ms",1.0899272835198843,['fn_0001']
2801,megamat_old,2019-05-24,4,ep,pa,"ep, pa",1.032061432160322,['fn_0001']
2802,megamat_old,2019-05-24,4,eug,1-5ol,"eug, 1-5ol",0.9050741205959844,['fn_0002']
2803,megamat_old,2019-05-24,4,eug,2h,"eug, 2h",1.0602887008423696,['fn_0002']
2804,megamat_old,2019-05-24,4,eug,B-cit,"eug, B-cit",0.9878412558618288,['fn_0002']
2805,megamat_old,2019-05-24,4,eug,IaA,"eug, IaA",1.0801786200750365,['fn_0002']
2806,megamat_old,2019-05-24,4,eug,Lin,"eug, Lin",1.007708772453369,['fn_0002']
2807,megamat_old,2019-05-24,4,eug,eug,"eug, eug",0.0,['fn_0002']
2808,megamat_old,2019-05-24,4,eug,pfo,"eug, pfo",0.7350998548250913,['fn_0002']
2809,megamat_old,2019-05-24,4,eug,t2h,"eug, t2h",1.0287808691654718,['fn_0002']
2810,megamat_old,2019-05-24,4,eug,va,"eug, va",0.8468991634923446,['fn_0002']
2811,megamat_old,2019-05-24,4,ms,1-6ol,"ms, 1-6ol",1.0089802329415665,['fn_0001']
2812,megamat_old,2019-05-24,4,ms,1-8ol,"ms, 1-8ol",1.0400782885178796,['fn_0001']
2813,megamat_old,2019-05-24,4,ms,2-but,"ms, 2-but",1.045861908193769,['fn_0001']
2814,megamat_old,2019-05-24,4,ms,6al,"ms, 6al",1.0782905974041606,['fn_0001']
2815,megamat_old,2019-05-24,4,ms,benz,"ms, benz",0.9646822844514495,['fn_0001']
2816,megamat_old,2019-05-24,4,ms,eb,"ms, eb",1.0895558873145768,['fn_0001']
2817,megamat_old,2019-05-24,4,ms,ep,"ms, ep",1.0899272835198843,['fn_0001']
2818,megamat_old,2019-05-24,4,ms,ms,"ms, ms",0.0,['fn_0001']
2819,megamat_old,2019-05-24,4,ms,pa,"ms, pa",1.0391179629900604,['fn_0001']
2820,megamat_old,2019-05-24,4,pa,1-6ol,"pa, 1-6ol",0.7970606929061678,['fn_0001']
2821,megamat_old,2019-05-24,4,pa,1-8ol,"pa, 1-8ol",0.928405264197368,['fn_0001']
2822,megamat_old,2019-05-24,4,pa,2-but,"pa, 2-but",1.1431222472654703,['fn_0001']
2823,megamat_old,2019-05-24,4,pa,6al,"pa, 6al",0.9879924576114072,['fn_0001']
2824,megamat_old,2019-05-24,4,pa,benz,"pa, benz",0.9471033153807432,['fn_0001']
2825,megamat_old,2019-05-24,4,pa,eb,"pa, eb",0.8917376103039475,['fn_0001']
2826,megamat_old,2019-05-24,4,pa,ep,"pa, ep",1.032061432160322,['fn_0001']
2827,megamat_old,2019-05-24,4,pa,ms,"pa, ms",1.0391179629900604,['fn_0001']
2828,megamat_old,2019-05-24,4,pa,pa,"pa, pa",0.0,['fn_0001']
2829,megamat_old,2019-05-24,4,pfo,1-5ol,"pfo, 1-5ol",0.9281864245906964,['fn_0002']
2830,megamat_old,2019-05-24,4,pfo,2h,"pfo, 2h",0.9855181928145472,['fn_0002']
2831,megamat_old,2019-05-24,4,pfo,B-cit,"pfo, B-cit",0.9068369000886116,['fn_0002']
2832,megamat_old,2019-05-24,4,pfo,IaA,"pfo, IaA",1.0078003196841614,['fn_0002']
2833,megamat_old,2019-05-24,4,pfo,Lin,"pfo, Lin",0.8284299266470572,['fn_0002']
2834,megamat_old,2019-05-24,4,pfo,eug,"pfo, eug",0.7350998548250913,['fn_0002']
2835,megamat_old,2019-05-24,4,pfo,pfo,"pfo, pfo",0.0,['fn_0002']
2836,megamat_old,2019-05-24,4,pfo,t2h,"pfo, t2h",0.9558042628263144,['fn_0002']
2837,megamat_old,2019-05-24,4,pfo,va,"pfo, va",0.8698302911252459,['fn_0002']
2838,megamat_old,2019-05-24,4,t2h,1-5ol,"t2h, 1-5ol",0.9328365877680312,['fn_0002']
2839,megamat_old,2019-05-24,4,t2h,2h,"t2h, 2h",0.919910223602754,['fn_0002']
2840,megamat_old,2019-05-24,4,t2h,B-cit,"t2h, B-cit",0.9737555505847288,['fn_0002']
2841,megamat_old,2019-05-24,4,t2h,IaA,"t2h, IaA",1.093346871727723,['fn_0002']
2842,megamat_old,2019-05-24,4,t2h,Lin,"t2h, Lin",0.9529637552366949,['fn_0002']
2843,megamat_old,2019-05-24,4,t2h,eug,"t2h, eug",1.0287808691654718,['fn_0002']
2844,megamat_old,2019-05-24,4,t2h,pfo,"t2h, pfo",0.9558042628263144,['fn_0002']
2845,megamat_old,2019-05-24,4,t2h,t2h,"t2h, t2h",0.0,['fn_0002']
2846,megamat_old,2019-05-24,4,t2h,va,"t2h, va",0.813464870128142,['fn_0002']
2847,megamat_old,2019-05-24,4,va,1-5ol,"va, 1-5ol",1.0747507763307191,['fn_0002']
2848,megamat_old,2019-05-24,4,va,2h,"va, 2h",1.129778152668934,['fn_0002']
2849,megamat_old,2019-05-24,4,va,B-cit,"va, B-cit",1.0740912351482084,['fn_0002']
2850,megamat_old,2019-05-24,4,va,IaA,"va, IaA",1.1138080018662515,['fn_0002']
2851,megamat_old,2019-05-24,4,va,Lin,"va, Lin",1.066129432435921,['fn_0002']
2852,megamat_old,2019-05-24,4,va,eug,"va, eug",0.8468991634923446,['fn_0002']
2853,megamat_old,2019-05-24,4,va,pfo,"va, pfo",0.8698302911252459,['fn_0002']
2854,megamat_old,2019-05-24,4,va,t2h,"va, t2h",0.813464870128142,['fn_0002']
2855,megamat_old,2019-05-24,4,va,va,"va, va",0.0,['fn_0002']
2856,megamat_old,2019-07-19,2,1-5ol,1-5ol,"1-5ol, 1-5ol",0.0,['movie002']
2857,megamat_old,2019-07-19,2,1-5ol,1-6ol,"1-5ol, 1-6ol",0.2352075629293352,['movie002']
2858,megamat_old,2019-07-19,2,1-5ol,1-8ol,"1-5ol, 1-8ol",0.547442765093286,['movie002']
2859,megamat_old,2019-07-19,2,1-5ol,2-but,"1-5ol, 2-but",1.0022622864264248,['movie002']
2860,megamat_old,2019-07-19,2,1-5ol,2h,"1-5ol, 2h",1.0708904956056389,['movie002']
2861,megamat_old,2019-07-19,2,1-5ol,IaA,"1-5ol, IaA",1.0023214268448135,['movie002']
2862,megamat_old,2019-07-19,2,1-5ol,Lin,"1-5ol, Lin",0.940446222209123,['movie002']
2863,megamat_old,2019-07-19,2,1-5ol,ep,"1-5ol, ep",1.0029740489979588,['movie002']
2864,megamat_old,2019-07-19,2,1-5ol,t2h,"1-5ol, t2h",0.9629653484833324,['movie002']
2865,megamat_old,2019-07-19,2,1-6ol,1-5ol,"1-6ol, 1-5ol",0.2352075629293352,['movie002']
2866,megamat_old,2019-07-19,2,1-6ol,1-6ol,"1-6ol, 1-6ol",0.0,"['movie001', 'movie002', 'movie003']"
2867,megamat_old,2019-07-19,2,1-6ol,1-8ol,"1-6ol, 1-8ol",0.5785041054336424,['movie002']
2868,megamat_old,2019-07-19,2,1-6ol,2-but,"1-6ol, 2-but",0.956380368467359,"['movie001', 'movie002', 'movie003']"
2869,megamat_old,2019-07-19,2,1-6ol,2h,"1-6ol, 2h",0.8577286520743144,"['movie002', 'movie003']"
2870,megamat_old,2019-07-19,2,1-6ol,6al,"1-6ol, 6al",0.5583556758148305,['movie001']
2871,megamat_old,2019-07-19,2,1-6ol,B-cit,"1-6ol, B-cit",0.9352301521966822,"['movie001', 'movie003']"
2872,megamat_old,2019-07-19,2,1-6ol,IaA,"1-6ol, IaA",1.0135712754115385,['movie002']
2873,megamat_old,2019-07-19,2,1-6ol,Lin,"1-6ol, Lin",0.8834792056371881,"['movie002', 'movie003']"
2874,megamat_old,2019-07-19,2,1-6ol,benz,"1-6ol, benz",0.8572845139793033,"['movie001', 'movie003']"
2875,megamat_old,2019-07-19,2,1-6ol,eb,"1-6ol, eb",0.9525532104918758,['movie001']
2876,megamat_old,2019-07-19,2,1-6ol,ep,"1-6ol, ep",0.954879661232857,"['movie002', 'movie003']"
2877,megamat_old,2019-07-19,2,1-6ol,ms,"1-6ol, ms",0.9526964811876272,['movie001']
2878,megamat_old,2019-07-19,2,1-6ol,pa,"1-6ol, pa",0.705982285106521,['movie001']
2879,megamat_old,2019-07-19,2,1-6ol,pfo,"1-6ol, pfo",0.7917181492844078,['movie001']
2880,megamat_old,2019-07-19,2,1-6ol,t2h,"1-6ol, t2h",0.9254547167077188,"['movie002', 'movie003']"
2881,megamat_old,2019-07-19,2,1-6ol,va,"1-6ol, va",1.0214558987639053,['movie003']
2882,megamat_old,2019-07-19,2,1-8ol,1-5ol,"1-8ol, 1-5ol",0.547442765093286,['movie002']
2883,megamat_old,2019-07-19,2,1-8ol,1-6ol,"1-8ol, 1-6ol",0.5785041054336424,['movie002']
2884,megamat_old,2019-07-19,2,1-8ol,1-8ol,"1-8ol, 1-8ol",0.0,['movie002']
2885,megamat_old,2019-07-19,2,1-8ol,2-but,"1-8ol, 2-but",1.0502822909453051,['movie002']
2886,megamat_old,2019-07-19,2,1-8ol,2h,"1-8ol, 2h",1.0283503045207538,['movie002']
2887,megamat_old,2019-07-19,2,1-8ol,IaA,"1-8ol, IaA",1.01380281049294,['movie002']
2888,megamat_old,2019-07-19,2,1-8ol,Lin,"1-8ol, Lin",0.6644256419871729,['movie002']
2889,megamat_old,2019-07-19,2,1-8ol,ep,"1-8ol, ep",1.0690370908555924,['movie002']
2890,megamat_old,2019-07-19,2,1-8ol,t2h,"1-8ol, t2h",0.8949645998072587,['movie002']
2891,megamat_old,2019-07-19,2,2-but,1-5ol,"2-but, 1-5ol",1.0022622864264248,['movie002']
2892,megamat_old,2019-07-19,2,2-but,1-6ol,"2-but, 1-6ol",0.956380368467359,"['movie001', 'movie002', 'movie003']"
2893,megamat_old,2019-07-19,2,2-but,1-8ol,"2-but, 1-8ol",1.0502822909453051,['movie002']
2894,megamat_old,2019-07-19,2,2-but,2-but,"2-but, 2-but",0.0,"['movie001', 'movie002', 'movie003']"
2895,megamat_old,2019-07-19,2,2-but,2h,"2-but, 2h",0.9543469051112696,"['movie002', 'movie003']"
2896,megamat_old,2019-07-19,2,2-but,6al,"2-but, 6al",1.0970054012299852,['movie001']
2897,megamat_old,2019-07-19,2,2-but,B-cit,"2-but, B-cit",1.0022752651890665,"['movie001', 'movie003']"
2898,megamat_old,2019-07-19,2,2-but,IaA,"2-but, IaA",1.0484958320155406,['movie002']
2899,megamat_old,2019-07-19,2,2-but,Lin,"2-but, Lin",0.9195676035861764,"['movie002', 'movie003']"
2900,megamat_old,2019-07-19,2,2-but,benz,"2-but, benz",0.9807630139706262,"['movie001', 'movie003']"
2901,megamat_old,2019-07-19,2,2-but,eb,"2-but, eb",0.5879237140046003,['movie001']
2902,megamat_old,2019-07-19,2,2-but,ep,"2-but, ep",0.4624502445710723,"['movie002', 'movie003']"
2903,megamat_old,2019-07-19,2,2-but,ms,"2-but, ms",0.9249843157423456,['movie001']
2904,megamat_old,2019-07-19,2,2-but,pa,"2-but, pa",0.8871781132022786,['movie001']
2905,megamat_old,2019-07-19,2,2-but,pfo,"2-but, pfo",0.8414164977454051,['movie001']
2906,megamat_old,2019-07-19,2,2-but,t2h,"2-but, t2h",1.0624066151825406,"['movie002', 'movie003']"
2907,megamat_old,2019-07-19,2,2-but,va,"2-but, va",0.9932744332883208,['movie003']
2908,megamat_old,2019-07-19,2,2h,1-5ol,"2h, 1-5ol",1.0708904956056389,['movie002']
2909,megamat_old,2019-07-19,2,2h,1-6ol,"2h, 1-6ol",0.8577286520743144,"['movie002', 'movie003']"
2910,megamat_old,2019-07-19,2,2h,1-8ol,"2h, 1-8ol",1.0283503045207538,['movie002']
2911,megamat_old,2019-07-19,2,2h,2-but,"2h, 2-but",0.9543469051112696,"['movie002', 'movie003']"
2912,megamat_old,2019-07-19,2,2h,2h,"2h, 2h",0.0,"['movie002', 'movie003']"
2913,megamat_old,2019-07-19,2,2h,B-cit,"2h, B-cit",0.8748473589662134,['movie003']
2914,megamat_old,2019-07-19,2,2h,IaA,"2h, IaA",0.7306184259820592,['movie002']
2915,megamat_old,2019-07-19,2,2h,Lin,"2h, Lin",0.9631940273226508,"['movie002', 'movie003']"
2916,megamat_old,2019-07-19,2,2h,benz,"2h, benz",0.8616980865172561,['movie003']
2917,megamat_old,2019-07-19,2,2h,ep,"2h, ep",0.965194790982784,"['movie002', 'movie003']"
2918,megamat_old,2019-07-19,2,2h,t2h,"2h, t2h",1.0049680378500254,"['movie002', 'movie003']"
2919,megamat_old,2019-07-19,2,2h,va,"2h, va",0.9918064613452612,['movie003']
2920,megamat_old,2019-07-19,2,6al,1-6ol,"6al, 1-6ol",0.5583556758148305,['movie001']
2921,megamat_old,2019-07-19,2,6al,2-but,"6al, 2-but",1.0970054012299852,['movie001']
2922,megamat_old,2019-07-19,2,6al,6al,"6al, 6al",0.0,['movie001']
2923,megamat_old,2019-07-19,2,6al,B-cit,"6al, B-cit",0.9772952860295387,['movie001']
2924,megamat_old,2019-07-19,2,6al,benz,"6al, benz",0.549861481729774,['movie001']
2925,megamat_old,2019-07-19,2,6al,eb,"6al, eb",1.0088242293391916,['movie001']
2926,megamat_old,2019-07-19,2,6al,ms,"6al, ms",0.9715826243809532,['movie001']
2927,megamat_old,2019-07-19,2,6al,pa,"6al, pa",0.8768834160671679,['movie001']
2928,megamat_old,2019-07-19,2,6al,pfo,"6al, pfo",0.8217514452601808,['movie001']
2929,megamat_old,2019-07-19,2,B-cit,1-6ol,"B-cit, 1-6ol",0.9352301521966822,"['movie001', 'movie003']"
2930,megamat_old,2019-07-19,2,B-cit,2-but,"B-cit, 2-but",1.0022752651890665,"['movie001', 'movie003']"
2931,megamat_old,2019-07-19,2,B-cit,2h,"B-cit, 2h",0.8748473589662134,['movie003']
2932,megamat_old,2019-07-19,2,B-cit,6al,"B-cit, 6al",0.9772952860295387,['movie001']
2933,megamat_old,2019-07-19,2,B-cit,B-cit,"B-cit, B-cit",0.0,"['movie001', 'movie003']"
2934,megamat_old,2019-07-19,2,B-cit,Lin,"B-cit, Lin",0.977108413216974,['movie003']
2935,megamat_old,2019-07-19,2,B-cit,benz,"B-cit, benz",0.6939025168736788,"['movie001', 'movie003']"
2936,megamat_old,2019-07-19,2,B-cit,eb,"B-cit, eb",1.056016374731724,['movie001']
2937,megamat_old,2019-07-19,2,B-cit,ep,"B-cit, ep",0.9740087895972211,['movie003']
2938,megamat_old,2019-07-19,2,B-cit,ms,"B-cit, ms",0.9106460032684162,['movie001']
2939,megamat_old,2019-07-19,2,B-cit,pa,"B-cit, pa",1.0576564591165356,['movie001']
2940,megamat_old,2019-07-19,2,B-cit,pfo,"B-cit, pfo",0.960308826962159,['movie001']
2941,megamat_old,2019-07-19,2,B-cit,t2h,"B-cit, t2h",0.8262707229820956,['movie003']
2942,megamat_old,2019-07-19,2,B-cit,va,"B-cit, va",0.8385087136825389,['movie003']
2943,megamat_old,2019-07-19,2,IaA,1-5ol,"IaA, 1-5ol",1.0023214268448135,['movie002']
2944,megamat_old,2019-07-19,2,IaA,1-6ol,"IaA, 1-6ol",1.0135712754115385,['movie002']
2945,megamat_old,2019-07-19,2,IaA,1-8ol,"IaA, 1-8ol",1.01380281049294,['movie002']
2946,megamat_old,2019-07-19,2,IaA,2-but,"IaA, 2-but",1.0484958320155406,['movie002']
2947,megamat_old,2019-07-19,2,IaA,2h,"IaA, 2h",0.7306184259820592,['movie002']
2948,megamat_old,2019-07-19,2,IaA,IaA,"IaA, IaA",0.0,['movie002']
2949,megamat_old,2019-07-19,2,IaA,Lin,"IaA, Lin",0.9023956951879876,['movie002']
2950,megamat_old,2019-07-19,2,IaA,ep,"IaA, ep",0.9510380214906642,['movie002']
2951,megamat_old,2019-07-19,2,IaA,t2h,"IaA, t2h",1.1189898363257185,['movie002']
2952,megamat_old,2019-07-19,2,Lin,1-5ol,"Lin, 1-5ol",0.940446222209123,['movie002']
2953,megamat_old,2019-07-19,2,Lin,1-6ol,"Lin, 1-6ol",0.8834792056371881,"['movie002', 'movie003']"
2954,megamat_old,2019-07-19,2,Lin,1-8ol,"Lin, 1-8ol",0.6644256419871729,['movie002']
2955,megamat_old,2019-07-19,2,Lin,2-but,"Lin, 2-but",0.9195676035861764,"['movie002', 'movie003']"
2956,megamat_old,2019-07-19,2,Lin,2h,"Lin, 2h",0.9631940273226508,"['movie002', 'movie003']"
2957,megamat_old,2019-07-19,2,Lin,B-cit,"Lin, B-cit",0.977108413216974,['movie003']
2958,megamat_old,2019-07-19,2,Lin,IaA,"Lin, IaA",0.9023956951879876,['movie002']
2959,megamat_old,2019-07-19,2,Lin,Lin,"Lin, Lin",0.0,"['movie002', 'movie003']"
2960,megamat_old,2019-07-19,2,Lin,benz,"Lin, benz",0.9072215058719804,['movie003']
2961,megamat_old,2019-07-19,2,Lin,ep,"Lin, ep",0.9553144777978144,"['movie002', 'movie003']"
2962,megamat_old,2019-07-19,2,Lin,t2h,"Lin, t2h",1.0055096753057229,"['movie002', 'movie003']"
2963,megamat_old,2019-07-19,2,Lin,va,"Lin, va",0.9134357029232268,['movie003']
2964,megamat_old,2019-07-19,2,benz,1-6ol,"benz, 1-6ol",0.8572845139793033,"['movie001', 'movie003']"
2965,megamat_old,2019-07-19,2,benz,2-but,"benz, 2-but",0.9807630139706262,"['movie001', 'movie003']"
2966,megamat_old,2019-07-19,2,benz,2h,"benz, 2h",0.8616980865172561,['movie003']
2967,megamat_old,2019-07-19,2,benz,6al,"benz, 6al",0.549861481729774,['movie001']
2968,megamat_old,2019-07-19,2,benz,B-cit,"benz, B-cit",0.6939025168736788,"['movie001', 'movie003']"
2969,megamat_old,2019-07-19,2,benz,Lin,"benz, Lin",0.9072215058719804,['movie003']
2970,megamat_old,2019-07-19,2,benz,benz,"benz, benz",0.0,"['movie001', 'movie003']"
2971,megamat_old,2019-07-19,2,benz,eb,"benz, eb",1.0282859287537989,['movie001']
2972,megamat_old,2019-07-19,2,benz,ep,"benz, ep",0.9327643437574576,['movie003']
2973,megamat_old,2019-07-19,2,benz,ms,"benz, ms",0.7567775599611511,['movie001']
2974,megamat_old,2019-07-19,2,benz,pa,"benz, pa",0.9367892105808644,['movie001']
2975,megamat_old,2019-07-19,2,benz,pfo,"benz, pfo",0.8940280177547555,['movie001']
2976,megamat_old,2019-07-19,2,benz,t2h,"benz, t2h",0.8850899599921417,['movie003']
2977,megamat_old,2019-07-19,2,benz,va,"benz, va",0.9033970082501508,['movie003']
2978,megamat_old,2019-07-19,2,eb,1-6ol,"eb, 1-6ol",0.9525532104918758,['movie001']
2979,megamat_old,2019-07-19,2,eb,2-but,"eb, 2-but",0.5879237140046003,['movie001']
2980,megamat_old,2019-07-19,2,eb,6al,"eb, 6al",1.0088242293391916,['movie001']
2981,megamat_old,2019-07-19,2,eb,B-cit,"eb, B-cit",1.056016374731724,['movie001']
2982,megamat_old,2019-07-19,2,eb,benz,"eb, benz",1.0282859287537989,['movie001']
2983,megamat_old,2019-07-19,2,eb,eb,"eb, eb",0.0,['movie001']
2984,megamat_old,2019-07-19,2,eb,ms,"eb, ms",0.92538277034204,['movie001']
2985,megamat_old,2019-07-19,2,eb,pa,"eb, pa",0.8484889871103951,['movie001']
2986,megamat_old,2019-07-19,2,eb,pfo,"eb, pfo",0.9679750187400664,['movie001']
2987,megamat_old,2019-07-19,2,ep,1-5ol,"ep, 1-5ol",1.0029740489979588,['movie002']
2988,megamat_old,2019-07-19,2,ep,1-6ol,"ep, 1-6ol",0.954879661232857,"['movie002', 'movie003']"
2989,megamat_old,2019-07-19,2,ep,1-8ol,"ep, 1-8ol",1.0690370908555924,['movie002']
2990,megamat_old,2019-07-19,2,ep,2-but,"ep, 2-but",0.4624502445710723,"['movie002', 'movie003']"
2991,megamat_old,2019-07-19,2,ep,2h,"ep, 2h",0.965194790982784,"['movie002', 'movie003']"
2992,megamat_old,2019-07-19,2,ep,B-cit,"ep, B-cit",0.9740087895972211,['movie003']
2993,megamat_old,2019-07-19,2,ep,IaA,"ep, IaA",0.9510380214906642,['movie002']
2994,megamat_old,2019-07-19,2,ep,Lin,"ep, Lin",0.9553144777978144,"['movie002', 'movie003']"
2995,megamat_old,2019-07-19,2,ep,benz,"ep, benz",0.9327643437574576,['movie003']
2996,megamat_old,2019-07-19,2,ep,ep,"ep, ep",0.0,"['movie002', 'movie003']"
2997,megamat_old,2019-07-19,2,ep,t2h,"ep, t2h",1.1085581395153086,"['movie002', 'movie003']"
2998,megamat_old,2019-07-19,2,ep,va,"ep, va",1.077075459747764,['movie003']
2999,megamat_old,2019-07-19,2,ms,1-6ol,"ms, 1-6ol",0.9526964811876272,['movie001']
3000,megamat_old,2019-07-19,2,ms,2-but,"ms, 2-but",0.9249843157423456,['movie001']
3001,megamat_old,2019-07-19,2,ms,6al,"ms, 6al",0.9715826243809532,['movie001']
3002,megamat_old,2019-07-19,2,ms,B-cit,"ms, B-cit",0.9106460032684162,['movie001']
3003,megamat_old,2019-07-19,2,ms,benz,"ms, benz",0.7567775599611511,['movie001']
3004,megamat_old,2019-07-19,2,ms,eb,"ms, eb",0.92538277034204,['movie001']
3005,megamat_old,2019-07-19,2,ms,ms,"ms, ms",0.0,['movie001']
3006,megamat_old,2019-07-19,2,ms,pa,"ms, pa",0.9356416822190314,['movie001']
3007,megamat_old,2019-07-19,2,ms,pfo,"ms, pfo",0.6702596650094643,['movie001']
3008,megamat_old,2019-07-19,2,pa,1-6ol,"pa, 1-6ol",0.705982285106521,['movie001']
3009,megamat_old,2019-07-19,2,pa,2-but,"pa, 2-but",0.8871781132022786,['movie001']
3010,megamat_old,2019-07-19,2,pa,6al,"pa, 6al",0.8768834160671679,['movie001']
3011,megamat_old,2019-07-19,2,pa,B-cit,"pa, B-cit",1.0576564591165356,['movie001']
3012,megamat_old,2019-07-19,2,pa,benz,"pa, benz",0.9367892105808644,['movie001']
3013,megamat_old,2019-07-19,2,pa,eb,"pa, eb",0.8484889871103951,['movie001']
3014,megamat_old,2019-07-19,2,pa,ms,"pa, ms",0.9356416822190314,['movie001']
3015,megamat_old,2019-07-19,2,pa,pa,"pa, pa",0.0,['movie001']
3016,megamat_old,2019-07-19,2,pa,pfo,"pa, pfo",0.823927333079816,['movie001']
3017,megamat_old,2019-07-19,2,pfo,1-6ol,"pfo, 1-6ol",0.7917181492844078,['movie001']
3018,megamat_old,2019-07-19,2,pfo,2-but,"pfo, 2-but",0.8414164977454051,['movie001']
3019,megamat_old,2019-07-19,2,pfo,6al,"pfo, 6al",0.8217514452601808,['movie001']
3020,megamat_old,2019-07-19,2,pfo,B-cit,"pfo, B-cit",0.960308826962159,['movie001']
3021,megamat_old,2019-07-19,2,pfo,benz,"pfo, benz",0.8940280177547555,['movie001']
3022,megamat_old,2019-07-19,2,pfo,eb,"pfo, eb",0.9679750187400664,['movie001']
3023,megamat_old,2019-07-19,2,pfo,ms,"pfo, ms",0.6702596650094643,['movie001']
3024,megamat_old,2019-07-19,2,pfo,pa,"pfo, pa",0.823927333079816,['movie001']
3025,megamat_old,2019-07-19,2,pfo,pfo,"pfo, pfo",0.0,['movie001']
3026,megamat_old,2019-07-19,2,t2h,1-5ol,"t2h, 1-5ol",0.9629653484833324,['movie002']
3027,megamat_old,2019-07-19,2,t2h,1-6ol,"t2h, 1-6ol",0.9254547167077188,"['movie002', 'movie003']"
3028,megamat_old,2019-07-19,2,t2h,1-8ol,"t2h, 1-8ol",0.8949645998072587,['movie002']
3029,megamat_old,2019-07-19,2,t2h,2-but,"t2h, 2-but",1.0624066151825406,"['movie002', 'movie003']"
3030,megamat_old,2019-07-19,2,t2h,2h,"t2h, 2h",1.0049680378500254,"['movie002', 'movie003']"
3031,megamat_old,2019-07-19,2,t2h,B-cit,"t2h, B-cit",0.8262707229820956,['movie003']
3032,megamat_old,2019-07-19,2,t2h,IaA,"t2h, IaA",1.1189898363257185,['movie002']
3033,megamat_old,2019-07-19,2,t2h,Lin,"t2h, Lin",1.0055096753057229,"['movie002', 'movie003']"
3034,megamat_old,2019-07-19,2,t2h,benz,"t2h, benz",0.8850899599921417,['movie003']
3035,megamat_old,2019-07-19,2,t2h,ep,"t2h, ep",1.1085581395153086,"['movie002', 'movie003']"
3036,megamat_old,2019-07-19,2,t2h,t2h,"t2h, t2h",0.0,"['movie002', 'movie003']"
3037,megamat_old,2019-07-19,2,t2h,va,"t2h, va",0.6249289056545764,['movie003']
3038,megamat_old,2019-07-19,2,va,1-6ol,"va, 1-6ol",1.0214558987639053,['movie003']
3039,megamat_old,2019-07-19,2,va,2-but,"va, 2-but",0.9932744332883208,['movie003']
3040,megamat_old,2019-07-19,2,va,2h,"va, 2h",0.9918064613452612,['movie003']
3041,megamat_old,2019-07-19,2,va,B-cit,"va, B-cit",0.8385087136825389,['movie003']
3042,megamat_old,2019-07-19,2,va,Lin,"va, Lin",0.9134357029232268,['movie003']
3043,megamat_old,2019-07-19,2,va,benz,"va, benz",0.9033970082501508,['movie003']
3044,megamat_old,2019-07-19,2,va,ep,"va, ep",1.077075459747764,['movie003']
3045,megamat_old,2019-07-19,2,va,t2h,"va, t2h",0.6249289056545764,['movie003']
3046,megamat_old,2019-07-19,2,va,va,"va, va",0.0,['movie003']
3047,megamat_old,2019-09-12,1,1-5ol,1-5ol,"1-5ol, 1-5ol",0.0,['fn_0003']
3048,megamat_old,2019-09-12,1,1-5ol,1-6ol,"1-5ol, 1-6ol",0.2420441067559662,['fn_0003']
3049,megamat_old,2019-09-12,1,1-5ol,1-8ol,"1-5ol, 1-8ol",0.8327107463502478,['fn_0003']
3050,megamat_old,2019-09-12,1,1-5ol,2-but,"1-5ol, 2-but",0.4846280597400526,['fn_0003']
3051,megamat_old,2019-09-12,1,1-5ol,2h,"1-5ol, 2h",0.7467489988874647,['fn_0003']
3052,megamat_old,2019-09-12,1,1-5ol,Lin,"1-5ol, Lin",0.8173808195765341,['fn_0003']
3053,megamat_old,2019-09-12,1,1-5ol,eb,"1-5ol, eb",0.429495600848271,['fn_0003']
3054,megamat_old,2019-09-12,1,1-5ol,ep,"1-5ol, ep",0.5615587905575592,['fn_0003']
3055,megamat_old,2019-09-12,1,1-5ol,t2h,"1-5ol, t2h",0.7329979132002161,['fn_0003']
3056,megamat_old,2019-09-12,1,1-6ol,1-5ol,"1-6ol, 1-5ol",0.2420441067559662,['fn_0003']
3057,megamat_old,2019-09-12,1,1-6ol,1-6ol,"1-6ol, 1-6ol",0.0,"['fn_0002', 'fn_0003']"
3058,megamat_old,2019-09-12,1,1-6ol,1-8ol,"1-6ol, 1-8ol",0.7122650886582174,['fn_0003']
3059,megamat_old,2019-09-12,1,1-6ol,2-but,"1-6ol, 2-but",0.2882363470099819,"['fn_0002', 'fn_0003']"
3060,megamat_old,2019-09-12,1,1-6ol,2h,"1-6ol, 2h",0.79565951813671,['fn_0003']
3061,megamat_old,2019-09-12,1,1-6ol,6al,"1-6ol, 6al",0.6200363702298479,['fn_0002']
3062,megamat_old,2019-09-12,1,1-6ol,B-cit,"1-6ol, B-cit",1.089899522349376,['fn_0002']
3063,megamat_old,2019-09-12,1,1-6ol,IaA,"1-6ol, IaA",0.5251876099221067,['fn_0002']
3064,megamat_old,2019-09-12,1,1-6ol,Lin,"1-6ol, Lin",0.7810717330563324,['fn_0003']
3065,megamat_old,2019-09-12,1,1-6ol,benz,"1-6ol, benz",1.0083049041656518,['fn_0002']
3066,megamat_old,2019-09-12,1,1-6ol,eb,"1-6ol, eb",0.3181935908478298,['fn_0003']
3067,megamat_old,2019-09-12,1,1-6ol,ep,"1-6ol, ep",0.387910762016576,['fn_0003']
3068,megamat_old,2019-09-12,1,1-6ol,ms,"1-6ol, ms",0.9095029382058346,['fn_0002']
3069,megamat_old,2019-09-12,1,1-6ol,pa,"1-6ol, pa",0.6292588539587272,['fn_0002']
3070,megamat_old,2019-09-12,1,1-6ol,t2h,"1-6ol, t2h",0.8255849174435349,['fn_0003']
3071,megamat_old,2019-09-12,1,1-6ol,va,"1-6ol, va",0.9920563666028818,['fn_0002']
3072,megamat_old,2019-09-12,1,1-8ol,1-5ol,"1-8ol, 1-5ol",0.8327107463502478,['fn_0003']
3073,megamat_old,2019-09-12,1,1-8ol,1-6ol,"1-8ol, 1-6ol",0.7122650886582174,['fn_0003']
3074,megamat_old,2019-09-12,1,1-8ol,1-8ol,"1-8ol, 1-8ol",0.0,['fn_0003']
3075,megamat_old,2019-09-12,1,1-8ol,2-but,"1-8ol, 2-but",0.7699016299575873,['fn_0003']
3076,megamat_old,2019-09-12,1,1-8ol,2h,"1-8ol, 2h",0.91108795213189,['fn_0003']
3077,megamat_old,2019-09-12,1,1-8ol,Lin,"1-8ol, Lin",0.5352859303744588,['fn_0003']
3078,megamat_old,2019-09-12,1,1-8ol,eb,"1-8ol, eb",0.8549681324691076,['fn_0003']
3079,megamat_old,2019-09-12,1,1-8ol,ep,"1-8ol, ep",0.9427787472575344,['fn_0003']
3080,megamat_old,2019-09-12,1,1-8ol,t2h,"1-8ol, t2h",0.8300440909080751,['fn_0003']
3081,megamat_old,2019-09-12,1,2-but,1-5ol,"2-but, 1-5ol",0.4846280597400526,['fn_0003']
3082,megamat_old,2019-09-12,1,2-but,1-6ol,"2-but, 1-6ol",0.2882363470099819,"['fn_0002', 'fn_0003']"
3083,megamat_old,2019-09-12,1,2-but,1-8ol,"2-but, 1-8ol",0.7699016299575873,['fn_0003']
3084,megamat_old,2019-09-12,1,2-but,2-but,"2-but, 2-but",0.0,"['fn_0002', 'fn_0003']"
3085,megamat_old,2019-09-12,1,2-but,2h,"2-but, 2h",0.8792550481892503,['fn_0003']
3086,megamat_old,2019-09-12,1,2-but,6al,"2-but, 6al",0.7279659467216588,['fn_0002']
3087,megamat_old,2019-09-12,1,2-but,B-cit,"2-but, B-cit",1.088175204573563,['fn_0002']
3088,megamat_old,2019-09-12,1,2-but,IaA,"2-but, IaA",0.6394096288690294,['fn_0002']
3089,megamat_old,2019-09-12,1,2-but,Lin,"2-but, Lin",0.7988922452021662,['fn_0003']
3090,megamat_old,2019-09-12,1,2-but,benz,"2-but, benz",1.084630435070004,['fn_0002']
3091,megamat_old,2019-09-12,1,2-but,eb,"2-but, eb",0.3258021931363907,['fn_0003']
3092,megamat_old,2019-09-12,1,2-but,ep,"2-but, ep",0.2884715996166046,['fn_0003']
3093,megamat_old,2019-09-12,1,2-but,ms,"2-but, ms",0.8683419608951333,['fn_0002']
3094,megamat_old,2019-09-12,1,2-but,pa,"2-but, pa",0.6750716795665734,['fn_0002']
3095,megamat_old,2019-09-12,1,2-but,t2h,"2-but, t2h",0.8931480310517261,['fn_0003']
3096,megamat_old,2019-09-12,1,2-but,va,"2-but, va",0.9730610185431467,['fn_0002']
3097,megamat_old,2019-09-12,1,2h,1-5ol,"2h, 1-5ol",0.7467489988874647,['fn_0003']
3098,megamat_old,2019-09-12,1,2h,1-6ol,"2h, 1-6ol",0.79565951813671,['fn_0003']
3099,megamat_old,2019-09-12,1,2h,1-8ol,"2h, 1-8ol",0.91108795213189,['fn_0003']
3100,megamat_old,2019-09-12,1,2h,2-but,"2h, 2-but",0.8792550481892503,['fn_0003']
3101,megamat_old,2019-09-12,1,2h,2h,"2h, 2h",0.0,['fn_0003']
3102,megamat_old,2019-09-12,1,2h,Lin,"2h, Lin",0.811411265003579,['fn_0003']
3103,megamat_old,2019-09-12,1,2h,eb,"2h, eb",0.6835260855954941,['fn_0003']
3104,megamat_old,2019-09-12,1,2h,ep,"2h, ep",0.8973783996578827,['fn_0003']
3105,megamat_old,2019-09-12,1,2h,t2h,"2h, t2h",0.9368225789990422,['fn_0003']
3106,megamat_old,2019-09-12,1,6al,1-6ol,"6al, 1-6ol",0.6200363702298479,['fn_0002']
3107,megamat_old,2019-09-12,1,6al,2-but,"6al, 2-but",0.7279659467216588,['fn_0002']
3108,megamat_old,2019-09-12,1,6al,6al,"6al, 6al",0.0,['fn_0002']
3109,megamat_old,2019-09-12,1,6al,B-cit,"6al, B-cit",1.0703362829063578,['fn_0002']
3110,megamat_old,2019-09-12,1,6al,IaA,"6al, IaA",0.8408043316052007,['fn_0002']
3111,megamat_old,2019-09-12,1,6al,benz,"6al, benz",0.4892419568970888,['fn_0002']
3112,megamat_old,2019-09-12,1,6al,ms,"6al, ms",0.8795071301228803,['fn_0002']
3113,megamat_old,2019-09-12,1,6al,pa,"6al, pa",0.941120308044088,['fn_0002']
3114,megamat_old,2019-09-12,1,6al,va,"6al, va",0.6345140879644356,['fn_0002']
3115,megamat_old,2019-09-12,1,B-cit,1-6ol,"B-cit, 1-6ol",1.089899522349376,['fn_0002']
3116,megamat_old,2019-09-12,1,B-cit,2-but,"B-cit, 2-but",1.088175204573563,['fn_0002']
3117,megamat_old,2019-09-12,1,B-cit,6al,"B-cit, 6al",1.0703362829063578,['fn_0002']
3118,megamat_old,2019-09-12,1,B-cit,B-cit,"B-cit, B-cit",0.0,['fn_0002']
3119,megamat_old,2019-09-12,1,B-cit,IaA,"B-cit, IaA",1.0286159095620049,['fn_0002']
3120,megamat_old,2019-09-12,1,B-cit,benz,"B-cit, benz",0.8865971272910693,['fn_0002']
3121,megamat_old,2019-09-12,1,B-cit,ms,"B-cit, ms",0.9457675027008724,['fn_0002']
3122,megamat_old,2019-09-12,1,B-cit,pa,"B-cit, pa",0.997708868972016,['fn_0002']
3123,megamat_old,2019-09-12,1,B-cit,va,"B-cit, va",0.9439616274599216,['fn_0002']
3124,megamat_old,2019-09-12,1,IaA,1-6ol,"IaA, 1-6ol",0.5251876099221067,['fn_0002']
3125,megamat_old,2019-09-12,1,IaA,2-but,"IaA, 2-but",0.6394096288690294,['fn_0002']
3126,megamat_old,2019-09-12,1,IaA,6al,"IaA, 6al",0.8408043316052007,['fn_0002']
3127,megamat_old,2019-09-12,1,IaA,B-cit,"IaA, B-cit",1.0286159095620049,['fn_0002']
3128,megamat_old,2019-09-12,1,IaA,IaA,"IaA, IaA",0.0,['fn_0002']
3129,megamat_old,2019-09-12,1,IaA,benz,"IaA, benz",0.992849026434066,['fn_0002']
3130,megamat_old,2019-09-12,1,IaA,ms,"IaA, ms",0.9026479424781833,['fn_0002']
3131,megamat_old,2019-09-12,1,IaA,pa,"IaA, pa",0.2012609053637937,['fn_0002']
3132,megamat_old,2019-09-12,1,IaA,va,"IaA, va",1.095306551303678,['fn_0002']
3133,megamat_old,2019-09-12,1,Lin,1-5ol,"Lin, 1-5ol",0.8173808195765341,['fn_0003']
3134,megamat_old,2019-09-12,1,Lin,1-6ol,"Lin, 1-6ol",0.7810717330563324,['fn_0003']
3135,megamat_old,2019-09-12,1,Lin,1-8ol,"Lin, 1-8ol",0.5352859303744588,['fn_0003']
3136,megamat_old,2019-09-12,1,Lin,2-but,"Lin, 2-but",0.7988922452021662,['fn_0003']
3137,megamat_old,2019-09-12,1,Lin,2h,"Lin, 2h",0.811411265003579,['fn_0003']
3138,megamat_old,2019-09-12,1,Lin,Lin,"Lin, Lin",0.0,['fn_0003']
3139,megamat_old,2019-09-12,1,Lin,eb,"Lin, eb",0.7703195792418427,['fn_0003']
3140,megamat_old,2019-09-12,1,Lin,ep,"Lin, ep",0.9130706481173372,['fn_0003']
3141,megamat_old,2019-09-12,1,Lin,t2h,"Lin, t2h",0.9159920380628214,['fn_0003']
3142,megamat_old,2019-09-12,1,benz,1-6ol,"benz, 1-6ol",1.0083049041656518,['fn_0002']
3143,megamat_old,2019-09-12,1,benz,2-but,"benz, 2-but",1.084630435070004,['fn_0002']
3144,megamat_old,2019-09-12,1,benz,6al,"benz, 6al",0.4892419568970888,['fn_0002']
3145,megamat_old,2019-09-12,1,benz,B-cit,"benz, B-cit",0.8865971272910693,['fn_0002']
3146,megamat_old,2019-09-12,1,benz,IaA,"benz, IaA",0.992849026434066,['fn_0002']
3147,megamat_old,2019-09-12,1,benz,benz,"benz, benz",0.0,['fn_0002']
3148,megamat_old,2019-09-12,1,benz,ms,"benz, ms",0.7858288690465213,['fn_0002']
3149,megamat_old,2019-09-12,1,benz,pa,"benz, pa",1.0468464372154465,['fn_0002']
3150,megamat_old,2019-09-12,1,benz,va,"benz, va",0.8407455622374432,['fn_0002']
3151,megamat_old,2019-09-12,1,eb,1-5ol,"eb, 1-5ol",0.429495600848271,['fn_0003']
3152,megamat_old,2019-09-12,1,eb,1-6ol,"eb, 1-6ol",0.3181935908478298,['fn_0003']
3153,megamat_old,2019-09-12,1,eb,1-8ol,"eb, 1-8ol",0.8549681324691076,['fn_0003']
3154,megamat_old,2019-09-12,1,eb,2-but,"eb, 2-but",0.3258021931363907,['fn_0003']
3155,megamat_old,2019-09-12,1,eb,2h,"eb, 2h",0.6835260855954941,['fn_0003']
3156,megamat_old,2019-09-12,1,eb,Lin,"eb, Lin",0.7703195792418427,['fn_0003']
3157,megamat_old,2019-09-12,1,eb,eb,"eb, eb",0.0,['fn_0003']
3158,megamat_old,2019-09-12,1,eb,ep,"eb, ep",0.2843498662534113,['fn_0003']
3159,megamat_old,2019-09-12,1,eb,t2h,"eb, t2h",0.9427719399255956,['fn_0003']
3160,megamat_old,2019-09-12,1,ep,1-5ol,"ep, 1-5ol",0.5615587905575592,['fn_0003']
3161,megamat_old,2019-09-12,1,ep,1-6ol,"ep, 1-6ol",0.387910762016576,['fn_0003']
3162,megamat_old,2019-09-12,1,ep,1-8ol,"ep, 1-8ol",0.9427787472575344,['fn_0003']
3163,megamat_old,2019-09-12,1,ep,2-but,"ep, 2-but",0.2884715996166046,['fn_0003']
3164,megamat_old,2019-09-12,1,ep,2h,"ep, 2h",0.8973783996578827,['fn_0003']
3165,megamat_old,2019-09-12,1,ep,Lin,"ep, Lin",0.9130706481173372,['fn_0003']
3166,megamat_old,2019-09-12,1,ep,eb,"ep, eb",0.2843498662534113,['fn_0003']
3167,megamat_old,2019-09-12,1,ep,ep,"ep, ep",0.0,['fn_0003']
3168,megamat_old,2019-09-12,1,ep,t2h,"ep, t2h",1.046983835171989,['fn_0003']
3169,megamat_old,2019-09-12,1,ms,1-6ol,"ms, 1-6ol",0.9095029382058346,['fn_0002']
3170,megamat_old,2019-09-12,1,ms,2-but,"ms, 2-but",0.8683419608951333,['fn_0002']
3171,megamat_old,2019-09-12,1,ms,6al,"ms, 6al",0.8795071301228803,['fn_0002']
3172,megamat_old,2019-09-12,1,ms,B-cit,"ms, B-cit",0.9457675027008724,['fn_0002']
3173,megamat_old,2019-09-12,1,ms,IaA,"ms, IaA",0.9026479424781833,['fn_0002']
3174,megamat_old,2019-09-12,1,ms,benz,"ms, benz",0.7858288690465213,['fn_0002']
3175,megamat_old,2019-09-12,1,ms,ms,"ms, ms",0.0,['fn_0002']
3176,megamat_old,2019-09-12,1,ms,pa,"ms, pa",0.9303117543526616,['fn_0002']
3177,megamat_old,2019-09-12,1,ms,va,"ms, va",1.011793987584266,['fn_0002']
3178,megamat_old,2019-09-12,1,pa,1-6ol,"pa, 1-6ol",0.6292588539587272,['fn_0002']
3179,megamat_old,2019-09-12,1,pa,2-but,"pa, 2-but",0.6750716795665734,['fn_0002']
3180,megamat_old,2019-09-12,1,pa,6al,"pa, 6al",0.941120308044088,['fn_0002']
3181,megamat_old,2019-09-12,1,pa,B-cit,"pa, B-cit",0.997708868972016,['fn_0002']
3182,megamat_old,2019-09-12,1,pa,IaA,"pa, IaA",0.2012609053637937,['fn_0002']
3183,megamat_old,2019-09-12,1,pa,benz,"pa, benz",1.0468464372154465,['fn_0002']
3184,megamat_old,2019-09-12,1,pa,ms,"pa, ms",0.9303117543526616,['fn_0002']
3185,megamat_old,2019-09-12,1,pa,pa,"pa, pa",0.0,['fn_0002']
3186,megamat_old,2019-09-12,1,pa,va,"pa, va",1.1389810449106414,['fn_0002']
3187,megamat_old,2019-09-12,1,t2h,1-5ol,"t2h, 1-5ol",0.7329979132002161,['fn_0003']
3188,megamat_old,2019-09-12,1,t2h,1-6ol,"t2h, 1-6ol",0.8255849174435349,['fn_0003']
3189,megamat_old,2019-09-12,1,t2h,1-8ol,"t2h, 1-8ol",0.8300440909080751,['fn_0003']
3190,megamat_old,2019-09-12,1,t2h,2-but,"t2h, 2-but",0.8931480310517261,['fn_0003']
3191,megamat_old,2019-09-12,1,t2h,2h,"t2h, 2h",0.9368225789990422,['fn_0003']
3192,megamat_old,2019-09-12,1,t2h,Lin,"t2h, Lin",0.9159920380628214,['fn_0003']
3193,megamat_old,2019-09-12,1,t2h,eb,"t2h, eb",0.9427719399255956,['fn_0003']
3194,megamat_old,2019-09-12,1,t2h,ep,"t2h, ep",1.046983835171989,['fn_0003']
3195,megamat_old,2019-09-12,1,t2h,t2h,"t2h, t2h",0.0,['fn_0003']
3196,megamat_old,2019-09-12,1,va,1-6ol,"va, 1-6ol",0.9920563666028818,['fn_0002']
3197,megamat_old,2019-09-12,1,va,2-but,"va, 2-but",0.9730610185431467,['fn_0002']
3198,megamat_old,2019-09-12,1,va,6al,"va, 6al",0.6345140879644356,['fn_0002']
3199,megamat_old,2019-09-12,1,va,B-cit,"va, B-cit",0.9439616274599216,['fn_0002']
3200,megamat_old,2019-09-12,1,va,IaA,"va, IaA",1.095306551303678,['fn_0002']
3201,megamat_old,2019-09-12,1,va,benz,"va, benz",0.8407455622374432,['fn_0002']
3202,megamat_old,2019-09-12,1,va,ms,"va, ms",1.011793987584266,['fn_0002']
3203,megamat_old,2019-09-12,1,va,pa,"va, pa",1.1389810449106414,['fn_0002']
3204,megamat_old,2019-09-12,1,va,va,"va, va",0.0,['fn_0002']
3205,megamat_old,2019-09-12,2,1-5ol,1-5ol,"1-5ol, 1-5ol",0.0,['fn_0001']
3206,megamat_old,2019-09-12,2,1-5ol,1-6ol,"1-5ol, 1-6ol",0.3489910187991933,['fn_0001']
3207,megamat_old,2019-09-12,2,1-5ol,1-8ol,"1-5ol, 1-8ol",0.7779866665585514,['fn_0001']
3208,megamat_old,2019-09-12,2,1-5ol,2-but,"1-5ol, 2-but",0.6956555958772849,['fn_0001']
3209,megamat_old,2019-09-12,2,1-5ol,2h,"1-5ol, 2h",0.826962733958972,['fn_0001']
3210,megamat_old,2019-09-12,2,1-5ol,Lin,"1-5ol, Lin",0.8975443866583767,['fn_0001']
3211,megamat_old,2019-09-12,2,1-5ol,eb,"1-5ol, eb",0.7766079405914845,['fn_0001']
3212,megamat_old,2019-09-12,2,1-5ol,ep,"1-5ol, ep",0.8341170509023531,['fn_0001']
3213,megamat_old,2019-09-12,2,1-5ol,t2h,"1-5ol, t2h",0.8607653039960215,['fn_0001']
3214,megamat_old,2019-09-12,2,1-6ol,1-5ol,"1-6ol, 1-5ol",0.3489910187991933,['fn_0001']
3215,megamat_old,2019-09-12,2,1-6ol,1-6ol,"1-6ol, 1-6ol",0.0,"['fn_0001', 'fn_0002']"
3216,megamat_old,2019-09-12,2,1-6ol,1-8ol,"1-6ol, 1-8ol",0.902490165951986,['fn_0001']
3217,megamat_old,2019-09-12,2,1-6ol,2-but,"1-6ol, 2-but",0.9138165124005716,"['fn_0001', 'fn_0002']"
3218,megamat_old,2019-09-12,2,1-6ol,2h,"1-6ol, 2h",0.8654915474243463,['fn_0001']
3219,megamat_old,2019-09-12,2,1-6ol,6al,"1-6ol, 6al",0.7874727398127934,['fn_0002']
3220,megamat_old,2019-09-12,2,1-6ol,B-cit,"1-6ol, B-cit",0.8643765366934206,['fn_0002']
3221,megamat_old,2019-09-12,2,1-6ol,IaA,"1-6ol, IaA",0.9619991002991676,['fn_0002']
3222,megamat_old,2019-09-12,2,1-6ol,Lin,"1-6ol, Lin",0.9977117959216606,['fn_0001']
3223,megamat_old,2019-09-12,2,1-6ol,benz,"1-6ol, benz",0.9738926659630044,['fn_0002']
3224,megamat_old,2019-09-12,2,1-6ol,eb,"1-6ol, eb",0.9285101782922328,['fn_0001']
3225,megamat_old,2019-09-12,2,1-6ol,ep,"1-6ol, ep",0.9586096189484684,['fn_0001']
3226,megamat_old,2019-09-12,2,1-6ol,ms,"1-6ol, ms",1.0488986278866892,['fn_0002']
3227,megamat_old,2019-09-12,2,1-6ol,pa,"1-6ol, pa",0.7878464068654412,['fn_0002']
3228,megamat_old,2019-09-12,2,1-6ol,t2h,"1-6ol, t2h",0.8272181869351951,['fn_0001']
3229,megamat_old,2019-09-12,2,1-6ol,va,"1-6ol, va",1.0086823967700242,['fn_0002']
3230,megamat_old,2019-09-12,2,1-8ol,1-5ol,"1-8ol, 1-5ol",0.7779866665585514,['fn_0001']
3231,megamat_old,2019-09-12,2,1-8ol,1-6ol,"1-8ol, 1-6ol",0.902490165951986,['fn_0001']
3232,megamat_old,2019-09-12,2,1-8ol,1-8ol,"1-8ol, 1-8ol",0.0,['fn_0001']
3233,megamat_old,2019-09-12,2,1-8ol,2-but,"1-8ol, 2-but",0.7509015187969786,['fn_0001']
3234,megamat_old,2019-09-12,2,1-8ol,2h,"1-8ol, 2h",0.8371901818906217,['fn_0001']
3235,megamat_old,2019-09-12,2,1-8ol,Lin,"1-8ol, Lin",0.3461933161859072,['fn_0001']
3236,megamat_old,2019-09-12,2,1-8ol,eb,"1-8ol, eb",0.8095260906003917,['fn_0001']
3237,megamat_old,2019-09-12,2,1-8ol,ep,"1-8ol, ep",0.907519723136802,['fn_0001']
3238,megamat_old,2019-09-12,2,1-8ol,t2h,"1-8ol, t2h",0.7957591531847734,['fn_0001']
3239,megamat_old,2019-09-12,2,2-but,1-5ol,"2-but, 1-5ol",0.6956555958772849,['fn_0001']
3240,megamat_old,2019-09-12,2,2-but,1-6ol,"2-but, 1-6ol",0.9138165124005716,"['fn_0001', 'fn_0002']"
3241,megamat_old,2019-09-12,2,2-but,1-8ol,"2-but, 1-8ol",0.7509015187969786,['fn_0001']
3242,megamat_old,2019-09-12,2,2-but,2-but,"2-but, 2-but",0.0,"['fn_0001', 'fn_0002']"
3243,megamat_old,2019-09-12,2,2-but,2h,"2-but, 2h",0.7348835955628215,['fn_0001']
3244,megamat_old,2019-09-12,2,2-but,6al,"2-but, 6al",0.8450939723679642,['fn_0002']
3245,megamat_old,2019-09-12,2,2-but,B-cit,"2-but, B-cit",0.7672432607593436,['fn_0002']
3246,megamat_old,2019-09-12,2,2-but,IaA,"2-but, IaA",0.8823554718539449,['fn_0002']
3247,megamat_old,2019-09-12,2,2-but,Lin,"2-but, Lin",0.8999408751113515,['fn_0001']
3248,megamat_old,2019-09-12,2,2-but,benz,"2-but, benz",0.9159705563787736,['fn_0002']
3249,megamat_old,2019-09-12,2,2-but,eb,"2-but, eb",0.7478383567684197,['fn_0001']
3250,megamat_old,2019-09-12,2,2-but,ep,"2-but, ep",0.5479321794388681,['fn_0001']
3251,megamat_old,2019-09-12,2,2-but,ms,"2-but, ms",0.9199454465465344,['fn_0002']
3252,megamat_old,2019-09-12,2,2-but,pa,"2-but, pa",0.9471940633487632,['fn_0002']
3253,megamat_old,2019-09-12,2,2-but,t2h,"2-but, t2h",0.942772664904891,['fn_0001']
3254,megamat_old,2019-09-12,2,2-but,va,"2-but, va",1.019218437454918,['fn_0002']
3255,megamat_old,2019-09-12,2,2h,1-5ol,"2h, 1-5ol",0.826962733958972,['fn_0001']
3256,megamat_old,2019-09-12,2,2h,1-6ol,"2h, 1-6ol",0.8654915474243463,['fn_0001']
3257,megamat_old,2019-09-12,2,2h,1-8ol,"2h, 1-8ol",0.8371901818906217,['fn_0001']
3258,megamat_old,2019-09-12,2,2h,2-but,"2h, 2-but",0.7348835955628215,['fn_0001']
3259,megamat_old,2019-09-12,2,2h,2h,"2h, 2h",0.0,['fn_0001']
3260,megamat_old,2019-09-12,2,2h,Lin,"2h, Lin",0.8241249889037291,['fn_0001']
3261,megamat_old,2019-09-12,2,2h,eb,"2h, eb",0.8682236259383139,['fn_0001']
3262,megamat_old,2019-09-12,2,2h,ep,"2h, ep",0.90337404625893,['fn_0001']
3263,megamat_old,2019-09-12,2,2h,t2h,"2h, t2h",0.9759451529894108,['fn_0001']
3264,megamat_old,2019-09-12,2,6al,1-6ol,"6al, 1-6ol",0.7874727398127934,['fn_0002']
3265,megamat_old,2019-09-12,2,6al,2-but,"6al, 2-but",0.8450939723679642,['fn_0002']
3266,megamat_old,2019-09-12,2,6al,6al,"6al, 6al",0.0,['fn_0002']
3267,megamat_old,2019-09-12,2,6al,B-cit,"6al, B-cit",0.8661246969463252,['fn_0002']
3268,megamat_old,2019-09-12,2,6al,IaA,"6al, IaA",0.9271925093711236,['fn_0002']
3269,megamat_old,2019-09-12,2,6al,benz,"6al, benz",0.6761346783592034,['fn_0002']
3270,megamat_old,2019-09-12,2,6al,ms,"6al, ms",1.0372628182988552,['fn_0002']
3271,megamat_old,2019-09-12,2,6al,pa,"6al, pa",0.9314141565351984,['fn_0002']
3272,megamat_old,2019-09-12,2,6al,va,"6al, va",0.9957555505566816,['fn_0002']
3273,megamat_old,2019-09-12,2,B-cit,1-6ol,"B-cit, 1-6ol",0.8643765366934206,['fn_0002']
3274,megamat_old,2019-09-12,2,B-cit,2-but,"B-cit, 2-but",0.7672432607593436,['fn_0002']
3275,megamat_old,2019-09-12,2,B-cit,6al,"B-cit, 6al",0.8661246969463252,['fn_0002']
3276,megamat_old,2019-09-12,2,B-cit,B-cit,"B-cit, B-cit",0.0,['fn_0002']
3277,megamat_old,2019-09-12,2,B-cit,IaA,"B-cit, IaA",0.891715083413229,['fn_0002']
3278,megamat_old,2019-09-12,2,B-cit,benz,"B-cit, benz",0.8687643141716694,['fn_0002']
3279,megamat_old,2019-09-12,2,B-cit,ms,"B-cit, ms",0.8932721670330673,['fn_0002']
3280,megamat_old,2019-09-12,2,B-cit,pa,"B-cit, pa",0.7075625035632238,['fn_0002']
3281,megamat_old,2019-09-12,2,B-cit,va,"B-cit, va",0.6434911122912372,['fn_0002']
3282,megamat_old,2019-09-12,2,IaA,1-6ol,"IaA, 1-6ol",0.9619991002991676,['fn_0002']
3283,megamat_old,2019-09-12,2,IaA,2-but,"IaA, 2-but",0.8823554718539449,['fn_0002']
3284,megamat_old,2019-09-12,2,IaA,6al,"IaA, 6al",0.9271925093711236,['fn_0002']
3285,megamat_old,2019-09-12,2,IaA,B-cit,"IaA, B-cit",0.891715083413229,['fn_0002']
3286,megamat_old,2019-09-12,2,IaA,IaA,"IaA, IaA",0.0,['fn_0002']
3287,megamat_old,2019-09-12,2,IaA,benz,"IaA, benz",0.9821102275724118,['fn_0002']
3288,megamat_old,2019-09-12,2,IaA,ms,"IaA, ms",0.949937150636926,['fn_0002']
3289,megamat_old,2019-09-12,2,IaA,pa,"IaA, pa",0.3977747324654025,['fn_0002']
3290,megamat_old,2019-09-12,2,IaA,va,"IaA, va",1.019566837414001,['fn_0002']
3291,megamat_old,2019-09-12,2,Lin,1-5ol,"Lin, 1-5ol",0.8975443866583767,['fn_0001']
3292,megamat_old,2019-09-12,2,Lin,1-6ol,"Lin, 1-6ol",0.9977117959216606,['fn_0001']
3293,megamat_old,2019-09-12,2,Lin,1-8ol,"Lin, 1-8ol",0.3461933161859072,['fn_0001']
3294,megamat_old,2019-09-12,2,Lin,2-but,"Lin, 2-but",0.8999408751113515,['fn_0001']
3295,megamat_old,2019-09-12,2,Lin,2h,"Lin, 2h",0.8241249889037291,['fn_0001']
3296,megamat_old,2019-09-12,2,Lin,Lin,"Lin, Lin",0.0,['fn_0001']
3297,megamat_old,2019-09-12,2,Lin,eb,"Lin, eb",0.8790011759046046,['fn_0001']
3298,megamat_old,2019-09-12,2,Lin,ep,"Lin, ep",0.9766657045166935,['fn_0001']
3299,megamat_old,2019-09-12,2,Lin,t2h,"Lin, t2h",0.9563490828578858,['fn_0001']
3300,megamat_old,2019-09-12,2,benz,1-6ol,"benz, 1-6ol",0.9738926659630044,['fn_0002']
3301,megamat_old,2019-09-12,2,benz,2-but,"benz, 2-but",0.9159705563787736,['fn_0002']
3302,megamat_old,2019-09-12,2,benz,6al,"benz, 6al",0.6761346783592034,['fn_0002']
3303,megamat_old,2019-09-12,2,benz,B-cit,"benz, B-cit",0.8687643141716694,['fn_0002']
3304,megamat_old,2019-09-12,2,benz,IaA,"benz, IaA",0.9821102275724118,['fn_0002']
3305,megamat_old,2019-09-12,2,benz,benz,"benz, benz",0.0,['fn_0002']
3306,megamat_old,2019-09-12,2,benz,ms,"benz, ms",0.8938934238785496,['fn_0002']
3307,megamat_old,2019-09-12,2,benz,pa,"benz, pa",1.0416774935730184,['fn_0002']
3308,megamat_old,2019-09-12,2,benz,va,"benz, va",1.0225591978138586,['fn_0002']
3309,megamat_old,2019-09-12,2,eb,1-5ol,"eb, 1-5ol",0.7766079405914845,['fn_0001']
3310,megamat_old,2019-09-12,2,eb,1-6ol,"eb, 1-6ol",0.9285101782922328,['fn_0001']
3311,megamat_old,2019-09-12,2,eb,1-8ol,"eb, 1-8ol",0.8095260906003917,['fn_0001']
3312,megamat_old,2019-09-12,2,eb,2-but,"eb, 2-but",0.7478383567684197,['fn_0001']
3313,megamat_old,2019-09-12,2,eb,2h,"eb, 2h",0.8682236259383139,['fn_0001']
3314,megamat_old,2019-09-12,2,eb,Lin,"eb, Lin",0.8790011759046046,['fn_0001']
3315,megamat_old,2019-09-12,2,eb,eb,"eb, eb",0.0,['fn_0001']
3316,megamat_old,2019-09-12,2,eb,ep,"eb, ep",0.4644084509802003,['fn_0001']
3317,megamat_old,2019-09-12,2,eb,t2h,"eb, t2h",0.8739801284618233,['fn_0001']
3318,megamat_old,2019-09-12,2,ep,1-5ol,"ep, 1-5ol",0.8341170509023531,['fn_0001']
3319,megamat_old,2019-09-12,2,ep,1-6ol,"ep, 1-6ol",0.9586096189484684,['fn_0001']
3320,megamat_old,2019-09-12,2,ep,1-8ol,"ep, 1-8ol",0.907519723136802,['fn_0001']
3321,megamat_old,2019-09-12,2,ep,2-but,"ep, 2-but",0.5479321794388681,['fn_0001']
3322,megamat_old,2019-09-12,2,ep,2h,"ep, 2h",0.90337404625893,['fn_0001']
3323,megamat_old,2019-09-12,2,ep,Lin,"ep, Lin",0.9766657045166935,['fn_0001']
3324,megamat_old,2019-09-12,2,ep,eb,"ep, eb",0.4644084509802003,['fn_0001']
3325,megamat_old,2019-09-12,2,ep,ep,"ep, ep",0.0,['fn_0001']
3326,megamat_old,2019-09-12,2,ep,t2h,"ep, t2h",0.97894232865729,['fn_0001']
3327,megamat_old,2019-09-12,2,ms,1-6ol,"ms, 1-6ol",1.0488986278866892,['fn_0002']
3328,megamat_old,2019-09-12,2,ms,2-but,"ms, 2-but",0.9199454465465344,['fn_0002']
3329,megamat_old,2019-09-12,2,ms,6al,"ms, 6al",1.0372628182988552,['fn_0002']
3330,megamat_old,2019-09-12,2,ms,B-cit,"ms, B-cit",0.8932721670330673,['fn_0002']
3331,megamat_old,2019-09-12,2,ms,IaA,"ms, IaA",0.949937150636926,['fn_0002']
3332,megamat_old,2019-09-12,2,ms,benz,"ms, benz",0.8938934238785496,['fn_0002']
3333,megamat_old,2019-09-12,2,ms,ms,"ms, ms",0.0,['fn_0002']
3334,megamat_old,2019-09-12,2,ms,pa,"ms, pa",1.0381972551173808,['fn_0002']
3335,megamat_old,2019-09-12,2,ms,va,"ms, va",1.025200769798431,['fn_0002']
3336,megamat_old,2019-09-12,2,pa,1-6ol,"pa, 1-6ol",0.7878464068654412,['fn_0002']
3337,megamat_old,2019-09-12,2,pa,2-but,"pa, 2-but",0.9471940633487632,['fn_0002']
3338,megamat_old,2019-09-12,2,pa,6al,"pa, 6al",0.9314141565351984,['fn_0002']
3339,megamat_old,2019-09-12,2,pa,B-cit,"pa, B-cit",0.7075625035632238,['fn_0002']
3340,megamat_old,2019-09-12,2,pa,IaA,"pa, IaA",0.3977747324654025,['fn_0002']
3341,megamat_old,2019-09-12,2,pa,benz,"pa, benz",1.0416774935730184,['fn_0002']
3342,megamat_old,2019-09-12,2,pa,ms,"pa, ms",1.0381972551173808,['fn_0002']
3343,megamat_old,2019-09-12,2,pa,pa,"pa, pa",0.0,['fn_0002']
3344,megamat_old,2019-09-12,2,pa,va,"pa, va",0.6383132504327638,['fn_0002']
3345,megamat_old,2019-09-12,2,t2h,1-5ol,"t2h, 1-5ol",0.8607653039960215,['fn_0001']
3346,megamat_old,2019-09-12,2,t2h,1-6ol,"t2h, 1-6ol",0.8272181869351951,['fn_0001']
3347,megamat_old,2019-09-12,2,t2h,1-8ol,"t2h, 1-8ol",0.7957591531847734,['fn_0001']
3348,megamat_old,2019-09-12,2,t2h,2-but,"t2h, 2-but",0.942772664904891,['fn_0001']
3349,megamat_old,2019-09-12,2,t2h,2h,"t2h, 2h",0.9759451529894108,['fn_0001']
3350,megamat_old,2019-09-12,2,t2h,Lin,"t2h, Lin",0.9563490828578858,['fn_0001']
3351,megamat_old,2019-09-12,2,t2h,eb,"t2h, eb",0.8739801284618233,['fn_0001']
3352,megamat_old,2019-09-12,2,t2h,ep,"t2h, ep",0.97894232865729,['fn_0001']
3353,megamat_old,2019-09-12,2,t2h,t2h,"t2h, t2h",0.0,['fn_0001']
3354,megamat_old,2019-09-12,2,va,1-6ol,"va, 1-6ol",1.0086823967700242,['fn_0002']
3355,megamat_old,2019-09-12,2,va,2-but,"va, 2-but",1.019218437454918,['fn_0002']
3356,megamat_old,2019-09-12,2,va,6al,"va, 6al",0.9957555505566816,['fn_0002']
3357,megamat_old,2019-09-12,2,va,B-cit,"va, B-cit",0.6434911122912372,['fn_0002']
3358,megamat_old,2019-09-12,2,va,IaA,"va, IaA",1.019566837414001,['fn_0002']
3359,megamat_old,2019-09-12,2,va,benz,"va, benz",1.0225591978138586,['fn_0002']
3360,megamat_old,2019-09-12,2,va,ms,"va, ms",1.025200769798431,['fn_0002']
3361,megamat_old,2019-09-12,2,va,pa,"va, pa",0.6383132504327638,['fn_0002']
3362,megamat_old,2019-09-12,2,va,va,"va, va",0.0,['fn_0002']
