,2h(-8),2h(-7),ma(-8),ma(-7),farn(-4),farn(-3),2h(-7)+ma(-7),2h(-7)+farn(-3),ma(-7)+farn(-3),PFO,experiment,2h(-7)+ma(-7)_predicted,2h(-7)+farn(-3)_predicted,ma(-7)+farn(-3)_predicted
0,False,True,False,False,False,False,False,False,False,False,20250219_3FRfun1,True,True,False
1,False,False,False,False,False,False,False,False,False,False,20250219_3FRfun1,False,False,False
2,False,False,False,False,False,False,False,False,False,False,20250219_3FRfun1,False,False,False
3,False,False,False,False,False,False,False,False,False,False,20250219_3FRfun1,False,False,False
4,False,False,False,False,False,False,False,False,False,False,20250219_3FRfun1,False,False,False
5,False,False,False,False,False,False,False,False,False,False,20250219_3FRfun1,False,False,False
6,False,False,False,False,False,False,False,False,False,False,20250219_3FRfun1,False,False,False
7,False,False,False,False,False,False,False,False,False,False,20250219_3FRfun1,False,False,False
8,False,False,False,False,False,False,False,False,False,False,20250219_3FRfun1,False,False,False
9,False,False,False,False,False,False,False,False,False,False,20250219_3FRfun1,False,False,False
10,False,False,False,False,False,False,False,False,False,False,20250219_3FRfun1,False,False,False
11,False,False,False,False,False,False,False,False,False,False,20250219_3FRfun1,False,False,False
12,False,False,False,False,False,False,False,False,False,False,20250219_3FRfun1,False,False,False
13,False,False,False,False,False,True,False,False,False,False,20250219_3FRfun1,False,True,True
14,False,False,False,False,False,False,False,False,False,False,20250219_3FRfun1,False,False,False
15,False,False,False,False,False,False,False,False,False,True,20250219_3FRfun1,False,False,False
16,False,False,False,False,False,False,False,False,False,False,20250219_3FRfun1,False,False,False
17,False,True,False,False,False,False,True,False,False,False,20250219_3FRfun1,True,True,False
18,False,False,False,False,False,False,False,False,False,False,20250219_3FRfun1,False,False,False
19,False,False,False,False,False,False,False,False,False,False,20250219_3FRfun1,False,False,False
20,False,False,False,False,False,False,False,False,True,True,20250219_3FRfun1,False,False,False
21,False,False,False,False,False,False,False,False,False,False,20250219_3FRfun1,False,False,False
22,False,False,False,False,False,False,False,False,False,False,20250219_3FRfun1,False,False,False
23,False,False,False,False,False,False,False,False,False,False,20250219_3FRfun1,False,False,False
24,False,False,False,False,False,False,False,False,False,False,20250219_3FRfun1,False,False,False
25,False,False,False,False,False,False,False,False,False,False,20250219_3FRfun1,False,False,False
26,False,False,False,False,False,False,False,False,False,False,20250219_3FRfun1,False,False,False
27,False,False,False,False,False,False,False,False,False,False,20250219_3FRfun1,False,False,False
28,False,False,False,False,False,False,False,False,False,False,20250219_3FRfun1,False,False,False
29,True,True,False,False,False,False,True,True,False,False,20250219_3FRfun1,True,True,False
30,False,False,False,False,False,False,True,False,False,False,20250219_3FRfun1,False,False,False
31,False,False,False,False,False,False,False,False,False,False,20250219_3FRfun1,False,False,False
32,False,False,False,False,False,False,False,False,False,False,20250219_3FRfun1,False,False,False
33,False,False,False,False,False,False,False,False,False,False,20250219_3FRfun1,False,False,False
34,False,False,False,False,False,False,False,False,False,False,20250219_3FRfun1,False,False,False
35,False,False,False,False,False,False,False,False,False,False,20250219_3FRfun1,False,False,False
36,False,False,False,False,False,False,False,False,False,False,20250219_3FRfun1,False,False,False
37,True,True,False,False,False,False,True,True,False,False,20250219_3FRfun1,True,True,False
38,False,False,False,False,False,False,False,False,False,False,20250219_3FRfun1,False,False,False
39,False,False,False,False,False,False,False,False,False,False,20250219_3FRfun1,False,False,False
40,False,False,False,False,False,False,False,False,False,False,20250219_3FRfun1,False,False,False
41,False,False,False,False,False,False,False,False,False,False,20250219_3FRfun1,False,False,False
42,False,False,False,False,False,False,False,False,False,False,20250219_3FRfun1,False,False,False
43,False,True,False,False,False,False,False,False,False,False,20250219_3FRfun1,True,True,False
44,False,False,False,False,False,False,False,False,False,False,20250219_3FRfun1,False,False,False
45,False,False,False,False,False,False,False,False,False,False,20250219_3FRfun1,False,False,False
46,False,False,False,False,False,False,False,False,False,False,20250219_3FRfun1,False,False,False
47,False,False,False,False,False,False,False,False,False,False,20250219_3FRfun1,False,False,False
48,False,False,False,False,False,False,False,False,False,False,20250219_3FRfun1,False,False,False
49,False,False,False,False,False,False,False,False,False,False,20250219_3FRfun1,False,False,False
50,False,False,False,False,False,False,False,False,False,False,20250219_3FRfun1,False,False,False
51,False,False,False,False,False,False,False,False,False,False,20250219_3FRfun1,False,False,False
52,False,False,False,False,False,False,False,False,False,False,20250219_3FRfun1,False,False,False
53,False,False,False,False,False,False,False,False,False,False,20250219_3FRfun1,False,False,False
54,False,False,False,False,False,False,False,False,False,False,20250219_3FRfun1,False,False,False
55,False,False,False,False,False,False,False,False,False,False,20250219_3FRfun1,False,False,False
56,False,False,False,False,False,False,False,False,False,False,20250219_3FRfun1,False,False,False
57,False,False,False,False,False,False,False,False,False,False,20250219_3FRfun1,False,False,False
58,False,False,False,False,False,False,False,False,False,False,20250219_3FRfun1,False,False,False
59,False,False,False,False,False,False,True,False,False,False,20250219_3FRfun1,False,False,False
60,False,True,False,False,False,False,False,True,False,False,20250219_3FRfun1,True,True,False
61,False,True,False,False,False,False,False,False,False,False,20250219_3FRfun1,True,True,False
62,False,True,False,False,False,False,True,True,False,False,20250219_3FRfun1,True,True,False
63,False,False,False,False,False,False,True,False,False,False,20250219_3FRfun1,False,False,False
64,False,False,False,False,False,False,False,False,False,False,20250219_3FRfun1,False,False,False
65,False,False,False,False,False,False,False,False,False,False,20250219_3FRfun1,False,False,False
66,False,False,False,False,False,False,False,True,False,False,20250219_3FRfun1,False,False,False
67,False,False,False,False,False,False,False,False,False,False,20250219_3FRfun1,False,False,False
68,False,False,False,False,False,False,False,False,False,False,20250219_3FRfun1,False,False,False
69,False,False,False,False,False,False,False,False,False,False,20250219_3FRfun1,False,False,False
70,False,False,False,False,False,False,False,False,False,False,20250219_3FRfun1,False,False,False
71,False,False,False,True,False,False,True,False,False,False,20250219_3FRfun1,True,False,True
72,False,False,False,False,False,False,False,False,False,False,20250219_3FRfun1,False,False,False
73,False,False,False,False,False,True,False,False,False,False,20250219_3FRfun1,False,True,True
74,False,False,False,False,False,False,False,False,False,False,20250219_3FRfun1,False,False,False
75,False,True,False,True,False,False,True,False,False,False,20250219_3FRfun1,True,True,True
76,True,True,False,False,False,False,True,False,False,False,20250219_3FRfun1,True,True,False
77,False,False,False,False,False,False,False,False,False,False,20250219_3FRfun1,False,False,False
78,False,False,False,False,False,False,False,False,False,False,20250219_3FRfun1,False,False,False
79,False,False,False,False,False,False,False,False,False,False,20250219_3FRfun1,False,False,False
80,False,False,False,False,False,False,False,False,False,False,20250219_3FRfun1,False,False,False
81,False,False,False,False,False,True,False,False,False,False,20250219_3FRfun1,False,True,True
82,True,False,False,True,False,False,False,False,False,False,20250219_3FRfun1,True,False,True
83,False,True,False,False,False,True,True,True,False,False,20250219_3FRfun1,True,True,True
84,True,False,False,False,False,False,True,False,True,False,20250219_3FRfun1,False,False,False
85,False,True,False,True,False,False,True,False,False,False,20250219_3FRfun1,True,True,True
86,False,False,False,False,False,False,False,False,False,False,20250219_3FRfun1,False,False,False
87,False,False,False,False,False,False,False,False,False,False,20250219_3FRfun1,False,False,False
88,False,False,False,False,False,False,False,False,False,False,20250219_3FRfun1,False,False,False
89,False,False,False,False,False,False,False,False,False,False,20250219_3FRfun1,False,False,False
90,True,True,False,False,False,False,True,True,False,False,20250219_3FRfun1,True,True,False
91,False,False,False,True,False,False,True,False,False,False,20250219_3FRfun1,True,False,True
92,False,False,False,False,False,False,True,False,False,False,20250219_3FRfun1,False,False,False
93,False,False,False,False,False,False,False,False,False,False,20250219_3FRfun1,False,False,False
94,False,False,False,False,False,False,False,False,False,False,20250219_3FRfun1,False,False,False
95,False,True,False,True,False,False,False,False,False,False,20250219_3FRfun1,True,True,True
96,False,True,False,False,False,False,True,False,False,False,20250219_3FRfun1,True,True,False
97,False,False,False,False,False,False,False,False,False,False,20250219_3FRfun1,False,False,False
98,False,True,False,False,False,False,True,True,False,False,20250219_3FRfun1,True,True,False
99,False,False,False,False,False,False,False,False,False,False,20250219_3FRfun1,False,False,False
100,False,False,False,False,False,False,False,False,False,False,20250219_3FRfun1,False,False,False
101,False,False,False,False,False,False,False,False,False,False,20250219_3FRfun1,False,False,False
102,False,False,False,False,False,False,False,False,False,False,20250219_3FRfun1,False,False,False
103,False,False,False,True,False,False,True,False,False,False,20250219_3FRfun1,True,False,True
104,False,False,False,False,True,True,False,True,False,False,20250219_3FRfun1,False,True,True
105,False,False,False,False,False,False,False,False,False,False,20250219_3FRfun1,False,False,False
106,True,True,False,False,False,False,True,False,False,False,20250219_3FRfun1,True,True,False
107,False,False,False,True,False,False,False,False,False,False,20250219_3FRfun1,True,False,True
108,False,False,False,False,False,False,False,False,False,False,20250219_3FRfun1,False,False,False
109,False,False,False,False,False,False,False,False,False,False,20250219_3FRfun1,False,False,False
110,False,False,False,False,False,False,False,False,False,False,20250219_3FRfun1,False,False,False
111,False,True,False,False,False,False,False,False,False,False,20250219_3FRfun1,True,True,False
112,False,False,False,False,True,True,False,True,False,False,20250219_3FRfun1,False,True,True
113,False,False,False,False,False,False,False,False,False,True,20250219_3FRfun1,False,False,False
114,False,True,False,False,False,False,True,False,False,False,20250219_3FRfun1,True,True,False
115,False,False,False,False,False,False,False,False,False,False,20250219_3FRfun1,False,False,False
116,False,False,False,False,False,False,False,False,False,False,20250219_3FRfun1,False,False,False
117,False,False,False,False,False,False,False,False,False,False,20250219_3FRfun1,False,False,False
118,False,False,False,False,False,False,False,False,False,False,20250219_3FRfun1,False,False,False
119,False,False,False,False,False,False,False,False,False,False,20250219_3FRfun1,False,False,False
120,False,False,False,False,False,False,False,False,False,False,20250219_3FRfun1,False,False,False
121,False,False,False,True,False,False,True,False,False,False,20250219_3FRfun1,True,False,True
122,False,False,False,False,True,True,False,True,False,False,20250219_3FRfun1,False,True,True
123,False,False,False,False,False,False,True,True,False,False,20250219_3FRfun1,False,False,False
124,False,True,False,False,False,False,False,False,False,False,20250219_3FRfun1,True,True,False
125,True,False,True,False,False,False,False,False,False,True,20250219_3FRfun1,False,False,False
126,False,False,False,False,False,False,False,False,False,False,20250219_3FRfun1,False,False,False
127,False,False,False,False,False,False,False,False,False,False,20250219_3FRfun1,False,False,False
128,False,False,False,False,False,False,False,False,False,False,20250219_3FRfun1,False,False,False
129,False,False,False,True,False,False,True,False,False,False,20250219_3FRfun1,True,False,True
130,False,False,False,False,False,False,True,False,False,False,20250219_3FRfun1,False,False,False
131,False,False,False,False,False,False,False,False,False,False,20250219_3FRfun1,False,False,False
132,False,False,False,False,False,False,False,False,False,False,20250219_3FRfun1,False,False,False
133,False,False,False,False,False,False,False,False,False,False,20250219_3FRfun1,False,False,False
134,False,True,False,True,False,False,True,False,False,False,20250219_3FRfun1,True,True,True
135,False,False,False,True,False,False,True,False,False,False,20250219_3FRfun1,True,False,True
136,False,False,False,False,False,False,False,False,False,False,20250219_3FRfun1,False,False,False
137,False,False,False,False,False,True,False,True,False,False,20250219_3FRfun1,False,True,True
138,True,True,False,False,False,False,True,True,False,False,20250219_3FRfun1,True,True,False
139,False,False,False,False,False,False,False,False,False,True,20250219_3FRfun1,False,False,False
140,False,False,False,False,False,False,False,False,False,False,20250219_3FRfun1,False,False,False
141,False,False,False,False,False,False,False,True,False,False,20250219_3FRfun1,False,False,False
142,False,False,False,False,False,False,False,False,False,False,20250219_3FRfun1,False,False,False
143,False,True,False,False,False,False,False,False,False,True,20250219_3FRfun1,True,True,False
144,False,False,False,True,False,False,True,False,False,False,20250219_3FRfun1,True,False,True
145,False,False,False,False,False,False,False,False,False,False,20250219_3FRfun1,False,False,False
146,False,False,False,False,False,False,False,False,False,False,20250219_3FRfun1,False,False,False
147,True,True,True,True,False,True,False,True,False,False,20250219_3FRfun1,True,True,True
148,False,False,False,False,False,False,False,False,False,False,20250219_3FRfun1,False,False,False
149,False,False,False,False,False,False,False,False,False,False,20250219_3FRfun1,False,False,False
150,False,False,False,False,False,False,True,False,False,False,20250219_3FRfun1,False,False,False
151,False,False,False,False,False,False,False,False,False,False,20250219_3FRfun1,False,False,False
152,False,False,False,False,False,False,True,False,False,False,20250219_3FRfun1,False,False,False
153,False,False,False,False,False,False,False,False,False,False,20250219_3FRfun1,False,False,False
154,False,False,False,False,False,False,False,False,False,False,20250219_3FRfun1,False,False,False
155,True,True,False,False,False,False,True,True,False,False,20250219_3FRfun1,True,True,False
156,False,True,False,False,False,False,True,True,False,False,20250219_3FRfun1,True,True,False
157,False,False,False,False,False,False,False,False,False,True,20250219_3FRfun1,False,False,False
158,False,False,False,False,False,False,False,False,False,False,20250219_3FRfun1,False,False,False
159,False,False,False,False,False,False,False,False,False,False,20250219_3FRfun1,False,False,False
160,True,True,False,False,False,True,False,False,False,False,20250219_3FRfun1,True,True,True
161,False,False,False,False,False,True,False,True,False,False,20250219_3FRfun1,False,True,True
162,False,False,False,False,False,False,False,False,False,False,20250219_3FRfun1,False,False,False
163,False,False,False,False,False,False,False,False,False,False,20250219_3FRfun1,False,False,False
164,False,True,False,False,False,False,True,False,False,False,20250219_3FRfun1,True,True,False
165,False,False,False,False,False,False,False,False,False,False,20250219_3FRfun1,False,False,False
166,False,True,False,False,False,False,True,True,False,False,20250219_3FRfun1,True,True,False
167,False,False,False,False,False,False,False,False,False,False,20250219_3FRfun1,False,False,False
168,False,False,False,False,False,False,False,False,False,False,20250219_3FRfun1,False,False,False
169,True,False,False,False,False,False,False,False,False,False,20250219_3FRfun1,False,False,False
170,False,False,False,False,False,False,True,False,False,False,20250219_3FRfun1,False,False,False
171,False,False,False,False,False,False,False,False,False,False,20250219_3FRfun1,False,False,False
172,False,False,False,False,False,False,False,False,False,False,20250219_3FRfun1,False,False,False
173,False,False,False,False,False,False,False,False,True,True,20250219_3FRfun1,False,False,False
174,False,False,False,False,False,False,False,False,False,False,20250219_3FRfun1,False,False,False
175,False,False,False,False,False,False,False,False,False,False,20250219_3FRfun1,False,False,False
176,False,False,False,False,False,False,False,False,False,False,20250219_3FRfun1,False,False,False
177,False,False,False,False,False,False,False,False,False,False,20250219_3FRfun1,False,False,False
178,False,False,False,False,False,False,False,False,False,False,20250219_3FRfun1,False,False,False
179,False,False,False,False,False,False,False,False,False,False,20250219_3FRfun1,False,False,False
180,False,False,False,False,False,False,False,False,False,False,20250219_3FRfun1,False,False,False
181,False,False,False,False,False,False,False,False,False,False,20250219_3FRfun1,False,False,False
182,False,False,False,False,False,False,False,False,False,False,20250219_3FRfun1,False,False,False
183,False,False,False,False,False,False,False,False,False,False,20250219_3FRfun1,False,False,False
184,False,True,False,False,False,False,True,False,False,False,20250219_3FRfun1,True,True,False
185,False,False,False,False,False,False,False,False,False,False,20250219_3FRfun1,False,False,False
186,False,False,False,False,False,False,False,False,False,True,20250219_3FRfun1,False,False,False
187,False,False,False,False,False,True,False,False,False,False,20250219_3FRfun1,False,True,True
188,False,False,False,False,False,False,False,False,False,False,20250219_3FRfun1,False,False,False
189,False,False,False,False,False,False,False,False,False,False,20250219_3FRfun1,False,False,False
190,False,False,False,False,False,False,False,False,False,False,20250219_3FRfun1,False,False,False
191,False,False,False,False,False,False,False,False,False,False,20250219_3FRfun1,False,False,False
192,False,False,False,False,False,False,False,False,False,False,20250219_3FRfun1,False,False,False
193,False,True,False,False,False,False,True,False,False,False,20250219_3FRfun1,True,True,False
194,False,False,False,False,False,False,False,False,False,False,20250219_3FRfun1,False,False,False
195,False,False,False,False,False,False,False,False,False,False,20250219_3FRfun1,False,False,False
196,False,False,False,False,False,False,False,False,False,False,20250219_3FRfun1,False,False,False
197,False,False,False,False,False,False,False,False,False,True,20250219_3FRfun1,False,False,False
198,False,False,False,False,False,True,False,False,False,False,20250219_3FRfun1,False,True,True
199,False,False,False,False,False,False,False,False,False,False,20250219_3FRfun1,False,False,False
200,False,False,False,False,False,False,False,False,False,False,20250219_3FRfun1,False,False,False
201,False,False,False,False,False,False,False,False,False,False,20250219_3FRfun1,False,False,False
202,False,False,False,False,False,False,False,False,False,False,20250219_3FRfun1,False,False,False
203,False,False,False,False,False,False,False,False,False,False,20250219_3FRfun1,False,False,False
204,False,False,False,True,False,False,True,False,False,False,20250219_3FRfun1,True,False,True
205,False,False,False,False,False,False,False,False,False,False,20250219_3FRfun1,False,False,False
206,False,False,False,False,False,False,False,False,False,False,20250219_3FRfun1,False,False,False
207,False,False,False,False,False,False,False,False,False,False,20250219_3FRfun1,False,False,False
208,False,False,False,False,False,False,False,False,False,False,20250219_3FRfun1,False,False,False
209,True,True,False,False,False,False,True,True,False,False,20250219_3FRfun1,True,True,False
210,False,False,False,False,False,False,False,False,False,False,20250219_3FRfun1,False,False,False
211,False,False,False,False,False,False,False,False,False,False,20250219_3FRfun1,False,False,False
212,False,False,False,False,False,False,False,False,False,False,20250219_3FRfun1,False,False,False
213,False,False,False,False,False,False,False,False,False,True,20250219_3FRfun1,False,False,False
214,False,False,False,False,False,False,False,False,False,False,20250219_3FRfun1,False,False,False
215,False,False,False,False,False,False,False,False,False,False,20250219_3FRfun1,False,False,False
216,False,False,False,False,False,False,False,False,False,False,20250219_3FRfun1,False,False,False
217,False,False,False,True,False,False,True,False,False,False,20250219_3FRfun1,True,False,True
218,False,False,False,False,False,False,False,False,False,False,20250219_3FRfun1,False,False,False
219,False,False,False,False,False,False,False,False,False,False,20250219_3FRfun1,False,False,False
220,True,True,False,False,False,False,True,True,False,False,20250219_3FRfun1,True,True,False
221,False,False,False,False,False,False,False,False,False,False,20250219_3FRfun1,False,False,False
222,False,False,False,False,False,False,False,False,False,False,20250219_3FRfun1,False,False,False
223,False,False,False,False,False,False,False,False,False,False,20250219_3FRfun1,False,False,False
224,False,False,False,False,False,False,False,False,False,False,20250219_3FRfun1,False,False,False
225,False,False,False,False,False,False,False,False,False,False,20250219_3FRfun1,False,False,False
226,False,False,False,False,False,False,False,False,False,False,20250219_3FRfun1,False,False,False
227,False,False,False,False,False,False,False,False,False,False,20250219_3FRfun1,False,False,False
228,False,False,False,False,False,False,False,False,False,False,20250219_3FRfun1,False,False,False
229,False,False,False,False,False,False,False,False,False,False,20250219_3FRfun1,False,False,False
230,False,False,False,False,False,False,False,False,False,False,20250219_3FRfun1,False,False,False
231,False,False,False,False,False,False,False,False,False,False,20250219_3FRfun1,False,False,False
232,False,False,False,False,False,False,False,False,False,False,20250219_3FRfun1,False,False,False
233,False,False,False,True,False,False,False,False,False,False,20250219_3FRfun1,True,False,True
234,False,False,False,False,False,False,True,False,False,False,20250219_3FRfun1,False,False,False
235,False,True,False,False,False,False,True,True,False,False,20250219_3FRfun1,True,True,False
236,False,False,False,True,False,False,True,False,False,False,20250219_3FRfun1,True,False,True
237,False,True,False,False,False,False,False,False,False,False,20250219_3FRfun1,True,True,False
238,False,True,False,False,False,False,False,False,False,False,20250219_3FRfun1,True,True,False
239,False,False,False,False,False,False,False,False,False,False,20250219_3FRfun1,False,False,False
240,False,False,False,False,False,True,False,True,False,False,20250219_3FRfun1,False,True,True
241,False,True,False,False,False,True,False,True,False,False,20250219_3FRfun1,True,True,True
242,False,False,False,False,False,False,False,False,False,False,20250219_3FRfun1,False,False,False
243,False,False,False,False,False,False,False,False,False,False,20250219_3FRfun1,False,False,False
244,False,False,False,False,False,False,False,False,False,False,20250219_3FRfun1,False,False,False
245,False,False,False,False,False,True,False,True,False,False,20250219_3FRfun1,False,True,True
246,False,False,False,True,False,False,True,False,False,False,20250219_3FRfun1,True,False,True
247,False,False,False,False,False,False,False,False,False,False,20250219_3FRfun1,False,False,False
248,False,False,False,False,False,True,False,True,False,False,20250219_3FRfun1,False,True,True
249,True,False,False,True,False,False,False,False,False,False,20250219_3FRfun1,True,False,True
250,False,True,False,True,False,False,True,True,False,False,20250219_3FRfun1,True,True,True
251,False,False,False,False,False,False,False,False,False,False,20250219_3FRfun1,False,False,False
252,False,False,False,False,False,False,True,False,False,False,20250219_3FRfun1,False,False,False
253,False,False,False,False,False,True,False,True,False,False,20250219_3FRfun1,False,True,True
254,False,False,False,False,False,False,False,False,False,False,20250219_3FRfun1,False,False,False
255,False,False,False,True,False,False,True,False,False,False,20250219_3FRfun1,True,False,True
256,True,True,False,False,False,False,True,True,False,False,20250219_3FRfun1,True,True,False
257,False,False,False,False,False,False,False,False,False,False,20250219_3FRfun1,False,False,False
258,False,False,False,False,False,False,False,False,False,False,20250219_3FRfun1,False,False,False
259,False,False,False,True,False,False,True,False,False,False,20250219_3FRfun1,True,False,True
260,False,True,False,True,False,False,False,False,False,False,20250219_3FRfun1,True,True,True
261,False,False,False,True,False,False,True,False,False,False,20250219_3FRfun1,True,False,True
262,False,True,False,False,False,False,False,False,False,False,20250219_3FRfun1,True,True,False
263,False,False,False,False,False,False,False,False,False,False,20250219_3FRfun1,False,False,False
264,False,False,False,True,False,False,True,False,False,False,20250219_3FRfun1,True,False,True
265,False,False,False,False,False,False,False,False,False,False,20250219_3FRfun1,False,False,False
266,False,False,False,False,False,False,False,False,False,False,20250219_3FRfun1,False,False,False
267,False,False,False,False,False,True,False,True,False,False,20250219_3FRfun1,False,True,True
268,False,False,False,False,False,False,False,False,False,False,20250219_3FRfun1,False,False,False
269,False,False,False,False,False,False,False,False,False,False,20250219_3FRfun1,False,False,False
270,False,False,False,False,False,False,False,False,False,False,20250219_3FRfun1,False,False,False
271,False,False,False,False,False,False,False,False,False,False,20250219_3FRfun1,False,False,False
272,False,False,False,False,True,True,False,False,False,False,20250219_3FRfun1,False,True,True
273,False,True,False,False,False,False,False,False,False,False,20250219_3FRfun1,True,True,False
274,False,False,False,False,False,False,False,False,False,False,20250219_3FRfun1,False,False,False
275,False,True,False,False,False,False,True,True,False,False,20250219_3FRfun1,True,True,False
276,False,False,False,False,False,False,False,False,False,False,20250219_3FRfun1,False,False,False
277,False,False,False,False,False,False,False,False,False,False,20250219_3FRfun1,False,False,False
278,False,False,False,False,True,True,False,True,False,False,20250219_3FRfun1,False,True,True
279,False,False,False,False,False,False,True,True,False,False,20250219_3FRfun1,False,False,False
280,False,False,True,False,False,False,False,False,False,True,20250219_3FRfun1,False,False,False
281,False,False,False,True,False,False,True,False,False,False,20250219_3FRfun1,True,False,True
282,False,False,False,False,False,False,False,False,False,False,20250219_3FRfun1,False,False,False
283,False,False,False,False,False,False,False,False,False,False,20250219_3FRfun1,False,False,False
284,False,False,False,False,False,False,False,False,False,False,20250219_3FRfun1,False,False,False
285,False,False,False,False,False,False,True,False,False,False,20250219_3FRfun1,False,False,False
286,False,True,False,True,False,False,True,False,False,False,20250219_3FRfun1,True,True,True
287,False,False,False,False,False,True,False,True,False,False,20250219_3FRfun1,False,True,True
288,False,True,False,False,False,False,True,True,False,False,20250219_3FRfun1,True,True,False
289,False,False,False,False,False,False,False,False,False,False,20250219_3FRfun1,False,False,False
290,False,False,False,False,False,False,False,False,False,False,20250219_3FRfun1,False,False,False
291,False,False,False,False,False,False,False,False,False,False,20250219_3FRfun1,False,False,False
292,False,False,False,False,False,False,False,True,False,False,20250219_3FRfun1,False,False,False
293,False,False,False,False,False,False,False,False,False,False,20250219_3FRfun1,False,False,False
294,True,True,False,False,False,False,False,False,False,False,20250219_3FRfun1,True,True,False
295,False,False,False,False,False,False,False,False,False,False,20250219_3FRfun1,False,False,False
296,True,True,True,True,True,True,False,True,False,False,20250219_3FRfun1,True,True,True
297,False,False,False,False,False,False,True,False,False,False,20250219_3FRfun1,False,False,False
298,False,True,False,False,False,False,True,False,False,False,20250219_3FRfun1,True,True,False
299,False,False,False,False,False,False,False,False,False,False,20250219_3FRfun1,False,False,False
300,False,False,False,False,False,False,False,False,False,False,20250219_3FRfun1,False,False,False
301,False,False,False,False,False,False,False,False,False,False,20250219_3FRfun1,False,False,False
302,True,False,False,True,False,False,True,False,False,False,20250219_3FRfun1,True,False,True
303,False,False,False,False,False,False,False,False,False,False,20250219_3FRfun1,False,False,False
304,True,True,False,True,False,False,True,False,False,False,20250219_3FRfun1,True,True,True
305,False,False,False,False,False,False,True,False,False,False,20250219_3FRfun1,False,False,False
306,False,False,False,False,False,False,False,False,False,False,20250219_3FRfun1,False,False,False
307,False,False,False,False,False,False,False,False,False,False,20250219_3FRfun1,False,False,False
308,False,False,False,False,False,False,False,False,False,False,20250219_3FRfun1,False,False,False
309,False,False,False,True,False,False,False,False,False,False,20250219_3FRfun1,True,False,True
310,False,False,False,True,False,False,False,False,False,False,20250219_3FRfun1,True,False,True
311,False,True,False,False,False,False,False,False,False,False,20250219_3FRfun1,True,True,False
312,False,True,False,True,False,False,True,False,False,False,20250219_3FRfun1,True,True,True
313,False,False,False,False,False,False,False,False,False,False,20250219_3FRfun1,False,False,False
314,False,False,False,False,False,False,False,False,False,False,20250219_3FRfun1,False,False,False
315,False,False,False,True,False,False,True,False,False,False,20250219_3FRfun1,True,False,True
316,False,False,False,True,False,False,False,False,False,False,20250219_3FRfun1,True,False,True
317,False,True,False,False,False,False,True,False,False,False,20250219_3FRfun1,True,True,False
318,False,False,False,False,False,False,False,False,False,False,20250219_3FRfun1,False,False,False
319,False,True,False,False,False,False,True,True,False,False,20250219_3FRfun1,True,True,False
320,False,False,False,False,False,False,False,False,False,False,20250219_3FRfun1,False,False,False
321,False,False,False,False,False,False,False,False,False,False,20250219_3FRfun1,False,False,False
322,False,False,False,False,False,False,False,False,False,False,20250219_3FRfun1,False,False,False
323,False,False,False,False,False,False,False,False,False,False,20250219_3FRfun1,False,False,False
324,False,True,False,False,False,False,True,False,False,False,20250219_3FRfun1,True,True,False
325,False,False,False,False,False,False,False,False,False,False,20250219_3FRfun1,False,False,False
326,False,False,False,False,False,False,False,False,False,False,20250219_3FRfun1,False,False,False
327,False,False,False,False,False,False,False,False,False,False,20250219_3FRfun1,False,False,False
328,True,True,False,False,False,False,True,True,False,False,20250219_3FRfun1,True,True,False
329,False,False,False,False,False,False,False,False,False,False,20250219_3FRfun1,False,False,False
330,False,False,False,False,False,False,False,False,False,False,20250219_3FRfun1,False,False,False
331,False,False,False,False,False,False,False,False,False,False,20250219_3FRfun1,False,False,False
332,False,True,False,True,False,False,True,False,False,False,20250219_3FRfun1,True,True,True
333,False,False,False,False,False,False,False,False,False,False,20250219_3FRfun1,False,False,False
334,False,False,False,False,False,False,False,False,False,False,20250219_3FRfun1,False,False,False
335,False,True,False,False,False,False,True,True,False,False,20250219_3FRfun1,True,True,False
336,False,False,False,False,False,False,False,False,False,False,20250219_3FRfun1,False,False,False
337,False,False,False,False,False,False,False,False,False,True,20250219_3FRfun1,False,False,False
338,True,True,False,False,False,True,True,True,False,False,20250219_3FRfun1,True,True,True
339,False,False,False,False,False,True,False,True,False,False,20250219_3FRfun1,False,True,True
340,False,False,False,False,False,False,False,False,False,False,20250219_3FRfun1,False,False,False
341,False,False,False,False,False,False,False,False,False,False,20250219_3FRfun1,False,False,False
342,False,False,False,False,False,False,False,False,False,False,20250219_3FRfun1,False,False,False
343,True,True,False,True,False,True,False,False,False,False,20250219_3FRfun1,True,True,True
344,False,False,False,False,False,False,False,False,False,False,20250219_3FRfun1,False,False,False
345,False,False,False,False,False,False,False,False,False,False,20250219_3FRfun1,False,False,False
346,False,False,False,False,False,True,False,True,False,False,20250219_3FRfun1,False,True,True
347,False,False,False,False,False,False,False,False,False,False,20250219_3FRfun1,False,False,False
348,False,False,False,False,False,False,False,False,False,False,20250219_3FRfun1,False,False,False
349,False,True,False,False,False,False,True,False,False,False,20250219_3FRfun1,True,True,False
350,False,False,False,False,False,False,False,False,False,False,20250219_3FRfun1,False,False,False
351,False,False,False,False,False,False,False,False,False,False,20250219_3FRfun1,False,False,False
352,False,False,False,False,False,False,False,False,False,False,20250219_3FRfun1,False,False,False
353,False,False,False,False,False,True,False,False,False,False,20250219_3FRfun1,False,True,True
354,False,True,False,False,False,False,True,True,False,False,20250219_3FRfun1,True,True,False
355,False,False,False,False,False,False,False,False,False,False,20250219_3FRfun1,False,False,False
356,True,True,False,False,False,False,False,False,False,False,20250219_3FRfun1,True,True,False
357,False,False,False,False,False,False,True,False,False,False,20250219_3FRfun1,False,False,False
358,False,False,False,True,False,False,True,False,False,False,20250219_3FRfun1,True,False,True
359,False,False,False,False,False,False,False,False,False,False,20250219_3FRfun1,False,False,False
360,False,True,False,False,False,False,False,True,False,False,20250219_3FRfun1,True,True,False
361,True,False,False,False,False,False,False,False,False,False,20250219_3FRfun1,False,False,False
362,False,False,False,False,False,False,False,False,False,False,20250219_3FRfun1,False,False,False
363,False,False,True,False,False,False,False,False,True,True,20250219_3FRfun1,False,False,False
364,False,False,False,False,False,False,False,False,False,False,20250219_3FRfun1,False,False,False
365,False,False,False,False,False,True,False,False,False,False,20250219_3FRfun1,False,True,True
366,False,False,False,False,False,False,False,False,False,True,20250219_3FRfun1,False,False,False
367,True,True,False,False,False,False,True,False,False,False,20250219_3FRfun1,True,True,False
368,False,False,False,False,False,False,False,False,False,False,20250219_3FRfun1,False,False,False
369,False,False,False,False,False,False,False,False,False,False,20250219_3FRfun1,False,False,False
370,False,False,False,False,False,False,False,False,False,False,20250219_3FRfun1,False,False,False
371,False,False,False,False,False,False,False,False,False,False,20250219_3FRfun1,False,False,False
372,False,False,False,False,False,False,False,False,False,False,20250219_3FRfun1,False,False,False
373,False,False,False,False,False,False,False,False,False,False,20250219_3FRfun1,False,False,False
374,False,True,False,False,False,False,False,False,False,False,20250219_3FRfun1,True,True,False
375,False,False,False,False,False,True,False,False,False,False,20250219_3FRfun1,False,True,True
376,False,False,False,False,False,False,False,False,False,False,20250219_3FRfun1,False,False,False
377,False,False,False,False,False,False,False,False,False,False,20250219_3FRfun1,False,False,False
378,False,True,False,False,False,False,False,False,False,False,20250219_3FRfun1,True,True,False
379,True,True,False,False,False,False,True,True,False,False,20250219_3FRfun1,True,True,False
380,False,False,False,False,False,False,False,False,False,False,20250219_3FRfun1,False,False,False
381,False,False,False,False,False,True,False,False,False,False,20250219_3FRfun1,False,True,True
382,False,False,False,False,False,False,False,False,False,False,20250219_3FRfun1,False,False,False
383,False,False,False,False,False,False,False,False,False,False,20250219_3FRfun1,False,False,False
384,False,False,False,False,False,False,False,False,False,False,20250219_3FRfun1,False,False,False
385,False,False,False,False,False,False,False,False,False,False,20250219_3FRfun1,False,False,False
386,False,False,False,False,False,False,False,False,False,False,20250219_3FRfun1,False,False,False
387,False,False,False,False,False,False,False,False,False,False,20250219_3FRfun1,False,False,False
388,True,True,False,False,False,False,True,False,False,False,20250219_3FRfun1,True,True,False
389,False,False,False,False,False,False,False,False,False,False,20250219_3FRfun1,False,False,False
390,False,False,False,False,True,True,False,True,False,False,20250219_3FRfun1,False,True,True
391,False,False,False,False,False,False,False,False,False,False,20250219_3FRfun1,False,False,False
392,False,False,False,False,False,False,False,False,False,True,20250219_3FRfun1,False,False,False
393,False,False,False,False,False,False,False,False,False,False,20250219_3FRfun1,False,False,False
394,False,False,False,False,False,False,False,False,False,False,20250219_3FRfun1,False,False,False
395,False,False,False,True,False,False,True,False,False,False,20250219_3FRfun1,True,False,True
396,True,True,False,False,False,False,True,True,False,False,20250219_3FRfun1,True,True,False
397,False,False,False,False,False,False,False,False,False,False,20250219_3FRfun1,False,False,False
398,False,False,False,False,False,False,False,False,False,False,20250219_3FRfun1,False,False,False
399,False,False,False,True,False,False,False,False,False,False,20250219_3FRfun1,True,False,True
400,True,True,False,False,False,False,True,True,False,False,20250219_3FRfun1,True,True,False
401,False,False,False,False,False,False,False,False,False,False,20250219_3FRfun1,False,False,False
402,False,False,False,True,False,False,False,False,False,False,20250219_3FRfun1,True,False,True
403,False,False,False,False,False,False,False,False,False,False,20250219_3FRfun1,False,False,False
404,False,False,False,False,False,False,False,False,False,True,20250219_3FRfun1,False,False,False
405,False,False,False,False,False,False,False,False,False,False,20250219_3FRfun1,False,False,False
406,False,False,False,False,False,False,False,False,False,False,20250219_3FRfun1,False,False,False
407,False,False,False,False,False,False,False,False,False,False,20250219_3FRfun1,False,False,False
408,False,False,False,False,False,False,False,False,False,False,20250219_3FRfun1,False,False,False
409,False,False,False,False,False,False,False,False,False,False,20250219_3FRfun1,False,False,False
410,False,False,False,False,False,False,False,False,False,False,20250219_3FRfun1,False,False,False
411,True,True,False,False,False,False,True,True,False,False,20250219_3FRfun1,True,True,False
412,False,False,False,False,False,False,False,False,False,False,20250219_3FRfun1,False,False,False
413,False,False,False,False,False,False,False,False,False,False,20250219_3FRfun1,False,False,False
414,False,False,False,False,False,False,False,False,False,True,20250219_3FRfun1,False,False,False
415,False,False,False,False,False,False,False,False,False,False,20250219_3FRfun1,False,False,False
416,False,False,False,True,False,True,False,False,False,False,20250219_3FRfun1,True,True,True
417,False,False,False,False,False,False,False,False,False,False,20250219_3FRfun1,False,False,False
418,False,False,False,False,False,False,False,False,False,False,20250219_3FRfun1,False,False,False
419,False,False,False,True,False,False,True,False,False,False,20250219_3FRfun1,True,False,True
420,False,False,False,False,False,False,False,False,False,False,20250219_3FRfun1,False,False,False
421,False,False,False,False,False,True,False,True,False,False,20250219_3FRfun1,False,True,True
422,False,False,False,True,False,False,False,False,False,False,20250219_3FRfun1,True,False,True
423,False,False,False,False,False,False,True,False,False,False,20250219_3FRfun1,False,False,False
424,False,False,False,False,False,False,False,False,False,False,20250219_3FRfun1,False,False,False
425,False,True,False,True,False,False,True,False,False,False,20250219_3FRfun1,True,True,True
426,False,False,False,False,False,False,False,False,False,False,20250219_3FRfun1,False,False,False
427,False,True,False,False,False,False,True,False,False,False,20250219_3FRfun1,True,True,False
428,False,False,False,False,False,False,False,False,False,False,20250219_3FRfun1,False,False,False
429,False,False,False,False,False,False,False,False,False,False,20250219_3FRfun1,False,False,False
430,True,True,False,True,False,False,True,False,False,True,20250219_3FRfun1,True,True,True
431,True,False,False,False,False,False,False,False,False,False,20250219_3FRfun1,False,False,False
432,False,False,False,False,False,False,False,False,False,False,20250219_3FRfun1,False,False,False
433,False,False,False,False,False,False,False,False,False,False,20250219_3FRfun1,False,False,False
434,False,True,False,True,False,False,True,False,False,False,20250219_3FRfun1,True,True,True
435,False,False,False,False,False,False,False,False,False,False,20250219_3FRfun1,False,False,False
436,False,True,False,False,False,True,False,True,False,False,20250219_3FRfun1,True,True,True
437,False,False,False,False,False,False,False,False,False,False,20250219_3FRfun1,False,False,False
438,False,False,False,False,True,True,False,False,False,False,20250219_3FRfun1,False,True,True
439,False,True,False,False,False,False,False,False,False,True,20250219_3FRfun1,True,True,False
440,False,False,False,False,False,False,False,False,False,False,20250219_3FRfun1,False,False,False
441,False,False,False,False,False,False,False,False,False,False,20250219_3FRfun1,False,False,False
442,False,False,False,False,False,False,True,False,False,False,20250219_3FRfun1,False,False,False
443,False,False,False,False,False,False,True,False,False,False,20250219_3FRfun1,False,False,False
444,False,False,False,False,False,False,False,False,False,False,20250219_3FRfun1,False,False,False
445,False,False,False,False,False,False,False,False,False,False,20250219_3FRfun1,False,False,False
446,False,False,False,False,False,False,False,False,False,False,20250219_3FRfun1,False,False,False
447,False,False,False,True,False,False,True,False,False,False,20250219_3FRfun1,True,False,True
448,False,False,False,False,False,True,False,False,False,False,20250219_3FRfun1,False,True,True
449,False,False,False,True,False,False,True,False,False,False,20250219_3FRfun1,True,False,True
450,False,False,False,False,False,False,False,False,False,False,20250219_3FRfun1,False,False,False
451,False,False,False,False,False,False,False,False,False,False,20250219_3FRfun1,False,False,False
452,False,False,False,False,False,False,False,False,False,False,20250219_3FRfun1,False,False,False
453,False,False,False,False,False,False,False,False,False,False,20250219_3FRfun1,False,False,False
454,False,False,False,False,False,False,False,False,False,False,20250219_3FRfun1,False,False,False
455,False,False,False,False,False,False,False,False,False,False,20250219_3FRfun1,False,False,False
456,False,False,False,False,False,False,False,False,False,False,20250219_3FRfun1,False,False,False
457,False,False,False,False,True,False,False,False,False,False,20250219_3FRfun1,False,False,False
458,False,True,False,False,False,False,True,True,False,False,20250219_3FRfun1,True,True,False
459,False,False,False,False,False,False,False,False,False,False,20250219_3FRfun1,False,False,False
460,False,False,False,False,False,False,False,False,False,False,20250219_3FRfun1,False,False,False
461,False,False,False,False,False,False,True,True,False,False,20250219_3FRfun1,False,False,False
462,False,False,False,False,False,False,False,False,False,False,20250219_3FRfun1,False,False,False
463,False,False,False,False,False,False,False,False,False,False,20250219_3FRfun1,False,False,False
464,False,False,False,False,False,False,False,False,False,False,20250219_3FRfun1,False,False,False
465,False,False,False,False,False,False,False,False,False,True,20250219_3FRfun1,False,False,False
466,False,False,False,False,False,False,False,False,False,False,20250219_3FRfun1,False,False,False
467,False,False,False,False,False,False,False,False,False,False,20250219_3FRfun1,False,False,False
468,False,False,False,False,False,False,True,False,False,False,20250219_3FRfun1,False,False,False
469,False,False,False,False,False,False,False,False,False,False,20250219_3FRfun1,False,False,False
470,False,False,False,False,False,False,False,False,False,False,20250219_3FRfun1,False,False,False
471,False,False,False,False,False,False,False,False,False,False,20250219_3FRfun1,False,False,False
472,False,False,False,False,False,False,False,False,False,False,20250219_3FRfun1,False,False,False
473,False,False,False,False,False,False,False,False,False,False,20250219_3FRfun1,False,False,False
474,False,False,False,False,False,False,False,False,False,False,20250219_3FRfun1,False,False,False
475,False,False,False,False,False,False,False,False,False,False,20250219_3FRfun1,False,False,False
476,False,False,False,False,False,False,False,False,False,False,20250219_3FRfun1,False,False,False
477,True,True,False,False,False,True,False,True,False,False,20250219_3FRfun1,True,True,True
478,False,False,False,False,False,False,True,False,False,False,20250219_3FRfun1,False,False,False
479,False,False,False,False,False,False,False,False,False,False,20250219_3FRfun1,False,False,False
480,False,True,False,False,False,False,False,False,False,False,20250219_3FRfun1,True,True,False
481,True,True,True,True,True,True,False,True,False,False,20250219_3FRfun1,True,True,True
482,False,False,False,False,False,False,False,False,False,False,20250219_3FRfun1,False,False,False
483,False,False,False,True,False,False,False,False,False,False,20250219_3FRfun1,True,False,True
484,False,False,False,False,False,False,False,False,False,False,20250219_3FRfun1,False,False,False
485,False,False,False,False,False,True,False,False,False,False,20250219_3FRfun1,False,True,True
486,False,True,False,True,False,False,True,False,False,False,20250219_3FRfun1,True,True,True
487,False,False,False,False,False,False,True,False,False,False,20250219_3FRfun1,False,False,False
488,False,False,False,False,False,False,False,False,False,False,20250219_3FRfun1,False,False,False
489,False,False,False,True,False,False,False,False,False,True,20250219_3FRfun1,True,False,True
490,False,False,False,False,False,False,False,False,False,False,20250219_3FRfun1,False,False,False
491,False,False,False,False,False,False,False,False,False,False,20250219_3FRfun1,False,False,False
492,False,False,False,True,False,False,False,False,False,False,20250219_3FRfun1,True,False,True
493,False,False,False,False,False,False,False,False,False,False,20250219_3FRfun1,False,False,False
494,False,False,False,False,False,False,False,False,False,False,20250219_3FRfun1,False,False,False
495,False,False,False,False,False,False,False,False,False,False,20250219_3FRfun1,False,False,False
496,False,True,False,True,False,False,True,False,False,False,20250219_3FRfun1,True,True,True
497,False,False,False,False,False,False,False,False,False,False,20250219_3FRfun1,False,False,False
498,False,False,False,False,True,False,False,False,False,True,20250219_3FRfun1,False,False,False
499,False,False,False,True,False,False,True,False,False,False,20250219_3FRfun1,True,False,True
500,False,False,False,True,False,False,True,False,False,False,20250219_3FRfun1,True,False,True
501,False,False,False,True,False,False,True,False,False,False,20250219_3FRfun1,True,False,True
502,False,True,False,True,False,False,True,False,False,False,20250219_3FRfun1,True,True,True
503,True,True,False,False,False,False,True,True,False,False,20250219_3FRfun1,True,True,False
504,False,False,False,False,False,False,False,False,False,False,20250219_3FRfun1,False,False,False
505,False,False,False,False,False,False,False,False,False,False,20250219_3FRfun1,False,False,False
506,False,False,False,False,False,False,False,False,False,False,20250219_3FRfun1,False,False,False
507,False,False,False,False,False,False,False,False,False,False,20250219_3FRfun1,False,False,False
508,False,False,False,False,False,False,False,False,False,False,20250219_3FRfun1,False,False,False
509,False,False,False,False,False,False,False,False,False,False,20250219_3FRfun1,False,False,False
510,False,True,False,False,False,False,True,False,False,False,20250219_3FRfun1,True,True,False
511,False,False,False,False,False,False,False,False,False,False,20250219_3FRfun1,False,False,False
512,False,False,False,False,False,False,False,False,False,False,20250219_3FRfun1,False,False,False
513,False,False,False,False,False,False,False,False,False,False,20250219_3FRfun1,False,False,False
514,False,False,False,False,False,False,False,False,False,False,20250219_3FRfun1,False,False,False
515,False,False,False,False,False,False,False,False,False,False,20250219_3FRfun1,False,False,False
516,False,True,False,True,False,False,True,True,False,False,20250219_3FRfun1,True,True,True
517,False,False,False,False,False,False,False,False,False,False,20250219_3FRfun1,False,False,False
518,False,False,False,False,False,False,False,False,False,False,20250219_3FRfun1,False,False,False
519,False,False,False,False,False,False,False,False,False,False,20250219_3FRfun1,False,False,False
520,False,True,False,False,False,False,True,True,False,False,20250219_3FRfun1,True,True,False
521,False,True,False,True,False,False,True,False,False,False,20250219_3FRfun1,True,True,True
522,False,False,False,False,False,False,False,False,False,False,20250219_3FRfun1,False,False,False
523,False,False,False,False,False,False,False,True,False,False,20250219_3FRfun1,False,False,False
524,False,False,False,False,False,False,False,False,False,False,20250219_3FRfun1,False,False,False
525,False,False,False,False,False,False,False,False,False,False,20250219_3FRfun1,False,False,False
526,False,False,False,False,False,True,False,False,False,False,20250219_3FRfun1,False,True,True
527,False,False,False,False,False,False,False,False,False,False,20250219_3FRfun1,False,False,False
528,False,False,False,False,False,False,False,False,False,False,20250219_3FRfun1,False,False,False
529,False,False,False,False,False,False,False,False,False,False,20250219_3FRfun1,False,False,False
530,False,False,False,False,False,False,False,False,False,False,20250219_3FRfun1,False,False,False
531,True,True,False,False,False,False,True,True,False,False,20250219_3FRfun1,True,True,False
532,False,False,False,False,False,False,False,False,False,False,20250219_3FRfun1,False,False,False
533,False,False,False,False,False,False,False,False,False,False,20250219_3FRfun1,False,False,False
534,False,True,False,True,False,False,True,False,False,False,20250219_3FRfun1,True,True,True
535,False,False,False,False,False,False,False,False,False,False,20250219_3FRfun1,False,False,False
536,False,False,False,False,False,False,False,False,False,False,20250219_3FRfun1,False,False,False
537,False,False,False,False,False,False,False,False,False,False,20250219_3FRfun1,False,False,False
538,False,False,False,False,False,False,False,False,False,False,20250219_3FRfun1,False,False,False
539,False,False,False,False,False,False,False,False,False,False,20250219_3FRfun1,False,False,False
540,False,False,False,False,False,False,False,False,False,False,20250219_3FRfun1,False,False,False
541,False,False,False,False,False,False,False,False,False,False,20250219_3FRfun1,False,False,False
542,False,True,False,False,False,False,True,False,False,False,20250219_3FRfun1,True,True,False
543,False,True,False,False,False,False,True,False,False,False,20250219_3FRfun1,True,True,False
544,False,True,False,False,False,False,True,True,False,False,20250219_3FRfun1,True,True,False
545,True,True,False,False,False,True,True,True,False,False,20250219_3FRfun1,True,True,True
546,False,False,False,False,False,True,False,True,False,False,20250219_3FRfun1,False,True,True
547,False,False,False,False,False,False,False,False,False,False,20250219_3FRfun1,False,False,False
548,False,True,False,False,False,False,True,False,False,False,20250219_3FRfun1,True,True,False
549,False,False,False,False,False,False,False,False,False,True,20250219_3FRfun1,False,False,False
550,True,True,False,True,False,True,False,False,False,False,20250219_3FRfun1,True,True,True
551,False,False,False,False,False,False,False,False,True,False,20250219_3FRfun1,False,False,False
552,False,True,False,False,False,False,False,False,False,False,20250219_3FRfun1,True,True,False
553,False,False,False,False,False,False,False,False,False,False,20250219_3FRfun1,False,False,False
554,False,False,False,False,False,False,False,False,False,False,20250219_3FRfun1,False,False,False
555,False,True,False,False,False,False,True,True,False,False,20250219_3FRfun1,True,True,False
556,False,False,False,False,False,False,False,False,False,False,20250219_3FRfun1,False,False,False
557,False,False,False,False,False,False,False,False,False,False,20250219_3FRfun1,False,False,False
558,False,False,False,False,False,False,False,False,False,False,20250219_3FRfun1,False,False,False
559,False,False,False,True,False,True,False,False,False,False,20250219_3FRfun1,True,True,True
560,False,False,False,False,False,False,False,False,False,False,20250219_3FRfun1,False,False,False
561,False,False,False,False,False,True,False,False,False,False,20250219_3FRfun1,False,True,True
562,False,False,False,False,False,False,False,False,False,False,20250219_3FRfun1,False,False,False
563,False,False,False,True,False,False,True,False,False,False,20250219_3FRfun1,True,False,True
564,False,False,False,False,False,False,True,False,False,False,20250219_3FRfun1,False,False,False
565,True,False,True,False,False,False,False,True,True,False,20250219_3FRfun1,False,False,False
566,False,True,False,True,False,False,True,False,False,False,20250219_3FRfun1,True,True,True
567,False,False,False,False,False,False,False,False,False,False,20250219_3FRfun1,False,False,False
568,False,False,False,False,False,False,False,False,True,False,20250219_3FRfun1,False,False,False
569,False,True,False,False,False,True,True,True,False,False,20250219_3FRfun1,True,True,True
570,False,False,False,False,False,False,False,False,False,False,20250219_3FRfun1,False,False,False
571,False,False,False,False,False,False,False,False,False,False,20250219_3FRfun1,False,False,False
572,False,True,False,False,False,False,False,False,False,False,20250219_3FRfun1,True,True,False
573,False,False,False,False,False,False,False,False,False,False,20250219_3FRfun1,False,False,False
574,True,True,False,False,False,False,True,True,False,False,20250219_3FRfun1,True,True,False
575,False,False,False,False,False,False,False,False,False,False,20250219_3FRfun1,False,False,False
576,False,False,False,False,False,False,False,True,False,False,20250219_3FRfun1,False,False,False
577,False,False,False,False,False,True,False,False,True,False,20250219_3FRfun1,False,True,True
578,False,False,False,False,False,False,False,False,False,False,20250219_3FRfun1,False,False,False
579,False,False,False,False,False,True,False,True,False,False,20250219_3FRfun1,False,True,True
580,False,False,False,False,False,True,False,False,False,False,20250219_3FRfun1,False,True,True
581,False,False,False,False,False,False,True,True,False,False,20250219_3FRfun1,False,False,False
582,True,True,False,False,False,False,True,False,False,False,20250219_3FRfun1,True,True,False
583,False,False,False,False,False,False,False,False,False,False,20250219_3FRfun1,False,False,False
584,False,False,False,False,False,False,False,False,False,False,20250219_3FRfun1,False,False,False
585,True,True,False,False,False,False,True,True,False,False,20250219_3FRfun1,True,True,False
586,False,False,False,False,False,False,False,False,False,False,20250219_3FRfun1,False,False,False
587,False,False,False,False,False,True,False,True,False,False,20250219_3FRfun1,False,True,True
588,False,False,False,False,True,True,False,True,False,False,20250219_3FRfun1,False,True,True
589,False,False,False,False,False,False,False,False,False,False,20250219_3FRfun1,False,False,False
590,False,False,False,True,True,True,False,True,False,False,20250219_3FRfun1,True,True,True
591,False,False,False,False,False,False,False,False,False,False,20250219_3FRfun1,False,False,False
592,True,True,False,False,False,False,True,True,False,False,20250219_3FRfun1,True,True,False
593,False,False,False,False,False,False,False,False,False,False,20250219_3FRfun1,False,False,False
594,False,False,False,True,False,False,True,False,False,False,20250219_3FRfun1,True,False,True
595,False,True,False,False,False,False,True,True,False,False,20250219_3FRfun1,True,True,False
596,False,False,False,False,False,False,False,False,False,False,20250219_3FRfun1,False,False,False
597,False,False,False,False,False,False,False,True,False,False,20250219_3FRfun1,False,False,False
598,False,False,False,False,False,False,False,False,False,False,20250219_3FRfun1,False,False,False
599,False,False,False,False,False,False,False,False,False,False,20250219_3FRfun1,False,False,False
600,True,True,False,False,False,False,True,True,False,False,20250219_3FRfun1,True,True,False
601,False,False,False,False,False,False,False,False,True,True,20250219_3FRfun1,False,False,False
602,False,False,False,False,False,False,False,False,False,False,20250219_3FRfun1,False,False,False
603,False,False,False,False,False,False,False,True,False,True,20250219_3FRfun1,False,False,False
604,False,False,False,False,False,False,False,False,False,False,20250219_3FRfun1,False,False,False
605,False,False,False,False,False,False,False,False,False,False,20250219_3FRfun1,False,False,False
606,False,False,False,False,False,False,False,False,False,False,20250219_3FRfun1,False,False,False
607,False,False,False,False,False,False,False,False,False,False,20250219_3FRfun1,False,False,False
608,False,False,False,False,False,False,True,False,False,False,20250219_3FRfun1,False,False,False
609,False,True,False,False,False,False,False,False,False,False,20250219_3FRfun1,True,True,False
610,False,False,False,False,False,False,False,False,False,False,20250219_3FRfun1,False,False,False
611,False,False,False,False,False,False,False,False,False,False,20250219_3FRfun1,False,False,False
612,False,False,False,False,False,False,False,False,False,False,20250219_3FRfun1,False,False,False
613,True,True,False,False,False,True,False,False,False,False,20250219_3FRfun1,True,True,True
614,True,True,False,False,False,False,True,True,False,False,20250219_3FRfun1,True,True,False
615,False,False,False,False,False,False,False,False,False,False,20250219_3FRfun1,False,False,False
616,False,False,False,False,False,False,False,False,False,False,20250219_3FRfun1,False,False,False
617,False,False,False,False,False,False,False,False,False,False,20250219_3FRfun1,False,False,False
618,False,False,False,False,False,False,False,False,False,False,20250219_3FRfun1,False,False,False
619,False,False,True,True,False,False,True,False,False,False,20250219_3FRfun1,True,False,True
620,False,False,True,True,False,False,True,False,False,False,20250219_3FRfun1,True,False,True
621,False,True,False,False,False,False,False,False,False,False,20250219_3FRfun1,True,True,False
622,False,False,False,False,False,False,False,False,False,False,20250219_3FRfun1,False,False,False
623,False,False,False,False,False,False,False,False,False,False,20250219_3FRfun1,False,False,False
624,False,False,False,False,False,False,False,False,False,True,20250219_3FRfun1,False,False,False
625,False,False,False,True,False,False,True,False,False,False,20250219_3FRfun1,True,False,True
626,True,True,True,True,True,True,False,False,False,False,20250219_3FRfun1,True,True,True
627,False,False,False,True,False,False,True,False,False,False,20250219_3FRfun1,True,False,True
628,False,False,False,False,False,True,False,True,False,False,20250219_3FRfun1,False,True,True
629,False,False,False,False,False,False,False,False,False,False,20250219_3FRfun1,False,False,False
630,False,False,False,False,False,False,False,True,False,False,20250219_3FRfun1,False,False,False
631,True,True,False,True,False,True,False,False,False,True,20250219_3FRfun1,True,True,True
632,False,False,False,False,False,True,False,False,False,False,20250219_3FRfun1,False,True,True
633,False,False,False,False,False,False,False,False,False,False,20250219_3FRfun1,False,False,False
634,False,False,False,False,False,False,False,False,False,False,20250219_3FRfun1,False,False,False
635,False,False,False,True,False,False,True,False,False,False,20250219_3FRfun1,True,False,True
636,False,False,False,False,False,False,False,False,False,False,20250219_3FRfun1,False,False,False
637,False,False,False,False,False,False,False,False,False,False,20250219_3FRfun1,False,False,False
638,False,False,False,False,False,True,False,True,False,False,20250219_3FRfun1,False,True,True
639,False,False,False,False,False,False,False,False,False,False,20250219_3FRfun1,False,False,False
640,True,True,False,True,False,True,True,True,False,False,20250219_3FRfun1,True,True,True
641,False,False,False,False,False,False,False,False,False,False,20250219_3FRfun1,False,False,False
642,True,False,False,False,False,False,True,True,False,True,20250219_3FRfun1,False,False,False
643,False,False,False,False,False,True,False,False,False,False,20250219_3FRfun1,False,True,True
644,True,True,False,True,False,False,True,False,False,True,20250219_3FRfun1,True,True,True
645,False,False,False,False,False,False,False,False,False,False,20250219_3FRfun1,False,False,False
646,False,True,False,False,False,True,False,False,False,False,20250219_3FRfun1,True,True,True
647,False,False,False,False,False,False,False,False,False,False,20250219_3FRfun1,False,False,False
648,True,True,True,True,False,False,True,True,False,True,20250219_3FRfun1,True,True,True
649,False,False,False,False,False,False,False,False,False,False,20250219_3FRfun1,False,False,False
650,False,False,False,True,False,False,False,False,False,False,20250219_3FRfun1,True,False,True
651,False,True,False,False,True,True,False,True,False,False,20250219_3FRfun1,True,True,True
652,False,False,False,False,False,False,False,False,False,False,20250219_3FRfun1,False,False,False
653,False,False,False,False,False,False,False,False,False,False,20250219_3FRfun1,False,False,False
654,False,True,False,False,False,False,False,False,False,False,20250219_3FRfun1,True,True,False
655,False,False,False,False,False,False,False,False,False,False,20250219_3FRfun1,False,False,False
656,False,True,False,True,False,False,True,False,False,True,20250219_3FRfun1,True,True,True
657,False,False,False,False,False,False,False,False,False,False,20250219_3FRfun1,False,False,False
658,False,False,False,False,False,True,False,True,False,False,20250219_3FRfun1,False,True,True
659,False,False,False,False,False,False,True,False,False,False,20250219_3FRfun1,False,False,False
660,False,False,False,False,False,False,False,False,False,False,20250219_3FRfun1,False,False,False
661,False,False,False,False,False,False,False,False,False,False,20250219_3FRfun1,False,False,False
662,False,False,False,False,False,False,False,False,False,False,20250219_3FRfun1,False,False,False
663,False,False,False,False,False,False,False,False,False,False,20250219_3FRfun1,False,False,False
664,False,False,False,False,False,False,False,False,False,False,20250219_3FRfun1,False,False,False
665,False,False,False,False,False,True,False,True,False,False,20250219_3FRfun1,False,True,True
666,False,False,False,False,False,False,False,False,False,False,20250219_3FRfun1,False,False,False
667,False,True,False,False,False,False,True,False,False,False,20250219_3FRfun1,True,True,False
668,False,False,False,True,False,False,True,False,False,False,20250219_3FRfun1,True,False,True
669,False,False,False,False,False,False,False,False,False,False,20250219_3FRfun1,False,False,False
670,False,False,False,False,False,False,False,False,False,False,20250219_3FRfun1,False,False,False
671,False,False,False,True,False,False,True,False,False,False,20250219_3FRfun1,True,False,True
672,False,False,False,False,True,True,False,True,False,False,20250219_3FRfun1,False,True,True
673,False,False,False,False,False,False,False,False,False,False,20250219_3FRfun1,False,False,False
674,False,False,False,False,False,False,False,False,False,False,20250219_3FRfun1,False,False,False
675,False,False,False,False,False,False,False,False,False,False,20250219_3FRfun1,False,False,False
676,False,False,False,False,False,False,False,False,False,False,20250219_3FRfun1,False,False,False
677,False,True,False,False,False,False,True,True,False,False,20250219_3FRfun1,True,True,False
678,False,False,False,False,False,False,False,False,False,False,20250219_3FRfun1,False,False,False
679,False,False,False,True,False,False,False,False,False,False,20250219_3FRfun1,True,False,True
680,False,True,False,False,False,False,True,False,False,False,20250219_3FRfun1,True,True,False
681,False,False,False,False,False,False,False,False,False,False,20250219_3FRfun1,False,False,False
682,False,False,False,False,False,False,False,False,False,False,20250219_3FRfun1,False,False,False
683,False,False,False,False,False,False,False,False,False,False,20250219_3FRfun1,False,False,False
684,False,False,False,False,False,False,False,True,False,False,20250219_3FRfun1,False,False,False
685,False,False,False,False,False,False,False,False,False,False,20250219_3FRfun1,False,False,False
686,False,False,False,False,False,False,False,False,False,False,20250219_3FRfun1,False,False,False
687,False,False,False,False,False,False,False,False,False,False,20250219_3FRfun1,False,False,False
688,False,False,False,False,False,False,False,False,False,False,20250219_3FRfun1,False,False,False
689,False,False,False,False,False,False,False,False,False,False,20250219_3FRfun1,False,False,False
690,False,False,False,False,False,False,False,False,False,False,20250219_3FRfun1,False,False,False
691,False,False,False,False,False,False,False,False,False,False,20250219_3FRfun1,False,False,False
692,False,False,False,False,False,False,False,True,False,False,20250219_3FRfun1,False,False,False
693,False,False,False,True,False,False,True,False,False,False,20250219_3FRfun1,True,False,True
694,False,False,False,False,False,False,True,False,False,False,20250219_3FRfun1,False,False,False
695,False,False,False,False,False,False,False,False,False,False,20250219_3FRfun1,False,False,False
696,False,False,False,False,False,False,False,False,False,False,20250219_3FRfun1,False,False,False
697,False,False,False,False,False,False,False,False,False,False,20250219_3FRfun1,False,False,False
698,False,False,False,False,False,False,False,False,False,False,20250219_3FRfun1,False,False,False
699,False,False,False,False,False,False,False,False,False,False,20250219_3FRfun1,False,False,False
700,False,False,False,False,False,False,False,False,False,False,20250219_3FRfun1,False,False,False
701,False,False,False,False,False,False,False,False,False,False,20250219_3FRfun1,False,False,False
702,False,False,False,False,False,False,False,False,False,False,20250219_3FRfun1,False,False,False
703,False,False,False,False,False,False,False,False,False,False,20250219_3FRfun1,False,False,False
704,False,False,False,False,False,False,False,False,False,False,20250219_3FRfun1,False,False,False
705,False,True,False,True,False,False,True,False,False,False,20250219_3FRfun1,True,True,True
706,False,True,False,False,True,False,True,False,False,False,20250219_3FRfun1,True,True,False
707,False,False,False,False,False,False,False,False,False,False,20250219_3FRfun1,False,False,False
708,False,False,False,False,False,False,False,False,False,False,20250219_3FRfun1,False,False,False
709,False,True,False,False,False,False,False,False,False,False,20250219_3FRfun1,True,True,False
710,False,False,False,False,False,False,False,False,False,False,20250219_3FRfun1,False,False,False
711,False,False,False,False,False,False,False,False,False,False,20250219_3FRfun1,False,False,False
712,False,False,False,True,False,False,True,False,False,False,20250219_3FRfun1,True,False,True
713,False,False,False,False,False,False,False,False,False,False,20250219_3FRfun1,False,False,False
714,True,True,False,False,False,True,False,True,False,False,20250219_3FRfun1,True,True,True
715,False,False,False,False,False,True,False,True,False,False,20250219_3FRfun1,False,True,True
716,False,False,False,True,False,False,True,False,False,False,20250219_3FRfun1,True,False,True
717,True,False,False,False,False,True,False,False,False,False,20250219_3FRfun1,False,True,True
718,False,True,False,False,False,False,True,False,False,False,20250219_3FRfun1,True,True,False
719,False,False,False,False,False,False,False,False,False,False,20250219_3FRfun1,False,False,False
720,False,False,False,False,False,False,False,False,False,False,20250219_3FRfun1,False,False,False
721,False,False,False,False,False,False,False,False,False,False,20250219_3FRfun1,False,False,False
722,False,False,False,False,False,False,False,False,False,False,20250219_3FRfun1,False,False,False
723,False,False,False,False,False,False,False,False,False,False,20250219_3FRfun1,False,False,False
724,False,False,False,False,False,False,False,False,False,False,20250219_3FRfun1,False,False,False
725,False,False,False,False,False,False,False,False,False,False,20250219_3FRfun1,False,False,False
726,False,True,False,True,False,False,True,False,False,False,20250219_3FRfun1,True,True,True
727,False,False,False,True,False,False,True,False,False,False,20250219_3FRfun1,True,False,True
728,False,False,False,True,False,False,True,False,False,False,20250219_3FRfun1,True,False,True
729,False,True,False,True,False,True,True,False,False,True,20250219_3FRfun1,True,True,True
730,False,False,False,False,False,False,False,False,False,False,20250219_3FRfun1,False,False,False
731,False,False,False,False,False,False,False,False,False,False,20250219_3FRfun1,False,False,False
732,False,False,False,False,False,False,False,False,False,False,20250219_3FRfun1,False,False,False
733,True,True,True,True,True,True,False,True,False,True,20250219_3FRfun1,True,True,True
734,False,False,False,False,False,False,False,False,False,False,20250219_3FRfun1,False,False,False
735,False,False,False,True,False,False,False,False,False,False,20250219_3FRfun1,True,False,True
736,False,False,False,False,False,False,False,False,False,False,20250219_3FRfun1,False,False,False
737,False,False,False,False,False,False,False,False,False,False,20250219_3FRfun1,False,False,False
738,False,False,False,False,False,False,False,False,False,False,20250219_3FRfun1,False,False,False
739,False,False,False,False,False,False,False,False,False,False,20250219_3FRfun1,False,False,False
740,False,False,False,False,False,False,False,True,False,False,20250219_3FRfun1,False,False,False
741,False,False,False,False,False,False,False,False,False,False,20250219_3FRfun1,False,False,False
742,False,True,False,False,False,False,True,True,False,False,20250219_3FRfun1,True,True,False
743,False,False,False,False,False,False,False,False,False,False,20250219_3FRfun1,False,False,False
744,False,False,False,False,False,False,False,False,False,False,20250219_3FRfun1,False,False,False
745,False,True,False,False,False,False,True,True,False,False,20250219_3FRfun1,True,True,False
746,False,False,False,False,False,False,False,False,False,False,20250219_3FRfun1,False,False,False
747,False,False,False,False,False,False,False,False,False,False,20250219_3FRfun1,False,False,False
748,True,True,False,False,False,False,True,False,False,False,20250219_3FRfun1,True,True,False
749,False,False,False,False,False,False,False,False,False,False,20250219_3FRfun1,False,False,False
750,False,False,False,False,False,False,False,False,False,False,20250219_3FRfun1,False,False,False
751,False,False,False,True,False,False,True,False,False,False,20250219_3FRfun1,True,False,True
752,False,False,False,False,False,False,False,False,False,False,20250219_3FRfun1,False,False,False
753,False,False,False,False,False,False,False,False,False,False,20250219_3FRfun1,False,False,False
754,False,False,False,False,False,False,False,False,False,False,20250219_3FRfun1,False,False,False
755,False,False,False,False,False,False,False,False,False,False,20250219_3FRfun1,False,False,False
756,False,False,False,False,False,False,False,False,False,False,20250219_3FRfun1,False,False,False
757,False,False,False,False,False,False,False,False,False,False,20250219_3FRfun1,False,False,False
758,False,False,False,False,False,False,False,False,False,False,20250219_3FRfun1,False,False,False
759,False,True,False,False,False,False,True,True,False,False,20250219_3FRfun1,True,True,False
760,False,False,False,False,False,False,False,True,False,False,20250219_3FRfun1,False,False,False
761,False,False,False,False,False,False,False,False,False,False,20250219_3FRfun1,False,False,False
762,False,False,False,False,False,False,False,False,False,False,20250219_3FRfun1,False,False,False
763,False,False,False,False,False,False,False,False,False,False,20250219_3FRfun1,False,False,False
764,False,False,False,False,True,True,False,True,True,False,20250219_3FRfun1,False,True,True
765,False,False,False,False,False,False,False,False,False,False,20250219_3FRfun1,False,False,False
766,False,False,False,False,False,False,False,False,False,False,20250219_3FRfun1,False,False,False
767,False,False,False,False,False,True,False,False,False,False,20250219_3FRfun1,False,True,True
768,False,False,False,False,False,False,False,False,False,False,20250219_3FRfun1,False,False,False
769,False,False,False,False,False,False,False,False,False,False,20250219_3FRfun1,False,False,False
770,False,False,False,False,False,False,False,False,False,False,20250219_3FRfun1,False,False,False
771,False,False,False,False,False,False,False,False,False,False,20250219_3FRfun1,False,False,False
772,False,False,False,False,False,False,False,False,False,False,20250219_3FRfun1,False,False,False
773,False,False,False,False,False,False,False,False,False,False,20250219_3FRfun1,False,False,False
774,False,False,False,False,True,True,False,True,False,False,20250219_3FRfun1,False,True,True
775,False,False,False,False,False,False,False,True,False,False,20250219_3FRfun1,False,False,False
776,False,True,False,True,False,True,True,False,False,False,20250219_3FRfun1,True,True,True
777,False,False,False,False,False,False,False,False,False,False,20250219_3FRfun1,False,False,False
778,False,False,False,False,False,False,False,False,False,False,20250219_3FRfun1,False,False,False
779,False,False,False,False,False,False,False,False,False,False,20250219_3FRfun1,False,False,False
780,False,False,False,False,False,False,False,False,False,False,20250219_3FRfun1,False,False,False
781,False,False,False,False,False,False,False,False,False,False,20250219_3FRfun1,False,False,False
782,False,False,False,False,False,False,False,False,False,False,20250219_3FRfun1,False,False,False
783,False,True,False,False,False,False,False,False,False,False,20250219_3FRfun1,True,True,False
784,False,False,False,False,False,False,False,False,False,False,20250219_3FRfun1,False,False,False
785,False,False,False,False,False,False,True,False,False,False,20250219_3FRfun1,False,False,False
786,False,True,False,False,False,False,True,True,False,False,20250219_3FRfun1,True,True,False
787,False,False,False,True,False,False,True,False,False,False,20250219_3FRfun1,True,False,True
788,False,False,False,False,False,True,False,False,False,False,20250219_3FRfun1,False,True,True
789,False,False,False,False,False,False,False,False,False,False,20250219_3FRfun1,False,False,False
790,False,False,False,False,False,False,False,True,False,False,20250219_3FRfun1,False,False,False
791,True,True,False,False,False,False,True,True,False,False,20250219_3FRfun1,True,True,False
792,False,False,False,False,False,False,False,False,False,False,20250219_3FRfun1,False,False,False
793,False,False,False,False,False,False,False,False,False,False,20250219_3FRfun1,False,False,False
794,False,False,False,False,False,False,False,False,False,False,20250219_3FRfun1,False,False,False
795,False,False,False,False,False,False,False,False,False,False,20250219_3FRfun1,False,False,False
796,False,False,False,False,False,False,False,False,False,False,20250219_3FRfun1,False,False,False
797,False,False,False,False,False,False,False,False,False,False,20250219_3FRfun1,False,False,False
798,False,False,False,False,False,False,False,False,False,False,20250219_3FRfun1,False,False,False
799,False,False,False,False,False,False,False,False,True,False,20250219_3FRfun1,False,False,False
800,False,False,False,False,False,True,False,False,False,False,20250219_3FRfun1,False,True,True
801,False,True,False,True,False,True,True,True,False,False,20250219_3FRfun1,True,True,True
802,False,True,False,False,False,False,True,False,False,False,20250219_3FRfun1,True,True,False
803,False,False,False,False,False,True,False,False,False,False,20250219_3FRfun1,False,True,True
804,False,False,False,True,False,False,False,False,False,False,20250219_3FRfun1,True,False,True
805,False,False,False,False,True,True,False,True,False,False,20250219_3FRfun1,False,True,True
806,False,False,False,False,False,True,False,False,False,False,20250219_3FRfun1,False,True,True
807,False,False,False,False,False,False,False,False,False,False,20250219_3FRfun1,False,False,False
808,False,False,False,True,False,True,False,False,False,False,20250219_3FRfun1,True,True,True
809,True,False,False,False,False,False,False,False,False,False,20250219_3FRfun1,False,False,False
810,False,False,False,False,False,False,False,False,False,False,20250219_3FRfun1,False,False,False
811,False,False,False,False,True,True,False,True,False,False,20250219_3FRfun1,False,True,True
812,False,False,False,False,False,False,False,False,False,False,20250219_3FRfun1,False,False,False
813,False,False,False,True,False,False,True,False,False,False,20250219_3FRfun1,True,False,True
814,False,False,False,False,False,False,False,False,False,False,20250219_3FRfun1,False,False,False
815,False,False,False,False,False,False,False,False,False,False,20250219_3FRfun1,False,False,False
816,True,False,False,False,False,False,False,False,False,False,20250219_3FRfun1,False,False,False
817,False,False,False,False,False,False,False,False,False,False,20250219_3FRfun1,False,False,False
818,False,True,False,False,False,True,True,True,False,False,20250219_3FRfun1,True,True,True
819,False,False,False,False,False,False,False,False,False,False,20250219_3FRfun1,False,False,False
820,False,False,False,False,False,False,False,False,False,False,20250219_3FRfun1,False,False,False
821,False,False,False,False,False,False,False,False,False,False,20250219_3FRfun1,False,False,False
822,False,False,False,False,True,True,False,True,False,False,20250219_3FRfun1,False,True,True
823,False,False,False,False,True,True,False,True,False,False,20250219_3FRfun1,False,True,True
824,False,True,False,False,False,False,True,False,False,False,20250219_3FRfun1,True,True,False
825,False,False,False,False,False,True,False,False,False,False,20250219_3FRfun1,False,True,True
826,False,False,False,False,False,False,False,False,False,False,20250219_3FRfun1,False,False,False
827,False,False,False,False,False,False,False,False,False,False,20250219_3FRfun1,False,False,False
828,False,False,False,False,True,True,False,True,False,False,20250219_3FRfun1,False,True,True
829,True,True,False,False,False,True,True,True,False,False,20250219_3FRfun1,True,True,True
830,False,False,False,False,False,False,False,False,False,False,20250219_3FRfun1,False,False,False
831,False,True,False,False,False,False,False,False,False,False,20250219_3FRfun1,True,True,False
832,False,False,False,False,False,False,False,False,False,False,20250219_3FRfun1,False,False,False
833,False,False,False,False,False,True,False,False,False,False,20250219_3FRfun1,False,True,True
834,False,True,False,True,False,True,False,False,False,False,20250219_3FRfun1,True,True,True
835,False,False,False,False,False,False,False,False,False,False,20250219_3FRfun1,False,False,False
836,False,True,False,False,False,False,True,True,False,False,20250219_3FRfun1,True,True,False
837,True,True,False,False,False,False,False,False,False,False,20250219_3FRfun1,True,True,False
838,False,True,False,False,False,False,True,True,False,False,20250219_3FRfun1,True,True,False
839,False,False,False,False,False,False,False,False,False,False,20250219_3FRfun1,False,False,False
840,False,True,False,False,False,False,True,False,False,False,20250219_3FRfun1,True,True,False
841,False,False,False,False,False,False,True,False,False,False,20250219_3FRfun1,False,False,False
842,False,False,False,False,False,False,False,False,False,False,20250219_3FRfun1,False,False,False
843,False,False,False,False,False,False,False,False,False,False,20250219_3FRfun1,False,False,False
844,True,True,False,True,True,False,False,False,False,True,20250219_3FRfun1,True,True,True
845,False,True,False,False,True,True,True,True,False,False,20250219_3FRfun1,True,True,True
846,False,False,False,False,True,True,False,True,False,False,20250219_3FRfun1,False,True,True
847,False,False,False,False,True,True,False,True,False,False,20250219_3FRfun1,False,True,True
848,False,True,False,False,False,False,True,True,False,False,20250219_3FRfun1,True,True,False
849,False,False,False,False,False,False,False,False,False,False,20250219_3FRfun1,False,False,False
850,False,False,False,False,False,False,False,False,False,False,20250219_3FRfun1,False,False,False
851,False,False,False,False,False,False,False,False,False,False,20250219_3FRfun1,False,False,False
852,False,True,False,False,False,False,True,True,False,False,20250219_3FRfun1,True,True,False
853,False,False,False,False,False,False,False,False,False,False,20250219_3FRfun1,False,False,False
854,False,True,False,False,False,False,True,False,False,False,20250219_3FRfun1,True,True,False
855,False,False,False,False,False,False,False,False,False,False,20250219_3FRfun1,False,False,False
856,True,True,False,False,False,False,True,True,False,False,20250219_3FRfun1,True,True,False
857,False,False,False,False,False,False,False,False,False,False,20250219_3FRfun1,False,False,False
858,False,True,False,False,False,False,False,False,False,False,20250219_3FRfun1,True,True,False
859,False,False,False,False,False,False,False,False,False,False,20250219_3FRfun1,False,False,False
860,False,False,False,False,False,False,False,False,False,False,20250219_3FRfun1,False,False,False
861,False,False,False,False,False,False,False,False,False,False,20250219_3FRfun1,False,False,False
862,False,False,False,False,False,False,False,False,False,False,20250219_3FRfun1,False,False,False
863,False,False,False,False,False,False,False,False,False,False,20250219_3FRfun1,False,False,False
864,True,True,False,True,True,False,True,True,False,True,20250219_3FRfun1,True,True,True
865,False,False,False,False,False,False,False,False,False,False,20250219_3FRfun1,False,False,False
866,False,False,False,False,False,False,False,False,False,False,20250219_3FRfun1,False,False,False
867,False,False,False,False,False,False,False,False,False,True,20250219_3FRfun1,False,False,False
868,False,False,False,False,False,False,False,False,False,False,20250219_3FRfun1,False,False,False
869,False,False,False,False,False,False,False,False,False,False,20250219_3FRfun1,False,False,False
870,False,False,False,False,False,False,True,False,False,False,20250219_3FRfun1,False,False,False
871,False,False,False,False,False,False,False,False,False,False,20250219_3FRfun1,False,False,False
872,False,False,False,True,False,False,True,False,False,False,20250219_3FRfun1,True,False,True
873,False,False,False,False,False,False,False,False,False,False,20250219_3FRfun1,False,False,False
874,False,True,False,False,False,False,False,False,False,False,20250219_3FRfun1,True,True,False
875,False,False,False,False,False,False,False,False,False,False,20250219_3FRfun1,False,False,False
876,False,False,False,False,False,False,False,False,False,False,20250219_3FRfun1,False,False,False
877,False,False,False,False,False,False,False,False,False,False,20250219_3FRfun1,False,False,False
878,False,False,False,False,False,False,False,False,False,False,20250219_3FRfun1,False,False,False
879,False,False,False,True,False,False,True,False,False,False,20250219_3FRfun1,True,False,True
880,False,False,False,False,False,False,False,False,False,False,20250219_3FRfun1,False,False,False
881,False,False,False,False,False,False,False,False,False,False,20250219_3FRfun1,False,False,False
882,True,True,False,True,False,False,True,False,False,False,20250219_3FRfun1,True,True,True
883,False,True,False,False,False,True,False,True,False,False,20250219_3FRfun1,True,True,True
884,False,False,False,False,False,False,False,False,False,False,20250219_3FRfun1,False,False,False
885,False,False,False,True,False,False,True,False,False,False,20250219_3FRfun1,True,False,True
886,False,False,False,True,False,False,True,False,False,False,20250219_3FRfun1,True,False,True
887,False,False,False,False,False,True,False,True,False,False,20250219_3FRfun1,False,True,True
888,False,False,False,False,False,False,False,False,False,False,20250219_3FRfun1,False,False,False
889,False,False,False,False,False,False,False,False,False,False,20250219_3FRfun1,False,False,False
890,False,False,False,False,False,False,False,False,False,False,20250219_3FRfun1,False,False,False
891,False,False,False,False,True,True,False,True,False,False,20250219_3FRfun1,False,True,True
892,False,False,False,False,False,False,False,False,False,False,20250219_3FRfun1,False,False,False
893,False,False,False,False,False,False,False,False,False,False,20250219_3FRfun1,False,False,False
894,False,False,False,False,False,False,False,False,False,False,20250219_3FRfun1,False,False,False
895,False,False,False,False,False,False,False,False,False,False,20250219_3FRfun1,False,False,False
896,False,False,False,False,False,False,False,False,False,False,20250219_3FRfun1,False,False,False
897,True,False,False,False,False,False,True,False,False,False,20250219_3FRfun1,False,False,False
898,False,False,False,True,True,True,False,False,False,False,20250219_3FRfun1,True,True,True
899,False,True,False,True,False,False,True,False,False,False,20250219_3FRfun1,True,True,True
900,False,False,False,False,False,False,False,False,False,False,20250219_3FRfun1,False,False,False
901,False,False,False,False,False,False,False,False,False,False,20250219_3FRfun1,False,False,False
902,True,True,False,True,False,True,True,True,False,False,20250219_3FRfun1,True,True,True
903,False,False,False,False,False,False,False,False,False,False,20250219_3FRfun1,False,False,False
904,False,False,False,False,False,False,False,False,False,False,20250219_3FRfun1,False,False,False
905,False,False,False,False,False,False,False,False,False,False,20250219_3FRfun1,False,False,False
906,True,True,True,True,True,False,True,True,False,False,20250219_3FRfun1,True,True,True
907,False,False,False,False,False,False,False,False,False,False,20250219_3FRfun1,False,False,False
908,False,False,False,False,False,True,False,True,False,False,20250219_3FRfun1,False,True,True
909,True,True,False,False,False,False,True,True,False,False,20250219_3FRfun1,True,True,False
910,False,False,False,False,False,False,False,False,False,False,20250219_3FRfun1,False,False,False
911,False,False,False,False,False,False,False,False,False,False,20250219_3FRfun1,False,False,False
912,False,False,False,False,False,False,False,False,False,False,20250219_3FRfun1,False,False,False
913,False,False,False,False,True,True,False,True,False,False,20250219_3FRfun1,False,True,True
914,False,False,False,False,False,False,False,False,False,False,20250219_3FRfun1,False,False,False
915,False,True,False,False,False,False,True,False,False,False,20250219_3FRfun1,True,True,False
916,False,False,False,True,False,False,True,False,False,False,20250219_3FRfun1,True,False,True
917,False,False,False,False,False,False,False,False,False,False,20250219_3FRfun1,False,False,False
918,False,False,False,False,False,False,False,False,False,False,20250219_3FRfun1,False,False,False
919,False,False,False,False,True,True,False,True,False,False,20250219_3FRfun1,False,True,True
920,False,False,False,False,False,False,False,False,False,False,20250219_3FRfun1,False,False,False
921,False,False,False,False,False,False,False,False,False,False,20250219_3FRfun1,False,False,False
922,False,False,False,False,False,False,False,False,False,False,20250219_3FRfun1,False,False,False
923,False,False,False,False,False,False,False,False,False,False,20250219_3FRfun1,False,False,False
924,False,False,False,False,False,False,False,False,False,False,20250219_3FRfun1,False,False,False
925,False,False,False,False,False,False,False,False,False,False,20250219_3FRfun1,False,False,False
926,False,False,False,False,False,False,True,False,False,False,20250219_3FRfun1,False,False,False
927,False,False,False,False,False,False,False,True,False,False,20250219_3FRfun1,False,False,False
928,False,False,False,False,False,False,False,False,False,False,20250219_3FRfun1,False,False,False
929,False,True,False,False,False,False,True,False,False,False,20250219_3FRfun1,True,True,False
930,False,False,False,False,False,False,False,False,False,False,20250219_3FRfun1,False,False,False
931,False,False,False,False,False,False,False,False,False,False,20250219_3FRfun1,False,False,False
932,False,False,False,False,False,False,False,False,False,False,20250219_3FRfun1,False,False,False
933,False,False,False,False,False,False,False,False,False,False,20250219_3FRfun1,False,False,False
934,False,False,False,False,False,False,False,False,False,False,20250219_3FRfun1,False,False,False
935,False,False,False,False,False,False,False,False,False,False,20250219_3FRfun1,False,False,False
936,False,False,False,False,False,False,False,False,False,False,20250219_3FRfun1,False,False,False
937,False,False,False,False,False,False,False,False,False,False,20250219_3FRfun1,False,False,False
938,False,False,False,False,False,False,False,False,False,False,20250219_3FRfun1,False,False,False
939,False,False,False,False,False,False,False,True,False,False,20250219_3FRfun1,False,False,False
940,False,False,False,False,False,False,False,False,False,False,20250219_3FRfun1,False,False,False
941,False,False,False,False,False,False,True,False,False,False,20250219_3FRfun1,False,False,False
942,False,False,False,False,False,False,False,False,False,False,20250219_3FRfun1,False,False,False
943,False,False,False,False,False,False,False,False,False,False,20250219_3FRfun1,False,False,False
944,False,False,False,True,False,False,True,False,False,False,20250219_3FRfun1,True,False,True
945,False,False,False,False,False,False,False,False,False,False,20250219_3FRfun1,False,False,False
946,False,False,False,False,False,False,False,False,False,False,20250219_3FRfun1,False,False,False
947,False,False,False,False,False,False,True,False,False,False,20250219_3FRfun1,False,False,False
948,False,True,False,False,True,True,False,True,False,False,20250219_3FRfun1,True,True,True
949,False,False,False,False,False,False,False,False,False,False,20250219_3FRfun1,False,False,False
950,False,False,False,False,False,False,True,False,False,False,20250219_3FRfun1,False,False,False
951,False,False,False,True,False,False,True,False,False,False,20250219_3FRfun1,True,False,True
952,False,False,False,False,False,False,False,False,False,False,20250219_3FRfun1,False,False,False
953,False,False,False,False,False,True,False,False,False,False,20250219_3FRfun1,False,True,True
954,False,False,False,False,True,True,False,True,False,False,20250219_3FRfun1,False,True,True
955,False,False,False,True,False,False,False,False,False,False,20250219_3FRfun1,True,False,True
956,False,False,False,False,False,False,False,False,False,False,20250219_3FRfun1,False,False,False
957,False,False,False,False,False,False,False,False,False,False,20250219_3FRfun1,False,False,False
958,False,False,False,False,False,False,False,True,False,False,20250219_3FRfun1,False,False,False
959,False,False,False,False,False,False,False,False,False,False,20250219_3FRfun1,False,False,False
960,False,False,True,True,False,False,True,False,False,True,20250219_3FRfun1,True,False,True
961,False,False,False,False,False,False,False,False,False,False,20250219_3FRfun1,False,False,False
962,False,False,False,False,False,False,False,False,False,False,20250219_3FRfun1,False,False,False
963,False,False,False,False,False,False,False,False,False,False,20250219_3FRfun1,False,False,False
964,False,False,False,False,False,False,False,False,False,False,20250219_3FRfun1,False,False,False
965,False,False,False,False,False,False,False,False,False,False,20250219_3FRfun1,False,False,False
966,False,False,False,True,False,False,True,False,False,False,20250219_3FRfun1,True,False,True
967,False,False,False,False,True,True,False,True,True,False,20250219_3FRfun1,False,True,True
968,False,False,False,False,False,True,False,False,False,False,20250219_3FRfun1,False,True,True
969,False,False,False,True,False,False,False,False,False,False,20250219_3FRfun1,True,False,True
970,False,False,False,True,False,False,True,False,False,False,20250219_3FRfun1,True,False,True
971,False,False,False,False,False,False,False,False,False,False,20250219_3FRfun1,False,False,False
972,False,False,False,False,False,False,False,False,False,False,20250219_3FRfun1,False,False,False
973,False,False,False,False,False,False,False,False,False,False,20250219_3FRfun1,False,False,False
974,False,True,False,False,False,False,False,False,False,True,20250219_3FRfun1,True,True,False
975,False,False,False,False,False,False,False,False,False,False,20250219_3FRfun1,False,False,False
976,False,False,False,False,False,False,False,False,False,False,20250219_3FRfun1,False,False,False
977,True,True,True,True,True,True,True,False,False,True,20250219_3FRfun1,True,True,True
978,False,False,False,False,False,False,False,False,False,False,20250219_3FRfun1,False,False,False
979,False,False,False,False,False,False,False,False,False,False,20250219_3FRfun1,False,False,False
980,False,False,False,True,False,False,False,False,False,False,20250219_3FRfun1,True,False,True
981,False,False,False,False,False,False,False,False,False,False,20250219_3FRfun1,False,False,False
982,False,True,False,True,False,False,True,False,False,False,20250219_3FRfun1,True,True,True
983,False,False,False,False,False,False,False,False,False,False,20250219_3FRfun1,False,False,False
984,False,False,False,False,False,False,False,False,False,False,20250219_3FRfun1,False,False,False
985,False,True,False,False,False,False,False,False,False,False,20250219_3FRfun1,True,True,False
986,False,False,False,False,False,False,False,False,False,False,20250219_3FRfun1,False,False,False
987,False,False,False,False,False,False,False,False,False,False,20250219_3FRfun1,False,False,False
988,False,False,False,False,False,False,False,False,False,False,20250219_3FRfun1,False,False,False
989,False,False,False,False,False,False,False,False,False,False,20250219_3FRfun1,False,False,False
990,False,False,False,False,False,False,False,False,False,False,20250219_3FRfun1,False,False,False
991,False,False,False,False,False,False,False,False,False,False,20250219_3FRfun1,False,False,False
992,False,False,False,False,False,False,False,True,False,False,20250219_3FRfun1,False,False,False
993,False,False,False,False,False,False,False,False,False,False,20250219_3FRfun1,False,False,False
994,False,False,False,False,False,False,False,False,False,False,20250219_3FRfun1,False,False,False
995,False,False,False,True,False,False,False,False,False,False,20250219_3FRfun1,True,False,True
996,False,False,False,False,False,False,True,True,False,False,20250219_3FRfun1,False,False,False
997,False,False,False,False,False,False,False,False,True,False,20250219_3FRfun1,False,False,False
998,False,False,False,False,False,False,False,False,False,True,20250219_3FRfun1,False,False,False
999,False,False,False,False,False,False,False,False,False,False,20250219_3FRfun1,False,False,False
1000,False,False,False,False,False,False,True,True,False,False,20250219_3FRfun1,False,False,False
1001,False,False,False,False,False,False,False,False,False,False,20250219_3FRfun1,False,False,False
1002,False,False,False,False,False,False,False,False,False,False,20250219_3FRfun1,False,False,False
1003,False,False,False,False,False,False,False,False,False,False,20250219_3FRfun1,False,False,False
1004,False,False,False,False,False,False,False,False,False,False,20250219_3FRfun1,False,False,False
1005,False,True,False,False,False,False,True,False,False,False,20250219_3FRfun1,True,True,False
1006,False,False,False,False,False,False,False,False,False,False,20250219_3FRfun1,False,False,False
1007,False,False,False,False,False,False,False,False,False,False,20250219_3FRfun1,False,False,False
1008,False,True,False,False,False,False,True,False,False,False,20250219_3FRfun1,True,True,False
1009,False,True,False,False,False,False,True,True,False,False,20250219_3FRfun1,True,True,False
1010,False,False,False,True,False,True,False,False,False,False,20250219_3FRfun1,True,True,True
1011,False,False,False,False,False,False,False,False,False,False,20250219_3FRfun1,False,False,False
1012,False,False,False,False,False,False,False,False,False,False,20250219_3FRfun1,False,False,False
1013,False,False,False,False,False,False,False,False,False,False,20250219_3FRfun1,False,False,False
1014,False,False,False,False,True,True,False,True,True,False,20250219_3FRfun1,False,True,True
1015,False,True,False,False,False,False,True,False,False,False,20250219_3FRfun1,True,True,False
1016,True,False,False,False,False,True,False,True,False,False,20250219_3FRfun1,False,True,True
1017,False,False,False,False,False,False,False,False,False,False,20250219_3FRfun1,False,False,False
1018,False,True,False,False,False,False,False,False,False,False,20250219_3FRfun1,True,True,False
1019,False,True,False,False,False,False,False,False,False,False,20250219_3FRfun1,True,True,False
1020,False,True,False,True,False,True,True,False,False,False,20250219_3FRfun1,True,True,True
1021,False,False,False,False,False,False,False,False,False,False,20250219_3FRfun1,False,False,False
1022,False,False,False,False,False,False,False,False,False,False,20250219_3FRfun1,False,False,False
1023,False,True,False,False,False,False,True,False,False,False,20250219_3FRfun1,True,True,False
1024,False,False,False,False,False,False,True,False,False,False,20250219_3FRfun1,False,False,False
1025,False,False,False,False,False,True,False,True,False,False,20250219_3FRfun1,False,True,True
1026,False,False,False,False,False,False,False,False,False,False,20250219_3FRfun1,False,False,False
1027,False,False,False,False,False,False,False,False,False,False,20250219_3FRfun1,False,False,False
1028,False,False,False,True,False,False,True,False,False,False,20250219_3FRfun1,True,False,True
1029,False,False,False,False,False,False,False,False,False,False,20250219_3FRfun1,False,False,False
1030,False,False,False,False,False,False,False,False,False,False,20250219_3FRfun1,False,False,False
1031,False,False,False,False,False,False,True,False,False,False,20250219_3FRfun1,False,False,False
1032,False,False,False,False,True,True,False,True,False,False,20250219_3FRfun1,False,True,True
1033,False,False,False,False,False,False,False,False,False,False,20250219_3FRfun1,False,False,False
1034,False,False,False,False,False,False,False,False,False,False,20250219_3FRfun1,False,False,False
1035,False,False,False,False,False,False,False,False,False,False,20250219_3FRfun1,False,False,False
1036,False,False,False,False,False,False,False,False,False,False,20250219_3FRfun1,False,False,False
1037,False,False,False,False,False,False,False,False,False,False,20250219_3FRfun1,False,False,False
1038,False,False,False,False,False,False,False,True,False,False,20250219_3FRfun1,False,False,False
1039,False,False,False,False,False,False,False,False,False,False,20250219_3FRfun1,False,False,False
1040,False,True,False,False,False,False,True,False,False,False,20250219_3FRfun1,True,True,False
1041,False,False,False,False,False,False,False,False,False,False,20250219_3FRfun1,False,False,False
1042,False,False,False,False,False,False,False,False,True,False,20250219_3FRfun1,False,False,False
1043,False,False,False,False,False,False,False,False,False,False,20250219_3FRfun1,False,False,False
1044,False,False,False,False,False,False,False,True,False,False,20250219_3FRfun1,False,False,False
1045,True,True,False,False,False,False,True,True,False,False,20250219_3FRfun1,True,True,False
1046,False,False,False,False,False,False,False,False,False,False,20250219_3FRfun1,False,False,False
1047,False,True,False,False,False,False,False,False,False,False,20250219_3FRfun1,True,True,False
1048,False,False,False,False,False,False,False,False,False,False,20250219_3FRfun1,False,False,False
1049,False,False,False,False,True,True,False,False,False,False,20250219_3FRfun1,False,True,True
1050,False,False,False,False,False,False,False,False,True,False,20250219_3FRfun1,False,False,False
1051,False,False,False,False,False,False,False,False,False,False,20250219_3FRfun1,False,False,False
1052,False,False,False,False,True,True,False,True,False,False,20250219_3FRfun1,False,True,True
1053,False,False,False,False,False,False,False,False,False,False,20250219_3FRfun1,False,False,False
1054,False,True,False,False,False,False,False,False,False,False,20250219_3FRfun1,True,True,False
1055,False,False,False,False,False,False,False,False,False,False,20250219_3FRfun1,False,False,False
1056,False,False,False,False,False,False,False,False,False,False,20250219_3FRfun1,False,False,False
1057,False,False,False,False,False,True,False,False,False,False,20250219_3FRfun1,False,True,True
1058,False,True,False,True,False,False,True,False,False,False,20250219_3FRfun1,True,True,True
1059,False,False,False,True,False,True,False,False,False,False,20250219_3FRfun1,True,True,True
1060,False,False,False,False,True,True,False,True,False,False,20250219_3FRfun1,False,True,True
1061,False,False,False,False,False,False,False,True,False,False,20250219_3FRfun1,False,False,False
1062,False,False,False,False,False,False,False,False,False,False,20250219_3FRfun1,False,False,False
1063,False,False,False,True,False,False,True,False,False,False,20250219_3FRfun1,True,False,True
1064,True,False,False,False,False,False,False,False,False,False,20250219_3FRfun1,False,False,False
1065,False,False,False,False,False,False,False,False,False,False,20250219_3FRfun1,False,False,False
1066,False,False,False,False,True,True,False,True,False,False,20250219_3FRfun1,False,True,True
1067,False,False,False,False,False,False,False,False,False,False,20250219_3FRfun1,False,False,False
1068,True,True,False,False,False,False,True,True,False,False,20250219_3FRfun1,True,True,False
1069,False,False,False,False,False,True,False,False,False,False,20250219_3FRfun1,False,True,True
1070,False,False,False,False,False,False,False,False,False,False,20250219_3FRfun1,False,False,False
1071,False,False,False,False,False,False,False,False,False,False,20250219_3FRfun1,False,False,False
1072,False,False,False,False,False,False,False,False,False,False,20250219_3FRfun1,False,False,False
1073,False,False,False,True,False,False,False,False,False,False,20250219_3FRfun1,True,False,True
1074,False,False,False,False,False,True,False,False,False,False,20250219_3FRfun1,False,True,True
1075,False,False,False,False,False,False,False,False,False,False,20250219_3FRfun1,False,False,False
1076,True,True,False,False,False,True,False,False,False,False,20250219_3FRfun1,True,True,True
1077,False,False,False,False,True,True,False,True,False,False,20250219_3FRfun1,False,True,True
1078,True,True,False,True,False,True,True,True,False,False,20250219_3FRfun1,True,True,True
1079,False,False,False,False,False,False,False,False,False,False,20250219_3FRfun1,False,False,False
1080,False,False,False,True,False,False,True,False,False,False,20250219_3FRfun1,True,False,True
1081,False,True,False,True,False,True,False,False,False,False,20250219_3FRfun1,True,True,True
1082,False,False,False,False,False,True,True,True,False,False,20250219_3FRfun1,False,True,True
1083,False,False,False,False,False,False,True,False,False,False,20250219_3FRfun1,False,False,False
1084,False,False,False,False,False,False,False,False,False,False,20250219_3FRfun1,False,False,False
1085,False,False,False,False,False,False,False,False,False,False,20250219_3FRfun1,False,False,False
1086,False,False,False,False,True,True,False,True,False,False,20250219_3FRfun1,False,True,True
1087,False,False,False,False,False,False,False,False,False,False,20250219_3FRfun1,False,False,False
1088,False,False,False,False,False,False,False,False,False,False,20250219_3FRfun1,False,False,False
1089,False,False,False,True,False,False,True,False,False,False,20250219_3FRfun1,True,False,True
1090,False,False,False,False,False,False,False,False,False,False,20250219_3FRfun1,False,False,False
1091,False,False,False,False,False,False,False,False,False,False,20250219_3FRfun1,False,False,False
1092,False,False,False,False,False,True,False,False,False,False,20250219_3FRfun1,False,True,True
1093,False,True,False,False,True,True,True,True,False,False,20250219_3FRfun1,True,True,True
1094,False,True,False,False,True,True,True,True,False,False,20250219_3FRfun1,True,True,True
1095,False,True,False,False,False,False,True,False,False,False,20250219_3FRfun1,True,True,False
1096,False,False,False,False,False,False,False,False,False,False,20250219_3FRfun1,False,False,False
1097,False,True,False,False,False,False,True,True,False,False,20250219_3FRfun1,True,True,False
1098,False,False,False,True,False,False,True,False,False,False,20250219_3FRfun1,True,False,True
1099,False,False,False,False,True,True,False,True,False,False,20250219_3FRfun1,False,True,True
1100,True,True,True,True,True,True,True,True,False,True,20250219_3FRfun1,True,True,True
1101,True,True,False,True,False,False,True,True,False,True,20250219_3FRfun1,True,True,True
1102,False,False,False,False,False,False,False,False,False,False,20250219_3FRfun1,False,False,False
1103,True,True,False,False,False,False,True,True,False,False,20250219_3FRfun1,True,True,False
1104,False,False,False,False,False,False,False,False,False,True,20250219_3FRfun1,False,False,False
1105,False,False,False,False,False,False,False,False,False,False,20250219_3FRfun1,False,False,False
1106,False,False,False,False,False,False,True,False,False,False,20250219_3FRfun1,False,False,False
1107,False,False,False,False,False,False,True,False,False,False,20250219_3FRfun1,False,False,False
1108,False,False,False,False,False,False,False,False,False,False,20250219_3FRfun1,False,False,False
1109,False,False,False,False,False,False,False,False,False,False,20250219_3FRfun1,False,False,False
1110,False,False,False,False,False,False,False,False,False,False,20250219_3FRfun1,False,False,False
1111,False,False,False,False,False,False,False,False,False,False,20250219_3FRfun1,False,False,False
1112,False,False,False,False,False,False,False,False,False,False,20250219_3FRfun1,False,False,False
1113,False,False,False,False,False,True,False,True,False,False,20250219_3FRfun1,False,True,True
1114,False,False,False,False,False,False,False,False,False,True,20250219_3FRfun1,False,False,False
1115,False,False,False,False,False,False,False,False,False,True,20250219_3FRfun1,False,False,False
1116,False,False,False,False,False,False,False,False,False,False,20250219_3FRfun1,False,False,False
1117,True,True,True,True,False,True,True,False,False,True,20250219_3FRfun1,True,True,True
1118,False,False,False,False,False,False,True,False,False,False,20250219_3FRfun1,False,False,False
1119,False,False,False,False,False,False,False,False,False,False,20250219_3FRfun1,False,False,False
1120,False,False,False,False,False,False,True,False,False,False,20250219_3FRfun1,False,False,False
1121,False,False,False,True,False,False,True,False,False,False,20250219_3FRfun1,True,False,True
1122,False,False,False,False,False,False,False,False,False,False,20250219_3FRfun1,False,False,False
1123,False,False,False,False,False,False,False,False,False,False,20250219_3FRfun1,False,False,False
1124,False,False,False,False,False,False,False,False,False,False,20250219_3FRfun1,False,False,False
1125,False,False,False,False,False,False,False,False,False,False,20250219_3FRfun1,False,False,False
1126,False,False,False,False,False,False,False,False,False,False,20250219_3FRfun1,False,False,False
1127,False,False,False,False,False,False,False,False,False,False,20250219_3FRfun1,False,False,False
1128,False,False,False,True,False,False,True,False,False,False,20250219_3FRfun1,True,False,True
1129,False,False,False,True,False,False,True,False,False,False,20250219_3FRfun1,True,False,True
1130,False,False,False,False,False,True,False,True,False,False,20250219_3FRfun1,False,True,True
1131,False,False,False,False,False,False,False,False,False,False,20250219_3FRfun1,False,False,False
1132,False,True,False,True,False,False,True,True,False,False,20250219_3FRfun1,True,True,True
1133,False,False,False,False,False,False,False,False,False,False,20250219_3FRfun1,False,False,False
1134,False,False,False,False,False,False,False,False,False,False,20250219_3FRfun1,False,False,False
1135,False,False,False,False,False,False,False,False,False,False,20250219_3FRfun1,False,False,False
1136,True,True,False,True,False,True,False,False,False,False,20250219_3FRfun1,True,True,True
1137,True,True,True,True,True,True,False,False,False,True,20250219_3FRfun1,True,True,True
1138,False,False,False,False,False,False,False,False,False,False,20250219_3FRfun1,False,False,False
1139,False,False,False,False,False,False,False,False,False,False,20250219_3FRfun1,False,False,False
1140,False,False,False,False,True,True,False,True,False,False,20250219_3FRfun1,False,True,True
1141,False,False,False,False,False,False,False,False,False,False,20250219_3FRfun1,False,False,False
1142,False,False,False,False,False,False,False,False,False,False,20250219_3FRfun1,False,False,False
1143,False,False,False,False,False,False,False,False,False,False,20250219_3FRfun1,False,False,False
1144,False,False,False,False,False,True,True,True,False,False,20250219_3FRfun1,False,True,True
1145,False,False,False,False,False,False,False,False,False,False,20250219_3FRfun1,False,False,False
1146,False,False,False,False,False,False,False,False,False,False,20250219_3FRfun1,False,False,False
1147,False,False,False,False,False,False,False,False,False,False,20250219_3FRfun1,False,False,False
1148,False,False,False,False,False,False,False,False,False,False,20250219_3FRfun1,False,False,False
1149,False,False,False,False,False,False,False,False,False,False,20250219_3FRfun1,False,False,False
1150,False,True,False,True,False,False,True,False,False,False,20250219_3FRfun1,True,True,True
1151,False,False,False,False,False,False,False,False,False,False,20250219_3FRfun1,False,False,False
1152,False,False,False,False,False,False,False,False,False,False,20250219_3FRfun1,False,False,False
1153,False,False,False,True,False,True,False,False,False,False,20250219_3FRfun1,True,True,True
1154,False,False,False,False,False,False,False,False,False,False,20250219_3FRfun1,False,False,False
1155,False,False,False,False,False,False,False,False,False,False,20250219_3FRfun1,False,False,False
1156,False,False,False,False,False,False,False,False,True,False,20250219_3FRfun1,False,False,False
1157,False,False,False,False,False,False,False,False,False,False,20250219_3FRfun1,False,False,False
1158,False,False,False,False,False,False,False,False,False,False,20250219_3FRfun1,False,False,False
1159,False,False,False,False,False,True,False,True,False,False,20250219_3FRfun1,False,True,True
1160,True,False,False,False,False,False,True,False,False,False,20250219_3FRfun1,False,False,False
1161,False,False,False,False,False,False,False,False,False,False,20250219_3FRfun1,False,False,False
1162,False,True,False,False,False,False,False,False,False,False,20250219_3FRfun1,True,True,False
1163,False,False,False,False,False,False,False,False,False,False,20250219_3FRfun1,False,False,False
1164,True,True,False,True,False,False,True,True,False,False,20250219_3FRfun1,True,True,True
1165,False,False,False,False,False,False,False,False,False,False,20250219_3FRfun1,False,False,False
1166,True,True,False,False,False,True,True,False,False,False,20250219_3FRfun1,True,True,True
1167,False,False,False,False,False,False,True,False,False,False,20250219_3FRfun1,False,False,False
1168,False,False,False,False,True,False,False,True,False,False,20250219_3FRfun1,False,False,False
1169,False,True,False,True,False,False,True,False,False,False,20250219_3FRfun1,True,True,True
1170,False,False,False,False,False,False,False,False,False,False,20250219_3FRfun1,False,False,False
1171,False,False,False,False,False,False,False,False,False,False,20250219_3FRfun1,False,False,False
1172,False,False,False,False,False,False,False,False,False,False,20250219_3FRfun1,False,False,False
1173,False,False,False,False,False,False,False,False,False,False,20250219_3FRfun1,False,False,False
1174,False,False,False,False,False,True,False,False,False,False,20250219_3FRfun1,False,True,True
1175,False,False,False,False,False,False,False,False,False,False,20250219_3FRfun1,False,False,False
1176,False,False,False,False,True,True,False,True,False,False,20250219_3FRfun1,False,True,True
1177,False,False,False,False,False,False,False,False,False,False,20250219_3FRfun1,False,False,False
1178,False,False,False,False,False,False,False,False,False,False,20250219_3FRfun1,False,False,False
1179,False,False,False,False,False,False,False,False,False,False,20250219_3FRfun1,False,False,False
1180,False,False,False,False,False,False,False,False,False,False,20250219_3FRfun1,False,False,False
1181,False,False,False,False,False,False,False,True,False,False,20250219_3FRfun1,False,False,False
1182,False,False,False,False,False,False,False,False,False,False,20250219_3FRfun1,False,False,False
1183,False,False,False,True,False,False,True,False,False,False,20250219_3FRfun1,True,False,True
1184,False,False,False,False,False,False,False,False,False,False,20250219_3FRfun1,False,False,False
1185,False,False,False,False,False,False,False,False,False,False,20250219_3FRfun1,False,False,False
1186,False,False,False,False,False,False,False,False,False,False,20250219_3FRfun1,False,False,False
1187,False,False,False,False,False,False,False,False,False,False,20250219_3FRfun1,False,False,False
1188,False,False,False,False,False,False,False,False,False,False,20250219_3FRfun1,False,False,False
1189,False,False,False,False,False,False,False,False,False,False,20250219_3FRfun1,False,False,False
1190,False,False,False,False,False,False,False,True,False,False,20250219_3FRfun1,False,False,False
1191,False,False,False,False,False,False,False,False,False,False,20250219_3FRfun1,False,False,False
1192,False,False,False,False,False,False,False,False,False,False,20250219_3FRfun1,False,False,False
1193,False,False,False,False,False,False,False,False,False,False,20250219_3FRfun1,False,False,False
1194,False,False,False,False,False,False,False,False,False,False,20250219_3FRfun1,False,False,False
1195,False,False,False,True,False,False,True,False,False,True,20250219_3FRfun1,True,False,True
1196,False,False,False,False,False,False,False,False,False,False,20250219_3FRfun1,False,False,False
1197,False,False,False,False,False,False,False,False,False,False,20250219_3FRfun1,False,False,False
1198,False,False,False,False,False,False,False,False,False,False,20250219_3FRfun1,False,False,False
1199,False,True,False,False,True,True,False,False,False,False,20250219_3FRfun1,True,True,True
1200,False,False,False,False,False,False,False,False,False,False,20250219_3FRfun1,False,False,False
1201,False,False,False,True,False,False,True,False,False,False,20250219_3FRfun1,True,False,True
1202,False,True,False,False,True,True,False,False,False,False,20250219_3FRfun1,True,True,True
1203,False,False,False,False,False,False,False,True,False,False,20250219_3FRfun1,False,False,False
1204,False,False,False,True,False,False,True,False,False,False,20250219_3FRfun1,True,False,True
1205,False,False,False,False,False,False,False,False,False,False,20250219_3FRfun1,False,False,False
1206,False,False,False,False,False,False,False,False,False,False,20250219_3FRfun1,False,False,False
1207,False,False,False,True,False,False,True,False,False,False,20250219_3FRfun1,True,False,True
1208,False,False,False,False,False,False,False,False,False,False,20250219_3FRfun1,False,False,False
1209,False,False,False,False,False,False,False,False,False,False,20250219_3FRfun1,False,False,False
1210,False,False,False,False,False,False,False,False,False,False,20250219_3FRfun1,False,False,False
1211,False,False,False,False,True,True,False,True,False,False,20250219_3FRfun1,False,True,True
1212,True,True,False,False,False,False,True,False,False,False,20250219_3FRfun1,True,True,False
1213,False,False,False,False,False,False,False,True,False,False,20250219_3FRfun1,False,False,False
1214,False,False,False,False,False,False,False,False,False,False,20250219_3FRfun1,False,False,False
1215,False,False,False,False,False,True,False,True,False,False,20250219_3FRfun1,False,True,True
1216,False,False,False,False,False,False,False,False,False,False,20250219_3FRfun1,False,False,False
1217,False,False,False,False,False,False,False,False,False,False,20250219_3FRfun1,False,False,False
1218,False,False,False,False,False,False,False,False,False,False,20250219_3FRfun1,False,False,False
1219,False,False,False,False,False,False,False,False,False,False,20250219_3FRfun1,False,False,False
1220,False,False,False,True,False,False,True,False,False,False,20250219_3FRfun1,True,False,True
1221,False,False,False,False,True,True,False,True,True,False,20250219_3FRfun1,False,True,True
1222,False,False,False,False,False,False,False,False,False,False,20250219_3FRfun1,False,False,False
1223,False,False,False,True,False,False,True,False,False,False,20250219_3FRfun1,True,False,True
1224,False,False,False,False,False,False,False,False,False,False,20250219_3FRfun1,False,False,False
1225,False,False,False,False,False,False,False,False,False,False,20250219_3FRfun1,False,False,False
1226,False,False,False,True,False,False,True,False,False,False,20250219_3FRfun1,True,False,True
1227,True,False,False,False,True,True,True,True,False,False,20250219_3FRfun1,False,True,True
1228,False,False,False,False,False,False,False,False,False,False,20250219_3FRfun1,False,False,False
1229,False,False,False,False,False,False,False,False,False,False,20250219_3FRfun1,False,False,False
1230,False,False,False,False,False,False,False,False,False,False,20250219_3FRfun1,False,False,False
1231,False,False,False,False,False,False,False,False,False,False,20250219_3FRfun1,False,False,False
1232,False,False,False,False,False,False,False,False,False,False,20250219_3FRfun1,False,False,False
1233,True,True,True,True,True,True,False,False,False,False,20250219_3FRfun1,True,True,True
1234,False,False,False,False,False,False,False,False,False,False,20250219_3FRfun1,False,False,False
1235,False,False,False,False,False,False,False,False,False,False,20250219_3FRfun1,False,False,False
1236,False,False,False,False,False,False,False,False,False,False,20250219_3FRfun1,False,False,False
1237,False,False,False,False,False,False,False,True,False,False,20250219_3FRfun1,False,False,False
1238,False,False,False,False,False,False,False,False,False,False,20250219_3FRfun1,False,False,False
1239,False,True,False,True,False,False,True,False,False,False,20250219_3FRfun1,True,True,True
1240,False,False,False,False,False,False,False,False,False,False,20250219_3FRfun1,False,False,False
1241,True,True,True,True,True,True,True,True,False,True,20250219_3FRfun1,True,True,True
1242,False,False,False,False,False,False,False,False,False,False,20250219_3FRfun1,False,False,False
1243,False,True,False,False,False,False,False,False,False,False,20250219_3FRfun1,True,True,False
1244,False,True,False,False,False,False,True,True,False,False,20250219_3FRfun1,True,True,False
1245,False,False,False,False,False,False,False,False,False,False,20250219_3FRfun1,False,False,False
1246,False,True,False,True,False,False,False,False,False,False,20250219_3FRfun1,True,True,True
1247,False,False,False,False,False,False,False,False,False,False,20250219_3FRfun1,False,False,False
1248,False,False,False,False,False,False,False,False,False,False,20250219_3FRfun1,False,False,False
1249,False,False,True,True,False,False,True,False,False,False,20250219_3FRfun1,True,False,True
1250,False,False,False,False,False,False,False,False,False,False,20250219_3FRfun1,False,False,False
1251,True,True,False,False,True,True,True,True,False,False,20250219_3FRfun1,True,True,True
1252,False,False,False,False,False,False,False,False,True,True,20250219_3FRfun1,False,False,False
1253,False,False,False,False,False,False,False,True,False,False,20250219_3FRfun1,False,False,False
1254,True,True,False,False,False,False,False,False,False,False,20250219_3FRfun1,True,True,False
1255,False,False,False,False,False,False,False,False,False,False,20250219_3FRfun1,False,False,False
1256,False,False,False,False,False,False,False,False,False,False,20250219_3FRfun1,False,False,False
1257,False,False,False,False,False,False,False,False,False,False,20250219_3FRfun1,False,False,False
1258,True,True,False,False,True,True,False,False,False,False,20250219_3FRfun1,True,True,True
1259,False,False,False,False,False,False,True,False,False,False,20250219_3FRfun1,False,False,False
1260,False,False,False,False,False,False,False,False,False,False,20250219_3FRfun1,False,False,False
1261,True,True,True,False,True,True,False,True,False,False,20250219_3FRfun1,True,True,True
1262,False,False,False,False,False,True,False,False,False,False,20250219_3FRfun1,False,True,True
1263,False,True,False,False,False,False,False,False,False,False,20250219_3FRfun1,True,True,False
1264,False,False,False,False,False,False,False,False,False,False,20250219_3FRfun1,False,False,False
1265,False,False,False,False,False,True,False,False,False,False,20250219_3FRfun1,False,True,True
1266,False,False,False,False,True,True,False,False,True,False,20250219_3FRfun1,False,True,True
1267,False,False,False,False,False,False,False,False,False,False,20250219_3FRfun1,False,False,False
1268,False,False,False,False,False,False,False,False,False,False,20250219_3FRfun1,False,False,False
1269,False,False,False,False,False,False,False,False,False,False,20250219_3FRfun1,False,False,False
1270,False,False,False,False,False,False,False,False,False,False,20250219_3FRfun1,False,False,False
1271,False,False,False,False,False,False,False,False,False,False,20250219_3FRfun1,False,False,False
1272,False,False,False,False,False,True,False,False,False,False,20250219_3FRfun1,False,True,True
1273,False,False,False,False,False,False,False,False,True,True,20250219_3FRfun1,False,False,False
1274,False,False,False,False,False,False,True,False,False,False,20250219_3FRfun1,False,False,False
1275,False,False,False,False,False,False,False,False,False,True,20250219_3FRfun1,False,False,False
1276,False,False,False,False,False,False,False,False,False,False,20250219_3FRfun1,False,False,False
1277,False,True,False,False,False,False,True,False,False,False,20250219_3FRfun1,True,True,False
1278,False,False,False,False,False,False,False,False,False,False,20250219_3FRfun1,False,False,False
1279,False,False,False,False,False,False,False,False,False,False,20250219_3FRfun1,False,False,False
1280,False,False,False,False,False,False,False,False,False,False,20250219_3FRfun1,False,False,False
1281,False,False,False,False,False,False,False,False,False,False,20250219_3FRfun1,False,False,False
1282,False,True,False,False,False,False,True,True,False,False,20250219_3FRfun1,True,True,False
1283,False,False,False,False,False,False,False,False,False,False,20250219_3FRfun1,False,False,False
1284,False,False,False,True,False,True,False,True,False,False,20250219_3FRfun1,True,True,True
1285,False,False,False,False,False,True,False,False,False,False,20250219_3FRfun1,False,True,True
1286,False,False,False,False,False,False,False,False,False,False,20250219_3FRfun1,False,False,False
1287,False,False,False,False,False,False,False,False,False,False,20250219_3FRfun1,False,False,False
1288,False,True,False,False,False,False,False,False,False,False,20250219_3FRfun1,True,True,False
1289,False,True,False,False,False,False,True,False,False,False,20250219_3FRfun1,True,True,False
1290,False,True,False,True,False,True,True,False,False,False,20250219_3FRfun1,True,True,True
1291,True,True,False,False,True,True,False,True,False,False,20250219_3FRfun1,True,True,True
1292,False,False,False,False,False,False,False,False,False,False,20250219_3FRfun1,False,False,False
1293,False,True,False,False,False,False,True,False,False,False,20250219_3FRfun1,True,True,False
1294,False,False,False,False,False,False,False,False,False,False,20250219_3FRfun1,False,False,False
1295,False,False,False,False,False,False,False,False,False,False,20250219_3FRfun1,False,False,False
1296,False,False,False,False,True,True,False,True,False,False,20250219_3FRfun1,False,True,True
1297,False,False,False,False,False,False,False,False,False,False,20250219_3FRfun1,False,False,False
1298,False,False,False,False,False,False,False,True,True,False,20250219_3FRfun1,False,False,False
1299,False,False,False,False,False,False,False,False,False,False,20250219_3FRfun1,False,False,False
1300,False,False,False,False,False,False,False,False,False,False,20250219_3FRfun1,False,False,False
1301,False,False,False,False,False,False,False,False,False,False,20250219_3FRfun1,False,False,False
1302,False,False,False,False,False,False,False,False,False,False,20250219_3FRfun1,False,False,False
1303,False,False,False,False,False,False,False,False,False,False,20250219_3FRfun1,False,False,False
1304,False,True,False,False,False,False,False,False,False,False,20250219_3FRfun1,True,True,False
1305,False,False,False,False,False,False,False,False,True,False,20250219_3FRfun1,False,False,False
1306,False,False,False,False,True,True,False,False,False,False,20250219_3FRfun1,False,True,True
1307,False,False,False,False,False,False,False,False,False,False,20250219_3FRfun1,False,False,False
1308,False,True,False,False,False,False,False,False,False,False,20250219_3FRfun1,True,True,False
1309,False,False,False,False,False,False,False,False,False,False,20250219_3FRfun1,False,False,False
1310,False,False,False,False,True,True,False,True,False,False,20250219_3FRfun1,False,True,True
1311,False,False,False,False,True,False,False,False,False,False,20250219_3FRfun1,False,False,False
1312,True,True,False,False,False,False,True,True,False,False,20250219_3FRfun1,True,True,False
1313,False,True,False,False,False,False,True,False,False,False,20250219_3FRfun1,True,True,False
1314,False,False,False,False,False,False,False,False,False,False,20250219_3FRfun1,False,False,False
1315,False,False,False,False,False,False,False,False,False,False,20250219_3FRfun1,False,False,False
1316,False,False,False,False,False,False,False,False,False,False,20250219_3FRfun1,False,False,False
1317,False,True,False,False,False,False,True,False,False,False,20250219_3FRfun1,True,True,False
1318,False,False,False,False,False,False,True,True,False,False,20250219_3FRfun1,False,False,False
1319,False,False,False,False,False,True,False,False,False,False,20250219_3FRfun1,False,True,True
1320,False,False,False,False,False,True,False,False,False,False,20250219_3FRfun1,False,True,True
1321,False,False,False,False,False,False,False,False,False,False,20250219_3FRfun1,False,False,False
1322,False,True,False,True,False,False,True,False,False,False,20250219_3FRfun1,True,True,True
1323,False,False,False,True,False,False,False,False,False,False,20250219_3FRfun1,True,False,True
1324,False,False,False,False,False,False,False,False,False,True,20250219_3FRfun1,False,False,False
1325,False,False,False,False,False,False,True,False,False,False,20250219_3FRfun1,False,False,False
1326,False,False,False,False,False,True,False,True,False,False,20250219_3FRfun1,False,True,True
1327,False,False,False,False,False,False,False,False,False,False,20250219_3FRfun1,False,False,False
1328,False,False,False,False,False,False,False,False,False,False,20250219_3FRfun1,False,False,False
1329,False,False,False,False,False,False,False,False,False,False,20250219_3FRfun1,False,False,False
1330,False,False,False,False,False,False,False,False,False,False,20250219_3FRfun1,False,False,False
1331,False,False,False,False,False,False,False,False,False,False,20250219_3FRfun1,False,False,False
1332,False,False,False,False,True,True,False,True,False,False,20250219_3FRfun1,False,True,True
1333,False,False,False,False,False,True,False,False,False,False,20250219_3FRfun1,False,True,True
1334,False,True,False,False,False,False,True,True,False,False,20250219_3FRfun1,True,True,False
1335,False,False,False,False,False,False,False,False,False,False,20250219_3FRfun1,False,False,False
1336,False,False,False,False,False,True,False,True,False,False,20250219_3FRfun1,False,True,True
1337,False,True,False,False,False,False,False,False,False,False,20250219_3FRfun1,True,True,False
1338,False,False,False,False,False,True,False,False,False,False,20250219_3FRfun1,False,True,True
1339,False,False,False,True,False,False,True,False,False,False,20250219_3FRfun1,True,False,True
1340,False,False,False,False,False,False,False,False,False,False,20250219_3FRfun1,False,False,False
1341,False,False,False,True,False,False,True,False,False,False,20250219_3FRfun1,True,False,True
1342,False,False,False,True,False,False,True,False,False,False,20250219_3FRfun1,True,False,True
1343,False,False,False,False,False,False,False,False,False,False,20250219_3FRfun1,False,False,False
1344,False,False,False,True,False,False,False,False,False,False,20250219_3FRfun1,True,False,True
1345,False,False,False,False,False,False,False,False,False,False,20250219_3FRfun1,False,False,False
1346,True,True,False,False,False,False,True,True,False,False,20250219_3FRfun1,True,True,False
1347,False,False,False,False,False,False,False,False,False,False,20250219_3FRfun1,False,False,False
1348,False,False,False,False,False,False,False,False,False,False,20250219_3FRfun1,False,False,False
1349,False,False,False,False,True,True,False,False,False,False,20250219_3FRfun1,False,True,True
1350,False,False,False,False,False,False,False,False,False,False,20250219_3FRfun1,False,False,False
1351,False,False,False,False,False,False,False,True,False,False,20250219_3FRfun1,False,False,False
1352,False,False,False,False,False,False,True,False,False,False,20250219_3FRfun1,False,False,False
1353,False,False,False,False,False,False,False,False,False,False,20250219_3FRfun1,False,False,False
1354,True,False,True,True,False,True,True,False,False,False,20250219_3FRfun1,True,True,True
1355,False,True,False,False,False,False,True,False,False,False,20250219_3FRfun1,True,True,False
1356,False,True,False,True,False,False,False,False,False,False,20250219_3FRfun1,True,True,True
1357,False,False,False,False,False,False,False,False,False,False,20250219_3FRfun1,False,False,False
1358,True,True,True,True,True,False,True,True,False,True,20250219_3FRfun1,True,True,True
1359,False,False,False,False,True,True,False,True,False,False,20250219_3FRfun1,False,True,True
1360,False,False,False,False,False,False,False,False,False,False,20250219_3FRfun1,False,False,False
1361,False,False,False,False,False,False,False,False,False,False,20250219_3FRfun1,False,False,False
1362,True,True,False,False,False,False,True,True,False,False,20250219_3FRfun1,True,True,False
1363,False,False,False,False,False,False,False,False,False,False,20250219_3FRfun1,False,False,False
1364,False,False,False,False,False,False,False,False,False,False,20250219_3FRfun1,False,False,False
1365,False,True,False,False,False,False,False,False,False,False,20250219_3FRfun1,True,True,False
1366,False,False,False,False,False,False,False,False,False,False,20250219_3FRfun1,False,False,False
1367,False,False,False,True,False,False,False,False,False,False,20250219_3FRfun1,True,False,True
1368,False,True,False,False,False,False,False,False,False,False,20250219_3FRfun1,True,True,False
1369,False,False,False,False,False,False,False,False,False,False,20250219_3FRfun1,False,False,False
1370,False,False,False,False,False,False,False,False,False,False,20250219_3FRfun1,False,False,False
1371,False,True,False,True,False,False,True,True,False,False,20250219_3FRfun1,True,True,True
1372,False,False,False,False,False,False,False,False,False,False,20250219_3FRfun1,False,False,False
1373,False,False,False,False,False,False,False,False,False,False,20250219_3FRfun1,False,False,False
1374,False,False,False,False,False,False,False,False,False,False,20250219_3FRfun1,False,False,False
1375,False,False,True,True,False,False,False,False,False,False,20250219_3FRfun1,True,False,True
1376,False,False,False,False,False,False,False,False,False,True,20250219_3FRfun1,False,False,False
1377,False,False,False,False,False,False,False,False,False,False,20250219_3FRfun1,False,False,False
1378,False,False,False,False,False,False,True,False,False,False,20250219_3FRfun1,False,False,False
1379,False,False,False,False,False,True,False,False,False,False,20250219_3FRfun1,False,True,True
1380,False,False,False,False,True,True,True,True,False,False,20250219_3FRfun1,False,True,True
1381,True,True,False,False,False,False,True,True,False,False,20250219_3FRfun1,True,True,False
1382,False,False,False,False,False,False,False,False,False,False,20250219_3FRfun1,False,False,False
1383,False,False,False,False,False,False,False,False,False,False,20250219_3FRfun1,False,False,False
1384,False,False,False,False,False,False,False,False,False,False,20250219_3FRfun1,False,False,False
1385,False,True,False,False,False,False,False,False,False,False,20250219_3FRfun1,True,True,False
1386,False,True,False,False,False,False,True,False,False,False,20250219_3FRfun1,True,True,False
1387,False,False,False,True,False,False,True,False,False,False,20250219_3FRfun1,True,False,True
1388,False,False,False,True,False,False,False,False,False,False,20250219_3FRfun1,True,False,True
1389,True,False,False,True,False,False,True,False,False,False,20250219_3FRfun1,True,False,True
1390,False,False,False,False,False,False,False,True,False,False,20250219_3FRfun1,False,False,False
1391,False,False,False,False,False,False,False,False,False,False,20250219_3FRfun1,False,False,False
1392,False,False,False,False,False,False,False,False,False,False,20250219_3FRfun1,False,False,False
1393,False,True,False,False,False,True,False,False,False,False,20250219_3FRfun1,True,True,True
1394,False,False,False,False,False,False,False,False,False,False,20250219_3FRfun1,False,False,False
1395,False,False,False,False,True,True,False,True,False,False,20250219_3FRfun1,False,True,True
1396,True,True,True,True,True,True,False,False,False,True,20250219_3FRfun1,True,True,True
1397,True,True,True,True,True,True,True,False,False,False,20250219_3FRfun1,True,True,True
1398,False,False,False,False,False,False,False,False,False,False,20250219_3FRfun1,False,False,False
1399,False,False,False,False,False,False,False,False,False,False,20250219_3FRfun1,False,False,False
1400,False,False,False,False,False,False,False,False,False,False,20250219_3FRfun1,False,False,False
1401,False,True,False,False,False,False,True,False,False,False,20250219_3FRfun1,True,True,False
1402,False,True,False,True,False,False,True,False,False,False,20250219_3FRfun1,True,True,True
1403,False,False,False,False,False,False,False,False,False,False,20250219_3FRfun1,False,False,False
1404,False,False,False,False,False,False,False,False,False,False,20250219_3FRfun1,False,False,False
1405,False,False,False,False,False,False,False,False,True,False,20250219_3FRfun1,False,False,False
1406,False,False,False,True,False,False,True,False,False,False,20250219_3FRfun1,True,False,True
1407,False,False,False,False,False,False,False,False,False,False,20250219_3FRfun1,False,False,False
1408,False,False,False,False,False,False,False,False,False,False,20250219_3FRfun1,False,False,False
1409,False,False,False,True,False,False,True,False,False,False,20250219_3FRfun1,True,False,True
1410,False,True,False,False,False,False,True,False,False,False,20250219_3FRfun1,True,True,False
1411,False,False,False,False,False,False,False,True,False,False,20250219_3FRfun1,False,False,False
1412,False,True,False,True,False,False,False,False,False,False,20250219_3FRfun1,True,True,True
1413,False,False,False,False,False,False,False,False,False,False,20250219_3FRfun1,False,False,False
1414,False,False,False,False,False,False,False,False,False,False,20250219_3FRfun1,False,False,False
1415,False,False,False,False,False,False,False,False,False,False,20250219_3FRfun1,False,False,False
1416,True,True,False,True,False,False,True,True,False,False,20250219_3FRfun1,True,True,True
1417,True,True,False,False,False,False,True,False,False,False,20250219_3FRfun1,True,True,False
1418,False,False,False,False,False,False,False,False,False,False,20250219_3FRfun1,False,False,False
1419,False,False,False,False,False,False,False,False,False,False,20250219_3FRfun1,False,False,False
1420,False,False,False,False,False,False,False,False,False,False,20250219_3FRfun1,False,False,False
1421,False,False,False,False,False,False,False,False,False,False,20250219_3FRfun1,False,False,False
1422,False,False,False,False,False,False,False,False,False,False,20250219_3FRfun1,False,False,False
1423,False,False,False,False,False,False,False,False,False,False,20250219_3FRfun1,False,False,False
1424,False,False,False,False,False,False,False,False,False,False,20250219_3FRfun1,False,False,False
1425,False,False,False,False,False,False,False,False,False,False,20250219_3FRfun1,False,False,False
1426,False,False,False,False,False,False,False,True,False,False,20250219_3FRfun1,False,False,False
1427,False,False,False,False,False,False,False,False,False,False,20250219_3FRfun1,False,False,False
1428,False,False,False,False,False,False,False,False,False,False,20250219_3FRfun1,False,False,False
1429,False,False,False,True,False,False,True,False,False,False,20250219_3FRfun1,True,False,True
1430,False,False,False,False,False,False,False,False,False,False,20250219_3FRfun1,False,False,False
1431,False,False,False,False,False,False,False,False,False,False,20250219_3FRfun1,False,False,False
1432,False,False,False,False,False,False,False,False,False,False,20250219_3FRfun1,False,False,False
1433,False,False,False,False,False,False,False,False,False,False,20250219_3FRfun1,False,False,False
1434,False,False,False,False,False,False,False,False,False,False,20250219_3FRfun1,False,False,False
1435,False,False,False,False,False,False,False,False,False,False,20250219_3FRfun1,False,False,False
1436,False,False,False,False,False,False,False,False,False,False,20250219_3FRfun1,False,False,False
1437,False,False,False,False,False,False,False,False,False,False,20250219_3FRfun1,False,False,False
1438,False,True,False,True,False,False,True,False,False,True,20250219_3FRfun1,True,True,True
1439,False,False,False,False,False,False,False,False,False,False,20250219_3FRfun1,False,False,False
1440,False,False,False,False,False,False,False,False,False,False,20250219_3FRfun1,False,False,False
1441,False,False,False,True,False,False,False,False,False,False,20250219_3FRfun1,True,False,True
1442,False,False,False,False,False,False,False,False,False,False,20250219_3FRfun1,False,False,False
1443,False,False,False,False,True,True,False,True,False,False,20250219_3FRfun1,False,True,True
1444,False,True,False,False,False,False,True,True,False,False,20250219_3FRfun1,True,True,False
1445,False,False,False,False,False,False,False,True,False,False,20250219_3FRfun1,False,False,False
1446,False,False,False,False,False,False,False,False,False,False,20250219_3FRfun1,False,False,False
1447,False,False,False,False,False,False,False,False,False,False,20250219_3FRfun1,False,False,False
1448,False,False,False,False,False,False,False,False,False,False,20250219_3FRfun1,False,False,False
1449,False,False,False,False,False,True,False,False,False,False,20250219_3FRfun1,False,True,True
1450,False,False,False,True,False,False,True,False,False,False,20250219_3FRfun1,True,False,True
1451,False,False,False,False,False,False,False,False,False,False,20250219_3FRfun1,False,False,False
1452,False,False,False,False,False,False,False,False,False,False,20250219_3FRfun1,False,False,False
1453,False,False,False,True,False,True,True,False,False,False,20250219_3FRfun1,True,True,True
1454,False,False,False,False,True,True,False,True,False,False,20250219_3FRfun1,False,True,True
1455,False,True,False,False,False,False,True,True,False,False,20250219_3FRfun1,True,True,False
1456,False,False,False,True,False,False,False,False,False,False,20250219_3FRfun1,True,False,True
1457,False,True,False,False,False,False,True,False,False,False,20250219_3FRfun1,True,True,False
1458,True,True,False,False,False,False,True,True,False,False,20250219_3FRfun1,True,True,False
1459,False,False,False,False,False,True,False,True,True,False,20250219_3FRfun1,False,True,True
1460,False,False,False,False,True,False,False,False,True,False,20250219_3FRfun1,False,False,False
1461,False,False,False,False,False,False,False,False,False,False,20250219_3FRfun1,False,False,False
1462,False,False,False,False,False,False,False,False,False,False,20250219_3FRfun1,False,False,False
1463,False,False,False,False,False,False,False,False,False,False,20250219_3FRfun1,False,False,False
1464,False,False,False,False,False,False,False,False,False,False,20250219_3FRfun1,False,False,False
1465,False,False,False,False,True,True,False,True,False,False,20250219_3FRfun1,False,True,True
1466,False,False,False,False,False,False,False,False,False,False,20250219_3FRfun1,False,False,False
1467,False,False,False,False,False,False,False,False,False,False,20250219_3FRfun1,False,False,False
1468,False,False,False,False,False,False,False,False,False,False,20250219_3FRfun1,False,False,False
1469,True,True,False,False,False,False,True,True,False,False,20250219_3FRfun1,True,True,False
1470,False,False,False,False,False,False,False,False,False,False,20250219_3FRfun1,False,False,False
1471,False,False,False,False,False,True,False,True,False,False,20250219_3FRfun1,False,True,True
1472,False,True,False,True,False,False,True,False,False,False,20250219_3FRfun1,True,True,True
1473,False,False,False,False,False,False,False,False,False,False,20250219_3FRfun1,False,False,False
1474,False,False,False,False,False,False,False,False,False,False,20250219_3FRfun1,False,False,False
1475,False,True,False,False,False,False,True,False,False,False,20250219_3FRfun1,True,True,False
1476,False,True,False,False,False,False,False,False,False,False,20250219_3FRfun1,True,True,False
1477,False,True,False,False,False,False,False,False,False,False,20250219_3FRfun1,True,True,False
1478,False,False,False,True,False,False,True,False,False,False,20250219_3FRfun1,True,False,True
1479,False,True,False,False,False,False,True,False,False,False,20250219_3FRfun1,True,True,False
1480,True,True,False,True,False,False,True,False,False,False,20250219_3FRfun1,True,True,True
1481,False,False,False,True,False,False,True,False,False,False,20250219_3FRfun1,True,False,True
1482,False,False,False,False,False,False,False,False,False,False,20250219_3FRfun1,False,False,False
1483,False,False,False,False,False,False,False,False,False,False,20250219_3FRfun1,False,False,False
1484,False,False,False,False,False,False,False,False,False,False,20250219_3FRfun1,False,False,False
1485,False,False,False,False,True,True,False,True,False,False,20250219_3FRfun1,False,True,True
1486,False,True,False,False,True,True,False,True,False,False,20250219_3FRfun1,True,True,True
1487,False,False,True,True,False,False,True,False,False,False,20250219_3FRfun1,True,False,True
1488,False,False,False,False,False,False,False,False,False,False,20250219_3FRfun1,False,False,False
1489,False,False,False,False,False,False,False,False,False,False,20250219_3FRfun1,False,False,False
1490,False,False,False,False,False,False,False,False,False,False,20250219_3FRfun1,False,False,False
1491,False,False,False,False,False,False,False,False,False,False,20250219_3FRfun1,False,False,False
1492,False,False,False,False,False,False,False,False,False,False,20250219_3FRfun1,False,False,False
1493,False,False,False,False,False,False,False,False,False,False,20250219_3FRfun1,False,False,False
1494,False,False,False,False,False,False,True,False,False,False,20250219_3FRfun1,False,False,False
1495,True,True,True,True,True,True,False,True,False,False,20250219_3FRfun1,True,True,True
1496,False,False,False,True,False,False,True,False,False,False,20250219_3FRfun1,True,False,True
1497,False,False,False,False,False,False,False,False,False,False,20250219_3FRfun1,False,False,False
1498,False,False,False,True,True,True,False,False,False,False,20250219_3FRfun1,True,True,True
1499,False,True,False,False,False,False,True,False,False,False,20250219_3FRfun1,True,True,False
1500,True,True,False,False,False,False,True,True,False,False,20250219_3FRfun1,True,True,False
1501,False,False,False,False,False,False,False,False,False,False,20250219_3FRfun1,False,False,False
1502,True,False,False,False,False,False,False,False,False,False,20250219_3FRfun1,False,False,False
1503,False,False,False,False,False,False,False,False,False,False,20250219_3FRfun1,False,False,False
1504,False,True,False,False,False,False,True,False,False,False,20250219_3FRfun1,True,True,False
1505,False,False,False,True,False,True,False,False,False,False,20250219_3FRfun1,True,True,True
1506,False,False,False,False,False,False,False,False,False,False,20250219_3FRfun1,False,False,False
1507,False,False,False,False,False,False,False,False,False,False,20250219_3FRfun1,False,False,False
1508,False,False,False,False,False,False,False,False,False,False,20250219_3FRfun1,False,False,False
1509,False,False,False,False,False,False,False,False,False,False,20250219_3FRfun1,False,False,False
1510,False,False,False,False,False,True,False,False,False,False,20250219_3FRfun1,False,True,True
1511,False,False,False,False,False,False,False,False,False,False,20250219_3FRfun1,False,False,False
1512,False,False,False,False,False,False,False,False,False,False,20250219_3FRfun1,False,False,False
1513,False,False,False,False,True,True,False,True,True,False,20250219_3FRfun1,False,True,True
1514,False,False,False,False,False,False,False,False,False,False,20250219_3FRfun1,False,False,False
1515,False,False,False,False,False,False,False,False,False,False,20250219_3FRfun1,False,False,False
1516,False,False,False,False,False,False,False,False,True,True,20250219_3FRfun1,False,False,False
1517,False,False,False,False,False,False,False,False,False,False,20250219_3FRfun1,False,False,False
1518,False,False,False,False,False,True,False,False,False,False,20250219_3FRfun1,False,True,True
1519,False,False,False,False,False,False,False,False,False,False,20250219_3FRfun1,False,False,False
1520,False,False,False,False,False,False,False,False,False,False,20250219_3FRfun1,False,False,False
1521,False,False,False,False,False,False,False,False,False,False,20250219_3FRfun1,False,False,False
1522,False,False,False,False,False,False,False,False,False,False,20250219_3FRfun1,False,False,False
1523,False,False,False,False,False,False,False,False,False,False,20250219_3FRfun1,False,False,False
1524,False,True,False,True,False,True,True,True,False,False,20250219_3FRfun1,True,True,True
1525,False,False,False,False,False,False,False,False,False,False,20250219_3FRfun1,False,False,False
1526,False,True,False,False,False,False,True,False,False,False,20250219_3FRfun1,True,True,False
1527,False,False,False,False,False,False,True,False,True,True,20250219_3FRfun1,False,False,False
1528,True,True,False,True,False,False,True,False,False,False,20250219_3FRfun1,True,True,True
1529,False,False,False,False,False,False,False,False,False,False,20250219_3FRfun1,False,False,False
1530,False,True,False,False,False,False,True,True,False,False,20250219_3FRfun1,True,True,False
1531,False,False,False,False,False,False,False,False,False,False,20250219_3FRfun1,False,False,False
1532,False,False,False,False,False,False,False,False,True,False,20250219_3FRfun1,False,False,False
1533,False,True,False,False,False,False,True,False,False,False,20250219_3FRfun1,True,True,False
1534,False,False,False,False,False,False,False,False,False,False,20250219_3FRfun1,False,False,False
1535,False,True,False,False,False,True,True,True,False,False,20250219_3FRfun1,True,True,True
1536,False,False,False,False,False,False,False,False,False,False,20250219_3FRfun1,False,False,False
1537,False,False,False,False,False,False,False,False,False,False,20250219_3FRfun1,False,False,False
1538,False,False,False,False,False,False,False,False,False,False,20250219_3FRfun1,False,False,False
1539,False,False,False,False,False,False,False,False,False,False,20250219_3FRfun1,False,False,False
1540,False,False,False,False,False,False,False,False,True,False,20250219_3FRfun1,False,False,False
1541,False,False,False,False,False,False,False,False,False,False,20250219_3FRfun1,False,False,False
1542,False,False,False,False,False,False,False,False,False,False,20250219_3FRfun1,False,False,False
1543,False,False,False,False,True,True,False,True,False,False,20250219_3FRfun1,False,True,True
1544,False,False,False,False,False,False,False,False,False,False,20250219_3FRfun1,False,False,False
1545,False,False,False,False,True,True,False,True,False,False,20250219_3FRfun1,False,True,True
1546,False,False,False,False,False,False,False,False,False,False,20250219_3FRfun1,False,False,False
1547,False,False,False,False,False,False,False,False,False,False,20250219_3FRfun1,False,False,False
1548,False,False,False,False,False,True,False,False,False,False,20250219_3FRfun1,False,True,True
1549,True,True,False,False,False,False,True,True,False,False,20250219_3FRfun1,True,True,False
1550,False,False,False,False,False,False,False,False,False,False,20250219_3FRfun1,False,False,False
1551,False,False,False,False,False,False,False,False,False,False,20250219_3FRfun1,False,False,False
1552,False,False,False,False,False,False,False,False,False,False,20250219_3FRfun1,False,False,False
1553,False,True,False,False,False,False,True,True,False,False,20250219_3FRfun1,True,True,False
1554,False,False,False,False,False,False,False,False,False,True,20250219_3FRfun1,False,False,False
1555,False,False,False,False,False,False,True,True,False,False,20250219_3FRfun1,False,False,False
1556,False,False,False,False,False,False,False,False,False,False,20250219_3FRfun1,False,False,False
1557,False,True,False,False,False,False,False,True,False,False,20250219_3FRfun1,True,True,False
1558,False,False,False,False,False,True,False,False,False,False,20250219_3FRfun1,False,True,True
1559,False,False,False,False,False,True,False,False,False,False,20250219_3FRfun1,False,True,True
1560,False,False,False,False,False,False,False,False,False,False,20250219_3FRfun1,False,False,False
1561,False,False,False,False,False,False,False,False,False,False,20250219_3FRfun1,False,False,False
1562,False,False,False,False,False,False,False,False,False,False,20250219_3FRfun1,False,False,False
1563,False,False,False,False,False,False,False,False,False,False,20250219_3FRfun1,False,False,False
1564,False,False,False,False,False,True,False,True,False,False,20250219_3FRfun1,False,True,True
1565,False,False,False,False,False,True,False,False,False,False,20250219_3FRfun1,False,True,True
1566,False,False,False,False,True,True,False,True,False,False,20250219_3FRfun1,False,True,True
1567,False,False,False,False,False,False,False,False,False,False,20250219_3FRfun1,False,False,False
1568,False,False,False,False,False,False,False,False,False,False,20250219_3FRfun1,False,False,False
1569,False,False,False,False,False,False,False,False,False,False,20250219_3FRfun1,False,False,False
1570,False,True,False,False,False,False,False,False,False,False,20250219_3FRfun1,True,True,False
1571,False,False,False,False,False,False,False,False,False,False,20250219_3FRfun1,False,False,False
1572,False,True,False,False,False,False,True,False,False,False,20250219_3FRfun1,True,True,False
1573,False,False,False,False,False,False,False,False,False,False,20250219_3FRfun1,False,False,False
1574,False,False,False,False,False,False,False,False,False,False,20250219_3FRfun1,False,False,False
1575,False,False,False,False,False,False,False,False,False,False,20250219_3FRfun1,False,False,False
1576,False,False,False,False,False,False,False,False,False,False,20250219_3FRfun1,False,False,False
1577,False,False,False,False,False,False,False,False,False,False,20250219_3FRfun1,False,False,False
1578,False,False,False,True,False,False,True,False,False,False,20250219_3FRfun1,True,False,True
1579,False,False,False,False,False,False,False,False,False,False,20250219_3FRfun1,False,False,False
1580,False,False,False,False,True,True,False,True,False,False,20250219_3FRfun1,False,True,True
1581,False,False,False,False,False,False,False,False,False,False,20250219_3FRfun1,False,False,False
1582,False,False,False,False,False,False,False,False,False,False,20250219_3FRfun1,False,False,False
1583,False,False,False,False,False,False,False,False,False,False,20250219_3FRfun1,False,False,False
1584,False,False,False,False,True,True,False,True,False,False,20250219_3FRfun1,False,True,True
1585,False,False,False,True,False,False,True,False,False,False,20250219_3FRfun1,True,False,True
1586,False,False,False,False,False,False,False,False,False,False,20250219_3FRfun1,False,False,False
1587,False,False,False,True,False,False,True,False,False,False,20250219_3FRfun1,True,False,True
1588,False,False,False,False,False,False,False,False,False,False,20250219_3FRfun1,False,False,False
1589,False,False,False,False,False,False,False,False,False,False,20250219_3FRfun1,False,False,False
1590,False,False,False,False,False,False,False,False,False,False,20250219_3FRfun1,False,False,False
1591,False,True,False,False,False,False,True,True,False,False,20250219_3FRfun1,True,True,False
1592,False,False,False,True,False,False,True,False,False,False,20250219_3FRfun1,True,False,True
1593,False,True,False,False,False,False,False,False,False,False,20250219_3FRfun1,True,True,False
1594,False,False,False,False,False,False,False,False,False,False,20250219_3FRfun1,False,False,False
1595,False,False,False,False,False,False,True,False,False,False,20250219_3FRfun1,False,False,False
1596,False,False,False,False,False,False,False,False,False,False,20250219_3FRfun1,False,False,False
1597,False,True,False,True,False,False,True,False,False,False,20250219_3FRfun1,True,True,True
1598,False,False,False,False,False,False,False,False,False,False,20250219_3FRfun1,False,False,False
1599,False,False,False,False,False,False,False,False,False,False,20250219_3FRfun1,False,False,False
1600,False,False,False,False,False,False,False,True,False,False,20250219_3FRfun1,False,False,False
1601,False,True,False,False,False,True,False,False,False,False,20250219_3FRfun1,True,True,True
1602,True,False,True,True,False,True,True,False,False,False,20250219_3FRfun1,True,True,True
1603,False,False,False,False,False,False,False,False,False,False,20250219_3FRfun1,False,False,False
1604,True,True,False,False,False,False,True,True,False,False,20250219_3FRfun1,True,True,False
1605,False,False,False,False,False,False,False,False,False,False,20250219_3FRfun1,False,False,False
1606,False,False,False,False,False,False,False,False,False,False,20250219_3FRfun1,False,False,False
1607,False,True,False,True,False,False,True,True,False,False,20250219_3FRfun1,True,True,True
1608,False,False,False,False,False,False,False,False,False,False,20250219_3FRfun1,False,False,False
1609,False,False,False,False,False,False,False,False,False,False,20250219_3FRfun1,False,False,False
1610,False,False,False,False,False,False,False,False,False,False,20250219_3FRfun1,False,False,False
1611,False,False,False,False,False,False,False,False,False,False,20250219_3FRfun1,False,False,False
1612,True,True,False,False,False,False,True,True,False,False,20250219_3FRfun1,True,True,False
1613,False,False,False,False,True,True,True,True,False,False,20250219_3FRfun1,False,True,True
1614,True,False,False,False,False,False,False,False,False,False,20250219_3FRfun1,False,False,False
1615,False,False,False,False,False,False,False,False,False,False,20250219_3FRfun1,False,False,False
1616,False,False,False,False,False,False,False,False,False,False,20250219_3FRfun1,False,False,False
1617,False,False,False,False,False,False,True,False,False,False,20250219_3FRfun1,False,False,False
1618,False,True,False,True,True,True,True,False,False,False,20250219_3FRfun1,True,True,True
1619,False,False,False,False,False,False,False,False,False,False,20250219_3FRfun1,False,False,False
1620,False,True,False,False,False,False,False,False,False,False,20250219_3FRfun1,True,True,False
1621,False,False,False,False,False,False,False,False,False,False,20250219_3FRfun1,False,False,False
1622,False,True,False,False,False,False,False,False,False,False,20250219_3FRfun1,True,True,False
1623,True,True,False,False,False,False,True,True,False,False,20250219_3FRfun1,True,True,False
1624,True,True,True,True,True,True,True,False,False,True,20250219_3FRfun1,True,True,True
1625,False,False,False,True,False,False,True,False,False,False,20250219_3FRfun1,True,False,True
1626,False,False,False,False,True,True,False,False,False,False,20250219_3FRfun1,False,True,True
1627,False,False,False,False,False,False,False,False,False,False,20250219_3FRfun1,False,False,False
1628,True,True,False,True,False,False,True,False,False,False,20250219_3FRfun1,True,True,True
1629,False,False,False,False,False,False,False,False,False,False,20250219_3FRfun1,False,False,False
1630,False,False,False,True,False,False,False,False,True,False,20250219_3FRfun1,True,False,True
1631,False,False,False,False,False,False,False,False,False,False,20250219_3FRfun1,False,False,False
1632,False,False,False,False,False,False,False,False,False,False,20250219_3FRfun1,False,False,False
1633,False,True,False,False,False,False,False,False,False,False,20250219_3FRfun1,True,True,False
1634,False,True,False,False,False,False,False,False,False,False,20250219_3FRfun1,True,True,False
1635,False,False,False,False,False,False,False,False,False,False,20250219_3FRfun1,False,False,False
1636,False,False,False,False,False,False,False,False,False,False,20250219_3FRfun1,False,False,False
1637,False,False,False,True,False,False,True,False,False,False,20250219_3FRfun1,True,False,True
1638,False,False,False,False,False,False,False,False,False,False,20250219_3FRfun1,False,False,False
1639,False,False,False,False,False,False,False,False,False,False,20250219_3FRfun1,False,False,False
1640,False,False,False,False,False,False,False,False,False,False,20250219_3FRfun1,False,False,False
1641,False,False,False,False,False,False,False,False,False,False,20250219_3FRfun1,False,False,False
1642,False,False,False,False,False,False,False,False,False,False,20250219_3FRfun1,False,False,False
1643,False,False,False,False,True,True,False,True,True,False,20250219_3FRfun1,False,True,True
1644,False,False,False,True,False,False,True,False,False,False,20250219_3FRfun1,True,False,True
1645,False,False,False,False,False,False,False,False,False,False,20250219_3FRfun1,False,False,False
1646,False,False,False,False,False,False,False,False,False,False,20250219_3FRfun1,False,False,False
1647,False,False,False,False,False,False,False,False,False,False,20250219_3FRfun1,False,False,False
1648,False,False,False,False,True,True,False,True,False,False,20250219_3FRfun1,False,True,True
1649,False,False,False,False,False,False,False,False,False,False,20250219_3FRfun1,False,False,False
1650,False,False,False,False,False,False,True,False,False,False,20250219_3FRfun1,False,False,False
1651,False,False,False,True,False,False,True,False,False,False,20250219_3FRfun1,True,False,True
1652,False,False,False,False,False,False,False,False,False,False,20250219_3FRfun1,False,False,False
1653,False,False,False,False,False,False,False,False,False,False,20250219_3FRfun1,False,False,False
1654,False,False,False,False,False,False,False,False,False,False,20250219_3FRfun1,False,False,False
1655,False,False,False,False,False,False,False,False,False,False,20250219_3FRfun1,False,False,False
1656,False,True,False,True,False,False,False,False,False,False,20250219_3FRfun1,True,True,True
1657,False,False,False,False,False,True,False,False,False,False,20250219_3FRfun1,False,True,True
1658,False,False,False,False,True,False,False,True,True,False,20250219_3FRfun1,False,False,False
1659,False,False,False,False,False,False,False,False,False,False,20250219_3FRfun1,False,False,False
1660,False,False,False,False,False,False,False,False,False,False,20250219_3FRfun1,False,False,False
1661,False,False,False,False,False,False,False,False,False,False,20250219_3FRfun1,False,False,False
1662,False,False,False,False,False,False,False,False,False,False,20250219_3FRfun1,False,False,False
1663,False,False,False,True,False,False,True,False,False,False,20250219_3FRfun1,True,False,True
1664,False,False,False,False,False,False,False,False,False,False,20250219_3FRfun1,False,False,False
1665,False,False,False,False,False,False,False,False,False,False,20250219_3FRfun1,False,False,False
1666,False,False,False,False,False,False,False,False,False,False,20250219_3FRfun1,False,False,False
1667,False,True,False,False,False,True,True,True,False,False,20250219_3FRfun1,True,True,True
1668,False,False,False,False,True,True,False,True,False,False,20250219_3FRfun1,False,True,True
1669,False,False,False,False,False,False,False,False,False,False,20250219_3FRfun1,False,False,False
1670,False,False,False,False,False,False,False,False,False,False,20250219_3FRfun1,False,False,False
1671,True,True,False,False,False,False,True,True,False,False,20250219_3FRfun1,True,True,False
1672,False,False,False,False,False,True,False,True,False,False,20250219_3FRfun1,False,True,True
1673,False,False,False,False,False,False,False,False,False,False,20250219_3FRfun1,False,False,False
1674,False,True,False,True,False,False,True,False,False,False,20250219_3FRfun1,True,True,True
1675,False,True,False,False,False,False,False,False,False,False,20250219_3FRfun1,True,True,False
1676,False,False,False,False,False,False,False,False,False,False,20250219_3FRfun1,False,False,False
1677,False,False,False,False,False,False,False,False,False,False,20250219_3FRfun1,False,False,False
1678,False,False,False,False,False,False,False,False,False,False,20250219_3FRfun1,False,False,False
1679,False,False,False,True,False,False,False,False,False,False,20250219_3FRfun1,True,False,True
1680,False,False,False,True,False,False,True,False,False,True,20250219_3FRfun1,True,False,True
1681,False,False,False,False,True,True,False,True,False,False,20250219_3FRfun1,False,True,True
1682,False,False,False,False,False,False,False,False,True,False,20250219_3FRfun1,False,False,False
1683,False,False,False,True,False,False,False,False,False,False,20250219_3FRfun1,True,False,True
1684,False,False,False,False,False,False,False,False,False,False,20250219_3FRfun1,False,False,False
1685,False,False,False,False,False,False,False,False,False,False,20250219_3FRfun1,False,False,False
1686,True,False,False,False,False,False,True,False,False,False,20250219_3FRfun1,False,False,False
1687,False,False,False,False,False,False,True,False,False,False,20250219_3FRfun1,False,False,False
1688,False,False,False,False,False,False,False,False,False,False,20250219_3FRfun1,False,False,False
1689,False,False,False,False,False,False,False,False,False,False,20250219_3FRfun1,False,False,False
1690,False,True,False,False,False,False,False,False,False,False,20250219_3FRfun1,True,True,False
1691,False,False,False,True,False,True,False,False,False,False,20250219_3FRfun1,True,True,True
1692,True,False,False,False,False,False,False,False,False,True,20250219_3FRfun1,False,False,False
1693,False,False,False,False,False,False,False,False,False,False,20250219_3FRfun1,False,False,False
1694,False,False,False,False,False,False,False,False,False,False,20250219_3FRfun1,False,False,False
1695,False,False,False,False,False,False,False,False,False,False,20250219_3FRfun1,False,False,False
1696,False,False,False,False,False,False,False,False,False,False,20250219_3FRfun1,False,False,False
1697,False,False,False,False,False,False,True,False,False,False,20250219_3FRfun1,False,False,False
1698,False,False,False,True,False,True,False,False,False,False,20250219_3FRfun1,True,True,True
1699,False,False,False,False,False,False,False,False,False,False,20250219_3FRfun1,False,False,False
1700,False,False,False,False,False,False,False,False,False,False,20250219_3FRfun1,False,False,False
1701,False,False,False,False,False,False,False,False,False,False,20250219_3FRfun1,False,False,False
1702,False,True,False,False,False,False,False,False,False,False,20250219_3FRfun1,True,True,False
1703,False,True,False,False,False,False,False,False,False,False,20250219_3FRfun1,True,True,False
1704,False,True,False,False,False,False,False,False,False,False,20250219_3FRfun1,True,True,False
1705,False,False,False,False,False,False,False,False,False,False,20250219_3FRfun1,False,False,False
1706,False,False,False,False,False,False,False,False,False,False,20250219_3FRfun1,False,False,False
1707,False,False,True,False,False,False,False,False,True,True,20250219_3FRfun1,False,False,False
1708,False,False,False,False,False,False,False,False,False,False,20250219_3FRfun1,False,False,False
1709,False,False,False,False,False,False,False,False,False,False,20250219_3FRfun1,False,False,False
1710,False,False,False,False,False,False,False,False,False,False,20250219_3FRfun1,False,False,False
1711,False,False,False,False,False,False,False,False,False,False,20250219_3FRfun1,False,False,False
1712,False,False,False,False,False,False,False,False,False,False,20250219_3FRfun1,False,False,False
1713,False,False,False,False,False,False,False,False,False,False,20250219_3FRfun1,False,False,False
1714,False,False,False,False,False,False,False,False,False,False,20250219_3FRfun1,False,False,False
1715,False,False,False,False,True,True,False,True,True,False,20250219_3FRfun1,False,True,True
1716,False,False,False,False,False,False,False,True,False,False,20250219_3FRfun1,False,False,False
1717,False,False,False,False,False,True,False,True,False,False,20250219_3FRfun1,False,True,True
1718,False,False,False,False,False,False,False,False,False,False,20250219_3FRfun1,False,False,False
1719,False,False,False,False,False,False,False,False,False,False,20250219_3FRfun1,False,False,False
1720,False,False,False,False,False,False,False,False,True,False,20250219_3FRfun1,False,False,False
1721,False,False,False,False,False,True,False,False,False,False,20250219_3FRfun1,False,True,True
1722,False,False,False,False,False,False,False,False,False,False,20250219_3FRfun1,False,False,False
1723,True,True,False,False,False,False,True,True,False,False,20250219_3FRfun1,True,True,False
1724,False,False,False,False,False,False,False,False,False,False,20250219_3FRfun1,False,False,False
1725,False,False,False,False,False,False,False,False,False,False,20250219_3FRfun1,False,False,False
1726,False,False,False,False,False,False,False,False,True,False,20250219_3FRfun1,False,False,False
1727,False,False,False,False,False,False,False,False,False,False,20250219_3FRfun1,False,False,False
1728,False,True,False,False,False,False,True,True,False,False,20250219_3FRfun1,True,True,False
1729,False,False,False,False,False,False,False,False,False,False,20250219_3FRfun1,False,False,False
1730,False,False,False,False,False,False,False,False,True,False,20250219_3FRfun1,False,False,False
1731,False,False,False,False,False,False,False,False,False,False,20250219_3FRfun1,False,False,False
1732,False,False,False,False,False,True,False,False,False,False,20250219_3FRfun1,False,True,True
1733,False,False,False,True,False,True,False,False,False,False,20250219_3FRfun1,True,True,True
1734,False,False,False,False,False,False,False,False,False,False,20250219_3FRfun1,False,False,False
1735,True,True,False,True,False,True,True,False,False,False,20250219_3FRfun1,True,True,True
1736,False,False,False,False,False,False,False,False,False,False,20250219_3FRfun1,False,False,False
1737,False,False,False,False,True,True,False,True,False,False,20250219_3FRfun1,False,True,True
1738,False,False,False,False,False,False,False,False,False,False,20250219_3FRfun1,False,False,False
1739,False,False,False,False,True,True,False,False,False,False,20250219_3FRfun1,False,True,True
1740,False,False,False,True,False,False,False,False,False,False,20250219_3FRfun1,True,False,True
1741,False,False,False,False,False,False,False,False,False,False,20250219_3FRfun1,False,False,False
1742,False,True,False,False,False,False,True,False,False,False,20250219_3FRfun1,True,True,False
1743,False,False,False,False,False,False,False,False,False,False,20250219_3FRfun1,False,False,False
1744,False,False,False,False,False,False,False,False,False,False,20250219_3FRfun1,False,False,False
1745,False,False,False,False,False,False,False,False,False,False,20250219_3FRfun1,False,False,False
1746,False,False,False,False,False,False,False,False,False,False,20250219_3FRfun1,False,False,False
1747,False,False,False,False,False,False,False,False,False,False,20250219_3FRfun1,False,False,False
1748,True,True,False,False,False,False,True,True,False,False,20250219_3FRfun1,True,True,False
1749,False,False,False,False,False,True,False,False,False,False,20250219_3FRfun1,False,True,True
1750,False,False,False,False,False,False,False,False,False,False,20250219_3FRfun1,False,False,False
1751,False,True,False,False,False,False,True,True,False,False,20250219_3FRfun1,True,True,False
1752,False,False,False,False,False,False,False,False,False,False,20250219_3FRfun1,False,False,False
1753,False,False,False,False,False,False,False,False,False,False,20250219_3FRfun1,False,False,False
1754,False,False,False,False,False,False,False,False,False,False,20250219_3FRfun1,False,False,False
1755,False,False,False,False,False,False,True,False,False,False,20250219_3FRfun1,False,False,False
1756,False,False,False,False,False,False,False,False,False,False,20250219_3FRfun1,False,False,False
1757,False,False,False,False,True,True,False,True,False,False,20250219_3FRfun1,False,True,True
1758,False,False,False,False,False,False,False,False,False,False,20250219_3FRfun1,False,False,False
1759,False,False,False,False,True,True,False,True,False,False,20250219_3FRfun1,False,True,True
1760,False,False,False,False,False,False,False,False,False,False,20250219_3FRfun1,False,False,False
1761,False,False,False,False,False,False,False,False,False,False,20250219_3FRfun1,False,False,False
1762,False,False,False,False,False,False,False,False,False,False,20250219_3FRfun1,False,False,False
1763,False,False,False,False,False,True,False,False,False,False,20250219_3FRfun1,False,True,True
1764,False,False,False,False,False,False,False,False,False,False,20250219_3FRfun1,False,False,False
1765,False,True,False,False,False,False,False,False,False,False,20250219_3FRfun1,True,True,False
1766,False,False,False,True,False,False,True,False,False,False,20250219_3FRfun1,True,False,True
1767,False,True,False,False,False,False,True,False,False,False,20250219_3FRfun1,True,True,False
1768,False,False,False,False,False,False,False,False,False,False,20250219_3FRfun1,False,False,False
1769,False,False,False,True,False,False,True,False,False,False,20250219_3FRfun1,True,False,True
1770,False,False,False,False,False,True,False,True,False,False,20250219_3FRfun1,False,True,True
1771,False,False,False,False,False,False,False,False,False,False,20250219_3FRfun1,False,False,False
1772,False,False,False,False,False,False,False,False,False,False,20250219_3FRfun1,False,False,False
1773,False,False,False,False,False,False,False,False,False,False,20250219_3FRfun1,False,False,False
1774,False,False,False,False,False,False,False,False,False,False,20250219_3FRfun1,False,False,False
1775,False,False,False,False,True,True,False,True,False,False,20250219_3FRfun1,False,True,True
1776,False,False,False,False,False,False,False,False,False,False,20250219_3FRfun1,False,False,False
1777,False,False,False,False,False,False,False,False,False,False,20250219_3FRfun1,False,False,False
1778,False,False,False,False,False,False,False,False,False,False,20250219_3FRfun1,False,False,False
1779,False,False,False,False,False,False,False,False,False,False,20250219_3FRfun1,False,False,False
1780,False,False,False,False,False,False,False,False,False,False,20250219_3FRfun1,False,False,False
1781,False,False,False,True,False,False,True,False,False,False,20250219_3FRfun1,True,False,True
1782,False,False,False,False,False,False,False,False,True,False,20250219_3FRfun1,False,False,False
1783,False,False,False,False,False,False,False,False,False,False,20250219_3FRfun1,False,False,False
1784,False,False,False,False,False,False,False,False,False,False,20250219_3FRfun1,False,False,False
1785,False,False,False,False,False,False,False,False,False,False,20250219_3FRfun1,False,False,False
1786,False,False,False,False,False,False,False,False,False,False,20250219_3FRfun1,False,False,False
1787,False,False,False,True,False,True,True,False,False,False,20250219_3FRfun1,True,True,True
1788,False,True,False,False,False,False,True,True,False,False,20250219_3FRfun1,True,True,False
1789,False,False,False,False,False,False,False,False,False,False,20250219_3FRfun1,False,False,False
1790,False,False,False,False,False,False,False,False,False,False,20250219_3FRfun1,False,False,False
1791,False,False,False,False,False,True,False,True,False,False,20250219_3FRfun1,False,True,True
1792,False,False,False,False,False,False,False,False,False,False,20250219_3FRfun1,False,False,False
1793,False,False,False,False,False,False,False,False,False,False,20250219_3FRfun1,False,False,False
1794,False,True,False,False,False,False,True,True,False,False,20250219_3FRfun1,True,True,False
1795,False,True,False,False,False,False,False,False,False,False,20250219_3FRfun1,True,True,False
1796,False,True,False,False,False,False,False,True,False,False,20250219_3FRfun1,True,True,False
1797,False,False,False,False,False,False,False,False,False,False,20250219_3FRfun1,False,False,False
1798,False,False,False,False,False,False,False,False,False,False,20250219_3FRfun1,False,False,False
1799,False,False,False,False,False,True,False,True,False,False,20250219_3FRfun1,False,True,True
1800,False,False,False,False,False,False,False,False,False,False,20250219_3FRfun1,False,False,False
1801,False,False,False,False,False,False,False,False,False,False,20250219_3FRfun1,False,False,False
1802,False,False,False,False,False,False,False,False,False,False,20250219_3FRfun1,False,False,False
1803,False,False,False,False,False,False,False,False,False,False,20250219_3FRfun1,False,False,False
1804,False,False,False,False,False,True,False,True,False,False,20250219_3FRfun1,False,True,True
1805,False,False,False,False,False,False,False,False,False,False,20250219_3FRfun1,False,False,False
1806,False,True,False,True,True,True,False,True,False,False,20250219_3FRfun1,True,True,True
1807,False,False,False,False,False,False,False,False,False,False,20250219_3FRfun1,False,False,False
1808,False,False,False,False,False,False,False,False,False,False,20250219_3FRfun1,False,False,False
1809,False,True,False,False,False,False,False,False,False,False,20250219_3FRfun1,True,True,False
1810,False,False,False,True,False,True,False,False,False,False,20250219_3FRfun1,True,True,True
1811,False,False,False,True,False,False,True,False,False,False,20250219_3FRfun1,True,False,True
1812,True,True,False,True,False,False,True,True,False,False,20250219_3FRfun1,True,True,True
1813,True,True,False,False,False,False,False,True,False,False,20250219_3FRfun1,True,True,False
1814,False,False,False,False,False,False,False,False,False,False,20250219_3FRfun1,False,False,False
1815,False,False,False,False,False,False,False,False,False,False,20250219_3FRfun1,False,False,False
1816,False,False,False,False,False,False,False,False,False,False,20250219_3FRfun1,False,False,False
1817,False,False,False,False,False,False,False,False,False,False,20250219_3FRfun1,False,False,False
1818,False,False,False,False,False,True,False,True,True,False,20250219_3FRfun1,False,True,True
1819,False,False,False,False,False,False,False,False,False,False,20250219_3FRfun1,False,False,False
1820,False,False,False,False,False,False,False,False,False,False,20250219_3FRfun1,False,False,False
1821,False,False,False,False,False,False,False,False,False,False,20250219_3FRfun1,False,False,False
1822,False,False,False,False,False,False,False,False,False,False,20250219_3FRfun1,False,False,False
1823,False,False,False,False,False,False,False,False,False,False,20250219_3FRfun1,False,False,False
1824,False,False,False,False,False,False,False,False,False,False,20250219_3FRfun1,False,False,False
1825,False,False,False,False,False,False,False,False,False,False,20250219_3FRfun1,False,False,False
1826,False,False,False,False,False,False,False,False,False,False,20250219_3FRfun1,False,False,False
1827,False,False,False,False,False,False,False,False,False,False,20250219_3FRfun1,False,False,False
1828,False,False,False,False,False,False,False,False,False,False,20250219_3FRfun1,False,False,False
1829,False,False,False,False,True,True,False,True,False,False,20250219_3FRfun1,False,True,True
1830,False,False,False,False,False,False,False,False,False,False,20250219_3FRfun1,False,False,False
1831,False,False,False,False,False,False,True,False,False,False,20250219_3FRfun1,False,False,False
1832,False,False,False,False,False,False,False,False,False,False,20250219_3FRfun1,False,False,False
1833,False,False,False,False,False,False,False,False,False,False,20250219_3FRfun1,False,False,False
1834,False,False,False,True,False,False,True,False,False,False,20250219_3FRfun1,True,False,True
1835,False,False,False,False,False,False,False,False,False,False,20250219_3FRfun1,False,False,False
1836,False,False,False,False,False,False,False,False,False,False,20250219_3FRfun1,False,False,False
1837,False,False,False,False,False,False,False,False,False,False,20250219_3FRfun1,False,False,False
1838,False,False,False,False,False,False,False,False,False,False,20250219_3FRfun1,False,False,False
1839,False,False,False,False,False,False,False,False,False,False,20250219_3FRfun1,False,False,False
1840,False,False,False,False,False,False,False,False,False,False,20250219_3FRfun1,False,False,False
1841,False,False,False,False,True,True,False,True,False,False,20250219_3FRfun1,False,True,True
1842,False,False,False,False,False,True,False,True,False,False,20250219_3FRfun1,False,True,True
1843,False,False,False,False,False,False,False,False,False,False,20250219_3FRfun1,False,False,False
1844,False,False,False,True,False,False,True,False,False,True,20250219_3FRfun1,True,False,True
1845,False,True,False,False,False,False,False,False,False,False,20250219_3FRfun1,True,True,False
1846,True,True,True,True,True,True,False,False,False,True,20250219_3FRfun1,True,True,True
1847,False,False,False,False,False,False,False,False,False,True,20250219_3FRfun1,False,False,False
1848,False,False,False,False,False,False,False,False,False,False,20250219_3FRfun1,False,False,False
1849,False,False,False,False,False,False,False,False,False,False,20250219_3FRfun1,False,False,False
1850,False,False,False,False,False,False,False,False,False,False,20250219_3FRfun1,False,False,False
1851,False,True,False,False,False,False,False,False,False,False,20250219_3FRfun1,True,True,False
1852,False,False,False,False,False,False,False,False,False,False,20250219_3FRfun1,False,False,False
1853,False,False,False,True,False,False,False,False,False,False,20250219_3FRfun1,True,False,True
1854,False,False,False,False,False,False,False,False,False,False,20250219_3FRfun1,False,False,False
1855,False,False,False,False,False,False,False,False,False,False,20250219_3FRfun1,False,False,False
1856,False,True,False,False,False,False,False,False,False,False,20250219_3FRfun1,True,True,False
1857,False,False,True,False,False,True,False,False,False,False,20250219_3FRfun1,False,True,True
1858,False,False,False,False,False,True,False,False,False,False,20250219_3FRfun1,False,True,True
1859,False,False,False,False,False,True,False,False,False,False,20250219_3FRfun1,False,True,True
1860,False,False,False,False,False,False,False,False,False,False,20250219_3FRfun1,False,False,False
1861,False,False,False,False,False,False,False,False,False,False,20250219_3FRfun1,False,False,False
1862,False,False,False,False,False,False,False,False,False,False,20250219_3FRfun1,False,False,False
1863,False,False,False,False,False,False,False,False,False,False,20250219_3FRfun1,False,False,False
1864,False,False,False,False,False,False,False,False,False,False,20250219_3FRfun1,False,False,False
1865,False,False,False,False,False,False,False,False,False,False,20250219_3FRfun1,False,False,False
1866,False,False,False,False,False,False,False,False,False,False,20250219_3FRfun1,False,False,False
1867,False,False,False,False,False,False,False,False,False,False,20250219_3FRfun1,False,False,False
1868,False,False,False,False,False,False,False,False,False,False,20250219_3FRfun1,False,False,False
1869,False,True,False,False,False,False,False,False,False,False,20250219_3FRfun1,True,True,False
1870,False,False,False,False,False,False,False,False,False,False,20250219_3FRfun1,False,False,False
1871,False,False,False,False,False,False,False,False,False,False,20250219_3FRfun1,False,False,False
1872,False,False,False,False,False,False,False,False,False,False,20250219_3FRfun1,False,False,False
1873,False,False,False,False,False,False,False,False,False,False,20250219_3FRfun1,False,False,False
1874,False,True,False,False,False,False,True,True,False,False,20250219_3FRfun1,True,True,False
1875,False,False,False,False,False,False,False,False,False,False,20250219_3FRfun1,False,False,False
1876,False,False,False,False,False,False,False,False,False,False,20250219_3FRfun1,False,False,False
1877,False,False,True,False,False,False,False,False,False,True,20250219_3FRfun1,False,False,False
1878,False,False,False,False,False,False,False,False,False,False,20250219_3FRfun1,False,False,False
1879,False,False,False,False,False,False,False,False,False,False,20250219_3FRfun1,False,False,False
1880,False,False,False,False,False,False,False,False,False,False,20250219_3FRfun1,False,False,False
1881,False,False,False,False,False,False,False,False,False,False,20250219_3FRfun1,False,False,False
1882,False,False,False,False,False,False,False,False,False,False,20250219_3FRfun1,False,False,False
1883,False,False,False,False,True,True,False,True,False,False,20250219_3FRfun1,False,True,True
1884,False,False,False,True,False,False,False,False,False,False,20250219_3FRfun1,True,False,True
1885,False,False,False,False,False,False,False,True,False,False,20250219_3FRfun1,False,False,False
1886,False,False,False,False,False,False,False,False,False,False,20250219_3FRfun1,False,False,False
1887,False,False,False,False,False,True,False,True,False,False,20250219_3FRfun1,False,True,True
1888,False,False,False,False,False,False,False,False,False,False,20250219_3FRfun1,False,False,False
1889,False,False,False,False,False,False,False,False,False,False,20250219_3FRfun1,False,False,False
1890,False,False,False,False,False,False,False,False,False,False,20250219_3FRfun1,False,False,False
1891,False,False,False,False,True,True,False,True,False,False,20250219_3FRfun1,False,True,True
1892,False,False,False,False,False,True,False,False,False,False,20250219_3FRfun1,False,True,True
1893,False,False,False,False,False,False,False,False,False,False,20250219_3FRfun1,False,False,False
1894,False,False,False,False,True,True,False,True,False,False,20250219_3FRfun1,False,True,True
1895,False,False,False,False,False,False,False,False,False,False,20250219_3FRfun1,False,False,False
1896,False,False,False,False,False,False,False,True,False,False,20250219_3FRfun1,False,False,False
1897,False,False,False,False,False,False,False,False,False,False,20250219_3FRfun1,False,False,False
1898,False,False,False,False,False,False,False,False,True,False,20250219_3FRfun1,False,False,False
1899,False,False,False,False,False,True,False,False,False,False,20250219_3FRfun1,False,True,True
1900,False,False,False,False,False,False,False,False,False,False,20250219_3FRfun1,False,False,False
1901,False,False,False,False,False,False,False,False,False,False,20250219_3FRfun1,False,False,False
1902,False,True,False,True,False,True,False,False,False,False,20250219_3FRfun1,True,True,True
1903,False,False,False,False,True,True,False,True,True,False,20250219_3FRfun1,False,True,True
1904,False,False,False,False,False,False,False,False,False,False,20250219_3FRfun1,False,False,False
1905,False,False,False,False,False,False,False,False,False,False,20250219_3FRfun1,False,False,False
1906,False,False,False,False,False,False,False,False,False,False,20250219_3FRfun1,False,False,False
1907,False,False,False,False,False,False,False,False,False,False,20250219_3FRfun1,False,False,False
1908,False,False,False,False,False,False,False,False,False,False,20250219_3FRfun1,False,False,False
1909,False,False,False,False,False,False,False,False,False,False,20250219_3FRfun1,False,False,False
1910,False,False,False,False,False,False,False,False,False,False,20250219_3FRfun1,False,False,False
1911,False,False,False,False,False,False,False,False,False,False,20250219_3FRfun1,False,False,False
1912,False,False,False,False,False,False,False,False,False,False,20250219_3FRfun1,False,False,False
1913,False,False,False,False,False,False,False,False,False,False,20250219_3FRfun1,False,False,False
1914,True,True,False,False,False,False,True,True,False,False,20250219_3FRfun1,True,True,False
1915,False,False,False,False,False,False,False,False,False,False,20250219_3FRfun1,False,False,False
1916,True,True,False,False,False,True,True,True,False,False,20250219_3FRfun1,True,True,True
1917,False,False,False,False,False,False,False,False,False,False,20250219_3FRfun1,False,False,False
1918,False,False,False,False,False,False,False,False,False,False,20250219_3FRfun1,False,False,False
1919,False,False,False,False,False,False,False,False,False,False,20250219_3FRfun1,False,False,False
1920,False,False,False,False,False,False,False,False,False,False,20250219_3FRfun1,False,False,False
1921,False,False,False,False,False,False,False,False,False,False,20250219_3FRfun1,False,False,False
1922,False,False,False,False,False,False,False,False,False,False,20250219_3FRfun1,False,False,False
1923,False,False,False,False,False,False,False,False,False,False,20250219_3FRfun1,False,False,False
1924,False,False,False,False,False,True,False,True,False,False,20250219_3FRfun1,False,True,True
1925,False,False,False,False,False,False,False,False,False,False,20250219_3FRfun1,False,False,False
1926,False,False,False,False,False,False,False,False,False,False,20250219_3FRfun1,False,False,False
1927,False,False,False,False,True,True,False,True,False,False,20250219_3FRfun1,False,True,True
1928,False,False,False,False,False,False,False,False,False,False,20250219_3FRfun1,False,False,False
1929,False,False,False,False,False,False,False,False,False,False,20250219_3FRfun1,False,False,False
1930,False,False,False,True,False,False,False,False,False,False,20250219_3FRfun1,True,False,True
1931,False,True,False,False,False,False,False,False,False,False,20250219_3FRfun1,True,True,False
1932,False,False,False,False,False,False,False,False,False,False,20250219_3FRfun1,False,False,False
1933,False,False,False,True,False,False,True,False,False,False,20250219_3FRfun1,True,False,True
1934,False,False,False,False,True,True,False,True,False,False,20250219_3FRfun1,False,True,True
1935,False,False,False,False,False,False,False,False,False,False,20250219_3FRfun1,False,False,False
1936,False,False,False,False,False,False,False,False,False,False,20250219_3FRfun1,False,False,False
1937,False,False,False,False,False,False,False,False,False,False,20250219_3FRfun1,False,False,False
1938,False,False,False,False,False,False,False,False,False,False,20250219_3FRfun1,False,False,False
1939,False,False,False,False,False,False,False,False,False,False,20250219_3FRfun1,False,False,False
1940,False,False,False,False,False,False,False,False,False,False,20250219_3FRfun1,False,False,False
1941,False,False,False,False,False,False,False,False,False,False,20250219_3FRfun1,False,False,False
1942,False,False,False,False,False,False,True,False,False,False,20250219_3FRfun1,False,False,False
1943,False,False,False,True,False,False,True,False,False,False,20250219_3FRfun1,True,False,True
1944,False,False,False,False,False,False,False,False,False,False,20250219_3FRfun1,False,False,False
1945,False,False,False,False,False,False,False,False,False,False,20250219_3FRfun1,False,False,False
1946,False,False,False,False,False,False,False,False,False,False,20250219_3FRfun1,False,False,False
1947,False,False,False,False,False,False,False,False,False,False,20250219_3FRfun1,False,False,False
1948,False,False,False,False,False,False,False,False,False,False,20250219_3FRfun1,False,False,False
1949,False,False,False,True,False,False,False,False,False,False,20250219_3FRfun1,True,False,True
1950,False,False,False,False,False,False,False,False,False,False,20250219_3FRfun1,False,False,False
1951,False,True,False,False,False,False,True,True,False,False,20250219_3FRfun1,True,True,False
1952,False,False,False,False,False,False,False,False,False,False,20250219_3FRfun1,False,False,False
1953,False,False,False,False,False,False,False,False,False,False,20250219_3FRfun1,False,False,False
1954,False,True,False,False,False,False,False,True,False,False,20250219_3FRfun1,True,True,False
1955,False,False,False,False,False,True,False,True,False,False,20250219_3FRfun1,False,True,True
1956,False,False,False,False,False,False,False,True,False,False,20250219_3FRfun1,False,False,False
1957,False,False,False,False,False,True,False,True,False,False,20250219_3FRfun1,False,True,True
1958,False,False,False,False,False,False,False,False,False,False,20250219_3FRfun1,False,False,False
1959,False,False,False,False,False,True,False,True,False,False,20250219_3FRfun1,False,True,True
1960,False,False,False,False,False,False,False,False,False,False,20250219_3FRfun1,False,False,False
1961,False,False,False,False,False,True,False,False,False,False,20250219_3FRfun1,False,True,True
1962,False,False,False,False,False,False,False,False,False,False,20250219_3FRfun1,False,False,False
1963,False,False,False,False,False,False,False,False,False,False,20250219_3FRfun1,False,False,False
1964,False,False,False,False,False,False,True,False,False,False,20250219_3FRfun1,False,False,False
1965,False,False,False,False,True,True,False,True,True,False,20250219_3FRfun1,False,True,True
1966,True,True,False,True,False,True,True,True,False,False,20250219_3FRfun1,True,True,True
1967,True,False,False,False,False,True,False,False,False,False,20250219_3FRfun1,False,True,True
1968,False,True,False,True,False,False,True,False,False,False,20250219_3FRfun1,True,True,True
1969,True,True,False,True,False,False,True,True,False,False,20250219_3FRfun1,True,True,True
1970,False,False,False,False,False,False,False,False,False,False,20250219_3FRfun1,False,False,False
1971,False,False,False,False,False,False,False,False,False,False,20250219_3FRfun1,False,False,False
1972,False,False,False,False,False,False,False,False,False,False,20250219_3FRfun1,False,False,False
1973,False,False,False,False,False,True,False,True,True,False,20250219_3FRfun1,False,True,True
1974,False,False,False,False,False,False,False,False,False,False,20250219_3FRfun1,False,False,False
1975,False,False,False,False,False,False,False,False,False,False,20250219_3FRfun1,False,False,False
1976,False,False,False,False,False,False,False,False,False,False,20250219_3FRfun1,False,False,False
1977,False,False,False,False,False,False,False,False,False,False,20250219_3FRfun1,False,False,False
1978,False,False,False,False,False,False,False,False,False,False,20250219_3FRfun1,False,False,False
1979,False,True,False,False,False,False,False,False,False,False,20250219_3FRfun1,True,True,False
1980,False,False,False,False,False,False,False,False,False,False,20250219_3FRfun1,False,False,False
1981,False,False,False,False,False,False,False,False,False,False,20250219_3FRfun1,False,False,False
1982,False,False,False,False,False,False,False,False,False,False,20250219_3FRfun1,False,False,False
1983,False,False,False,False,False,False,False,False,False,False,20250219_3FRfun1,False,False,False
1984,False,True,False,False,False,False,False,True,False,False,20250219_3FRfun1,True,True,False
1985,False,False,False,False,False,False,False,False,False,False,20250219_3FRfun1,False,False,False
1986,False,False,False,False,False,False,False,False,False,False,20250219_3FRfun1,False,False,False
1987,False,False,False,False,True,True,False,True,False,False,20250219_3FRfun1,False,True,True
1988,False,False,False,False,False,False,False,False,False,False,20250219_3FRfun1,False,False,False
1989,False,True,False,False,False,False,False,False,False,False,20250219_3FRfun1,True,True,False
1990,False,False,False,True,False,False,True,False,False,False,20250219_3FRfun1,True,False,True
1991,False,False,False,False,False,False,False,False,False,False,20250219_3FRfun1,False,False,False
1992,False,False,False,False,False,False,True,False,False,False,20250219_3FRfun1,False,False,False
1993,False,False,False,False,False,False,False,False,False,False,20250219_3FRfun1,False,False,False
1994,False,True,False,False,False,False,False,False,False,False,20250219_3FRfun1,True,True,False
1995,False,False,False,False,False,False,False,False,False,False,20250219_3FRfun1,False,False,False
1996,False,False,False,False,False,True,False,True,False,False,20250219_3FRfun1,False,True,True
1997,False,False,False,False,False,False,False,False,False,False,20250219_3FRfun1,False,False,False
1998,False,False,False,True,False,False,True,False,False,False,20250219_3FRfun1,True,False,True
1999,False,False,False,False,True,True,False,True,False,False,20250219_3FRfun1,False,True,True
2000,False,False,False,False,False,False,False,False,False,False,20250219_3FRfun1,False,False,False
2001,False,False,False,False,False,False,False,False,False,False,20250219_3FRfun1,False,False,False
2002,False,False,False,False,False,False,False,False,False,False,20250219_3FRfun1,False,False,False
2003,False,False,False,False,False,False,False,False,True,True,20250219_3FRfun1,False,False,False
2004,False,False,False,True,False,False,False,False,False,False,20250219_3FRfun1,True,False,True
2005,False,False,False,True,False,False,False,False,False,False,20250219_3FRfun1,True,False,True
2006,False,False,False,False,False,False,False,False,False,False,20250219_3FRfun1,False,False,False
2007,True,True,True,True,True,True,True,True,False,True,20250219_3FRfun1,True,True,True
2008,False,False,False,False,False,False,False,False,False,False,20250219_3FRfun1,False,False,False
2009,False,False,False,False,False,True,False,False,False,False,20250219_3FRfun1,False,True,True
2010,False,False,False,True,False,False,False,False,False,False,20250219_3FRfun1,True,False,True
2011,False,False,False,False,False,False,False,False,True,False,20250219_3FRfun1,False,False,False
2012,False,False,False,False,False,False,False,False,False,False,20250219_3FRfun1,False,False,False
2013,False,False,False,False,False,False,False,False,False,False,20250219_3FRfun1,False,False,False
2014,False,False,False,False,False,False,False,False,False,False,20250219_3FRfun1,False,False,False
2015,False,False,False,False,False,False,False,False,False,False,20250219_3FRfun1,False,False,False
2016,False,False,False,False,False,False,False,False,False,False,20250219_3FRfun1,False,False,False
2017,False,False,False,False,False,False,False,True,False,False,20250219_3FRfun1,False,False,False
2018,False,True,False,True,False,False,True,False,False,False,20250219_3FRfun1,True,True,True
2019,False,False,False,False,True,False,False,False,False,False,20250219_3FRfun1,False,False,False
2020,False,False,False,False,False,True,False,True,False,False,20250219_3FRfun1,False,True,True
2021,False,True,False,False,False,False,False,False,False,False,20250219_3FRfun1,True,True,False
2022,False,True,False,False,False,False,False,False,False,False,20250219_3FRfun1,True,True,False
2023,False,False,False,False,False,False,False,False,False,False,20250219_3FRfun1,False,False,False
2024,False,False,False,False,False,False,False,False,False,False,20250219_3FRfun1,False,False,False
2025,True,True,True,False,True,True,False,True,False,False,20250219_3FRfun1,True,True,True
2026,False,False,False,False,True,True,False,True,False,False,20250219_3FRfun1,False,True,True
2027,False,False,False,False,False,True,False,False,False,False,20250219_3FRfun1,False,True,True
2028,False,False,False,False,False,False,False,False,False,False,20250219_3FRfun1,False,False,False
2029,False,True,False,False,False,False,True,False,False,False,20250219_3FRfun1,True,True,False
2030,False,False,False,False,True,False,False,False,True,False,20250219_3FRfun1,False,False,False
2031,False,False,False,False,False,False,False,False,False,False,20250219_3FRfun1,False,False,False
2032,False,False,False,False,False,False,False,False,False,False,20250219_3FRfun1,False,False,False
2033,False,False,False,False,False,False,False,False,False,False,20250219_3FRfun1,False,False,False
2034,False,False,False,False,False,False,False,False,False,False,20250219_3FRfun1,False,False,False
2035,False,False,False,False,False,False,False,False,False,False,20250219_3FRfun1,False,False,False
2036,False,True,False,False,False,False,False,False,False,False,20250219_3FRfun1,True,True,False
2037,False,False,False,False,False,False,False,False,False,False,20250219_3FRfun1,False,False,False
2038,False,False,False,False,False,False,False,False,False,False,20250219_3FRfun1,False,False,False
2039,False,False,False,False,False,False,False,False,False,False,20250219_3FRfun1,False,False,False
2040,False,True,False,False,False,False,True,False,False,False,20250219_3FRfun1,True,True,False
2041,False,False,False,False,False,False,False,False,False,False,20250219_3FRfun1,False,False,False
2042,False,False,False,False,False,False,False,False,False,False,20250219_3FRfun1,False,False,False
2043,False,False,False,False,False,False,False,False,False,False,20250219_3FRfun1,False,False,False
2044,False,False,False,False,False,False,False,False,False,False,20250219_3FRfun1,False,False,False
2045,False,False,False,False,False,False,False,False,False,False,20250219_3FRfun1,False,False,False
2046,False,False,False,False,False,False,False,True,False,False,20250219_3FRfun1,False,False,False
2047,False,False,False,False,False,False,False,False,False,False,20250219_3FRfun1,False,False,False
2048,False,False,False,False,False,False,False,False,False,False,20250219_3FRfun1,False,False,False
2049,False,False,False,False,False,False,False,False,False,False,20250219_3FRfun1,False,False,False
2050,False,False,False,False,False,False,False,True,False,False,20250219_3FRfun1,False,False,False
2051,False,False,False,False,False,False,False,False,False,False,20250219_3FRfun1,False,False,False
2052,False,False,False,False,False,False,False,False,False,False,20250219_3FRfun1,False,False,False
2053,False,False,False,False,False,False,False,False,False,False,20250219_3FRfun1,False,False,False
2054,False,False,False,False,False,False,False,False,False,False,20250219_3FRfun1,False,False,False
2055,False,False,False,False,False,True,False,True,False,False,20250219_3FRfun1,False,True,True
2056,False,False,False,False,False,True,False,False,False,False,20250219_3FRfun1,False,True,True
2057,False,False,False,False,True,True,False,True,True,False,20250219_3FRfun1,False,True,True
2058,False,False,False,False,False,False,False,False,False,False,20250219_3FRfun1,False,False,False
2059,False,False,False,False,False,False,False,False,False,False,20250219_3FRfun1,False,False,False
2060,False,False,False,False,False,False,False,False,False,False,20250219_3FRfun1,False,False,False
2061,False,False,False,False,False,True,False,False,False,False,20250219_3FRfun1,False,True,True
2062,False,False,False,False,False,False,False,False,False,False,20250219_3FRfun1,False,False,False
2063,False,False,False,False,False,False,False,False,False,False,20250219_3FRfun1,False,False,False
2064,False,False,False,False,False,False,False,False,False,False,20250219_3FRfun1,False,False,False
2065,False,False,False,False,False,True,False,True,True,False,20250219_3FRfun1,False,True,True
2066,False,False,False,False,False,False,False,False,False,False,20250219_3FRfun1,False,False,False
2067,False,False,False,False,False,True,False,True,False,False,20250219_3FRfun1,False,True,True
2068,False,False,False,False,False,False,False,False,False,False,20250219_3FRfun1,False,False,False
2069,False,False,False,False,False,False,False,False,False,False,20250219_3FRfun1,False,False,False
2070,False,False,False,False,False,False,False,False,False,False,20250219_3FRfun1,False,False,False
2071,False,False,False,False,False,False,False,False,False,False,20250219_3FRfun1,False,False,False
2072,True,True,False,False,False,True,True,True,False,False,20250219_3FRfun1,True,True,True
2073,False,True,False,False,False,False,True,True,False,False,20250219_3FRfun1,True,True,False
2074,False,False,False,False,False,False,False,False,False,False,20250219_3FRfun1,False,False,False
2075,False,False,False,False,False,False,False,False,False,False,20250219_3FRfun1,False,False,False
2076,False,False,False,False,False,False,False,False,False,False,20250219_3FRfun1,False,False,False
2077,False,False,False,False,False,False,False,False,False,False,20250219_3FRfun1,False,False,False
2078,False,False,False,False,False,False,False,False,False,False,20250219_3FRfun1,False,False,False
2079,False,False,False,False,True,True,False,True,False,False,20250219_3FRfun1,False,True,True
2080,False,False,False,False,False,False,False,False,False,False,20250219_3FRfun1,False,False,False
2081,False,False,False,False,False,False,False,False,False,False,20250219_3FRfun1,False,False,False
2082,False,False,False,False,False,False,False,False,False,False,20250219_3FRfun1,False,False,False
2083,False,False,False,False,False,False,False,False,False,False,20250219_3FRfun1,False,False,False
2084,False,False,False,False,False,False,False,False,False,False,20250219_3FRfun1,False,False,False
2085,False,False,False,False,True,False,False,True,False,False,20250219_3FRfun1,False,False,False
2086,False,False,False,False,False,False,False,False,False,False,20250219_3FRfun1,False,False,False
2087,False,False,False,False,False,False,False,False,False,False,20250219_3FRfun1,False,False,False
2088,False,False,False,False,False,False,False,False,False,False,20250219_3FRfun1,False,False,False
2089,False,False,False,False,False,False,False,False,False,False,20250219_3FRfun1,False,False,False
2090,False,False,False,False,False,False,False,False,False,False,20250219_3FRfun1,False,False,False
2091,False,False,False,False,True,False,False,False,False,False,20250219_3FRfun1,False,False,False
2092,False,False,False,False,False,False,False,False,False,False,20250219_3FRfun1,False,False,False
2093,False,False,False,True,False,False,False,False,False,False,20250219_3FRfun1,True,False,True
2094,False,False,False,False,False,False,False,False,False,False,20250219_3FRfun1,False,False,False
2095,False,False,False,False,False,False,False,False,False,False,20250219_3FRfun1,False,False,False
2096,False,True,False,False,False,False,True,True,False,False,20250219_3FRfun1,True,True,False
2097,False,True,False,False,False,False,False,False,False,False,20250219_3FRfun1,True,True,False
2098,False,False,False,False,False,False,False,False,False,False,20250219_3FRfun1,False,False,False
2099,False,False,False,False,False,False,False,False,False,False,20250219_3FRfun1,False,False,False
2100,False,False,False,False,False,False,False,False,False,False,20250219_3FRfun1,False,False,False
2101,False,False,False,False,False,False,False,False,False,False,20250219_3FRfun1,False,False,False
2102,False,False,False,False,False,True,False,False,False,False,20250219_3FRfun1,False,True,True
2103,False,False,False,False,False,False,False,False,False,False,20250219_3FRfun1,False,False,False
2104,False,False,False,False,False,False,False,False,False,False,20250219_3FRfun1,False,False,False
2105,False,False,False,False,False,False,False,False,False,False,20250219_3FRfun1,False,False,False
2106,False,False,False,False,False,False,False,False,False,False,20250219_3FRfun1,False,False,False
2107,False,False,False,False,False,False,False,False,False,False,20250219_3FRfun1,False,False,False
2108,False,False,False,False,False,False,False,False,False,False,20250219_3FRfun1,False,False,False
2109,False,False,False,False,False,False,False,True,False,False,20250219_3FRfun1,False,False,False
2110,False,False,False,False,False,False,False,False,False,False,20250219_3FRfun1,False,False,False
2111,False,False,False,False,False,False,False,False,False,True,20250219_3FRfun1,False,False,False
2112,False,False,False,False,False,False,False,False,False,False,20250219_3FRfun1,False,False,False
2113,False,False,False,True,False,False,False,False,False,False,20250219_3FRfun1,True,False,True
2114,False,False,False,False,False,False,False,False,False,False,20250219_3FRfun1,False,False,False
2115,False,False,False,False,False,False,False,False,False,False,20250219_3FRfun1,False,False,False
2116,False,False,False,False,False,False,False,False,False,False,20250219_3FRfun1,False,False,False
2117,False,False,False,False,False,False,False,False,False,False,20250219_3FRfun1,False,False,False
2118,False,False,False,False,False,True,False,True,False,False,20250219_3FRfun1,False,True,True
2119,False,False,False,False,False,True,False,True,False,False,20250219_3FRfun1,False,True,True
2120,False,False,False,False,False,False,False,False,False,False,20250219_3FRfun1,False,False,False
2121,False,False,False,False,False,False,False,False,False,False,20250219_3FRfun1,False,False,False
2122,False,False,False,False,False,False,False,False,False,False,20250219_3FRfun1,False,False,False
2123,False,False,False,False,False,False,False,False,False,False,20250219_3FRfun1,False,False,False
2124,False,False,False,False,False,False,False,False,False,False,20250219_3FRfun1,False,False,False
2125,False,False,False,False,False,False,False,True,True,False,20250219_3FRfun1,False,False,False
2126,False,False,False,False,False,False,True,False,True,False,20250219_3FRfun1,False,False,False
2127,False,False,False,False,False,False,False,False,False,False,20250219_3FRfun1,False,False,False
2128,False,False,False,False,False,False,False,False,False,False,20250219_3FRfun1,False,False,False
2129,False,True,False,False,False,False,True,False,False,False,20250219_3FRfun1,True,True,False
2130,True,True,True,True,True,True,True,True,False,True,20250219_3FRfun1,True,True,True
2131,False,True,False,True,False,True,False,False,False,False,20250219_3FRfun1,True,True,True
2132,False,False,False,False,False,False,False,False,False,False,20250219_3FRfun1,False,False,False
2133,False,False,False,False,False,False,False,False,False,False,20250219_3FRfun1,False,False,False
2134,False,False,False,False,False,False,False,False,False,False,20250219_3FRfun1,False,False,False
2135,False,False,False,False,False,False,False,False,False,False,20250219_3FRfun1,False,False,False
2136,False,False,False,False,False,False,False,False,False,False,20250219_3FRfun1,False,False,False
2137,False,False,False,True,False,False,True,False,False,False,20250219_3FRfun1,True,False,True
2138,False,False,False,False,True,True,False,False,False,False,20250219_3FRfun1,False,True,True
2139,False,False,False,False,False,False,False,True,False,False,20250219_3FRfun1,False,False,False
2140,False,False,False,False,False,True,False,True,False,False,20250219_3FRfun1,False,True,True
2141,False,False,False,False,False,False,False,False,False,False,20250219_3FRfun1,False,False,False
2142,False,False,False,False,False,False,False,False,False,False,20250219_3FRfun1,False,False,False
2143,True,False,False,False,True,True,False,True,False,False,20250219_3FRfun1,False,True,True
2144,False,False,False,False,True,True,False,False,False,False,20250219_3FRfun1,False,True,True
2145,False,False,False,False,False,True,False,False,False,False,20250219_3FRfun1,False,True,True
2146,False,False,False,False,False,False,False,False,False,False,20250219_3FRfun1,False,False,False
2147,False,False,False,False,False,True,False,False,False,False,20250219_3FRfun1,False,True,True
2148,False,False,False,False,False,False,False,False,False,False,20250219_3FRfun1,False,False,False
2149,False,False,False,False,False,False,True,False,False,False,20250219_3FRfun1,False,False,False
2150,False,True,False,True,False,False,True,False,False,False,20250219_3FRfun1,True,True,True
2151,False,False,False,False,False,False,False,False,False,False,20250219_3FRfun1,False,False,False
2152,False,False,False,False,False,False,False,False,True,False,20250219_3FRfun1,False,False,False
2153,False,False,False,False,False,False,False,False,False,False,20250219_3FRfun1,False,False,False
2154,False,False,False,False,False,False,False,False,False,False,20250219_3FRfun1,False,False,False
2155,False,False,False,False,False,False,False,False,False,False,20250219_3FRfun1,False,False,False
2156,False,False,False,False,False,False,False,False,False,False,20250219_3FRfun1,False,False,False
2157,False,False,False,False,False,False,False,False,False,False,20250219_3FRfun1,False,False,False
2158,False,False,False,False,False,False,False,False,False,False,20250219_3FRfun1,False,False,False
2159,False,False,False,False,False,False,True,False,False,False,20250219_3FRfun1,False,False,False
2160,False,False,False,False,False,False,False,False,False,False,20250219_3FRfun1,False,False,False
2161,False,True,False,False,False,False,False,False,False,False,20250219_3FRfun1,True,True,False
2162,False,False,False,False,False,False,False,False,False,False,20250219_3FRfun1,False,False,False
2163,False,False,False,False,False,False,False,False,False,False,20250219_3FRfun1,False,False,False
2164,False,False,False,False,False,True,False,False,False,False,20250219_3FRfun1,False,True,True
2165,False,False,False,False,False,False,False,False,False,False,20250219_3FRfun1,False,False,False
2166,False,False,False,False,False,False,False,False,False,False,20250219_3FRfun1,False,False,False
2167,False,False,False,False,False,False,False,False,False,False,20250219_3FRfun1,False,False,False
2168,False,False,False,False,False,False,False,False,False,False,20250219_3FRfun1,False,False,False
2169,False,False,False,False,False,False,False,False,False,False,20250219_3FRfun1,False,False,False
2170,False,False,False,False,False,False,False,False,False,False,20250219_3FRfun1,False,False,False
2171,False,False,False,False,False,False,False,False,False,False,20250219_3FRfun1,False,False,False
2172,False,False,False,False,False,True,False,True,False,False,20250219_3FRfun1,False,True,True
2173,False,False,False,False,False,True,False,True,False,False,20250219_3FRfun1,False,True,True
2174,False,False,False,False,False,False,False,False,False,False,20250219_3FRfun1,False,False,False
2175,False,False,False,False,False,False,False,False,False,False,20250219_3FRfun1,False,False,False
2176,False,False,False,False,True,True,False,True,True,False,20250219_3FRfun1,False,True,True
2177,False,False,False,False,False,False,False,False,False,False,20250219_3FRfun1,False,False,False
2178,False,False,False,False,False,False,False,False,False,False,20250219_3FRfun1,False,False,False
2179,False,False,False,False,False,False,False,False,False,False,20250219_3FRfun1,False,False,False
2180,False,False,False,False,False,True,False,True,False,False,20250219_3FRfun1,False,True,True
2181,False,False,False,False,False,False,True,False,False,False,20250219_3FRfun1,False,False,False
2182,False,False,False,False,False,False,False,False,False,False,20250219_3FRfun1,False,False,False
2183,False,False,False,False,False,False,False,False,False,False,20250219_3FRfun1,False,False,False
2184,False,False,False,False,False,False,False,False,False,False,20250219_3FRfun1,False,False,False
2185,False,False,False,False,False,False,False,False,False,False,20250219_3FRfun1,False,False,False
2186,False,False,False,False,False,False,False,False,False,False,20250219_3FRfun1,False,False,False
2187,False,False,False,False,False,True,False,False,False,False,20250219_3FRfun1,False,True,True
2188,False,False,False,False,False,False,False,False,False,False,20250219_3FRfun1,False,False,False
2189,False,False,False,False,False,False,False,False,False,False,20250219_3FRfun1,False,False,False
2190,False,False,False,False,False,False,False,False,False,False,20250219_3FRfun1,False,False,False
2191,True,True,False,False,False,True,True,True,False,False,20250219_3FRfun1,True,True,True
2192,False,False,False,False,False,False,False,False,False,False,20250219_3FRfun1,False,False,False
2193,False,False,False,False,False,False,False,False,False,False,20250219_3FRfun1,False,False,False
2194,False,False,False,False,False,False,False,False,False,False,20250219_3FRfun1,False,False,False
2195,False,False,False,False,False,False,False,False,False,False,20250219_3FRfun1,False,False,False
2196,False,False,False,False,False,True,False,False,False,False,20250219_3FRfun1,False,True,True
2197,False,False,False,False,False,False,False,False,False,False,20250219_3FRfun1,False,False,False
2198,False,False,False,False,False,False,False,False,False,False,20250219_3FRfun1,False,False,False
2199,False,False,False,False,False,False,False,False,False,False,20250219_3FRfun1,False,False,False
2200,False,False,False,False,False,False,False,False,False,False,20250219_3FRfun1,False,False,False
2201,False,False,False,False,False,False,False,False,False,False,20250219_3FRfun1,False,False,False
2202,False,False,False,True,False,False,False,False,True,False,20250219_3FRfun1,True,False,True
2203,False,False,False,False,False,False,False,False,False,False,20250219_3FRfun1,False,False,False
2204,False,False,False,False,False,False,False,False,False,False,20250219_3FRfun1,False,False,False
2205,False,False,False,False,False,False,False,False,False,False,20250219_3FRfun1,False,False,False
2206,False,False,False,False,False,False,False,False,False,False,20250219_3FRfun1,False,False,False
2207,False,False,False,False,True,True,False,False,False,False,20250219_3FRfun1,False,True,True
2208,False,False,False,False,False,False,False,False,False,False,20250219_3FRfun1,False,False,False
2209,False,False,False,False,False,True,False,True,False,False,20250219_3FRfun1,False,True,True
2210,True,True,False,True,False,False,True,True,False,False,20250219_3FRfun1,True,True,True
2211,False,False,False,False,False,False,False,False,False,False,20250219_3FRfun1,False,False,False
2212,False,False,False,False,False,False,False,False,False,True,20250219_3FRfun1,False,False,False
2213,True,True,False,False,False,False,True,True,False,False,20250219_3FRfun1,True,True,False
2214,False,False,False,False,False,False,False,False,False,False,20250219_3FRfun1,False,False,False
2215,False,False,False,False,False,False,False,False,False,False,20250219_3FRfun1,False,False,False
2216,False,False,False,True,False,False,False,False,False,False,20250219_3FRfun1,True,False,True
2217,False,False,False,False,False,False,False,False,False,False,20250219_3FRfun1,False,False,False
2218,False,False,False,False,False,False,False,False,False,False,20250219_3FRfun1,False,False,False
2219,False,False,False,False,False,False,False,False,False,False,20250219_3FRfun1,False,False,False
2220,False,False,False,False,False,False,False,False,False,False,20250219_3FRfun1,False,False,False
2221,False,False,False,False,False,False,False,False,False,False,20250219_3FRfun1,False,False,False
2222,False,False,False,False,False,True,False,True,False,False,20250219_3FRfun1,False,True,True
2223,False,False,False,False,True,True,False,True,False,False,20250219_3FRfun1,False,True,True
2224,False,False,False,False,False,False,False,False,False,False,20250219_3FRfun1,False,False,False
2225,True,False,True,True,False,True,True,True,False,False,20250219_3FRfun1,True,True,True
2226,False,False,False,False,False,False,False,False,False,False,20250219_3FRfun1,False,False,False
2227,False,True,False,False,False,False,True,True,False,False,20250219_3FRfun1,True,True,False
2228,True,True,True,True,True,True,False,False,False,False,20250219_3FRfun1,True,True,True
2229,False,False,False,False,False,False,False,False,False,False,20250219_3FRfun1,False,False,False
2230,False,False,False,False,False,False,False,False,False,False,20250219_3FRfun1,False,False,False
2231,False,False,False,False,False,False,False,False,False,False,20250219_3FRfun1,False,False,False
2232,False,False,False,False,False,False,False,False,False,False,20250219_3FRfun1,False,False,False
2233,False,False,False,False,False,False,False,False,False,False,20250219_3FRfun1,False,False,False
2234,False,False,False,True,False,False,True,False,False,False,20250219_3FRfun1,True,False,True
2235,False,False,False,False,False,False,False,False,False,False,20250219_3FRfun1,False,False,False
2236,False,False,False,False,True,False,False,False,False,False,20250219_3FRfun1,False,False,False
2237,False,False,False,True,False,False,False,False,False,False,20250219_3FRfun1,True,False,True
2238,False,False,False,False,False,True,False,True,False,False,20250219_3FRfun1,False,True,True
2239,False,False,False,False,False,False,False,False,False,False,20250219_3FRfun1,False,False,False
2240,False,True,False,False,False,False,False,False,False,True,20250219_3FRfun1,True,True,False
2241,False,True,False,False,False,False,False,False,False,False,20250219_3FRfun1,True,True,False
2242,False,False,False,False,False,False,False,False,False,False,20250219_3FRfun1,False,False,False
2243,False,False,False,False,False,False,False,False,False,False,20250219_3FRfun1,False,False,False
2244,False,False,False,True,True,True,True,False,False,False,20250219_3FRfun1,True,True,True
2245,False,False,False,False,True,False,False,True,False,False,20250219_3FRfun1,False,False,False
2246,False,True,False,True,False,False,True,True,False,False,20250219_3FRfun1,True,True,True
2247,False,False,False,False,False,False,False,False,False,False,20250219_3FRfun1,False,False,False
2248,False,True,False,False,False,False,True,False,False,False,20250219_3FRfun1,True,True,False
2249,False,False,False,False,False,False,False,False,False,False,20250219_3FRfun1,False,False,False
2250,True,False,False,False,False,False,False,False,False,False,20250219_3FRfun1,False,False,False
2251,False,True,False,False,False,False,True,False,False,False,20250219_3FRfun1,True,True,False
2252,False,False,False,False,False,False,False,False,False,False,20250219_3FRfun1,False,False,False
2253,False,True,False,True,False,False,True,False,False,False,20250219_3FRfun1,True,True,True
2254,False,False,False,False,False,False,False,False,False,False,20250219_3FRfun1,False,False,False
2255,False,False,False,False,False,False,False,False,False,False,20250219_3FRfun1,False,False,False
2256,False,False,False,False,False,False,False,False,False,False,20250219_3FRfun1,False,False,False
2257,False,False,False,False,False,False,False,False,False,False,20250219_3FRfun1,False,False,False
2258,False,False,False,False,False,False,False,False,False,False,20250219_3FRfun1,False,False,False
2259,False,False,False,False,False,False,False,False,False,False,20250219_3FRfun1,False,False,False
2260,False,False,False,False,False,False,False,False,False,False,20250219_3FRfun1,False,False,False
2261,False,False,False,False,False,False,False,False,False,False,20250219_3FRfun1,False,False,False
2262,False,False,False,False,False,False,False,False,False,False,20250219_3FRfun1,False,False,False
2263,True,True,False,False,False,False,True,False,False,False,20250219_3FRfun1,True,True,False
2264,False,False,False,False,False,False,True,False,False,False,20250219_3FRfun1,False,False,False
2265,False,False,False,False,False,False,False,False,False,False,20250219_3FRfun1,False,False,False
2266,False,False,False,False,False,False,False,False,False,False,20250219_3FRfun1,False,False,False
2267,False,False,False,False,False,False,False,False,False,False,20250219_3FRfun1,False,False,False
2268,False,False,False,False,False,False,False,False,False,False,20250219_3FRfun1,False,False,False
2269,False,False,False,False,False,True,False,False,False,False,20250219_3FRfun1,False,True,True
2270,False,False,False,False,False,False,False,False,False,False,20250219_3FRfun1,False,False,False
2271,False,False,False,False,False,False,False,False,False,False,20250219_3FRfun1,False,False,False
2272,False,False,False,False,False,False,False,False,False,False,20250219_3FRfun1,False,False,False
2273,False,False,False,False,True,False,False,True,False,False,20250219_3FRfun1,False,False,False
2274,False,False,False,False,False,False,False,False,False,False,20250219_3FRfun1,False,False,False
2275,False,False,False,False,False,False,False,False,False,False,20250219_3FRfun1,False,False,False
2276,False,False,False,False,False,False,False,False,False,False,20250219_3FRfun1,False,False,False
2277,False,False,False,False,False,True,False,False,False,False,20250219_3FRfun1,False,True,True
2278,False,True,False,False,False,False,True,False,False,False,20250219_3FRfun1,True,True,False
2279,False,False,False,False,False,False,False,False,False,False,20250219_3FRfun1,False,False,False
2280,False,False,False,False,False,False,False,False,False,False,20250219_3FRfun1,False,False,False
2281,False,False,False,False,False,False,False,False,False,False,20250219_3FRfun1,False,False,False
2282,False,False,False,False,False,False,False,False,False,False,20250219_3FRfun1,False,False,False
2283,False,False,False,False,False,False,False,False,False,False,20250219_3FRfun1,False,False,False
2284,False,False,False,False,False,False,False,False,False,False,20250219_3FRfun1,False,False,False
2285,False,False,False,False,False,False,False,False,False,False,20250219_3FRfun1,False,False,False
2286,False,False,False,False,False,False,False,False,False,False,20250219_3FRfun1,False,False,False
2287,False,False,False,False,False,False,False,False,False,False,20250219_3FRfun1,False,False,False
2288,False,False,False,True,False,False,False,False,True,False,20250219_3FRfun1,True,False,True
2289,False,False,False,False,False,False,False,False,False,False,20250219_3FRfun1,False,False,False
2290,False,False,False,False,False,False,False,False,False,False,20250219_3FRfun1,False,False,False
2291,True,True,False,False,False,False,True,True,False,False,20250219_3FRfun1,True,True,False
2292,False,False,False,False,False,False,True,True,False,False,20250219_3FRfun1,False,False,False
2293,False,False,False,False,False,False,False,False,False,False,20250219_3FRfun1,False,False,False
2294,False,False,False,False,False,False,False,False,False,False,20250219_3FRfun1,False,False,False
2295,False,False,False,False,False,False,False,False,False,False,20250219_3FRfun1,False,False,False
2296,False,False,False,False,False,False,False,False,False,False,20250219_3FRfun1,False,False,False
2297,False,False,False,False,False,True,False,True,False,False,20250219_3FRfun1,False,True,True
2298,False,False,False,False,False,False,False,False,False,False,20250219_3FRfun1,False,False,False
2299,False,False,False,True,False,False,False,False,False,False,20250219_3FRfun1,True,False,True
2300,False,False,False,False,True,True,False,True,False,False,20250219_3FRfun1,False,True,True
2301,False,False,False,False,False,False,False,False,False,False,20250219_3FRfun1,False,False,False
2302,False,True,False,False,False,False,True,False,False,False,20250219_3FRfun1,True,True,False
2303,False,False,False,True,False,True,False,False,False,False,20250219_3FRfun1,True,True,True
2304,False,False,False,False,False,False,False,False,False,False,20250219_3FRfun1,False,False,False
2305,False,False,False,False,False,False,False,False,False,False,20250219_3FRfun1,False,False,False
2306,False,False,False,False,False,False,False,False,False,False,20250219_3FRfun1,False,False,False
2307,False,False,False,False,False,False,False,False,False,False,20250219_3FRfun1,False,False,False
2308,False,False,False,False,False,False,False,False,False,False,20250219_3FRfun1,False,False,False
2309,False,False,False,True,False,False,False,False,False,False,20250219_3FRfun1,True,False,True
2310,False,True,False,False,False,False,False,False,False,True,20250219_3FRfun1,True,True,False
2311,False,False,False,False,False,True,False,True,False,False,20250219_3FRfun1,False,True,True
2312,False,False,False,False,False,False,False,False,False,False,20250219_3FRfun1,False,False,False
2313,False,False,False,False,False,False,False,False,False,False,20250219_3FRfun1,False,False,False
2314,False,False,False,True,False,False,False,False,False,False,20250219_3FRfun1,True,False,True
2315,False,False,False,False,False,False,False,False,False,False,20250219_3FRfun1,False,False,False
2316,False,False,False,False,True,True,False,False,False,False,20250219_3FRfun1,False,True,True
2317,False,False,False,False,False,False,False,False,False,False,20250219_3FRfun1,False,False,False
2318,False,True,False,True,False,False,True,False,False,False,20250219_3FRfun1,True,True,True
2319,False,False,False,False,False,False,False,False,False,False,20250219_3FRfun1,False,False,False
2320,False,False,False,False,False,False,False,False,False,False,20250219_3FRfun1,False,False,False
2321,False,False,False,True,False,False,False,False,False,False,20250219_3FRfun1,True,False,True
2322,False,False,False,False,False,False,True,False,False,False,20250219_3FRfun1,False,False,False
2323,False,False,False,False,False,False,True,False,False,False,20250219_3FRfun1,False,False,False
2324,False,False,False,False,True,True,False,True,False,False,20250219_3FRfun1,False,True,True
2325,False,False,False,False,False,False,False,False,False,False,20250219_3FRfun1,False,False,False
2326,False,False,False,False,False,False,False,False,False,False,20250219_3FRfun1,False,False,False
2327,False,False,False,False,False,False,False,False,False,False,20250219_3FRfun1,False,False,False
2328,False,False,False,False,False,False,False,False,False,False,20250219_3FRfun1,False,False,False
2329,False,False,False,False,False,False,False,False,False,False,20250219_3FRfun1,False,False,False
2330,False,False,False,False,False,False,False,False,False,False,20250219_3FRfun1,False,False,False
2331,False,False,False,False,False,False,False,False,False,False,20250219_3FRfun1,False,False,False
2332,False,False,False,False,False,False,False,False,False,False,20250219_3FRfun1,False,False,False
2333,False,False,False,False,False,False,False,False,False,False,20250219_3FRfun1,False,False,False
2334,False,False,False,False,True,True,False,False,False,False,20250219_3FRfun1,False,True,True
2335,False,False,False,False,False,True,False,True,False,False,20250219_3FRfun1,False,True,True
2336,False,False,False,False,False,True,False,False,False,False,20250219_3FRfun1,False,True,True
2337,False,False,False,False,False,False,False,False,False,False,20250219_3FRfun1,False,False,False
2338,False,False,False,False,False,False,False,False,False,False,20250219_3FRfun1,False,False,False
2339,False,False,False,False,False,False,False,False,False,False,20250219_3FRfun1,False,False,False
2340,False,False,False,False,False,False,False,False,False,False,20250219_3FRfun1,False,False,False
2341,False,False,False,False,True,False,False,False,False,False,20250219_3FRfun1,False,False,False
2342,False,False,False,False,False,False,False,False,False,False,20250219_3FRfun1,False,False,False
2343,False,False,False,False,False,False,False,False,False,False,20250219_3FRfun1,False,False,False
2344,False,False,False,False,False,False,False,False,False,False,20250219_3FRfun1,False,False,False
2345,False,False,False,False,False,False,False,False,False,False,20250219_3FRfun1,False,False,False
2346,False,False,False,False,False,False,False,False,False,False,20250219_3FRfun1,False,False,False
2347,False,False,False,False,False,False,False,False,False,False,20250219_3FRfun1,False,False,False
2348,False,False,False,False,False,False,False,False,False,False,20250219_3FRfun1,False,False,False
2349,False,False,False,False,False,False,False,False,False,False,20250219_3FRfun1,False,False,False
2350,False,False,False,False,False,False,False,False,False,False,20250219_3FRfun1,False,False,False
2351,False,False,False,False,False,False,False,False,False,False,20250219_3FRfun1,False,False,False
2352,False,False,False,False,False,False,False,False,False,False,20250219_3FRfun1,False,False,False
2353,False,False,False,False,False,False,False,False,False,False,20250219_3FRfun1,False,False,False
2354,False,False,False,False,False,False,False,False,False,False,20250219_3FRfun1,False,False,False
2355,False,False,False,False,False,False,False,False,False,False,20250219_3FRfun1,False,False,False
2356,False,False,False,False,False,True,False,False,False,False,20250219_3FRfun1,False,True,True
2357,False,False,False,False,False,False,False,False,False,False,20250219_3FRfun1,False,False,False
2358,False,False,False,False,False,False,False,False,False,False,20250219_3FRfun1,False,False,False
2359,False,False,False,False,False,False,False,False,False,False,20250219_3FRfun1,False,False,False
2360,False,False,False,False,False,False,False,False,False,False,20250219_3FRfun1,False,False,False
2361,False,False,False,False,False,False,False,False,False,False,20250219_3FRfun1,False,False,False
2362,False,False,False,False,False,False,False,False,False,False,20250219_3FRfun1,False,False,False
2363,False,False,False,False,False,False,False,False,False,False,20250219_3FRfun1,False,False,False
2364,False,False,False,False,False,True,False,True,False,False,20250219_3FRfun1,False,True,True
2365,False,False,False,False,False,False,False,False,False,False,20250219_3FRfun1,False,False,False
2366,False,False,False,False,False,False,False,False,False,False,20250219_3FRfun1,False,False,False
2367,False,False,False,False,False,False,False,False,False,False,20250219_3FRfun1,False,False,False
2368,False,False,False,False,False,False,False,False,False,False,20250219_3FRfun1,False,False,False
2369,False,False,False,False,False,False,False,False,False,False,20250219_3FRfun1,False,False,False
2370,False,False,False,False,False,False,False,False,False,False,20250219_3FRfun1,False,False,False
2371,False,False,False,False,False,False,False,False,False,False,20250219_3FRfun1,False,False,False
2372,False,False,False,False,False,True,False,True,False,False,20250219_3FRfun1,False,True,True
2373,False,False,False,False,False,False,False,False,False,False,20250219_3FRfun1,False,False,False
2374,False,False,False,False,False,False,False,False,False,False,20250219_3FRfun1,False,False,False
2375,False,False,False,False,False,True,False,True,False,False,20250219_3FRfun1,False,True,True
2376,False,True,False,False,False,True,True,True,False,False,20250219_3FRfun1,True,True,True
2377,False,False,False,False,False,False,False,False,False,False,20250219_3FRfun1,False,False,False
2378,False,False,False,False,False,False,False,False,False,False,20250219_3FRfun1,False,False,False
2379,False,False,False,False,False,False,False,False,False,False,20250219_3FRfun1,False,False,False
2380,False,False,False,False,False,False,False,False,False,False,20250219_3FRfun1,False,False,False
2381,False,False,False,True,False,False,False,False,False,False,20250219_3FRfun1,True,False,True
2382,False,False,False,False,False,False,False,False,False,False,20250219_3FRfun1,False,False,False
2383,False,False,False,False,False,False,False,False,False,False,20250219_3FRfun1,False,False,False
2384,False,False,False,False,False,False,False,False,False,False,20250219_3FRfun1,False,False,False
2385,False,False,False,False,True,True,False,False,False,False,20250219_3FRfun1,False,True,True
2386,False,False,False,True,False,False,True,False,False,False,20250219_3FRfun1,True,False,True
2387,False,False,False,False,False,False,False,False,False,False,20250219_3FRfun1,False,False,False
2388,False,False,False,False,False,False,False,False,False,False,20250219_3FRfun1,False,False,False
2389,False,False,False,False,False,False,False,False,False,False,20250219_3FRfun1,False,False,False
2390,False,False,False,False,False,False,False,False,False,False,20250219_3FRfun1,False,False,False
2391,False,False,False,False,False,False,False,False,False,False,20250219_3FRfun1,False,False,False
2392,False,False,False,False,False,False,False,False,False,False,20250219_3FRfun1,False,False,False
2393,False,False,False,False,False,False,False,False,False,False,20250219_3FRfun1,False,False,False
2394,False,False,False,False,False,False,False,False,False,False,20250219_3FRfun1,False,False,False
2395,False,False,False,False,False,False,False,False,False,False,20250219_3FRfun1,False,False,False
2396,False,False,False,False,False,False,False,False,False,False,20250219_3FRfun1,False,False,False
2397,False,False,False,False,False,False,False,False,False,False,20250219_3FRfun1,False,False,False
2398,False,False,False,False,True,True,False,False,False,False,20250219_3FRfun1,False,True,True
2399,False,False,False,False,True,True,False,True,False,False,20250219_3FRfun1,False,True,True
2400,False,False,False,False,False,False,False,False,False,False,20250219_3FRfun1,False,False,False
2401,False,False,False,False,False,False,False,False,False,False,20250219_3FRfun1,False,False,False
2402,False,False,False,False,False,False,False,False,False,False,20250219_3FRfun1,False,False,False
2403,False,False,False,False,False,False,False,False,False,False,20250219_3FRfun1,False,False,False
2404,False,False,False,False,False,False,False,False,False,False,20250219_3FRfun1,False,False,False
2405,False,False,False,False,False,False,False,False,False,False,20250219_3FRfun1,False,False,False
2406,False,False,False,False,False,False,False,False,False,False,20250219_3FRfun1,False,False,False
2407,False,False,False,False,False,False,False,False,False,False,20250219_3FRfun1,False,False,False
2408,False,False,False,False,False,False,False,False,False,False,20250219_3FRfun1,False,False,False
2409,False,False,False,False,False,True,False,False,False,False,20250219_3FRfun1,False,True,True
2410,False,False,False,False,False,False,False,False,False,False,20250219_3FRfun1,False,False,False
2411,False,False,False,False,False,False,False,False,False,False,20250219_3FRfun1,False,False,False
2412,False,False,False,False,False,False,False,False,False,False,20250219_3FRfun1,False,False,False
2413,False,False,False,False,False,False,False,False,False,False,20250219_3FRfun1,False,False,False
2414,False,False,False,False,False,False,False,False,False,False,20250219_3FRfun1,False,False,False
2415,False,False,False,False,False,False,False,False,False,False,20250219_3FRfun1,False,False,False
2416,False,False,False,False,False,False,False,False,False,False,20250219_3FRfun1,False,False,False
2417,False,False,False,False,False,True,False,True,False,False,20250219_3FRfun1,False,True,True
2418,False,False,False,False,False,False,False,False,False,False,20250219_3FRfun1,False,False,False
2419,False,False,False,False,False,False,False,False,False,False,20250219_3FRfun1,False,False,False
2420,False,False,False,False,False,False,False,False,False,False,20250219_3FRfun1,False,False,False
2421,False,False,False,False,False,False,False,False,False,False,20250219_3FRfun1,False,False,False
2422,False,False,False,False,False,True,False,True,False,False,20250219_3FRfun1,False,True,True
2423,False,False,False,False,False,False,False,False,False,False,20250219_3FRfun1,False,False,False
2424,False,False,False,False,False,False,False,False,False,False,20250219_3FRfun1,False,False,False
2425,False,False,False,False,False,False,False,False,False,False,20250219_3FRfun1,False,False,False
2426,False,False,False,False,False,False,False,True,False,False,20250219_3FRfun1,False,False,False
2427,False,False,False,True,False,False,True,False,False,False,20250219_3FRfun1,True,False,True
2428,False,False,False,False,False,False,False,False,False,False,20250219_3FRfun1,False,False,False
2429,False,False,False,False,False,False,False,False,False,False,20250219_3FRfun1,False,False,False
2430,False,False,False,False,False,False,False,False,False,False,20250219_3FRfun1,False,False,False
2431,False,False,False,False,False,False,False,False,False,False,20250219_3FRfun1,False,False,False
2432,False,False,False,False,False,False,False,False,False,False,20250219_3FRfun1,False,False,False
2433,False,False,False,False,False,False,False,False,False,False,20250219_3FRfun1,False,False,False
2434,False,False,False,False,False,False,False,False,False,False,20250219_3FRfun1,False,False,False
2435,False,False,False,False,False,False,False,False,False,False,20250219_3FRfun1,False,False,False
2436,False,False,False,False,False,False,False,False,False,False,20250219_3FRfun1,False,False,False
2437,False,False,False,False,False,False,False,False,False,False,20250219_3FRfun1,False,False,False
2438,False,False,False,False,False,False,False,False,False,False,20250219_3FRfun1,False,False,False
2439,False,False,False,False,False,True,False,False,False,False,20250219_3FRfun1,False,True,True
2440,False,False,False,False,True,False,False,True,False,False,20250219_3FRfun1,False,False,False
2441,False,False,False,False,False,False,False,False,False,False,20250219_3FRfun1,False,False,False
2442,False,False,False,False,False,False,False,False,False,False,20250219_3FRfun1,False,False,False
2443,False,False,False,False,False,False,False,False,False,False,20250219_3FRfun1,False,False,False
2444,False,False,False,False,False,False,False,False,False,False,20250219_3FRfun1,False,False,False
2445,False,False,False,False,False,False,False,False,False,False,20250219_3FRfun1,False,False,False
2446,False,False,False,False,False,False,False,False,False,False,20250219_3FRfun1,False,False,False
2447,False,False,False,False,False,False,False,False,False,False,20250219_3FRfun1,False,False,False
2448,False,False,False,False,False,False,False,False,False,False,20250219_3FRfun1,False,False,False
2449,False,False,False,False,False,False,False,False,False,False,20250219_3FRfun1,False,False,False
2450,False,False,False,False,False,False,False,False,False,False,20250219_3FRfun1,False,False,False
2451,False,False,False,False,False,False,False,False,False,False,20250219_3FRfun1,False,False,False
2452,False,False,False,False,False,False,False,False,False,False,20250219_3FRfun1,False,False,False
2453,False,False,False,False,False,False,False,False,False,False,20250219_3FRfun1,False,False,False
2454,False,False,False,False,False,False,False,False,False,False,20250219_3FRfun1,False,False,False
2455,False,False,False,False,False,False,False,False,False,False,20250219_3FRfun1,False,False,False
2456,False,False,False,False,False,False,False,False,False,False,20250219_3FRfun1,False,False,False
2457,False,False,False,False,False,False,False,False,False,False,20250219_3FRfun1,False,False,False
2458,False,False,False,False,False,False,False,False,False,False,20250219_3FRfun1,False,False,False
2459,False,False,False,False,False,False,False,False,False,False,20250219_3FRfun1,False,False,False
