,2h(-7),ma(-7),farn(-3),farn(-2.5),2h(-7)+ma(-7),2h(-7)+farn(-3),2h(-7)+farn(-2.5),ma(-7)+farn(-3),ma(-7)+farn(-2.5),PFO,experiment,2h(-7)+ma(-7)_predicted,2h(-7)+farn(-3)_predicted,2h(-7)+farn(-2.5)_predicted,ma(-7)+farn(-3)_predicted,ma(-7)+farn(-2.5)_predicted
0,False,False,False,False,False,False,False,False,False,False,20250324_3FLfun1,False,False,False,False,False
1,False,False,False,False,False,False,False,False,False,False,20250324_3FLfun1,False,False,False,False,False
2,False,False,False,False,False,False,False,False,False,False,20250324_3FLfun1,False,False,False,False,False
3,False,False,False,False,False,False,False,False,False,False,20250324_3FLfun1,False,False,False,False,False
4,False,False,False,False,False,False,False,False,False,False,20250324_3FLfun1,False,False,False,False,False
5,False,False,True,False,False,False,True,False,False,False,20250324_3FLfun1,False,True,False,True,False
6,True,False,True,False,False,True,False,False,False,True,20250324_3FLfun1,True,True,True,True,False
7,False,False,False,False,False,False,False,False,False,False,20250324_3FLfun1,False,False,False,False,False
8,False,False,False,False,False,False,False,False,False,False,20250324_3FLfun1,False,False,False,False,False
9,False,False,False,False,False,False,False,False,True,False,20250324_3FLfun1,False,False,False,False,False
10,False,False,False,False,False,False,True,False,False,False,20250324_3FLfun1,False,False,False,False,False
11,False,False,False,False,False,False,False,False,False,False,20250324_3FLfun1,False,False,False,False,False
12,False,False,False,False,False,False,False,False,False,False,20250324_3FLfun1,False,False,False,False,False
13,False,False,False,False,False,False,True,False,False,False,20250324_3FLfun1,False,False,False,False,False
14,False,False,False,False,False,False,False,False,False,False,20250324_3FLfun1,False,False,False,False,False
15,False,False,False,False,False,False,False,False,False,False,20250324_3FLfun1,False,False,False,False,False
16,False,False,False,False,False,False,False,False,False,False,20250324_3FLfun1,False,False,False,False,False
17,False,False,False,False,False,False,False,False,False,False,20250324_3FLfun1,False,False,False,False,False
18,False,False,False,False,False,False,False,False,False,False,20250324_3FLfun1,False,False,False,False,False
19,False,False,False,False,False,False,False,False,False,False,20250324_3FLfun1,False,False,False,False,False
20,False,False,False,False,False,False,False,False,False,False,20250324_3FLfun1,False,False,False,False,False
21,False,False,False,False,False,False,False,False,False,False,20250324_3FLfun1,False,False,False,False,False
22,False,False,True,False,False,False,False,False,True,False,20250324_3FLfun1,False,True,False,True,False
23,False,False,False,False,False,False,False,False,False,False,20250324_3FLfun1,False,False,False,False,False
24,False,False,False,False,False,False,False,False,False,False,20250324_3FLfun1,False,False,False,False,False
25,False,False,False,False,False,False,False,False,False,False,20250324_3FLfun1,False,False,False,False,False
26,False,False,False,False,False,False,False,False,False,False,20250324_3FLfun1,False,False,False,False,False
27,False,False,False,False,False,True,False,False,False,False,20250324_3FLfun1,False,False,False,False,False
28,False,False,True,False,False,True,True,False,True,False,20250324_3FLfun1,False,True,False,True,False
29,True,False,False,False,True,True,False,False,False,True,20250324_3FLfun1,True,True,True,False,False
30,False,False,True,False,False,False,True,False,True,False,20250324_3FLfun1,False,True,False,True,False
31,False,False,False,False,False,False,False,False,False,False,20250324_3FLfun1,False,False,False,False,False
32,False,False,True,False,False,False,False,False,False,False,20250324_3FLfun1,False,True,False,True,False
33,False,False,False,False,False,False,False,False,False,False,20250324_3FLfun1,False,False,False,False,False
34,False,False,False,False,False,False,False,False,False,False,20250324_3FLfun1,False,False,False,False,False
35,False,False,False,False,False,False,False,False,False,False,20250324_3FLfun1,False,False,False,False,False
36,False,False,False,False,False,False,False,False,False,False,20250324_3FLfun1,False,False,False,False,False
37,False,False,False,False,False,False,False,False,False,False,20250324_3FLfun1,False,False,False,False,False
38,False,True,False,False,False,False,False,False,False,False,20250324_3FLfun1,True,False,False,True,True
39,False,False,False,False,False,False,False,False,False,False,20250324_3FLfun1,False,False,False,False,False
40,False,False,False,False,False,False,False,False,False,False,20250324_3FLfun1,False,False,False,False,False
41,False,False,False,False,False,False,False,False,False,False,20250324_3FLfun1,False,False,False,False,False
42,False,False,False,False,False,False,False,False,False,False,20250324_3FLfun1,False,False,False,False,False
43,False,False,False,False,True,False,True,False,False,False,20250324_3FLfun1,False,False,False,False,False
44,False,False,False,False,False,False,False,False,False,False,20250324_3FLfun1,False,False,False,False,False
45,False,False,False,False,False,False,False,False,False,False,20250324_3FLfun1,False,False,False,False,False
46,False,False,False,False,False,False,False,False,False,False,20250324_3FLfun1,False,False,False,False,False
47,False,False,False,False,False,False,True,False,False,False,20250324_3FLfun1,False,False,False,False,False
48,False,False,True,False,False,False,False,False,False,False,20250324_3FLfun1,False,True,False,True,False
49,False,False,False,False,False,False,False,False,False,False,20250324_3FLfun1,False,False,False,False,False
50,False,False,False,False,False,False,False,False,False,False,20250324_3FLfun1,False,False,False,False,False
51,True,False,True,False,False,True,False,False,False,True,20250324_3FLfun1,True,True,True,True,False
52,False,False,False,False,False,False,False,False,False,False,20250324_3FLfun1,False,False,False,False,False
53,False,False,False,False,False,False,False,False,False,False,20250324_3FLfun1,False,False,False,False,False
54,False,False,False,False,False,False,False,False,True,False,20250324_3FLfun1,False,False,False,False,False
55,False,False,False,False,False,False,False,False,False,True,20250324_3FLfun1,False,False,False,False,False
56,False,False,False,False,False,False,False,False,False,False,20250324_3FLfun1,False,False,False,False,False
57,False,False,False,False,False,False,False,False,True,False,20250324_3FLfun1,False,False,False,False,False
58,False,False,False,False,False,False,False,False,False,False,20250324_3FLfun1,False,False,False,False,False
59,False,False,False,False,False,False,True,False,True,False,20250324_3FLfun1,False,False,False,False,False
60,False,False,False,False,False,False,False,False,False,False,20250324_3FLfun1,False,False,False,False,False
61,False,False,False,False,False,False,True,False,False,False,20250324_3FLfun1,False,False,False,False,False
62,False,False,False,False,False,False,False,False,False,False,20250324_3FLfun1,False,False,False,False,False
63,False,False,False,False,False,True,True,False,True,False,20250324_3FLfun1,False,False,False,False,False
64,False,False,False,False,False,False,False,False,False,False,20250324_3FLfun1,False,False,False,False,False
65,False,False,False,False,False,False,False,False,False,False,20250324_3FLfun1,False,False,False,False,False
66,False,False,False,False,False,False,False,False,False,False,20250324_3FLfun1,False,False,False,False,False
67,False,False,False,False,False,False,True,False,False,False,20250324_3FLfun1,False,False,False,False,False
68,False,False,True,True,False,False,False,False,False,False,20250324_3FLfun1,False,True,True,True,True
69,False,False,False,False,False,False,False,False,False,False,20250324_3FLfun1,False,False,False,False,False
70,False,False,False,False,False,False,False,False,False,False,20250324_3FLfun1,False,False,False,False,False
71,False,False,True,False,False,False,False,False,True,False,20250324_3FLfun1,False,True,False,True,False
72,False,False,False,False,False,False,False,False,False,False,20250324_3FLfun1,False,False,False,False,False
73,False,False,False,False,False,False,False,False,False,False,20250324_3FLfun1,False,False,False,False,False
74,False,False,False,False,False,True,True,False,False,False,20250324_3FLfun1,False,False,False,False,False
75,False,False,False,False,False,False,False,False,False,False,20250324_3FLfun1,False,False,False,False,False
76,False,False,False,False,False,False,False,False,False,False,20250324_3FLfun1,False,False,False,False,False
77,False,False,False,False,False,False,False,False,False,False,20250324_3FLfun1,False,False,False,False,False
78,False,False,False,False,False,False,False,False,False,False,20250324_3FLfun1,False,False,False,False,False
79,False,False,False,False,False,False,False,False,False,False,20250324_3FLfun1,False,False,False,False,False
80,False,False,False,False,False,False,True,False,False,False,20250324_3FLfun1,False,False,False,False,False
81,False,False,False,False,False,False,False,False,False,False,20250324_3FLfun1,False,False,False,False,False
82,False,False,False,False,False,False,False,False,False,False,20250324_3FLfun1,False,False,False,False,False
83,False,False,False,False,False,False,False,False,False,False,20250324_3FLfun1,False,False,False,False,False
84,False,False,False,False,False,False,False,False,False,False,20250324_3FLfun1,False,False,False,False,False
85,False,False,False,False,False,False,False,False,False,False,20250324_3FLfun1,False,False,False,False,False
86,False,False,False,False,False,False,False,False,True,False,20250324_3FLfun1,False,False,False,False,False
87,False,False,True,False,False,False,False,False,True,False,20250324_3FLfun1,False,True,False,True,False
88,False,False,False,False,False,False,False,False,False,False,20250324_3FLfun1,False,False,False,False,False
89,False,False,False,False,False,False,False,False,False,False,20250324_3FLfun1,False,False,False,False,False
90,False,False,False,False,False,False,False,False,False,False,20250324_3FLfun1,False,False,False,False,False
91,False,False,False,False,False,False,False,False,False,False,20250324_3FLfun1,False,False,False,False,False
92,False,False,False,False,False,False,False,False,False,False,20250324_3FLfun1,False,False,False,False,False
93,False,False,True,False,False,False,False,False,False,False,20250324_3FLfun1,False,True,False,True,False
94,False,False,False,False,False,False,False,False,False,False,20250324_3FLfun1,False,False,False,False,False
95,True,False,False,False,False,False,True,False,False,False,20250324_3FLfun1,True,True,True,False,False
96,True,False,False,False,False,False,False,False,False,False,20250324_3FLfun1,True,True,True,False,False
97,False,False,False,False,False,False,False,False,False,False,20250324_3FLfun1,False,False,False,False,False
98,False,False,False,False,False,False,False,False,False,False,20250324_3FLfun1,False,False,False,False,False
99,False,False,False,False,False,False,False,False,False,False,20250324_3FLfun1,False,False,False,False,False
100,False,False,False,False,False,False,False,False,False,False,20250324_3FLfun1,False,False,False,False,False
101,False,False,False,False,False,False,False,False,True,False,20250324_3FLfun1,False,False,False,False,False
102,False,False,True,False,False,False,True,False,True,False,20250324_3FLfun1,False,True,False,True,False
103,False,False,False,False,False,False,False,False,False,False,20250324_3FLfun1,False,False,False,False,False
104,False,False,False,False,False,False,False,False,False,False,20250324_3FLfun1,False,False,False,False,False
105,False,False,False,False,False,False,False,False,False,False,20250324_3FLfun1,False,False,False,False,False
106,False,False,False,False,False,False,False,False,False,False,20250324_3FLfun1,False,False,False,False,False
107,False,False,True,False,False,False,False,False,False,False,20250324_3FLfun1,False,True,False,True,False
108,False,False,True,False,False,False,True,False,True,False,20250324_3FLfun1,False,True,False,True,False
109,True,False,False,False,True,True,False,False,False,True,20250324_3FLfun1,True,True,True,False,False
110,False,False,True,False,False,False,False,False,False,False,20250324_3FLfun1,False,True,False,True,False
111,False,False,True,True,False,False,True,False,True,False,20250324_3FLfun1,False,True,True,True,True
112,False,False,False,False,False,False,False,False,False,False,20250324_3FLfun1,False,False,False,False,False
113,False,False,False,False,False,False,False,False,False,False,20250324_3FLfun1,False,False,False,False,False
114,False,False,False,False,False,False,False,False,False,False,20250324_3FLfun1,False,False,False,False,False
115,False,False,False,False,False,False,False,False,False,False,20250324_3FLfun1,False,False,False,False,False
116,False,False,False,False,False,False,False,False,False,False,20250324_3FLfun1,False,False,False,False,False
117,False,False,False,False,False,False,False,False,False,False,20250324_3FLfun1,False,False,False,False,False
118,False,False,False,False,False,False,False,False,False,False,20250324_3FLfun1,False,False,False,False,False
119,False,False,False,False,False,False,False,False,False,False,20250324_3FLfun1,False,False,False,False,False
120,False,False,False,False,False,False,False,False,False,False,20250324_3FLfun1,False,False,False,False,False
121,False,False,False,False,False,False,False,False,False,False,20250324_3FLfun1,False,False,False,False,False
122,False,False,False,False,False,False,False,False,False,False,20250324_3FLfun1,False,False,False,False,False
123,False,False,False,False,False,False,False,False,False,False,20250324_3FLfun1,False,False,False,False,False
124,False,False,False,False,False,False,False,False,False,False,20250324_3FLfun1,False,False,False,False,False
125,False,False,False,False,False,False,False,False,False,False,20250324_3FLfun1,False,False,False,False,False
126,False,False,False,False,False,False,False,False,False,False,20250324_3FLfun1,False,False,False,False,False
127,False,False,False,False,False,False,False,False,False,False,20250324_3FLfun1,False,False,False,False,False
128,False,False,False,False,False,False,False,False,False,False,20250324_3FLfun1,False,False,False,False,False
129,True,False,False,False,False,True,True,False,False,False,20250324_3FLfun1,True,True,True,False,False
130,False,False,False,False,False,False,False,False,False,False,20250324_3FLfun1,False,False,False,False,False
131,False,False,False,False,False,False,False,False,False,False,20250324_3FLfun1,False,False,False,False,False
132,False,False,False,False,False,False,False,False,False,False,20250324_3FLfun1,False,False,False,False,False
133,False,False,True,False,False,False,False,False,False,False,20250324_3FLfun1,False,True,False,True,False
134,True,False,True,False,False,True,False,False,True,True,20250324_3FLfun1,True,True,True,True,False
135,False,False,False,False,False,False,False,False,False,False,20250324_3FLfun1,False,False,False,False,False
136,False,False,True,False,False,False,True,False,False,False,20250324_3FLfun1,False,True,False,True,False
137,False,False,False,False,False,False,False,False,True,False,20250324_3FLfun1,False,False,False,False,False
138,False,False,False,False,False,False,False,False,False,False,20250324_3FLfun1,False,False,False,False,False
139,False,False,False,False,False,False,False,False,False,False,20250324_3FLfun1,False,False,False,False,False
140,False,False,False,False,False,False,False,False,False,False,20250324_3FLfun1,False,False,False,False,False
141,False,False,False,False,False,False,False,False,False,False,20250324_3FLfun1,False,False,False,False,False
142,False,False,False,False,False,False,False,False,False,False,20250324_3FLfun1,False,False,False,False,False
143,False,False,False,False,False,False,True,False,False,False,20250324_3FLfun1,False,False,False,False,False
144,False,False,False,False,False,False,False,False,False,False,20250324_3FLfun1,False,False,False,False,False
145,False,False,False,False,False,False,False,False,False,False,20250324_3FLfun1,False,False,False,False,False
146,False,False,False,False,False,False,True,False,True,False,20250324_3FLfun1,False,False,False,False,False
147,False,False,False,False,False,False,False,False,False,False,20250324_3FLfun1,False,False,False,False,False
148,False,False,False,False,False,False,False,False,False,False,20250324_3FLfun1,False,False,False,False,False
149,False,False,False,False,False,False,False,False,False,False,20250324_3FLfun1,False,False,False,False,False
150,False,False,True,True,False,False,False,False,False,False,20250324_3FLfun1,False,True,True,True,True
151,False,False,False,False,False,False,False,False,False,False,20250324_3FLfun1,False,False,False,False,False
152,False,False,False,False,False,False,False,False,False,False,20250324_3FLfun1,False,False,False,False,False
153,False,False,False,False,False,False,False,False,True,False,20250324_3FLfun1,False,False,False,False,False
154,False,False,False,False,False,False,False,False,False,False,20250324_3FLfun1,False,False,False,False,False
155,False,False,False,False,False,False,False,False,False,False,20250324_3FLfun1,False,False,False,False,False
156,False,False,False,True,False,False,False,False,True,False,20250324_3FLfun1,False,False,True,False,True
157,False,False,False,False,False,False,False,False,True,False,20250324_3FLfun1,False,False,False,False,False
158,False,False,False,False,False,False,False,False,False,False,20250324_3FLfun1,False,False,False,False,False
159,False,False,False,False,False,False,False,False,False,False,20250324_3FLfun1,False,False,False,False,False
160,False,False,False,False,False,False,False,False,False,False,20250324_3FLfun1,False,False,False,False,False
161,False,False,False,False,False,False,False,False,False,False,20250324_3FLfun1,False,False,False,False,False
162,False,False,False,False,False,False,True,False,False,False,20250324_3FLfun1,False,False,False,False,False
163,False,False,False,False,False,False,False,False,False,False,20250324_3FLfun1,False,False,False,False,False
164,False,False,False,False,False,False,False,False,False,False,20250324_3FLfun1,False,False,False,False,False
165,False,False,False,False,False,False,False,False,False,False,20250324_3FLfun1,False,False,False,False,False
166,False,False,False,False,False,False,False,False,True,False,20250324_3FLfun1,False,False,False,False,False
167,False,False,False,False,False,False,False,False,False,False,20250324_3FLfun1,False,False,False,False,False
168,False,False,False,False,False,False,False,False,False,False,20250324_3FLfun1,False,False,False,False,False
169,False,False,False,False,False,False,False,False,False,False,20250324_3FLfun1,False,False,False,False,False
170,True,False,False,False,False,False,False,False,False,False,20250324_3FLfun1,True,True,True,False,False
171,False,False,False,False,False,False,False,False,False,False,20250324_3FLfun1,False,False,False,False,False
172,False,False,False,False,False,False,False,False,False,False,20250324_3FLfun1,False,False,False,False,False
173,False,False,False,False,False,False,False,False,False,False,20250324_3FLfun1,False,False,False,False,False
174,True,False,True,False,True,True,True,False,True,False,20250324_3FLfun1,True,True,True,True,False
175,False,False,False,False,False,True,False,False,False,False,20250324_3FLfun1,False,False,False,False,False
176,False,False,True,False,False,False,False,False,False,False,20250324_3FLfun1,False,True,False,True,False
177,False,False,False,False,False,False,False,False,False,False,20250324_3FLfun1,False,False,False,False,False
178,False,False,False,False,False,False,False,False,False,False,20250324_3FLfun1,False,False,False,False,False
179,False,False,False,False,False,False,False,False,False,False,20250324_3FLfun1,False,False,False,False,False
180,False,False,False,False,False,True,False,False,False,False,20250324_3FLfun1,False,False,False,False,False
181,False,False,False,False,False,True,False,False,False,False,20250324_3FLfun1,False,False,False,False,False
182,True,False,False,False,False,False,True,False,False,False,20250324_3FLfun1,True,True,True,False,False
183,False,False,False,False,False,False,False,False,False,False,20250324_3FLfun1,False,False,False,False,False
184,False,False,False,False,False,False,False,False,False,False,20250324_3FLfun1,False,False,False,False,False
185,False,False,False,False,False,False,False,False,False,False,20250324_3FLfun1,False,False,False,False,False
186,False,False,False,False,True,False,False,False,False,False,20250324_3FLfun1,False,False,False,False,False
187,False,False,False,False,False,False,False,False,False,False,20250324_3FLfun1,False,False,False,False,False
188,False,False,False,False,False,False,False,False,False,False,20250324_3FLfun1,False,False,False,False,False
189,False,False,False,False,False,False,False,False,False,False,20250324_3FLfun1,False,False,False,False,False
190,False,False,False,False,False,False,False,False,False,False,20250324_3FLfun1,False,False,False,False,False
191,False,False,False,False,False,False,False,False,False,False,20250324_3FLfun1,False,False,False,False,False
192,False,False,False,False,False,False,False,False,False,False,20250324_3FLfun1,False,False,False,False,False
193,True,False,False,False,True,True,True,False,False,False,20250324_3FLfun1,True,True,True,False,False
194,False,False,False,True,False,False,False,False,False,False,20250324_3FLfun1,False,False,True,False,True
195,True,False,True,False,False,True,True,False,True,False,20250324_3FLfun1,True,True,True,True,False
196,False,False,False,False,False,False,False,False,False,False,20250324_3FLfun1,False,False,False,False,False
197,False,False,False,False,False,False,False,False,True,False,20250324_3FLfun1,False,False,False,False,False
198,False,False,False,False,False,False,False,False,False,False,20250324_3FLfun1,False,False,False,False,False
199,False,False,False,False,False,False,False,False,False,False,20250324_3FLfun1,False,False,False,False,False
200,False,False,False,False,False,False,False,False,False,False,20250324_3FLfun1,False,False,False,False,False
201,False,False,False,False,False,False,False,False,False,False,20250324_3FLfun1,False,False,False,False,False
202,False,False,True,False,False,False,True,True,True,False,20250324_3FLfun1,False,True,False,True,False
203,True,False,True,False,True,True,True,False,False,False,20250324_3FLfun1,True,True,True,True,False
204,False,False,False,False,False,False,False,False,False,False,20250324_3FLfun1,False,False,False,False,False
205,False,False,False,False,False,False,False,False,False,False,20250324_3FLfun1,False,False,False,False,False
206,False,False,False,False,False,False,False,False,False,False,20250324_3FLfun1,False,False,False,False,False
207,False,False,False,False,False,False,True,False,False,False,20250324_3FLfun1,False,False,False,False,False
208,False,False,False,False,False,False,False,False,False,False,20250324_3FLfun1,False,False,False,False,False
209,False,False,False,False,False,False,False,False,False,False,20250324_3FLfun1,False,False,False,False,False
210,False,False,False,False,False,False,True,False,False,False,20250324_3FLfun1,False,False,False,False,False
211,False,False,False,False,False,False,False,False,False,False,20250324_3FLfun1,False,False,False,False,False
212,False,False,False,False,False,False,False,False,False,False,20250324_3FLfun1,False,False,False,False,False
213,False,False,False,False,False,False,False,False,False,False,20250324_3FLfun1,False,False,False,False,False
214,True,False,False,False,True,True,True,False,False,True,20250324_3FLfun1,True,True,True,False,False
215,False,False,False,False,False,False,False,False,False,False,20250324_3FLfun1,False,False,False,False,False
216,False,False,False,False,False,False,False,True,True,False,20250324_3FLfun1,False,False,False,False,False
217,False,False,True,False,False,False,False,False,False,False,20250324_3FLfun1,False,True,False,True,False
218,False,False,False,False,False,False,False,False,False,False,20250324_3FLfun1,False,False,False,False,False
219,False,False,True,True,False,False,True,False,True,False,20250324_3FLfun1,False,True,True,True,True
220,False,False,False,False,False,False,False,False,False,False,20250324_3FLfun1,False,False,False,False,False
221,False,False,False,False,False,False,False,False,False,False,20250324_3FLfun1,False,False,False,False,False
222,False,False,False,False,False,False,False,False,False,False,20250324_3FLfun1,False,False,False,False,False
223,False,False,True,False,False,False,True,False,False,False,20250324_3FLfun1,False,True,False,True,False
224,False,False,False,False,False,False,False,False,False,False,20250324_3FLfun1,False,False,False,False,False
225,False,False,False,False,False,False,False,False,False,False,20250324_3FLfun1,False,False,False,False,False
226,False,False,False,False,False,False,False,False,False,False,20250324_3FLfun1,False,False,False,False,False
227,False,False,False,False,False,False,False,False,False,False,20250324_3FLfun1,False,False,False,False,False
228,False,False,False,False,False,False,False,False,False,False,20250324_3FLfun1,False,False,False,False,False
229,False,False,False,False,False,False,False,False,False,False,20250324_3FLfun1,False,False,False,False,False
230,False,False,False,False,False,False,False,False,False,False,20250324_3FLfun1,False,False,False,False,False
231,False,False,False,False,False,False,False,False,False,False,20250324_3FLfun1,False,False,False,False,False
232,False,False,False,False,False,False,False,False,False,False,20250324_3FLfun1,False,False,False,False,False
233,False,False,False,False,False,False,False,False,False,False,20250324_3FLfun1,False,False,False,False,False
234,False,False,False,False,False,False,False,False,False,False,20250324_3FLfun1,False,False,False,False,False
235,False,False,False,False,False,False,False,False,False,False,20250324_3FLfun1,False,False,False,False,False
236,True,False,True,False,False,True,True,False,True,False,20250324_3FLfun1,True,True,True,True,False
237,False,False,False,False,False,False,False,False,False,False,20250324_3FLfun1,False,False,False,False,False
238,False,False,False,False,False,False,True,False,False,False,20250324_3FLfun1,False,False,False,False,False
239,False,False,False,False,False,False,False,False,False,False,20250324_3FLfun1,False,False,False,False,False
240,False,False,False,False,False,True,False,False,False,False,20250324_3FLfun1,False,False,False,False,False
241,False,False,False,False,False,False,True,False,False,False,20250324_3FLfun1,False,False,False,False,False
242,False,False,False,False,False,False,False,False,False,False,20250324_3FLfun1,False,False,False,False,False
243,True,False,False,False,False,False,True,False,False,False,20250324_3FLfun1,True,True,True,False,False
244,False,False,False,False,False,False,False,False,False,False,20250324_3FLfun1,False,False,False,False,False
245,False,False,False,False,False,False,False,False,False,False,20250324_3FLfun1,False,False,False,False,False
246,False,False,False,False,False,False,False,False,False,False,20250324_3FLfun1,False,False,False,False,False
247,False,False,False,False,False,False,False,False,False,False,20250324_3FLfun1,False,False,False,False,False
248,False,False,True,False,False,False,True,False,False,False,20250324_3FLfun1,False,True,False,True,False
249,False,False,False,False,False,False,False,False,False,False,20250324_3FLfun1,False,False,False,False,False
250,False,False,False,False,False,False,False,False,False,False,20250324_3FLfun1,False,False,False,False,False
251,False,False,False,False,False,False,False,False,True,False,20250324_3FLfun1,False,False,False,False,False
252,False,False,False,False,False,False,False,False,False,False,20250324_3FLfun1,False,False,False,False,False
253,False,False,False,False,False,False,False,False,False,False,20250324_3FLfun1,False,False,False,False,False
254,False,False,False,True,False,False,False,False,False,False,20250324_3FLfun1,False,False,True,False,True
255,False,False,False,False,False,False,False,False,False,False,20250324_3FLfun1,False,False,False,False,False
256,False,False,False,False,False,False,False,False,False,False,20250324_3FLfun1,False,False,False,False,False
257,False,False,False,False,False,False,False,False,False,False,20250324_3FLfun1,False,False,False,False,False
258,False,False,False,False,False,False,False,False,False,False,20250324_3FLfun1,False,False,False,False,False
259,False,False,False,False,False,False,False,False,False,False,20250324_3FLfun1,False,False,False,False,False
260,False,False,False,False,False,False,True,False,False,False,20250324_3FLfun1,False,False,False,False,False
261,False,False,False,False,False,False,False,False,False,False,20250324_3FLfun1,False,False,False,False,False
262,False,False,False,False,False,False,False,False,False,False,20250324_3FLfun1,False,False,False,False,False
263,False,False,False,True,False,True,True,False,True,False,20250324_3FLfun1,False,False,True,False,True
264,False,False,False,False,False,False,False,False,False,False,20250324_3FLfun1,False,False,False,False,False
265,False,False,False,True,False,False,False,False,True,False,20250324_3FLfun1,False,False,True,False,True
266,False,False,False,True,False,True,False,False,True,True,20250324_3FLfun1,False,False,True,False,True
267,False,False,True,False,False,False,False,False,False,False,20250324_3FLfun1,False,True,False,True,False
268,False,False,False,False,False,False,False,False,False,False,20250324_3FLfun1,False,False,False,False,False
269,False,False,False,True,False,False,False,True,True,False,20250324_3FLfun1,False,False,True,False,True
270,False,False,False,False,False,False,False,False,False,False,20250324_3FLfun1,False,False,False,False,False
271,False,False,False,False,False,False,False,False,False,False,20250324_3FLfun1,False,False,False,False,False
272,False,False,False,False,False,False,True,False,False,False,20250324_3FLfun1,False,False,False,False,False
273,False,False,False,False,False,False,False,False,False,False,20250324_3FLfun1,False,False,False,False,False
274,False,False,False,False,False,False,False,False,False,False,20250324_3FLfun1,False,False,False,False,False
275,False,False,False,True,False,False,False,False,False,False,20250324_3FLfun1,False,False,True,False,True
276,True,False,False,False,False,False,False,False,False,False,20250324_3FLfun1,True,True,True,False,False
277,False,False,False,False,False,False,False,False,False,False,20250324_3FLfun1,False,False,False,False,False
278,False,False,False,False,False,False,False,False,False,False,20250324_3FLfun1,False,False,False,False,False
279,False,False,False,False,False,True,True,False,False,False,20250324_3FLfun1,False,False,False,False,False
280,False,False,False,False,False,False,False,False,False,False,20250324_3FLfun1,False,False,False,False,False
281,False,False,False,False,False,False,False,False,False,False,20250324_3FLfun1,False,False,False,False,False
282,True,False,True,False,True,True,True,False,True,False,20250324_3FLfun1,True,True,True,True,False
283,False,False,True,False,False,False,False,False,False,False,20250324_3FLfun1,False,True,False,True,False
284,False,False,False,False,False,False,False,False,False,False,20250324_3FLfun1,False,False,False,False,False
285,False,False,False,False,False,False,False,False,False,False,20250324_3FLfun1,False,False,False,False,False
286,False,False,False,False,False,True,True,False,False,True,20250324_3FLfun1,False,False,False,False,False
287,False,False,False,False,False,False,False,False,False,False,20250324_3FLfun1,False,False,False,False,False
288,False,False,False,False,False,True,False,False,False,False,20250324_3FLfun1,False,False,False,False,False
289,False,False,False,False,False,False,False,False,False,False,20250324_3FLfun1,False,False,False,False,False
290,True,False,False,False,False,False,True,False,False,False,20250324_3FLfun1,True,True,True,False,False
291,False,False,False,False,False,False,True,False,False,False,20250324_3FLfun1,False,False,False,False,False
292,False,False,False,False,False,False,False,False,True,False,20250324_3FLfun1,False,False,False,False,False
293,False,False,False,False,False,False,False,False,False,False,20250324_3FLfun1,False,False,False,False,False
294,False,False,False,False,False,False,False,False,False,False,20250324_3FLfun1,False,False,False,False,False
295,False,False,False,False,False,False,False,False,False,False,20250324_3FLfun1,False,False,False,False,False
296,False,False,False,False,False,False,False,False,False,False,20250324_3FLfun1,False,False,False,False,False
297,False,False,False,False,False,False,False,False,False,False,20250324_3FLfun1,False,False,False,False,False
298,False,False,False,False,False,False,False,False,False,False,20250324_3FLfun1,False,False,False,False,False
299,False,False,False,False,False,False,False,False,False,False,20250324_3FLfun1,False,False,False,False,False
300,False,False,False,False,False,False,False,False,False,False,20250324_3FLfun1,False,False,False,False,False
301,False,False,False,False,False,False,False,False,False,False,20250324_3FLfun1,False,False,False,False,False
302,False,False,False,False,False,False,False,False,False,False,20250324_3FLfun1,False,False,False,False,False
303,False,False,False,False,False,False,False,False,False,False,20250324_3FLfun1,False,False,False,False,False
304,False,False,True,False,False,False,False,False,False,False,20250324_3FLfun1,False,True,False,True,False
305,False,False,False,False,False,False,False,False,False,True,20250324_3FLfun1,False,False,False,False,False
306,False,False,False,False,False,False,False,False,False,False,20250324_3FLfun1,False,False,False,False,False
307,False,False,False,False,False,False,False,False,False,False,20250324_3FLfun1,False,False,False,False,False
308,False,False,False,False,False,False,False,False,False,False,20250324_3FLfun1,False,False,False,False,False
309,False,False,False,False,False,False,True,False,False,False,20250324_3FLfun1,False,False,False,False,False
310,False,False,True,False,False,False,True,False,True,False,20250324_3FLfun1,False,True,False,True,False
311,True,False,False,False,True,True,True,False,False,False,20250324_3FLfun1,True,True,True,False,False
312,False,False,False,False,False,False,False,False,False,False,20250324_3FLfun1,False,False,False,False,False
313,False,False,False,False,False,False,False,False,False,False,20250324_3FLfun1,False,False,False,False,False
314,False,False,True,False,False,False,True,False,True,False,20250324_3FLfun1,False,True,False,True,False
315,False,False,False,False,False,False,False,False,False,False,20250324_3FLfun1,False,False,False,False,False
316,False,False,False,False,False,False,False,False,False,False,20250324_3FLfun1,False,False,False,False,False
317,False,False,True,False,False,False,True,False,True,False,20250324_3FLfun1,False,True,False,True,False
318,True,False,True,False,False,False,True,False,False,False,20250324_3FLfun1,True,True,True,True,False
319,False,False,False,False,False,False,False,False,False,False,20250324_3FLfun1,False,False,False,False,False
320,False,False,False,False,False,False,False,False,False,False,20250324_3FLfun1,False,False,False,False,False
321,False,False,True,False,False,False,False,True,True,False,20250324_3FLfun1,False,True,False,True,False
322,False,False,False,False,False,False,False,False,False,False,20250324_3FLfun1,False,False,False,False,False
323,False,False,False,False,False,True,False,False,True,True,20250324_3FLfun1,False,False,False,False,False
324,False,False,False,False,False,False,False,False,False,False,20250324_3FLfun1,False,False,False,False,False
325,False,False,False,False,False,False,False,False,False,False,20250324_3FLfun1,False,False,False,False,False
326,False,False,False,False,False,False,False,False,False,False,20250324_3FLfun1,False,False,False,False,False
327,True,False,False,False,True,True,True,False,True,False,20250324_3FLfun1,True,True,True,False,False
328,True,False,False,False,True,False,False,False,False,False,20250324_3FLfun1,True,True,True,False,False
329,False,False,False,True,False,False,False,True,True,False,20250324_3FLfun1,False,False,True,False,True
330,False,False,True,True,False,False,True,False,True,False,20250324_3FLfun1,False,True,True,True,True
331,False,False,True,False,False,False,False,False,False,False,20250324_3FLfun1,False,True,False,True,False
332,True,False,True,False,False,False,True,False,True,False,20250324_3FLfun1,True,True,True,True,False
333,False,False,False,False,False,False,False,False,False,False,20250324_3FLfun1,False,False,False,False,False
334,False,False,False,False,False,False,False,False,False,False,20250324_3FLfun1,False,False,False,False,False
335,False,False,False,False,False,False,False,False,False,False,20250324_3FLfun1,False,False,False,False,False
336,False,False,False,False,False,False,False,False,False,False,20250324_3FLfun1,False,False,False,False,False
337,False,False,False,False,False,False,False,False,False,False,20250324_3FLfun1,False,False,False,False,False
338,False,False,True,False,False,False,True,True,True,False,20250324_3FLfun1,False,True,False,True,False
339,False,False,False,False,False,False,True,False,False,False,20250324_3FLfun1,False,False,False,False,False
340,False,False,True,False,False,False,True,False,True,False,20250324_3FLfun1,False,True,False,True,False
341,False,False,False,False,False,False,False,False,False,False,20250324_3FLfun1,False,False,False,False,False
342,False,False,False,False,False,False,False,False,False,False,20250324_3FLfun1,False,False,False,False,False
343,False,False,False,False,False,False,False,False,True,False,20250324_3FLfun1,False,False,False,False,False
344,False,False,False,False,False,False,False,False,False,False,20250324_3FLfun1,False,False,False,False,False
345,False,False,False,False,False,False,False,False,False,False,20250324_3FLfun1,False,False,False,False,False
346,False,False,False,False,False,False,False,False,False,False,20250324_3FLfun1,False,False,False,False,False
347,False,False,False,False,False,False,False,False,False,False,20250324_3FLfun1,False,False,False,False,False
348,False,False,False,False,False,False,False,False,True,False,20250324_3FLfun1,False,False,False,False,False
349,False,False,False,False,False,False,True,False,False,False,20250324_3FLfun1,False,False,False,False,False
350,False,False,False,False,False,False,True,True,True,False,20250324_3FLfun1,False,False,False,False,False
351,False,False,False,False,False,False,False,False,False,False,20250324_3FLfun1,False,False,False,False,False
352,False,False,False,False,False,False,False,False,False,False,20250324_3FLfun1,False,False,False,False,False
353,False,False,False,False,False,False,False,False,False,False,20250324_3FLfun1,False,False,False,False,False
354,False,False,False,False,False,False,False,False,False,False,20250324_3FLfun1,False,False,False,False,False
355,False,False,False,False,False,False,False,True,True,False,20250324_3FLfun1,False,False,False,False,False
356,False,False,False,False,False,False,True,False,False,False,20250324_3FLfun1,False,False,False,False,False
357,False,False,False,False,False,False,False,False,False,False,20250324_3FLfun1,False,False,False,False,False
358,False,False,False,False,False,False,False,False,True,False,20250324_3FLfun1,False,False,False,False,False
359,False,False,False,False,False,False,False,False,False,False,20250324_3FLfun1,False,False,False,False,False
360,False,False,False,False,False,False,False,False,False,False,20250324_3FLfun1,False,False,False,False,False
361,False,False,False,False,True,False,True,False,False,False,20250324_3FLfun1,False,False,False,False,False
362,False,False,False,False,False,False,False,False,False,False,20250324_3FLfun1,False,False,False,False,False
363,False,False,False,False,False,False,False,False,False,False,20250324_3FLfun1,False,False,False,False,False
364,False,False,True,False,False,False,True,False,False,False,20250324_3FLfun1,False,True,False,True,False
365,False,False,True,False,False,True,True,False,False,False,20250324_3FLfun1,False,True,False,True,False
366,False,False,False,False,False,False,False,False,False,False,20250324_3FLfun1,False,False,False,False,False
367,False,False,False,False,False,False,False,False,False,False,20250324_3FLfun1,False,False,False,False,False
368,False,False,False,False,False,False,False,False,False,False,20250324_3FLfun1,False,False,False,False,False
369,False,False,False,False,False,False,False,False,False,False,20250324_3FLfun1,False,False,False,False,False
370,False,False,False,False,False,False,False,False,False,False,20250324_3FLfun1,False,False,False,False,False
371,False,False,False,False,False,False,False,False,True,False,20250324_3FLfun1,False,False,False,False,False
372,False,False,False,False,False,False,False,False,False,False,20250324_3FLfun1,False,False,False,False,False
373,True,False,True,False,False,True,True,False,True,False,20250324_3FLfun1,True,True,True,True,False
374,False,False,False,False,False,True,False,False,False,False,20250324_3FLfun1,False,False,False,False,False
375,False,False,False,False,False,False,True,False,False,False,20250324_3FLfun1,False,False,False,False,False
376,False,False,False,False,False,False,False,False,False,False,20250324_3FLfun1,False,False,False,False,False
377,False,False,False,False,False,False,False,False,False,False,20250324_3FLfun1,False,False,False,False,False
378,False,False,False,False,False,False,False,False,False,False,20250324_3FLfun1,False,False,False,False,False
379,False,False,False,False,False,False,False,False,False,False,20250324_3FLfun1,False,False,False,False,False
380,False,False,False,False,False,False,False,False,False,False,20250324_3FLfun1,False,False,False,False,False
381,False,False,False,False,False,False,False,False,False,False,20250324_3FLfun1,False,False,False,False,False
382,False,False,False,False,False,False,False,False,False,False,20250324_3FLfun1,False,False,False,False,False
383,False,False,False,False,False,False,False,False,False,False,20250324_3FLfun1,False,False,False,False,False
384,False,False,False,False,False,False,False,False,False,False,20250324_3FLfun1,False,False,False,False,False
385,False,False,True,False,False,False,False,False,False,False,20250324_3FLfun1,False,True,False,True,False
386,False,False,False,False,False,False,False,False,False,False,20250324_3FLfun1,False,False,False,False,False
387,False,False,False,False,False,False,False,False,False,False,20250324_3FLfun1,False,False,False,False,False
388,False,False,False,False,False,False,False,False,False,False,20250324_3FLfun1,False,False,False,False,False
389,False,False,False,False,False,False,False,False,False,False,20250324_3FLfun1,False,False,False,False,False
390,False,False,False,False,False,False,False,False,False,False,20250324_3FLfun1,False,False,False,False,False
391,False,False,False,False,False,False,False,False,False,False,20250324_3FLfun1,False,False,False,False,False
392,False,False,False,False,False,False,False,False,False,False,20250324_3FLfun1,False,False,False,False,False
393,False,False,False,False,False,False,False,False,False,False,20250324_3FLfun1,False,False,False,False,False
394,False,False,False,False,False,False,False,False,False,False,20250324_3FLfun1,False,False,False,False,False
395,False,False,False,True,False,False,False,False,False,False,20250324_3FLfun1,False,False,True,False,True
396,False,False,False,False,False,False,False,False,False,False,20250324_3FLfun1,False,False,False,False,False
397,True,False,False,False,False,False,True,False,False,False,20250324_3FLfun1,True,True,True,False,False
398,False,False,False,True,False,True,False,False,True,True,20250324_3FLfun1,False,False,True,False,True
399,False,False,False,False,False,False,False,False,True,False,20250324_3FLfun1,False,False,False,False,False
400,False,False,False,False,False,False,False,False,False,False,20250324_3FLfun1,False,False,False,False,False
401,False,False,False,False,False,False,True,False,True,False,20250324_3FLfun1,False,False,False,False,False
402,False,False,False,False,False,False,False,False,False,False,20250324_3FLfun1,False,False,False,False,False
403,False,False,False,False,False,False,False,False,False,False,20250324_3FLfun1,False,False,False,False,False
404,False,False,False,False,False,False,False,False,False,False,20250324_3FLfun1,False,False,False,False,False
405,False,False,False,False,False,False,False,False,False,False,20250324_3FLfun1,False,False,False,False,False
406,False,False,False,False,False,False,False,False,False,False,20250324_3FLfun1,False,False,False,False,False
407,False,False,False,False,False,False,False,False,False,False,20250324_3FLfun1,False,False,False,False,False
408,False,False,False,False,False,False,False,False,False,False,20250324_3FLfun1,False,False,False,False,False
409,False,False,False,False,False,False,False,False,False,False,20250324_3FLfun1,False,False,False,False,False
410,False,False,False,False,False,True,False,False,False,False,20250324_3FLfun1,False,False,False,False,False
411,False,False,False,False,False,False,False,False,False,False,20250324_3FLfun1,False,False,False,False,False
412,True,False,True,False,True,True,True,False,True,False,20250324_3FLfun1,True,True,True,True,False
413,False,False,False,False,False,False,False,False,False,False,20250324_3FLfun1,False,False,False,False,False
414,False,False,False,False,False,False,False,False,False,False,20250324_3FLfun1,False,False,False,False,False
415,False,False,False,False,False,False,False,False,False,False,20250324_3FLfun1,False,False,False,False,False
416,False,False,False,False,False,False,False,False,False,False,20250324_3FLfun1,False,False,False,False,False
417,False,False,False,False,False,False,False,False,False,False,20250324_3FLfun1,False,False,False,False,False
418,False,False,False,False,False,False,False,False,False,False,20250324_3FLfun1,False,False,False,False,False
419,True,False,False,False,False,False,True,False,False,False,20250324_3FLfun1,True,True,True,False,False
420,False,False,False,False,False,False,False,False,False,False,20250324_3FLfun1,False,False,False,False,False
421,False,False,False,False,False,False,True,False,False,False,20250324_3FLfun1,False,False,False,False,False
422,False,False,False,False,False,True,False,False,False,False,20250324_3FLfun1,False,False,False,False,False
423,False,False,False,False,False,False,False,False,False,False,20250324_3FLfun1,False,False,False,False,False
424,False,False,False,False,False,True,True,False,True,True,20250324_3FLfun1,False,False,False,False,False
425,False,False,False,False,False,False,False,False,False,False,20250324_3FLfun1,False,False,False,False,False
426,False,False,False,False,False,False,False,False,False,False,20250324_3FLfun1,False,False,False,False,False
427,False,False,False,False,False,False,False,False,False,False,20250324_3FLfun1,False,False,False,False,False
428,False,False,False,False,False,False,False,False,False,False,20250324_3FLfun1,False,False,False,False,False
429,False,False,False,False,False,False,False,False,False,False,20250324_3FLfun1,False,False,False,False,False
430,False,False,False,False,False,False,False,False,False,False,20250324_3FLfun1,False,False,False,False,False
431,False,False,False,False,False,False,False,False,False,False,20250324_3FLfun1,False,False,False,False,False
432,False,False,False,False,False,False,False,False,False,False,20250324_3FLfun1,False,False,False,False,False
433,False,False,False,False,False,True,False,False,False,False,20250324_3FLfun1,False,False,False,False,False
434,False,False,False,False,False,False,False,False,False,False,20250324_3FLfun1,False,False,False,False,False
435,False,False,False,False,False,False,True,True,True,True,20250324_3FLfun1,False,False,False,False,False
436,False,False,False,False,False,False,False,False,False,False,20250324_3FLfun1,False,False,False,False,False
437,False,False,False,False,False,False,True,False,False,False,20250324_3FLfun1,False,False,False,False,False
438,False,False,False,False,False,False,False,False,False,False,20250324_3FLfun1,False,False,False,False,False
439,False,False,True,False,False,False,True,False,True,False,20250324_3FLfun1,False,True,False,True,False
440,True,False,False,False,True,True,True,False,False,False,20250324_3FLfun1,True,True,True,False,False
441,False,False,False,False,False,False,False,False,False,False,20250324_3FLfun1,False,False,False,False,False
442,False,False,False,False,False,True,False,False,False,False,20250324_3FLfun1,False,False,False,False,False
443,False,False,False,False,False,False,False,False,True,False,20250324_3FLfun1,False,False,False,False,False
444,False,False,True,False,False,False,True,False,True,False,20250324_3FLfun1,False,True,False,True,False
445,False,False,False,False,False,False,True,False,True,False,20250324_3FLfun1,False,False,False,False,False
446,False,False,False,False,False,False,False,False,False,False,20250324_3FLfun1,False,False,False,False,False
447,False,False,False,False,False,False,False,False,False,False,20250324_3FLfun1,False,False,False,False,False
448,False,False,True,False,False,False,True,False,True,False,20250324_3FLfun1,False,True,False,True,False
449,False,False,False,False,False,False,False,True,True,False,20250324_3FLfun1,False,False,False,False,False
450,False,False,False,True,False,False,False,False,False,False,20250324_3FLfun1,False,False,True,False,True
451,False,False,False,False,False,False,False,False,False,False,20250324_3FLfun1,False,False,False,False,False
452,False,False,False,False,False,False,False,False,False,False,20250324_3FLfun1,False,False,False,False,False
453,False,False,True,False,False,False,True,True,True,True,20250324_3FLfun1,False,True,False,True,False
454,False,False,True,False,False,False,True,False,True,False,20250324_3FLfun1,False,True,False,True,False
455,False,False,False,False,False,False,False,False,False,False,20250324_3FLfun1,False,False,False,False,False
456,False,False,False,False,False,False,True,True,True,False,20250324_3FLfun1,False,False,False,False,False
457,False,False,False,False,False,False,False,False,False,False,20250324_3FLfun1,False,False,False,False,False
458,True,False,False,True,True,True,True,False,False,False,20250324_3FLfun1,True,True,True,False,True
459,True,False,False,False,False,False,True,False,False,False,20250324_3FLfun1,True,True,True,False,False
460,False,False,False,True,False,False,False,False,False,False,20250324_3FLfun1,False,False,True,False,True
461,True,False,True,False,False,False,True,False,False,False,20250324_3FLfun1,True,True,True,True,False
462,True,False,False,False,True,False,True,False,False,False,20250324_3FLfun1,True,True,True,False,False
463,False,False,False,False,False,False,False,False,False,False,20250324_3FLfun1,False,False,False,False,False
464,False,False,False,False,False,False,False,False,False,False,20250324_3FLfun1,False,False,False,False,False
465,False,False,False,False,False,False,False,False,False,False,20250324_3FLfun1,False,False,False,False,False
466,False,False,True,False,False,True,True,True,True,True,20250324_3FLfun1,False,True,False,True,False
467,True,False,False,False,True,False,False,False,False,False,20250324_3FLfun1,True,True,True,False,False
468,True,False,False,False,True,True,False,False,False,False,20250324_3FLfun1,True,True,True,False,False
469,False,False,False,False,False,False,False,False,False,False,20250324_3FLfun1,False,False,False,False,False
470,False,False,False,False,False,False,True,False,False,False,20250324_3FLfun1,False,False,False,False,False
471,False,False,True,False,False,False,True,False,True,True,20250324_3FLfun1,False,True,False,True,False
472,False,False,False,False,False,False,False,False,False,False,20250324_3FLfun1,False,False,False,False,False
473,False,False,False,False,False,False,False,False,False,False,20250324_3FLfun1,False,False,False,False,False
474,False,False,True,False,False,False,True,True,True,False,20250324_3FLfun1,False,True,False,True,False
475,False,False,True,False,False,False,True,False,True,False,20250324_3FLfun1,False,True,False,True,False
476,False,False,False,False,False,False,False,False,False,False,20250324_3FLfun1,False,False,False,False,False
477,False,False,False,False,False,False,False,True,False,False,20250324_3FLfun1,False,False,False,False,False
478,False,False,False,False,False,False,True,False,False,False,20250324_3FLfun1,False,False,False,False,False
479,False,False,False,False,False,False,False,False,False,False,20250324_3FLfun1,False,False,False,False,False
480,False,False,False,False,False,False,False,False,False,False,20250324_3FLfun1,False,False,False,False,False
481,False,False,False,False,False,False,False,False,True,False,20250324_3FLfun1,False,False,False,False,False
482,True,False,True,False,True,True,True,False,False,False,20250324_3FLfun1,True,True,True,True,False
483,False,False,True,False,False,False,True,False,True,False,20250324_3FLfun1,False,True,False,True,False
484,False,False,False,False,False,False,False,False,False,False,20250324_3FLfun1,False,False,False,False,False
485,False,False,False,False,False,False,False,False,False,False,20250324_3FLfun1,False,False,False,False,False
486,False,False,True,False,False,False,True,True,True,False,20250324_3FLfun1,False,True,False,True,False
487,False,False,False,False,False,False,False,False,True,False,20250324_3FLfun1,False,False,False,False,False
488,False,False,True,False,False,False,True,True,True,True,20250324_3FLfun1,False,True,False,True,False
489,False,False,False,False,False,False,True,False,False,False,20250324_3FLfun1,False,False,False,False,False
490,False,False,False,False,False,False,False,False,False,False,20250324_3FLfun1,False,False,False,False,False
491,False,False,False,False,False,False,False,False,False,False,20250324_3FLfun1,False,False,False,False,False
492,False,False,False,False,False,False,True,False,True,False,20250324_3FLfun1,False,False,False,False,False
493,False,False,False,False,False,False,False,False,False,False,20250324_3FLfun1,False,False,False,False,False
494,False,False,False,False,False,False,False,False,False,False,20250324_3FLfun1,False,False,False,False,False
495,False,False,False,False,False,False,True,False,False,False,20250324_3FLfun1,False,False,False,False,False
496,False,False,False,False,False,False,False,False,True,False,20250324_3FLfun1,False,False,False,False,False
497,False,False,False,False,False,False,False,False,False,False,20250324_3FLfun1,False,False,False,False,False
498,False,False,False,False,True,False,True,True,True,False,20250324_3FLfun1,False,False,False,False,False
499,False,False,False,False,False,False,False,True,True,False,20250324_3FLfun1,False,False,False,False,False
500,False,False,False,False,False,False,False,False,False,False,20250324_3FLfun1,False,False,False,False,False
501,False,False,False,False,False,False,False,False,False,False,20250324_3FLfun1,False,False,False,False,False
502,False,False,False,False,False,False,False,False,False,False,20250324_3FLfun1,False,False,False,False,False
503,False,False,False,False,False,False,False,False,False,False,20250324_3FLfun1,False,False,False,False,False
504,False,False,False,False,False,False,False,False,False,False,20250324_3FLfun1,False,False,False,False,False
505,False,False,False,False,False,False,False,False,False,False,20250324_3FLfun1,False,False,False,False,False
506,False,False,False,False,False,True,True,False,True,False,20250324_3FLfun1,False,False,False,False,False
507,False,False,False,False,False,False,False,False,False,False,20250324_3FLfun1,False,False,False,False,False
508,False,False,False,False,False,False,False,False,False,False,20250324_3FLfun1,False,False,False,False,False
509,False,False,False,False,False,False,False,False,False,False,20250324_3FLfun1,False,False,False,False,False
510,False,False,False,False,False,False,True,False,False,False,20250324_3FLfun1,False,False,False,False,False
511,False,False,False,False,False,False,False,False,False,False,20250324_3FLfun1,False,False,False,False,False
512,False,False,False,False,False,False,False,False,False,False,20250324_3FLfun1,False,False,False,False,False
513,False,False,False,False,False,False,False,False,False,False,20250324_3FLfun1,False,False,False,False,False
514,False,False,False,False,False,False,True,False,False,False,20250324_3FLfun1,False,False,False,False,False
515,False,False,False,False,False,False,False,False,False,False,20250324_3FLfun1,False,False,False,False,False
516,False,False,False,False,False,False,False,False,False,False,20250324_3FLfun1,False,False,False,False,False
517,False,False,False,False,False,False,False,False,False,False,20250324_3FLfun1,False,False,False,False,False
518,False,False,False,False,False,False,False,False,False,False,20250324_3FLfun1,False,False,False,False,False
519,False,False,False,False,False,False,False,False,False,False,20250324_3FLfun1,False,False,False,False,False
520,False,False,False,False,False,False,False,False,False,False,20250324_3FLfun1,False,False,False,False,False
521,False,False,False,False,False,False,False,False,False,False,20250324_3FLfun1,False,False,False,False,False
522,False,False,False,False,False,False,False,False,False,False,20250324_3FLfun1,False,False,False,False,False
523,False,False,False,False,False,False,False,False,False,False,20250324_3FLfun1,False,False,False,False,False
524,False,False,False,False,False,False,False,False,False,False,20250324_3FLfun1,False,False,False,False,False
525,True,False,False,False,True,True,True,False,False,False,20250324_3FLfun1,True,True,True,False,False
526,False,False,False,False,False,False,False,False,False,False,20250324_3FLfun1,False,False,False,False,False
527,False,False,False,False,False,False,False,False,False,False,20250324_3FLfun1,False,False,False,False,False
528,False,False,False,False,False,False,False,False,False,False,20250324_3FLfun1,False,False,False,False,False
529,False,False,False,False,False,False,True,False,False,False,20250324_3FLfun1,False,False,False,False,False
530,False,False,False,True,False,False,False,False,False,False,20250324_3FLfun1,False,False,True,False,True
531,False,False,False,False,False,False,False,False,False,False,20250324_3FLfun1,False,False,False,False,False
532,True,False,False,False,False,False,True,False,False,True,20250324_3FLfun1,True,True,True,False,False
533,False,False,False,False,False,False,True,False,True,False,20250324_3FLfun1,False,False,False,False,False
534,False,False,True,False,False,False,True,False,True,False,20250324_3FLfun1,False,True,False,True,False
535,False,False,False,False,False,False,False,False,False,False,20250324_3FLfun1,False,False,False,False,False
536,False,False,False,False,False,False,False,False,False,False,20250324_3FLfun1,False,False,False,False,False
537,False,False,False,False,False,False,False,False,False,False,20250324_3FLfun1,False,False,False,False,False
538,False,False,False,False,False,False,False,False,False,False,20250324_3FLfun1,False,False,False,False,False
539,False,False,False,False,False,False,False,False,False,False,20250324_3FLfun1,False,False,False,False,False
540,False,False,False,False,False,False,True,False,True,False,20250324_3FLfun1,False,False,False,False,False
541,False,False,False,False,False,False,False,False,False,False,20250324_3FLfun1,False,False,False,False,False
542,False,False,False,False,False,False,True,False,False,False,20250324_3FLfun1,False,False,False,False,False
543,False,False,False,False,False,False,False,False,False,False,20250324_3FLfun1,False,False,False,False,False
544,False,False,False,False,False,False,False,False,False,False,20250324_3FLfun1,False,False,False,False,False
545,False,False,False,False,False,False,False,False,False,False,20250324_3FLfun1,False,False,False,False,False
546,False,False,False,False,False,False,False,False,False,False,20250324_3FLfun1,False,False,False,False,False
547,False,False,False,False,False,False,False,False,False,False,20250324_3FLfun1,False,False,False,False,False
548,False,False,False,False,False,False,False,False,False,False,20250324_3FLfun1,False,False,False,False,False
549,False,False,False,False,False,False,False,False,False,False,20250324_3FLfun1,False,False,False,False,False
550,False,False,True,False,False,True,True,False,False,False,20250324_3FLfun1,False,True,False,True,False
551,False,False,False,True,False,True,False,False,False,True,20250324_3FLfun1,False,False,True,False,True
552,False,False,False,False,False,False,False,False,False,False,20250324_3FLfun1,False,False,False,False,False
553,False,False,False,False,False,False,False,False,False,True,20250324_3FLfun1,False,False,False,False,False
554,True,False,True,False,False,False,True,True,True,True,20250324_3FLfun1,True,True,True,True,False
555,False,False,False,False,False,False,False,False,False,False,20250324_3FLfun1,False,False,False,False,False
556,False,False,True,False,False,False,True,False,False,False,20250324_3FLfun1,False,True,False,True,False
557,False,False,False,False,False,False,False,False,False,False,20250324_3FLfun1,False,False,False,False,False
558,True,False,True,False,False,True,True,False,True,True,20250324_3FLfun1,True,True,True,True,False
559,False,False,False,False,False,False,False,False,False,False,20250324_3FLfun1,False,False,False,False,False
560,False,False,False,False,False,False,False,False,False,False,20250324_3FLfun1,False,False,False,False,False
561,False,False,False,False,False,False,False,False,False,False,20250324_3FLfun1,False,False,False,False,False
562,False,False,False,False,False,True,False,False,False,False,20250324_3FLfun1,False,False,False,False,False
563,True,False,False,True,False,False,False,False,False,False,20250324_3FLfun1,True,True,True,False,True
564,False,False,False,False,False,False,False,False,True,False,20250324_3FLfun1,False,False,False,False,False
565,False,False,False,False,False,True,True,False,False,False,20250324_3FLfun1,False,False,False,False,False
566,False,False,True,False,False,False,True,False,False,False,20250324_3FLfun1,False,True,False,True,False
567,False,False,False,False,False,False,False,False,False,False,20250324_3FLfun1,False,False,False,False,False
568,False,False,True,False,False,False,True,False,True,False,20250324_3FLfun1,False,True,False,True,False
569,True,False,False,False,True,False,False,True,True,False,20250324_3FLfun1,True,True,True,False,False
570,False,False,False,True,False,False,False,False,False,False,20250324_3FLfun1,False,False,True,False,True
571,False,False,False,False,False,False,False,False,False,False,20250324_3FLfun1,False,False,False,False,False
572,False,False,False,False,False,False,False,False,False,False,20250324_3FLfun1,False,False,False,False,False
573,False,False,False,False,False,False,False,False,False,False,20250324_3FLfun1,False,False,False,False,False
574,False,False,False,False,False,False,False,False,False,False,20250324_3FLfun1,False,False,False,False,False
575,False,False,False,False,False,False,False,False,False,False,20250324_3FLfun1,False,False,False,False,False
576,False,False,False,False,False,False,False,False,False,False,20250324_3FLfun1,False,False,False,False,False
577,False,False,False,False,False,False,False,False,False,False,20250324_3FLfun1,False,False,False,False,False
578,False,False,False,False,False,False,False,False,False,False,20250324_3FLfun1,False,False,False,False,False
579,False,False,False,False,False,False,False,False,False,True,20250324_3FLfun1,False,False,False,False,False
580,False,False,False,False,False,False,False,False,False,False,20250324_3FLfun1,False,False,False,False,False
581,False,False,False,False,False,False,False,False,False,False,20250324_3FLfun1,False,False,False,False,False
582,False,False,False,False,False,True,True,False,False,False,20250324_3FLfun1,False,False,False,False,False
583,False,False,False,False,False,False,False,False,False,False,20250324_3FLfun1,False,False,False,False,False
584,False,False,True,True,False,True,True,True,True,False,20250324_3FLfun1,False,True,True,True,True
585,True,False,True,False,False,True,True,False,False,False,20250324_3FLfun1,True,True,True,True,False
586,False,False,False,False,False,False,False,False,False,False,20250324_3FLfun1,False,False,False,False,False
587,False,False,True,False,False,True,True,False,True,False,20250324_3FLfun1,False,True,False,True,False
588,False,False,False,False,False,False,False,False,False,False,20250324_3FLfun1,False,False,False,False,False
589,True,False,True,True,False,False,True,True,True,True,20250324_3FLfun1,True,True,True,True,True
590,True,False,False,False,True,True,True,False,True,False,20250324_3FLfun1,True,True,True,False,False
591,False,False,False,False,False,False,False,False,False,False,20250324_3FLfun1,False,False,False,False,False
592,True,False,False,False,True,True,True,False,False,False,20250324_3FLfun1,True,True,True,False,False
593,False,False,True,True,False,True,True,True,True,False,20250324_3FLfun1,False,True,True,True,True
594,False,False,False,False,False,True,False,False,False,False,20250324_3FLfun1,False,False,False,False,False
595,False,False,False,False,False,False,False,False,False,False,20250324_3FLfun1,False,False,False,False,False
596,False,False,False,False,False,False,False,False,False,False,20250324_3FLfun1,False,False,False,False,False
597,False,False,True,False,False,False,False,False,False,False,20250324_3FLfun1,False,True,False,True,False
598,False,False,False,False,False,False,False,False,False,False,20250324_3FLfun1,False,False,False,False,False
599,False,False,False,False,True,False,False,False,False,False,20250324_3FLfun1,False,False,False,False,False
600,True,False,True,False,False,True,True,False,True,False,20250324_3FLfun1,True,True,True,True,False
601,False,False,False,False,False,False,False,False,False,False,20250324_3FLfun1,False,False,False,False,False
602,True,False,False,False,False,False,False,False,False,False,20250324_3FLfun1,True,True,True,False,False
603,False,True,True,False,False,True,True,True,True,True,20250324_3FLfun1,True,True,False,True,True
604,False,False,True,False,False,False,False,False,False,False,20250324_3FLfun1,False,True,False,True,False
605,True,False,False,False,True,True,True,False,False,False,20250324_3FLfun1,True,True,True,False,False
606,False,False,False,False,False,False,True,False,False,False,20250324_3FLfun1,False,False,False,False,False
607,False,False,False,False,False,False,False,False,False,False,20250324_3FLfun1,False,False,False,False,False
608,False,False,False,False,False,False,True,True,True,False,20250324_3FLfun1,False,False,False,False,False
609,False,False,False,False,False,False,False,False,False,False,20250324_3FLfun1,False,False,False,False,False
610,False,False,True,False,False,False,False,False,False,False,20250324_3FLfun1,False,True,False,True,False
611,False,False,True,False,False,False,False,False,False,False,20250324_3FLfun1,False,True,False,True,False
612,False,False,False,False,False,False,False,False,False,False,20250324_3FLfun1,False,False,False,False,False
613,False,False,True,False,False,False,True,False,True,False,20250324_3FLfun1,False,True,False,True,False
614,False,False,False,False,False,False,False,False,False,False,20250324_3FLfun1,False,False,False,False,False
615,False,False,False,False,False,False,True,True,True,False,20250324_3FLfun1,False,False,False,False,False
616,False,False,False,False,False,False,False,False,False,False,20250324_3FLfun1,False,False,False,False,False
617,False,False,False,False,False,False,False,False,False,False,20250324_3FLfun1,False,False,False,False,False
618,False,False,False,False,False,False,False,False,True,False,20250324_3FLfun1,False,False,False,False,False
619,False,False,False,False,False,False,False,False,False,False,20250324_3FLfun1,False,False,False,False,False
620,True,False,False,True,True,True,True,False,True,False,20250324_3FLfun1,True,True,True,False,True
621,False,False,False,False,False,False,False,False,False,False,20250324_3FLfun1,False,False,False,False,False
622,True,False,False,False,True,True,True,False,False,False,20250324_3FLfun1,True,True,True,False,False
623,False,False,True,False,False,False,False,False,False,False,20250324_3FLfun1,False,True,False,True,False
624,False,False,False,True,False,False,False,False,True,False,20250324_3FLfun1,False,False,True,False,True
625,False,False,False,False,False,False,False,False,False,False,20250324_3FLfun1,False,False,False,False,False
626,False,False,False,False,False,False,False,False,False,False,20250324_3FLfun1,False,False,False,False,False
627,False,False,True,False,False,False,True,True,True,False,20250324_3FLfun1,False,True,False,True,False
628,True,False,False,False,False,False,True,False,False,False,20250324_3FLfun1,True,True,True,False,False
629,False,False,False,False,False,False,False,False,False,False,20250324_3FLfun1,False,False,False,False,False
630,False,False,False,False,False,False,False,False,False,False,20250324_3FLfun1,False,False,False,False,False
631,True,False,True,False,True,True,True,True,True,True,20250324_3FLfun1,True,True,True,True,False
632,False,False,False,False,False,False,True,False,True,False,20250324_3FLfun1,False,False,False,False,False
633,False,False,False,False,False,False,False,False,False,False,20250324_3FLfun1,False,False,False,False,False
634,False,False,False,False,False,False,False,False,False,False,20250324_3FLfun1,False,False,False,False,False
635,False,False,False,False,False,False,False,False,False,False,20250324_3FLfun1,False,False,False,False,False
636,False,False,False,False,False,False,False,False,True,False,20250324_3FLfun1,False,False,False,False,False
637,False,False,False,False,False,False,False,False,False,False,20250324_3FLfun1,False,False,False,False,False
638,False,False,False,False,False,False,False,False,False,False,20250324_3FLfun1,False,False,False,False,False
639,False,False,False,False,False,False,False,False,False,False,20250324_3FLfun1,False,False,False,False,False
640,False,False,False,False,False,False,False,False,False,False,20250324_3FLfun1,False,False,False,False,False
641,False,False,False,False,False,False,False,False,False,False,20250324_3FLfun1,False,False,False,False,False
642,False,False,False,False,False,False,False,False,False,False,20250324_3FLfun1,False,False,False,False,False
643,False,False,True,False,False,True,True,True,True,False,20250324_3FLfun1,False,True,False,True,False
644,True,False,False,False,True,True,True,False,False,True,20250324_3FLfun1,True,True,True,False,False
645,False,False,False,False,False,False,False,False,False,False,20250324_3FLfun1,False,False,False,False,False
646,False,False,False,False,False,False,False,False,False,False,20250324_3FLfun1,False,False,False,False,False
647,False,False,False,False,False,False,True,False,False,False,20250324_3FLfun1,False,False,False,False,False
648,False,False,False,False,False,False,False,False,False,False,20250324_3FLfun1,False,False,False,False,False
649,False,False,False,False,False,False,False,False,False,False,20250324_3FLfun1,False,False,False,False,False
650,False,False,False,False,False,False,False,False,False,False,20250324_3FLfun1,False,False,False,False,False
651,False,False,False,False,False,False,False,False,False,False,20250324_3FLfun1,False,False,False,False,False
652,False,False,False,False,False,False,True,False,False,False,20250324_3FLfun1,False,False,False,False,False
653,False,False,False,False,False,True,True,False,False,False,20250324_3FLfun1,False,False,False,False,False
654,False,False,False,False,False,False,False,False,False,False,20250324_3FLfun1,False,False,False,False,False
655,False,False,False,True,False,True,False,False,False,True,20250324_3FLfun1,False,False,True,False,True
656,False,False,False,False,False,False,False,False,False,False,20250324_3FLfun1,False,False,False,False,False
657,False,False,False,False,False,False,False,False,False,False,20250324_3FLfun1,False,False,False,False,False
658,False,False,False,False,False,False,False,False,False,False,20250324_3FLfun1,False,False,False,False,False
659,False,False,True,False,False,False,False,False,False,False,20250324_3FLfun1,False,True,False,True,False
660,False,False,False,False,False,False,False,False,False,False,20250324_3FLfun1,False,False,False,False,False
661,False,False,True,False,False,False,False,True,False,False,20250324_3FLfun1,False,True,False,True,False
662,False,False,False,False,False,False,False,False,False,False,20250324_3FLfun1,False,False,False,False,False
663,False,False,False,False,False,False,False,False,False,False,20250324_3FLfun1,False,False,False,False,False
664,False,False,False,False,False,False,False,False,False,False,20250324_3FLfun1,False,False,False,False,False
665,False,False,False,False,False,False,False,False,False,False,20250324_3FLfun1,False,False,False,False,False
666,False,False,False,False,False,False,False,False,False,False,20250324_3FLfun1,False,False,False,False,False
667,False,False,False,False,False,False,False,False,False,False,20250324_3FLfun1,False,False,False,False,False
668,False,False,False,False,False,False,False,False,False,False,20250324_3FLfun1,False,False,False,False,False
669,True,False,True,False,False,False,True,False,False,False,20250324_3FLfun1,True,True,True,True,False
670,False,False,False,False,False,False,False,True,False,False,20250324_3FLfun1,False,False,False,False,False
671,True,False,False,False,True,True,True,False,False,False,20250324_3FLfun1,True,True,True,False,False
672,False,False,False,False,False,False,False,False,False,False,20250324_3FLfun1,False,False,False,False,False
673,False,False,False,False,False,False,False,False,False,False,20250324_3FLfun1,False,False,False,False,False
674,False,False,False,False,False,False,False,False,False,False,20250324_3FLfun1,False,False,False,False,False
675,False,False,False,False,False,False,False,False,False,False,20250324_3FLfun1,False,False,False,False,False
676,False,False,False,False,False,False,False,False,False,False,20250324_3FLfun1,False,False,False,False,False
677,False,False,True,False,False,False,True,False,True,False,20250324_3FLfun1,False,True,False,True,False
678,False,False,False,False,True,True,False,False,False,False,20250324_3FLfun1,False,False,False,False,False
679,False,False,False,False,False,False,False,False,False,False,20250324_3FLfun1,False,False,False,False,False
680,False,False,False,False,False,False,False,False,False,False,20250324_3FLfun1,False,False,False,False,False
681,False,False,False,False,False,False,False,False,False,False,20250324_3FLfun1,False,False,False,False,False
682,False,False,False,False,False,False,False,False,False,False,20250324_3FLfun1,False,False,False,False,False
683,False,False,False,False,False,False,True,False,False,False,20250324_3FLfun1,False,False,False,False,False
684,True,False,False,False,False,False,True,False,False,False,20250324_3FLfun1,True,True,True,False,False
685,False,False,True,False,False,False,True,False,False,False,20250324_3FLfun1,False,True,False,True,False
686,False,False,True,False,False,False,False,False,True,False,20250324_3FLfun1,False,True,False,True,False
687,False,False,False,False,False,False,False,False,False,False,20250324_3FLfun1,False,False,False,False,False
688,False,False,False,False,False,False,False,False,False,False,20250324_3FLfun1,False,False,False,False,False
689,False,False,False,False,False,False,False,False,False,False,20250324_3FLfun1,False,False,False,False,False
690,False,False,False,False,False,False,False,False,False,False,20250324_3FLfun1,False,False,False,False,False
691,False,False,False,False,False,True,False,False,False,False,20250324_3FLfun1,False,False,False,False,False
692,False,False,False,False,False,False,False,False,False,False,20250324_3FLfun1,False,False,False,False,False
693,True,False,True,False,False,True,True,False,True,False,20250324_3FLfun1,True,True,True,True,False
694,False,False,False,True,False,False,False,False,False,False,20250324_3FLfun1,False,False,True,False,True
695,False,False,False,False,False,False,False,False,False,False,20250324_3FLfun1,False,False,False,False,False
696,False,False,False,False,False,True,False,False,False,False,20250324_3FLfun1,False,False,False,False,False
697,False,False,False,False,False,False,False,False,False,False,20250324_3FLfun1,False,False,False,False,False
698,False,False,True,False,False,False,False,False,False,False,20250324_3FLfun1,False,True,False,True,False
699,True,False,False,False,True,True,False,False,False,False,20250324_3FLfun1,True,True,True,False,False
700,False,False,False,False,False,False,True,False,False,True,20250324_3FLfun1,False,False,False,False,False
701,True,False,False,False,False,False,False,False,True,False,20250324_3FLfun1,True,True,True,False,False
702,False,False,False,False,False,False,True,False,False,False,20250324_3FLfun1,False,False,False,False,False
703,False,False,False,False,False,False,False,False,False,False,20250324_3FLfun1,False,False,False,False,False
704,False,False,False,False,False,False,False,False,False,False,20250324_3FLfun1,False,False,False,False,False
705,False,False,False,False,False,False,False,False,False,False,20250324_3FLfun1,False,False,False,False,False
706,False,False,False,False,False,True,True,False,True,False,20250324_3FLfun1,False,False,False,False,False
707,False,False,True,False,False,False,True,False,True,True,20250324_3FLfun1,False,True,False,True,False
708,False,False,False,False,False,False,False,False,False,False,20250324_3FLfun1,False,False,False,False,False
709,False,False,False,False,False,False,False,False,False,False,20250324_3FLfun1,False,False,False,False,False
710,False,False,True,False,False,False,True,True,True,False,20250324_3FLfun1,False,True,False,True,False
711,False,False,False,False,False,False,False,False,False,False,20250324_3FLfun1,False,False,False,False,False
712,False,False,False,False,False,False,False,False,True,False,20250324_3FLfun1,False,False,False,False,False
713,False,False,False,False,False,False,False,False,False,True,20250324_3FLfun1,False,False,False,False,False
714,False,False,True,False,False,False,True,False,True,False,20250324_3FLfun1,False,True,False,True,False
715,False,False,True,False,False,False,True,False,True,False,20250324_3FLfun1,False,True,False,True,False
716,False,False,False,False,False,False,False,False,False,False,20250324_3FLfun1,False,False,False,False,False
717,False,False,False,False,False,True,False,False,False,False,20250324_3FLfun1,False,False,False,False,False
718,False,False,False,False,False,False,False,False,False,False,20250324_3FLfun1,False,False,False,False,False
719,False,False,False,True,False,False,True,True,True,False,20250324_3FLfun1,False,False,True,False,True
720,False,False,False,False,False,False,False,False,False,False,20250324_3FLfun1,False,False,False,False,False
721,False,False,False,False,False,False,False,False,False,False,20250324_3FLfun1,False,False,False,False,False
722,True,False,False,False,True,True,True,False,False,False,20250324_3FLfun1,True,True,True,False,False
723,False,False,False,False,False,False,False,False,False,False,20250324_3FLfun1,False,False,False,False,False
724,False,False,False,False,False,False,False,False,False,False,20250324_3FLfun1,False,False,False,False,False
725,False,False,False,False,False,False,False,False,False,False,20250324_3FLfun1,False,False,False,False,False
726,False,False,False,False,False,False,False,False,False,False,20250324_3FLfun1,False,False,False,False,False
727,False,False,False,False,False,False,True,False,True,False,20250324_3FLfun1,False,False,False,False,False
728,False,False,False,False,False,False,False,False,False,False,20250324_3FLfun1,False,False,False,False,False
729,True,False,False,False,True,True,True,False,False,False,20250324_3FLfun1,True,True,True,False,False
730,True,False,False,False,True,True,True,False,False,False,20250324_3FLfun1,True,True,True,False,False
731,False,False,False,False,False,False,False,False,False,False,20250324_3FLfun1,False,False,False,False,False
732,True,False,False,False,False,True,True,False,True,False,20250324_3FLfun1,True,True,True,False,False
733,False,False,False,False,False,False,False,False,False,False,20250324_3FLfun1,False,False,False,False,False
734,False,False,False,True,False,False,True,False,True,False,20250324_3FLfun1,False,False,True,False,True
735,False,False,False,True,False,True,False,False,False,False,20250324_3FLfun1,False,False,True,False,True
736,True,False,True,True,False,True,True,True,True,False,20250324_3FLfun1,True,True,True,True,True
737,False,False,False,False,False,False,False,False,False,False,20250324_3FLfun1,False,False,False,False,False
738,False,False,False,False,False,False,True,False,False,False,20250324_3FLfun1,False,False,False,False,False
739,False,False,True,False,False,True,True,False,True,False,20250324_3FLfun1,False,True,False,True,False
740,False,False,False,False,False,False,False,False,False,False,20250324_3FLfun1,False,False,False,False,False
741,False,False,False,False,False,False,False,False,False,False,20250324_3FLfun1,False,False,False,False,False
742,False,False,False,False,False,False,True,False,False,False,20250324_3FLfun1,False,False,False,False,False
743,True,False,False,False,True,True,True,False,False,False,20250324_3FLfun1,True,True,True,False,False
744,False,False,False,False,False,False,False,False,False,False,20250324_3FLfun1,False,False,False,False,False
745,True,False,True,False,False,False,False,False,False,False,20250324_3FLfun1,True,True,True,True,False
746,False,False,True,False,False,False,True,True,False,True,20250324_3FLfun1,False,True,False,True,False
747,False,False,False,False,True,True,True,False,True,False,20250324_3FLfun1,False,False,False,False,False
748,False,False,False,False,False,False,False,False,False,False,20250324_3FLfun1,False,False,False,False,False
749,True,False,False,False,True,True,True,False,False,False,20250324_3FLfun1,True,True,True,False,False
750,False,False,True,True,False,True,True,True,True,False,20250324_3FLfun1,False,True,True,True,True
751,True,False,True,False,True,True,True,False,True,False,20250324_3FLfun1,True,True,True,True,False
752,False,False,False,False,False,False,True,False,False,False,20250324_3FLfun1,False,False,False,False,False
753,False,False,False,False,False,False,True,False,True,False,20250324_3FLfun1,False,False,False,False,False
754,False,False,False,False,False,False,False,False,False,False,20250324_3FLfun1,False,False,False,False,False
755,False,False,False,False,False,False,False,False,False,False,20250324_3FLfun1,False,False,False,False,False
756,False,False,False,True,False,False,False,False,True,False,20250324_3FLfun1,False,False,True,False,True
757,True,False,True,False,True,True,True,False,True,False,20250324_3FLfun1,True,True,True,True,False
758,False,False,False,False,False,False,False,False,False,False,20250324_3FLfun1,False,False,False,False,False
759,False,False,False,False,False,False,False,False,False,False,20250324_3FLfun1,False,False,False,False,False
760,False,False,False,False,False,False,False,False,False,False,20250324_3FLfun1,False,False,False,False,False
761,False,False,False,False,False,False,False,False,False,False,20250324_3FLfun1,False,False,False,False,False
762,True,False,False,False,False,True,True,False,True,True,20250324_3FLfun1,True,True,True,False,False
763,True,False,False,False,True,True,True,False,False,False,20250324_3FLfun1,True,True,True,False,False
764,False,False,True,False,False,False,False,False,False,False,20250324_3FLfun1,False,True,False,True,False
765,False,False,False,False,False,False,False,False,False,False,20250324_3FLfun1,False,False,False,False,False
766,False,False,True,False,False,False,True,False,True,True,20250324_3FLfun1,False,True,False,True,False
767,False,False,False,False,False,False,False,False,False,False,20250324_3FLfun1,False,False,False,False,False
768,False,False,False,False,False,False,False,False,False,False,20250324_3FLfun1,False,False,False,False,False
769,True,False,False,False,True,True,True,False,False,False,20250324_3FLfun1,True,True,True,False,False
770,False,False,True,False,False,False,False,False,False,False,20250324_3FLfun1,False,True,False,True,False
771,False,False,True,True,True,True,True,True,True,True,20250324_3FLfun1,False,True,True,True,True
772,False,False,False,False,False,False,False,False,False,False,20250324_3FLfun1,False,False,False,False,False
773,False,False,True,False,False,False,True,True,True,False,20250324_3FLfun1,False,True,False,True,False
774,False,False,False,False,False,False,False,False,False,False,20250324_3FLfun1,False,False,False,False,False
775,False,False,True,False,False,False,False,False,False,False,20250324_3FLfun1,False,True,False,True,False
776,False,False,False,False,False,False,False,False,False,False,20250324_3FLfun1,False,False,False,False,False
777,False,False,False,False,False,False,False,False,False,False,20250324_3FLfun1,False,False,False,False,False
778,False,False,False,False,False,False,False,False,False,False,20250324_3FLfun1,False,False,False,False,False
779,False,False,True,False,False,False,True,False,True,False,20250324_3FLfun1,False,True,False,True,False
780,False,False,False,False,False,False,False,False,False,False,20250324_3FLfun1,False,False,False,False,False
781,True,False,False,False,True,True,True,False,False,False,20250324_3FLfun1,True,True,True,False,False
782,False,False,False,False,False,False,False,False,False,False,20250324_3FLfun1,False,False,False,False,False
783,False,False,False,False,False,False,False,False,False,False,20250324_3FLfun1,False,False,False,False,False
784,False,False,False,False,False,False,False,False,False,False,20250324_3FLfun1,False,False,False,False,False
785,False,False,False,False,False,False,False,False,False,False,20250324_3FLfun1,False,False,False,False,False
786,False,False,False,False,False,False,False,False,False,False,20250324_3FLfun1,False,False,False,False,False
787,False,False,False,False,False,False,True,False,True,False,20250324_3FLfun1,False,False,False,False,False
788,False,False,False,False,False,True,True,False,False,False,20250324_3FLfun1,False,False,False,False,False
789,False,False,False,False,False,False,False,False,False,False,20250324_3FLfun1,False,False,False,False,False
790,True,False,True,True,True,True,True,False,True,True,20250324_3FLfun1,True,True,True,True,True
791,False,False,False,False,False,False,False,False,False,False,20250324_3FLfun1,False,False,False,False,False
792,False,False,False,True,False,False,False,False,False,False,20250324_3FLfun1,False,False,True,False,True
793,False,False,False,False,False,False,False,False,False,False,20250324_3FLfun1,False,False,False,False,False
794,False,False,False,False,False,False,True,False,True,False,20250324_3FLfun1,False,False,False,False,False
795,False,False,False,False,False,False,False,False,False,False,20250324_3FLfun1,False,False,False,False,False
796,False,False,False,False,False,False,False,False,False,False,20250324_3FLfun1,False,False,False,False,False
797,False,False,True,False,False,False,True,False,True,False,20250324_3FLfun1,False,True,False,True,False
798,False,False,False,False,False,False,True,False,False,False,20250324_3FLfun1,False,False,False,False,False
799,False,False,False,False,False,True,False,False,True,True,20250324_3FLfun1,False,False,False,False,False
800,False,False,False,False,False,False,True,False,False,False,20250324_3FLfun1,False,False,False,False,False
801,True,False,True,False,True,True,True,False,True,False,20250324_3FLfun1,True,True,True,True,False
802,False,False,False,False,False,False,False,False,False,False,20250324_3FLfun1,False,False,False,False,False
803,False,False,False,False,False,False,False,False,False,False,20250324_3FLfun1,False,False,False,False,False
804,False,False,False,False,False,False,False,False,False,False,20250324_3FLfun1,False,False,False,False,False
805,False,False,False,False,False,False,False,False,False,False,20250324_3FLfun1,False,False,False,False,False
806,False,False,False,False,False,False,False,False,False,False,20250324_3FLfun1,False,False,False,False,False
807,False,False,False,False,False,False,False,False,False,False,20250324_3FLfun1,False,False,False,False,False
808,False,False,False,False,False,False,False,False,False,False,20250324_3FLfun1,False,False,False,False,False
809,False,False,False,False,True,False,False,False,False,False,20250324_3FLfun1,False,False,False,False,False
810,True,False,True,False,True,True,True,True,True,False,20250324_3FLfun1,True,True,True,True,False
811,False,False,False,False,False,False,False,False,False,False,20250324_3FLfun1,False,False,False,False,False
812,False,False,False,False,False,False,False,False,False,False,20250324_3FLfun1,False,False,False,False,False
813,False,False,False,False,False,False,False,False,False,False,20250324_3FLfun1,False,False,False,False,False
814,False,False,False,False,False,False,False,False,False,False,20250324_3FLfun1,False,False,False,False,False
815,False,False,False,False,False,False,False,False,False,False,20250324_3FLfun1,False,False,False,False,False
816,False,False,False,False,False,False,False,False,False,False,20250324_3FLfun1,False,False,False,False,False
817,True,False,False,False,False,False,True,False,False,False,20250324_3FLfun1,True,True,True,False,False
818,False,False,False,False,False,False,True,False,True,False,20250324_3FLfun1,False,False,False,False,False
819,False,False,False,False,False,False,False,False,False,False,20250324_3FLfun1,False,False,False,False,False
820,False,False,False,False,False,False,True,False,False,False,20250324_3FLfun1,False,False,False,False,False
821,False,False,False,False,False,False,False,False,False,False,20250324_3FLfun1,False,False,False,False,False
822,True,False,False,False,False,False,True,False,False,False,20250324_3FLfun1,True,True,True,False,False
823,False,False,False,False,False,False,False,False,False,False,20250324_3FLfun1,False,False,False,False,False
824,False,False,False,False,False,False,False,False,False,False,20250324_3FLfun1,False,False,False,False,False
825,False,False,False,False,False,False,False,False,False,False,20250324_3FLfun1,False,False,False,False,False
826,False,False,False,False,False,False,False,False,False,False,20250324_3FLfun1,False,False,False,False,False
827,False,False,False,False,False,False,False,False,False,False,20250324_3FLfun1,False,False,False,False,False
828,False,False,False,False,False,True,True,False,True,False,20250324_3FLfun1,False,False,False,False,False
829,False,False,False,False,False,False,False,False,False,False,20250324_3FLfun1,False,False,False,False,False
830,False,False,False,False,False,False,False,False,False,False,20250324_3FLfun1,False,False,False,False,False
831,False,False,False,False,False,False,False,False,False,False,20250324_3FLfun1,False,False,False,False,False
832,False,False,False,False,False,False,False,False,False,False,20250324_3FLfun1,False,False,False,False,False
833,False,False,False,False,False,False,False,False,True,False,20250324_3FLfun1,False,False,False,False,False
834,False,False,False,False,False,False,False,False,False,False,20250324_3FLfun1,False,False,False,False,False
835,True,False,False,False,False,False,True,False,False,False,20250324_3FLfun1,True,True,True,False,False
836,False,False,False,False,False,False,False,False,False,False,20250324_3FLfun1,False,False,False,False,False
837,False,False,False,False,False,False,False,False,False,False,20250324_3FLfun1,False,False,False,False,False
838,False,False,False,False,False,False,True,False,False,False,20250324_3FLfun1,False,False,False,False,False
839,False,False,False,False,False,False,False,False,False,False,20250324_3FLfun1,False,False,False,False,False
840,False,False,False,False,False,False,False,False,False,False,20250324_3FLfun1,False,False,False,False,False
841,True,False,False,False,True,False,False,False,False,False,20250324_3FLfun1,True,True,True,False,False
842,False,False,False,False,False,False,False,False,False,False,20250324_3FLfun1,False,False,False,False,False
843,False,False,False,False,False,False,False,False,False,False,20250324_3FLfun1,False,False,False,False,False
844,False,False,False,False,False,False,False,False,False,False,20250324_3FLfun1,False,False,False,False,False
845,False,False,False,False,False,False,False,False,False,False,20250324_3FLfun1,False,False,False,False,False
846,True,False,False,False,True,True,True,False,False,False,20250324_3FLfun1,True,True,True,False,False
847,True,False,False,False,True,True,True,False,False,False,20250324_3FLfun1,True,True,True,False,False
848,True,False,False,False,False,False,False,False,False,False,20250324_3FLfun1,True,True,True,False,False
849,False,False,False,False,False,False,False,False,False,False,20250324_3FLfun1,False,False,False,False,False
850,False,False,False,False,False,False,True,False,False,False,20250324_3FLfun1,False,False,False,False,False
851,False,False,False,False,False,False,False,False,False,False,20250324_3FLfun1,False,False,False,False,False
852,False,False,False,False,False,False,False,False,False,False,20250324_3FLfun1,False,False,False,False,False
853,False,False,False,False,False,False,False,False,False,False,20250324_3FLfun1,False,False,False,False,False
854,False,False,False,False,True,False,True,False,False,False,20250324_3FLfun1,False,False,False,False,False
855,False,False,False,False,False,False,False,False,False,False,20250324_3FLfun1,False,False,False,False,False
856,False,False,False,False,False,False,False,False,False,False,20250324_3FLfun1,False,False,False,False,False
857,False,False,True,False,False,False,True,False,False,False,20250324_3FLfun1,False,True,False,True,False
858,False,False,False,False,False,False,False,False,False,False,20250324_3FLfun1,False,False,False,False,False
859,False,False,True,False,False,False,False,False,False,False,20250324_3FLfun1,False,True,False,True,False
860,False,False,False,False,False,False,False,False,False,False,20250324_3FLfun1,False,False,False,False,False
861,False,False,False,False,False,False,False,False,False,False,20250324_3FLfun1,False,False,False,False,False
862,False,False,False,True,False,False,False,False,False,False,20250324_3FLfun1,False,False,True,False,True
863,False,False,False,False,False,False,False,False,False,False,20250324_3FLfun1,False,False,False,False,False
864,True,False,False,False,False,False,True,False,True,False,20250324_3FLfun1,True,True,True,False,False
865,False,False,False,False,False,True,False,False,False,False,20250324_3FLfun1,False,False,False,False,False
866,False,False,False,False,False,False,False,False,False,False,20250324_3FLfun1,False,False,False,False,False
867,False,False,True,False,False,False,True,False,True,False,20250324_3FLfun1,False,True,False,True,False
868,False,False,False,False,False,False,False,False,False,False,20250324_3FLfun1,False,False,False,False,False
869,False,False,False,False,False,False,False,False,False,False,20250324_3FLfun1,False,False,False,False,False
870,False,False,False,False,False,False,False,False,False,False,20250324_3FLfun1,False,False,False,False,False
871,False,False,True,False,False,False,True,True,True,False,20250324_3FLfun1,False,True,False,True,False
872,False,False,False,False,False,False,False,False,False,False,20250324_3FLfun1,False,False,False,False,False
873,False,False,False,False,False,True,True,True,True,False,20250324_3FLfun1,False,False,False,False,False
874,False,False,True,False,False,False,True,False,True,False,20250324_3FLfun1,False,True,False,True,False
875,False,False,False,False,False,False,False,False,False,False,20250324_3FLfun1,False,False,False,False,False
876,False,False,False,False,False,False,False,False,True,False,20250324_3FLfun1,False,False,False,False,False
877,False,False,False,False,False,False,False,False,False,False,20250324_3FLfun1,False,False,False,False,False
878,False,False,False,False,False,True,False,False,False,False,20250324_3FLfun1,False,False,False,False,False
879,False,False,False,False,False,False,False,False,False,False,20250324_3FLfun1,False,False,False,False,False
880,False,False,True,False,False,False,False,False,False,False,20250324_3FLfun1,False,True,False,True,False
881,False,False,False,False,False,False,False,False,False,False,20250324_3FLfun1,False,False,False,False,False
882,False,False,False,False,False,False,False,False,False,False,20250324_3FLfun1,False,False,False,False,False
883,True,False,False,False,True,False,True,False,True,False,20250324_3FLfun1,True,True,True,False,False
884,False,False,False,False,False,False,False,False,False,False,20250324_3FLfun1,False,False,False,False,False
885,False,False,False,False,False,False,False,False,False,False,20250324_3FLfun1,False,False,False,False,False
886,False,False,False,False,False,False,False,False,False,False,20250324_3FLfun1,False,False,False,False,False
887,False,False,False,False,False,False,False,False,False,False,20250324_3FLfun1,False,False,False,False,False
888,False,False,False,False,False,False,False,False,False,False,20250324_3FLfun1,False,False,False,False,False
889,True,False,True,False,True,True,True,False,False,False,20250324_3FLfun1,True,True,True,True,False
890,False,False,False,False,False,False,False,False,False,False,20250324_3FLfun1,False,False,False,False,False
891,False,False,False,False,False,False,False,False,False,False,20250324_3FLfun1,False,False,False,False,False
892,False,False,False,False,False,False,False,False,False,False,20250324_3FLfun1,False,False,False,False,False
893,False,False,False,False,False,False,False,False,False,False,20250324_3FLfun1,False,False,False,False,False
894,False,False,False,False,False,False,False,False,False,False,20250324_3FLfun1,False,False,False,False,False
895,False,False,False,False,False,False,False,False,False,False,20250324_3FLfun1,False,False,False,False,False
896,False,False,False,False,False,False,False,False,False,False,20250324_3FLfun1,False,False,False,False,False
897,False,False,False,False,False,False,True,False,False,False,20250324_3FLfun1,False,False,False,False,False
898,False,False,False,True,False,False,False,False,True,False,20250324_3FLfun1,False,False,True,False,True
899,True,False,False,False,True,True,True,False,False,False,20250324_3FLfun1,True,True,True,False,False
900,False,False,True,True,True,True,True,True,True,False,20250324_3FLfun1,False,True,True,True,True
901,False,False,False,False,False,False,False,False,False,False,20250324_3FLfun1,False,False,False,False,False
902,False,False,False,False,False,False,True,False,False,False,20250324_3FLfun1,False,False,False,False,False
903,False,False,True,False,False,False,True,False,True,False,20250324_3FLfun1,False,True,False,True,False
904,False,False,False,False,False,False,False,False,False,False,20250324_3FLfun1,False,False,False,False,False
905,True,False,True,False,False,False,True,True,True,False,20250324_3FLfun1,True,True,True,True,False
906,False,False,True,False,True,True,True,False,True,False,20250324_3FLfun1,False,True,False,True,False
907,False,False,False,False,False,False,False,False,False,False,20250324_3FLfun1,False,False,False,False,False
908,False,False,True,False,False,False,False,False,False,False,20250324_3FLfun1,False,True,False,True,False
909,False,False,False,False,False,False,False,False,False,False,20250324_3FLfun1,False,False,False,False,False
910,False,False,False,False,False,False,True,False,False,False,20250324_3FLfun1,False,False,False,False,False
911,True,False,False,False,True,True,True,False,False,False,20250324_3FLfun1,True,True,True,False,False
912,False,False,False,False,True,False,True,False,True,False,20250324_3FLfun1,False,False,False,False,False
913,True,False,True,False,True,True,True,False,True,False,20250324_3FLfun1,True,True,True,True,False
914,True,False,True,False,False,False,False,False,False,False,20250324_3FLfun1,True,True,True,True,False
915,False,False,False,False,False,False,False,False,False,False,20250324_3FLfun1,False,False,False,False,False
916,False,False,False,False,False,False,False,False,False,True,20250324_3FLfun1,False,False,False,False,False
917,False,False,False,False,False,False,False,False,False,False,20250324_3FLfun1,False,False,False,False,False
918,True,False,True,False,True,True,True,False,False,False,20250324_3FLfun1,True,True,True,True,False
919,False,False,False,False,False,False,False,False,False,False,20250324_3FLfun1,False,False,False,False,False
920,True,False,False,False,True,True,True,False,False,False,20250324_3FLfun1,True,True,True,False,False
921,False,False,False,False,False,False,False,False,False,False,20250324_3FLfun1,False,False,False,False,False
922,True,False,True,False,True,True,True,False,True,False,20250324_3FLfun1,True,True,True,True,False
923,False,False,False,False,False,False,False,False,False,False,20250324_3FLfun1,False,False,False,False,False
924,False,False,False,False,False,False,False,False,False,False,20250324_3FLfun1,False,False,False,False,False
925,False,False,False,False,False,False,False,False,True,False,20250324_3FLfun1,False,False,False,False,False
926,True,False,False,False,True,True,True,False,False,False,20250324_3FLfun1,True,True,True,False,False
927,False,False,False,False,False,False,False,False,False,False,20250324_3FLfun1,False,False,False,False,False
928,False,False,False,False,False,False,False,False,False,False,20250324_3FLfun1,False,False,False,False,False
929,False,False,False,False,False,False,False,False,False,False,20250324_3FLfun1,False,False,False,False,False
930,False,False,True,True,False,True,True,True,True,True,20250324_3FLfun1,False,True,True,True,True
931,False,False,False,False,False,False,False,False,False,False,20250324_3FLfun1,False,False,False,False,False
932,False,False,False,False,False,False,False,False,False,False,20250324_3FLfun1,False,False,False,False,False
933,False,False,False,False,False,False,False,False,False,False,20250324_3FLfun1,False,False,False,False,False
934,False,False,False,False,False,False,False,False,False,False,20250324_3FLfun1,False,False,False,False,False
935,False,False,False,False,False,False,True,False,False,False,20250324_3FLfun1,False,False,False,False,False
936,False,False,False,False,False,False,False,False,False,False,20250324_3FLfun1,False,False,False,False,False
937,False,False,True,False,False,False,False,False,False,False,20250324_3FLfun1,False,True,False,True,False
938,False,False,False,False,False,False,False,False,False,False,20250324_3FLfun1,False,False,False,False,False
939,False,False,True,True,False,True,True,True,True,True,20250324_3FLfun1,False,True,True,True,True
940,False,False,False,False,False,False,False,False,False,False,20250324_3FLfun1,False,False,False,False,False
941,False,False,False,False,False,False,False,False,False,False,20250324_3FLfun1,False,False,False,False,False
942,False,False,False,False,False,False,True,False,True,False,20250324_3FLfun1,False,False,False,False,False
943,True,False,False,False,True,True,True,False,False,False,20250324_3FLfun1,True,True,True,False,False
944,False,False,False,False,False,False,False,False,False,False,20250324_3FLfun1,False,False,False,False,False
945,True,False,True,True,False,True,True,False,True,False,20250324_3FLfun1,True,True,True,True,True
946,False,False,False,False,False,True,True,False,False,False,20250324_3FLfun1,False,False,False,False,False
947,False,False,False,False,False,False,True,False,False,False,20250324_3FLfun1,False,False,False,False,False
948,False,False,True,False,True,True,True,False,True,False,20250324_3FLfun1,False,True,False,True,False
949,False,False,False,False,False,False,False,False,False,False,20250324_3FLfun1,False,False,False,False,False
950,False,False,False,False,False,False,False,False,False,False,20250324_3FLfun1,False,False,False,False,False
951,False,False,False,False,False,False,False,False,False,False,20250324_3FLfun1,False,False,False,False,False
952,False,False,True,False,False,False,False,False,False,False,20250324_3FLfun1,False,True,False,True,False
953,False,False,False,False,False,False,False,False,False,False,20250324_3FLfun1,False,False,False,False,False
954,False,False,False,False,False,False,False,False,False,False,20250324_3FLfun1,False,False,False,False,False
955,False,False,True,False,False,False,True,False,True,False,20250324_3FLfun1,False,True,False,True,False
956,False,False,True,True,False,True,False,True,True,True,20250324_3FLfun1,False,True,True,True,True
957,False,False,False,False,False,False,True,False,False,False,20250324_3FLfun1,False,False,False,False,False
958,False,False,False,False,False,False,False,False,False,False,20250324_3FLfun1,False,False,False,False,False
959,False,False,False,False,False,False,False,False,False,False,20250324_3FLfun1,False,False,False,False,False
960,False,False,False,False,False,False,False,False,False,False,20250324_3FLfun1,False,False,False,False,False
961,False,False,False,False,False,False,False,False,False,False,20250324_3FLfun1,False,False,False,False,False
962,False,False,False,False,False,False,False,False,False,False,20250324_3FLfun1,False,False,False,False,False
963,False,False,True,False,False,True,True,False,False,False,20250324_3FLfun1,False,True,False,True,False
964,False,False,False,False,False,False,False,False,False,False,20250324_3FLfun1,False,False,False,False,False
965,False,False,True,False,False,False,True,False,True,False,20250324_3FLfun1,False,True,False,True,False
966,False,False,False,False,False,False,True,False,True,False,20250324_3FLfun1,False,False,False,False,False
967,False,False,False,False,False,False,True,False,False,False,20250324_3FLfun1,False,False,False,False,False
968,True,False,True,False,True,True,True,True,True,False,20250324_3FLfun1,True,True,True,True,False
969,False,False,False,False,False,False,False,False,False,False,20250324_3FLfun1,False,False,False,False,False
970,False,False,False,False,False,False,False,False,False,False,20250324_3FLfun1,False,False,False,False,False
971,False,False,False,False,False,False,False,False,False,False,20250324_3FLfun1,False,False,False,False,False
972,True,False,False,False,False,False,True,False,False,False,20250324_3FLfun1,True,True,True,False,False
973,False,False,False,False,False,False,False,False,False,False,20250324_3FLfun1,False,False,False,False,False
974,False,False,False,False,False,False,False,False,False,False,20250324_3FLfun1,False,False,False,False,False
975,True,False,False,False,False,False,True,False,False,False,20250324_3FLfun1,True,True,True,False,False
976,False,False,False,False,False,False,False,False,False,False,20250324_3FLfun1,False,False,False,False,False
977,False,False,False,False,False,False,False,False,False,False,20250324_3FLfun1,False,False,False,False,False
978,False,False,False,False,False,True,True,False,False,False,20250324_3FLfun1,False,False,False,False,False
979,False,False,False,False,False,False,False,False,False,False,20250324_3FLfun1,False,False,False,False,False
980,False,False,False,False,False,False,False,False,False,False,20250324_3FLfun1,False,False,False,False,False
981,False,False,False,False,False,True,True,False,False,False,20250324_3FLfun1,False,False,False,False,False
982,False,False,False,False,False,False,False,False,False,False,20250324_3FLfun1,False,False,False,False,False
983,False,False,False,False,False,False,False,False,False,False,20250324_3FLfun1,False,False,False,False,False
984,False,False,False,False,False,False,False,False,False,False,20250324_3FLfun1,False,False,False,False,False
985,False,False,False,False,False,False,False,False,False,False,20250324_3FLfun1,False,False,False,False,False
986,False,False,False,False,False,False,False,False,False,False,20250324_3FLfun1,False,False,False,False,False
987,False,False,False,False,False,False,False,False,True,False,20250324_3FLfun1,False,False,False,False,False
988,False,False,False,False,False,False,False,False,False,False,20250324_3FLfun1,False,False,False,False,False
989,False,False,False,False,False,False,False,False,False,False,20250324_3FLfun1,False,False,False,False,False
990,False,False,False,False,False,False,False,False,False,False,20250324_3FLfun1,False,False,False,False,False
991,True,False,False,False,True,False,True,False,False,False,20250324_3FLfun1,True,True,True,False,False
992,False,False,True,False,False,False,False,False,False,False,20250324_3FLfun1,False,True,False,True,False
993,False,False,False,False,False,False,False,False,False,False,20250324_3FLfun1,False,False,False,False,False
994,True,False,False,False,False,False,True,False,False,False,20250324_3FLfun1,True,True,True,False,False
995,True,False,True,False,False,True,True,False,False,False,20250324_3FLfun1,True,True,True,True,False
996,False,False,False,False,True,False,False,False,False,False,20250324_3FLfun1,False,False,False,False,False
997,False,False,False,False,False,False,False,False,False,False,20250324_3FLfun1,False,False,False,False,False
998,True,False,False,False,True,False,True,False,False,False,20250324_3FLfun1,True,True,True,False,False
999,True,False,False,False,True,False,False,False,False,False,20250324_3FLfun1,True,True,True,False,False
1000,False,False,False,False,False,False,False,False,False,False,20250324_3FLfun1,False,False,False,False,False
1001,False,False,False,False,False,False,False,False,False,False,20250324_3FLfun1,False,False,False,False,False
1002,False,False,False,False,False,False,False,False,False,False,20250324_3FLfun1,False,False,False,False,False
1003,False,False,False,False,False,False,False,False,False,False,20250324_3FLfun1,False,False,False,False,False
1004,True,False,False,False,True,True,True,False,False,False,20250324_3FLfun1,True,True,True,False,False
1005,False,False,True,False,False,True,False,False,True,False,20250324_3FLfun1,False,True,False,True,False
1006,False,False,False,False,False,False,False,False,False,False,20250324_3FLfun1,False,False,False,False,False
1007,False,False,False,False,False,False,False,False,False,False,20250324_3FLfun1,False,False,False,False,False
1008,False,False,False,False,False,False,False,False,False,False,20250324_3FLfun1,False,False,False,False,False
1009,True,False,True,True,False,True,True,True,True,False,20250324_3FLfun1,True,True,True,True,True
1010,False,False,False,False,True,True,False,False,False,False,20250324_3FLfun1,False,False,False,False,False
1011,False,False,False,False,False,False,False,False,False,False,20250324_3FLfun1,False,False,False,False,False
1012,False,False,False,False,False,False,False,False,False,False,20250324_3FLfun1,False,False,False,False,False
1013,False,False,False,False,False,False,False,False,False,False,20250324_3FLfun1,False,False,False,False,False
1014,True,False,False,False,False,False,False,False,False,False,20250324_3FLfun1,True,True,True,False,False
1015,False,False,False,False,False,False,False,False,False,False,20250324_3FLfun1,False,False,False,False,False
1016,False,False,False,False,False,False,False,False,False,False,20250324_3FLfun1,False,False,False,False,False
1017,False,False,False,False,False,False,False,False,True,False,20250324_3FLfun1,False,False,False,False,False
1018,False,False,False,False,False,False,True,False,False,False,20250324_3FLfun1,False,False,False,False,False
1019,False,False,False,False,False,False,False,False,False,False,20250324_3FLfun1,False,False,False,False,False
1020,False,False,False,True,False,False,False,False,False,False,20250324_3FLfun1,False,False,True,False,True
1021,False,False,False,False,False,False,False,False,False,False,20250324_3FLfun1,False,False,False,False,False
1022,False,False,False,False,False,False,False,False,False,False,20250324_3FLfun1,False,False,False,False,False
1023,False,False,False,False,False,False,False,False,False,False,20250324_3FLfun1,False,False,False,False,False
1024,False,False,False,False,False,False,False,False,False,False,20250324_3FLfun1,False,False,False,False,False
1025,False,False,False,False,False,False,False,False,False,False,20250324_3FLfun1,False,False,False,False,False
1026,False,False,False,False,False,False,False,False,False,False,20250324_3FLfun1,False,False,False,False,False
1027,False,False,False,False,True,True,False,False,False,False,20250324_3FLfun1,False,False,False,False,False
1028,False,False,False,False,False,False,False,False,False,False,20250324_3FLfun1,False,False,False,False,False
1029,False,False,True,False,False,False,True,False,True,False,20250324_3FLfun1,False,True,False,True,False
1030,False,False,False,False,False,False,False,False,False,False,20250324_3FLfun1,False,False,False,False,False
1031,True,False,False,False,False,True,True,False,False,False,20250324_3FLfun1,True,True,True,False,False
1032,False,False,False,False,False,False,False,False,False,False,20250324_3FLfun1,False,False,False,False,False
1033,False,False,True,False,False,False,True,True,True,False,20250324_3FLfun1,False,True,False,True,False
1034,True,False,False,False,True,True,True,False,False,False,20250324_3FLfun1,True,True,True,False,False
1035,False,False,False,False,False,False,False,False,False,False,20250324_3FLfun1,False,False,False,False,False
1036,False,False,False,False,False,False,False,False,False,False,20250324_3FLfun1,False,False,False,False,False
1037,False,False,False,False,False,False,False,False,False,False,20250324_3FLfun1,False,False,False,False,False
1038,False,False,False,False,False,False,False,False,False,False,20250324_3FLfun1,False,False,False,False,False
1039,False,False,True,False,False,False,True,False,True,False,20250324_3FLfun1,False,True,False,True,False
1040,False,False,False,False,False,False,False,False,False,False,20250324_3FLfun1,False,False,False,False,False
1041,True,False,True,False,True,True,True,False,True,False,20250324_3FLfun1,True,True,True,True,False
1042,False,False,False,False,False,False,False,False,False,False,20250324_3FLfun1,False,False,False,False,False
1043,True,False,True,False,False,False,True,False,False,True,20250324_3FLfun1,True,True,True,True,False
1044,False,False,False,False,False,False,False,False,False,False,20250324_3FLfun1,False,False,False,False,False
1045,False,False,False,False,False,True,False,False,False,False,20250324_3FLfun1,False,False,False,False,False
1046,False,False,False,False,False,False,False,False,False,False,20250324_3FLfun1,False,False,False,False,False
1047,False,False,False,False,False,False,False,False,False,False,20250324_3FLfun1,False,False,False,False,False
1048,False,False,False,True,False,False,False,False,False,False,20250324_3FLfun1,False,False,True,False,True
1049,False,False,False,False,False,False,False,False,True,True,20250324_3FLfun1,False,False,False,False,False
1050,False,False,False,False,False,False,False,False,False,False,20250324_3FLfun1,False,False,False,False,False
1051,False,False,False,False,False,False,False,False,False,False,20250324_3FLfun1,False,False,False,False,False
1052,False,False,False,False,False,False,False,False,False,False,20250324_3FLfun1,False,False,False,False,False
1053,False,False,False,False,False,False,False,False,False,False,20250324_3FLfun1,False,False,False,False,False
1054,False,False,False,False,False,False,False,False,False,False,20250324_3FLfun1,False,False,False,False,False
1055,False,False,False,False,False,False,False,False,False,False,20250324_3FLfun1,False,False,False,False,False
1056,False,False,False,False,False,True,False,True,True,True,20250324_3FLfun1,False,False,False,False,False
1057,False,False,False,True,False,False,False,False,True,False,20250324_3FLfun1,False,False,True,False,True
1058,False,False,False,False,False,False,False,False,False,False,20250324_3FLfun1,False,False,False,False,False
1059,True,False,True,False,True,True,True,False,False,False,20250324_3FLfun1,True,True,True,True,False
1060,False,False,False,False,False,False,False,False,False,False,20250324_3FLfun1,False,False,False,False,False
1061,False,False,False,False,False,False,False,False,False,False,20250324_3FLfun1,False,False,False,False,False
1062,False,False,False,False,False,False,True,False,True,False,20250324_3FLfun1,False,False,False,False,False
1063,False,False,False,False,False,False,False,False,False,False,20250324_3FLfun1,False,False,False,False,False
1064,False,False,False,False,False,False,False,False,False,False,20250324_3FLfun1,False,False,False,False,False
1065,False,False,True,False,False,False,True,False,True,False,20250324_3FLfun1,False,True,False,True,False
1066,False,False,False,False,False,False,False,False,False,False,20250324_3FLfun1,False,False,False,False,False
1067,False,False,False,False,False,False,False,False,False,False,20250324_3FLfun1,False,False,False,False,False
1068,False,False,False,False,False,False,False,False,False,False,20250324_3FLfun1,False,False,False,False,False
1069,False,False,False,False,False,False,True,False,False,False,20250324_3FLfun1,False,False,False,False,False
1070,False,False,False,False,False,False,False,False,False,False,20250324_3FLfun1,False,False,False,False,False
1071,True,False,False,False,True,True,True,False,False,False,20250324_3FLfun1,True,True,True,False,False
1072,False,False,False,False,False,False,False,False,False,False,20250324_3FLfun1,False,False,False,False,False
1073,False,False,False,False,False,False,False,False,False,False,20250324_3FLfun1,False,False,False,False,False
1074,True,False,False,False,True,True,True,False,False,False,20250324_3FLfun1,True,True,True,False,False
1075,False,False,True,False,False,False,False,False,False,False,20250324_3FLfun1,False,True,False,True,False
1076,False,False,False,False,False,False,False,False,False,False,20250324_3FLfun1,False,False,False,False,False
1077,False,False,True,True,False,False,False,False,True,False,20250324_3FLfun1,False,True,True,True,True
1078,False,False,False,False,False,False,False,False,False,False,20250324_3FLfun1,False,False,False,False,False
1079,False,False,True,False,False,False,True,False,True,False,20250324_3FLfun1,False,True,False,True,False
1080,True,False,True,False,False,True,True,False,True,False,20250324_3FLfun1,True,True,True,True,False
1081,True,False,False,False,True,True,True,False,False,False,20250324_3FLfun1,True,True,True,False,False
1082,False,False,False,False,True,False,True,False,True,False,20250324_3FLfun1,False,False,False,False,False
1083,False,False,False,False,False,False,False,False,False,False,20250324_3FLfun1,False,False,False,False,False
1084,True,False,True,False,True,True,True,False,True,False,20250324_3FLfun1,True,True,True,True,False
1085,False,False,False,False,True,False,True,False,True,False,20250324_3FLfun1,False,False,False,False,False
1086,False,False,False,False,False,True,True,False,True,False,20250324_3FLfun1,False,False,False,False,False
1087,False,False,False,False,False,False,False,False,False,False,20250324_3FLfun1,False,False,False,False,False
1088,True,False,True,False,False,True,True,False,True,False,20250324_3FLfun1,True,True,True,True,False
1089,False,False,True,False,False,False,True,False,False,False,20250324_3FLfun1,False,True,False,True,False
1090,False,False,False,False,False,False,False,False,False,False,20250324_3FLfun1,False,False,False,False,False
1091,False,False,True,False,False,False,False,True,True,False,20250324_3FLfun1,False,True,False,True,False
1092,True,False,True,False,False,False,False,False,False,False,20250324_3FLfun1,True,True,True,True,False
1093,False,False,False,False,False,False,False,False,False,False,20250324_3FLfun1,False,False,False,False,False
1094,False,False,False,False,False,False,False,False,False,False,20250324_3FLfun1,False,False,False,False,False
1095,False,False,False,False,False,False,True,False,False,False,20250324_3FLfun1,False,False,False,False,False
1096,False,False,False,False,False,False,False,False,False,False,20250324_3FLfun1,False,False,False,False,False
1097,False,False,False,False,False,False,False,False,False,False,20250324_3FLfun1,False,False,False,False,False
1098,True,False,False,False,True,True,True,False,False,False,20250324_3FLfun1,True,True,True,False,False
1099,False,False,False,False,False,False,False,False,False,False,20250324_3FLfun1,False,False,False,False,False
1100,False,False,False,False,False,False,False,False,False,False,20250324_3FLfun1,False,False,False,False,False
1101,False,False,True,False,False,False,True,True,True,False,20250324_3FLfun1,False,True,False,True,False
1102,False,False,False,False,False,False,False,False,False,False,20250324_3FLfun1,False,False,False,False,False
1103,False,False,False,False,False,False,False,False,False,False,20250324_3FLfun1,False,False,False,False,False
1104,True,False,False,False,True,True,True,False,False,False,20250324_3FLfun1,True,True,True,False,False
1105,False,False,False,False,False,False,False,False,False,False,20250324_3FLfun1,False,False,False,False,False
1106,False,False,False,False,False,False,False,False,False,False,20250324_3FLfun1,False,False,False,False,False
1107,True,False,False,False,False,False,False,False,False,False,20250324_3FLfun1,True,True,True,False,False
1108,True,False,True,False,True,True,True,True,True,True,20250324_3FLfun1,True,True,True,True,False
1109,False,False,False,False,False,False,False,False,False,False,20250324_3FLfun1,False,False,False,False,False
1110,False,False,False,False,False,False,False,False,False,False,20250324_3FLfun1,False,False,False,False,False
1111,False,False,False,False,False,False,False,False,False,False,20250324_3FLfun1,False,False,False,False,False
1112,False,False,False,False,False,False,False,False,False,False,20250324_3FLfun1,False,False,False,False,False
1113,False,False,False,False,False,False,False,False,False,False,20250324_3FLfun1,False,False,False,False,False
1114,False,False,True,True,False,False,True,True,True,True,20250324_3FLfun1,False,True,True,True,True
1115,False,False,False,False,False,False,False,False,False,False,20250324_3FLfun1,False,False,False,False,False
1116,True,False,True,True,True,True,True,True,True,True,20250324_3FLfun1,True,True,True,True,True
1117,False,False,False,False,False,False,False,False,True,False,20250324_3FLfun1,False,False,False,False,False
1118,False,False,False,False,False,False,False,False,True,False,20250324_3FLfun1,False,False,False,False,False
1119,False,False,False,False,False,False,True,False,True,False,20250324_3FLfun1,False,False,False,False,False
1120,False,False,False,False,False,False,False,False,False,False,20250324_3FLfun1,False,False,False,False,False
1121,False,False,False,False,False,False,False,False,False,False,20250324_3FLfun1,False,False,False,False,False
1122,False,False,False,False,False,False,False,False,False,False,20250324_3FLfun1,False,False,False,False,False
1123,False,False,False,False,False,False,False,False,False,False,20250324_3FLfun1,False,False,False,False,False
1124,False,False,False,False,False,False,False,False,False,False,20250324_3FLfun1,False,False,False,False,False
1125,False,False,False,False,False,False,False,False,False,False,20250324_3FLfun1,False,False,False,False,False
1126,False,False,False,True,False,False,False,False,False,False,20250324_3FLfun1,False,False,True,False,True
1127,False,False,False,False,False,False,False,False,False,False,20250324_3FLfun1,False,False,False,False,False
1128,False,False,False,False,False,False,False,False,False,False,20250324_3FLfun1,False,False,False,False,False
1129,True,False,False,False,True,True,False,False,False,False,20250324_3FLfun1,True,True,True,False,False
1130,True,False,True,True,False,True,True,True,True,True,20250324_3FLfun1,True,True,True,True,True
1131,False,False,False,False,False,False,False,False,False,False,20250324_3FLfun1,False,False,False,False,False
1132,True,False,False,False,True,True,True,False,False,False,20250324_3FLfun1,True,True,True,False,False
1133,False,False,False,False,False,False,False,False,False,False,20250324_3FLfun1,False,False,False,False,False
1134,False,False,False,False,False,False,False,False,True,False,20250324_3FLfun1,False,False,False,False,False
1135,True,False,True,False,False,True,True,False,True,False,20250324_3FLfun1,True,True,True,True,False
1136,True,False,False,False,False,True,True,False,True,False,20250324_3FLfun1,True,True,True,False,False
1137,False,False,False,False,False,False,False,False,False,False,20250324_3FLfun1,False,False,False,False,False
1138,False,False,False,False,False,False,False,False,False,False,20250324_3FLfun1,False,False,False,False,False
1139,False,False,False,False,False,False,False,False,False,False,20250324_3FLfun1,False,False,False,False,False
1140,False,False,False,False,False,True,True,False,False,False,20250324_3FLfun1,False,False,False,False,False
1141,False,False,False,False,False,False,False,False,False,False,20250324_3FLfun1,False,False,False,False,False
1142,False,False,False,False,False,False,False,False,False,False,20250324_3FLfun1,False,False,False,False,False
1143,False,False,False,False,False,False,False,False,False,False,20250324_3FLfun1,False,False,False,False,False
1144,False,False,False,False,False,False,False,False,False,False,20250324_3FLfun1,False,False,False,False,False
1145,False,False,False,False,False,False,False,False,False,False,20250324_3FLfun1,False,False,False,False,False
1146,False,False,True,False,False,False,True,False,True,False,20250324_3FLfun1,False,True,False,True,False
1147,False,False,True,False,False,False,True,False,True,False,20250324_3FLfun1,False,True,False,True,False
1148,False,False,False,False,False,False,False,False,False,False,20250324_3FLfun1,False,False,False,False,False
1149,False,False,False,False,False,False,False,False,False,False,20250324_3FLfun1,False,False,False,False,False
1150,False,False,False,False,False,False,False,False,False,False,20250324_3FLfun1,False,False,False,False,False
1151,False,False,True,False,False,True,True,False,True,False,20250324_3FLfun1,False,True,False,True,False
1152,False,False,False,False,False,False,False,False,False,False,20250324_3FLfun1,False,False,False,False,False
1153,False,False,False,False,False,False,True,False,False,False,20250324_3FLfun1,False,False,False,False,False
1154,False,False,False,False,False,False,False,False,True,False,20250324_3FLfun1,False,False,False,False,False
1155,False,False,False,False,False,False,False,False,False,False,20250324_3FLfun1,False,False,False,False,False
1156,False,False,True,False,True,False,True,True,True,False,20250324_3FLfun1,False,True,False,True,False
1157,False,False,False,False,False,False,False,False,False,False,20250324_3FLfun1,False,False,False,False,False
1158,False,False,False,False,False,False,False,False,False,False,20250324_3FLfun1,False,False,False,False,False
1159,False,False,False,False,False,False,False,False,False,False,20250324_3FLfun1,False,False,False,False,False
1160,True,False,False,False,False,False,True,False,False,False,20250324_3FLfun1,True,True,True,False,False
1161,False,False,False,False,False,False,False,False,False,False,20250324_3FLfun1,False,False,False,False,False
1162,False,False,False,False,False,False,False,False,True,False,20250324_3FLfun1,False,False,False,False,False
1163,False,False,False,False,False,False,False,False,False,False,20250324_3FLfun1,False,False,False,False,False
1164,False,False,False,False,False,False,False,False,False,False,20250324_3FLfun1,False,False,False,False,False
1165,True,False,False,False,False,False,True,False,False,False,20250324_3FLfun1,True,True,True,False,False
1166,False,False,False,False,False,False,False,False,True,False,20250324_3FLfun1,False,False,False,False,False
1167,False,False,False,True,False,False,True,False,True,False,20250324_3FLfun1,False,False,True,False,True
1168,False,False,False,False,False,False,False,False,False,False,20250324_3FLfun1,False,False,False,False,False
1169,False,False,False,False,False,False,False,False,False,False,20250324_3FLfun1,False,False,False,False,False
1170,False,False,False,False,False,False,False,False,False,False,20250324_3FLfun1,False,False,False,False,False
1171,False,False,False,False,False,False,False,False,False,False,20250324_3FLfun1,False,False,False,False,False
1172,False,False,False,False,False,False,False,False,False,False,20250324_3FLfun1,False,False,False,False,False
1173,False,False,False,False,False,False,False,False,False,False,20250324_3FLfun1,False,False,False,False,False
1174,False,False,False,False,False,False,False,False,False,False,20250324_3FLfun1,False,False,False,False,False
1175,False,False,False,False,False,False,False,False,False,False,20250324_3FLfun1,False,False,False,False,False
1176,False,False,False,False,False,False,False,False,False,False,20250324_3FLfun1,False,False,False,False,False
1177,True,False,False,False,True,True,True,False,False,False,20250324_3FLfun1,True,True,True,False,False
1178,False,False,True,False,False,False,True,False,False,False,20250324_3FLfun1,False,True,False,True,False
1179,False,False,False,False,False,False,False,False,False,False,20250324_3FLfun1,False,False,False,False,False
1180,True,False,False,False,False,True,True,False,False,False,20250324_3FLfun1,True,True,True,False,False
1181,True,False,False,False,True,True,True,False,False,False,20250324_3FLfun1,True,True,True,False,False
1182,True,False,False,False,True,False,True,False,False,False,20250324_3FLfun1,True,True,True,False,False
1183,False,False,False,False,False,True,True,False,False,False,20250324_3FLfun1,False,False,False,False,False
1184,False,False,False,False,True,False,False,False,False,False,20250324_3FLfun1,False,False,False,False,False
1185,True,False,False,False,False,False,True,False,False,False,20250324_3FLfun1,True,True,True,False,False
1186,False,False,False,False,False,False,False,False,False,False,20250324_3FLfun1,False,False,False,False,False
1187,True,False,True,False,True,True,True,False,False,False,20250324_3FLfun1,True,True,True,True,False
1188,True,False,False,False,True,True,True,False,False,False,20250324_3FLfun1,True,True,True,False,False
1189,False,False,False,False,False,False,False,False,False,False,20250324_3FLfun1,False,False,False,False,False
1190,False,False,False,False,False,False,True,False,False,False,20250324_3FLfun1,False,False,False,False,False
1191,False,False,False,False,False,False,False,False,False,False,20250324_3FLfun1,False,False,False,False,False
1192,False,False,False,False,False,False,False,False,False,False,20250324_3FLfun1,False,False,False,False,False
1193,False,False,False,False,False,False,False,False,False,False,20250324_3FLfun1,False,False,False,False,False
1194,False,False,False,False,False,False,False,False,False,False,20250324_3FLfun1,False,False,False,False,False
1195,False,False,False,False,False,False,False,False,False,False,20250324_3FLfun1,False,False,False,False,False
1196,True,False,False,False,True,True,True,False,False,False,20250324_3FLfun1,True,True,True,False,False
1197,True,False,False,False,True,False,True,False,False,True,20250324_3FLfun1,True,True,True,False,False
1198,True,False,False,False,True,True,True,False,False,False,20250324_3FLfun1,True,True,True,False,False
1199,False,False,False,False,False,False,False,False,False,False,20250324_3FLfun1,False,False,False,False,False
1200,False,False,False,False,False,False,False,False,False,False,20250324_3FLfun1,False,False,False,False,False
1201,True,False,True,False,True,True,True,False,True,True,20250324_3FLfun1,True,True,True,True,False
1202,True,False,False,False,True,True,True,False,False,False,20250324_3FLfun1,True,True,True,False,False
1203,False,False,False,False,True,True,False,False,False,False,20250324_3FLfun1,False,False,False,False,False
1204,False,False,False,False,False,False,False,False,False,False,20250324_3FLfun1,False,False,False,False,False
1205,True,False,False,False,True,True,True,False,False,False,20250324_3FLfun1,True,True,True,False,False
1206,False,False,False,False,False,False,False,False,False,False,20250324_3FLfun1,False,False,False,False,False
1207,False,False,False,False,False,False,False,False,False,False,20250324_3FLfun1,False,False,False,False,False
1208,False,False,False,False,False,False,False,False,False,False,20250324_3FLfun1,False,False,False,False,False
1209,True,False,False,False,True,False,True,False,False,False,20250324_3FLfun1,True,True,True,False,False
1210,False,False,False,False,False,False,False,False,False,False,20250324_3FLfun1,False,False,False,False,False
1211,False,False,False,False,False,False,False,False,False,False,20250324_3FLfun1,False,False,False,False,False
1212,False,False,True,False,False,False,True,True,True,False,20250324_3FLfun1,False,True,False,True,False
1213,False,True,False,False,False,False,False,False,False,False,20250324_3FLfun1,True,False,False,True,True
1214,True,False,False,False,True,True,True,False,False,False,20250324_3FLfun1,True,True,True,False,False
1215,False,False,False,False,False,False,False,False,False,False,20250324_3FLfun1,False,False,False,False,False
1216,False,False,False,False,False,False,False,False,False,False,20250324_3FLfun1,False,False,False,False,False
1217,False,False,False,False,True,True,False,False,False,False,20250324_3FLfun1,False,False,False,False,False
1218,False,False,False,False,False,False,False,False,False,False,20250324_3FLfun1,False,False,False,False,False
1219,False,False,False,False,False,False,False,False,False,False,20250324_3FLfun1,False,False,False,False,False
1220,True,False,False,False,True,True,True,False,False,False,20250324_3FLfun1,True,True,True,False,False
1221,False,False,False,False,False,False,False,False,False,False,20250324_3FLfun1,False,False,False,False,False
1222,False,False,False,False,True,True,True,False,False,False,20250324_3FLfun1,False,False,False,False,False
1223,False,False,False,False,False,False,False,False,False,False,20250324_3FLfun1,False,False,False,False,False
1224,False,False,False,False,False,False,False,False,False,False,20250324_3FLfun1,False,False,False,False,False
1225,False,False,False,False,False,False,False,False,False,False,20250324_3FLfun1,False,False,False,False,False
1226,True,False,False,False,False,False,True,False,False,False,20250324_3FLfun1,True,True,True,False,False
1227,False,False,False,False,False,False,False,False,False,False,20250324_3FLfun1,False,False,False,False,False
1228,True,False,False,False,True,True,True,False,False,False,20250324_3FLfun1,True,True,True,False,False
1229,False,False,False,False,False,False,False,False,False,False,20250324_3FLfun1,False,False,False,False,False
1230,False,False,False,False,False,False,False,False,False,False,20250324_3FLfun1,False,False,False,False,False
1231,False,False,False,False,False,False,False,False,False,False,20250324_3FLfun1,False,False,False,False,False
1232,False,False,False,False,False,False,False,False,False,False,20250324_3FLfun1,False,False,False,False,False
1233,False,False,False,False,False,False,False,False,False,False,20250324_3FLfun1,False,False,False,False,False
1234,False,False,True,False,False,False,False,False,False,False,20250324_3FLfun1,False,True,False,True,False
1235,False,False,False,False,False,False,False,False,False,False,20250324_3FLfun1,False,False,False,False,False
1236,False,False,False,False,False,False,False,False,False,False,20250324_3FLfun1,False,False,False,False,False
1237,False,False,False,False,False,False,True,False,False,False,20250324_3FLfun1,False,False,False,False,False
1238,True,False,True,False,False,False,True,False,False,False,20250324_3FLfun1,True,True,True,True,False
1239,False,False,False,False,False,False,False,False,False,False,20250324_3FLfun1,False,False,False,False,False
1240,False,False,False,False,False,False,False,False,False,False,20250324_3FLfun1,False,False,False,False,False
1241,False,False,False,False,False,False,False,False,False,False,20250324_3FLfun1,False,False,False,False,False
1242,False,False,False,True,False,False,False,False,False,False,20250324_3FLfun1,False,False,True,False,True
1243,False,False,False,True,False,False,False,False,True,True,20250324_3FLfun1,False,False,True,False,True
1244,True,False,True,False,False,True,True,True,True,False,20250324_3FLfun1,True,True,True,True,False
1245,False,False,False,False,False,False,False,False,False,False,20250324_3FLfun1,False,False,False,False,False
1246,False,False,False,False,False,False,False,False,False,False,20250324_3FLfun1,False,False,False,False,False
1247,False,False,False,False,False,False,False,False,False,False,20250324_3FLfun1,False,False,False,False,False
1248,False,False,False,False,False,False,False,False,False,False,20250324_3FLfun1,False,False,False,False,False
1249,False,False,True,False,False,False,False,True,True,True,20250324_3FLfun1,False,True,False,True,False
1250,False,False,False,True,False,False,False,False,True,False,20250324_3FLfun1,False,False,True,False,True
1251,False,False,False,False,False,False,True,False,False,False,20250324_3FLfun1,False,False,False,False,False
1252,False,False,False,False,False,False,False,False,False,False,20250324_3FLfun1,False,False,False,False,False
1253,False,False,False,False,False,False,False,False,False,False,20250324_3FLfun1,False,False,False,False,False
1254,True,False,False,False,True,True,True,False,False,False,20250324_3FLfun1,True,True,True,False,False
1255,False,False,False,False,False,False,False,False,False,False,20250324_3FLfun1,False,False,False,False,False
1256,False,False,False,False,False,False,False,False,False,False,20250324_3FLfun1,False,False,False,False,False
1257,False,False,False,False,False,False,True,False,True,False,20250324_3FLfun1,False,False,False,False,False
1258,False,False,False,False,False,False,False,False,False,False,20250324_3FLfun1,False,False,False,False,False
1259,False,False,True,False,False,True,True,False,True,False,20250324_3FLfun1,False,True,False,True,False
1260,False,False,False,False,False,False,False,False,False,False,20250324_3FLfun1,False,False,False,False,False
1261,False,False,False,False,False,False,False,False,False,False,20250324_3FLfun1,False,False,False,False,False
1262,False,False,False,False,True,False,True,False,True,False,20250324_3FLfun1,False,False,False,False,False
1263,True,False,False,False,True,True,True,True,True,True,20250324_3FLfun1,True,True,True,False,False
1264,False,False,False,False,False,False,False,False,False,False,20250324_3FLfun1,False,False,False,False,False
1265,False,False,False,False,False,False,True,False,False,False,20250324_3FLfun1,False,False,False,False,False
1266,False,False,False,False,False,False,False,False,True,False,20250324_3FLfun1,False,False,False,False,False
1267,False,False,False,False,False,True,True,False,False,False,20250324_3FLfun1,False,False,False,False,False
1268,False,False,False,False,False,False,False,False,False,False,20250324_3FLfun1,False,False,False,False,False
1269,False,False,False,False,False,False,False,False,False,False,20250324_3FLfun1,False,False,False,False,False
1270,False,False,False,False,False,False,False,False,False,False,20250324_3FLfun1,False,False,False,False,False
1271,False,False,False,False,False,False,False,False,False,False,20250324_3FLfun1,False,False,False,False,False
1272,False,False,True,False,False,False,True,False,False,False,20250324_3FLfun1,False,True,False,True,False
1273,True,False,True,False,False,True,True,False,True,False,20250324_3FLfun1,True,True,True,True,False
1274,False,False,False,False,False,False,False,False,False,False,20250324_3FLfun1,False,False,False,False,False
1275,False,False,False,False,False,False,True,False,False,False,20250324_3FLfun1,False,False,False,False,False
1276,False,False,False,False,False,False,False,False,False,False,20250324_3FLfun1,False,False,False,False,False
1277,False,False,False,False,False,False,False,False,False,False,20250324_3FLfun1,False,False,False,False,False
1278,False,False,False,False,False,False,False,False,False,False,20250324_3FLfun1,False,False,False,False,False
1279,False,False,False,False,False,False,False,False,False,False,20250324_3FLfun1,False,False,False,False,False
1280,True,False,False,False,True,True,True,False,False,False,20250324_3FLfun1,True,True,True,False,False
1281,True,False,False,False,True,False,True,False,True,False,20250324_3FLfun1,True,True,True,False,False
1282,False,False,False,False,False,True,True,False,True,False,20250324_3FLfun1,False,False,False,False,False
1283,False,False,False,False,False,False,False,False,False,False,20250324_3FLfun1,False,False,False,False,False
1284,False,False,True,False,False,False,False,False,False,False,20250324_3FLfun1,False,True,False,True,False
1285,True,False,True,False,True,True,True,False,True,False,20250324_3FLfun1,True,True,True,True,False
1286,False,False,False,False,False,False,False,False,False,False,20250324_3FLfun1,False,False,False,False,False
1287,False,False,False,False,False,False,False,False,False,False,20250324_3FLfun1,False,False,False,False,False
1288,True,False,True,False,True,True,True,False,True,False,20250324_3FLfun1,True,True,True,True,False
1289,False,False,True,False,False,False,True,True,True,False,20250324_3FLfun1,False,True,False,True,False
1290,False,False,False,False,False,False,False,False,False,False,20250324_3FLfun1,False,False,False,False,False
1291,False,False,False,False,False,False,False,False,False,False,20250324_3FLfun1,False,False,False,False,False
1292,False,False,False,False,False,False,False,False,False,False,20250324_3FLfun1,False,False,False,False,False
1293,False,False,False,False,False,False,False,False,False,False,20250324_3FLfun1,False,False,False,False,False
1294,True,False,False,False,False,False,True,False,False,False,20250324_3FLfun1,True,True,True,False,False
1295,True,False,True,False,False,False,True,False,True,False,20250324_3FLfun1,True,True,True,True,False
1296,False,False,False,False,False,False,False,False,False,False,20250324_3FLfun1,False,False,False,False,False
1297,False,False,False,False,False,False,False,False,False,False,20250324_3FLfun1,False,False,False,False,False
1298,False,False,False,False,False,True,True,False,True,False,20250324_3FLfun1,False,False,False,False,False
1299,False,False,False,False,False,False,False,False,False,False,20250324_3FLfun1,False,False,False,False,False
1300,False,False,False,False,False,False,False,False,False,False,20250324_3FLfun1,False,False,False,False,False
1301,False,False,False,False,False,False,False,False,False,False,20250324_3FLfun1,False,False,False,False,False
1302,False,False,False,False,False,False,False,False,False,False,20250324_3FLfun1,False,False,False,False,False
1303,True,False,False,False,True,True,True,False,False,False,20250324_3FLfun1,True,True,True,False,False
1304,False,False,False,False,False,False,False,False,False,False,20250324_3FLfun1,False,False,False,False,False
1305,True,False,True,False,True,True,True,True,True,True,20250324_3FLfun1,True,True,True,True,False
1306,False,False,False,False,False,False,False,False,False,False,20250324_3FLfun1,False,False,False,False,False
1307,False,False,False,False,False,False,True,False,False,False,20250324_3FLfun1,False,False,False,False,False
1308,True,False,True,True,False,False,True,True,True,False,20250324_3FLfun1,True,True,True,True,True
1309,False,False,False,False,False,False,False,False,False,False,20250324_3FLfun1,False,False,False,False,False
1310,True,False,True,True,True,True,True,True,True,True,20250324_3FLfun1,True,True,True,True,True
1311,False,False,False,False,False,False,False,False,True,False,20250324_3FLfun1,False,False,False,False,False
1312,True,False,False,False,True,True,True,False,False,False,20250324_3FLfun1,True,True,True,False,False
1313,False,False,False,False,False,False,False,False,False,False,20250324_3FLfun1,False,False,False,False,False
1314,False,False,False,False,False,False,False,False,False,False,20250324_3FLfun1,False,False,False,False,False
1315,False,False,False,False,False,False,False,False,False,False,20250324_3FLfun1,False,False,False,False,False
1316,False,False,False,False,False,False,False,False,True,False,20250324_3FLfun1,False,False,False,False,False
1317,False,False,False,False,False,False,False,False,False,False,20250324_3FLfun1,False,False,False,False,False
1318,False,False,False,False,False,False,False,False,False,False,20250324_3FLfun1,False,False,False,False,False
1319,True,False,True,True,True,True,True,True,True,True,20250324_3FLfun1,True,True,True,True,True
1320,False,False,False,False,False,False,False,False,False,False,20250324_3FLfun1,False,False,False,False,False
1321,False,False,False,False,False,False,False,False,False,False,20250324_3FLfun1,False,False,False,False,False
1322,False,False,False,False,False,False,False,False,False,False,20250324_3FLfun1,False,False,False,False,False
1323,False,False,False,False,False,False,False,False,False,False,20250324_3FLfun1,False,False,False,False,False
1324,True,False,False,False,True,False,False,True,True,True,20250324_3FLfun1,True,True,True,False,False
1325,False,False,False,False,False,False,False,False,False,False,20250324_3FLfun1,False,False,False,False,False
1326,False,False,False,False,False,False,False,False,False,False,20250324_3FLfun1,False,False,False,False,False
1327,False,False,False,False,False,False,False,False,False,False,20250324_3FLfun1,False,False,False,False,False
1328,False,False,False,False,False,False,False,False,False,False,20250324_3FLfun1,False,False,False,False,False
1329,False,False,False,False,False,False,False,False,False,False,20250324_3FLfun1,False,False,False,False,False
1330,False,False,False,False,False,False,False,False,False,False,20250324_3FLfun1,False,False,False,False,False
1331,False,False,False,False,False,False,False,False,False,False,20250324_3FLfun1,False,False,False,False,False
1332,False,False,False,False,True,False,True,False,False,False,20250324_3FLfun1,False,False,False,False,False
1333,False,False,False,False,False,False,False,False,False,False,20250324_3FLfun1,False,False,False,False,False
1334,False,False,False,False,False,False,False,False,False,False,20250324_3FLfun1,False,False,False,False,False
1335,False,False,False,False,False,False,False,False,False,False,20250324_3FLfun1,False,False,False,False,False
1336,False,False,False,False,False,False,False,False,False,False,20250324_3FLfun1,False,False,False,False,False
1337,False,False,False,False,False,False,False,False,False,False,20250324_3FLfun1,False,False,False,False,False
1338,False,False,False,False,False,False,False,False,False,False,20250324_3FLfun1,False,False,False,False,False
1339,False,False,False,False,False,False,False,False,False,False,20250324_3FLfun1,False,False,False,False,False
1340,False,False,False,False,False,False,False,False,False,False,20250324_3FLfun1,False,False,False,False,False
1341,False,False,True,False,False,False,False,False,False,False,20250324_3FLfun1,False,True,False,True,False
1342,False,False,False,False,False,False,False,False,False,False,20250324_3FLfun1,False,False,False,False,False
1343,False,False,False,False,False,False,False,False,False,False,20250324_3FLfun1,False,False,False,False,False
1344,False,False,False,False,False,False,False,True,False,False,20250324_3FLfun1,False,False,False,False,False
1345,False,False,False,False,True,False,False,False,True,False,20250324_3FLfun1,False,False,False,False,False
1346,False,False,False,False,False,False,False,False,False,False,20250324_3FLfun1,False,False,False,False,False
1347,False,False,False,False,False,False,False,False,False,False,20250324_3FLfun1,False,False,False,False,False
1348,False,False,False,False,False,False,True,False,False,False,20250324_3FLfun1,False,False,False,False,False
1349,True,False,False,False,False,False,False,False,False,False,20250324_3FLfun1,True,True,True,False,False
1350,False,False,False,False,False,False,False,False,False,False,20250324_3FLfun1,False,False,False,False,False
1351,False,False,True,False,False,False,True,False,False,False,20250324_3FLfun1,False,True,False,True,False
1352,False,False,False,False,False,True,True,False,False,False,20250324_3FLfun1,False,False,False,False,False
1353,False,False,False,False,False,False,False,False,False,False,20250324_3FLfun1,False,False,False,False,False
1354,False,False,False,False,False,False,False,False,False,False,20250324_3FLfun1,False,False,False,False,False
1355,False,False,False,False,False,False,False,False,False,False,20250324_3FLfun1,False,False,False,False,False
1356,False,False,False,False,False,False,False,False,True,False,20250324_3FLfun1,False,False,False,False,False
1357,False,False,False,False,False,False,False,False,False,False,20250324_3FLfun1,False,False,False,False,False
1358,False,False,False,False,False,False,False,False,False,False,20250324_3FLfun1,False,False,False,False,False
1359,True,False,True,False,False,True,True,False,True,False,20250324_3FLfun1,True,True,True,True,False
1360,False,False,True,False,False,False,True,False,False,False,20250324_3FLfun1,False,True,False,True,False
1361,False,False,False,False,False,False,False,False,False,False,20250324_3FLfun1,False,False,False,False,False
1362,True,False,False,False,True,False,True,False,False,False,20250324_3FLfun1,True,True,True,False,False
1363,False,False,False,False,False,False,False,False,False,False,20250324_3FLfun1,False,False,False,False,False
1364,False,False,False,False,False,False,False,False,False,False,20250324_3FLfun1,False,False,False,False,False
1365,False,False,False,False,False,False,False,False,False,False,20250324_3FLfun1,False,False,False,False,False
1366,True,False,False,False,True,True,True,False,False,False,20250324_3FLfun1,True,True,True,False,False
1367,True,False,False,False,False,True,True,False,False,False,20250324_3FLfun1,True,True,True,False,False
1368,True,False,False,False,False,False,True,False,False,False,20250324_3FLfun1,True,True,True,False,False
1369,False,False,False,False,False,False,False,False,False,False,20250324_3FLfun1,False,False,False,False,False
1370,False,False,False,False,False,False,False,False,False,False,20250324_3FLfun1,False,False,False,False,False
1371,True,False,False,False,True,False,True,False,False,False,20250324_3FLfun1,True,True,True,False,False
1372,False,False,False,False,False,False,False,False,False,False,20250324_3FLfun1,False,False,False,False,False
1373,False,False,False,False,True,True,True,False,False,False,20250324_3FLfun1,False,False,False,False,False
1374,False,False,False,False,False,False,False,False,False,False,20250324_3FLfun1,False,False,False,False,False
1375,False,False,False,True,False,False,False,False,False,False,20250324_3FLfun1,False,False,True,False,True
1376,False,False,False,False,False,False,False,False,False,False,20250324_3FLfun1,False,False,False,False,False
1377,False,False,False,False,False,True,True,False,False,False,20250324_3FLfun1,False,False,False,False,False
1378,False,False,False,False,False,False,False,False,False,False,20250324_3FLfun1,False,False,False,False,False
1379,True,False,False,False,False,True,True,False,True,False,20250324_3FLfun1,True,True,True,False,False
1380,False,False,False,False,False,False,True,False,False,False,20250324_3FLfun1,False,False,False,False,False
1381,True,False,False,False,True,True,True,False,False,False,20250324_3FLfun1,True,True,True,False,False
1382,True,False,True,False,False,False,False,False,False,False,20250324_3FLfun1,True,True,True,True,False
1383,False,False,False,False,False,False,False,False,True,False,20250324_3FLfun1,False,False,False,False,False
1384,True,False,False,False,True,True,True,False,False,False,20250324_3FLfun1,True,True,True,False,False
1385,True,False,False,False,True,True,True,False,False,False,20250324_3FLfun1,True,True,True,False,False
1386,True,False,False,False,True,True,True,False,False,False,20250324_3FLfun1,True,True,True,False,False
1387,False,False,False,False,False,False,False,False,False,False,20250324_3FLfun1,False,False,False,False,False
1388,False,False,False,True,False,False,False,False,False,False,20250324_3FLfun1,False,False,True,False,True
1389,False,False,False,False,False,False,False,False,False,False,20250324_3FLfun1,False,False,False,False,False
1390,True,False,False,False,True,False,False,False,False,False,20250324_3FLfun1,True,True,True,False,False
1391,False,False,True,False,False,False,True,True,True,False,20250324_3FLfun1,False,True,False,True,False
1392,False,False,False,False,False,False,False,False,False,False,20250324_3FLfun1,False,False,False,False,False
1393,False,False,False,False,False,False,False,False,False,False,20250324_3FLfun1,False,False,False,False,False
1394,True,False,False,False,True,True,True,False,False,False,20250324_3FLfun1,True,True,True,False,False
1395,False,False,False,False,False,False,False,False,False,False,20250324_3FLfun1,False,False,False,False,False
1396,False,False,False,False,False,False,False,False,True,False,20250324_3FLfun1,False,False,False,False,False
1397,True,False,True,False,False,False,True,False,True,False,20250324_3FLfun1,True,True,True,True,False
1398,False,False,True,False,False,True,True,False,True,False,20250324_3FLfun1,False,True,False,True,False
1399,False,False,True,False,False,True,True,True,True,True,20250324_3FLfun1,False,True,False,True,False
1400,False,False,False,False,False,False,False,False,False,False,20250324_3FLfun1,False,False,False,False,False
1401,False,False,False,False,False,False,False,False,False,False,20250324_3FLfun1,False,False,False,False,False
1402,True,False,False,False,True,True,True,False,False,False,20250324_3FLfun1,True,True,True,False,False
1403,True,False,True,True,False,True,True,True,True,False,20250324_3FLfun1,True,True,True,True,True
1404,False,False,False,False,False,True,True,False,False,False,20250324_3FLfun1,False,False,False,False,False
1405,True,False,True,True,True,True,True,True,True,False,20250324_3FLfun1,True,True,True,True,True
1406,False,False,False,False,False,False,False,False,False,False,20250324_3FLfun1,False,False,False,False,False
1407,False,False,False,False,False,False,False,False,False,False,20250324_3FLfun1,False,False,False,False,False
1408,False,False,False,False,False,False,False,False,False,False,20250324_3FLfun1,False,False,False,False,False
1409,False,False,False,False,False,False,False,False,False,False,20250324_3FLfun1,False,False,False,False,False
1410,False,False,False,False,False,False,False,False,False,False,20250324_3FLfun1,False,False,False,False,False
1411,False,False,False,False,False,False,True,False,False,False,20250324_3FLfun1,False,False,False,False,False
1412,False,False,True,True,False,False,False,True,True,False,20250324_3FLfun1,False,True,True,True,True
1413,False,False,False,False,False,False,False,False,False,False,20250324_3FLfun1,False,False,False,False,False
1414,True,False,False,False,False,False,True,False,False,False,20250324_3FLfun1,True,True,True,False,False
1415,False,False,False,False,False,False,False,False,False,False,20250324_3FLfun1,False,False,False,False,False
1416,False,False,True,False,False,False,True,False,False,False,20250324_3FLfun1,False,True,False,True,False
1417,False,False,False,False,False,False,False,False,False,False,20250324_3FLfun1,False,False,False,False,False
1418,False,False,False,False,False,False,False,False,False,False,20250324_3FLfun1,False,False,False,False,False
1419,True,False,False,False,False,False,True,False,False,True,20250324_3FLfun1,True,True,True,False,False
1420,False,False,False,False,False,False,False,False,False,False,20250324_3FLfun1,False,False,False,False,False
1421,False,False,False,True,False,False,False,False,False,False,20250324_3FLfun1,False,False,True,False,True
1422,False,False,False,False,False,False,False,False,False,False,20250324_3FLfun1,False,False,False,False,False
1423,False,False,False,False,False,False,False,False,False,False,20250324_3FLfun1,False,False,False,False,False
1424,False,False,False,False,False,False,True,False,False,False,20250324_3FLfun1,False,False,False,False,False
1425,False,False,False,False,False,False,False,False,False,False,20250324_3FLfun1,False,False,False,False,False
1426,False,False,False,False,False,False,False,False,False,False,20250324_3FLfun1,False,False,False,False,False
1427,False,False,False,False,False,False,False,False,False,False,20250324_3FLfun1,False,False,False,False,False
1428,False,False,False,False,False,False,False,False,False,False,20250324_3FLfun1,False,False,False,False,False
1429,False,False,False,False,False,False,False,False,False,False,20250324_3FLfun1,False,False,False,False,False
1430,False,False,False,False,False,False,False,False,False,False,20250324_3FLfun1,False,False,False,False,False
1431,False,False,False,False,False,False,False,False,False,False,20250324_3FLfun1,False,False,False,False,False
1432,False,False,False,False,False,False,False,False,False,False,20250324_3FLfun1,False,False,False,False,False
1433,False,False,False,False,False,False,False,False,False,False,20250324_3FLfun1,False,False,False,False,False
1434,False,False,False,False,False,False,False,False,False,False,20250324_3FLfun1,False,False,False,False,False
1435,False,False,False,False,False,False,False,False,False,False,20250324_3FLfun1,False,False,False,False,False
1436,False,False,True,False,False,False,True,False,False,False,20250324_3FLfun1,False,True,False,True,False
1437,False,False,False,False,False,False,False,False,False,False,20250324_3FLfun1,False,False,False,False,False
1438,False,False,False,False,False,False,False,False,False,False,20250324_3FLfun1,False,False,False,False,False
1439,False,False,True,False,False,True,True,False,True,False,20250324_3FLfun1,False,True,False,True,False
1440,False,False,False,False,False,False,False,False,False,False,20250324_3FLfun1,False,False,False,False,False
1441,False,False,False,False,False,False,False,False,False,False,20250324_3FLfun1,False,False,False,False,False
1442,False,False,False,False,True,False,True,False,True,False,20250324_3FLfun1,False,False,False,False,False
1443,False,False,False,False,False,False,False,False,False,False,20250324_3FLfun1,False,False,False,False,False
1444,True,False,False,False,True,True,True,False,True,False,20250324_3FLfun1,True,True,True,False,False
1445,False,False,False,False,False,False,True,False,False,False,20250324_3FLfun1,False,False,False,False,False
1446,False,False,False,False,False,False,False,False,False,False,20250324_3FLfun1,False,False,False,False,False
1447,False,False,False,False,False,False,True,False,False,False,20250324_3FLfun1,False,False,False,False,False
1448,False,False,False,False,False,False,False,False,False,False,20250324_3FLfun1,False,False,False,False,False
1449,False,False,False,False,False,False,False,False,False,False,20250324_3FLfun1,False,False,False,False,False
1450,False,False,False,False,False,False,False,False,False,False,20250324_3FLfun1,False,False,False,False,False
1451,False,False,False,False,False,False,False,False,False,False,20250324_3FLfun1,False,False,False,False,False
1452,False,False,False,False,False,False,False,False,False,False,20250324_3FLfun1,False,False,False,False,False
1453,False,False,False,False,False,False,True,False,True,False,20250324_3FLfun1,False,False,False,False,False
1454,False,False,False,False,False,False,False,False,False,False,20250324_3FLfun1,False,False,False,False,False
1455,False,False,False,False,False,False,False,False,False,False,20250324_3FLfun1,False,False,False,False,False
1456,False,False,False,False,False,False,True,False,True,False,20250324_3FLfun1,False,False,False,False,False
1457,False,False,False,False,False,False,False,False,False,False,20250324_3FLfun1,False,False,False,False,False
1458,False,False,False,False,False,False,False,False,True,False,20250324_3FLfun1,False,False,False,False,False
1459,False,False,False,False,False,False,False,False,False,False,20250324_3FLfun1,False,False,False,False,False
1460,True,False,False,False,True,True,True,False,False,False,20250324_3FLfun1,True,True,True,False,False
1461,True,False,False,False,True,True,True,False,True,False,20250324_3FLfun1,True,True,True,False,False
1462,False,False,False,False,False,False,False,False,False,False,20250324_3FLfun1,False,False,False,False,False
1463,False,False,False,False,False,False,False,False,False,False,20250324_3FLfun1,False,False,False,False,False
1464,True,False,True,False,True,True,True,False,True,False,20250324_3FLfun1,True,True,True,True,False
1465,False,False,False,False,False,True,False,False,False,False,20250324_3FLfun1,False,False,False,False,False
1466,False,False,False,False,False,False,False,False,False,False,20250324_3FLfun1,False,False,False,False,False
1467,False,False,False,True,True,False,False,False,False,False,20250324_3FLfun1,False,False,True,False,True
1468,False,False,False,False,False,False,True,False,False,False,20250324_3FLfun1,False,False,False,False,False
1469,False,False,False,False,False,False,False,False,False,False,20250324_3FLfun1,False,False,False,False,False
1470,False,False,False,False,False,False,False,True,True,False,20250324_3FLfun1,False,False,False,False,False
1471,False,False,False,False,False,False,False,False,False,False,20250324_3FLfun1,False,False,False,False,False
1472,False,False,False,False,False,False,False,False,False,False,20250324_3FLfun1,False,False,False,False,False
1473,True,False,False,False,True,True,True,False,False,True,20250324_3FLfun1,True,True,True,False,False
1474,False,False,True,False,False,False,False,False,False,False,20250324_3FLfun1,False,True,False,True,False
1475,False,False,False,False,False,False,False,False,False,False,20250324_3FLfun1,False,False,False,False,False
1476,False,False,True,False,False,False,True,False,True,False,20250324_3FLfun1,False,True,False,True,False
1477,False,False,False,False,False,False,False,False,False,False,20250324_3FLfun1,False,False,False,False,False
1478,False,False,False,False,False,False,False,False,False,False,20250324_3FLfun1,False,False,False,False,False
1479,False,False,False,False,False,False,False,False,False,False,20250324_3FLfun1,False,False,False,False,False
1480,False,False,False,False,False,False,False,False,False,False,20250324_3FLfun1,False,False,False,False,False
1481,False,False,False,False,False,False,False,False,False,False,20250324_3FLfun1,False,False,False,False,False
1482,False,False,False,False,True,False,False,False,False,False,20250324_3FLfun1,False,False,False,False,False
1483,False,False,False,False,False,False,False,False,False,False,20250324_3FLfun1,False,False,False,False,False
1484,False,False,False,True,False,False,False,False,True,False,20250324_3FLfun1,False,False,True,False,True
1485,False,False,True,False,False,False,True,False,True,False,20250324_3FLfun1,False,True,False,True,False
1486,False,False,False,False,False,False,False,False,False,False,20250324_3FLfun1,False,False,False,False,False
1487,False,False,False,False,False,False,False,False,False,False,20250324_3FLfun1,False,False,False,False,False
1488,False,False,False,False,False,False,False,False,False,False,20250324_3FLfun1,False,False,False,False,False
1489,True,False,False,False,True,True,True,True,True,False,20250324_3FLfun1,True,True,True,False,False
1490,False,False,False,False,False,False,False,False,False,False,20250324_3FLfun1,False,False,False,False,False
1491,False,False,False,False,False,False,False,False,False,False,20250324_3FLfun1,False,False,False,False,False
1492,True,False,True,True,False,False,True,True,True,False,20250324_3FLfun1,True,True,True,True,True
1493,False,False,False,False,False,False,False,False,False,False,20250324_3FLfun1,False,False,False,False,False
1494,True,False,False,False,True,False,True,False,False,False,20250324_3FLfun1,True,True,True,False,False
1495,False,False,False,False,False,False,False,False,False,False,20250324_3FLfun1,False,False,False,False,False
1496,False,False,False,False,False,False,False,False,False,False,20250324_3FLfun1,False,False,False,False,False
1497,False,False,False,False,False,False,False,False,False,False,20250324_3FLfun1,False,False,False,False,False
1498,True,False,True,False,True,True,True,False,True,False,20250324_3FLfun1,True,True,True,True,False
1499,False,False,False,False,False,False,False,False,False,False,20250324_3FLfun1,False,False,False,False,False
1500,False,False,False,False,False,False,False,False,False,False,20250324_3FLfun1,False,False,False,False,False
1501,False,False,False,False,False,False,False,False,False,False,20250324_3FLfun1,False,False,False,False,False
1502,True,True,False,False,True,True,True,True,True,True,20250324_3FLfun1,True,True,True,True,True
1503,False,False,False,False,False,False,False,False,True,False,20250324_3FLfun1,False,False,False,False,False
1504,False,False,False,False,False,False,False,False,False,False,20250324_3FLfun1,False,False,False,False,False
1505,False,False,False,False,False,False,False,False,False,False,20250324_3FLfun1,False,False,False,False,False
1506,False,False,False,False,False,False,False,False,False,False,20250324_3FLfun1,False,False,False,False,False
1507,False,False,False,False,False,False,False,False,False,False,20250324_3FLfun1,False,False,False,False,False
1508,False,False,False,False,False,False,False,False,False,False,20250324_3FLfun1,False,False,False,False,False
1509,False,False,False,False,False,False,True,False,False,False,20250324_3FLfun1,False,False,False,False,False
1510,False,False,False,False,False,False,False,False,False,False,20250324_3FLfun1,False,False,False,False,False
1511,False,False,False,False,False,False,False,False,False,False,20250324_3FLfun1,False,False,False,False,False
1512,False,False,False,False,False,False,False,False,False,True,20250324_3FLfun1,False,False,False,False,False
1513,False,False,False,False,True,True,True,True,False,False,20250324_3FLfun1,False,False,False,False,False
1514,False,False,False,False,False,False,False,False,False,False,20250324_3FLfun1,False,False,False,False,False
1515,False,False,False,False,False,False,False,False,False,False,20250324_3FLfun1,False,False,False,False,False
1516,False,False,False,False,False,False,False,False,True,False,20250324_3FLfun1,False,False,False,False,False
1517,False,False,False,False,False,False,False,False,False,False,20250324_3FLfun1,False,False,False,False,False
1518,False,False,False,False,False,False,False,False,False,False,20250324_3FLfun1,False,False,False,False,False
1519,False,False,False,False,False,False,True,False,True,False,20250324_3FLfun1,False,False,False,False,False
1520,False,False,False,False,False,False,False,False,False,False,20250324_3FLfun1,False,False,False,False,False
1521,False,False,False,False,False,False,False,False,False,False,20250324_3FLfun1,False,False,False,False,False
1522,False,False,True,False,False,False,True,True,True,False,20250324_3FLfun1,False,True,False,True,False
1523,False,False,False,False,False,False,False,False,False,False,20250324_3FLfun1,False,False,False,False,False
1524,False,False,True,False,False,False,True,False,False,False,20250324_3FLfun1,False,True,False,True,False
1525,False,False,False,False,False,False,False,False,False,False,20250324_3FLfun1,False,False,False,False,False
1526,False,False,False,False,False,False,False,False,False,False,20250324_3FLfun1,False,False,False,False,False
1527,False,False,False,False,False,False,False,False,False,False,20250324_3FLfun1,False,False,False,False,False
1528,False,False,True,True,False,False,False,False,True,False,20250324_3FLfun1,False,True,True,True,True
1529,True,False,False,False,False,False,False,False,False,False,20250324_3FLfun1,True,True,True,False,False
1530,True,False,True,False,False,False,True,False,True,False,20250324_3FLfun1,True,True,True,True,False
1531,False,False,False,True,False,False,False,False,False,False,20250324_3FLfun1,False,False,True,False,True
1532,False,False,False,False,False,False,False,False,False,False,20250324_3FLfun1,False,False,False,False,False
1533,False,False,True,False,False,False,False,False,False,False,20250324_3FLfun1,False,True,False,True,False
1534,False,False,False,False,False,False,False,False,False,False,20250324_3FLfun1,False,False,False,False,False
1535,False,False,True,False,False,False,True,False,True,False,20250324_3FLfun1,False,True,False,True,False
1536,False,False,False,False,False,False,False,False,False,False,20250324_3FLfun1,False,False,False,False,False
1537,False,False,False,False,False,False,False,False,False,False,20250324_3FLfun1,False,False,False,False,False
1538,False,False,False,False,False,False,False,False,False,False,20250324_3FLfun1,False,False,False,False,False
1539,False,False,False,False,False,False,False,False,False,False,20250324_3FLfun1,False,False,False,False,False
1540,False,False,False,True,False,False,True,False,True,False,20250324_3FLfun1,False,False,True,False,True
1541,False,False,False,False,False,False,False,False,False,False,20250324_3FLfun1,False,False,False,False,False
1542,False,False,False,False,False,False,False,False,False,False,20250324_3FLfun1,False,False,False,False,False
1543,False,False,False,False,False,False,False,False,False,False,20250324_3FLfun1,False,False,False,False,False
1544,False,False,False,False,False,True,True,False,False,True,20250324_3FLfun1,False,False,False,False,False
1545,False,False,False,False,False,False,True,False,False,False,20250324_3FLfun1,False,False,False,False,False
1546,False,False,False,False,False,False,False,False,False,False,20250324_3FLfun1,False,False,False,False,False
1547,False,False,False,False,False,False,False,False,False,False,20250324_3FLfun1,False,False,False,False,False
1548,False,False,False,False,False,False,False,False,False,False,20250324_3FLfun1,False,False,False,False,False
1549,False,False,False,False,False,False,True,False,True,False,20250324_3FLfun1,False,False,False,False,False
1550,False,False,False,False,False,False,False,False,False,False,20250324_3FLfun1,False,False,False,False,False
1551,False,False,False,False,False,False,False,False,False,False,20250324_3FLfun1,False,False,False,False,False
1552,False,False,False,False,False,False,False,False,False,False,20250324_3FLfun1,False,False,False,False,False
1553,False,False,False,False,False,False,False,False,False,False,20250324_3FLfun1,False,False,False,False,False
1554,True,False,True,False,False,False,True,False,False,False,20250324_3FLfun1,True,True,True,True,False
1555,False,False,False,False,False,False,True,False,False,False,20250324_3FLfun1,False,False,False,False,False
1556,False,False,False,False,False,False,False,False,False,False,20250324_3FLfun1,False,False,False,False,False
1557,False,False,False,False,False,False,True,False,False,False,20250324_3FLfun1,False,False,False,False,False
1558,False,False,False,False,False,True,True,False,False,False,20250324_3FLfun1,False,False,False,False,False
1559,False,False,False,False,False,False,True,False,False,False,20250324_3FLfun1,False,False,False,False,False
1560,True,False,False,False,True,True,True,False,False,False,20250324_3FLfun1,True,True,True,False,False
1561,False,False,False,False,False,False,False,False,False,False,20250324_3FLfun1,False,False,False,False,False
1562,False,False,False,False,False,False,False,False,False,False,20250324_3FLfun1,False,False,False,False,False
1563,False,False,False,False,False,False,False,False,False,False,20250324_3FLfun1,False,False,False,False,False
1564,True,False,False,False,False,False,False,False,False,False,20250324_3FLfun1,True,True,True,False,False
1565,False,False,False,False,False,True,True,False,False,False,20250324_3FLfun1,False,False,False,False,False
1566,False,False,False,False,False,False,False,False,False,False,20250324_3FLfun1,False,False,False,False,False
1567,False,False,False,False,False,False,False,False,False,False,20250324_3FLfun1,False,False,False,False,False
1568,False,False,False,False,False,False,False,False,False,False,20250324_3FLfun1,False,False,False,False,False
1569,False,False,False,True,False,False,False,False,False,False,20250324_3FLfun1,False,False,True,False,True
1570,False,False,False,False,False,False,False,False,False,False,20250324_3FLfun1,False,False,False,False,False
1571,False,False,False,False,False,False,True,False,True,False,20250324_3FLfun1,False,False,False,False,False
1572,True,False,False,False,True,True,False,False,False,False,20250324_3FLfun1,True,True,True,False,False
1573,False,False,False,False,False,False,False,False,False,False,20250324_3FLfun1,False,False,False,False,False
1574,False,False,False,False,False,True,False,False,False,False,20250324_3FLfun1,False,False,False,False,False
1575,False,False,False,False,False,False,False,False,False,False,20250324_3FLfun1,False,False,False,False,False
1576,True,False,False,False,True,True,True,False,False,False,20250324_3FLfun1,True,True,True,False,False
1577,False,False,False,False,False,False,False,False,False,False,20250324_3FLfun1,False,False,False,False,False
1578,False,False,False,False,False,False,False,False,False,False,20250324_3FLfun1,False,False,False,False,False
1579,True,False,False,False,True,False,False,False,False,False,20250324_3FLfun1,True,True,True,False,False
1580,True,False,False,False,True,False,True,False,False,False,20250324_3FLfun1,True,True,True,False,False
1581,False,False,False,False,False,False,False,False,False,False,20250324_3FLfun1,False,False,False,False,False
1582,True,False,False,False,True,True,True,False,False,False,20250324_3FLfun1,True,True,True,False,False
1583,False,False,False,False,False,False,False,False,False,False,20250324_3FLfun1,False,False,False,False,False
1584,True,False,False,False,True,True,True,False,False,False,20250324_3FLfun1,True,True,True,False,False
1585,False,False,False,False,False,False,False,False,False,False,20250324_3FLfun1,False,False,False,False,False
1586,False,False,False,False,False,False,False,False,False,False,20250324_3FLfun1,False,False,False,False,False
1587,False,False,False,False,False,False,False,False,False,False,20250324_3FLfun1,False,False,False,False,False
1588,False,False,False,False,False,False,False,False,False,False,20250324_3FLfun1,False,False,False,False,False
1589,False,False,False,False,False,False,False,False,False,False,20250324_3FLfun1,False,False,False,False,False
1590,True,False,True,False,False,False,True,False,True,False,20250324_3FLfun1,True,True,True,True,False
1591,False,False,True,False,False,True,True,True,True,True,20250324_3FLfun1,False,True,False,True,False
1592,False,False,False,False,False,False,False,False,False,False,20250324_3FLfun1,False,False,False,False,False
1593,False,False,False,False,False,False,False,False,False,False,20250324_3FLfun1,False,False,False,False,False
1594,False,False,False,False,False,False,False,False,False,False,20250324_3FLfun1,False,False,False,False,False
1595,False,False,True,False,False,False,True,False,True,False,20250324_3FLfun1,False,True,False,True,False
1596,True,False,True,True,False,True,True,True,True,False,20250324_3FLfun1,True,True,True,True,True
1597,False,False,False,False,False,False,True,False,False,False,20250324_3FLfun1,False,False,False,False,False
1598,True,False,True,True,True,True,True,True,True,True,20250324_3FLfun1,True,True,True,True,True
1599,False,False,False,False,False,False,False,False,False,False,20250324_3FLfun1,False,False,False,False,False
1600,False,False,False,False,False,False,False,False,False,False,20250324_3FLfun1,False,False,False,False,False
1601,False,False,False,False,False,False,False,False,False,False,20250324_3FLfun1,False,False,False,False,False
1602,False,False,False,False,True,True,True,False,False,False,20250324_3FLfun1,False,False,False,False,False
1603,False,False,False,False,False,False,False,False,False,False,20250324_3FLfun1,False,False,False,False,False
1604,False,False,False,False,False,False,False,False,False,False,20250324_3FLfun1,False,False,False,False,False
1605,False,False,False,False,False,False,False,False,False,False,20250324_3FLfun1,False,False,False,False,False
1606,False,False,False,False,False,False,False,False,False,False,20250324_3FLfun1,False,False,False,False,False
1607,True,False,True,False,False,True,True,False,False,False,20250324_3FLfun1,True,True,True,True,False
1608,False,False,False,False,False,False,False,False,False,False,20250324_3FLfun1,False,False,False,False,False
1609,False,False,False,False,False,False,False,False,False,False,20250324_3FLfun1,False,False,False,False,False
1610,False,True,True,False,False,False,False,True,True,True,20250324_3FLfun1,True,True,False,True,True
1611,False,False,False,False,False,False,False,False,False,False,20250324_3FLfun1,False,False,False,False,False
1612,False,False,True,True,False,False,False,True,True,False,20250324_3FLfun1,False,True,True,True,True
1613,False,False,False,False,False,False,False,False,False,False,20250324_3FLfun1,False,False,False,False,False
1614,True,False,True,False,False,True,True,False,False,False,20250324_3FLfun1,True,True,True,True,False
1615,False,False,False,False,False,False,True,False,False,False,20250324_3FLfun1,False,False,False,False,False
1616,True,False,False,False,False,False,True,False,False,False,20250324_3FLfun1,True,True,True,False,False
1617,False,False,False,False,False,False,True,False,False,False,20250324_3FLfun1,False,False,False,False,False
1618,False,False,False,False,False,False,False,False,False,False,20250324_3FLfun1,False,False,False,False,False
1619,True,False,True,False,False,False,True,False,True,True,20250324_3FLfun1,True,True,True,True,False
1620,True,False,False,False,True,False,False,False,False,False,20250324_3FLfun1,True,True,True,False,False
1621,False,False,False,False,False,True,False,False,False,False,20250324_3FLfun1,False,False,False,False,False
1622,False,False,False,False,False,False,False,False,False,False,20250324_3FLfun1,False,False,False,False,False
1623,False,False,False,False,False,False,False,False,False,False,20250324_3FLfun1,False,False,False,False,False
1624,False,False,False,False,False,False,False,False,False,False,20250324_3FLfun1,False,False,False,False,False
1625,False,False,False,False,False,False,False,False,False,False,20250324_3FLfun1,False,False,False,False,False
1626,False,False,True,False,False,False,False,False,False,False,20250324_3FLfun1,False,True,False,True,False
1627,False,False,False,False,False,False,False,False,False,False,20250324_3FLfun1,False,False,False,False,False
1628,False,False,False,False,False,False,False,False,False,False,20250324_3FLfun1,False,False,False,False,False
1629,False,False,False,False,False,False,False,False,False,False,20250324_3FLfun1,False,False,False,False,False
1630,False,False,False,False,False,False,False,False,False,True,20250324_3FLfun1,False,False,False,False,False
1631,False,False,False,False,False,False,False,False,False,False,20250324_3FLfun1,False,False,False,False,False
1632,False,False,False,False,False,False,False,False,False,False,20250324_3FLfun1,False,False,False,False,False
1633,False,False,True,False,False,False,True,False,True,False,20250324_3FLfun1,False,True,False,True,False
1634,False,False,False,False,False,False,False,False,False,False,20250324_3FLfun1,False,False,False,False,False
1635,False,False,False,False,False,False,False,False,False,False,20250324_3FLfun1,False,False,False,False,False
1636,False,False,False,False,False,False,False,False,False,False,20250324_3FLfun1,False,False,False,False,False
1637,False,False,False,False,False,False,False,False,False,False,20250324_3FLfun1,False,False,False,False,False
1638,False,False,False,False,False,False,False,False,False,False,20250324_3FLfun1,False,False,False,False,False
1639,False,False,False,False,True,False,True,False,True,False,20250324_3FLfun1,False,False,False,False,False
1640,False,False,False,False,False,False,False,False,False,False,20250324_3FLfun1,False,False,False,False,False
1641,False,False,False,False,False,False,False,False,False,False,20250324_3FLfun1,False,False,False,False,False
1642,False,False,False,False,True,False,False,False,False,False,20250324_3FLfun1,False,False,False,False,False
1643,False,False,False,False,False,False,False,False,False,False,20250324_3FLfun1,False,False,False,False,False
1644,False,False,False,False,False,False,False,False,False,False,20250324_3FLfun1,False,False,False,False,False
1645,False,False,False,False,False,False,False,False,False,False,20250324_3FLfun1,False,False,False,False,False
1646,False,False,False,False,False,False,False,False,False,False,20250324_3FLfun1,False,False,False,False,False
1647,False,False,False,False,False,False,False,False,False,False,20250324_3FLfun1,False,False,False,False,False
1648,False,False,False,False,False,False,False,False,True,False,20250324_3FLfun1,False,False,False,False,False
1649,False,False,False,False,False,False,False,False,False,False,20250324_3FLfun1,False,False,False,False,False
1650,False,False,False,False,False,False,False,False,False,False,20250324_3FLfun1,False,False,False,False,False
1651,False,False,False,False,False,True,True,False,False,False,20250324_3FLfun1,False,False,False,False,False
1652,False,False,False,False,False,False,False,False,False,False,20250324_3FLfun1,False,False,False,False,False
1653,False,False,False,False,False,False,False,False,False,False,20250324_3FLfun1,False,False,False,False,False
1654,False,False,False,False,False,False,False,False,False,False,20250324_3FLfun1,False,False,False,False,False
1655,False,False,True,False,False,False,True,False,True,False,20250324_3FLfun1,False,True,False,True,False
1656,False,False,False,False,False,False,False,False,False,False,20250324_3FLfun1,False,False,False,False,False
1657,True,False,True,False,True,True,True,False,True,False,20250324_3FLfun1,True,True,True,True,False
1658,False,False,False,False,False,False,False,False,False,False,20250324_3FLfun1,False,False,False,False,False
1659,True,False,False,False,False,True,True,False,False,False,20250324_3FLfun1,True,True,True,False,False
1660,False,False,False,False,False,False,False,False,False,False,20250324_3FLfun1,False,False,False,False,False
1661,True,False,True,False,True,True,True,False,True,False,20250324_3FLfun1,True,True,True,True,False
1662,False,False,False,False,False,False,False,False,False,False,20250324_3FLfun1,False,False,False,False,False
1663,False,False,False,False,False,False,False,False,False,False,20250324_3FLfun1,False,False,False,False,False
1664,False,False,False,False,False,False,False,False,False,False,20250324_3FLfun1,False,False,False,False,False
1665,True,False,False,False,False,False,True,False,False,False,20250324_3FLfun1,True,True,True,False,False
1666,True,True,False,True,True,False,False,False,True,False,20250324_3FLfun1,True,True,True,True,True
1667,False,False,False,False,False,False,False,False,False,False,20250324_3FLfun1,False,False,False,False,False
1668,False,False,False,False,False,False,False,False,False,False,20250324_3FLfun1,False,False,False,False,False
1669,False,False,False,False,False,False,False,False,False,False,20250324_3FLfun1,False,False,False,False,False
1670,False,False,False,False,False,False,False,False,False,False,20250324_3FLfun1,False,False,False,False,False
1671,False,False,False,False,False,False,False,False,False,False,20250324_3FLfun1,False,False,False,False,False
1672,False,False,False,False,False,True,True,False,False,False,20250324_3FLfun1,False,False,False,False,False
1673,True,False,False,False,True,True,True,False,True,True,20250324_3FLfun1,True,True,True,False,False
1674,True,False,False,False,True,True,True,False,True,False,20250324_3FLfun1,True,True,True,False,False
1675,False,False,True,True,False,True,True,False,True,False,20250324_3FLfun1,False,True,True,True,True
1676,False,False,False,False,False,False,False,False,True,False,20250324_3FLfun1,False,False,False,False,False
1677,False,False,False,False,False,False,False,False,False,False,20250324_3FLfun1,False,False,False,False,False
1678,False,False,False,False,False,False,False,False,False,False,20250324_3FLfun1,False,False,False,False,False
1679,False,False,False,False,False,False,False,False,True,False,20250324_3FLfun1,False,False,False,False,False
1680,False,False,False,False,False,False,False,False,False,False,20250324_3FLfun1,False,False,False,False,False
1681,True,False,False,False,True,True,True,False,False,False,20250324_3FLfun1,True,True,True,False,False
1682,True,False,True,False,False,True,True,False,False,False,20250324_3FLfun1,True,True,True,True,False
1683,False,False,False,False,False,False,False,False,False,False,20250324_3FLfun1,False,False,False,False,False
1684,False,False,False,False,False,False,False,False,False,False,20250324_3FLfun1,False,False,False,False,False
1685,False,False,True,False,False,False,True,False,True,False,20250324_3FLfun1,False,True,False,True,False
1686,True,False,True,False,True,True,True,True,False,True,20250324_3FLfun1,True,True,True,True,False
1687,False,False,False,False,False,False,True,False,False,False,20250324_3FLfun1,False,False,False,False,False
1688,False,False,False,False,False,False,False,False,False,False,20250324_3FLfun1,False,False,False,False,False
1689,False,False,False,False,False,False,False,False,False,False,20250324_3FLfun1,False,False,False,False,False
1690,False,False,False,False,False,False,False,False,False,False,20250324_3FLfun1,False,False,False,False,False
1691,False,False,False,False,False,False,False,False,False,False,20250324_3FLfun1,False,False,False,False,False
1692,False,False,False,False,False,False,False,False,False,False,20250324_3FLfun1,False,False,False,False,False
1693,False,False,False,False,False,False,False,False,False,False,20250324_3FLfun1,False,False,False,False,False
1694,True,False,False,False,True,True,True,False,False,False,20250324_3FLfun1,True,True,True,False,False
1695,True,False,True,True,True,True,True,False,True,False,20250324_3FLfun1,True,True,True,True,True
1696,False,False,False,False,False,False,False,False,False,False,20250324_3FLfun1,False,False,False,False,False
1697,False,False,False,False,False,False,False,False,False,False,20250324_3FLfun1,False,False,False,False,False
1698,True,False,True,False,False,True,True,True,True,True,20250324_3FLfun1,True,True,True,True,False
1699,False,False,False,False,False,False,False,False,False,False,20250324_3FLfun1,False,False,False,False,False
1700,True,True,False,False,True,True,True,True,True,True,20250324_3FLfun1,True,True,True,True,True
1701,False,False,False,False,False,False,False,False,False,False,20250324_3FLfun1,False,False,False,False,False
1702,False,False,False,False,False,False,False,False,False,False,20250324_3FLfun1,False,False,False,False,False
1703,False,False,False,False,False,False,False,False,False,False,20250324_3FLfun1,False,False,False,False,False
1704,True,False,True,False,True,True,True,False,True,False,20250324_3FLfun1,True,True,True,True,False
1705,False,False,False,False,False,False,False,False,False,False,20250324_3FLfun1,False,False,False,False,False
1706,False,False,False,False,False,False,False,False,False,False,20250324_3FLfun1,False,False,False,False,False
1707,False,False,True,False,False,False,True,False,True,False,20250324_3FLfun1,False,True,False,True,False
1708,False,False,False,False,False,False,False,False,False,False,20250324_3FLfun1,False,False,False,False,False
1709,False,False,False,False,False,False,False,False,False,False,20250324_3FLfun1,False,False,False,False,False
1710,False,False,True,True,False,False,False,False,True,False,20250324_3FLfun1,False,True,True,True,True
1711,False,False,False,False,False,False,False,False,False,False,20250324_3FLfun1,False,False,False,False,False
1712,False,False,False,False,False,False,False,False,False,False,20250324_3FLfun1,False,False,False,False,False
1713,False,False,False,False,False,False,False,False,False,False,20250324_3FLfun1,False,False,False,False,False
1714,False,False,True,False,False,False,True,True,True,False,20250324_3FLfun1,False,True,False,True,False
1715,False,False,False,False,False,False,True,False,True,False,20250324_3FLfun1,False,False,False,False,False
1716,False,False,False,False,False,False,False,False,False,False,20250324_3FLfun1,False,False,False,False,False
1717,False,False,False,False,False,False,False,False,False,False,20250324_3FLfun1,False,False,False,False,False
1718,False,False,False,False,False,False,True,False,False,False,20250324_3FLfun1,False,False,False,False,False
1719,False,False,False,False,False,False,False,False,False,False,20250324_3FLfun1,False,False,False,False,False
1720,False,False,False,False,False,False,False,False,False,False,20250324_3FLfun1,False,False,False,False,False
1721,False,False,False,True,False,False,True,False,True,False,20250324_3FLfun1,False,False,True,False,True
1722,False,False,False,False,False,False,False,False,False,False,20250324_3FLfun1,False,False,False,False,False
1723,False,False,False,False,False,False,False,False,False,False,20250324_3FLfun1,False,False,False,False,False
1724,True,False,False,False,True,True,True,False,False,True,20250324_3FLfun1,True,True,True,False,False
1725,False,False,False,False,False,False,False,False,False,False,20250324_3FLfun1,False,False,False,False,False
1726,False,False,False,False,False,True,False,False,False,False,20250324_3FLfun1,False,False,False,False,False
1727,False,False,False,False,False,False,False,False,False,False,20250324_3FLfun1,False,False,False,False,False
1728,False,False,False,False,False,False,False,False,False,False,20250324_3FLfun1,False,False,False,False,False
1729,False,False,False,False,False,True,False,False,False,False,20250324_3FLfun1,False,False,False,False,False
1730,False,False,False,False,False,False,True,False,False,False,20250324_3FLfun1,False,False,False,False,False
1731,False,False,False,False,False,False,False,False,False,False,20250324_3FLfun1,False,False,False,False,False
1732,False,False,False,False,False,False,False,False,False,False,20250324_3FLfun1,False,False,False,False,False
1733,False,False,False,False,False,False,True,False,False,False,20250324_3FLfun1,False,False,False,False,False
1734,False,False,False,False,False,False,False,False,False,False,20250324_3FLfun1,False,False,False,False,False
1735,False,False,False,False,False,False,False,False,False,False,20250324_3FLfun1,False,False,False,False,False
1736,False,False,False,False,False,False,False,False,False,False,20250324_3FLfun1,False,False,False,False,False
1737,True,False,False,False,False,True,True,False,False,False,20250324_3FLfun1,True,True,True,False,False
1738,False,False,False,False,False,False,False,False,False,False,20250324_3FLfun1,False,False,False,False,False
1739,False,False,False,False,False,False,False,False,False,False,20250324_3FLfun1,False,False,False,False,False
1740,False,False,False,False,False,False,False,False,False,False,20250324_3FLfun1,False,False,False,False,False
1741,False,False,False,False,False,False,False,False,False,False,20250324_3FLfun1,False,False,False,False,False
1742,False,False,False,False,False,False,False,False,False,False,20250324_3FLfun1,False,False,False,False,False
1743,False,False,False,False,False,False,False,False,False,False,20250324_3FLfun1,False,False,False,False,False
1744,False,False,False,False,False,True,True,False,False,False,20250324_3FLfun1,False,False,False,False,False
1745,False,False,False,False,False,False,False,False,False,False,20250324_3FLfun1,False,False,False,False,False
1746,False,False,False,False,False,False,False,False,False,False,20250324_3FLfun1,False,False,False,False,False
1747,False,False,False,False,False,False,False,False,False,False,20250324_3FLfun1,False,False,False,False,False
1748,False,False,False,False,False,False,False,False,True,False,20250324_3FLfun1,False,False,False,False,False
1749,False,False,False,False,False,False,False,False,False,False,20250324_3FLfun1,False,False,False,False,False
1750,False,False,False,False,True,True,True,False,False,False,20250324_3FLfun1,False,False,False,False,False
1751,False,False,False,False,False,False,False,False,False,False,20250324_3FLfun1,False,False,False,False,False
1752,False,False,False,False,False,False,False,False,False,False,20250324_3FLfun1,False,False,False,False,False
1753,True,False,False,False,True,True,True,False,False,False,20250324_3FLfun1,True,True,True,False,False
1754,True,False,True,False,True,True,True,False,True,True,20250324_3FLfun1,True,True,True,True,False
1755,False,False,False,True,False,False,False,False,False,False,20250324_3FLfun1,False,False,True,False,True
1756,False,False,False,False,False,False,True,False,False,False,20250324_3FLfun1,False,False,False,False,False
1757,True,False,False,False,True,True,False,False,False,False,20250324_3FLfun1,True,True,True,False,False
1758,False,False,False,False,False,True,False,False,False,False,20250324_3FLfun1,False,False,False,False,False
1759,True,False,True,False,True,True,True,False,True,True,20250324_3FLfun1,True,True,True,True,False
1760,False,False,False,True,False,False,False,False,True,False,20250324_3FLfun1,False,False,True,False,True
1761,False,False,False,False,False,False,False,False,False,False,20250324_3FLfun1,False,False,False,False,False
1762,False,False,False,False,False,False,False,False,False,False,20250324_3FLfun1,False,False,False,False,False
1763,False,False,False,False,False,False,False,False,False,False,20250324_3FLfun1,False,False,False,False,False
1764,False,False,False,False,False,False,False,False,False,False,20250324_3FLfun1,False,False,False,False,False
1765,False,False,False,False,False,False,False,False,False,False,20250324_3FLfun1,False,False,False,False,False
1766,False,False,False,False,False,False,False,False,False,False,20250324_3FLfun1,False,False,False,False,False
1767,False,False,False,False,True,True,False,False,False,False,20250324_3FLfun1,False,False,False,False,False
1768,True,False,False,False,True,False,False,False,False,False,20250324_3FLfun1,True,True,True,False,False
1769,False,False,True,False,False,False,True,False,True,True,20250324_3FLfun1,False,True,False,True,False
1770,False,False,False,False,False,False,False,False,False,False,20250324_3FLfun1,False,False,False,False,False
1771,True,False,False,False,True,True,True,False,False,False,20250324_3FLfun1,True,True,True,False,False
1772,False,False,False,False,False,False,False,False,False,False,20250324_3FLfun1,False,False,False,False,False
1773,False,False,False,False,False,False,False,False,False,False,20250324_3FLfun1,False,False,False,False,False
1774,False,False,False,True,False,False,True,False,True,False,20250324_3FLfun1,False,False,True,False,True
1775,False,False,False,False,False,False,False,False,False,False,20250324_3FLfun1,False,False,False,False,False
1776,False,False,False,False,True,False,True,True,True,False,20250324_3FLfun1,False,False,False,False,False
1777,False,False,True,False,True,False,False,True,True,False,20250324_3FLfun1,False,True,False,True,False
1778,False,False,True,True,False,True,True,True,True,True,20250324_3FLfun1,False,True,True,True,True
1779,False,False,False,False,False,False,False,False,False,False,20250324_3FLfun1,False,False,False,False,False
1780,False,False,False,False,False,True,True,False,False,False,20250324_3FLfun1,False,False,False,False,False
1781,False,False,False,False,False,False,False,False,False,False,20250324_3FLfun1,False,False,False,False,False
1782,True,False,True,True,False,True,True,True,True,False,20250324_3FLfun1,True,True,True,True,True
1783,False,False,False,False,False,False,False,False,False,False,20250324_3FLfun1,False,False,False,False,False
1784,False,False,False,False,False,False,False,False,False,False,20250324_3FLfun1,False,False,False,False,False
1785,False,False,False,False,False,False,False,False,False,False,20250324_3FLfun1,False,False,False,False,False
1786,False,False,False,False,False,False,False,False,False,False,20250324_3FLfun1,False,False,False,False,False
1787,False,False,False,False,False,False,False,False,False,False,20250324_3FLfun1,False,False,False,False,False
1788,False,False,False,False,False,False,False,False,False,False,20250324_3FLfun1,False,False,False,False,False
1789,False,False,False,False,False,False,False,False,False,False,20250324_3FLfun1,False,False,False,False,False
1790,False,False,False,False,False,False,False,False,False,False,20250324_3FLfun1,False,False,False,False,False
1791,False,False,False,False,False,False,False,False,False,False,20250324_3FLfun1,False,False,False,False,False
1792,False,False,False,False,False,False,False,False,False,True,20250324_3FLfun1,False,False,False,False,False
1793,False,False,False,False,False,False,False,False,False,False,20250324_3FLfun1,False,False,False,False,False
1794,False,False,False,False,False,False,False,False,True,False,20250324_3FLfun1,False,False,False,False,False
1795,False,False,True,True,False,False,False,False,True,False,20250324_3FLfun1,False,True,True,True,True
1796,False,False,False,False,False,False,False,False,False,False,20250324_3FLfun1,False,False,False,False,False
1797,False,False,False,False,False,False,False,False,False,False,20250324_3FLfun1,False,False,False,False,False
1798,False,False,False,False,False,False,False,False,False,False,20250324_3FLfun1,False,False,False,False,False
1799,False,False,False,False,False,False,False,False,False,False,20250324_3FLfun1,False,False,False,False,False
1800,True,False,False,False,False,False,True,False,False,False,20250324_3FLfun1,True,True,True,False,False
1801,False,False,False,False,False,False,False,False,False,False,20250324_3FLfun1,False,False,False,False,False
1802,False,False,False,False,False,False,True,False,False,False,20250324_3FLfun1,False,False,False,False,False
1803,False,False,True,False,False,False,True,False,False,False,20250324_3FLfun1,False,True,False,True,False
1804,False,False,False,True,False,False,True,False,True,False,20250324_3FLfun1,False,False,True,False,True
1805,True,False,True,False,False,True,True,False,False,False,20250324_3FLfun1,True,True,True,True,False
1806,False,False,False,False,False,True,True,False,False,False,20250324_3FLfun1,False,False,False,False,False
1807,True,False,True,False,True,True,True,False,True,False,20250324_3FLfun1,True,True,True,True,False
1808,False,False,False,False,False,False,False,False,False,False,20250324_3FLfun1,False,False,False,False,False
1809,True,False,False,False,True,False,False,False,False,False,20250324_3FLfun1,True,True,True,False,False
1810,False,False,False,False,False,False,False,False,False,False,20250324_3FLfun1,False,False,False,False,False
1811,False,False,False,False,False,True,False,False,False,False,20250324_3FLfun1,False,False,False,False,False
1812,False,False,False,False,False,False,False,False,False,False,20250324_3FLfun1,False,False,False,False,False
1813,False,False,False,False,False,False,False,False,False,False,20250324_3FLfun1,False,False,False,False,False
1814,False,False,False,False,False,False,False,False,False,False,20250324_3FLfun1,False,False,False,False,False
1815,False,False,False,False,False,False,False,False,False,False,20250324_3FLfun1,False,False,False,False,False
1816,False,False,False,False,False,False,False,False,False,False,20250324_3FLfun1,False,False,False,False,False
1817,False,False,False,False,False,False,False,False,False,False,20250324_3FLfun1,False,False,False,False,False
1818,False,False,True,False,False,False,False,False,False,False,20250324_3FLfun1,False,True,False,True,False
1819,False,False,False,False,False,False,False,False,False,False,20250324_3FLfun1,False,False,False,False,False
1820,False,False,False,False,False,False,True,False,True,False,20250324_3FLfun1,False,False,False,False,False
1821,False,False,False,False,False,False,False,False,False,False,20250324_3FLfun1,False,False,False,False,False
1822,True,False,False,False,False,False,False,False,False,False,20250324_3FLfun1,True,True,True,False,False
1823,False,False,False,False,False,False,False,False,False,False,20250324_3FLfun1,False,False,False,False,False
1824,False,False,False,False,False,False,False,False,False,False,20250324_3FLfun1,False,False,False,False,False
1825,False,False,False,False,False,False,False,False,False,False,20250324_3FLfun1,False,False,False,False,False
1826,False,False,False,False,True,False,False,False,False,False,20250324_3FLfun1,False,False,False,False,False
1827,False,False,False,False,False,False,False,False,False,False,20250324_3FLfun1,False,False,False,False,False
1828,False,False,False,False,False,False,True,False,False,False,20250324_3FLfun1,False,False,False,False,False
1829,False,False,True,False,False,False,False,False,True,False,20250324_3FLfun1,False,True,False,True,False
1830,False,False,False,False,False,False,False,False,False,False,20250324_3FLfun1,False,False,False,False,False
1831,False,False,True,False,False,False,False,False,False,False,20250324_3FLfun1,False,True,False,True,False
1832,False,False,False,False,False,False,False,False,False,False,20250324_3FLfun1,False,False,False,False,False
1833,False,False,False,False,False,False,False,False,False,False,20250324_3FLfun1,False,False,False,False,False
1834,False,False,False,False,False,False,False,False,False,False,20250324_3FLfun1,False,False,False,False,False
1835,False,False,False,False,False,False,False,False,False,False,20250324_3FLfun1,False,False,False,False,False
1836,False,False,False,False,False,False,False,False,False,False,20250324_3FLfun1,False,False,False,False,False
1837,False,False,False,False,False,False,False,False,False,False,20250324_3FLfun1,False,False,False,False,False
1838,False,False,False,False,False,False,False,False,True,False,20250324_3FLfun1,False,False,False,False,False
1839,False,False,False,False,False,False,False,False,False,False,20250324_3FLfun1,False,False,False,False,False
1840,False,False,False,False,False,False,False,False,False,False,20250324_3FLfun1,False,False,False,False,False
1841,False,False,False,False,False,False,False,False,False,False,20250324_3FLfun1,False,False,False,False,False
1842,False,False,False,False,False,False,False,False,False,False,20250324_3FLfun1,False,False,False,False,False
1843,False,False,False,False,False,False,False,False,False,False,20250324_3FLfun1,False,False,False,False,False
1844,False,False,False,False,False,False,False,False,False,False,20250324_3FLfun1,False,False,False,False,False
1845,False,False,False,False,False,False,False,False,False,False,20250324_3FLfun1,False,False,False,False,False
1846,False,False,False,False,False,False,False,False,False,False,20250324_3FLfun1,False,False,False,False,False
1847,True,False,False,False,True,True,True,False,False,False,20250324_3FLfun1,True,True,True,False,False
1848,False,False,False,False,False,False,False,False,False,False,20250324_3FLfun1,False,False,False,False,False
1849,False,False,False,False,False,False,True,False,True,False,20250324_3FLfun1,False,False,False,False,False
1850,False,False,False,False,False,False,False,False,False,False,20250324_3FLfun1,False,False,False,False,False
1851,False,False,False,False,False,False,False,False,False,False,20250324_3FLfun1,False,False,False,False,False
1852,False,False,False,False,False,False,False,False,False,False,20250324_3FLfun1,False,False,False,False,False
1853,True,False,True,True,True,True,True,False,True,True,20250324_3FLfun1,True,True,True,True,True
1854,False,False,False,False,False,False,True,False,False,False,20250324_3FLfun1,False,False,False,False,False
1855,False,False,False,False,False,False,False,False,False,False,20250324_3FLfun1,False,False,False,False,False
1856,True,False,True,False,True,True,True,False,False,False,20250324_3FLfun1,True,True,True,True,False
1857,True,False,True,False,True,True,True,False,False,True,20250324_3FLfun1,True,True,True,True,False
1858,False,False,False,False,False,False,False,False,False,False,20250324_3FLfun1,False,False,False,False,False
1859,False,False,False,True,False,False,False,False,True,False,20250324_3FLfun1,False,False,True,False,True
1860,False,False,False,False,False,False,False,False,False,False,20250324_3FLfun1,False,False,False,False,False
1861,False,False,False,False,False,False,False,False,False,False,20250324_3FLfun1,False,False,False,False,False
1862,False,False,False,False,False,False,False,False,False,False,20250324_3FLfun1,False,False,False,False,False
1863,True,False,False,False,True,True,True,False,True,False,20250324_3FLfun1,True,True,True,False,False
1864,False,False,False,False,False,False,False,False,False,False,20250324_3FLfun1,False,False,False,False,False
1865,False,False,False,False,False,False,False,False,True,False,20250324_3FLfun1,False,False,False,False,False
1866,False,False,False,False,False,False,False,False,False,False,20250324_3FLfun1,False,False,False,False,False
1867,False,False,False,False,False,False,False,False,False,False,20250324_3FLfun1,False,False,False,False,False
1868,False,False,False,False,False,False,False,False,False,False,20250324_3FLfun1,False,False,False,False,False
1869,True,False,False,False,True,True,True,True,True,False,20250324_3FLfun1,True,True,True,False,False
1870,False,False,False,False,False,False,False,True,False,False,20250324_3FLfun1,False,False,False,False,False
1871,True,False,False,False,False,False,True,False,False,False,20250324_3FLfun1,True,True,True,False,False
1872,False,False,False,False,False,False,False,False,False,False,20250324_3FLfun1,False,False,False,False,False
1873,False,False,False,False,False,False,False,False,False,False,20250324_3FLfun1,False,False,False,False,False
1874,False,False,False,False,False,False,False,False,False,False,20250324_3FLfun1,False,False,False,False,False
1875,False,False,False,False,False,False,False,False,False,False,20250324_3FLfun1,False,False,False,False,False
1876,True,False,True,False,True,True,True,True,False,True,20250324_3FLfun1,True,True,True,True,False
1877,False,False,False,False,False,False,True,False,False,False,20250324_3FLfun1,False,False,False,False,False
1878,False,False,False,False,False,False,False,False,False,False,20250324_3FLfun1,False,False,False,False,False
1879,False,False,False,False,False,False,False,False,False,False,20250324_3FLfun1,False,False,False,False,False
1880,False,False,False,False,False,False,False,False,False,False,20250324_3FLfun1,False,False,False,False,False
1881,True,False,True,True,False,True,True,False,True,False,20250324_3FLfun1,True,True,True,True,True
1882,True,False,True,False,False,True,True,True,True,True,20250324_3FLfun1,True,True,True,True,False
1883,False,False,False,False,False,False,False,False,False,False,20250324_3FLfun1,False,False,False,False,False
1884,False,False,False,False,False,False,False,False,False,False,20250324_3FLfun1,False,False,False,False,False
1885,False,False,False,False,False,False,True,False,False,False,20250324_3FLfun1,False,False,False,False,False
1886,True,False,True,False,True,True,True,False,True,False,20250324_3FLfun1,True,True,True,True,False
1887,False,False,False,False,True,True,True,True,True,False,20250324_3FLfun1,False,False,False,False,False
1888,False,False,False,False,False,False,False,False,False,False,20250324_3FLfun1,False,False,False,False,False
1889,False,False,False,False,False,False,False,False,True,False,20250324_3FLfun1,False,False,False,False,False
1890,False,False,True,False,False,False,False,False,False,False,20250324_3FLfun1,False,True,False,True,False
1891,False,False,False,False,False,False,False,False,True,False,20250324_3FLfun1,False,False,False,False,False
1892,False,False,False,False,False,False,False,False,False,False,20250324_3FLfun1,False,False,False,False,False
1893,False,False,True,True,False,False,False,False,True,False,20250324_3FLfun1,False,True,True,True,True
1894,False,False,False,False,False,False,False,False,False,False,20250324_3FLfun1,False,False,False,False,False
1895,False,False,False,False,False,False,False,False,False,False,20250324_3FLfun1,False,False,False,False,False
1896,False,False,False,False,False,False,False,False,False,False,20250324_3FLfun1,False,False,False,False,False
1897,False,False,False,False,False,False,False,False,False,False,20250324_3FLfun1,False,False,False,False,False
1898,False,False,False,False,False,False,True,False,True,False,20250324_3FLfun1,False,False,False,False,False
1899,False,False,False,False,False,False,False,False,True,False,20250324_3FLfun1,False,False,False,False,False
1900,False,False,False,False,False,False,False,False,False,False,20250324_3FLfun1,False,False,False,False,False
1901,False,False,True,True,False,True,False,False,False,False,20250324_3FLfun1,False,True,True,True,True
1902,False,False,False,False,False,False,False,False,False,False,20250324_3FLfun1,False,False,False,False,False
1903,False,False,False,True,False,False,True,False,True,False,20250324_3FLfun1,False,False,True,False,True
1904,False,False,False,False,False,False,False,False,False,False,20250324_3FLfun1,False,False,False,False,False
1905,True,False,False,False,True,True,True,False,False,True,20250324_3FLfun1,True,True,True,False,False
1906,False,False,False,False,False,False,False,False,False,False,20250324_3FLfun1,False,False,False,False,False
1907,True,False,False,False,False,True,True,False,False,False,20250324_3FLfun1,True,True,True,False,False
1908,False,False,False,False,False,False,False,False,False,False,20250324_3FLfun1,False,False,False,False,False
1909,False,False,False,False,False,False,False,False,False,False,20250324_3FLfun1,False,False,False,False,False
1910,False,False,False,False,False,False,False,False,False,False,20250324_3FLfun1,False,False,False,False,False
1911,False,False,False,False,False,False,False,False,False,False,20250324_3FLfun1,False,False,False,False,False
1912,True,False,False,False,False,False,False,False,False,False,20250324_3FLfun1,True,True,True,False,False
1913,False,False,False,False,False,False,True,False,False,False,20250324_3FLfun1,False,False,False,False,False
1914,False,False,False,False,False,False,False,False,False,False,20250324_3FLfun1,False,False,False,False,False
1915,False,False,False,False,False,False,False,False,False,False,20250324_3FLfun1,False,False,False,False,False
1916,False,False,False,False,False,False,False,False,False,False,20250324_3FLfun1,False,False,False,False,False
1917,False,False,False,False,False,False,False,False,False,False,20250324_3FLfun1,False,False,False,False,False
1918,False,False,False,False,False,False,False,False,False,False,20250324_3FLfun1,False,False,False,False,False
1919,False,False,False,False,False,False,False,False,False,False,20250324_3FLfun1,False,False,False,False,False
1920,False,False,False,False,False,False,False,False,False,False,20250324_3FLfun1,False,False,False,False,False
1921,False,False,False,True,False,False,False,False,False,False,20250324_3FLfun1,False,False,True,False,True
1922,False,False,False,False,False,False,False,False,False,False,20250324_3FLfun1,False,False,False,False,False
1923,False,False,False,False,False,False,False,False,False,False,20250324_3FLfun1,False,False,False,False,False
1924,False,False,False,False,False,False,False,False,False,False,20250324_3FLfun1,False,False,False,False,False
1925,False,False,False,False,False,False,False,False,False,False,20250324_3FLfun1,False,False,False,False,False
1926,False,False,False,False,False,False,False,False,False,False,20250324_3FLfun1,False,False,False,False,False
1927,False,False,False,False,False,False,False,False,False,False,20250324_3FLfun1,False,False,False,False,False
1928,False,False,False,False,False,True,True,False,False,False,20250324_3FLfun1,False,False,False,False,False
1929,False,False,False,False,False,False,False,False,False,False,20250324_3FLfun1,False,False,False,False,False
1930,False,False,False,False,False,False,False,False,False,False,20250324_3FLfun1,False,False,False,False,False
1931,False,False,False,True,False,False,False,False,False,False,20250324_3FLfun1,False,False,True,False,True
1932,True,False,False,False,True,True,True,False,False,False,20250324_3FLfun1,True,True,True,False,False
1933,True,False,False,False,True,True,True,False,False,False,20250324_3FLfun1,True,True,True,False,False
1934,True,False,False,False,False,False,True,False,False,False,20250324_3FLfun1,True,True,True,False,False
1935,True,False,False,False,False,False,True,False,False,False,20250324_3FLfun1,True,True,True,False,False
1936,True,False,True,False,True,True,True,False,True,False,20250324_3FLfun1,True,True,True,True,False
1937,False,False,False,True,False,False,False,False,False,False,20250324_3FLfun1,False,False,True,False,True
1938,False,False,False,False,False,False,False,False,False,False,20250324_3FLfun1,False,False,False,False,False
1939,False,False,False,False,False,False,False,False,False,False,20250324_3FLfun1,False,False,False,False,False
1940,False,False,False,False,False,False,False,False,False,False,20250324_3FLfun1,False,False,False,False,False
1941,False,False,False,True,False,False,False,False,False,False,20250324_3FLfun1,False,False,True,False,True
1942,False,False,False,False,True,False,False,True,False,False,20250324_3FLfun1,False,False,False,False,False
1943,False,False,False,False,False,False,False,False,False,False,20250324_3FLfun1,False,False,False,False,False
1944,False,False,False,False,False,False,False,False,False,False,20250324_3FLfun1,False,False,False,False,False
1945,True,False,False,False,True,True,False,False,False,False,20250324_3FLfun1,True,True,True,False,False
1946,False,False,True,False,False,False,True,False,True,True,20250324_3FLfun1,False,True,False,True,False
1947,True,False,False,False,True,True,True,False,False,False,20250324_3FLfun1,True,True,True,False,False
1948,False,False,True,False,False,False,True,False,False,False,20250324_3FLfun1,False,True,False,True,False
1949,False,False,False,False,False,False,False,False,False,False,20250324_3FLfun1,False,False,False,False,False
1950,False,False,False,False,False,False,False,False,False,False,20250324_3FLfun1,False,False,False,False,False
1951,False,False,False,False,False,False,False,False,True,False,20250324_3FLfun1,False,False,False,False,False
1952,False,False,False,False,False,False,False,False,False,False,20250324_3FLfun1,False,False,False,False,False
1953,False,False,False,False,False,False,False,False,False,False,20250324_3FLfun1,False,False,False,False,False
1954,False,False,True,False,False,False,True,True,True,False,20250324_3FLfun1,False,True,False,True,False
1955,False,False,True,False,False,False,True,False,True,False,20250324_3FLfun1,False,True,False,True,False
1956,False,False,False,False,False,False,False,False,False,False,20250324_3FLfun1,False,False,False,False,False
1957,False,False,False,False,False,False,False,False,False,False,20250324_3FLfun1,False,False,False,False,False
1958,True,False,True,True,False,True,True,True,True,True,20250324_3FLfun1,True,True,True,True,True
1959,False,False,False,False,False,False,False,False,False,False,20250324_3FLfun1,False,False,False,False,False
1960,False,False,True,True,False,True,True,True,True,False,20250324_3FLfun1,False,True,True,True,True
1961,False,False,False,True,True,False,False,False,False,False,20250324_3FLfun1,False,False,True,False,True
1962,True,False,False,False,True,False,True,False,False,True,20250324_3FLfun1,True,True,True,False,False
1963,False,False,False,False,False,False,False,False,False,False,20250324_3FLfun1,False,False,False,False,False
1964,False,False,False,False,False,False,False,False,False,False,20250324_3FLfun1,False,False,False,False,False
1965,False,False,False,False,False,False,False,False,False,False,20250324_3FLfun1,False,False,False,False,False
1966,False,False,False,False,False,False,False,False,True,False,20250324_3FLfun1,False,False,False,False,False
1967,False,False,False,False,False,False,False,False,False,False,20250324_3FLfun1,False,False,False,False,False
1968,False,False,False,False,False,False,False,False,False,False,20250324_3FLfun1,False,False,False,False,False
1969,False,False,False,False,False,False,False,False,False,False,20250324_3FLfun1,False,False,False,False,False
1970,True,False,False,False,True,True,True,False,False,False,20250324_3FLfun1,True,True,True,False,False
1971,False,False,False,False,False,False,False,False,True,False,20250324_3FLfun1,False,False,False,False,False
1972,False,False,False,False,False,False,False,False,False,False,20250324_3FLfun1,False,False,False,False,False
1973,False,False,False,False,False,False,False,False,False,False,20250324_3FLfun1,False,False,False,False,False
1974,False,False,False,False,False,False,False,False,False,False,20250324_3FLfun1,False,False,False,False,False
1975,False,False,False,False,False,False,False,False,False,False,20250324_3FLfun1,False,False,False,False,False
1976,False,False,True,True,False,True,False,False,True,True,20250324_3FLfun1,False,True,True,True,True
1977,False,False,False,False,False,False,False,False,False,False,20250324_3FLfun1,False,False,False,False,False
1978,False,False,False,False,False,False,False,False,False,False,20250324_3FLfun1,False,False,False,False,False
1979,True,False,True,False,True,False,True,False,True,False,20250324_3FLfun1,True,True,True,True,False
1980,False,False,True,True,False,False,False,False,True,False,20250324_3FLfun1,False,True,True,True,True
1981,True,False,True,False,False,True,True,False,False,False,20250324_3FLfun1,True,True,True,True,False
1982,False,False,False,False,False,True,True,False,False,False,20250324_3FLfun1,False,False,False,False,False
1983,False,False,False,False,False,False,False,False,False,False,20250324_3FLfun1,False,False,False,False,False
1984,True,False,True,False,False,True,True,False,False,False,20250324_3FLfun1,True,True,True,True,False
1985,False,False,False,False,False,False,False,False,False,False,20250324_3FLfun1,False,False,False,False,False
1986,False,False,False,False,False,False,False,False,False,False,20250324_3FLfun1,False,False,False,False,False
1987,False,False,False,False,False,False,False,False,True,False,20250324_3FLfun1,False,False,False,False,False
1988,False,False,False,False,False,False,False,False,False,False,20250324_3FLfun1,False,False,False,False,False
1989,False,False,False,False,True,False,False,False,False,False,20250324_3FLfun1,False,False,False,False,False
1990,False,False,False,False,False,False,False,False,False,False,20250324_3FLfun1,False,False,False,False,False
1991,False,False,False,False,False,False,False,False,False,False,20250324_3FLfun1,False,False,False,False,False
1992,False,False,False,False,False,False,False,False,False,False,20250324_3FLfun1,False,False,False,False,False
1993,False,False,False,False,False,False,False,False,False,False,20250324_3FLfun1,False,False,False,False,False
1994,False,False,False,False,False,False,False,False,False,False,20250324_3FLfun1,False,False,False,False,False
1995,False,False,False,False,False,True,True,False,True,False,20250324_3FLfun1,False,False,False,False,False
1996,False,False,False,False,False,False,False,False,False,False,20250324_3FLfun1,False,False,False,False,False
1997,False,False,False,False,False,False,False,False,False,False,20250324_3FLfun1,False,False,False,False,False
1998,False,False,False,False,False,False,False,False,False,False,20250324_3FLfun1,False,False,False,False,False
1999,False,False,False,False,False,False,False,False,False,False,20250324_3FLfun1,False,False,False,False,False
2000,False,False,False,False,False,False,False,False,False,False,20250324_3FLfun1,False,False,False,False,False
2001,False,False,False,False,False,False,False,False,False,False,20250324_3FLfun1,False,False,False,False,False
2002,False,False,False,False,False,False,False,False,False,False,20250324_3FLfun1,False,False,False,False,False
2003,False,False,False,False,False,False,False,False,False,False,20250324_3FLfun1,False,False,False,False,False
2004,False,False,False,False,False,False,False,False,False,False,20250324_3FLfun1,False,False,False,False,False
2005,False,False,False,False,False,False,False,False,True,False,20250324_3FLfun1,False,False,False,False,False
2006,False,False,False,False,True,True,False,False,False,False,20250324_3FLfun1,False,False,False,False,False
2007,False,False,False,False,False,False,True,False,True,False,20250324_3FLfun1,False,False,False,False,False
2008,False,False,False,False,False,False,False,False,False,False,20250324_3FLfun1,False,False,False,False,False
2009,False,False,False,False,False,False,True,False,False,False,20250324_3FLfun1,False,False,False,False,False
2010,False,False,False,False,False,False,False,False,False,False,20250324_3FLfun1,False,False,False,False,False
2011,False,False,False,False,False,False,False,False,True,False,20250324_3FLfun1,False,False,False,False,False
2012,False,False,False,False,False,False,False,False,False,False,20250324_3FLfun1,False,False,False,False,False
2013,False,False,False,False,False,False,False,False,False,False,20250324_3FLfun1,False,False,False,False,False
2014,False,False,False,False,False,False,False,False,False,False,20250324_3FLfun1,False,False,False,False,False
2015,False,False,False,True,False,False,False,False,False,False,20250324_3FLfun1,False,False,True,False,True
2016,False,False,False,False,False,False,False,False,False,False,20250324_3FLfun1,False,False,False,False,False
2017,True,False,False,False,True,True,True,False,False,False,20250324_3FLfun1,True,True,True,False,False
2018,False,False,False,False,False,False,False,False,False,False,20250324_3FLfun1,False,False,False,False,False
2019,False,False,False,False,False,False,False,False,False,False,20250324_3FLfun1,False,False,False,False,False
2020,False,False,False,False,False,False,False,False,False,False,20250324_3FLfun1,False,False,False,False,False
2021,False,False,False,False,False,False,False,False,False,False,20250324_3FLfun1,False,False,False,False,False
2022,False,False,True,False,False,False,True,True,True,False,20250324_3FLfun1,False,True,False,True,False
2023,True,False,True,True,True,True,True,False,True,False,20250324_3FLfun1,True,True,True,True,True
2024,True,False,False,False,True,False,False,False,False,False,20250324_3FLfun1,True,True,True,False,False
2025,False,False,False,True,False,False,True,False,True,False,20250324_3FLfun1,False,False,True,False,True
2026,False,False,False,False,False,False,False,False,False,False,20250324_3FLfun1,False,False,False,False,False
2027,False,False,False,False,False,False,False,False,False,False,20250324_3FLfun1,False,False,False,False,False
2028,False,False,False,False,False,False,False,False,False,False,20250324_3FLfun1,False,False,False,False,False
2029,False,False,False,False,False,False,False,False,False,False,20250324_3FLfun1,False,False,False,False,False
2030,False,False,False,False,False,False,False,False,False,False,20250324_3FLfun1,False,False,False,False,False
2031,False,False,False,False,False,False,False,False,False,False,20250324_3FLfun1,False,False,False,False,False
2032,False,False,False,False,False,False,False,False,False,False,20250324_3FLfun1,False,False,False,False,False
2033,False,False,False,False,False,False,False,False,False,False,20250324_3FLfun1,False,False,False,False,False
2034,False,False,False,False,False,False,False,False,False,False,20250324_3FLfun1,False,False,False,False,False
2035,False,False,False,False,True,True,True,True,True,False,20250324_3FLfun1,False,False,False,False,False
2036,True,False,False,False,True,True,True,False,False,False,20250324_3FLfun1,True,True,True,False,False
2037,False,False,False,False,False,False,False,False,False,False,20250324_3FLfun1,False,False,False,False,False
2038,False,False,False,False,False,False,False,False,False,False,20250324_3FLfun1,False,False,False,False,False
2039,False,False,True,False,False,False,False,False,False,False,20250324_3FLfun1,False,True,False,True,False
2040,False,False,False,False,False,False,False,False,False,False,20250324_3FLfun1,False,False,False,False,False
2041,True,False,False,False,False,False,True,False,False,False,20250324_3FLfun1,True,True,True,False,False
2042,False,False,False,False,False,False,False,False,False,False,20250324_3FLfun1,False,False,False,False,False
2043,False,False,False,False,False,False,True,False,False,False,20250324_3FLfun1,False,False,False,False,False
2044,False,False,True,False,False,False,True,False,False,False,20250324_3FLfun1,False,True,False,True,False
2045,False,False,False,False,False,False,False,False,False,False,20250324_3FLfun1,False,False,False,False,False
2046,False,False,True,False,False,False,False,False,False,False,20250324_3FLfun1,False,True,False,True,False
2047,False,False,False,False,False,False,False,False,False,False,20250324_3FLfun1,False,False,False,False,False
2048,False,False,False,False,True,True,False,False,True,False,20250324_3FLfun1,False,False,False,False,False
2049,False,False,False,False,False,False,False,False,False,False,20250324_3FLfun1,False,False,False,False,False
2050,False,False,False,False,False,False,False,False,False,False,20250324_3FLfun1,False,False,False,False,False
2051,False,False,False,False,False,False,False,False,False,False,20250324_3FLfun1,False,False,False,False,False
2052,False,False,False,False,False,False,False,False,False,False,20250324_3FLfun1,False,False,False,False,False
2053,False,False,False,False,False,False,False,False,False,False,20250324_3FLfun1,False,False,False,False,False
2054,True,False,True,False,False,False,False,False,False,False,20250324_3FLfun1,True,True,True,True,False
2055,False,False,False,False,True,False,True,False,True,True,20250324_3FLfun1,False,False,False,False,False
2056,False,False,False,False,False,False,False,False,False,False,20250324_3FLfun1,False,False,False,False,False
2057,False,False,False,True,False,False,True,False,True,False,20250324_3FLfun1,False,False,True,False,True
2058,False,False,False,False,False,False,False,False,False,False,20250324_3FLfun1,False,False,False,False,False
2059,False,False,False,False,False,False,False,False,False,False,20250324_3FLfun1,False,False,False,False,False
2060,False,False,False,False,False,False,False,False,False,False,20250324_3FLfun1,False,False,False,False,False
2061,False,False,True,True,False,True,False,False,True,False,20250324_3FLfun1,False,True,True,True,True
2062,False,False,False,False,False,False,False,False,False,False,20250324_3FLfun1,False,False,False,False,False
2063,False,False,False,False,False,False,False,False,False,False,20250324_3FLfun1,False,False,False,False,False
2064,False,False,False,False,False,False,False,False,False,False,20250324_3FLfun1,False,False,False,False,False
2065,False,False,False,False,False,False,False,False,False,False,20250324_3FLfun1,False,False,False,False,False
2066,False,False,False,False,False,False,False,False,False,False,20250324_3FLfun1,False,False,False,False,False
2067,False,False,False,False,False,False,False,False,False,False,20250324_3FLfun1,False,False,False,False,False
2068,False,False,False,False,False,False,False,False,False,False,20250324_3FLfun1,False,False,False,False,False
2069,True,False,False,False,True,True,True,False,False,True,20250324_3FLfun1,True,True,True,False,False
2070,True,False,False,False,False,False,True,False,False,False,20250324_3FLfun1,True,True,True,False,False
2071,False,False,False,False,False,False,False,False,False,False,20250324_3FLfun1,False,False,False,False,False
2072,False,False,False,False,False,False,False,False,False,False,20250324_3FLfun1,False,False,False,False,False
2073,False,False,False,False,False,False,False,False,False,False,20250324_3FLfun1,False,False,False,False,False
2074,False,False,False,False,False,False,False,False,False,False,20250324_3FLfun1,False,False,False,False,False
2075,False,False,False,False,False,False,False,False,False,False,20250324_3FLfun1,False,False,False,False,False
2076,False,False,False,False,False,False,False,False,False,False,20250324_3FLfun1,False,False,False,False,False
2077,False,False,False,False,False,False,False,False,False,False,20250324_3FLfun1,False,False,False,False,False
2078,False,False,False,False,False,False,False,False,False,False,20250324_3FLfun1,False,False,False,False,False
2079,False,False,False,False,False,False,False,False,False,False,20250324_3FLfun1,False,False,False,False,False
2080,False,False,False,False,False,False,False,False,False,False,20250324_3FLfun1,False,False,False,False,False
2081,False,False,False,False,False,False,False,False,False,False,20250324_3FLfun1,False,False,False,False,False
2082,False,False,False,False,False,False,False,False,False,False,20250324_3FLfun1,False,False,False,False,False
2083,False,False,False,False,False,False,False,False,False,False,20250324_3FLfun1,False,False,False,False,False
2084,True,False,False,False,False,True,True,False,False,False,20250324_3FLfun1,True,True,True,False,False
2085,False,False,False,False,False,False,False,False,False,False,20250324_3FLfun1,False,False,False,False,False
2086,False,False,False,False,False,False,False,False,False,False,20250324_3FLfun1,False,False,False,False,False
2087,False,False,False,True,False,False,False,False,False,False,20250324_3FLfun1,False,False,True,False,True
2088,False,False,False,False,False,False,False,False,False,False,20250324_3FLfun1,False,False,False,False,False
2089,False,False,False,False,False,False,False,False,False,False,20250324_3FLfun1,False,False,False,False,False
2090,False,False,False,False,False,False,False,False,False,False,20250324_3FLfun1,False,False,False,False,False
2091,False,False,False,False,False,False,False,False,False,False,20250324_3FLfun1,False,False,False,False,False
2092,False,False,False,True,False,False,False,False,True,False,20250324_3FLfun1,False,False,True,False,True
2093,False,False,False,False,False,False,False,False,False,False,20250324_3FLfun1,False,False,False,False,False
2094,False,False,False,False,False,False,False,False,False,True,20250324_3FLfun1,False,False,False,False,False
2095,True,False,False,False,True,True,True,False,False,False,20250324_3FLfun1,True,True,True,False,False
2096,False,False,False,False,False,False,False,False,False,False,20250324_3FLfun1,False,False,False,False,False
2097,False,False,False,False,False,False,False,False,False,False,20250324_3FLfun1,False,False,False,False,False
2098,False,False,False,False,False,False,False,False,False,False,20250324_3FLfun1,False,False,False,False,False
2099,False,False,False,False,False,False,False,False,False,False,20250324_3FLfun1,False,False,False,False,False
2100,False,False,False,False,False,False,True,False,False,False,20250324_3FLfun1,False,False,False,False,False
2101,False,False,False,False,False,False,False,False,False,False,20250324_3FLfun1,False,False,False,False,False
2102,False,False,False,False,False,False,False,False,False,False,20250324_3FLfun1,False,False,False,False,False
2103,False,False,False,False,False,False,False,False,False,False,20250324_3FLfun1,False,False,False,False,False
2104,True,False,False,False,True,True,True,False,False,False,20250324_3FLfun1,True,True,True,False,False
2105,False,False,False,False,False,False,False,False,False,False,20250324_3FLfun1,False,False,False,False,False
2106,False,True,False,False,True,False,False,False,True,False,20250324_3FLfun1,True,False,False,True,True
2107,False,False,False,True,False,False,False,False,False,False,20250324_3FLfun1,False,False,True,False,True
2108,False,False,False,False,False,False,False,False,False,False,20250324_3FLfun1,False,False,False,False,False
2109,False,False,False,False,False,False,False,False,False,False,20250324_3FLfun1,False,False,False,False,False
2110,True,False,False,False,False,False,True,False,False,False,20250324_3FLfun1,True,True,True,False,False
2111,False,False,False,False,False,False,False,False,False,False,20250324_3FLfun1,False,False,False,False,False
2112,False,False,False,False,False,False,False,False,True,False,20250324_3FLfun1,False,False,False,False,False
2113,False,False,True,False,False,False,True,False,False,False,20250324_3FLfun1,False,True,False,True,False
2114,False,False,False,False,False,False,False,False,False,False,20250324_3FLfun1,False,False,False,False,False
2115,False,False,False,False,False,False,False,False,True,False,20250324_3FLfun1,False,False,False,False,False
2116,False,False,False,False,False,False,False,False,False,False,20250324_3FLfun1,False,False,False,False,False
2117,False,False,False,False,False,False,False,False,False,False,20250324_3FLfun1,False,False,False,False,False
2118,False,False,False,False,False,False,False,True,False,True,20250324_3FLfun1,False,False,False,False,False
2119,False,False,False,False,False,False,False,False,False,False,20250324_3FLfun1,False,False,False,False,False
2120,False,False,False,False,False,False,False,False,False,False,20250324_3FLfun1,False,False,False,False,False
2121,False,False,False,False,False,False,False,False,False,False,20250324_3FLfun1,False,False,False,False,False
2122,True,False,False,False,True,False,True,False,False,False,20250324_3FLfun1,True,True,True,False,False
2123,False,False,False,True,False,False,False,False,False,False,20250324_3FLfun1,False,False,True,False,True
2124,False,False,False,False,False,False,False,False,False,False,20250324_3FLfun1,False,False,False,False,False
2125,False,False,False,False,False,False,True,False,False,False,20250324_3FLfun1,False,False,False,False,False
2126,False,False,False,False,False,False,False,False,False,False,20250324_3FLfun1,False,False,False,False,False
2127,False,False,False,False,False,False,True,False,True,False,20250324_3FLfun1,False,False,False,False,False
2128,False,False,False,False,False,False,False,False,False,False,20250324_3FLfun1,False,False,False,False,False
2129,False,False,False,False,False,False,False,False,False,False,20250324_3FLfun1,False,False,False,False,False
2130,False,False,False,False,False,False,False,False,False,False,20250324_3FLfun1,False,False,False,False,False
2131,False,False,False,False,False,False,False,False,False,False,20250324_3FLfun1,False,False,False,False,False
2132,False,False,False,False,False,False,False,False,False,False,20250324_3FLfun1,False,False,False,False,False
2133,False,False,False,False,False,False,False,False,False,False,20250324_3FLfun1,False,False,False,False,False
2134,False,False,False,False,False,False,False,False,False,False,20250324_3FLfun1,False,False,False,False,False
2135,False,False,False,False,True,False,True,False,False,False,20250324_3FLfun1,False,False,False,False,False
2136,False,False,False,False,False,False,False,False,False,False,20250324_3FLfun1,False,False,False,False,False
2137,False,False,False,False,False,False,False,False,False,False,20250324_3FLfun1,False,False,False,False,False
2138,False,False,False,False,False,False,False,False,False,False,20250324_3FLfun1,False,False,False,False,False
2139,False,False,False,False,False,False,False,False,False,False,20250324_3FLfun1,False,False,False,False,False
2140,False,False,False,False,False,False,False,False,False,False,20250324_3FLfun1,False,False,False,False,False
2141,True,True,False,True,False,False,True,False,False,False,20250324_3FLfun1,True,True,True,True,True
2142,False,False,False,False,False,False,False,False,False,False,20250324_3FLfun1,False,False,False,False,False
2143,False,False,False,False,False,False,False,False,False,False,20250324_3FLfun1,False,False,False,False,False
2144,False,False,False,False,False,False,False,False,False,False,20250324_3FLfun1,False,False,False,False,False
2145,False,False,False,True,False,False,False,False,False,False,20250324_3FLfun1,False,False,True,False,True
2146,True,False,False,False,True,True,True,False,False,False,20250324_3FLfun1,True,True,True,False,False
2147,False,False,True,True,False,False,False,False,True,False,20250324_3FLfun1,False,True,True,True,True
2148,False,False,False,True,False,False,True,False,True,False,20250324_3FLfun1,False,False,True,False,True
2149,False,False,False,False,False,False,False,False,False,False,20250324_3FLfun1,False,False,False,False,False
2150,False,False,False,False,False,False,False,False,False,False,20250324_3FLfun1,False,False,False,False,False
2151,False,False,False,False,False,False,False,False,False,False,20250324_3FLfun1,False,False,False,False,False
2152,False,False,False,False,True,False,False,False,False,False,20250324_3FLfun1,False,False,False,False,False
2153,False,False,False,False,False,False,False,False,False,False,20250324_3FLfun1,False,False,False,False,False
2154,False,False,False,False,False,False,False,False,False,False,20250324_3FLfun1,False,False,False,False,False
2155,False,False,False,False,False,False,False,False,False,False,20250324_3FLfun1,False,False,False,False,False
2156,False,False,False,False,False,False,False,False,False,False,20250324_3FLfun1,False,False,False,False,False
2157,False,False,False,False,False,False,False,False,False,False,20250324_3FLfun1,False,False,False,False,False
2158,False,False,False,False,False,False,False,False,False,False,20250324_3FLfun1,False,False,False,False,False
2159,False,False,False,False,False,False,False,False,False,False,20250324_3FLfun1,False,False,False,False,False
2160,False,False,False,False,False,False,False,False,False,False,20250324_3FLfun1,False,False,False,False,False
2161,False,False,False,False,False,False,False,False,False,False,20250324_3FLfun1,False,False,False,False,False
2162,True,False,False,False,True,True,True,False,False,False,20250324_3FLfun1,True,True,True,False,False
2163,False,False,False,False,False,False,False,False,False,False,20250324_3FLfun1,False,False,False,False,False
2164,False,False,False,False,False,False,False,False,False,False,20250324_3FLfun1,False,False,False,False,False
2165,False,False,False,True,False,False,False,False,False,False,20250324_3FLfun1,False,False,True,False,True
2166,False,False,False,False,False,False,False,False,False,False,20250324_3FLfun1,False,False,False,False,False
2167,False,False,False,False,False,False,False,False,False,False,20250324_3FLfun1,False,False,False,False,False
2168,False,False,False,False,False,False,False,False,False,False,20250324_3FLfun1,False,False,False,False,False
2169,False,False,False,False,False,False,False,False,False,False,20250324_3FLfun1,False,False,False,False,False
2170,False,False,False,False,False,False,True,False,False,False,20250324_3FLfun1,False,False,False,False,False
2171,False,False,False,False,False,False,True,False,True,False,20250324_3FLfun1,False,False,False,False,False
2172,False,False,False,False,False,False,False,False,False,False,20250324_3FLfun1,False,False,False,False,False
2173,False,False,False,False,False,False,False,False,False,False,20250324_3FLfun1,False,False,False,False,False
2174,False,False,False,False,False,False,False,False,False,False,20250324_3FLfun1,False,False,False,False,False
2175,False,False,False,False,False,False,False,False,False,False,20250324_3FLfun1,False,False,False,False,False
2176,False,False,False,False,False,False,False,False,False,False,20250324_3FLfun1,False,False,False,False,False
2177,False,False,True,False,False,False,True,True,True,False,20250324_3FLfun1,False,True,False,True,False
2178,False,False,False,False,False,False,False,False,False,False,20250324_3FLfun1,False,False,False,False,False
2179,False,False,True,False,False,False,True,False,True,False,20250324_3FLfun1,False,True,False,True,False
2180,False,False,False,False,False,False,False,False,False,False,20250324_3FLfun1,False,False,False,False,False
2181,False,False,False,False,False,False,False,False,False,False,20250324_3FLfun1,False,False,False,False,False
2182,False,False,False,False,False,False,False,False,False,False,20250324_3FLfun1,False,False,False,False,False
2183,False,False,True,False,False,False,True,False,True,False,20250324_3FLfun1,False,True,False,True,False
2184,False,False,False,False,False,False,True,False,False,False,20250324_3FLfun1,False,False,False,False,False
2185,False,False,False,False,False,False,False,False,False,False,20250324_3FLfun1,False,False,False,False,False
2186,False,False,False,False,False,False,False,False,False,False,20250324_3FLfun1,False,False,False,False,False
2187,False,False,False,False,False,False,False,False,False,False,20250324_3FLfun1,False,False,False,False,False
2188,False,False,False,False,False,False,False,False,False,False,20250324_3FLfun1,False,False,False,False,False
2189,False,False,True,False,False,False,False,False,False,False,20250324_3FLfun1,False,True,False,True,False
2190,False,False,False,False,False,False,False,False,False,False,20250324_3FLfun1,False,False,False,False,False
2191,True,False,True,True,True,True,True,True,True,True,20250324_3FLfun1,True,True,True,True,True
2192,False,False,False,False,False,False,False,False,False,False,20250324_3FLfun1,False,False,False,False,False
2193,False,False,False,False,False,False,False,False,False,False,20250324_3FLfun1,False,False,False,False,False
2194,True,False,False,False,True,True,True,False,False,True,20250324_3FLfun1,True,True,True,False,False
2195,True,False,False,False,False,False,True,False,False,False,20250324_3FLfun1,True,True,True,False,False
2196,False,False,True,False,False,False,False,False,False,False,20250324_3FLfun1,False,True,False,True,False
2197,False,False,False,False,False,False,False,False,False,False,20250324_3FLfun1,False,False,False,False,False
2198,False,False,False,False,False,False,False,False,False,False,20250324_3FLfun1,False,False,False,False,False
2199,False,False,False,False,False,False,False,False,False,False,20250324_3FLfun1,False,False,False,False,False
2200,False,False,False,False,False,False,False,False,False,False,20250324_3FLfun1,False,False,False,False,False
2201,False,False,False,False,False,False,False,False,False,False,20250324_3FLfun1,False,False,False,False,False
2202,False,False,False,False,False,False,False,False,False,False,20250324_3FLfun1,False,False,False,False,False
2203,False,False,False,False,False,False,False,False,False,False,20250324_3FLfun1,False,False,False,False,False
2204,True,False,False,False,False,False,False,False,False,False,20250324_3FLfun1,True,True,True,False,False
2205,False,False,True,True,False,False,True,False,True,False,20250324_3FLfun1,False,True,True,True,True
2206,False,False,False,False,False,False,False,False,False,False,20250324_3FLfun1,False,False,False,False,False
2207,False,False,False,False,False,False,False,False,False,False,20250324_3FLfun1,False,False,False,False,False
2208,False,False,False,False,False,False,False,False,False,False,20250324_3FLfun1,False,False,False,False,False
2209,False,False,True,True,False,True,False,False,False,False,20250324_3FLfun1,False,True,True,True,True
2210,False,False,False,False,False,False,False,False,False,False,20250324_3FLfun1,False,False,False,False,False
2211,False,False,False,False,False,False,False,False,False,False,20250324_3FLfun1,False,False,False,False,False
2212,False,False,False,False,False,False,False,False,False,False,20250324_3FLfun1,False,False,False,False,False
2213,False,False,False,False,False,False,False,False,False,False,20250324_3FLfun1,False,False,False,False,False
2214,False,False,False,False,False,True,False,False,False,False,20250324_3FLfun1,False,False,False,False,False
2215,False,False,False,False,False,False,False,False,False,False,20250324_3FLfun1,False,False,False,False,False
2216,False,False,False,False,False,False,False,False,False,False,20250324_3FLfun1,False,False,False,False,False
2217,False,False,False,False,False,False,False,False,False,False,20250324_3FLfun1,False,False,False,False,False
2218,False,False,False,False,False,False,False,False,False,False,20250324_3FLfun1,False,False,False,False,False
2219,False,False,False,False,False,False,False,False,False,False,20250324_3FLfun1,False,False,False,False,False
2220,False,False,False,False,False,False,False,False,False,False,20250324_3FLfun1,False,False,False,False,False
2221,True,False,True,False,False,False,True,False,False,False,20250324_3FLfun1,True,True,True,True,False
2222,False,False,False,False,False,False,True,False,False,False,20250324_3FLfun1,False,False,False,False,False
2223,False,False,False,False,False,False,False,False,False,False,20250324_3FLfun1,False,False,False,False,False
2224,False,False,False,False,False,False,False,False,False,False,20250324_3FLfun1,False,False,False,False,False
2225,False,False,False,False,False,False,False,False,False,False,20250324_3FLfun1,False,False,False,False,False
2226,False,False,False,False,False,False,False,False,False,False,20250324_3FLfun1,False,False,False,False,False
2227,False,False,True,False,False,False,False,False,True,False,20250324_3FLfun1,False,True,False,True,False
2228,True,False,False,False,False,False,False,False,False,False,20250324_3FLfun1,True,True,True,False,False
2229,False,False,False,False,False,False,False,False,False,False,20250324_3FLfun1,False,False,False,False,False
2230,False,False,False,False,False,False,False,False,False,False,20250324_3FLfun1,False,False,False,False,False
2231,False,False,False,False,False,False,False,False,False,False,20250324_3FLfun1,False,False,False,False,False
2232,False,False,False,True,False,False,False,False,False,False,20250324_3FLfun1,False,False,True,False,True
2233,False,False,False,False,False,False,False,False,False,False,20250324_3FLfun1,False,False,False,False,False
2234,False,False,False,False,False,False,False,False,False,False,20250324_3FLfun1,False,False,False,False,False
2235,True,False,False,False,False,False,False,False,False,False,20250324_3FLfun1,True,True,True,False,False
2236,False,False,False,False,False,False,False,False,False,False,20250324_3FLfun1,False,False,False,False,False
2237,True,False,False,False,True,True,True,False,False,False,20250324_3FLfun1,True,True,True,False,False
2238,False,False,False,False,False,False,False,False,False,False,20250324_3FLfun1,False,False,False,False,False
2239,False,False,False,False,False,False,False,False,False,False,20250324_3FLfun1,False,False,False,False,False
2240,False,False,False,False,False,False,False,False,False,False,20250324_3FLfun1,False,False,False,False,False
2241,False,False,False,False,False,False,False,False,False,False,20250324_3FLfun1,False,False,False,False,False
2242,False,False,False,False,False,False,False,False,False,False,20250324_3FLfun1,False,False,False,False,False
2243,False,False,False,False,False,False,False,False,False,False,20250324_3FLfun1,False,False,False,False,False
2244,False,False,False,False,False,False,False,False,False,False,20250324_3FLfun1,False,False,False,False,False
2245,True,False,False,False,False,False,True,False,False,False,20250324_3FLfun1,True,True,True,False,False
2246,False,False,False,False,False,False,False,False,False,False,20250324_3FLfun1,False,False,False,False,False
2247,False,False,False,False,True,True,True,False,False,False,20250324_3FLfun1,False,False,False,False,False
2248,False,False,False,False,False,False,False,False,False,False,20250324_3FLfun1,False,False,False,False,False
2249,False,False,False,False,False,False,False,False,False,False,20250324_3FLfun1,False,False,False,False,False
2250,False,False,False,False,False,False,False,False,False,False,20250324_3FLfun1,False,False,False,False,False
2251,False,False,False,False,False,False,False,False,False,False,20250324_3FLfun1,False,False,False,False,False
2252,False,False,False,False,False,False,False,False,False,False,20250324_3FLfun1,False,False,False,False,False
2253,False,False,False,False,False,False,False,False,False,False,20250324_3FLfun1,False,False,False,False,False
2254,False,False,False,False,False,False,False,False,False,False,20250324_3FLfun1,False,False,False,False,False
2255,False,False,False,False,False,True,True,False,False,True,20250324_3FLfun1,False,False,False,False,False
2256,False,False,False,False,False,False,False,False,False,False,20250324_3FLfun1,False,False,False,False,False
2257,False,False,False,False,False,False,False,False,False,False,20250324_3FLfun1,False,False,False,False,False
2258,False,False,True,False,False,False,True,True,False,True,20250324_3FLfun1,False,True,False,True,False
2259,False,False,False,False,False,False,False,False,True,False,20250324_3FLfun1,False,False,False,False,False
2260,False,False,True,True,False,True,True,True,True,False,20250324_3FLfun1,False,True,True,True,True
2261,False,False,False,False,False,False,False,False,False,False,20250324_3FLfun1,False,False,False,False,False
2262,False,False,False,False,False,False,True,False,False,False,20250324_3FLfun1,False,False,False,False,False
2263,False,False,False,False,False,False,False,False,False,False,20250324_3FLfun1,False,False,False,False,False
2264,False,False,True,False,False,False,True,False,True,False,20250324_3FLfun1,False,True,False,True,False
2265,False,False,False,False,False,False,False,False,False,False,20250324_3FLfun1,False,False,False,False,False
2266,False,False,False,False,False,False,False,False,False,False,20250324_3FLfun1,False,False,False,False,False
2267,False,False,False,False,False,False,False,False,False,False,20250324_3FLfun1,False,False,False,False,False
2268,False,False,False,False,False,False,False,False,False,False,20250324_3FLfun1,False,False,False,False,False
2269,False,False,True,False,False,False,True,False,True,False,20250324_3FLfun1,False,True,False,True,False
2270,False,False,False,False,False,False,False,False,False,False,20250324_3FLfun1,False,False,False,False,False
2271,False,False,False,False,False,False,False,False,False,False,20250324_3FLfun1,False,False,False,False,False
2272,False,False,False,False,False,False,False,False,False,False,20250324_3FLfun1,False,False,False,False,False
2273,False,False,False,False,False,False,False,False,False,False,20250324_3FLfun1,False,False,False,False,False
2274,False,False,False,False,False,False,False,False,False,False,20250324_3FLfun1,False,False,False,False,False
2275,False,False,False,False,False,False,False,False,False,False,20250324_3FLfun1,False,False,False,False,False
2276,False,False,False,False,False,False,False,False,False,False,20250324_3FLfun1,False,False,False,False,False
2277,False,False,True,True,False,False,False,False,False,False,20250324_3FLfun1,False,True,True,True,True
2278,False,False,False,True,False,True,True,False,True,False,20250324_3FLfun1,False,False,True,False,True
2279,False,False,False,False,False,False,False,False,False,False,20250324_3FLfun1,False,False,False,False,False
2280,True,False,False,False,True,True,False,False,False,False,20250324_3FLfun1,True,True,True,False,False
