,2h(-8),2h(-7),ma(-8),ma(-7),farn(-4),farn(-3),2h(-7)+ma(-7),2h(-7)+farn(-3),ma(-7)+farn(-3),PFO,experiment,2h(-7)+ma(-7)_predicted,2h(-7)+farn(-3)_predicted,ma(-7)+farn(-3)_predicted
0,False,False,False,False,False,False,False,False,False,False,20250214_4FLfun1,False,False,False
1,True,True,False,False,False,False,True,True,False,False,20250214_4FLfun1,True,True,False
2,False,False,False,False,False,False,False,True,False,False,20250214_4FLfun1,False,False,False
3,True,True,False,False,False,False,True,True,False,False,20250214_4FLfun1,True,True,False
4,True,True,False,False,False,False,True,True,False,False,20250214_4FLfun1,True,True,False
5,False,False,False,False,True,True,False,True,True,False,20250214_4FLfun1,False,True,True
6,False,False,False,False,False,False,False,True,False,False,20250214_4FLfun1,False,False,False
7,False,False,False,False,False,False,False,False,False,False,20250214_4FLfun1,False,False,False
8,False,False,False,False,False,False,False,False,False,False,20250214_4FLfun1,False,False,False
9,False,False,False,False,True,True,False,True,True,False,20250214_4FLfun1,False,True,True
10,False,False,False,True,False,False,True,False,False,False,20250214_4FLfun1,True,False,True
11,True,True,False,False,False,False,True,True,False,False,20250214_4FLfun1,True,True,False
12,False,False,False,False,False,False,False,False,False,False,20250214_4FLfun1,False,False,False
13,False,False,False,False,False,True,False,True,True,False,20250214_4FLfun1,False,True,True
14,False,False,False,False,False,False,False,False,False,False,20250214_4FLfun1,False,False,False
15,False,False,False,False,False,False,False,False,False,False,20250214_4FLfun1,False,False,False
16,False,False,False,False,False,False,False,False,False,False,20250214_4FLfun1,False,False,False
17,False,False,False,False,True,True,False,True,False,False,20250214_4FLfun1,False,True,True
18,False,False,False,False,False,False,False,False,False,False,20250214_4FLfun1,False,False,False
19,False,False,False,False,False,False,False,True,True,False,20250214_4FLfun1,False,False,False
20,False,False,False,False,False,False,False,False,False,False,20250214_4FLfun1,False,False,False
21,False,False,False,False,False,False,False,False,True,False,20250214_4FLfun1,False,False,False
22,False,False,False,False,False,False,False,False,False,False,20250214_4FLfun1,False,False,False
23,False,False,False,False,False,False,False,False,False,False,20250214_4FLfun1,False,False,False
24,False,False,False,False,False,False,False,False,False,False,20250214_4FLfun1,False,False,False
25,False,False,False,False,False,False,False,True,False,False,20250214_4FLfun1,False,False,False
26,False,False,False,False,False,False,False,False,True,False,20250214_4FLfun1,False,False,False
27,False,False,False,False,False,False,False,False,False,False,20250214_4FLfun1,False,False,False
28,False,False,False,False,False,False,False,False,False,False,20250214_4FLfun1,False,False,False
29,False,False,False,False,False,False,False,False,False,False,20250214_4FLfun1,False,False,False
30,False,False,False,False,False,False,False,False,False,False,20250214_4FLfun1,False,False,False
31,False,False,False,True,False,False,True,False,False,False,20250214_4FLfun1,True,False,True
32,False,False,False,False,False,False,False,False,False,False,20250214_4FLfun1,False,False,False
33,False,False,False,True,False,False,True,False,True,False,20250214_4FLfun1,True,False,True
34,False,False,False,False,False,False,False,False,False,False,20250214_4FLfun1,False,False,False
35,False,False,False,False,False,False,False,False,False,False,20250214_4FLfun1,False,False,False
36,False,False,False,False,False,False,False,False,False,False,20250214_4FLfun1,False,False,False
37,False,False,False,False,False,False,False,False,False,False,20250214_4FLfun1,False,False,False
38,False,False,False,True,False,False,True,False,False,False,20250214_4FLfun1,True,False,True
39,False,False,False,False,False,False,False,False,False,False,20250214_4FLfun1,False,False,False
40,False,False,False,False,False,False,False,True,False,False,20250214_4FLfun1,False,False,False
41,False,True,False,False,False,False,True,True,False,False,20250214_4FLfun1,True,True,False
42,True,True,False,False,False,False,True,True,False,False,20250214_4FLfun1,True,True,False
43,False,False,False,True,False,False,True,False,False,False,20250214_4FLfun1,True,False,True
44,False,False,False,False,False,False,False,False,False,False,20250214_4FLfun1,False,False,False
45,False,False,False,True,False,False,True,False,False,False,20250214_4FLfun1,True,False,True
46,False,False,False,False,False,False,False,False,False,False,20250214_4FLfun1,False,False,False
47,True,True,False,False,False,False,True,True,False,False,20250214_4FLfun1,True,True,False
48,False,False,False,False,False,False,False,False,False,False,20250214_4FLfun1,False,False,False
49,False,False,False,False,False,False,False,False,False,False,20250214_4FLfun1,False,False,False
50,True,True,False,False,False,False,True,True,False,False,20250214_4FLfun1,True,True,False
51,False,False,False,False,False,False,False,True,False,False,20250214_4FLfun1,False,False,False
52,False,False,False,False,True,True,False,True,False,False,20250214_4FLfun1,False,True,True
53,False,False,False,False,False,False,False,False,False,False,20250214_4FLfun1,False,False,False
54,True,True,False,False,False,False,True,True,False,False,20250214_4FLfun1,True,True,False
55,False,False,False,False,False,False,False,False,False,False,20250214_4FLfun1,False,False,False
56,True,True,False,False,False,True,True,True,True,False,20250214_4FLfun1,True,True,True
57,True,True,False,False,False,False,True,True,False,False,20250214_4FLfun1,True,True,False
58,False,False,True,False,False,False,False,False,False,False,20250214_4FLfun1,False,False,False
59,False,False,False,False,False,False,False,False,False,False,20250214_4FLfun1,False,False,False
60,False,True,False,False,False,False,True,False,False,False,20250214_4FLfun1,True,True,False
61,True,True,False,False,False,False,True,True,False,False,20250214_4FLfun1,True,True,False
62,False,False,False,True,False,False,True,False,False,False,20250214_4FLfun1,True,False,True
63,False,False,False,False,False,False,False,False,False,False,20250214_4FLfun1,False,False,False
64,False,False,False,False,False,False,False,True,True,False,20250214_4FLfun1,False,False,False
65,False,True,False,False,False,False,True,False,False,False,20250214_4FLfun1,True,True,False
66,False,False,False,False,False,False,False,False,False,False,20250214_4FLfun1,False,False,False
67,False,False,False,False,False,False,False,False,False,False,20250214_4FLfun1,False,False,False
68,False,False,False,False,True,True,False,True,False,False,20250214_4FLfun1,False,True,True
69,False,False,False,True,False,False,True,True,True,False,20250214_4FLfun1,True,False,True
70,False,False,False,False,False,False,False,False,False,False,20250214_4FLfun1,False,False,False
71,False,False,False,False,False,False,False,False,True,False,20250214_4FLfun1,False,False,False
72,False,False,False,False,True,False,False,False,False,False,20250214_4FLfun1,False,False,False
73,False,False,False,False,False,False,False,False,False,False,20250214_4FLfun1,False,False,False
74,False,False,False,False,False,False,False,False,False,False,20250214_4FLfun1,False,False,False
75,False,False,False,False,False,False,False,False,False,False,20250214_4FLfun1,False,False,False
76,False,False,False,False,False,False,False,False,False,False,20250214_4FLfun1,False,False,False
77,False,False,False,False,False,False,False,True,False,False,20250214_4FLfun1,False,False,False
78,False,False,False,False,True,False,False,True,False,False,20250214_4FLfun1,False,False,False
79,False,False,False,False,False,False,False,False,False,False,20250214_4FLfun1,False,False,False
80,False,False,False,False,False,False,False,False,False,False,20250214_4FLfun1,False,False,False
81,False,False,False,False,False,False,False,False,False,False,20250214_4FLfun1,False,False,False
82,False,False,False,False,False,False,False,False,False,False,20250214_4FLfun1,False,False,False
83,False,False,False,False,False,False,False,False,False,False,20250214_4FLfun1,False,False,False
84,False,False,False,False,False,False,False,False,False,False,20250214_4FLfun1,False,False,False
85,False,False,False,False,False,False,False,False,False,False,20250214_4FLfun1,False,False,False
86,False,False,False,False,False,False,False,False,False,False,20250214_4FLfun1,False,False,False
87,False,False,False,True,False,False,True,False,False,False,20250214_4FLfun1,True,False,True
88,False,False,False,True,False,False,True,False,True,False,20250214_4FLfun1,True,False,True
89,False,False,False,False,False,False,False,False,False,False,20250214_4FLfun1,False,False,False
90,False,False,False,False,False,False,False,False,False,False,20250214_4FLfun1,False,False,False
91,False,False,False,False,False,False,False,False,False,False,20250214_4FLfun1,False,False,False
92,False,False,False,False,False,False,False,False,False,False,20250214_4FLfun1,False,False,False
93,False,False,False,False,False,False,False,False,False,False,20250214_4FLfun1,False,False,False
94,False,False,False,True,False,False,True,False,False,False,20250214_4FLfun1,True,False,True
95,False,False,False,False,False,False,False,False,False,False,20250214_4FLfun1,False,False,False
96,False,False,False,False,False,False,False,False,False,False,20250214_4FLfun1,False,False,False
97,False,False,False,False,False,False,False,False,False,False,20250214_4FLfun1,False,False,False
98,False,False,False,False,False,False,False,False,False,False,20250214_4FLfun1,False,False,False
99,False,False,False,False,False,False,False,False,False,False,20250214_4FLfun1,False,False,False
100,False,True,False,False,False,False,False,False,False,False,20250214_4FLfun1,True,True,False
101,False,False,False,False,False,False,False,False,False,False,20250214_4FLfun1,False,False,False
102,False,False,False,False,False,False,False,False,False,False,20250214_4FLfun1,False,False,False
103,False,False,False,True,False,False,True,False,True,False,20250214_4FLfun1,True,False,True
104,False,False,False,False,False,False,False,False,False,False,20250214_4FLfun1,False,False,False
105,False,False,False,False,False,False,False,True,False,False,20250214_4FLfun1,False,False,False
106,False,False,False,False,False,False,False,False,False,False,20250214_4FLfun1,False,False,False
107,False,False,False,False,False,False,False,False,False,False,20250214_4FLfun1,False,False,False
108,False,False,False,False,False,False,False,False,True,False,20250214_4FLfun1,False,False,False
109,False,False,False,False,False,False,False,False,False,False,20250214_4FLfun1,False,False,False
110,False,False,False,False,False,False,False,False,False,False,20250214_4FLfun1,False,False,False
111,False,False,False,False,False,True,False,True,True,False,20250214_4FLfun1,False,True,True
112,False,False,False,False,False,False,False,False,False,False,20250214_4FLfun1,False,False,False
113,False,False,False,False,False,False,False,False,False,False,20250214_4FLfun1,False,False,False
114,False,False,False,False,False,False,False,False,False,False,20250214_4FLfun1,False,False,False
115,False,False,False,False,False,False,False,False,False,False,20250214_4FLfun1,False,False,False
116,False,True,False,False,False,False,True,True,False,False,20250214_4FLfun1,True,True,False
117,False,False,False,False,False,False,False,False,False,False,20250214_4FLfun1,False,False,False
118,True,True,False,False,False,False,True,True,False,False,20250214_4FLfun1,True,True,False
119,False,False,False,True,False,False,True,False,False,False,20250214_4FLfun1,True,False,True
120,True,True,True,True,False,False,True,False,False,False,20250214_4FLfun1,True,True,True
121,False,False,False,False,False,False,False,False,False,False,20250214_4FLfun1,False,False,False
122,False,False,False,True,False,False,True,False,False,False,20250214_4FLfun1,True,False,True
123,False,False,False,False,False,False,False,False,False,False,20250214_4FLfun1,False,False,False
124,True,True,False,False,False,False,True,True,False,False,20250214_4FLfun1,True,True,False
125,False,False,False,False,False,False,False,False,False,False,20250214_4FLfun1,False,False,False
126,False,False,False,False,False,False,False,False,False,False,20250214_4FLfun1,False,False,False
127,False,False,False,False,False,False,False,False,False,False,20250214_4FLfun1,False,False,False
128,True,True,False,False,False,False,True,False,False,False,20250214_4FLfun1,True,True,False
129,False,False,False,False,False,True,False,True,False,False,20250214_4FLfun1,False,True,True
130,False,False,False,False,False,False,False,True,False,False,20250214_4FLfun1,False,False,False
131,False,False,False,False,False,False,False,False,False,False,20250214_4FLfun1,False,False,False
132,True,True,False,False,False,False,True,True,False,False,20250214_4FLfun1,True,True,False
133,False,False,False,False,True,True,True,True,True,False,20250214_4FLfun1,False,True,True
134,False,False,False,False,False,False,True,False,False,False,20250214_4FLfun1,False,False,False
135,True,True,False,False,False,False,True,True,True,False,20250214_4FLfun1,True,True,False
136,True,True,True,False,False,False,False,False,False,False,20250214_4FLfun1,True,True,False
137,False,False,False,False,False,False,False,False,False,False,20250214_4FLfun1,False,False,False
138,False,False,False,False,False,False,False,False,False,False,20250214_4FLfun1,False,False,False
139,False,False,False,True,False,False,True,False,False,False,20250214_4FLfun1,True,False,True
140,False,False,False,False,True,False,False,True,True,False,20250214_4FLfun1,False,False,False
141,True,True,False,False,False,False,True,True,False,False,20250214_4FLfun1,True,True,False
142,False,False,False,False,False,False,False,False,False,False,20250214_4FLfun1,False,False,False
143,False,False,False,False,False,False,False,False,False,False,20250214_4FLfun1,False,False,False
144,False,True,False,False,False,False,True,True,False,False,20250214_4FLfun1,True,True,False
145,False,False,False,False,True,True,False,True,False,False,20250214_4FLfun1,False,True,True
146,False,False,False,False,False,False,True,True,False,False,20250214_4FLfun1,False,False,False
147,False,False,False,False,False,False,False,False,False,False,20250214_4FLfun1,False,False,False
148,False,False,False,False,False,False,False,False,False,False,20250214_4FLfun1,False,False,False
149,True,True,False,False,False,False,True,False,False,False,20250214_4FLfun1,True,True,False
150,False,False,False,False,False,False,False,False,False,False,20250214_4FLfun1,False,False,False
151,False,False,False,False,False,False,True,True,False,False,20250214_4FLfun1,False,False,False
152,False,False,False,False,False,False,False,False,False,False,20250214_4FLfun1,False,False,False
153,False,False,False,False,False,False,False,False,False,False,20250214_4FLfun1,False,False,False
154,False,False,False,False,False,False,False,False,False,False,20250214_4FLfun1,False,False,False
155,False,False,False,False,False,False,False,False,False,False,20250214_4FLfun1,False,False,False
156,False,False,False,False,True,False,False,True,False,False,20250214_4FLfun1,False,False,False
157,False,False,False,False,False,False,False,False,False,False,20250214_4FLfun1,False,False,False
158,False,False,False,False,False,False,False,False,False,False,20250214_4FLfun1,False,False,False
159,False,False,False,False,False,False,False,False,False,False,20250214_4FLfun1,False,False,False
160,False,False,False,False,False,False,False,False,False,False,20250214_4FLfun1,False,False,False
161,False,False,False,False,False,False,False,False,False,False,20250214_4FLfun1,False,False,False
162,False,True,False,False,False,False,True,True,False,False,20250214_4FLfun1,True,True,False
163,False,False,False,False,False,False,False,False,False,False,20250214_4FLfun1,False,False,False
164,False,False,False,False,False,False,False,False,False,False,20250214_4FLfun1,False,False,False
165,False,False,True,False,False,False,False,False,False,False,20250214_4FLfun1,False,False,False
166,False,False,False,False,False,False,False,False,False,False,20250214_4FLfun1,False,False,False
167,False,False,False,False,False,False,False,False,False,False,20250214_4FLfun1,False,False,False
168,False,False,False,False,False,False,False,False,False,False,20250214_4FLfun1,False,False,False
169,False,False,False,False,False,False,False,False,False,False,20250214_4FLfun1,False,False,False
170,True,False,True,True,False,False,True,False,False,False,20250214_4FLfun1,True,False,True
171,False,False,False,False,False,False,False,False,False,False,20250214_4FLfun1,False,False,False
172,False,False,False,False,False,False,False,False,False,False,20250214_4FLfun1,False,False,False
173,False,False,False,False,False,False,False,False,False,False,20250214_4FLfun1,False,False,False
174,False,False,False,False,False,False,False,False,False,False,20250214_4FLfun1,False,False,False
175,False,True,False,False,False,False,True,False,False,False,20250214_4FLfun1,True,True,False
176,True,True,False,False,False,False,True,False,False,False,20250214_4FLfun1,True,True,False
177,False,False,False,False,False,False,False,False,False,False,20250214_4FLfun1,False,False,False
178,False,False,False,False,False,False,False,False,False,False,20250214_4FLfun1,False,False,False
179,False,False,False,False,True,True,False,True,True,False,20250214_4FLfun1,False,True,True
180,False,False,False,False,False,False,False,False,False,False,20250214_4FLfun1,False,False,False
181,False,False,False,False,False,False,False,False,False,False,20250214_4FLfun1,False,False,False
182,False,False,False,False,False,False,False,False,False,False,20250214_4FLfun1,False,False,False
183,False,False,False,True,False,False,True,False,False,False,20250214_4FLfun1,True,False,True
184,True,True,False,False,False,False,True,True,False,False,20250214_4FLfun1,True,True,False
185,False,True,False,False,False,False,True,True,False,False,20250214_4FLfun1,True,True,False
186,False,False,False,False,False,False,False,False,False,False,20250214_4FLfun1,False,False,False
187,False,True,False,False,False,False,True,True,False,False,20250214_4FLfun1,True,True,False
188,False,True,False,False,False,False,True,True,False,False,20250214_4FLfun1,True,True,False
189,False,False,False,True,False,False,True,True,False,False,20250214_4FLfun1,True,False,True
190,True,True,False,False,False,False,True,True,False,False,20250214_4FLfun1,True,True,False
191,False,False,False,False,False,False,False,False,False,False,20250214_4FLfun1,False,False,False
192,False,False,False,False,False,False,False,False,False,False,20250214_4FLfun1,False,False,False
193,False,False,False,False,False,False,False,False,False,False,20250214_4FLfun1,False,False,False
194,True,False,False,True,False,False,True,False,False,False,20250214_4FLfun1,True,False,True
195,False,False,False,False,False,False,False,False,False,False,20250214_4FLfun1,False,False,False
196,False,False,False,False,False,False,False,False,False,False,20250214_4FLfun1,False,False,False
197,False,False,False,False,False,False,False,False,False,False,20250214_4FLfun1,False,False,False
198,True,True,False,False,False,False,True,True,False,False,20250214_4FLfun1,True,True,False
199,False,False,False,False,False,False,False,False,False,False,20250214_4FLfun1,False,False,False
200,False,False,False,False,False,False,False,False,False,False,20250214_4FLfun1,False,False,False
201,False,False,False,False,False,True,False,True,False,False,20250214_4FLfun1,False,True,True
202,True,True,False,False,False,False,True,True,False,False,20250214_4FLfun1,True,True,False
203,True,True,False,False,False,False,False,True,False,False,20250214_4FLfun1,True,True,False
204,False,False,False,False,False,False,False,False,False,False,20250214_4FLfun1,False,False,False
205,False,False,False,False,False,False,False,False,False,False,20250214_4FLfun1,False,False,False
206,False,False,False,False,False,False,False,False,False,False,20250214_4FLfun1,False,False,False
207,False,False,False,False,False,False,False,False,False,True,20250214_4FLfun1,False,False,False
208,False,False,False,False,False,False,False,False,False,False,20250214_4FLfun1,False,False,False
209,True,True,False,False,False,False,True,True,False,False,20250214_4FLfun1,True,True,False
210,False,False,False,False,False,False,False,False,False,False,20250214_4FLfun1,False,False,False
211,True,True,False,False,False,False,True,True,False,False,20250214_4FLfun1,True,True,False
212,False,False,False,False,False,False,False,False,False,False,20250214_4FLfun1,False,False,False
213,False,False,False,False,False,False,False,False,False,False,20250214_4FLfun1,False,False,False
214,False,False,False,False,False,False,False,False,False,False,20250214_4FLfun1,False,False,False
215,False,True,False,False,False,False,True,True,False,False,20250214_4FLfun1,True,True,False
216,True,True,False,False,False,False,True,True,False,False,20250214_4FLfun1,True,True,False
217,False,False,False,False,False,False,False,False,False,False,20250214_4FLfun1,False,False,False
218,False,False,False,False,False,False,True,False,False,False,20250214_4FLfun1,False,False,False
219,False,False,False,False,False,False,False,False,False,False,20250214_4FLfun1,False,False,False
220,False,False,False,True,False,False,True,False,False,False,20250214_4FLfun1,True,False,True
221,False,False,False,False,False,False,False,False,False,False,20250214_4FLfun1,False,False,False
222,False,False,False,False,False,False,False,False,False,False,20250214_4FLfun1,False,False,False
223,False,False,False,False,False,False,False,False,False,False,20250214_4FLfun1,False,False,False
224,False,True,False,False,False,False,True,True,False,False,20250214_4FLfun1,True,True,False
225,True,True,True,True,True,True,True,False,False,False,20250214_4FLfun1,True,True,True
226,False,False,False,False,False,False,False,False,False,False,20250214_4FLfun1,False,False,False
227,False,True,False,False,False,False,False,False,False,False,20250214_4FLfun1,True,True,False
228,False,False,False,False,False,False,False,False,False,False,20250214_4FLfun1,False,False,False
229,False,False,False,False,True,False,False,False,False,False,20250214_4FLfun1,False,False,False
230,False,False,False,False,False,False,False,False,False,False,20250214_4FLfun1,False,False,False
231,False,False,False,False,False,False,True,True,False,False,20250214_4FLfun1,False,False,False
232,False,True,False,False,False,False,True,False,False,False,20250214_4FLfun1,True,True,False
233,False,False,False,True,False,False,True,False,False,False,20250214_4FLfun1,True,False,True
234,False,False,False,False,False,False,False,False,False,False,20250214_4FLfun1,False,False,False
235,False,False,False,False,False,False,False,False,False,False,20250214_4FLfun1,False,False,False
236,False,False,False,False,False,False,False,False,False,False,20250214_4FLfun1,False,False,False
237,False,False,False,False,False,False,False,False,False,False,20250214_4FLfun1,False,False,False
238,False,False,False,False,False,False,False,False,False,False,20250214_4FLfun1,False,False,False
239,False,False,False,False,False,False,False,False,False,False,20250214_4FLfun1,False,False,False
240,True,True,False,False,False,False,True,False,False,False,20250214_4FLfun1,True,True,False
241,False,False,False,True,False,False,True,True,False,False,20250214_4FLfun1,True,False,True
242,False,False,False,False,False,False,False,False,False,False,20250214_4FLfun1,False,False,False
243,False,False,False,False,False,False,False,False,False,False,20250214_4FLfun1,False,False,False
244,False,False,False,False,False,False,False,False,False,False,20250214_4FLfun1,False,False,False
245,False,False,False,False,False,False,False,False,False,False,20250214_4FLfun1,False,False,False
246,False,False,False,False,True,False,False,True,False,False,20250214_4FLfun1,False,False,False
247,False,False,False,False,False,False,False,False,False,False,20250214_4FLfun1,False,False,False
248,False,False,False,False,False,False,False,False,False,False,20250214_4FLfun1,False,False,False
249,False,False,False,False,False,True,False,False,False,False,20250214_4FLfun1,False,True,True
250,False,False,False,False,False,False,False,False,False,True,20250214_4FLfun1,False,False,False
251,False,True,False,False,False,False,True,True,False,False,20250214_4FLfun1,True,True,False
252,False,False,False,False,False,False,False,False,False,False,20250214_4FLfun1,False,False,False
253,False,False,False,False,False,False,False,False,False,False,20250214_4FLfun1,False,False,False
254,False,False,True,False,False,False,False,False,False,False,20250214_4FLfun1,False,False,False
255,False,False,False,False,False,False,False,False,False,False,20250214_4FLfun1,False,False,False
256,False,False,False,False,False,False,False,False,False,False,20250214_4FLfun1,False,False,False
257,False,False,False,False,False,False,False,False,False,False,20250214_4FLfun1,False,False,False
258,False,False,False,False,False,False,False,False,False,False,20250214_4FLfun1,False,False,False
259,False,True,False,False,False,False,False,False,False,False,20250214_4FLfun1,True,True,False
260,False,False,True,False,False,False,False,False,False,True,20250214_4FLfun1,False,False,False
261,False,False,False,False,False,False,False,False,False,False,20250214_4FLfun1,False,False,False
262,False,False,False,False,False,False,False,False,False,False,20250214_4FLfun1,False,False,False
263,False,False,False,False,False,False,False,False,False,False,20250214_4FLfun1,False,False,False
264,False,False,False,False,False,False,False,False,False,False,20250214_4FLfun1,False,False,False
265,False,True,False,False,False,False,True,False,False,False,20250214_4FLfun1,True,True,False
266,True,True,False,False,False,False,True,False,False,False,20250214_4FLfun1,True,True,False
267,False,False,False,False,False,False,False,False,False,False,20250214_4FLfun1,False,False,False
268,False,False,False,False,False,False,False,False,False,False,20250214_4FLfun1,False,False,False
269,False,False,False,False,True,True,False,True,False,False,20250214_4FLfun1,False,True,True
270,False,False,False,False,True,True,False,True,True,False,20250214_4FLfun1,False,True,True
271,True,True,False,False,False,False,True,False,False,False,20250214_4FLfun1,True,True,False
272,False,False,False,False,False,False,False,False,False,False,20250214_4FLfun1,False,False,False
273,False,False,False,False,False,False,False,False,False,False,20250214_4FLfun1,False,False,False
274,False,False,False,False,False,False,True,False,False,False,20250214_4FLfun1,False,False,False
275,False,False,False,True,False,False,True,False,False,False,20250214_4FLfun1,True,False,True
276,False,False,False,False,False,False,False,False,False,False,20250214_4FLfun1,False,False,False
277,False,False,False,False,False,False,False,False,False,False,20250214_4FLfun1,False,False,False
278,False,False,False,False,False,False,False,False,False,True,20250214_4FLfun1,False,False,False
279,False,False,False,False,True,False,False,False,False,False,20250214_4FLfun1,False,False,False
280,False,False,False,False,True,True,False,True,False,False,20250214_4FLfun1,False,True,True
281,False,False,False,False,False,False,False,False,False,False,20250214_4FLfun1,False,False,False
282,False,False,False,True,False,False,False,True,False,False,20250214_4FLfun1,True,False,True
283,False,False,False,False,False,False,False,False,False,False,20250214_4FLfun1,False,False,False
284,False,True,False,False,False,False,True,False,False,False,20250214_4FLfun1,True,True,False
285,True,True,False,False,False,False,True,True,False,False,20250214_4FLfun1,True,True,False
286,False,False,False,False,False,False,False,False,False,False,20250214_4FLfun1,False,False,False
287,False,False,False,False,False,False,False,False,False,False,20250214_4FLfun1,False,False,False
288,False,False,False,False,False,False,False,False,False,False,20250214_4FLfun1,False,False,False
289,False,False,False,False,False,False,False,False,False,False,20250214_4FLfun1,False,False,False
290,True,True,False,True,True,True,True,True,True,False,20250214_4FLfun1,True,True,True
291,False,False,False,False,False,False,False,False,False,False,20250214_4FLfun1,False,False,False
292,False,False,False,False,False,False,True,False,False,False,20250214_4FLfun1,False,False,False
293,False,False,False,False,False,False,False,False,False,False,20250214_4FLfun1,False,False,False
294,False,False,False,False,True,False,False,True,False,False,20250214_4FLfun1,False,False,False
295,True,True,False,False,False,False,True,True,False,False,20250214_4FLfun1,True,True,False
296,True,False,True,True,False,False,True,False,False,False,20250214_4FLfun1,True,False,True
297,False,False,False,False,False,False,False,False,False,True,20250214_4FLfun1,False,False,False
298,False,False,False,False,False,False,True,False,False,False,20250214_4FLfun1,False,False,False
299,False,False,False,False,False,False,False,False,False,False,20250214_4FLfun1,False,False,False
300,False,False,True,True,False,False,False,False,False,False,20250214_4FLfun1,True,False,True
301,True,False,False,False,False,False,False,False,False,False,20250214_4FLfun1,False,False,False
302,False,False,False,False,False,False,False,False,False,False,20250214_4FLfun1,False,False,False
303,False,False,False,False,False,False,False,False,False,False,20250214_4FLfun1,False,False,False
304,True,True,False,False,False,False,False,False,False,False,20250214_4FLfun1,True,True,False
305,False,False,False,False,False,False,False,False,False,False,20250214_4FLfun1,False,False,False
306,False,False,False,True,False,False,True,False,False,False,20250214_4FLfun1,True,False,True
307,True,False,True,False,False,True,True,False,False,False,20250214_4FLfun1,False,True,True
308,False,False,False,False,False,False,False,False,False,False,20250214_4FLfun1,False,False,False
309,True,True,False,False,False,False,True,True,False,False,20250214_4FLfun1,True,True,False
310,False,False,False,False,False,False,False,False,False,False,20250214_4FLfun1,False,False,False
311,False,True,False,False,False,False,True,True,False,False,20250214_4FLfun1,True,True,False
312,False,False,False,False,False,False,False,False,False,False,20250214_4FLfun1,False,False,False
313,False,False,False,False,False,False,False,False,False,False,20250214_4FLfun1,False,False,False
314,False,False,False,False,False,False,False,False,False,False,20250214_4FLfun1,False,False,False
315,False,True,False,False,False,False,True,True,False,False,20250214_4FLfun1,True,True,False
316,True,True,True,True,True,True,True,False,False,True,20250214_4FLfun1,True,True,True
317,False,False,False,False,False,False,False,False,False,False,20250214_4FLfun1,False,False,False
318,False,True,False,False,False,False,False,False,False,False,20250214_4FLfun1,True,True,False
319,False,False,False,False,False,False,False,False,False,False,20250214_4FLfun1,False,False,False
320,False,False,False,False,False,False,False,False,False,False,20250214_4FLfun1,False,False,False
321,True,True,False,False,False,False,True,True,False,False,20250214_4FLfun1,True,True,False
322,False,False,False,True,False,False,True,False,False,False,20250214_4FLfun1,True,False,True
323,False,False,False,False,False,False,False,False,False,False,20250214_4FLfun1,False,False,False
324,True,True,True,True,False,False,True,False,False,True,20250214_4FLfun1,True,True,True
325,False,False,False,False,False,False,False,False,False,False,20250214_4FLfun1,False,False,False
326,False,False,True,False,False,False,False,False,False,True,20250214_4FLfun1,False,False,False
327,False,False,False,False,False,False,False,False,False,False,20250214_4FLfun1,False,False,False
328,False,False,False,False,False,False,False,False,False,False,20250214_4FLfun1,False,False,False
329,False,False,False,True,False,True,True,False,True,False,20250214_4FLfun1,True,True,True
330,False,False,False,False,False,False,False,False,False,False,20250214_4FLfun1,False,False,False
331,True,False,False,False,False,False,False,False,False,False,20250214_4FLfun1,False,False,False
332,False,False,False,False,False,False,False,False,False,False,20250214_4FLfun1,False,False,False
333,False,False,False,False,True,False,False,True,False,False,20250214_4FLfun1,False,False,False
334,False,False,False,False,False,False,False,False,False,False,20250214_4FLfun1,False,False,False
335,False,False,False,False,False,True,False,False,True,True,20250214_4FLfun1,False,True,True
336,False,False,False,False,False,False,False,False,False,False,20250214_4FLfun1,False,False,False
337,False,False,True,False,False,False,False,False,False,False,20250214_4FLfun1,False,False,False
338,False,False,True,False,False,False,False,False,False,False,20250214_4FLfun1,False,False,False
339,False,False,False,False,False,False,False,False,False,False,20250214_4FLfun1,False,False,False
340,False,False,False,False,False,False,False,False,False,False,20250214_4FLfun1,False,False,False
341,False,False,False,False,False,False,False,False,False,False,20250214_4FLfun1,False,False,False
342,False,False,False,False,False,False,False,False,False,False,20250214_4FLfun1,False,False,False
343,True,False,True,False,False,False,False,False,False,True,20250214_4FLfun1,False,False,False
344,False,False,False,False,False,False,False,False,False,False,20250214_4FLfun1,False,False,False
345,False,False,False,False,False,True,False,True,False,False,20250214_4FLfun1,False,True,True
346,False,True,False,False,False,False,False,True,False,False,20250214_4FLfun1,True,True,False
347,False,False,False,False,True,False,False,True,False,False,20250214_4FLfun1,False,False,False
348,False,False,False,False,False,False,False,False,False,False,20250214_4FLfun1,False,False,False
349,False,True,False,False,False,False,True,False,False,False,20250214_4FLfun1,True,True,False
350,False,False,False,False,False,False,False,False,False,False,20250214_4FLfun1,False,False,False
351,True,True,False,False,False,False,True,True,False,False,20250214_4FLfun1,True,True,False
352,False,False,False,False,True,True,False,True,False,False,20250214_4FLfun1,False,True,True
353,False,False,False,False,False,False,False,False,False,False,20250214_4FLfun1,False,False,False
354,False,False,False,False,False,False,False,True,False,False,20250214_4FLfun1,False,False,False
355,False,False,False,False,False,False,False,False,False,False,20250214_4FLfun1,False,False,False
356,False,False,False,False,False,False,False,False,False,False,20250214_4FLfun1,False,False,False
357,False,False,False,False,False,False,False,False,False,False,20250214_4FLfun1,False,False,False
358,False,False,False,True,False,False,True,False,False,False,20250214_4FLfun1,True,False,True
359,False,False,False,True,False,False,False,False,False,False,20250214_4FLfun1,True,False,True
360,False,False,False,True,False,False,True,False,False,False,20250214_4FLfun1,True,False,True
361,False,False,False,False,False,False,False,False,False,False,20250214_4FLfun1,False,False,False
362,False,False,False,False,False,False,False,False,False,False,20250214_4FLfun1,False,False,False
363,True,True,False,False,False,False,True,True,False,False,20250214_4FLfun1,True,True,False
364,False,False,False,False,False,False,False,False,False,False,20250214_4FLfun1,False,False,False
365,False,False,False,False,False,False,False,False,False,False,20250214_4FLfun1,False,False,False
366,False,False,False,False,False,False,False,False,False,False,20250214_4FLfun1,False,False,False
367,False,False,True,True,False,False,True,False,False,False,20250214_4FLfun1,True,False,True
368,False,False,False,False,False,True,False,True,False,False,20250214_4FLfun1,False,True,True
369,False,False,False,False,False,False,False,False,False,False,20250214_4FLfun1,False,False,False
370,False,False,False,False,False,False,False,False,False,False,20250214_4FLfun1,False,False,False
371,False,False,False,False,False,False,False,False,False,True,20250214_4FLfun1,False,False,False
372,False,False,False,False,False,False,False,False,False,False,20250214_4FLfun1,False,False,False
373,False,False,False,False,False,False,False,False,False,False,20250214_4FLfun1,False,False,False
374,False,False,False,True,False,False,False,True,False,False,20250214_4FLfun1,True,False,True
375,False,False,False,False,False,False,False,False,False,False,20250214_4FLfun1,False,False,False
376,False,False,False,False,False,False,False,False,False,False,20250214_4FLfun1,False,False,False
377,False,True,False,False,False,False,True,False,False,False,20250214_4FLfun1,True,True,False
378,False,False,False,False,False,False,False,False,False,False,20250214_4FLfun1,False,False,False
379,False,False,False,False,False,False,True,False,False,False,20250214_4FLfun1,False,False,False
380,False,False,False,True,False,False,False,False,False,False,20250214_4FLfun1,True,False,True
381,False,False,False,False,False,False,False,False,False,False,20250214_4FLfun1,False,False,False
382,False,False,False,False,False,False,False,False,False,False,20250214_4FLfun1,False,False,False
383,False,True,False,True,True,False,True,True,True,False,20250214_4FLfun1,True,True,True
384,False,False,False,False,False,False,False,False,False,False,20250214_4FLfun1,False,False,False
385,False,False,False,False,False,False,False,False,False,False,20250214_4FLfun1,False,False,False
386,False,False,True,True,False,False,True,False,False,False,20250214_4FLfun1,True,False,True
387,False,False,False,False,False,False,True,False,False,False,20250214_4FLfun1,False,False,False
388,False,False,False,False,True,True,False,True,False,False,20250214_4FLfun1,False,True,True
389,False,False,True,True,False,False,True,False,False,False,20250214_4FLfun1,True,False,True
390,False,False,False,False,False,False,False,False,False,False,20250214_4FLfun1,False,False,False
391,False,False,False,False,False,False,False,False,False,False,20250214_4FLfun1,False,False,False
392,False,False,False,False,False,False,True,False,False,False,20250214_4FLfun1,False,False,False
393,True,True,False,False,False,False,False,False,False,False,20250214_4FLfun1,True,True,False
394,False,False,False,False,False,False,False,False,False,False,20250214_4FLfun1,False,False,False
395,True,True,False,False,False,False,False,False,False,False,20250214_4FLfun1,True,True,False
396,False,False,False,False,False,False,False,False,False,False,20250214_4FLfun1,False,False,False
397,False,False,False,False,False,False,False,False,False,False,20250214_4FLfun1,False,False,False
398,False,False,False,False,False,False,False,False,False,False,20250214_4FLfun1,False,False,False
399,True,False,True,False,False,True,False,False,False,True,20250214_4FLfun1,False,True,True
400,False,False,False,True,True,False,True,True,True,False,20250214_4FLfun1,True,False,True
401,False,False,False,False,False,False,False,True,False,False,20250214_4FLfun1,False,False,False
402,False,False,False,False,False,False,False,False,False,False,20250214_4FLfun1,False,False,False
403,False,False,False,False,False,False,False,False,False,False,20250214_4FLfun1,False,False,False
404,False,True,False,False,False,False,True,True,False,False,20250214_4FLfun1,True,True,False
405,False,False,False,True,False,False,False,False,False,False,20250214_4FLfun1,True,False,True
406,True,True,True,False,False,False,True,True,False,True,20250214_4FLfun1,True,True,False
407,True,True,True,False,False,False,True,True,False,False,20250214_4FLfun1,True,True,False
408,False,False,False,False,False,False,False,False,False,False,20250214_4FLfun1,False,False,False
409,False,False,False,False,True,True,False,True,False,False,20250214_4FLfun1,False,True,True
410,False,False,False,False,False,False,False,False,False,False,20250214_4FLfun1,False,False,False
411,False,False,False,False,False,False,False,False,False,False,20250214_4FLfun1,False,False,False
412,False,False,False,False,False,False,False,False,False,False,20250214_4FLfun1,False,False,False
413,True,False,True,False,False,False,False,False,False,True,20250214_4FLfun1,False,False,False
414,False,False,False,False,False,False,False,False,False,False,20250214_4FLfun1,False,False,False
415,False,False,False,False,False,False,False,False,False,False,20250214_4FLfun1,False,False,False
416,False,False,False,False,False,False,False,False,False,False,20250214_4FLfun1,False,False,False
417,False,False,False,False,True,False,False,True,False,False,20250214_4FLfun1,False,False,False
418,True,False,True,False,False,False,False,False,False,False,20250214_4FLfun1,False,False,False
419,False,False,False,False,True,True,False,True,False,False,20250214_4FLfun1,False,True,True
420,True,False,False,True,True,False,True,False,True,False,20250214_4FLfun1,True,False,True
421,False,False,False,False,False,False,False,False,False,False,20250214_4FLfun1,False,False,False
422,False,False,False,False,False,False,False,False,False,False,20250214_4FLfun1,False,False,False
423,False,False,False,False,False,False,False,False,False,False,20250214_4FLfun1,False,False,False
424,False,False,False,False,False,False,False,False,False,False,20250214_4FLfun1,False,False,False
425,False,False,False,True,False,False,True,False,False,False,20250214_4FLfun1,True,False,True
426,False,False,False,True,False,False,True,False,False,False,20250214_4FLfun1,True,False,True
427,False,False,False,False,False,False,False,False,False,False,20250214_4FLfun1,False,False,False
428,False,False,False,False,False,False,False,False,False,False,20250214_4FLfun1,False,False,False
429,False,False,False,False,False,False,False,False,False,False,20250214_4FLfun1,False,False,False
430,False,False,False,False,False,False,False,False,False,False,20250214_4FLfun1,False,False,False
431,False,False,False,True,False,False,True,False,False,False,20250214_4FLfun1,True,False,True
432,False,False,False,True,False,False,True,False,False,False,20250214_4FLfun1,True,False,True
433,False,False,False,False,False,False,False,False,False,False,20250214_4FLfun1,False,False,False
434,False,False,False,False,False,True,False,False,False,False,20250214_4FLfun1,False,True,True
435,True,True,False,False,False,False,True,True,False,True,20250214_4FLfun1,True,True,False
436,False,False,False,False,False,False,False,False,False,False,20250214_4FLfun1,False,False,False
437,False,False,False,False,True,True,False,True,False,False,20250214_4FLfun1,False,True,True
438,False,False,False,False,False,False,False,False,False,False,20250214_4FLfun1,False,False,False
439,False,False,False,False,False,False,False,False,False,False,20250214_4FLfun1,False,False,False
440,False,False,False,False,True,True,False,True,False,False,20250214_4FLfun1,False,True,True
441,True,False,False,False,False,False,True,False,False,False,20250214_4FLfun1,False,False,False
442,False,False,False,True,False,False,False,False,False,False,20250214_4FLfun1,True,False,True
443,False,False,False,False,False,False,False,False,False,False,20250214_4FLfun1,False,False,False
444,False,False,False,True,False,False,True,False,False,False,20250214_4FLfun1,True,False,True
445,False,False,False,True,False,False,True,False,True,False,20250214_4FLfun1,True,False,True
446,False,False,False,False,False,False,False,False,False,True,20250214_4FLfun1,False,False,False
447,True,True,False,False,True,True,False,True,False,False,20250214_4FLfun1,True,True,True
448,False,False,False,False,False,False,False,False,False,False,20250214_4FLfun1,False,False,False
449,True,True,False,False,False,False,True,True,False,False,20250214_4FLfun1,True,True,False
450,False,False,False,False,False,False,False,False,False,False,20250214_4FLfun1,False,False,False
451,False,False,False,False,False,False,False,False,False,False,20250214_4FLfun1,False,False,False
452,False,False,False,False,False,False,False,False,False,False,20250214_4FLfun1,False,False,False
453,False,False,False,False,False,False,False,False,False,False,20250214_4FLfun1,False,False,False
454,False,False,False,False,False,False,False,False,False,False,20250214_4FLfun1,False,False,False
455,False,False,False,True,False,False,True,False,False,False,20250214_4FLfun1,True,False,True
456,False,False,False,False,False,False,False,False,False,False,20250214_4FLfun1,False,False,False
457,True,False,False,False,False,False,False,True,False,False,20250214_4FLfun1,False,False,False
458,False,False,False,False,False,False,False,False,False,False,20250214_4FLfun1,False,False,False
459,False,False,False,False,False,False,False,True,False,False,20250214_4FLfun1,False,False,False
460,False,False,False,False,False,False,False,False,False,False,20250214_4FLfun1,False,False,False
461,True,True,False,False,False,False,True,True,False,False,20250214_4FLfun1,True,True,False
462,False,False,False,False,False,False,False,False,False,False,20250214_4FLfun1,False,False,False
463,False,False,False,False,False,False,False,False,False,False,20250214_4FLfun1,False,False,False
464,True,False,True,True,False,False,False,False,False,False,20250214_4FLfun1,True,False,True
465,False,True,False,False,False,False,True,False,False,False,20250214_4FLfun1,True,True,False
466,False,False,True,True,False,False,False,False,False,False,20250214_4FLfun1,True,False,True
467,False,False,False,True,False,True,True,True,False,False,20250214_4FLfun1,True,True,True
468,False,False,False,False,False,False,False,False,False,False,20250214_4FLfun1,False,False,False
469,False,False,False,False,False,False,False,False,False,False,20250214_4FLfun1,False,False,False
470,False,False,False,False,False,False,False,False,False,False,20250214_4FLfun1,False,False,False
471,False,False,False,False,False,False,False,False,False,False,20250214_4FLfun1,False,False,False
472,False,False,False,True,False,False,True,True,False,False,20250214_4FLfun1,True,False,True
473,False,False,True,True,False,False,False,False,False,False,20250214_4FLfun1,True,False,True
474,False,False,True,False,False,False,False,False,False,False,20250214_4FLfun1,False,False,False
475,False,False,False,False,False,False,False,False,False,True,20250214_4FLfun1,False,False,False
476,False,False,False,True,False,False,False,False,False,False,20250214_4FLfun1,True,False,True
477,False,False,False,False,False,False,False,False,False,False,20250214_4FLfun1,False,False,False
478,False,False,False,False,False,False,False,False,False,False,20250214_4FLfun1,False,False,False
479,False,False,False,False,False,False,False,True,False,False,20250214_4FLfun1,False,False,False
480,False,False,False,False,False,False,False,True,False,False,20250214_4FLfun1,False,False,False
481,False,True,False,False,False,False,False,False,False,False,20250214_4FLfun1,True,True,False
482,True,True,False,False,False,False,False,False,False,False,20250214_4FLfun1,True,True,False
483,False,False,False,False,False,False,False,False,False,False,20250214_4FLfun1,False,False,False
484,False,False,False,False,False,False,False,False,False,False,20250214_4FLfun1,False,False,False
485,False,False,False,False,False,False,False,False,False,False,20250214_4FLfun1,False,False,False
486,False,False,False,False,False,False,False,False,False,False,20250214_4FLfun1,False,False,False
487,False,False,False,False,False,False,True,False,False,False,20250214_4FLfun1,False,False,False
488,False,True,False,True,True,False,True,True,True,False,20250214_4FLfun1,True,True,True
489,False,False,False,False,False,False,False,False,False,False,20250214_4FLfun1,False,False,False
490,True,True,False,True,False,False,True,False,False,False,20250214_4FLfun1,True,True,True
491,False,False,False,False,False,False,False,False,False,False,20250214_4FLfun1,False,False,False
492,False,False,False,False,False,False,False,True,False,False,20250214_4FLfun1,False,False,False
493,False,False,False,True,False,False,False,False,False,False,20250214_4FLfun1,True,False,True
494,True,True,False,False,False,False,True,True,False,False,20250214_4FLfun1,True,True,False
495,False,False,True,False,False,False,False,False,False,True,20250214_4FLfun1,False,False,False
496,False,False,False,True,False,False,True,False,False,False,20250214_4FLfun1,True,False,True
497,False,False,False,True,False,False,True,True,False,False,20250214_4FLfun1,True,False,True
498,False,False,False,False,False,False,False,False,False,False,20250214_4FLfun1,False,False,False
499,True,False,False,False,True,False,False,False,False,True,20250214_4FLfun1,False,False,False
500,False,False,False,False,False,False,False,False,False,False,20250214_4FLfun1,False,False,False
501,False,False,False,False,False,False,False,False,False,False,20250214_4FLfun1,False,False,False
502,False,False,False,True,False,False,True,False,False,False,20250214_4FLfun1,True,False,True
503,False,False,False,False,False,False,False,False,False,False,20250214_4FLfun1,False,False,False
504,False,False,False,True,False,False,False,False,False,False,20250214_4FLfun1,True,False,True
505,False,False,True,False,False,False,False,False,False,True,20250214_4FLfun1,False,False,False
506,False,False,False,False,False,False,False,True,False,False,20250214_4FLfun1,False,False,False
507,False,False,False,False,False,False,False,False,False,True,20250214_4FLfun1,False,False,False
508,False,False,False,False,True,True,False,True,True,False,20250214_4FLfun1,False,True,True
509,False,False,False,True,False,False,True,False,False,False,20250214_4FLfun1,True,False,True
510,False,False,False,False,False,False,False,False,False,False,20250214_4FLfun1,False,False,False
511,False,False,False,False,False,False,False,False,False,False,20250214_4FLfun1,False,False,False
512,False,False,False,False,False,True,False,True,False,False,20250214_4FLfun1,False,True,True
513,False,False,False,False,False,False,False,False,False,False,20250214_4FLfun1,False,False,False
514,False,False,False,False,False,False,False,False,True,False,20250214_4FLfun1,False,False,False
515,False,True,False,False,False,True,False,True,True,False,20250214_4FLfun1,True,True,True
516,False,False,False,False,False,False,False,False,False,False,20250214_4FLfun1,False,False,False
517,True,False,True,False,False,False,False,False,False,False,20250214_4FLfun1,False,False,False
518,True,False,False,True,False,False,True,False,False,False,20250214_4FLfun1,True,False,True
519,False,False,False,False,False,False,False,False,False,False,20250214_4FLfun1,False,False,False
520,False,False,False,True,False,False,False,False,False,False,20250214_4FLfun1,True,False,True
521,False,False,False,True,False,False,False,False,False,False,20250214_4FLfun1,True,False,True
522,False,False,False,True,False,False,True,False,False,False,20250214_4FLfun1,True,False,True
523,False,False,False,False,False,False,False,False,False,False,20250214_4FLfun1,False,False,False
524,False,False,False,False,False,False,False,False,False,False,20250214_4FLfun1,False,False,False
525,False,False,False,False,False,False,False,False,False,False,20250214_4FLfun1,False,False,False
526,False,False,False,False,False,False,False,False,False,False,20250214_4FLfun1,False,False,False
527,False,False,False,False,False,False,False,False,False,False,20250214_4FLfun1,False,False,False
528,False,False,False,False,False,False,False,True,False,False,20250214_4FLfun1,False,False,False
529,False,False,False,False,False,False,False,False,False,False,20250214_4FLfun1,False,False,False
530,False,False,False,False,False,False,False,False,False,False,20250214_4FLfun1,False,False,False
531,False,False,False,True,False,False,True,False,True,False,20250214_4FLfun1,True,False,True
532,False,False,False,False,False,False,False,False,False,False,20250214_4FLfun1,False,False,False
533,True,True,False,False,False,False,True,True,False,True,20250214_4FLfun1,True,True,False
534,False,False,False,False,False,False,False,False,False,False,20250214_4FLfun1,False,False,False
535,False,False,False,False,False,False,False,False,False,False,20250214_4FLfun1,False,False,False
536,False,False,False,False,False,False,False,False,False,False,20250214_4FLfun1,False,False,False
537,False,False,False,False,True,True,False,True,False,False,20250214_4FLfun1,False,True,True
538,False,True,False,False,False,False,True,True,False,False,20250214_4FLfun1,True,True,False
539,False,False,False,False,False,False,False,False,False,False,20250214_4FLfun1,False,False,False
540,False,False,False,True,False,False,True,False,True,False,20250214_4FLfun1,True,False,True
541,False,False,False,False,False,False,False,False,False,False,20250214_4FLfun1,False,False,False
542,False,False,False,False,False,False,False,False,False,False,20250214_4FLfun1,False,False,False
543,False,False,False,False,False,False,True,False,False,False,20250214_4FLfun1,False,False,False
544,False,True,False,False,False,False,True,True,False,False,20250214_4FLfun1,True,True,False
545,False,False,False,False,False,False,False,False,False,False,20250214_4FLfun1,False,False,False
546,False,False,False,True,False,False,True,False,False,False,20250214_4FLfun1,True,False,True
547,True,True,False,False,False,False,True,True,False,False,20250214_4FLfun1,True,True,False
548,True,False,False,False,False,False,False,True,False,False,20250214_4FLfun1,False,False,False
549,False,True,False,False,False,False,True,True,False,False,20250214_4FLfun1,True,True,False
550,False,False,False,False,False,True,False,False,False,False,20250214_4FLfun1,False,True,True
551,True,True,False,False,False,False,True,True,False,False,20250214_4FLfun1,True,True,False
552,True,True,False,False,False,False,False,False,False,False,20250214_4FLfun1,True,True,False
553,True,False,False,False,False,False,False,False,False,False,20250214_4FLfun1,False,False,False
554,True,True,False,False,True,True,True,False,False,True,20250214_4FLfun1,True,True,True
555,True,True,False,False,False,False,True,True,False,False,20250214_4FLfun1,True,True,False
556,False,False,False,False,True,True,False,True,True,False,20250214_4FLfun1,False,True,True
557,False,False,False,False,False,False,False,False,False,False,20250214_4FLfun1,False,False,False
558,False,False,False,False,False,False,False,False,False,False,20250214_4FLfun1,False,False,False
559,False,True,False,False,False,False,False,True,False,False,20250214_4FLfun1,True,True,False
560,True,True,False,False,False,False,True,True,False,False,20250214_4FLfun1,True,True,False
561,False,False,False,False,False,False,False,False,False,False,20250214_4FLfun1,False,False,False
562,True,True,False,False,False,False,True,True,False,False,20250214_4FLfun1,True,True,False
563,False,False,False,False,False,True,False,True,False,False,20250214_4FLfun1,False,True,True
564,False,False,False,False,False,False,False,False,False,False,20250214_4FLfun1,False,False,False
565,False,False,False,False,False,False,False,False,False,False,20250214_4FLfun1,False,False,False
566,False,False,False,False,False,False,False,False,False,False,20250214_4FLfun1,False,False,False
567,True,True,False,False,False,False,True,True,False,False,20250214_4FLfun1,True,True,False
568,False,False,False,False,False,False,False,False,False,False,20250214_4FLfun1,False,False,False
569,False,False,False,False,False,False,False,False,False,False,20250214_4FLfun1,False,False,False
570,False,False,False,False,False,False,False,False,False,False,20250214_4FLfun1,False,False,False
571,False,False,False,False,False,False,False,False,False,False,20250214_4FLfun1,False,False,False
572,False,False,False,True,False,False,True,False,False,False,20250214_4FLfun1,True,False,True
573,False,False,False,False,False,False,False,False,False,False,20250214_4FLfun1,False,False,False
574,False,False,False,False,False,False,False,False,False,False,20250214_4FLfun1,False,False,False
575,False,False,False,True,True,True,False,True,True,False,20250214_4FLfun1,True,True,True
576,False,False,False,False,False,False,False,False,False,False,20250214_4FLfun1,False,False,False
577,False,False,False,True,False,False,True,False,True,False,20250214_4FLfun1,True,False,True
578,False,False,False,False,False,False,False,False,False,False,20250214_4FLfun1,False,False,False
579,False,False,False,False,True,True,False,True,False,False,20250214_4FLfun1,False,True,True
580,False,False,False,False,False,False,False,False,False,False,20250214_4FLfun1,False,False,False
581,False,False,False,False,False,False,False,False,False,False,20250214_4FLfun1,False,False,False
582,False,False,False,False,False,False,False,False,False,False,20250214_4FLfun1,False,False,False
583,False,True,False,True,True,False,True,True,True,False,20250214_4FLfun1,True,True,True
584,False,False,False,False,False,False,False,False,False,False,20250214_4FLfun1,False,False,False
585,False,False,False,False,False,True,False,True,False,False,20250214_4FLfun1,False,True,True
586,False,False,False,False,True,True,False,False,False,False,20250214_4FLfun1,False,True,True
587,True,True,False,False,False,False,True,False,False,False,20250214_4FLfun1,True,True,False
588,False,False,False,False,True,True,False,True,False,False,20250214_4FLfun1,False,True,True
589,False,False,False,False,False,False,False,False,False,False,20250214_4FLfun1,False,False,False
590,False,False,False,True,False,False,False,False,False,False,20250214_4FLfun1,True,False,True
591,False,False,False,False,False,False,False,False,False,False,20250214_4FLfun1,False,False,False
592,False,False,False,False,False,False,False,True,True,False,20250214_4FLfun1,False,False,False
593,False,False,False,False,True,True,False,True,False,False,20250214_4FLfun1,False,True,True
594,False,False,False,False,False,False,False,False,False,True,20250214_4FLfun1,False,False,False
595,False,True,False,False,False,False,True,False,False,False,20250214_4FLfun1,True,True,False
596,False,False,False,True,False,False,True,False,False,False,20250214_4FLfun1,True,False,True
597,False,True,False,False,False,False,True,True,False,False,20250214_4FLfun1,True,True,False
598,False,False,False,False,False,False,False,False,False,False,20250214_4FLfun1,False,False,False
599,False,False,False,False,False,False,False,False,False,False,20250214_4FLfun1,False,False,False
600,False,False,False,False,False,False,False,False,False,False,20250214_4FLfun1,False,False,False
601,False,False,False,False,False,False,False,False,False,False,20250214_4FLfun1,False,False,False
602,False,False,False,False,False,False,False,False,False,False,20250214_4FLfun1,False,False,False
603,False,True,False,True,False,False,True,False,False,False,20250214_4FLfun1,True,True,True
604,False,True,False,False,False,False,False,False,False,True,20250214_4FLfun1,True,True,False
605,True,True,False,False,False,False,True,True,False,False,20250214_4FLfun1,True,True,False
606,True,False,True,False,True,False,False,False,False,True,20250214_4FLfun1,False,False,False
607,False,False,False,True,False,False,True,True,False,False,20250214_4FLfun1,True,False,True
608,False,False,False,False,False,False,False,False,False,False,20250214_4FLfun1,False,False,False
609,False,False,False,True,False,False,False,False,False,False,20250214_4FLfun1,True,False,True
610,False,False,False,True,False,False,True,False,False,False,20250214_4FLfun1,True,False,True
611,False,False,False,True,False,False,True,False,False,False,20250214_4FLfun1,True,False,True
612,False,False,False,False,False,False,False,False,False,False,20250214_4FLfun1,False,False,False
613,False,False,False,False,False,True,False,True,True,False,20250214_4FLfun1,False,True,True
614,False,False,False,False,False,False,True,False,False,False,20250214_4FLfun1,False,False,False
615,False,False,True,False,False,False,False,False,False,True,20250214_4FLfun1,False,False,False
616,False,False,False,False,False,True,False,True,False,False,20250214_4FLfun1,False,True,True
617,False,False,False,False,False,False,False,False,False,False,20250214_4FLfun1,False,False,False
618,False,False,False,False,False,False,False,False,False,False,20250214_4FLfun1,False,False,False
619,False,False,False,False,False,False,False,False,False,False,20250214_4FLfun1,False,False,False
620,False,True,False,False,True,True,True,True,True,False,20250214_4FLfun1,True,True,True
621,True,True,False,False,False,False,True,True,False,False,20250214_4FLfun1,True,True,False
622,False,False,False,False,False,False,False,False,False,False,20250214_4FLfun1,False,False,False
623,False,False,True,True,False,False,True,False,True,False,20250214_4FLfun1,True,False,True
624,False,False,False,False,False,False,False,False,False,False,20250214_4FLfun1,False,False,False
625,False,False,False,False,False,False,False,False,False,False,20250214_4FLfun1,False,False,False
626,False,False,False,False,False,False,False,False,False,False,20250214_4FLfun1,False,False,False
627,False,False,False,False,False,False,False,False,False,False,20250214_4FLfun1,False,False,False
628,False,False,False,True,False,False,True,False,False,False,20250214_4FLfun1,True,False,True
629,False,False,False,False,False,False,False,False,False,False,20250214_4FLfun1,False,False,False
630,False,False,False,True,False,False,True,False,True,False,20250214_4FLfun1,True,False,True
631,False,False,False,False,False,False,False,False,False,False,20250214_4FLfun1,False,False,False
632,False,True,True,True,False,False,True,False,False,False,20250214_4FLfun1,True,True,True
633,False,False,False,True,False,False,True,False,False,False,20250214_4FLfun1,True,False,True
634,False,False,False,False,False,False,False,False,False,False,20250214_4FLfun1,False,False,False
635,False,True,False,False,False,False,False,False,False,True,20250214_4FLfun1,True,True,False
636,False,False,False,False,False,False,False,False,False,False,20250214_4FLfun1,False,False,False
637,False,False,False,False,False,False,False,False,False,False,20250214_4FLfun1,False,False,False
638,False,False,False,False,False,False,False,False,False,False,20250214_4FLfun1,False,False,False
639,False,False,False,False,True,True,False,True,False,False,20250214_4FLfun1,False,True,True
640,False,False,False,False,False,False,True,True,False,False,20250214_4FLfun1,False,False,False
641,True,True,False,False,False,False,False,False,False,False,20250214_4FLfun1,True,True,False
642,False,False,False,False,True,True,False,True,False,False,20250214_4FLfun1,False,True,True
643,False,False,False,False,False,False,False,False,False,False,20250214_4FLfun1,False,False,False
644,False,False,True,False,False,False,False,False,False,False,20250214_4FLfun1,False,False,False
645,False,False,False,False,False,False,False,False,False,False,20250214_4FLfun1,False,False,False
646,True,False,False,True,True,False,False,True,False,False,20250214_4FLfun1,True,False,True
647,False,False,False,False,False,True,False,True,False,False,20250214_4FLfun1,False,True,True
648,False,False,False,False,False,False,False,False,False,False,20250214_4FLfun1,False,False,False
649,False,False,False,False,False,False,False,False,False,False,20250214_4FLfun1,False,False,False
650,False,False,False,True,False,False,True,False,False,False,20250214_4FLfun1,True,False,True
651,False,False,False,False,False,False,True,False,False,False,20250214_4FLfun1,False,False,False
652,False,False,False,False,False,False,False,False,False,False,20250214_4FLfun1,False,False,False
653,False,False,False,False,False,False,False,False,False,False,20250214_4FLfun1,False,False,False
654,False,False,False,False,False,False,False,False,False,False,20250214_4FLfun1,False,False,False
655,False,False,False,False,False,False,False,False,False,False,20250214_4FLfun1,False,False,False
656,False,False,False,False,False,False,False,True,False,False,20250214_4FLfun1,False,False,False
657,False,False,False,False,False,False,False,False,False,False,20250214_4FLfun1,False,False,False
658,False,False,False,False,False,False,False,False,False,False,20250214_4FLfun1,False,False,False
659,False,False,False,False,False,False,False,False,False,False,20250214_4FLfun1,False,False,False
660,True,False,False,False,False,False,False,False,False,False,20250214_4FLfun1,False,False,False
661,False,False,False,False,False,False,False,False,False,False,20250214_4FLfun1,False,False,False
662,True,True,False,True,False,False,True,True,False,False,20250214_4FLfun1,True,True,True
663,False,False,False,False,False,False,False,False,False,False,20250214_4FLfun1,False,False,False
664,True,True,False,False,False,False,True,True,False,False,20250214_4FLfun1,True,True,False
665,False,False,False,False,False,False,False,False,False,False,20250214_4FLfun1,False,False,False
666,False,False,False,False,False,False,False,False,False,False,20250214_4FLfun1,False,False,False
667,True,False,True,False,False,False,False,False,False,False,20250214_4FLfun1,False,False,False
668,True,False,False,False,False,False,False,False,False,False,20250214_4FLfun1,False,False,False
669,False,False,False,False,False,True,False,True,False,False,20250214_4FLfun1,False,True,True
670,False,True,False,True,True,False,True,False,False,True,20250214_4FLfun1,True,True,True
671,False,False,False,True,True,False,False,False,False,False,20250214_4FLfun1,True,False,True
672,False,False,False,False,False,False,False,False,False,False,20250214_4FLfun1,False,False,False
673,False,False,False,False,True,True,False,True,True,False,20250214_4FLfun1,False,True,True
674,False,False,False,True,False,False,True,False,True,False,20250214_4FLfun1,True,False,True
675,False,False,False,False,False,False,False,False,False,False,20250214_4FLfun1,False,False,False
676,False,False,False,False,True,True,False,True,True,False,20250214_4FLfun1,False,True,True
677,True,True,False,False,False,False,True,True,False,False,20250214_4FLfun1,True,True,False
678,False,False,False,False,False,False,False,False,False,False,20250214_4FLfun1,False,False,False
679,False,False,False,False,False,False,False,False,False,False,20250214_4FLfun1,False,False,False
680,False,False,False,False,True,True,False,True,False,False,20250214_4FLfun1,False,True,True
681,False,False,False,False,False,False,False,False,False,False,20250214_4FLfun1,False,False,False
682,False,False,False,False,False,False,False,False,False,False,20250214_4FLfun1,False,False,False
683,False,False,False,False,False,False,False,False,False,False,20250214_4FLfun1,False,False,False
684,False,False,False,False,False,False,False,False,False,False,20250214_4FLfun1,False,False,False
685,False,False,False,False,False,False,False,False,False,False,20250214_4FLfun1,False,False,False
686,False,False,False,False,False,False,False,False,False,False,20250214_4FLfun1,False,False,False
687,False,False,False,False,False,False,False,False,False,False,20250214_4FLfun1,False,False,False
688,False,False,False,False,False,False,False,False,False,False,20250214_4FLfun1,False,False,False
689,False,False,False,True,True,True,False,True,True,False,20250214_4FLfun1,True,True,True
690,False,False,False,False,False,False,False,False,False,False,20250214_4FLfun1,False,False,False
691,False,False,False,False,True,True,False,True,False,False,20250214_4FLfun1,False,True,True
692,False,False,True,True,False,False,True,False,False,False,20250214_4FLfun1,True,False,True
693,False,False,False,False,False,False,False,False,False,False,20250214_4FLfun1,False,False,False
694,False,False,False,False,False,False,False,False,True,False,20250214_4FLfun1,False,False,False
695,False,False,False,False,False,False,False,False,False,False,20250214_4FLfun1,False,False,False
696,False,False,False,True,True,True,True,True,True,False,20250214_4FLfun1,True,True,True
697,False,True,False,False,False,False,True,True,False,False,20250214_4FLfun1,True,True,False
698,True,True,False,False,False,False,True,True,False,False,20250214_4FLfun1,True,True,False
699,False,False,False,False,True,True,False,True,False,False,20250214_4FLfun1,False,True,True
700,False,False,False,False,False,False,False,False,False,False,20250214_4FLfun1,False,False,False
701,False,False,False,False,False,False,False,False,False,False,20250214_4FLfun1,False,False,False
702,True,True,False,False,False,False,True,True,False,False,20250214_4FLfun1,True,True,False
703,False,False,False,False,False,False,False,False,False,False,20250214_4FLfun1,False,False,False
704,False,False,False,True,False,False,True,True,False,False,20250214_4FLfun1,True,False,True
705,False,False,False,True,False,False,True,False,False,False,20250214_4FLfun1,True,False,True
706,False,False,False,False,True,False,False,False,False,False,20250214_4FLfun1,False,False,False
707,False,False,False,False,True,True,False,True,False,False,20250214_4FLfun1,False,True,True
708,False,False,False,True,False,False,True,False,False,False,20250214_4FLfun1,True,False,True
709,False,False,False,False,False,False,False,False,False,False,20250214_4FLfun1,False,False,False
710,False,True,False,False,False,False,True,False,False,False,20250214_4FLfun1,True,True,False
711,False,True,False,False,False,False,True,True,False,False,20250214_4FLfun1,True,True,False
712,False,False,False,False,False,False,False,False,False,False,20250214_4FLfun1,False,False,False
713,False,False,False,False,False,False,False,False,False,False,20250214_4FLfun1,False,False,False
714,False,False,False,False,False,False,False,False,False,False,20250214_4FLfun1,False,False,False
715,False,False,False,True,False,False,True,False,False,False,20250214_4FLfun1,True,False,True
716,False,False,False,False,False,False,False,True,False,False,20250214_4FLfun1,False,False,False
717,False,True,False,False,False,False,True,False,False,False,20250214_4FLfun1,True,True,False
718,False,False,False,False,False,False,False,False,False,False,20250214_4FLfun1,False,False,False
719,True,True,False,False,False,False,False,True,False,False,20250214_4FLfun1,True,True,False
720,False,False,False,False,True,True,False,False,False,False,20250214_4FLfun1,False,True,True
721,False,False,False,True,False,False,False,False,False,False,20250214_4FLfun1,True,False,True
722,False,False,True,False,False,False,False,False,False,True,20250214_4FLfun1,False,False,False
723,False,False,False,False,False,False,True,True,False,False,20250214_4FLfun1,False,False,False
724,False,False,False,False,False,False,False,False,False,False,20250214_4FLfun1,False,False,False
725,True,True,False,False,False,False,True,True,False,False,20250214_4FLfun1,True,True,False
726,False,False,False,False,False,False,False,False,False,False,20250214_4FLfun1,False,False,False
727,False,False,False,True,False,False,True,False,True,False,20250214_4FLfun1,True,False,True
728,False,False,True,True,False,False,True,False,False,False,20250214_4FLfun1,True,False,True
729,False,False,False,False,False,False,False,False,False,False,20250214_4FLfun1,False,False,False
730,True,False,False,False,False,False,True,False,False,False,20250214_4FLfun1,False,False,False
731,False,False,False,False,False,True,False,True,False,False,20250214_4FLfun1,False,True,True
732,False,False,False,False,False,False,False,False,False,False,20250214_4FLfun1,False,False,False
733,False,False,False,True,False,False,False,False,False,False,20250214_4FLfun1,True,False,True
734,False,False,False,False,False,False,False,False,False,False,20250214_4FLfun1,False,False,False
735,False,False,False,True,False,False,True,False,False,False,20250214_4FLfun1,True,False,True
736,False,True,False,False,False,False,True,True,False,False,20250214_4FLfun1,True,True,False
737,False,False,False,False,False,False,False,True,True,False,20250214_4FLfun1,False,False,False
738,False,False,False,True,False,False,False,False,False,False,20250214_4FLfun1,True,False,True
739,True,True,False,False,False,False,True,True,False,False,20250214_4FLfun1,True,True,False
740,False,False,False,False,False,False,False,False,False,False,20250214_4FLfun1,False,False,False
741,False,True,False,False,False,False,True,True,False,False,20250214_4FLfun1,True,True,False
742,False,False,False,False,False,False,False,False,False,False,20250214_4FLfun1,False,False,False
743,False,False,True,True,False,False,True,False,True,False,20250214_4FLfun1,True,False,True
744,True,False,False,False,False,False,False,False,False,False,20250214_4FLfun1,False,False,False
745,False,False,False,False,False,False,False,False,False,False,20250214_4FLfun1,False,False,False
746,True,True,False,False,False,False,True,True,False,False,20250214_4FLfun1,True,True,False
747,False,False,True,False,False,False,False,False,False,False,20250214_4FLfun1,False,False,False
748,False,False,False,False,False,False,False,False,False,False,20250214_4FLfun1,False,False,False
749,False,False,False,True,False,False,True,True,False,False,20250214_4FLfun1,True,False,True
750,False,True,False,False,False,False,True,False,False,False,20250214_4FLfun1,True,True,False
751,False,False,False,True,False,False,True,False,True,False,20250214_4FLfun1,True,False,True
752,False,False,False,False,False,False,False,False,False,False,20250214_4FLfun1,False,False,False
753,False,False,False,True,False,False,True,False,False,False,20250214_4FLfun1,True,False,True
754,False,False,False,False,False,False,False,False,False,False,20250214_4FLfun1,False,False,False
755,False,False,False,True,False,False,True,False,False,False,20250214_4FLfun1,True,False,True
756,False,False,False,False,False,False,False,False,False,False,20250214_4FLfun1,False,False,False
757,False,False,False,False,False,False,False,False,False,False,20250214_4FLfun1,False,False,False
758,False,False,False,False,False,False,False,False,False,False,20250214_4FLfun1,False,False,False
759,False,False,False,False,False,False,False,False,False,False,20250214_4FLfun1,False,False,False
760,False,False,False,False,False,False,False,False,False,False,20250214_4FLfun1,False,False,False
761,False,False,False,False,False,False,False,True,False,False,20250214_4FLfun1,False,False,False
762,False,False,False,False,False,False,False,False,False,False,20250214_4FLfun1,False,False,False
763,False,False,False,False,False,False,False,False,False,False,20250214_4FLfun1,False,False,False
764,False,False,False,False,False,False,False,False,False,False,20250214_4FLfun1,False,False,False
765,False,False,False,True,False,False,True,False,False,False,20250214_4FLfun1,True,False,True
766,False,False,False,False,False,False,False,False,False,False,20250214_4FLfun1,False,False,False
767,False,False,False,False,False,False,False,False,False,False,20250214_4FLfun1,False,False,False
768,False,False,False,False,False,False,True,False,False,False,20250214_4FLfun1,False,False,False
769,False,False,False,False,False,False,True,False,False,False,20250214_4FLfun1,False,False,False
770,False,False,False,False,False,False,True,False,False,False,20250214_4FLfun1,False,False,False
771,False,False,False,False,False,False,False,False,False,False,20250214_4FLfun1,False,False,False
772,False,False,False,False,False,False,False,False,False,False,20250214_4FLfun1,False,False,False
773,False,False,False,False,False,False,True,False,False,False,20250214_4FLfun1,False,False,False
774,False,False,False,True,False,False,True,True,False,False,20250214_4FLfun1,True,False,True
775,False,False,False,False,False,False,False,False,False,False,20250214_4FLfun1,False,False,False
776,False,False,False,False,False,False,False,False,False,False,20250214_4FLfun1,False,False,False
777,False,False,False,False,False,False,False,False,False,False,20250214_4FLfun1,False,False,False
778,True,True,False,False,False,False,True,True,False,False,20250214_4FLfun1,True,True,False
779,False,False,False,False,False,False,False,False,False,False,20250214_4FLfun1,False,False,False
780,False,False,False,False,False,False,False,True,False,False,20250214_4FLfun1,False,False,False
781,False,False,False,False,False,False,False,False,False,False,20250214_4FLfun1,False,False,False
782,False,False,False,False,False,False,False,False,False,False,20250214_4FLfun1,False,False,False
783,False,False,False,False,True,True,False,True,False,False,20250214_4FLfun1,False,True,True
784,True,False,False,False,False,False,False,False,False,False,20250214_4FLfun1,False,False,False
785,False,False,False,False,False,False,False,False,False,False,20250214_4FLfun1,False,False,False
786,False,True,True,True,False,False,True,True,True,False,20250214_4FLfun1,True,True,True
787,False,False,False,False,False,False,False,False,False,False,20250214_4FLfun1,False,False,False
788,False,True,False,False,True,True,True,True,False,False,20250214_4FLfun1,True,True,True
789,False,False,False,False,False,False,False,False,False,False,20250214_4FLfun1,False,False,False
790,False,False,False,False,False,True,False,True,False,False,20250214_4FLfun1,False,True,True
791,False,False,False,False,False,False,False,False,False,False,20250214_4FLfun1,False,False,False
792,False,False,False,False,False,False,False,False,False,False,20250214_4FLfun1,False,False,False
793,True,True,False,False,False,False,True,True,False,False,20250214_4FLfun1,True,True,False
794,True,False,False,False,False,False,True,True,False,False,20250214_4FLfun1,False,False,False
795,False,False,False,False,False,False,False,False,False,False,20250214_4FLfun1,False,False,False
796,False,False,False,False,False,True,False,True,False,False,20250214_4FLfun1,False,True,True
797,True,False,True,False,False,False,False,False,False,False,20250214_4FLfun1,False,False,False
798,False,False,False,False,False,False,False,False,False,False,20250214_4FLfun1,False,False,False
799,False,False,False,True,False,False,True,False,False,True,20250214_4FLfun1,True,False,True
800,False,True,False,False,False,False,True,True,False,False,20250214_4FLfun1,True,True,False
801,False,False,False,False,False,False,False,False,False,False,20250214_4FLfun1,False,False,False
802,False,False,False,True,False,False,True,True,True,False,20250214_4FLfun1,True,False,True
803,False,False,False,False,False,False,False,False,False,False,20250214_4FLfun1,False,False,False
804,False,False,False,False,False,False,False,False,False,False,20250214_4FLfun1,False,False,False
805,True,True,False,False,False,False,True,True,False,False,20250214_4FLfun1,True,True,False
806,False,False,False,False,False,False,True,False,False,False,20250214_4FLfun1,False,False,False
807,False,False,False,False,False,False,False,False,False,False,20250214_4FLfun1,False,False,False
808,False,False,False,False,False,False,False,False,False,False,20250214_4FLfun1,False,False,False
809,False,False,False,False,False,False,False,False,False,False,20250214_4FLfun1,False,False,False
810,True,False,False,False,False,False,False,False,False,False,20250214_4FLfun1,False,False,False
811,False,True,False,False,False,False,True,False,False,False,20250214_4FLfun1,True,True,False
812,False,False,False,False,False,False,False,False,False,False,20250214_4FLfun1,False,False,False
813,False,False,False,False,True,True,False,True,True,False,20250214_4FLfun1,False,True,True
814,False,False,False,False,False,False,False,False,False,False,20250214_4FLfun1,False,False,False
815,False,False,False,False,False,False,False,False,False,False,20250214_4FLfun1,False,False,False
816,False,False,False,False,False,False,False,False,False,False,20250214_4FLfun1,False,False,False
817,False,False,False,False,True,True,False,True,False,False,20250214_4FLfun1,False,True,True
818,False,False,False,False,False,False,False,False,False,False,20250214_4FLfun1,False,False,False
819,True,True,False,False,False,False,True,True,False,False,20250214_4FLfun1,True,True,False
820,False,False,False,False,False,False,False,False,False,False,20250214_4FLfun1,False,False,False
821,False,False,False,False,False,True,False,True,False,False,20250214_4FLfun1,False,True,True
822,False,False,False,False,False,False,False,False,False,False,20250214_4FLfun1,False,False,False
823,False,False,False,False,True,True,False,True,False,False,20250214_4FLfun1,False,True,True
824,True,True,False,False,False,False,True,True,False,False,20250214_4FLfun1,True,True,False
825,False,False,True,True,False,False,True,False,False,False,20250214_4FLfun1,True,False,True
826,False,False,False,False,False,False,False,False,False,False,20250214_4FLfun1,False,False,False
827,False,False,False,False,False,False,False,True,False,False,20250214_4FLfun1,False,False,False
828,True,True,False,False,False,False,True,True,False,False,20250214_4FLfun1,True,True,False
829,False,False,False,False,False,False,False,False,False,False,20250214_4FLfun1,False,False,False
830,False,False,False,True,False,False,True,False,False,False,20250214_4FLfun1,True,False,True
831,False,False,False,False,False,False,False,False,False,False,20250214_4FLfun1,False,False,False
832,False,True,False,False,False,False,False,True,False,False,20250214_4FLfun1,True,True,False
833,True,True,False,False,False,False,True,True,False,False,20250214_4FLfun1,True,True,False
834,False,False,False,True,False,False,True,False,False,False,20250214_4FLfun1,True,False,True
835,False,False,False,False,False,False,False,False,False,False,20250214_4FLfun1,False,False,False
836,False,False,False,True,False,False,True,False,False,False,20250214_4FLfun1,True,False,True
837,False,False,False,True,True,True,True,True,False,False,20250214_4FLfun1,True,True,True
838,False,False,False,False,False,False,False,False,False,False,20250214_4FLfun1,False,False,False
839,False,False,False,True,False,False,False,False,False,False,20250214_4FLfun1,True,False,True
840,False,False,False,False,False,False,False,False,False,False,20250214_4FLfun1,False,False,False
841,False,True,False,False,False,False,True,False,False,False,20250214_4FLfun1,True,True,False
842,False,False,False,False,False,False,True,False,False,False,20250214_4FLfun1,False,False,False
843,False,False,False,False,True,True,False,False,True,False,20250214_4FLfun1,False,True,True
844,False,False,False,False,False,False,False,False,False,False,20250214_4FLfun1,False,False,False
845,True,True,False,False,False,False,False,False,False,False,20250214_4FLfun1,True,True,False
846,False,False,False,False,False,False,False,False,False,False,20250214_4FLfun1,False,False,False
847,False,False,False,False,False,False,True,False,False,False,20250214_4FLfun1,False,False,False
848,False,False,False,False,True,True,False,True,False,False,20250214_4FLfun1,False,True,True
849,False,False,False,True,False,False,False,True,False,False,20250214_4FLfun1,True,False,True
850,False,False,False,False,True,True,False,True,False,False,20250214_4FLfun1,False,True,True
851,False,False,False,False,False,False,True,False,False,False,20250214_4FLfun1,False,False,False
852,True,True,False,False,False,False,True,True,False,False,20250214_4FLfun1,True,True,False
853,False,False,False,False,False,False,False,False,False,False,20250214_4FLfun1,False,False,False
854,True,True,False,False,False,False,True,True,False,False,20250214_4FLfun1,True,True,False
855,False,True,False,True,False,False,True,False,False,False,20250214_4FLfun1,True,True,True
856,False,True,False,False,False,False,True,True,False,False,20250214_4FLfun1,True,True,False
857,True,False,True,False,False,False,False,False,False,True,20250214_4FLfun1,False,False,False
858,False,False,False,False,False,False,False,False,False,False,20250214_4FLfun1,False,False,False
859,True,True,False,False,False,False,True,True,False,False,20250214_4FLfun1,True,True,False
860,True,False,False,False,False,False,False,False,False,False,20250214_4FLfun1,False,False,False
861,False,False,False,True,False,False,True,False,False,False,20250214_4FLfun1,True,False,True
862,False,False,False,False,False,False,False,False,False,False,20250214_4FLfun1,False,False,False
863,False,False,False,False,False,False,False,False,False,False,20250214_4FLfun1,False,False,False
864,False,False,False,False,False,False,True,False,False,False,20250214_4FLfun1,False,False,False
865,False,False,False,False,False,False,False,False,False,False,20250214_4FLfun1,False,False,False
866,False,False,False,False,False,False,False,False,False,False,20250214_4FLfun1,False,False,False
867,False,False,False,True,False,False,True,False,False,False,20250214_4FLfun1,True,False,True
868,False,False,False,True,False,False,False,False,False,False,20250214_4FLfun1,True,False,True
869,False,False,False,False,False,False,False,False,False,False,20250214_4FLfun1,False,False,False
870,False,False,False,False,False,False,False,False,False,False,20250214_4FLfun1,False,False,False
871,True,True,False,False,False,False,False,False,False,False,20250214_4FLfun1,True,True,False
872,False,False,False,False,False,False,False,False,False,False,20250214_4FLfun1,False,False,False
873,False,False,False,False,False,False,False,False,False,False,20250214_4FLfun1,False,False,False
874,False,False,False,False,False,False,False,False,False,False,20250214_4FLfun1,False,False,False
875,False,False,False,False,False,False,False,False,False,False,20250214_4FLfun1,False,False,False
876,False,False,False,True,False,False,True,False,False,False,20250214_4FLfun1,True,False,True
877,False,False,False,False,True,False,False,False,False,False,20250214_4FLfun1,False,False,False
878,True,False,False,False,False,False,True,False,False,False,20250214_4FLfun1,False,False,False
879,False,False,False,False,False,False,False,False,False,False,20250214_4FLfun1,False,False,False
880,False,False,False,False,False,False,False,False,False,False,20250214_4FLfun1,False,False,False
881,False,False,False,False,False,False,False,False,False,False,20250214_4FLfun1,False,False,False
882,False,False,False,False,False,False,False,False,False,False,20250214_4FLfun1,False,False,False
883,False,False,False,False,False,False,False,False,False,False,20250214_4FLfun1,False,False,False
884,False,True,False,False,False,False,True,True,False,False,20250214_4FLfun1,True,True,False
885,False,False,False,True,False,False,True,True,False,False,20250214_4FLfun1,True,False,True
886,False,False,False,False,False,False,False,False,False,False,20250214_4FLfun1,False,False,False
887,True,True,False,False,False,False,False,True,False,False,20250214_4FLfun1,True,True,False
888,False,False,False,False,False,False,False,False,False,False,20250214_4FLfun1,False,False,False
889,False,False,True,False,True,True,False,False,False,True,20250214_4FLfun1,False,True,True
890,True,True,False,False,False,False,True,True,False,False,20250214_4FLfun1,True,True,False
891,False,False,False,False,False,False,False,False,False,False,20250214_4FLfun1,False,False,False
892,False,False,False,False,False,False,False,False,False,False,20250214_4FLfun1,False,False,False
893,False,False,False,False,True,True,False,True,True,False,20250214_4FLfun1,False,True,True
894,False,False,False,False,False,False,False,False,False,False,20250214_4FLfun1,False,False,False
895,False,False,False,False,False,False,False,True,False,False,20250214_4FLfun1,False,False,False
896,False,False,False,False,True,True,False,True,True,False,20250214_4FLfun1,False,True,True
897,False,False,False,False,False,False,False,False,False,False,20250214_4FLfun1,False,False,False
898,False,False,False,False,True,True,False,True,False,False,20250214_4FLfun1,False,True,True
899,False,False,False,False,False,False,False,False,False,False,20250214_4FLfun1,False,False,False
900,False,False,False,False,True,True,False,True,False,False,20250214_4FLfun1,False,True,True
901,True,True,False,False,False,False,True,True,False,False,20250214_4FLfun1,True,True,False
902,False,False,False,False,True,True,False,True,False,False,20250214_4FLfun1,False,True,True
903,False,False,False,False,False,False,False,False,False,False,20250214_4FLfun1,False,False,False
904,False,False,False,False,False,False,False,False,False,False,20250214_4FLfun1,False,False,False
905,False,False,True,True,True,False,True,True,True,False,20250214_4FLfun1,True,False,True
906,False,False,False,False,False,False,False,False,False,False,20250214_4FLfun1,False,False,False
907,False,True,False,False,False,False,True,True,False,False,20250214_4FLfun1,True,True,False
908,False,False,False,False,False,False,False,True,False,False,20250214_4FLfun1,False,False,False
909,False,True,False,False,True,True,True,True,False,False,20250214_4FLfun1,True,True,True
910,False,False,False,False,False,False,False,True,False,False,20250214_4FLfun1,False,False,False
911,True,True,False,False,False,False,False,False,False,False,20250214_4FLfun1,True,True,False
912,False,False,False,False,False,False,False,False,False,False,20250214_4FLfun1,False,False,False
913,False,False,False,False,False,False,False,False,False,False,20250214_4FLfun1,False,False,False
914,True,True,False,False,False,False,True,True,False,False,20250214_4FLfun1,True,True,False
915,True,False,True,False,False,False,False,False,False,False,20250214_4FLfun1,False,False,False
916,False,False,False,False,False,False,False,False,False,False,20250214_4FLfun1,False,False,False
917,False,False,False,False,False,False,False,False,False,False,20250214_4FLfun1,False,False,False
918,False,False,False,False,False,True,False,True,False,False,20250214_4FLfun1,False,True,True
919,True,True,False,False,False,False,True,True,False,False,20250214_4FLfun1,True,True,False
920,False,False,False,False,False,False,True,False,False,False,20250214_4FLfun1,False,False,False
921,False,True,False,False,False,False,True,False,False,False,20250214_4FLfun1,True,True,False
922,False,False,False,False,True,True,False,True,False,False,20250214_4FLfun1,False,True,True
923,False,False,False,False,False,False,False,False,False,False,20250214_4FLfun1,False,False,False
924,False,False,False,False,False,False,False,False,False,False,20250214_4FLfun1,False,False,False
925,True,True,False,False,False,False,False,False,False,False,20250214_4FLfun1,True,True,False
926,False,False,False,False,False,False,False,False,False,False,20250214_4FLfun1,False,False,False
927,False,False,False,True,False,False,False,False,False,False,20250214_4FLfun1,True,False,True
928,False,False,False,False,False,False,True,False,False,False,20250214_4FLfun1,False,False,False
929,False,False,False,False,False,False,False,False,False,False,20250214_4FLfun1,False,False,False
930,False,False,False,False,False,False,False,False,False,False,20250214_4FLfun1,False,False,False
931,False,False,False,False,False,False,False,False,False,False,20250214_4FLfun1,False,False,False
932,True,False,False,False,False,False,False,False,False,False,20250214_4FLfun1,False,False,False
933,False,False,False,False,False,False,False,False,False,False,20250214_4FLfun1,False,False,False
934,False,False,False,False,False,False,True,False,False,False,20250214_4FLfun1,False,False,False
935,False,False,False,False,False,False,False,True,True,False,20250214_4FLfun1,False,False,False
936,False,False,False,False,False,False,False,False,False,False,20250214_4FLfun1,False,False,False
937,False,False,False,False,False,False,False,False,False,False,20250214_4FLfun1,False,False,False
938,False,False,False,False,False,False,False,False,False,False,20250214_4FLfun1,False,False,False
939,False,False,False,False,False,False,False,False,False,False,20250214_4FLfun1,False,False,False
940,False,False,False,False,False,False,False,False,False,False,20250214_4FLfun1,False,False,False
941,False,False,False,False,False,False,False,False,False,False,20250214_4FLfun1,False,False,False
942,False,False,False,False,True,True,False,True,False,False,20250214_4FLfun1,False,True,True
943,False,False,False,False,False,False,False,False,False,False,20250214_4FLfun1,False,False,False
944,False,False,False,False,False,False,False,False,False,False,20250214_4FLfun1,False,False,False
945,False,False,False,False,False,False,False,False,False,False,20250214_4FLfun1,False,False,False
946,False,False,False,False,False,True,False,True,False,False,20250214_4FLfun1,False,True,True
947,True,True,False,False,False,False,True,True,False,False,20250214_4FLfun1,True,True,False
948,False,False,False,False,True,True,False,True,False,False,20250214_4FLfun1,False,True,True
949,False,False,False,False,False,False,False,False,False,False,20250214_4FLfun1,False,False,False
950,False,False,False,True,False,False,True,False,False,False,20250214_4FLfun1,True,False,True
951,False,False,False,False,False,False,False,False,False,False,20250214_4FLfun1,False,False,False
952,False,True,False,False,False,False,True,True,False,False,20250214_4FLfun1,True,True,False
953,False,False,False,False,False,False,True,False,False,False,20250214_4FLfun1,False,False,False
954,False,False,False,True,False,False,True,False,False,False,20250214_4FLfun1,True,False,True
955,True,True,False,False,False,False,True,False,False,False,20250214_4FLfun1,True,True,False
956,False,False,False,False,False,False,False,False,False,False,20250214_4FLfun1,False,False,False
957,False,False,False,False,False,False,False,False,False,False,20250214_4FLfun1,False,False,False
958,False,False,False,True,True,True,True,True,False,False,20250214_4FLfun1,True,True,True
959,False,False,False,True,False,False,True,False,False,False,20250214_4FLfun1,True,False,True
960,False,False,False,False,False,False,False,False,False,False,20250214_4FLfun1,False,False,False
961,False,False,False,True,False,False,False,False,False,False,20250214_4FLfun1,True,False,True
962,False,False,False,False,False,False,False,False,False,False,20250214_4FLfun1,False,False,False
963,False,False,False,False,False,False,False,False,False,False,20250214_4FLfun1,False,False,False
964,False,False,False,False,False,False,True,True,False,False,20250214_4FLfun1,False,False,False
965,False,False,False,False,False,False,True,False,False,False,20250214_4FLfun1,False,False,False
966,False,False,False,False,True,True,False,False,True,False,20250214_4FLfun1,False,True,True
967,False,False,False,False,False,False,False,False,False,False,20250214_4FLfun1,False,False,False
968,False,False,False,False,False,False,False,False,False,False,20250214_4FLfun1,False,False,False
969,False,True,False,False,False,False,False,False,False,False,20250214_4FLfun1,True,True,False
970,False,True,False,False,False,False,True,False,False,False,20250214_4FLfun1,True,True,False
971,False,False,False,False,True,True,False,True,False,False,20250214_4FLfun1,False,True,True
972,False,False,False,False,False,False,False,False,False,False,20250214_4FLfun1,False,False,False
973,False,False,False,True,False,False,True,False,False,False,20250214_4FLfun1,True,False,True
974,False,False,False,False,False,True,False,True,False,False,20250214_4FLfun1,False,True,True
975,True,True,False,False,False,False,True,True,False,False,20250214_4FLfun1,True,True,False
976,False,False,False,True,False,False,True,False,False,False,20250214_4FLfun1,True,False,True
977,True,True,False,False,False,False,True,True,False,False,20250214_4FLfun1,True,True,False
978,True,True,False,False,False,False,True,True,False,False,20250214_4FLfun1,True,True,False
979,True,True,False,False,False,False,True,True,False,False,20250214_4FLfun1,True,True,False
980,False,True,False,False,False,False,True,True,False,False,20250214_4FLfun1,True,True,False
981,False,False,False,False,False,False,False,False,False,True,20250214_4FLfun1,False,False,False
982,True,False,True,True,True,False,False,False,False,True,20250214_4FLfun1,True,False,True
983,True,True,False,False,False,False,True,True,False,False,20250214_4FLfun1,True,True,False
984,False,False,True,True,False,False,False,False,False,False,20250214_4FLfun1,True,False,True
985,True,False,False,False,False,True,False,False,False,False,20250214_4FLfun1,False,True,True
986,False,False,False,False,False,False,False,False,False,False,20250214_4FLfun1,False,False,False
987,False,False,False,False,False,False,False,False,False,False,20250214_4FLfun1,False,False,False
988,False,False,False,False,False,False,False,False,False,False,20250214_4FLfun1,False,False,False
989,False,True,False,False,False,False,False,False,False,False,20250214_4FLfun1,True,True,False
990,False,False,False,False,False,False,False,False,False,False,20250214_4FLfun1,False,False,False
991,False,False,False,True,False,False,True,False,False,False,20250214_4FLfun1,True,False,True
992,False,False,False,False,False,False,False,False,False,False,20250214_4FLfun1,False,False,False
993,False,False,False,False,False,False,False,False,False,False,20250214_4FLfun1,False,False,False
994,False,False,False,False,False,False,False,False,False,False,20250214_4FLfun1,False,False,False
995,False,False,False,False,True,True,False,False,False,False,20250214_4FLfun1,False,True,True
996,False,False,False,False,False,False,False,False,False,False,20250214_4FLfun1,False,False,False
997,False,False,False,False,False,False,False,False,False,False,20250214_4FLfun1,False,False,False
998,False,False,False,False,False,False,False,False,False,False,20250214_4FLfun1,False,False,False
999,False,False,False,False,False,False,False,False,False,False,20250214_4FLfun1,False,False,False
1000,False,False,False,False,False,False,False,False,False,False,20250214_4FLfun1,False,False,False
1001,True,False,False,False,False,False,True,False,False,False,20250214_4FLfun1,False,False,False
1002,False,False,False,False,False,False,False,False,False,False,20250214_4FLfun1,False,False,False
1003,False,False,False,False,False,False,False,False,False,False,20250214_4FLfun1,False,False,False
1004,False,False,False,False,False,False,False,False,False,False,20250214_4FLfun1,False,False,False
1005,False,False,False,False,False,False,False,False,False,False,20250214_4FLfun1,False,False,False
1006,False,False,False,False,False,False,False,False,False,False,20250214_4FLfun1,False,False,False
1007,False,False,False,False,False,False,False,False,False,False,20250214_4FLfun1,False,False,False
1008,True,True,False,False,False,False,True,True,False,False,20250214_4FLfun1,True,True,False
1009,False,False,False,False,False,False,False,False,False,False,20250214_4FLfun1,False,False,False
1010,False,False,False,False,False,False,False,False,False,False,20250214_4FLfun1,False,False,False
1011,False,False,False,False,False,False,False,False,False,False,20250214_4FLfun1,False,False,False
1012,False,True,False,True,False,False,True,True,False,False,20250214_4FLfun1,True,True,True
1013,False,False,False,False,False,False,False,False,False,False,20250214_4FLfun1,False,False,False
1014,False,False,False,False,False,False,False,False,False,False,20250214_4FLfun1,False,False,False
1015,False,True,False,False,False,False,False,False,False,False,20250214_4FLfun1,True,True,False
1016,False,False,False,False,False,False,False,False,False,False,20250214_4FLfun1,False,False,False
1017,False,False,False,False,False,False,False,False,True,False,20250214_4FLfun1,False,False,False
1018,True,False,False,True,False,True,True,False,False,True,20250214_4FLfun1,True,True,True
1019,False,False,False,False,False,False,False,False,False,False,20250214_4FLfun1,False,False,False
1020,True,True,False,False,False,False,True,True,False,False,20250214_4FLfun1,True,True,False
1021,False,False,False,False,False,False,False,True,False,True,20250214_4FLfun1,False,False,False
1022,False,False,False,False,True,True,False,True,True,False,20250214_4FLfun1,False,True,True
1023,False,False,False,False,False,False,False,False,False,False,20250214_4FLfun1,False,False,False
1024,False,False,False,False,False,False,False,False,False,False,20250214_4FLfun1,False,False,False
1025,False,False,False,False,False,False,False,False,False,False,20250214_4FLfun1,False,False,False
1026,True,True,False,False,False,False,True,True,False,False,20250214_4FLfun1,True,True,False
1027,False,False,False,False,True,True,False,True,False,False,20250214_4FLfun1,False,True,True
1028,False,False,False,False,False,False,False,False,False,False,20250214_4FLfun1,False,False,False
1029,False,False,False,False,True,True,False,True,False,False,20250214_4FLfun1,False,True,True
1030,False,False,False,True,True,True,True,True,True,False,20250214_4FLfun1,True,True,True
1031,False,False,False,False,False,False,False,False,False,False,20250214_4FLfun1,False,False,False
1032,False,True,False,False,False,False,True,True,False,False,20250214_4FLfun1,True,True,False
1033,False,True,False,False,False,False,True,False,False,False,20250214_4FLfun1,True,True,False
1034,False,True,False,False,True,False,True,True,False,False,20250214_4FLfun1,True,True,False
1035,False,False,False,False,False,False,False,True,False,False,20250214_4FLfun1,False,False,False
1036,False,False,False,False,False,False,False,False,False,False,20250214_4FLfun1,False,False,False
1037,True,True,False,False,False,False,True,True,False,False,20250214_4FLfun1,True,True,False
1038,False,False,False,False,True,False,False,False,False,False,20250214_4FLfun1,False,False,False
1039,True,True,False,False,False,False,True,True,False,False,20250214_4FLfun1,True,True,False
1040,True,False,False,False,False,False,False,False,False,False,20250214_4FLfun1,False,False,False
1041,False,False,False,False,False,False,False,False,False,False,20250214_4FLfun1,False,False,False
1042,False,False,False,False,False,False,False,True,False,False,20250214_4FLfun1,False,False,False
1043,False,False,False,False,False,False,False,False,False,False,20250214_4FLfun1,False,False,False
1044,True,True,False,False,False,False,True,True,False,False,20250214_4FLfun1,True,True,False
1045,False,False,False,False,False,False,False,False,False,False,20250214_4FLfun1,False,False,False
1046,False,False,False,False,True,True,False,True,False,False,20250214_4FLfun1,False,True,True
1047,False,False,False,False,False,False,False,False,False,False,20250214_4FLfun1,False,False,False
1048,False,False,False,False,False,True,False,True,False,False,20250214_4FLfun1,False,True,True
1049,False,False,False,False,False,False,False,False,True,False,20250214_4FLfun1,False,False,False
1050,True,True,False,False,False,False,False,False,False,False,20250214_4FLfun1,True,True,False
1051,False,False,False,False,False,False,False,False,False,False,20250214_4FLfun1,False,False,False
1052,False,False,False,True,False,False,True,False,False,False,20250214_4FLfun1,True,False,True
1053,False,False,False,False,False,False,False,False,False,False,20250214_4FLfun1,False,False,False
1054,False,False,False,False,False,False,False,False,False,False,20250214_4FLfun1,False,False,False
1055,True,False,False,False,False,False,False,False,False,False,20250214_4FLfun1,False,False,False
1056,False,False,False,False,False,False,False,False,False,False,20250214_4FLfun1,False,False,False
1057,False,False,False,False,False,False,False,False,False,False,20250214_4FLfun1,False,False,False
1058,False,False,False,False,False,False,False,False,False,False,20250214_4FLfun1,False,False,False
1059,False,False,False,False,False,False,False,False,False,False,20250214_4FLfun1,False,False,False
1060,False,False,False,False,False,False,False,False,False,False,20250214_4FLfun1,False,False,False
1061,False,False,False,False,False,False,False,False,False,False,20250214_4FLfun1,False,False,False
1062,False,False,False,False,False,False,False,False,False,False,20250214_4FLfun1,False,False,False
1063,False,False,False,False,False,False,False,True,False,False,20250214_4FLfun1,False,False,False
1064,False,False,False,False,False,False,False,False,False,False,20250214_4FLfun1,False,False,False
1065,False,False,False,False,False,False,False,False,False,False,20250214_4FLfun1,False,False,False
1066,False,True,False,False,False,False,True,True,False,False,20250214_4FLfun1,True,True,False
1067,False,False,False,False,False,False,False,False,False,False,20250214_4FLfun1,False,False,False
1068,False,False,False,False,False,False,False,False,False,False,20250214_4FLfun1,False,False,False
1069,False,True,False,False,True,True,True,True,False,False,20250214_4FLfun1,True,True,True
1070,True,False,False,False,False,False,False,False,False,False,20250214_4FLfun1,False,False,False
1071,False,False,False,False,False,False,True,False,False,False,20250214_4FLfun1,False,False,False
1072,False,True,False,False,False,False,True,True,False,False,20250214_4FLfun1,True,True,False
1073,False,False,False,True,False,False,True,False,False,False,20250214_4FLfun1,True,False,True
1074,False,False,False,True,False,False,True,True,False,False,20250214_4FLfun1,True,False,True
1075,False,False,False,False,False,False,False,False,False,False,20250214_4FLfun1,False,False,False
1076,False,False,False,False,False,False,False,False,False,False,20250214_4FLfun1,False,False,False
1077,False,False,False,False,False,False,False,False,False,False,20250214_4FLfun1,False,False,False
1078,False,False,False,False,True,True,False,True,True,False,20250214_4FLfun1,False,True,True
1079,False,False,False,False,True,True,False,False,True,False,20250214_4FLfun1,False,True,True
1080,False,False,False,False,False,False,False,False,False,False,20250214_4FLfun1,False,False,False
1081,False,False,False,False,False,False,False,False,False,False,20250214_4FLfun1,False,False,False
1082,False,False,False,False,False,False,False,False,False,False,20250214_4FLfun1,False,False,False
1083,False,False,False,False,False,False,False,False,False,False,20250214_4FLfun1,False,False,False
1084,False,False,False,False,False,False,False,True,False,False,20250214_4FLfun1,False,False,False
1085,False,False,False,False,True,False,False,True,False,False,20250214_4FLfun1,False,False,False
1086,False,False,False,False,False,False,False,False,False,False,20250214_4FLfun1,False,False,False
1087,False,False,False,True,False,False,True,False,False,False,20250214_4FLfun1,True,False,True
1088,False,False,False,False,False,True,False,True,False,False,20250214_4FLfun1,False,True,True
1089,True,True,False,False,False,False,True,True,False,False,20250214_4FLfun1,True,True,False
1090,False,False,False,False,False,False,True,False,False,False,20250214_4FLfun1,False,False,False
1091,False,False,False,False,False,False,True,True,False,False,20250214_4FLfun1,False,False,False
1092,False,True,False,False,False,False,True,False,False,False,20250214_4FLfun1,True,True,False
1093,False,False,False,False,False,False,False,False,False,False,20250214_4FLfun1,False,False,False
1094,True,True,True,False,False,False,False,False,False,True,20250214_4FLfun1,True,True,False
1095,False,False,False,False,False,False,False,False,False,False,20250214_4FLfun1,False,False,False
1096,False,False,False,False,False,False,False,False,False,True,20250214_4FLfun1,False,False,False
1097,False,False,True,True,False,False,True,False,False,True,20250214_4FLfun1,True,False,True
1098,False,False,False,False,False,False,False,False,False,False,20250214_4FLfun1,False,False,False
1099,True,False,True,False,False,False,False,False,False,False,20250214_4FLfun1,False,False,False
1100,True,False,False,False,False,False,False,False,False,False,20250214_4FLfun1,False,False,False
1101,False,False,False,True,False,False,False,True,False,False,20250214_4FLfun1,True,False,True
1102,False,False,False,False,False,False,False,False,False,False,20250214_4FLfun1,False,False,False
1103,False,False,False,False,False,False,False,False,False,False,20250214_4FLfun1,False,False,False
1104,False,False,False,False,False,False,False,False,False,False,20250214_4FLfun1,False,False,False
1105,False,True,False,False,False,False,False,True,False,False,20250214_4FLfun1,True,True,False
1106,False,False,False,False,False,False,False,False,False,False,20250214_4FLfun1,False,False,False
1107,False,False,False,True,False,False,True,False,False,False,20250214_4FLfun1,True,False,True
1108,False,False,False,False,False,False,True,False,False,False,20250214_4FLfun1,False,False,False
1109,False,False,False,False,False,False,False,False,False,False,20250214_4FLfun1,False,False,False
1110,False,False,False,False,False,False,False,False,False,False,20250214_4FLfun1,False,False,False
1111,False,False,False,False,False,False,False,False,False,False,20250214_4FLfun1,False,False,False
1112,False,False,False,False,False,False,False,False,False,False,20250214_4FLfun1,False,False,False
1113,False,False,False,False,True,True,False,False,False,False,20250214_4FLfun1,False,True,True
1114,False,False,False,False,False,False,False,False,False,False,20250214_4FLfun1,False,False,False
1115,False,False,False,False,False,False,False,False,False,False,20250214_4FLfun1,False,False,False
1116,False,False,False,False,False,False,False,False,False,False,20250214_4FLfun1,False,False,False
1117,True,False,False,False,False,False,False,False,False,False,20250214_4FLfun1,False,False,False
1118,False,False,False,False,False,False,False,False,False,False,20250214_4FLfun1,False,False,False
1119,False,False,False,False,False,False,False,False,False,False,20250214_4FLfun1,False,False,False
1120,False,False,False,False,False,False,False,False,False,False,20250214_4FLfun1,False,False,False
1121,False,False,False,False,False,False,False,False,False,False,20250214_4FLfun1,False,False,False
1122,False,False,False,False,False,False,False,False,False,False,20250214_4FLfun1,False,False,False
1123,True,True,False,False,False,False,True,False,False,False,20250214_4FLfun1,True,True,False
1124,False,False,False,True,True,True,False,True,False,False,20250214_4FLfun1,True,True,True
1125,False,True,False,False,False,False,False,True,False,False,20250214_4FLfun1,True,True,False
1126,False,False,False,False,False,False,False,False,False,False,20250214_4FLfun1,False,False,False
1127,False,True,False,False,False,False,False,False,False,False,20250214_4FLfun1,True,True,False
1128,False,False,False,False,False,False,False,False,False,False,20250214_4FLfun1,False,False,False
1129,False,False,False,False,False,False,False,False,False,False,20250214_4FLfun1,False,False,False
1130,False,False,False,False,True,True,False,True,True,False,20250214_4FLfun1,False,True,True
1131,False,False,False,False,False,True,False,False,False,False,20250214_4FLfun1,False,True,True
1132,False,False,False,False,False,False,False,False,False,False,20250214_4FLfun1,False,False,False
1133,False,True,False,False,False,False,True,True,False,False,20250214_4FLfun1,True,True,False
1134,False,False,False,False,False,False,False,False,False,False,20250214_4FLfun1,False,False,False
1135,False,False,False,False,False,False,False,False,False,False,20250214_4FLfun1,False,False,False
1136,False,False,False,False,False,False,False,False,False,False,20250214_4FLfun1,False,False,False
1137,False,False,False,False,False,False,False,False,False,False,20250214_4FLfun1,False,False,False
1138,False,False,False,False,False,False,False,False,False,False,20250214_4FLfun1,False,False,False
1139,False,False,False,False,False,False,False,True,False,False,20250214_4FLfun1,False,False,False
1140,False,False,False,False,False,False,False,False,False,False,20250214_4FLfun1,False,False,False
1141,False,False,False,False,False,False,False,True,False,False,20250214_4FLfun1,False,False,False
1142,True,False,True,False,True,True,False,False,False,False,20250214_4FLfun1,False,True,True
1143,False,False,False,False,False,False,False,False,False,False,20250214_4FLfun1,False,False,False
1144,False,True,False,False,False,False,True,True,False,False,20250214_4FLfun1,True,True,False
1145,False,True,False,False,False,False,False,True,False,False,20250214_4FLfun1,True,True,False
1146,True,False,False,False,False,False,False,True,False,False,20250214_4FLfun1,False,False,False
1147,False,False,False,False,True,True,False,True,True,False,20250214_4FLfun1,False,True,True
1148,False,False,False,False,False,False,False,True,False,False,20250214_4FLfun1,False,False,False
1149,True,True,False,False,False,False,True,True,False,False,20250214_4FLfun1,True,True,False
1150,False,False,False,True,False,True,False,True,True,False,20250214_4FLfun1,True,True,True
1151,False,False,False,False,False,False,False,False,False,True,20250214_4FLfun1,False,False,False
1152,False,False,False,False,True,True,False,True,False,False,20250214_4FLfun1,False,True,True
1153,False,False,False,False,False,False,False,False,False,False,20250214_4FLfun1,False,False,False
1154,False,False,False,False,False,False,False,False,False,False,20250214_4FLfun1,False,False,False
1155,False,True,False,False,False,False,True,False,False,False,20250214_4FLfun1,True,True,False
1156,False,False,False,False,True,True,False,True,False,False,20250214_4FLfun1,False,True,True
1157,False,False,False,False,False,False,False,False,False,False,20250214_4FLfun1,False,False,False
1158,False,True,False,False,False,False,True,True,False,True,20250214_4FLfun1,True,True,False
1159,True,True,False,False,False,False,True,True,False,False,20250214_4FLfun1,True,True,False
1160,False,False,False,False,False,False,False,False,True,False,20250214_4FLfun1,False,False,False
1161,False,False,False,False,True,False,False,False,False,False,20250214_4FLfun1,False,False,False
1162,False,False,False,False,False,False,False,False,False,False,20250214_4FLfun1,False,False,False
1163,True,True,False,False,False,False,True,True,False,False,20250214_4FLfun1,True,True,False
1164,False,False,False,False,False,False,False,False,False,False,20250214_4FLfun1,False,False,False
1165,False,False,False,False,False,False,False,False,False,False,20250214_4FLfun1,False,False,False
1166,False,True,False,False,True,False,True,True,False,False,20250214_4FLfun1,True,True,False
1167,False,False,False,False,False,False,False,False,False,False,20250214_4FLfun1,False,False,False
1168,False,False,False,False,False,False,True,True,False,False,20250214_4FLfun1,False,False,False
1169,False,False,False,False,False,False,False,False,False,False,20250214_4FLfun1,False,False,False
1170,False,False,False,False,True,True,False,True,False,False,20250214_4FLfun1,False,True,True
1171,False,False,False,False,False,False,False,False,True,False,20250214_4FLfun1,False,False,False
1172,False,False,False,False,False,False,False,False,False,False,20250214_4FLfun1,False,False,False
1173,False,False,False,False,False,False,True,False,False,False,20250214_4FLfun1,False,False,False
1174,True,True,False,False,False,False,False,False,False,False,20250214_4FLfun1,True,True,False
1175,False,False,False,False,False,False,False,False,False,False,20250214_4FLfun1,False,False,False
1176,False,False,False,False,False,False,False,False,False,False,20250214_4FLfun1,False,False,False
1177,True,False,False,False,False,False,False,False,False,False,20250214_4FLfun1,False,False,False
1178,False,False,False,False,False,False,False,False,False,False,20250214_4FLfun1,False,False,False
1179,False,False,False,False,False,False,False,False,False,False,20250214_4FLfun1,False,False,False
1180,False,False,False,False,False,False,False,False,False,False,20250214_4FLfun1,False,False,False
1181,True,False,True,True,True,False,True,False,False,False,20250214_4FLfun1,True,False,True
1182,False,False,False,False,False,False,False,False,False,False,20250214_4FLfun1,False,False,False
1183,False,False,False,False,False,False,False,False,False,False,20250214_4FLfun1,False,False,False
1184,False,False,False,False,False,False,False,True,False,False,20250214_4FLfun1,False,False,False
1185,False,False,False,False,False,False,False,False,False,False,20250214_4FLfun1,False,False,False
1186,False,False,False,False,False,False,False,False,False,False,20250214_4FLfun1,False,False,False
1187,False,False,False,False,False,False,False,False,False,False,20250214_4FLfun1,False,False,False
1188,False,False,False,False,False,False,False,False,False,False,20250214_4FLfun1,False,False,False
1189,False,False,False,False,False,False,False,False,False,False,20250214_4FLfun1,False,False,False
1190,False,False,False,False,False,False,False,False,False,False,20250214_4FLfun1,False,False,False
1191,False,False,False,False,False,False,False,False,False,False,20250214_4FLfun1,False,False,False
1192,False,False,False,False,True,True,False,False,True,False,20250214_4FLfun1,False,True,True
1193,True,False,False,False,False,False,False,False,False,False,20250214_4FLfun1,False,False,False
1194,False,False,False,False,True,True,False,True,False,False,20250214_4FLfun1,False,True,True
1195,False,True,False,False,False,False,True,True,False,False,20250214_4FLfun1,True,True,False
1196,False,False,False,True,False,False,True,True,False,False,20250214_4FLfun1,True,False,True
1197,False,False,False,False,False,False,False,False,False,False,20250214_4FLfun1,False,False,False
1198,False,False,False,False,False,False,False,False,False,False,20250214_4FLfun1,False,False,False
1199,False,False,False,False,False,False,True,True,False,False,20250214_4FLfun1,False,False,False
1200,False,False,False,False,True,True,False,True,True,False,20250214_4FLfun1,False,True,True
1201,False,False,False,False,False,False,False,False,False,False,20250214_4FLfun1,False,False,False
1202,False,False,False,False,False,False,False,False,True,False,20250214_4FLfun1,False,False,False
1203,False,False,False,False,True,True,False,False,False,False,20250214_4FLfun1,False,True,True
1204,False,False,False,False,False,False,False,False,False,False,20250214_4FLfun1,False,False,False
1205,False,False,False,False,False,False,False,False,False,False,20250214_4FLfun1,False,False,False
1206,False,False,False,False,False,False,False,False,False,False,20250214_4FLfun1,False,False,False
1207,False,False,False,False,False,False,False,False,False,False,20250214_4FLfun1,False,False,False
1208,False,False,False,False,False,False,False,False,False,False,20250214_4FLfun1,False,False,False
1209,False,False,False,False,False,False,False,False,False,False,20250214_4FLfun1,False,False,False
1210,False,True,False,False,False,False,False,False,False,False,20250214_4FLfun1,True,True,False
1211,False,False,False,True,False,False,True,False,False,False,20250214_4FLfun1,True,False,True
1212,True,True,False,False,False,False,True,True,False,False,20250214_4FLfun1,True,True,False
1213,False,False,False,False,False,False,False,True,False,False,20250214_4FLfun1,False,False,False
1214,True,True,False,False,False,False,True,True,False,False,20250214_4FLfun1,True,True,False
1215,False,False,False,False,False,False,False,False,False,False,20250214_4FLfun1,False,False,False
1216,False,False,False,False,False,False,True,False,False,False,20250214_4FLfun1,False,False,False
1217,True,True,False,True,True,True,True,True,False,False,20250214_4FLfun1,True,True,True
1218,False,False,False,False,False,False,False,False,False,False,20250214_4FLfun1,False,False,False
1219,False,False,False,False,False,False,False,False,False,False,20250214_4FLfun1,False,False,False
1220,True,False,True,False,True,False,False,False,False,True,20250214_4FLfun1,False,False,False
1221,False,False,False,False,False,False,False,False,False,False,20250214_4FLfun1,False,False,False
1222,False,False,False,False,False,False,False,True,False,False,20250214_4FLfun1,False,False,False
1223,False,False,True,True,False,False,False,False,False,False,20250214_4FLfun1,True,False,True
1224,False,False,False,False,False,False,False,False,False,False,20250214_4FLfun1,False,False,False
1225,True,True,True,False,False,False,False,False,False,True,20250214_4FLfun1,True,True,False
1226,True,False,True,False,False,False,False,False,False,False,20250214_4FLfun1,False,False,False
1227,False,False,False,False,False,False,False,False,False,False,20250214_4FLfun1,False,False,False
1228,False,False,False,False,False,False,False,False,False,False,20250214_4FLfun1,False,False,False
1229,False,False,False,False,False,False,False,False,False,False,20250214_4FLfun1,False,False,False
1230,False,False,False,False,False,False,False,False,False,False,20250214_4FLfun1,False,False,False
1231,False,False,False,False,False,False,False,False,False,False,20250214_4FLfun1,False,False,False
1232,False,True,False,False,False,False,False,True,False,False,20250214_4FLfun1,True,True,False
1233,False,False,False,False,False,False,False,False,False,False,20250214_4FLfun1,False,False,False
1234,False,False,False,False,False,False,False,False,False,False,20250214_4FLfun1,False,False,False
1235,False,False,False,False,False,False,False,False,False,False,20250214_4FLfun1,False,False,False
1236,False,False,False,False,True,True,False,False,False,False,20250214_4FLfun1,False,True,True
1237,False,False,False,False,False,False,False,False,False,False,20250214_4FLfun1,False,False,False
1238,False,False,False,False,False,False,False,False,False,False,20250214_4FLfun1,False,False,False
1239,True,False,False,False,False,False,False,False,False,False,20250214_4FLfun1,False,False,False
1240,False,False,False,False,False,False,False,False,False,False,20250214_4FLfun1,False,False,False
1241,False,False,False,False,False,False,False,False,False,False,20250214_4FLfun1,False,False,False
1242,False,False,False,False,False,False,False,False,False,False,20250214_4FLfun1,False,False,False
1243,False,False,False,True,False,False,False,False,False,False,20250214_4FLfun1,True,False,True
1244,False,False,False,False,False,False,False,False,False,False,20250214_4FLfun1,False,False,False
1245,True,True,False,False,False,False,True,False,False,False,20250214_4FLfun1,True,True,False
1246,False,False,False,False,False,False,False,False,False,False,20250214_4FLfun1,False,False,False
1247,False,True,False,True,True,True,False,True,False,False,20250214_4FLfun1,True,True,True
1248,True,True,False,False,False,False,True,True,False,False,20250214_4FLfun1,True,True,False
1249,False,True,False,False,False,False,False,True,False,False,20250214_4FLfun1,True,True,False
1250,False,False,False,False,False,False,False,False,False,False,20250214_4FLfun1,False,False,False
1251,False,False,False,False,False,False,False,False,False,False,20250214_4FLfun1,False,False,False
1252,False,False,False,False,False,False,False,False,False,False,20250214_4FLfun1,False,False,False
1253,False,True,False,False,False,False,True,False,False,False,20250214_4FLfun1,True,True,False
1254,False,False,False,False,True,True,False,True,True,False,20250214_4FLfun1,False,True,True
1255,False,False,False,False,False,True,False,False,False,False,20250214_4FLfun1,False,True,True
1256,False,False,False,False,False,False,False,False,False,False,20250214_4FLfun1,False,False,False
1257,False,False,False,False,False,False,False,False,False,False,20250214_4FLfun1,False,False,False
1258,False,False,False,False,False,False,False,True,False,False,20250214_4FLfun1,False,False,False
1259,False,False,False,False,False,False,False,False,False,False,20250214_4FLfun1,False,False,False
1260,False,False,False,False,False,False,False,False,False,False,20250214_4FLfun1,False,False,False
1261,False,False,False,False,False,False,False,False,False,False,20250214_4FLfun1,False,False,False
1262,False,False,False,False,False,False,False,False,False,False,20250214_4FLfun1,False,False,False
1263,False,False,False,False,False,False,False,False,False,True,20250214_4FLfun1,False,False,False
1264,True,False,True,False,False,False,False,False,False,False,20250214_4FLfun1,False,False,False
1265,False,True,False,False,False,False,True,True,False,False,20250214_4FLfun1,True,True,False
1266,False,False,False,False,False,False,False,False,False,False,20250214_4FLfun1,False,False,False
1267,False,False,False,False,False,False,False,False,False,False,20250214_4FLfun1,False,False,False
1268,False,False,False,False,False,False,False,False,False,False,20250214_4FLfun1,False,False,False
1269,False,False,False,False,False,False,False,True,False,False,20250214_4FLfun1,False,False,False
1270,False,False,False,False,False,False,False,False,False,False,20250214_4FLfun1,False,False,False
1271,False,False,False,True,True,False,False,False,False,True,20250214_4FLfun1,True,False,True
1272,False,False,False,False,False,False,False,False,False,False,20250214_4FLfun1,False,False,False
1273,True,False,False,False,False,False,True,False,False,False,20250214_4FLfun1,False,False,False
1274,False,False,False,True,False,False,False,True,True,False,20250214_4FLfun1,True,False,True
1275,False,False,False,False,True,True,False,True,True,False,20250214_4FLfun1,False,True,True
1276,False,True,False,False,False,False,False,False,False,False,20250214_4FLfun1,True,True,False
1277,False,False,False,False,False,False,False,False,False,True,20250214_4FLfun1,False,False,False
1278,False,False,False,False,False,False,False,False,False,False,20250214_4FLfun1,False,False,False
1279,False,False,False,False,False,False,False,False,False,False,20250214_4FLfun1,False,False,False
1280,True,True,False,False,False,False,True,False,False,False,20250214_4FLfun1,True,True,False
1281,False,True,False,False,False,False,True,False,False,False,20250214_4FLfun1,True,True,False
1282,True,True,True,False,True,True,False,True,False,True,20250214_4FLfun1,True,True,True
1283,False,True,False,False,False,False,False,False,False,True,20250214_4FLfun1,True,True,False
1284,False,False,False,False,False,False,False,False,False,False,20250214_4FLfun1,False,False,False
1285,False,False,False,False,False,False,True,True,False,False,20250214_4FLfun1,False,False,False
1286,False,False,False,False,False,False,False,False,False,False,20250214_4FLfun1,False,False,False
1287,False,False,False,False,False,False,False,False,False,False,20250214_4FLfun1,False,False,False
1288,False,False,False,False,False,False,False,False,False,False,20250214_4FLfun1,False,False,False
1289,True,True,False,False,False,False,True,True,False,False,20250214_4FLfun1,True,True,False
1290,False,True,False,False,True,False,True,True,False,False,20250214_4FLfun1,True,True,False
1291,False,False,False,False,False,False,False,False,False,False,20250214_4FLfun1,False,False,False
1292,False,False,False,False,False,False,False,False,False,False,20250214_4FLfun1,False,False,False
1293,False,False,False,False,False,False,False,False,False,False,20250214_4FLfun1,False,False,False
1294,False,False,False,False,False,False,False,False,False,False,20250214_4FLfun1,False,False,False
1295,False,False,False,False,False,False,False,False,False,False,20250214_4FLfun1,False,False,False
1296,False,False,False,False,False,False,False,False,False,False,20250214_4FLfun1,False,False,False
1297,False,False,False,False,False,False,False,False,False,False,20250214_4FLfun1,False,False,False
1298,False,False,False,True,True,True,False,True,False,False,20250214_4FLfun1,True,True,True
1299,False,False,False,False,False,False,False,False,False,False,20250214_4FLfun1,False,False,False
1300,True,False,True,True,False,False,True,False,False,False,20250214_4FLfun1,True,False,True
1301,False,False,False,False,False,False,False,False,False,False,20250214_4FLfun1,False,False,False
1302,False,False,False,False,False,False,False,False,False,False,20250214_4FLfun1,False,False,False
1303,False,False,False,False,False,False,False,False,False,False,20250214_4FLfun1,False,False,False
1304,False,False,False,False,False,False,False,True,False,False,20250214_4FLfun1,False,False,False
1305,False,False,False,False,False,False,False,False,False,False,20250214_4FLfun1,False,False,False
1306,False,False,False,False,False,False,False,False,False,False,20250214_4FLfun1,False,False,False
1307,False,False,False,False,False,False,False,True,False,False,20250214_4FLfun1,False,False,False
1308,False,False,False,False,False,False,False,False,False,False,20250214_4FLfun1,False,False,False
1309,False,False,False,False,True,True,False,True,True,False,20250214_4FLfun1,False,True,True
1310,False,True,False,False,False,False,True,False,False,False,20250214_4FLfun1,True,True,False
1311,False,False,False,False,False,False,False,False,False,False,20250214_4FLfun1,False,False,False
1312,False,False,False,False,False,False,False,False,False,False,20250214_4FLfun1,False,False,False
1313,False,False,False,False,True,True,False,True,False,False,20250214_4FLfun1,False,True,True
1314,True,False,False,False,False,False,False,False,False,False,20250214_4FLfun1,False,False,False
1315,False,False,False,False,True,True,False,False,False,False,20250214_4FLfun1,False,True,True
1316,False,False,False,False,True,True,False,True,False,False,20250214_4FLfun1,False,True,True
1317,False,True,False,False,False,False,True,True,False,False,20250214_4FLfun1,True,True,False
1318,False,False,False,False,False,False,False,False,False,False,20250214_4FLfun1,False,False,False
1319,False,False,False,False,False,False,False,True,True,False,20250214_4FLfun1,False,False,False
1320,False,False,False,True,False,False,True,False,False,False,20250214_4FLfun1,True,False,True
1321,False,False,False,False,False,False,False,False,False,False,20250214_4FLfun1,False,False,False
1322,False,False,False,False,False,False,False,False,False,False,20250214_4FLfun1,False,False,False
1323,False,False,False,False,False,False,False,False,False,False,20250214_4FLfun1,False,False,False
1324,False,False,False,False,True,True,False,True,True,False,20250214_4FLfun1,False,True,True
1325,False,False,False,False,False,False,True,True,False,False,20250214_4FLfun1,False,False,False
1326,False,False,False,False,False,False,False,False,False,True,20250214_4FLfun1,False,False,False
1327,False,False,False,False,False,False,False,False,False,False,20250214_4FLfun1,False,False,False
1328,False,False,False,False,False,False,False,False,False,False,20250214_4FLfun1,False,False,False
1329,False,False,False,False,False,False,False,False,False,False,20250214_4FLfun1,False,False,False
1330,False,False,False,False,False,False,False,False,False,False,20250214_4FLfun1,False,False,False
1331,False,False,False,False,False,False,False,False,False,False,20250214_4FLfun1,False,False,False
1332,False,False,False,False,False,False,False,False,False,False,20250214_4FLfun1,False,False,False
1333,True,True,False,False,False,False,False,False,False,False,20250214_4FLfun1,True,True,False
1334,False,False,False,False,False,False,True,False,False,False,20250214_4FLfun1,False,False,False
1335,False,False,False,False,False,False,False,False,False,False,20250214_4FLfun1,False,False,False
1336,True,True,False,False,False,False,True,True,False,False,20250214_4FLfun1,True,True,False
1337,False,False,False,False,False,False,False,False,False,False,20250214_4FLfun1,False,False,False
1338,True,True,False,False,False,False,True,True,False,False,20250214_4FLfun1,True,True,False
1339,False,True,False,False,False,False,True,True,False,False,20250214_4FLfun1,True,True,False
1340,False,False,False,False,False,False,True,False,False,False,20250214_4FLfun1,False,False,False
1341,False,False,False,False,False,False,False,False,False,False,20250214_4FLfun1,False,False,False
1342,False,False,False,False,False,False,False,False,False,False,20250214_4FLfun1,False,False,False
1343,False,False,False,False,False,False,False,False,False,False,20250214_4FLfun1,False,False,False
1344,False,False,False,False,False,False,False,False,False,False,20250214_4FLfun1,False,False,False
1345,False,False,False,False,False,False,False,False,False,False,20250214_4FLfun1,False,False,False
1346,False,False,False,False,False,False,False,False,False,False,20250214_4FLfun1,False,False,False
1347,False,False,False,False,True,False,False,True,False,False,20250214_4FLfun1,False,False,False
1348,False,False,False,False,False,False,False,False,False,False,20250214_4FLfun1,False,False,False
1349,True,False,True,False,False,True,False,False,False,False,20250214_4FLfun1,False,True,True
1350,True,False,False,False,False,False,False,False,False,False,20250214_4FLfun1,False,False,False
1351,True,True,True,False,False,False,False,False,False,True,20250214_4FLfun1,True,True,False
1352,False,False,False,False,False,False,False,False,False,False,20250214_4FLfun1,False,False,False
1353,False,False,False,False,False,False,False,False,False,False,20250214_4FLfun1,False,False,False
1354,False,False,False,False,False,False,False,False,False,False,20250214_4FLfun1,False,False,False
1355,False,False,False,False,False,False,False,False,False,False,20250214_4FLfun1,False,False,False
1356,False,False,False,False,True,True,False,True,True,False,20250214_4FLfun1,False,True,True
1357,False,False,False,False,False,False,False,False,False,False,20250214_4FLfun1,False,False,False
1358,False,False,False,False,False,False,False,False,False,False,20250214_4FLfun1,False,False,False
1359,False,False,False,False,True,True,False,False,False,False,20250214_4FLfun1,False,True,True
1360,False,False,False,False,False,False,False,False,False,False,20250214_4FLfun1,False,False,False
1361,False,False,False,False,True,True,False,False,False,False,20250214_4FLfun1,False,True,True
1362,False,False,False,False,False,False,False,False,False,False,20250214_4FLfun1,False,False,False
1363,False,False,False,False,False,False,False,False,False,False,20250214_4FLfun1,False,False,False
1364,False,False,False,False,False,False,False,False,False,False,20250214_4FLfun1,False,False,False
1365,False,False,False,False,False,False,False,False,False,False,20250214_4FLfun1,False,False,False
1366,False,False,False,False,False,False,False,False,False,False,20250214_4FLfun1,False,False,False
1367,False,False,False,False,False,False,False,False,False,False,20250214_4FLfun1,False,False,False
1368,False,False,False,False,False,False,False,False,False,False,20250214_4FLfun1,False,False,False
1369,False,False,False,False,False,False,False,False,False,False,20250214_4FLfun1,False,False,False
1370,True,True,False,False,False,False,True,True,False,False,20250214_4FLfun1,True,True,False
1371,False,False,False,True,True,True,False,True,False,False,20250214_4FLfun1,True,True,True
1372,False,False,False,False,False,False,False,False,False,False,20250214_4FLfun1,False,False,False
1373,True,True,False,False,False,False,True,True,False,False,20250214_4FLfun1,True,True,False
1374,True,True,False,False,False,False,True,True,False,False,20250214_4FLfun1,True,True,False
1375,False,False,False,False,False,False,False,False,False,False,20250214_4FLfun1,False,False,False
1376,False,False,False,False,False,False,False,False,False,False,20250214_4FLfun1,False,False,False
1377,False,True,False,False,False,False,True,False,False,False,20250214_4FLfun1,True,True,False
1378,False,False,False,False,False,False,False,False,False,False,20250214_4FLfun1,False,False,False
1379,False,False,False,False,True,True,False,True,False,False,20250214_4FLfun1,False,True,True
1380,False,False,False,False,True,True,False,True,True,False,20250214_4FLfun1,False,True,True
1381,False,False,False,False,False,True,False,False,False,False,20250214_4FLfun1,False,True,True
1382,False,True,False,False,False,False,True,True,False,False,20250214_4FLfun1,True,True,False
1383,False,False,False,False,False,False,False,False,False,False,20250214_4FLfun1,False,False,False
1384,False,True,False,False,False,False,True,True,False,False,20250214_4FLfun1,True,True,False
1385,False,False,False,False,False,False,True,True,True,False,20250214_4FLfun1,False,False,False
1386,False,False,False,False,False,False,False,True,False,False,20250214_4FLfun1,False,False,False
1387,False,False,False,False,False,False,False,False,False,False,20250214_4FLfun1,False,False,False
1388,False,False,False,False,False,False,False,False,False,False,20250214_4FLfun1,False,False,False
1389,False,False,False,False,False,False,True,False,False,False,20250214_4FLfun1,False,False,False
1390,False,False,False,False,False,False,True,False,False,False,20250214_4FLfun1,False,False,False
1391,False,False,False,False,False,True,False,False,True,False,20250214_4FLfun1,False,True,True
1392,False,False,False,False,False,False,False,False,False,False,20250214_4FLfun1,False,False,False
1393,True,False,False,False,False,False,False,False,False,False,20250214_4FLfun1,False,False,False
1394,False,False,False,False,False,False,False,False,False,False,20250214_4FLfun1,False,False,False
1395,False,True,False,False,True,True,True,True,False,False,20250214_4FLfun1,True,True,True
1396,False,False,False,False,False,False,False,False,False,False,20250214_4FLfun1,False,False,False
1397,False,False,False,False,False,False,False,False,False,False,20250214_4FLfun1,False,False,False
1398,False,False,False,False,False,False,False,False,False,False,20250214_4FLfun1,False,False,False
1399,True,True,False,False,False,False,True,True,False,False,20250214_4FLfun1,True,True,False
1400,False,False,False,False,False,False,False,False,False,True,20250214_4FLfun1,False,False,False
1401,False,False,False,False,True,True,False,True,True,False,20250214_4FLfun1,False,True,True
1402,False,True,False,False,False,True,False,True,True,False,20250214_4FLfun1,True,True,True
1403,False,True,False,False,False,False,False,False,False,False,20250214_4FLfun1,True,True,False
1404,False,False,False,False,False,False,False,False,False,False,20250214_4FLfun1,False,False,False
1405,False,True,False,True,False,False,True,False,False,True,20250214_4FLfun1,True,True,True
1406,False,False,False,False,False,False,False,False,False,False,20250214_4FLfun1,False,False,False
1407,False,False,False,False,False,False,False,False,False,False,20250214_4FLfun1,False,False,False
1408,True,True,False,False,False,False,True,True,False,False,20250214_4FLfun1,True,True,False
1409,False,False,False,False,False,False,False,False,False,False,20250214_4FLfun1,False,False,False
1410,True,True,True,True,True,True,True,True,False,True,20250214_4FLfun1,True,True,True
1411,False,False,False,False,False,False,False,False,False,True,20250214_4FLfun1,False,False,False
1412,False,False,False,False,False,False,False,False,False,False,20250214_4FLfun1,False,False,False
1413,False,False,False,True,False,False,True,False,False,False,20250214_4FLfun1,True,False,True
1414,False,False,False,False,False,False,True,True,False,False,20250214_4FLfun1,False,False,False
1415,False,True,False,False,True,False,True,True,False,False,20250214_4FLfun1,True,True,False
1416,False,False,False,False,False,False,False,True,False,False,20250214_4FLfun1,False,False,False
1417,False,False,False,False,False,False,False,False,False,False,20250214_4FLfun1,False,False,False
1418,False,False,False,False,False,False,False,False,False,False,20250214_4FLfun1,False,False,False
1419,False,False,False,False,False,False,False,False,False,False,20250214_4FLfun1,False,False,False
1420,False,False,False,False,False,False,False,False,False,False,20250214_4FLfun1,False,False,False
1421,False,False,False,False,False,False,False,False,False,False,20250214_4FLfun1,False,False,False
1422,False,False,False,False,True,False,False,True,False,False,20250214_4FLfun1,False,False,False
1423,False,False,False,False,False,False,False,False,False,False,20250214_4FLfun1,False,False,False
1424,False,False,False,False,False,False,False,False,False,False,20250214_4FLfun1,False,False,False
1425,False,False,False,False,False,False,False,False,False,False,20250214_4FLfun1,False,False,False
1426,False,False,False,False,False,False,False,False,False,False,20250214_4FLfun1,False,False,False
1427,False,False,False,False,True,True,False,True,True,False,20250214_4FLfun1,False,True,True
1428,False,False,False,False,False,False,False,False,False,False,20250214_4FLfun1,False,False,False
1429,False,False,False,False,False,False,False,False,False,False,20250214_4FLfun1,False,False,False
1430,False,False,False,False,False,False,False,False,False,False,20250214_4FLfun1,False,False,False
1431,False,False,False,False,False,False,False,False,False,False,20250214_4FLfun1,False,False,False
1432,False,False,False,False,True,True,False,False,False,False,20250214_4FLfun1,False,True,True
1433,False,False,False,False,True,True,False,True,True,False,20250214_4FLfun1,False,True,True
1434,False,False,False,False,False,False,False,False,False,False,20250214_4FLfun1,False,False,False
1435,False,True,False,False,False,False,True,True,False,False,20250214_4FLfun1,True,True,False
1436,False,False,False,False,False,False,False,False,False,False,20250214_4FLfun1,False,False,False
1437,False,False,False,False,False,False,False,False,False,False,20250214_4FLfun1,False,False,False
1438,False,False,False,False,False,False,False,False,False,False,20250214_4FLfun1,False,False,False
1439,False,False,False,False,False,False,False,False,False,False,20250214_4FLfun1,False,False,False
1440,False,False,False,False,False,False,False,True,False,False,20250214_4FLfun1,False,False,False
1441,False,False,False,False,False,False,True,False,False,True,20250214_4FLfun1,False,False,False
1442,False,False,False,False,False,False,False,False,False,False,20250214_4FLfun1,False,False,False
1443,True,True,False,False,False,False,True,True,False,False,20250214_4FLfun1,True,True,False
1444,True,True,False,False,False,False,True,True,False,False,20250214_4FLfun1,True,True,False
1445,False,False,False,False,False,False,False,False,False,False,20250214_4FLfun1,False,False,False
1446,False,False,False,False,False,False,False,False,False,False,20250214_4FLfun1,False,False,False
1447,False,False,False,True,False,False,False,False,False,True,20250214_4FLfun1,True,False,True
1448,False,False,False,True,False,False,False,False,False,False,20250214_4FLfun1,True,False,True
1449,False,False,False,False,False,False,True,False,False,False,20250214_4FLfun1,False,False,False
1450,True,True,True,True,True,True,False,False,False,True,20250214_4FLfun1,True,True,True
1451,False,False,False,False,False,False,False,False,False,False,20250214_4FLfun1,False,False,False
1452,False,False,False,False,False,False,False,False,False,False,20250214_4FLfun1,False,False,False
1453,False,False,False,False,False,False,False,False,False,False,20250214_4FLfun1,False,False,False
1454,False,False,False,False,False,False,False,False,False,False,20250214_4FLfun1,False,False,False
1455,False,False,False,True,False,False,True,False,False,False,20250214_4FLfun1,True,False,True
1456,False,False,False,False,False,False,False,False,False,False,20250214_4FLfun1,False,False,False
1457,False,False,False,False,False,False,False,False,False,False,20250214_4FLfun1,False,False,False
1458,False,False,False,False,True,True,False,True,False,False,20250214_4FLfun1,False,True,True
1459,False,False,False,False,False,False,False,False,False,False,20250214_4FLfun1,False,False,False
1460,False,False,False,False,False,False,False,False,False,False,20250214_4FLfun1,False,False,False
1461,False,False,False,False,False,False,False,False,False,True,20250214_4FLfun1,False,False,False
1462,False,False,False,False,True,True,False,False,False,False,20250214_4FLfun1,False,True,True
1463,False,False,False,False,True,False,False,False,False,False,20250214_4FLfun1,False,False,False
1464,False,False,False,False,False,False,False,False,False,False,20250214_4FLfun1,False,False,False
1465,False,False,False,False,False,False,False,False,False,False,20250214_4FLfun1,False,False,False
1466,True,True,False,False,False,False,True,False,False,False,20250214_4FLfun1,True,True,False
1467,False,False,False,False,False,False,False,False,False,False,20250214_4FLfun1,False,False,False
1468,False,False,False,False,False,False,False,False,False,False,20250214_4FLfun1,False,False,False
1469,False,False,False,False,False,True,False,True,False,False,20250214_4FLfun1,False,True,True
1470,True,True,False,False,False,False,True,True,False,False,20250214_4FLfun1,True,True,False
1471,False,False,False,False,False,False,False,False,False,False,20250214_4FLfun1,False,False,False
1472,False,False,False,False,False,False,False,True,False,False,20250214_4FLfun1,False,False,False
1473,False,False,False,False,False,False,False,False,False,False,20250214_4FLfun1,False,False,False
1474,False,False,False,False,False,False,False,False,False,False,20250214_4FLfun1,False,False,False
1475,True,True,False,False,False,False,True,True,False,False,20250214_4FLfun1,True,True,False
1476,False,True,False,False,True,True,True,True,False,False,20250214_4FLfun1,True,True,True
1477,False,True,False,False,False,False,True,False,False,False,20250214_4FLfun1,True,True,False
1478,False,False,False,False,False,False,False,False,False,False,20250214_4FLfun1,False,False,False
1479,False,False,False,False,True,True,False,True,False,False,20250214_4FLfun1,False,True,True
1480,False,False,False,False,False,False,False,False,False,False,20250214_4FLfun1,False,False,False
1481,False,False,False,False,False,False,False,True,False,False,20250214_4FLfun1,False,False,False
1482,True,True,False,False,False,False,True,True,False,False,20250214_4FLfun1,True,True,False
1483,False,False,False,False,False,False,False,False,False,False,20250214_4FLfun1,False,False,False
1484,False,False,False,False,False,False,False,False,False,False,20250214_4FLfun1,False,False,False
1485,False,False,False,False,False,False,False,False,False,False,20250214_4FLfun1,False,False,False
1486,False,False,False,False,False,False,False,True,False,False,20250214_4FLfun1,False,False,False
1487,False,False,False,False,False,False,False,False,False,False,20250214_4FLfun1,False,False,False
1488,False,False,False,False,False,False,False,False,False,False,20250214_4FLfun1,False,False,False
1489,False,False,False,True,False,False,True,False,False,False,20250214_4FLfun1,True,False,True
1490,False,False,False,False,False,False,False,False,False,False,20250214_4FLfun1,False,False,False
1491,True,False,False,False,False,False,True,False,False,False,20250214_4FLfun1,False,False,False
1492,False,False,False,False,True,True,False,False,True,False,20250214_4FLfun1,False,True,True
1493,True,True,False,False,False,False,True,False,False,False,20250214_4FLfun1,True,True,False
1494,False,False,False,False,False,False,False,False,False,False,20250214_4FLfun1,False,False,False
1495,False,False,False,False,False,False,False,False,False,True,20250214_4FLfun1,False,False,False
1496,False,False,False,False,True,True,True,True,False,False,20250214_4FLfun1,False,True,True
1497,False,False,False,False,False,False,False,False,False,False,20250214_4FLfun1,False,False,False
1498,False,False,False,False,False,False,False,True,False,False,20250214_4FLfun1,False,False,False
1499,False,False,False,False,False,False,False,False,False,False,20250214_4FLfun1,False,False,False
1500,True,True,False,False,False,False,True,True,False,False,20250214_4FLfun1,True,True,False
1501,False,False,False,False,False,False,False,False,False,True,20250214_4FLfun1,False,False,False
1502,True,True,False,False,False,False,True,False,False,True,20250214_4FLfun1,True,True,False
1503,False,False,False,False,False,False,False,False,False,True,20250214_4FLfun1,False,False,False
1504,False,True,False,False,False,False,False,False,False,False,20250214_4FLfun1,True,True,False
1505,False,False,False,False,False,False,False,False,False,False,20250214_4FLfun1,False,False,False
1506,False,False,False,False,True,True,False,True,False,False,20250214_4FLfun1,False,True,True
1507,False,False,False,False,False,False,False,False,False,False,20250214_4FLfun1,False,False,False
1508,False,False,False,False,False,False,False,False,False,False,20250214_4FLfun1,False,False,False
1509,True,True,True,True,True,True,True,False,False,True,20250214_4FLfun1,True,True,True
1510,False,False,False,True,False,False,True,False,False,False,20250214_4FLfun1,True,False,True
1511,False,False,False,False,False,False,True,True,False,False,20250214_4FLfun1,False,False,False
1512,False,False,False,False,False,False,False,False,False,False,20250214_4FLfun1,False,False,False
1513,False,False,False,False,False,False,True,True,False,False,20250214_4FLfun1,False,False,False
1514,False,True,False,False,False,False,False,True,False,False,20250214_4FLfun1,True,True,False
1515,False,False,False,False,True,True,False,True,False,False,20250214_4FLfun1,False,True,True
1516,False,False,False,False,False,False,False,False,False,False,20250214_4FLfun1,False,False,False
1517,False,False,False,False,False,False,False,False,False,False,20250214_4FLfun1,False,False,False
1518,False,False,False,False,False,False,False,False,False,False,20250214_4FLfun1,False,False,False
1519,False,False,False,False,False,False,False,False,False,False,20250214_4FLfun1,False,False,False
1520,False,False,False,False,False,False,False,False,False,False,20250214_4FLfun1,False,False,False
1521,False,False,False,False,False,False,False,True,False,False,20250214_4FLfun1,False,False,False
1522,False,False,False,False,False,False,False,False,False,False,20250214_4FLfun1,False,False,False
1523,False,False,False,False,False,False,False,False,False,False,20250214_4FLfun1,False,False,False
1524,False,False,False,False,False,False,False,False,False,False,20250214_4FLfun1,False,False,False
1525,False,False,False,False,False,False,False,False,False,False,20250214_4FLfun1,False,False,False
1526,False,True,False,False,False,False,False,False,False,False,20250214_4FLfun1,True,True,False
1527,False,False,False,False,False,False,False,False,False,False,20250214_4FLfun1,False,False,False
1528,False,False,False,False,False,False,False,False,False,False,20250214_4FLfun1,False,False,False
1529,False,False,False,False,False,False,False,False,False,False,20250214_4FLfun1,False,False,False
1530,False,False,False,False,False,False,False,True,False,False,20250214_4FLfun1,False,False,False
1531,False,False,False,False,False,False,False,False,False,False,20250214_4FLfun1,False,False,False
1532,False,False,True,False,False,False,False,False,False,False,20250214_4FLfun1,False,False,False
1533,False,False,False,False,False,False,False,False,False,False,20250214_4FLfun1,False,False,False
1534,True,True,False,False,False,False,True,True,False,False,20250214_4FLfun1,True,True,False
1535,False,False,False,False,False,False,False,False,False,False,20250214_4FLfun1,False,False,False
1536,False,False,False,False,False,False,False,False,False,False,20250214_4FLfun1,False,False,False
1537,False,False,False,True,False,False,False,False,False,False,20250214_4FLfun1,True,False,True
1538,False,True,False,False,False,False,False,True,False,False,20250214_4FLfun1,True,True,False
1539,False,False,False,True,False,False,True,False,False,False,20250214_4FLfun1,True,False,True
1540,False,True,False,False,False,False,True,True,False,False,20250214_4FLfun1,True,True,False
1541,True,False,True,True,False,True,True,False,False,True,20250214_4FLfun1,True,True,True
1542,True,False,True,True,True,True,False,True,False,True,20250214_4FLfun1,True,True,True
1543,False,False,False,False,False,False,False,False,False,False,20250214_4FLfun1,False,False,False
1544,False,False,False,True,False,False,False,False,True,False,20250214_4FLfun1,True,False,True
1545,False,False,False,False,False,False,False,False,False,False,20250214_4FLfun1,False,False,False
1546,False,False,False,False,False,False,False,False,False,False,20250214_4FLfun1,False,False,False
1547,False,False,False,False,False,False,False,False,False,False,20250214_4FLfun1,False,False,False
1548,False,False,False,False,False,False,False,False,True,True,20250214_4FLfun1,False,False,False
1549,False,True,False,False,False,False,False,False,False,False,20250214_4FLfun1,True,True,False
1550,False,False,False,False,False,True,False,False,False,False,20250214_4FLfun1,False,True,True
1551,False,False,False,False,False,False,False,False,False,False,20250214_4FLfun1,False,False,False
